,mean_fit_time,std_fit_time,mean_score_time,std_score_time,param_criterion,param_max_depth,param_min_samples_leaf,param_min_samples_split,param_splitter,params,split0_test_accuracy_score,split1_test_accuracy_score,split2_test_accuracy_score,split3_test_accuracy_score,split4_test_accuracy_score,mean_test_accuracy_score,std_test_accuracy_score,rank_test_accuracy_score,split0_test_precision_0,split1_test_precision_0,split2_test_precision_0,split3_test_precision_0,split4_test_precision_0,mean_test_precision_0,std_test_precision_0,rank_test_precision_0,split0_test_precision_1,split1_test_precision_1,split2_test_precision_1,split3_test_precision_1,split4_test_precision_1,mean_test_precision_1,std_test_precision_1,rank_test_precision_1,split0_test_recall_0,split1_test_recall_0,split2_test_recall_0,split3_test_recall_0,split4_test_recall_0,mean_test_recall_0,std_test_recall_0,rank_test_recall_0,split0_test_recall_1,split1_test_recall_1,split2_test_recall_1,split3_test_recall_1,split4_test_recall_1,mean_test_recall_1,std_test_recall_1,rank_test_recall_1,split0_test_fbeta_score,split1_test_fbeta_score,split2_test_fbeta_score,split3_test_fbeta_score,split4_test_fbeta_score,mean_test_fbeta_score,std_test_fbeta_score,rank_test_fbeta_score,split0_test_balanced_accuracy_score,split1_test_balanced_accuracy_score,split2_test_balanced_accuracy_score,split3_test_balanced_accuracy_score,split4_test_balanced_accuracy_score,mean_test_balanced_accuracy_score,std_test_balanced_accuracy_score,rank_test_balanced_accuracy_score,split0_test_average_precision_score,split1_test_average_precision_score,split2_test_average_precision_score,split3_test_average_precision_score,split4_test_average_precision_score,mean_test_average_precision_score,std_test_average_precision_score,rank_test_average_precision_score,split0_test_roc_auc,split1_test_roc_auc,split2_test_roc_auc,split3_test_roc_auc,split4_test_roc_auc,mean_test_roc_auc,std_test_roc_auc,rank_test_roc_auc
366,0.017691802978515626,0.0032755610799446075,0.04220051765441894,0.0025149489916929794,entropy,4,7,2,best,"{'criterion': 'entropy', 'max_depth': 4, 'min_samples_leaf': 7, 'min_samples_split': 2, 'splitter': 'best'}",0.7262569832402235,0.6834733893557423,0.773109243697479,0.7310924369747899,0.7703081232492998,0.7368480353035068,0.03295027418856845,1,0.6866359447004609,0.6527777777777778,0.7333333333333333,0.7135416666666666,0.7352941176470589,0.7043165680250595,0.03116258986601049,451,0.7872340425531915,0.7304964539007093,0.8299319727891157,0.7515151515151515,0.8169934640522876,0.7832342169620912,0.037745825023920876,13,0.8324022346368715,0.7877094972067039,0.8603351955307262,0.7696629213483146,0.8426966292134831,0.8185612955872198,0.03424041210627385,19,0.6201117318435754,0.5786516853932584,0.6853932584269663,0.6927374301675978,0.6983240223463687,0.6550436256355533,0.04747858799078914,547,0.746971736204576,0.6940700808625337,0.7963446475195822,0.7389749702026222,0.7901390644753477,0.7533000998529323,0.03731861485598058,7,0.7262569832402235,0.6831805912999811,0.7728642269788463,0.7312001757579563,0.770510325779926,0.7368024606113865,0.033028983407836866,19,0.6781171995720908,0.6327870378368895,0.7256925242006915,0.6746642994424789,0.7217866662493675,0.6866095454603036,0.034282882674051426,1,0.7262569832402235,0.6831805912999812,0.7728642269788463,0.7312001757579562,0.770510325779926,0.7368024606113865,0.03302898340783683,19
562,0.02015376091003418,0.01022142418982271,0.05825529098510742,0.009574728605106582,log_loss,4,7,4,best,"{'criterion': 'log_loss', 'max_depth': 4, 'min_samples_leaf': 7, 'min_samples_split': 4, 'splitter': 'best'}",0.7262569832402235,0.6834733893557423,0.773109243697479,0.7310924369747899,0.7703081232492998,0.7368480353035068,0.03295027418856845,1,0.6866359447004609,0.6527777777777778,0.7333333333333333,0.7135416666666666,0.7352941176470589,0.7043165680250595,0.03116258986601049,451,0.7872340425531915,0.7304964539007093,0.8299319727891157,0.7515151515151515,0.8169934640522876,0.7832342169620912,0.037745825023920876,13,0.8324022346368715,0.7877094972067039,0.8603351955307262,0.7696629213483146,0.8426966292134831,0.8185612955872198,0.03424041210627385,19,0.6201117318435754,0.5786516853932584,0.6853932584269663,0.6927374301675978,0.6983240223463687,0.6550436256355533,0.04747858799078914,547,0.746971736204576,0.6940700808625337,0.7963446475195822,0.7389749702026222,0.7901390644753477,0.7533000998529323,0.03731861485598058,7,0.7262569832402235,0.6831805912999811,0.7728642269788463,0.7312001757579563,0.770510325779926,0.7368024606113865,0.033028983407836866,19,0.6781171995720908,0.6327870378368895,0.7256925242006915,0.6746642994424789,0.7217866662493675,0.6866095454603036,0.034282882674051426,1,0.7262569832402235,0.6831805912999812,0.7728642269788463,0.7312001757579562,0.770510325779926,0.7368024606113865,0.03302898340783683,19
560,0.014278984069824219,0.005854388939935936,0.06480774879455567,0.02715320370487873,log_loss,4,7,3,best,"{'criterion': 'log_loss', 'max_depth': 4, 'min_samples_leaf': 7, 'min_samples_split': 3, 'splitter': 'best'}",0.7262569832402235,0.6834733893557423,0.773109243697479,0.7310924369747899,0.7703081232492998,0.7368480353035068,0.03295027418856845,1,0.6866359447004609,0.6527777777777778,0.7333333333333333,0.7135416666666666,0.7352941176470589,0.7043165680250595,0.03116258986601049,451,0.7872340425531915,0.7304964539007093,0.8299319727891157,0.7515151515151515,0.8169934640522876,0.7832342169620912,0.037745825023920876,13,0.8324022346368715,0.7877094972067039,0.8603351955307262,0.7696629213483146,0.8426966292134831,0.8185612955872198,0.03424041210627385,19,0.6201117318435754,0.5786516853932584,0.6853932584269663,0.6927374301675978,0.6983240223463687,0.6550436256355533,0.04747858799078914,547,0.746971736204576,0.6940700808625337,0.7963446475195822,0.7389749702026222,0.7901390644753477,0.7533000998529323,0.03731861485598058,7,0.7262569832402235,0.6831805912999811,0.7728642269788463,0.7312001757579563,0.770510325779926,0.7368024606113865,0.033028983407836866,19,0.6781171995720908,0.6327870378368895,0.7256925242006915,0.6746642994424789,0.7217866662493675,0.6866095454603036,0.034282882674051426,1,0.7262569832402235,0.6831805912999812,0.7728642269788463,0.7312001757579562,0.770510325779926,0.7368024606113865,0.03302898340783683,19
368,0.016690826416015624,0.005919417737539328,0.04492335319519043,0.00529457486838435,entropy,4,7,3,best,"{'criterion': 'entropy', 'max_depth': 4, 'min_samples_leaf': 7, 'min_samples_split': 3, 'splitter': 'best'}",0.7262569832402235,0.6834733893557423,0.773109243697479,0.7310924369747899,0.7703081232492998,0.7368480353035068,0.03295027418856845,1,0.6866359447004609,0.6527777777777778,0.7333333333333333,0.7135416666666666,0.7352941176470589,0.7043165680250595,0.03116258986601049,451,0.7872340425531915,0.7304964539007093,0.8299319727891157,0.7515151515151515,0.8169934640522876,0.7832342169620912,0.037745825023920876,13,0.8324022346368715,0.7877094972067039,0.8603351955307262,0.7696629213483146,0.8426966292134831,0.8185612955872198,0.03424041210627385,19,0.6201117318435754,0.5786516853932584,0.6853932584269663,0.6927374301675978,0.6983240223463687,0.6550436256355533,0.04747858799078914,547,0.746971736204576,0.6940700808625337,0.7963446475195822,0.7389749702026222,0.7901390644753477,0.7533000998529323,0.03731861485598058,7,0.7262569832402235,0.6831805912999811,0.7728642269788463,0.7312001757579563,0.770510325779926,0.7368024606113865,0.033028983407836866,19,0.6781171995720908,0.6327870378368895,0.7256925242006915,0.6746642994424789,0.7217866662493675,0.6866095454603036,0.034282882674051426,1,0.7262569832402235,0.6831805912999812,0.7728642269788463,0.7312001757579562,0.770510325779926,0.7368024606113865,0.03302898340783683,19
558,0.019181442260742188,0.006119613784978677,0.04898390769958496,0.00596883559159221,log_loss,4,7,2,best,"{'criterion': 'log_loss', 'max_depth': 4, 'min_samples_leaf': 7, 'min_samples_split': 2, 'splitter': 'best'}",0.7262569832402235,0.6834733893557423,0.773109243697479,0.7310924369747899,0.7703081232492998,0.7368480353035068,0.03295027418856845,1,0.6866359447004609,0.6527777777777778,0.7333333333333333,0.7135416666666666,0.7352941176470589,0.7043165680250595,0.03116258986601049,451,0.7872340425531915,0.7304964539007093,0.8299319727891157,0.7515151515151515,0.8169934640522876,0.7832342169620912,0.037745825023920876,13,0.8324022346368715,0.7877094972067039,0.8603351955307262,0.7696629213483146,0.8426966292134831,0.8185612955872198,0.03424041210627385,19,0.6201117318435754,0.5786516853932584,0.6853932584269663,0.6927374301675978,0.6983240223463687,0.6550436256355533,0.04747858799078914,547,0.746971736204576,0.6940700808625337,0.7963446475195822,0.7389749702026222,0.7901390644753477,0.7533000998529323,0.03731861485598058,7,0.7262569832402235,0.6831805912999811,0.7728642269788463,0.7312001757579563,0.770510325779926,0.7368024606113865,0.033028983407836866,19,0.6781171995720908,0.6327870378368895,0.7256925242006915,0.6746642994424789,0.7217866662493675,0.6866095454603036,0.034282882674051426,1,0.7262569832402235,0.6831805912999812,0.7728642269788463,0.7312001757579562,0.770510325779926,0.7368024606113865,0.03302898340783683,19
370,0.01732769012451172,0.006486723003674694,0.05041623115539551,0.011456041675415933,entropy,4,7,4,best,"{'criterion': 'entropy', 'max_depth': 4, 'min_samples_leaf': 7, 'min_samples_split': 4, 'splitter': 'best'}",0.7262569832402235,0.6834733893557423,0.773109243697479,0.7310924369747899,0.7703081232492998,0.7368480353035068,0.03295027418856845,1,0.6866359447004609,0.6527777777777778,0.7333333333333333,0.7135416666666666,0.7352941176470589,0.7043165680250595,0.03116258986601049,451,0.7872340425531915,0.7304964539007093,0.8299319727891157,0.7515151515151515,0.8169934640522876,0.7832342169620912,0.037745825023920876,13,0.8324022346368715,0.7877094972067039,0.8603351955307262,0.7696629213483146,0.8426966292134831,0.8185612955872198,0.03424041210627385,19,0.6201117318435754,0.5786516853932584,0.6853932584269663,0.6927374301675978,0.6983240223463687,0.6550436256355533,0.04747858799078914,547,0.746971736204576,0.6940700808625337,0.7963446475195822,0.7389749702026222,0.7901390644753477,0.7533000998529323,0.03731861485598058,7,0.7262569832402235,0.6831805912999811,0.7728642269788463,0.7312001757579563,0.770510325779926,0.7368024606113865,0.033028983407836866,19,0.6781171995720908,0.6327870378368895,0.7256925242006915,0.6746642994424789,0.7217866662493675,0.6866095454603036,0.034282882674051426,1,0.7262569832402235,0.6831805912999812,0.7728642269788463,0.7312001757579562,0.770510325779926,0.7368024606113865,0.03302898340783683,19
352,0.04362678527832031,0.019887508125325748,0.06798515319824219,0.011055838896277679,entropy,4,4,4,best,"{'criterion': 'entropy', 'max_depth': 4, 'min_samples_leaf': 4, 'min_samples_split': 4, 'splitter': 'best'}",0.7262569832402235,0.6862745098039216,0.7675070028011205,0.7338935574229691,0.7703081232492998,0.7368480353035068,0.03078353643807317,1,0.6866359447004609,0.6558139534883721,0.7285714285714285,0.7172774869109948,0.7330097087378641,0.704261704481824,0.029136482321842988,457,0.7872340425531915,0.7323943661971831,0.8231292517006803,0.7530120481927711,0.8211920529801324,0.7833923523247917,0.036183848865701584,7,0.8324022346368715,0.7877094972067039,0.8547486033519553,0.7696629213483146,0.848314606741573,0.8185675726570836,0.033850366707601914,7,0.6201117318435754,0.5842696629213483,0.6797752808988764,0.6983240223463687,0.6927374301675978,0.6550436256355533,0.04502190891949186,547,0.746971736204576,0.6970509383378016,0.7898172323759791,0.741399762752076,0.7918263090676884,0.7534131957476242,0.03510937251359827,1,0.7262569832402235,0.6859895800640261,0.7672619421254159,0.7339934718473416,0.7705260184545855,0.7368055991463185,0.030874276214472248,1,0.6781171995720908,0.6351987226287888,0.7192067838371303,0.6771069065709343,0.7229320971053708,0.6865123419428631,0.03220979122548117,7,0.7262569832402235,0.6859895800640262,0.767261942125416,0.7339934718473416,0.7705260184545853,0.7368055991463185,0.030874276214472206,1
348,0.020218896865844726,0.010041293545453552,0.05435690879821777,0.014573804091197252,entropy,4,4,2,best,"{'criterion': 'entropy', 'max_depth': 4, 'min_samples_leaf': 4, 'min_samples_split': 2, 'splitter': 'best'}",0.7262569832402235,0.6862745098039216,0.7675070028011205,0.7338935574229691,0.7703081232492998,0.7368480353035068,0.03078353643807317,1,0.6866359447004609,0.6558139534883721,0.7285714285714285,0.7172774869109948,0.7330097087378641,0.704261704481824,0.029136482321842988,457,0.7872340425531915,0.7323943661971831,0.8231292517006803,0.7530120481927711,0.8211920529801324,0.7833923523247917,0.036183848865701584,7,0.8324022346368715,0.7877094972067039,0.8547486033519553,0.7696629213483146,0.848314606741573,0.8185675726570836,0.033850366707601914,7,0.6201117318435754,0.5842696629213483,0.6797752808988764,0.6983240223463687,0.6927374301675978,0.6550436256355533,0.04502190891949186,547,0.746971736204576,0.6970509383378016,0.7898172323759791,0.741399762752076,0.7918263090676884,0.7534131957476242,0.03510937251359827,1,0.7262569832402235,0.6859895800640261,0.7672619421254159,0.7339934718473416,0.7705260184545855,0.7368055991463185,0.030874276214472248,1,0.6781171995720908,0.6351987226287888,0.7192067838371303,0.6771069065709343,0.7229320971053708,0.6865123419428631,0.03220979122548117,7,0.7262569832402235,0.6859895800640262,0.767261942125416,0.7339934718473416,0.7705260184545853,0.7368055991463185,0.030874276214472206,1
540,0.012871170043945312,0.004313312794838529,0.04693713188171387,0.0041657712977738225,log_loss,4,4,2,best,"{'criterion': 'log_loss', 'max_depth': 4, 'min_samples_leaf': 4, 'min_samples_split': 2, 'splitter': 'best'}",0.7262569832402235,0.6862745098039216,0.7675070028011205,0.7338935574229691,0.7703081232492998,0.7368480353035068,0.03078353643807317,1,0.6866359447004609,0.6558139534883721,0.7285714285714285,0.7172774869109948,0.7330097087378641,0.704261704481824,0.029136482321842988,457,0.7872340425531915,0.7323943661971831,0.8231292517006803,0.7530120481927711,0.8211920529801324,0.7833923523247917,0.036183848865701584,7,0.8324022346368715,0.7877094972067039,0.8547486033519553,0.7696629213483146,0.848314606741573,0.8185675726570836,0.033850366707601914,7,0.6201117318435754,0.5842696629213483,0.6797752808988764,0.6983240223463687,0.6927374301675978,0.6550436256355533,0.04502190891949186,547,0.746971736204576,0.6970509383378016,0.7898172323759791,0.741399762752076,0.7918263090676884,0.7534131957476242,0.03510937251359827,1,0.7262569832402235,0.6859895800640261,0.7672619421254159,0.7339934718473416,0.7705260184545855,0.7368055991463185,0.030874276214472248,1,0.6781171995720908,0.6351987226287888,0.7192067838371303,0.6771069065709343,0.7229320971053708,0.6865123419428631,0.03220979122548117,7,0.7262569832402235,0.6859895800640262,0.767261942125416,0.7339934718473416,0.7705260184545853,0.7368055991463185,0.030874276214472206,1
542,0.0161712646484375,0.003808876658574666,0.05750570297241211,0.021813369530901672,log_loss,4,4,3,best,"{'criterion': 'log_loss', 'max_depth': 4, 'min_samples_leaf': 4, 'min_samples_split': 3, 'splitter': 'best'}",0.7262569832402235,0.6862745098039216,0.7675070028011205,0.7338935574229691,0.7703081232492998,0.7368480353035068,0.03078353643807317,1,0.6866359447004609,0.6558139534883721,0.7285714285714285,0.7172774869109948,0.7330097087378641,0.704261704481824,0.029136482321842988,457,0.7872340425531915,0.7323943661971831,0.8231292517006803,0.7530120481927711,0.8211920529801324,0.7833923523247917,0.036183848865701584,7,0.8324022346368715,0.7877094972067039,0.8547486033519553,0.7696629213483146,0.848314606741573,0.8185675726570836,0.033850366707601914,7,0.6201117318435754,0.5842696629213483,0.6797752808988764,0.6983240223463687,0.6927374301675978,0.6550436256355533,0.04502190891949186,547,0.746971736204576,0.6970509383378016,0.7898172323759791,0.741399762752076,0.7918263090676884,0.7534131957476242,0.03510937251359827,1,0.7262569832402235,0.6859895800640261,0.7672619421254159,0.7339934718473416,0.7705260184545855,0.7368055991463185,0.030874276214472248,1,0.6781171995720908,0.6351987226287888,0.7192067838371303,0.6771069065709343,0.7229320971053708,0.6865123419428631,0.03220979122548117,7,0.7262569832402235,0.6859895800640262,0.767261942125416,0.7339934718473416,0.7705260184545853,0.7368055991463185,0.030874276214472206,1
544,0.015347528457641601,0.004288373661085321,0.048824119567871097,0.010492857700597866,log_loss,4,4,4,best,"{'criterion': 'log_loss', 'max_depth': 4, 'min_samples_leaf': 4, 'min_samples_split': 4, 'splitter': 'best'}",0.7262569832402235,0.6862745098039216,0.7675070028011205,0.7338935574229691,0.7703081232492998,0.7368480353035068,0.03078353643807317,1,0.6866359447004609,0.6558139534883721,0.7285714285714285,0.7172774869109948,0.7330097087378641,0.704261704481824,0.029136482321842988,457,0.7872340425531915,0.7323943661971831,0.8231292517006803,0.7530120481927711,0.8211920529801324,0.7833923523247917,0.036183848865701584,7,0.8324022346368715,0.7877094972067039,0.8547486033519553,0.7696629213483146,0.848314606741573,0.8185675726570836,0.033850366707601914,7,0.6201117318435754,0.5842696629213483,0.6797752808988764,0.6983240223463687,0.6927374301675978,0.6550436256355533,0.04502190891949186,547,0.746971736204576,0.6970509383378016,0.7898172323759791,0.741399762752076,0.7918263090676884,0.7534131957476242,0.03510937251359827,1,0.7262569832402235,0.6859895800640261,0.7672619421254159,0.7339934718473416,0.7705260184545855,0.7368055991463185,0.030874276214472248,1,0.6781171995720908,0.6351987226287888,0.7192067838371303,0.6771069065709343,0.7229320971053708,0.6865123419428631,0.03220979122548117,7,0.7262569832402235,0.6859895800640262,0.767261942125416,0.7339934718473416,0.7705260184545853,0.7368055991463185,0.030874276214472206,1
350,0.02784876823425293,0.014965660806174829,0.05099358558654785,0.010849214706275522,entropy,4,4,3,best,"{'criterion': 'entropy', 'max_depth': 4, 'min_samples_leaf': 4, 'min_samples_split': 3, 'splitter': 'best'}",0.7262569832402235,0.6862745098039216,0.7675070028011205,0.7338935574229691,0.7703081232492998,0.7368480353035068,0.03078353643807317,1,0.6866359447004609,0.6558139534883721,0.7285714285714285,0.7172774869109948,0.7330097087378641,0.704261704481824,0.029136482321842988,457,0.7872340425531915,0.7323943661971831,0.8231292517006803,0.7530120481927711,0.8211920529801324,0.7833923523247917,0.036183848865701584,7,0.8324022346368715,0.7877094972067039,0.8547486033519553,0.7696629213483146,0.848314606741573,0.8185675726570836,0.033850366707601914,7,0.6201117318435754,0.5842696629213483,0.6797752808988764,0.6983240223463687,0.6927374301675978,0.6550436256355533,0.04502190891949186,547,0.746971736204576,0.6970509383378016,0.7898172323759791,0.741399762752076,0.7918263090676884,0.7534131957476242,0.03510937251359827,1,0.7262569832402235,0.6859895800640261,0.7672619421254159,0.7339934718473416,0.7705260184545855,0.7368055991463185,0.030874276214472248,1,0.6781171995720908,0.6351987226287888,0.7192067838371303,0.6771069065709343,0.7229320971053708,0.6865123419428631,0.03220979122548117,7,0.7262569832402235,0.6859895800640262,0.767261942125416,0.7339934718473416,0.7705260184545853,0.7368055991463185,0.030874276214472206,1
336,0.029377126693725587,0.013969549654609259,0.08031859397888183,0.015154255926830508,entropy,4,2,2,best,"{'criterion': 'entropy', 'max_depth': 4, 'min_samples_leaf': 2, 'min_samples_split': 2, 'splitter': 'best'}",0.7262569832402235,0.6862745098039216,0.7675070028011205,0.7338935574229691,0.7703081232492998,0.7368480353035068,0.03078353643807317,1,0.6883720930232559,0.6558139534883721,0.7285714285714285,0.7172774869109948,0.7330097087378641,0.704608934146383,0.028934002532278656,439,0.7832167832167832,0.7323943661971831,0.8231292517006803,0.7530120481927711,0.8211920529801324,0.7825889004575102,0.036134192006644285,25,0.8268156424581006,0.7877094972067039,0.8547486033519553,0.7696629213483146,0.848314606741573,0.8174502542213296,0.0334652877235762,25,0.6256983240223464,0.5842696629213483,0.6797752808988764,0.6983240223463687,0.6927374301675978,0.6561609440713074,0.04420300653624543,535,0.7456724367509987,0.6970509383378016,0.7898172323759791,0.741399762752076,0.7918263090676884,0.7531533358569088,0.03516085751081207,19,0.7262569832402235,0.6859895800640261,0.7672619421254159,0.7339934718473416,0.7705260184545855,0.7368055991463185,0.030874276214472248,1,0.6772082665937414,0.6351987226287888,0.7192067838371303,0.6771069065709343,0.7229320971053708,0.6863305553471932,0.03225918605541743,13,0.7262569832402235,0.6859895800640262,0.767261942125416,0.7339934718473416,0.7705260184545853,0.7368055991463185,0.030874276214472206,1
338,0.01561131477355957,0.004754484986102616,0.0527461051940918,0.00713108195924736,entropy,4,2,3,best,"{'criterion': 'entropy', 'max_depth': 4, 'min_samples_leaf': 2, 'min_samples_split': 3, 'splitter': 'best'}",0.7262569832402235,0.6862745098039216,0.7675070028011205,0.7338935574229691,0.7703081232492998,0.7368480353035068,0.03078353643807317,1,0.6883720930232559,0.6558139534883721,0.7285714285714285,0.7172774869109948,0.7330097087378641,0.704608934146383,0.028934002532278656,439,0.7832167832167832,0.7323943661971831,0.8231292517006803,0.7530120481927711,0.8211920529801324,0.7825889004575102,0.036134192006644285,25,0.8268156424581006,0.7877094972067039,0.8547486033519553,0.7696629213483146,0.848314606741573,0.8174502542213296,0.0334652877235762,25,0.6256983240223464,0.5842696629213483,0.6797752808988764,0.6983240223463687,0.6927374301675978,0.6561609440713074,0.04420300653624543,535,0.7456724367509987,0.6970509383378016,0.7898172323759791,0.741399762752076,0.7918263090676884,0.7531533358569088,0.03516085751081207,19,0.7262569832402235,0.6859895800640261,0.7672619421254159,0.7339934718473416,0.7705260184545855,0.7368055991463185,0.030874276214472248,1,0.6772082665937414,0.6351987226287888,0.7192067838371303,0.6771069065709343,0.7229320971053708,0.6863305553471932,0.03225918605541743,13,0.7262569832402235,0.6859895800640262,0.767261942125416,0.7339934718473416,0.7705260184545853,0.7368055991463185,0.030874276214472206,1
528,0.013892364501953126,0.004729531496935244,0.04514265060424805,0.003745673182038924,log_loss,4,2,2,best,"{'criterion': 'log_loss', 'max_depth': 4, 'min_samples_leaf': 2, 'min_samples_split': 2, 'splitter': 'best'}",0.7262569832402235,0.6862745098039216,0.7675070028011205,0.7338935574229691,0.7703081232492998,0.7368480353035068,0.03078353643807317,1,0.6883720930232559,0.6558139534883721,0.7285714285714285,0.7172774869109948,0.7330097087378641,0.704608934146383,0.028934002532278656,439,0.7832167832167832,0.7323943661971831,0.8231292517006803,0.7530120481927711,0.8211920529801324,0.7825889004575102,0.036134192006644285,25,0.8268156424581006,0.7877094972067039,0.8547486033519553,0.7696629213483146,0.848314606741573,0.8174502542213296,0.0334652877235762,25,0.6256983240223464,0.5842696629213483,0.6797752808988764,0.6983240223463687,0.6927374301675978,0.6561609440713074,0.04420300653624543,535,0.7456724367509987,0.6970509383378016,0.7898172323759791,0.741399762752076,0.7918263090676884,0.7531533358569088,0.03516085751081207,19,0.7262569832402235,0.6859895800640261,0.7672619421254159,0.7339934718473416,0.7705260184545855,0.7368055991463185,0.030874276214472248,1,0.6772082665937414,0.6351987226287888,0.7192067838371303,0.6771069065709343,0.7229320971053708,0.6863305553471932,0.03225918605541743,13,0.7262569832402235,0.6859895800640262,0.767261942125416,0.7339934718473416,0.7705260184545853,0.7368055991463185,0.030874276214472206,1
340,0.020181608200073243,0.01014547205800075,0.047907543182373044,0.010395650995452506,entropy,4,2,4,best,"{'criterion': 'entropy', 'max_depth': 4, 'min_samples_leaf': 2, 'min_samples_split': 4, 'splitter': 'best'}",0.7262569832402235,0.6862745098039216,0.7675070028011205,0.7338935574229691,0.7703081232492998,0.7368480353035068,0.03078353643807317,1,0.6883720930232559,0.6558139534883721,0.7285714285714285,0.7172774869109948,0.7330097087378641,0.704608934146383,0.028934002532278656,439,0.7832167832167832,0.7323943661971831,0.8231292517006803,0.7530120481927711,0.8211920529801324,0.7825889004575102,0.036134192006644285,25,0.8268156424581006,0.7877094972067039,0.8547486033519553,0.7696629213483146,0.848314606741573,0.8174502542213296,0.0334652877235762,25,0.6256983240223464,0.5842696629213483,0.6797752808988764,0.6983240223463687,0.6927374301675978,0.6561609440713074,0.04420300653624543,535,0.7456724367509987,0.6970509383378016,0.7898172323759791,0.741399762752076,0.7918263090676884,0.7531533358569088,0.03516085751081207,19,0.7262569832402235,0.6859895800640261,0.7672619421254159,0.7339934718473416,0.7705260184545855,0.7368055991463185,0.030874276214472248,1,0.6772082665937414,0.6351987226287888,0.7192067838371303,0.6771069065709343,0.7229320971053708,0.6863305553471932,0.03225918605541743,13,0.7262569832402235,0.6859895800640262,0.767261942125416,0.7339934718473416,0.7705260184545853,0.7368055991463185,0.030874276214472206,1
342,0.01339411735534668,0.0016970974566938952,0.044974994659423825,0.004825294669227658,entropy,4,3,2,best,"{'criterion': 'entropy', 'max_depth': 4, 'min_samples_leaf': 3, 'min_samples_split': 2, 'splitter': 'best'}",0.7262569832402235,0.6862745098039216,0.7675070028011205,0.7338935574229691,0.7703081232492998,0.7368480353035068,0.03078353643807317,1,0.6883720930232559,0.6558139534883721,0.7285714285714285,0.7172774869109948,0.7330097087378641,0.704608934146383,0.028934002532278656,439,0.7832167832167832,0.7323943661971831,0.8231292517006803,0.7530120481927711,0.8211920529801324,0.7825889004575102,0.036134192006644285,25,0.8268156424581006,0.7877094972067039,0.8547486033519553,0.7696629213483146,0.848314606741573,0.8174502542213296,0.0334652877235762,25,0.6256983240223464,0.5842696629213483,0.6797752808988764,0.6983240223463687,0.6927374301675978,0.6561609440713074,0.04420300653624543,535,0.7456724367509987,0.6970509383378016,0.7898172323759791,0.741399762752076,0.7918263090676884,0.7531533358569088,0.03516085751081207,19,0.7262569832402235,0.6859895800640261,0.7672619421254159,0.7339934718473416,0.7705260184545855,0.7368055991463185,0.030874276214472248,1,0.6772082665937414,0.6351987226287888,0.7192067838371303,0.6771069065709343,0.7229320971053708,0.6863305553471932,0.03225918605541743,13,0.7262569832402235,0.6859895800640262,0.767261942125416,0.7339934718473416,0.7705260184545853,0.7368055991463185,0.030874276214472206,1
344,0.026351118087768556,0.014011674184576238,0.07598400115966797,0.01481412300763826,entropy,4,3,3,best,"{'criterion': 'entropy', 'max_depth': 4, 'min_samples_leaf': 3, 'min_samples_split': 3, 'splitter': 'best'}",0.7262569832402235,0.6862745098039216,0.7675070028011205,0.7338935574229691,0.7703081232492998,0.7368480353035068,0.03078353643807317,1,0.6883720930232559,0.6558139534883721,0.7285714285714285,0.7172774869109948,0.7330097087378641,0.704608934146383,0.028934002532278656,439,0.7832167832167832,0.7323943661971831,0.8231292517006803,0.7530120481927711,0.8211920529801324,0.7825889004575102,0.036134192006644285,25,0.8268156424581006,0.7877094972067039,0.8547486033519553,0.7696629213483146,0.848314606741573,0.8174502542213296,0.0334652877235762,25,0.6256983240223464,0.5842696629213483,0.6797752808988764,0.6983240223463687,0.6927374301675978,0.6561609440713074,0.04420300653624543,535,0.7456724367509987,0.6970509383378016,0.7898172323759791,0.741399762752076,0.7918263090676884,0.7531533358569088,0.03516085751081207,19,0.7262569832402235,0.6859895800640261,0.7672619421254159,0.7339934718473416,0.7705260184545855,0.7368055991463185,0.030874276214472248,1,0.6772082665937414,0.6351987226287888,0.7192067838371303,0.6771069065709343,0.7229320971053708,0.6863305553471932,0.03225918605541743,13,0.7262569832402235,0.6859895800640262,0.767261942125416,0.7339934718473416,0.7705260184545853,0.7368055991463185,0.030874276214472206,1
346,0.015909910202026367,0.003376372315564195,0.06980266571044921,0.033358582514268265,entropy,4,3,4,best,"{'criterion': 'entropy', 'max_depth': 4, 'min_samples_leaf': 3, 'min_samples_split': 4, 'splitter': 'best'}",0.7262569832402235,0.6862745098039216,0.7675070028011205,0.7338935574229691,0.7703081232492998,0.7368480353035068,0.03078353643807317,1,0.6883720930232559,0.6558139534883721,0.7285714285714285,0.7172774869109948,0.7330097087378641,0.704608934146383,0.028934002532278656,439,0.7832167832167832,0.7323943661971831,0.8231292517006803,0.7530120481927711,0.8211920529801324,0.7825889004575102,0.036134192006644285,25,0.8268156424581006,0.7877094972067039,0.8547486033519553,0.7696629213483146,0.848314606741573,0.8174502542213296,0.0334652877235762,25,0.6256983240223464,0.5842696629213483,0.6797752808988764,0.6983240223463687,0.6927374301675978,0.6561609440713074,0.04420300653624543,535,0.7456724367509987,0.6970509383378016,0.7898172323759791,0.741399762752076,0.7918263090676884,0.7531533358569088,0.03516085751081207,19,0.7262569832402235,0.6859895800640261,0.7672619421254159,0.7339934718473416,0.7705260184545855,0.7368055991463185,0.030874276214472248,1,0.6772082665937414,0.6351987226287888,0.7192067838371303,0.6771069065709343,0.7229320971053708,0.6863305553471932,0.03225918605541743,13,0.7262569832402235,0.6859895800640262,0.767261942125416,0.7339934718473416,0.7705260184545853,0.7368055991463185,0.030874276214472206,1
530,0.01244816780090332,0.0028484632885383394,0.05022387504577637,0.008328428131649593,log_loss,4,2,3,best,"{'criterion': 'log_loss', 'max_depth': 4, 'min_samples_leaf': 2, 'min_samples_split': 3, 'splitter': 'best'}",0.7262569832402235,0.6862745098039216,0.7675070028011205,0.7338935574229691,0.7703081232492998,0.7368480353035068,0.03078353643807317,1,0.6883720930232559,0.6558139534883721,0.7285714285714285,0.7172774869109948,0.7330097087378641,0.704608934146383,0.028934002532278656,439,0.7832167832167832,0.7323943661971831,0.8231292517006803,0.7530120481927711,0.8211920529801324,0.7825889004575102,0.036134192006644285,25,0.8268156424581006,0.7877094972067039,0.8547486033519553,0.7696629213483146,0.848314606741573,0.8174502542213296,0.0334652877235762,25,0.6256983240223464,0.5842696629213483,0.6797752808988764,0.6983240223463687,0.6927374301675978,0.6561609440713074,0.04420300653624543,535,0.7456724367509987,0.6970509383378016,0.7898172323759791,0.741399762752076,0.7918263090676884,0.7531533358569088,0.03516085751081207,19,0.7262569832402235,0.6859895800640261,0.7672619421254159,0.7339934718473416,0.7705260184545855,0.7368055991463185,0.030874276214472248,1,0.6772082665937414,0.6351987226287888,0.7192067838371303,0.6771069065709343,0.7229320971053708,0.6863305553471932,0.03225918605541743,13,0.7262569832402235,0.6859895800640262,0.767261942125416,0.7339934718473416,0.7705260184545853,0.7368055991463185,0.030874276214472206,1
532,0.017318916320800782,0.008608583123251313,0.060055780410766604,0.004350568993730396,log_loss,4,2,4,best,"{'criterion': 'log_loss', 'max_depth': 4, 'min_samples_leaf': 2, 'min_samples_split': 4, 'splitter': 'best'}",0.7262569832402235,0.6862745098039216,0.7675070028011205,0.7338935574229691,0.7703081232492998,0.7368480353035068,0.03078353643807317,1,0.6883720930232559,0.6558139534883721,0.7285714285714285,0.7172774869109948,0.7330097087378641,0.704608934146383,0.028934002532278656,439,0.7832167832167832,0.7323943661971831,0.8231292517006803,0.7530120481927711,0.8211920529801324,0.7825889004575102,0.036134192006644285,25,0.8268156424581006,0.7877094972067039,0.8547486033519553,0.7696629213483146,0.848314606741573,0.8174502542213296,0.0334652877235762,25,0.6256983240223464,0.5842696629213483,0.6797752808988764,0.6983240223463687,0.6927374301675978,0.6561609440713074,0.04420300653624543,535,0.7456724367509987,0.6970509383378016,0.7898172323759791,0.741399762752076,0.7918263090676884,0.7531533358569088,0.03516085751081207,19,0.7262569832402235,0.6859895800640261,0.7672619421254159,0.7339934718473416,0.7705260184545855,0.7368055991463185,0.030874276214472248,1,0.6772082665937414,0.6351987226287888,0.7192067838371303,0.6771069065709343,0.7229320971053708,0.6863305553471932,0.03225918605541743,13,0.7262569832402235,0.6859895800640262,0.767261942125416,0.7339934718473416,0.7705260184545853,0.7368055991463185,0.030874276214472206,1
534,0.015111207962036133,0.004546923128626089,0.04228420257568359,0.006674993559593966,log_loss,4,3,2,best,"{'criterion': 'log_loss', 'max_depth': 4, 'min_samples_leaf': 3, 'min_samples_split': 2, 'splitter': 'best'}",0.7262569832402235,0.6862745098039216,0.7675070028011205,0.7338935574229691,0.7703081232492998,0.7368480353035068,0.03078353643807317,1,0.6883720930232559,0.6558139534883721,0.7285714285714285,0.7172774869109948,0.7330097087378641,0.704608934146383,0.028934002532278656,439,0.7832167832167832,0.7323943661971831,0.8231292517006803,0.7530120481927711,0.8211920529801324,0.7825889004575102,0.036134192006644285,25,0.8268156424581006,0.7877094972067039,0.8547486033519553,0.7696629213483146,0.848314606741573,0.8174502542213296,0.0334652877235762,25,0.6256983240223464,0.5842696629213483,0.6797752808988764,0.6983240223463687,0.6927374301675978,0.6561609440713074,0.04420300653624543,535,0.7456724367509987,0.6970509383378016,0.7898172323759791,0.741399762752076,0.7918263090676884,0.7531533358569088,0.03516085751081207,19,0.7262569832402235,0.6859895800640261,0.7672619421254159,0.7339934718473416,0.7705260184545855,0.7368055991463185,0.030874276214472248,1,0.6772082665937414,0.6351987226287888,0.7192067838371303,0.6771069065709343,0.7229320971053708,0.6863305553471932,0.03225918605541743,13,0.7262569832402235,0.6859895800640262,0.767261942125416,0.7339934718473416,0.7705260184545853,0.7368055991463185,0.030874276214472206,1
536,0.017128753662109374,0.007410288930825179,0.04335155487060547,0.007351584954849246,log_loss,4,3,3,best,"{'criterion': 'log_loss', 'max_depth': 4, 'min_samples_leaf': 3, 'min_samples_split': 3, 'splitter': 'best'}",0.7262569832402235,0.6862745098039216,0.7675070028011205,0.7338935574229691,0.7703081232492998,0.7368480353035068,0.03078353643807317,1,0.6883720930232559,0.6558139534883721,0.7285714285714285,0.7172774869109948,0.7330097087378641,0.704608934146383,0.028934002532278656,439,0.7832167832167832,0.7323943661971831,0.8231292517006803,0.7530120481927711,0.8211920529801324,0.7825889004575102,0.036134192006644285,25,0.8268156424581006,0.7877094972067039,0.8547486033519553,0.7696629213483146,0.848314606741573,0.8174502542213296,0.0334652877235762,25,0.6256983240223464,0.5842696629213483,0.6797752808988764,0.6983240223463687,0.6927374301675978,0.6561609440713074,0.04420300653624543,535,0.7456724367509987,0.6970509383378016,0.7898172323759791,0.741399762752076,0.7918263090676884,0.7531533358569088,0.03516085751081207,19,0.7262569832402235,0.6859895800640261,0.7672619421254159,0.7339934718473416,0.7705260184545855,0.7368055991463185,0.030874276214472248,1,0.6772082665937414,0.6351987226287888,0.7192067838371303,0.6771069065709343,0.7229320971053708,0.6863305553471932,0.03225918605541743,13,0.7262569832402235,0.6859895800640262,0.767261942125416,0.7339934718473416,0.7705260184545853,0.7368055991463185,0.030874276214472206,1
538,0.017934370040893554,0.01490592021203556,0.05811638832092285,0.013674940060941557,log_loss,4,3,4,best,"{'criterion': 'log_loss', 'max_depth': 4, 'min_samples_leaf': 3, 'min_samples_split': 4, 'splitter': 'best'}",0.7262569832402235,0.6862745098039216,0.7675070028011205,0.7338935574229691,0.7703081232492998,0.7368480353035068,0.03078353643807317,1,0.6883720930232559,0.6558139534883721,0.7285714285714285,0.7172774869109948,0.7330097087378641,0.704608934146383,0.028934002532278656,439,0.7832167832167832,0.7323943661971831,0.8231292517006803,0.7530120481927711,0.8211920529801324,0.7825889004575102,0.036134192006644285,25,0.8268156424581006,0.7877094972067039,0.8547486033519553,0.7696629213483146,0.848314606741573,0.8174502542213296,0.0334652877235762,25,0.6256983240223464,0.5842696629213483,0.6797752808988764,0.6983240223463687,0.6927374301675978,0.6561609440713074,0.04420300653624543,535,0.7456724367509987,0.6970509383378016,0.7898172323759791,0.741399762752076,0.7918263090676884,0.7531533358569088,0.03516085751081207,19,0.7262569832402235,0.6859895800640261,0.7672619421254159,0.7339934718473416,0.7705260184545855,0.7368055991463185,0.030874276214472248,1,0.6772082665937414,0.6351987226287888,0.7192067838371303,0.6771069065709343,0.7229320971053708,0.6863305553471932,0.03225918605541743,13,0.7262569832402235,0.6859895800640262,0.767261942125416,0.7339934718473416,0.7705260184545853,0.7368055991463185,0.030874276214472206,1
374,0.017267227172851562,0.008234371510608818,0.06257362365722656,0.018988213441957346,entropy,4,8,3,best,"{'criterion': 'entropy', 'max_depth': 4, 'min_samples_leaf': 8, 'min_samples_split': 3, 'splitter': 'best'}",0.7262569832402235,0.6834733893557423,0.773109243697479,0.7310924369747899,0.7675070028011205,0.736287811213871,0.03239576636857258,25,0.6866359447004609,0.6527777777777778,0.7333333333333333,0.7135416666666666,0.7294685990338164,0.703151464302411,0.030072458448371954,469,0.7872340425531915,0.7304964539007093,0.8299319727891157,0.7515151515151515,0.82,0.7838355241516336,0.03829873293020261,1,0.8324022346368715,0.7877094972067039,0.8603351955307262,0.7696629213483146,0.848314606741573,0.8196848910928377,0.035095475398212866,1,0.6201117318435754,0.5786516853932584,0.6853932584269663,0.6927374301675978,0.6871508379888268,0.6528089887640449,0.04561533497391123,565,0.746971736204576,0.6940700808625337,0.7963446475195822,0.7389749702026222,0.7894736842105263,0.753167023799968,0.037187969609781366,13,0.7262569832402235,0.6831805912999811,0.7728642269788463,0.7312001757579563,0.7677327223652,0.7362469399284415,0.03247610391216562,25,0.6781171995720908,0.6327870378368895,0.7256925242006915,0.6746642994424789,0.7203264322488772,0.6863174986602055,0.0339869162862762,25,0.7262569832402235,0.6831805912999812,0.7728642269788463,0.7312001757579562,0.7677327223651998,0.7362469399284414,0.032476103912165565,25
566,0.01786017417907715,0.003155399632653448,0.04039068222045898,0.005204685911468118,log_loss,4,8,3,best,"{'criterion': 'log_loss', 'max_depth': 4, 'min_samples_leaf': 8, 'min_samples_split': 3, 'splitter': 'best'}",0.7262569832402235,0.6834733893557423,0.773109243697479,0.7310924369747899,0.7675070028011205,0.736287811213871,0.03239576636857258,25,0.6866359447004609,0.6527777777777778,0.7333333333333333,0.7135416666666666,0.7294685990338164,0.703151464302411,0.030072458448371954,469,0.7872340425531915,0.7304964539007093,0.8299319727891157,0.7515151515151515,0.82,0.7838355241516336,0.03829873293020261,1,0.8324022346368715,0.7877094972067039,0.8603351955307262,0.7696629213483146,0.848314606741573,0.8196848910928377,0.035095475398212866,1,0.6201117318435754,0.5786516853932584,0.6853932584269663,0.6927374301675978,0.6871508379888268,0.6528089887640449,0.04561533497391123,565,0.746971736204576,0.6940700808625337,0.7963446475195822,0.7389749702026222,0.7894736842105263,0.753167023799968,0.037187969609781366,13,0.7262569832402235,0.6831805912999811,0.7728642269788463,0.7312001757579563,0.7677327223652,0.7362469399284415,0.03247610391216562,25,0.6781171995720908,0.6327870378368895,0.7256925242006915,0.6746642994424789,0.7203264322488772,0.6863174986602055,0.0339869162862762,25,0.7262569832402235,0.6831805912999812,0.7728642269788463,0.7312001757579562,0.7677327223651998,0.7362469399284414,0.032476103912165565,25
376,0.019817256927490236,0.01131377234694039,0.06534943580627442,0.011426317940884001,entropy,4,8,4,best,"{'criterion': 'entropy', 'max_depth': 4, 'min_samples_leaf': 8, 'min_samples_split': 4, 'splitter': 'best'}",0.7262569832402235,0.6834733893557423,0.773109243697479,0.7310924369747899,0.7675070028011205,0.736287811213871,0.03239576636857258,25,0.6866359447004609,0.6527777777777778,0.7333333333333333,0.7135416666666666,0.7294685990338164,0.703151464302411,0.030072458448371954,469,0.7872340425531915,0.7304964539007093,0.8299319727891157,0.7515151515151515,0.82,0.7838355241516336,0.03829873293020261,1,0.8324022346368715,0.7877094972067039,0.8603351955307262,0.7696629213483146,0.848314606741573,0.8196848910928377,0.035095475398212866,1,0.6201117318435754,0.5786516853932584,0.6853932584269663,0.6927374301675978,0.6871508379888268,0.6528089887640449,0.04561533497391123,565,0.746971736204576,0.6940700808625337,0.7963446475195822,0.7389749702026222,0.7894736842105263,0.753167023799968,0.037187969609781366,13,0.7262569832402235,0.6831805912999811,0.7728642269788463,0.7312001757579563,0.7677327223652,0.7362469399284415,0.03247610391216562,25,0.6781171995720908,0.6327870378368895,0.7256925242006915,0.6746642994424789,0.7203264322488772,0.6863174986602055,0.0339869162862762,25,0.7262569832402235,0.6831805912999812,0.7728642269788463,0.7312001757579562,0.7677327223651998,0.7362469399284414,0.032476103912165565,25
568,0.015517711639404297,0.0026120389441520895,0.04242773056030273,0.003980950616519744,log_loss,4,8,4,best,"{'criterion': 'log_loss', 'max_depth': 4, 'min_samples_leaf': 8, 'min_samples_split': 4, 'splitter': 'best'}",0.7262569832402235,0.6834733893557423,0.773109243697479,0.7310924369747899,0.7675070028011205,0.736287811213871,0.03239576636857258,25,0.6866359447004609,0.6527777777777778,0.7333333333333333,0.7135416666666666,0.7294685990338164,0.703151464302411,0.030072458448371954,469,0.7872340425531915,0.7304964539007093,0.8299319727891157,0.7515151515151515,0.82,0.7838355241516336,0.03829873293020261,1,0.8324022346368715,0.7877094972067039,0.8603351955307262,0.7696629213483146,0.848314606741573,0.8196848910928377,0.035095475398212866,1,0.6201117318435754,0.5786516853932584,0.6853932584269663,0.6927374301675978,0.6871508379888268,0.6528089887640449,0.04561533497391123,565,0.746971736204576,0.6940700808625337,0.7963446475195822,0.7389749702026222,0.7894736842105263,0.753167023799968,0.037187969609781366,13,0.7262569832402235,0.6831805912999811,0.7728642269788463,0.7312001757579563,0.7677327223652,0.7362469399284415,0.03247610391216562,25,0.6781171995720908,0.6327870378368895,0.7256925242006915,0.6746642994424789,0.7203264322488772,0.6863174986602055,0.0339869162862762,25,0.7262569832402235,0.6831805912999812,0.7728642269788463,0.7312001757579562,0.7677327223651998,0.7362469399284414,0.032476103912165565,25
564,0.017370176315307618,0.00791703730179817,0.05390524864196777,0.012109090079160684,log_loss,4,8,2,best,"{'criterion': 'log_loss', 'max_depth': 4, 'min_samples_leaf': 8, 'min_samples_split': 2, 'splitter': 'best'}",0.7262569832402235,0.6834733893557423,0.773109243697479,0.7310924369747899,0.7675070028011205,0.736287811213871,0.03239576636857258,25,0.6866359447004609,0.6527777777777778,0.7333333333333333,0.7135416666666666,0.7294685990338164,0.703151464302411,0.030072458448371954,469,0.7872340425531915,0.7304964539007093,0.8299319727891157,0.7515151515151515,0.82,0.7838355241516336,0.03829873293020261,1,0.8324022346368715,0.7877094972067039,0.8603351955307262,0.7696629213483146,0.848314606741573,0.8196848910928377,0.035095475398212866,1,0.6201117318435754,0.5786516853932584,0.6853932584269663,0.6927374301675978,0.6871508379888268,0.6528089887640449,0.04561533497391123,565,0.746971736204576,0.6940700808625337,0.7963446475195822,0.7389749702026222,0.7894736842105263,0.753167023799968,0.037187969609781366,13,0.7262569832402235,0.6831805912999811,0.7728642269788463,0.7312001757579563,0.7677327223652,0.7362469399284415,0.03247610391216562,25,0.6781171995720908,0.6327870378368895,0.7256925242006915,0.6746642994424789,0.7203264322488772,0.6863174986602055,0.0339869162862762,25,0.7262569832402235,0.6831805912999812,0.7728642269788463,0.7312001757579562,0.7677327223651998,0.7362469399284414,0.032476103912165565,25
372,0.020637369155883788,0.0047809599664903136,0.038909292221069335,0.006159628359587981,entropy,4,8,2,best,"{'criterion': 'entropy', 'max_depth': 4, 'min_samples_leaf': 8, 'min_samples_split': 2, 'splitter': 'best'}",0.7262569832402235,0.6834733893557423,0.773109243697479,0.7310924369747899,0.7675070028011205,0.736287811213871,0.03239576636857258,25,0.6866359447004609,0.6527777777777778,0.7333333333333333,0.7135416666666666,0.7294685990338164,0.703151464302411,0.030072458448371954,469,0.7872340425531915,0.7304964539007093,0.8299319727891157,0.7515151515151515,0.82,0.7838355241516336,0.03829873293020261,1,0.8324022346368715,0.7877094972067039,0.8603351955307262,0.7696629213483146,0.848314606741573,0.8196848910928377,0.035095475398212866,1,0.6201117318435754,0.5786516853932584,0.6853932584269663,0.6927374301675978,0.6871508379888268,0.6528089887640449,0.04561533497391123,565,0.746971736204576,0.6940700808625337,0.7963446475195822,0.7389749702026222,0.7894736842105263,0.753167023799968,0.037187969609781366,13,0.7262569832402235,0.6831805912999811,0.7728642269788463,0.7312001757579563,0.7677327223652,0.7362469399284415,0.03247610391216562,25,0.6781171995720908,0.6327870378368895,0.7256925242006915,0.6746642994424789,0.7203264322488772,0.6863174986602055,0.0339869162862762,25,0.7262569832402235,0.6831805912999812,0.7728642269788463,0.7312001757579562,0.7677327223651998,0.7362469399284414,0.032476103912165565,25
548,0.01586318016052246,0.00334792070215876,0.06193099021911621,0.016836218525251648,log_loss,4,5,3,best,"{'criterion': 'log_loss', 'max_depth': 4, 'min_samples_leaf': 5, 'min_samples_split': 3, 'splitter': 'best'}",0.7262569832402235,0.6834733893557423,0.7675070028011205,0.7310924369747899,0.7703081232492998,0.7357275871242351,0.03177238700106017,31,0.6866359447004609,0.6527777777777778,0.7285714285714285,0.7135416666666666,0.7330097087378641,0.7029073052908396,0.029851694300542915,475,0.7872340425531915,0.7304964539007093,0.8231292517006803,0.7515151515151515,0.8211920529801324,0.782713390529973,0.03697140565736905,19,0.8324022346368715,0.7877094972067039,0.8547486033519553,0.7696629213483146,0.848314606741573,0.8185675726570836,0.033850366707601914,7,0.6201117318435754,0.5786516853932584,0.6797752808988764,0.6927374301675978,0.6927374301675978,0.6528027116941811,0.04579117345881631,571,0.746971736204576,0.6940700808625337,0.7898172323759791,0.7389749702026222,0.7918263090676884,0.7523320657426799,0.0362395833020714,31,0.7262569832402235,0.6831805912999811,0.7672619421254159,0.7312001757579563,0.7705260184545855,0.7356851421756325,0.03186444389060267,37,0.6781171995720908,0.6327870378368895,0.7192067838371303,0.6746642994424789,0.7229320971053708,0.6855414835587921,0.033129669767931,31,0.7262569832402235,0.6831805912999812,0.767261942125416,0.7312001757579562,0.7705260184545853,0.7356851421756324,0.03186444389060264,37
546,0.02104635238647461,0.009484003490107753,0.054151296615600586,0.008727480304197866,log_loss,4,5,2,best,"{'criterion': 'log_loss', 'max_depth': 4, 'min_samples_leaf': 5, 'min_samples_split': 2, 'splitter': 'best'}",0.7262569832402235,0.6834733893557423,0.7675070028011205,0.7310924369747899,0.7703081232492998,0.7357275871242351,0.03177238700106017,31,0.6866359447004609,0.6527777777777778,0.7285714285714285,0.7135416666666666,0.7330097087378641,0.7029073052908396,0.029851694300542915,475,0.7872340425531915,0.7304964539007093,0.8231292517006803,0.7515151515151515,0.8211920529801324,0.782713390529973,0.03697140565736905,19,0.8324022346368715,0.7877094972067039,0.8547486033519553,0.7696629213483146,0.848314606741573,0.8185675726570836,0.033850366707601914,7,0.6201117318435754,0.5786516853932584,0.6797752808988764,0.6927374301675978,0.6927374301675978,0.6528027116941811,0.04579117345881631,571,0.746971736204576,0.6940700808625337,0.7898172323759791,0.7389749702026222,0.7918263090676884,0.7523320657426799,0.0362395833020714,31,0.7262569832402235,0.6831805912999811,0.7672619421254159,0.7312001757579563,0.7705260184545855,0.7356851421756325,0.03186444389060267,37,0.6781171995720908,0.6327870378368895,0.7192067838371303,0.6746642994424789,0.7229320971053708,0.6855414835587921,0.033129669767931,31,0.7262569832402235,0.6831805912999812,0.767261942125416,0.7312001757579562,0.7705260184545853,0.7356851421756324,0.03186444389060264,37
550,0.02144904136657715,0.0072026825807546295,0.05275139808654785,0.006011410910768471,log_loss,4,5,4,best,"{'criterion': 'log_loss', 'max_depth': 4, 'min_samples_leaf': 5, 'min_samples_split': 4, 'splitter': 'best'}",0.7262569832402235,0.6834733893557423,0.7675070028011205,0.7310924369747899,0.7703081232492998,0.7357275871242351,0.03177238700106017,31,0.6866359447004609,0.6527777777777778,0.7285714285714285,0.7135416666666666,0.7330097087378641,0.7029073052908396,0.029851694300542915,475,0.7872340425531915,0.7304964539007093,0.8231292517006803,0.7515151515151515,0.8211920529801324,0.782713390529973,0.03697140565736905,19,0.8324022346368715,0.7877094972067039,0.8547486033519553,0.7696629213483146,0.848314606741573,0.8185675726570836,0.033850366707601914,7,0.6201117318435754,0.5786516853932584,0.6797752808988764,0.6927374301675978,0.6927374301675978,0.6528027116941811,0.04579117345881631,571,0.746971736204576,0.6940700808625337,0.7898172323759791,0.7389749702026222,0.7918263090676884,0.7523320657426799,0.0362395833020714,31,0.7262569832402235,0.6831805912999811,0.7672619421254159,0.7312001757579563,0.7705260184545855,0.7356851421756325,0.03186444389060267,37,0.6781171995720908,0.6327870378368895,0.7192067838371303,0.6746642994424789,0.7229320971053708,0.6855414835587921,0.033129669767931,31,0.7262569832402235,0.6831805912999812,0.767261942125416,0.7312001757579562,0.7705260184545853,0.7356851421756324,0.03186444389060264,37
358,0.01627359390258789,0.0114400452141238,0.06843624114990235,0.018038051981847915,entropy,4,5,4,best,"{'criterion': 'entropy', 'max_depth': 4, 'min_samples_leaf': 5, 'min_samples_split': 4, 'splitter': 'best'}",0.7262569832402235,0.6834733893557423,0.7675070028011205,0.7310924369747899,0.7703081232492998,0.7357275871242351,0.03177238700106017,31,0.6866359447004609,0.6527777777777778,0.7285714285714285,0.7135416666666666,0.7330097087378641,0.7029073052908396,0.029851694300542915,475,0.7872340425531915,0.7304964539007093,0.8231292517006803,0.7515151515151515,0.8211920529801324,0.782713390529973,0.03697140565736905,19,0.8324022346368715,0.7877094972067039,0.8547486033519553,0.7696629213483146,0.848314606741573,0.8185675726570836,0.033850366707601914,7,0.6201117318435754,0.5786516853932584,0.6797752808988764,0.6927374301675978,0.6927374301675978,0.6528027116941811,0.04579117345881631,571,0.746971736204576,0.6940700808625337,0.7898172323759791,0.7389749702026222,0.7918263090676884,0.7523320657426799,0.0362395833020714,31,0.7262569832402235,0.6831805912999811,0.7672619421254159,0.7312001757579563,0.7705260184545855,0.7356851421756325,0.03186444389060267,37,0.6781171995720908,0.6327870378368895,0.7192067838371303,0.6746642994424789,0.7229320971053708,0.6855414835587921,0.033129669767931,31,0.7262569832402235,0.6831805912999812,0.767261942125416,0.7312001757579562,0.7705260184545853,0.7356851421756324,0.03186444389060264,37
356,0.016726970672607422,0.002977667437314676,0.04362010955810547,0.005653237532528389,entropy,4,5,3,best,"{'criterion': 'entropy', 'max_depth': 4, 'min_samples_leaf': 5, 'min_samples_split': 3, 'splitter': 'best'}",0.7262569832402235,0.6834733893557423,0.7675070028011205,0.7310924369747899,0.7703081232492998,0.7357275871242351,0.03177238700106017,31,0.6866359447004609,0.6527777777777778,0.7285714285714285,0.7135416666666666,0.7330097087378641,0.7029073052908396,0.029851694300542915,475,0.7872340425531915,0.7304964539007093,0.8231292517006803,0.7515151515151515,0.8211920529801324,0.782713390529973,0.03697140565736905,19,0.8324022346368715,0.7877094972067039,0.8547486033519553,0.7696629213483146,0.848314606741573,0.8185675726570836,0.033850366707601914,7,0.6201117318435754,0.5786516853932584,0.6797752808988764,0.6927374301675978,0.6927374301675978,0.6528027116941811,0.04579117345881631,571,0.746971736204576,0.6940700808625337,0.7898172323759791,0.7389749702026222,0.7918263090676884,0.7523320657426799,0.0362395833020714,31,0.7262569832402235,0.6831805912999811,0.7672619421254159,0.7312001757579563,0.7705260184545855,0.7356851421756325,0.03186444389060267,37,0.6781171995720908,0.6327870378368895,0.7192067838371303,0.6746642994424789,0.7229320971053708,0.6855414835587921,0.033129669767931,31,0.7262569832402235,0.6831805912999812,0.767261942125416,0.7312001757579562,0.7705260184545853,0.7356851421756324,0.03186444389060264,37
354,0.024204587936401366,0.01699446293145861,0.05520930290222168,0.014882513094575962,entropy,4,5,2,best,"{'criterion': 'entropy', 'max_depth': 4, 'min_samples_leaf': 5, 'min_samples_split': 2, 'splitter': 'best'}",0.7262569832402235,0.6834733893557423,0.7675070028011205,0.7310924369747899,0.7703081232492998,0.7357275871242351,0.03177238700106017,31,0.6866359447004609,0.6527777777777778,0.7285714285714285,0.7135416666666666,0.7330097087378641,0.7029073052908396,0.029851694300542915,475,0.7872340425531915,0.7304964539007093,0.8231292517006803,0.7515151515151515,0.8211920529801324,0.782713390529973,0.03697140565736905,19,0.8324022346368715,0.7877094972067039,0.8547486033519553,0.7696629213483146,0.848314606741573,0.8185675726570836,0.033850366707601914,7,0.6201117318435754,0.5786516853932584,0.6797752808988764,0.6927374301675978,0.6927374301675978,0.6528027116941811,0.04579117345881631,571,0.746971736204576,0.6940700808625337,0.7898172323759791,0.7389749702026222,0.7918263090676884,0.7523320657426799,0.0362395833020714,31,0.7262569832402235,0.6831805912999811,0.7672619421254159,0.7312001757579563,0.7705260184545855,0.7356851421756325,0.03186444389060267,37,0.6781171995720908,0.6327870378368895,0.7192067838371303,0.6746642994424789,0.7229320971053708,0.6855414835587921,0.033129669767931,31,0.7262569832402235,0.6831805912999812,0.767261942125416,0.7312001757579562,0.7705260184545853,0.7356851421756324,0.03186444389060264,37
362,0.02387394905090332,0.013078628165490448,0.08129334449768066,0.024685804174683926,entropy,4,6,3,best,"{'criterion': 'entropy', 'max_depth': 4, 'min_samples_leaf': 6, 'min_samples_split': 3, 'splitter': 'best'}",0.7262569832402235,0.6834733893557423,0.7675070028011205,0.7310924369747899,0.7703081232492998,0.7357275871242351,0.03177238700106017,31,0.6866359447004609,0.6527777777777778,0.7285714285714285,0.7135416666666666,0.7352941176470589,0.7033641870726786,0.03032268286138935,463,0.7872340425531915,0.7304964539007093,0.8231292517006803,0.7515151515151515,0.8169934640522876,0.781873672744404,0.036125931208354146,37,0.8324022346368715,0.7877094972067039,0.8547486033519553,0.7696629213483146,0.8426966292134831,0.8174439771514657,0.032924913455839325,37,0.6201117318435754,0.5786516853932584,0.6797752808988764,0.6927374301675978,0.6983240223463687,0.6539200301299354,0.04680881074153573,559,0.746971736204576,0.6940700808625337,0.7898172323759791,0.7389749702026222,0.7901390644753477,0.7519946168242118,0.03587629169251736,37,0.7262569832402235,0.6831805912999811,0.7672619421254159,0.7312001757579563,0.770510325779926,0.7356820036407006,0.03186101262114017,43,0.6781171995720908,0.6327870378368895,0.7192067838371303,0.6746642994424789,0.7217866662493675,0.6853123973875913,0.03287329609021652,37,0.7262569832402235,0.6831805912999812,0.767261942125416,0.7312001757579562,0.770510325779926,0.7356820036407006,0.031861012621140154,43
556,0.014060449600219727,0.00678885131395599,0.04670138359069824,0.005581715827838443,log_loss,4,6,4,best,"{'criterion': 'log_loss', 'max_depth': 4, 'min_samples_leaf': 6, 'min_samples_split': 4, 'splitter': 'best'}",0.7262569832402235,0.6834733893557423,0.7675070028011205,0.7310924369747899,0.7703081232492998,0.7357275871242351,0.03177238700106017,31,0.6866359447004609,0.6527777777777778,0.7285714285714285,0.7135416666666666,0.7352941176470589,0.7033641870726786,0.03032268286138935,463,0.7872340425531915,0.7304964539007093,0.8231292517006803,0.7515151515151515,0.8169934640522876,0.781873672744404,0.036125931208354146,37,0.8324022346368715,0.7877094972067039,0.8547486033519553,0.7696629213483146,0.8426966292134831,0.8174439771514657,0.032924913455839325,37,0.6201117318435754,0.5786516853932584,0.6797752808988764,0.6927374301675978,0.6983240223463687,0.6539200301299354,0.04680881074153573,559,0.746971736204576,0.6940700808625337,0.7898172323759791,0.7389749702026222,0.7901390644753477,0.7519946168242118,0.03587629169251736,37,0.7262569832402235,0.6831805912999811,0.7672619421254159,0.7312001757579563,0.770510325779926,0.7356820036407006,0.03186101262114017,43,0.6781171995720908,0.6327870378368895,0.7192067838371303,0.6746642994424789,0.7217866662493675,0.6853123973875913,0.03287329609021652,37,0.7262569832402235,0.6831805912999812,0.767261942125416,0.7312001757579562,0.770510325779926,0.7356820036407006,0.031861012621140154,43
360,0.018206214904785155,0.006420816747950649,0.051636362075805665,0.022814910242052608,entropy,4,6,2,best,"{'criterion': 'entropy', 'max_depth': 4, 'min_samples_leaf': 6, 'min_samples_split': 2, 'splitter': 'best'}",0.7262569832402235,0.6834733893557423,0.7675070028011205,0.7310924369747899,0.7703081232492998,0.7357275871242351,0.03177238700106017,31,0.6866359447004609,0.6527777777777778,0.7285714285714285,0.7135416666666666,0.7352941176470589,0.7033641870726786,0.03032268286138935,463,0.7872340425531915,0.7304964539007093,0.8231292517006803,0.7515151515151515,0.8169934640522876,0.781873672744404,0.036125931208354146,37,0.8324022346368715,0.7877094972067039,0.8547486033519553,0.7696629213483146,0.8426966292134831,0.8174439771514657,0.032924913455839325,37,0.6201117318435754,0.5786516853932584,0.6797752808988764,0.6927374301675978,0.6983240223463687,0.6539200301299354,0.04680881074153573,559,0.746971736204576,0.6940700808625337,0.7898172323759791,0.7389749702026222,0.7901390644753477,0.7519946168242118,0.03587629169251736,37,0.7262569832402235,0.6831805912999811,0.7672619421254159,0.7312001757579563,0.770510325779926,0.7356820036407006,0.03186101262114017,43,0.6781171995720908,0.6327870378368895,0.7192067838371303,0.6746642994424789,0.7217866662493675,0.6853123973875913,0.03287329609021652,37,0.7262569832402235,0.6831805912999812,0.767261942125416,0.7312001757579562,0.770510325779926,0.7356820036407006,0.031861012621140154,43
554,0.025927066802978516,0.016344149698330566,0.05090489387512207,0.014613332317852171,log_loss,4,6,3,best,"{'criterion': 'log_loss', 'max_depth': 4, 'min_samples_leaf': 6, 'min_samples_split': 3, 'splitter': 'best'}",0.7262569832402235,0.6834733893557423,0.7675070028011205,0.7310924369747899,0.7703081232492998,0.7357275871242351,0.03177238700106017,31,0.6866359447004609,0.6527777777777778,0.7285714285714285,0.7135416666666666,0.7352941176470589,0.7033641870726786,0.03032268286138935,463,0.7872340425531915,0.7304964539007093,0.8231292517006803,0.7515151515151515,0.8169934640522876,0.781873672744404,0.036125931208354146,37,0.8324022346368715,0.7877094972067039,0.8547486033519553,0.7696629213483146,0.8426966292134831,0.8174439771514657,0.032924913455839325,37,0.6201117318435754,0.5786516853932584,0.6797752808988764,0.6927374301675978,0.6983240223463687,0.6539200301299354,0.04680881074153573,559,0.746971736204576,0.6940700808625337,0.7898172323759791,0.7389749702026222,0.7901390644753477,0.7519946168242118,0.03587629169251736,37,0.7262569832402235,0.6831805912999811,0.7672619421254159,0.7312001757579563,0.770510325779926,0.7356820036407006,0.03186101262114017,43,0.6781171995720908,0.6327870378368895,0.7192067838371303,0.6746642994424789,0.7217866662493675,0.6853123973875913,0.03287329609021652,37,0.7262569832402235,0.6831805912999812,0.767261942125416,0.7312001757579562,0.770510325779926,0.7356820036407006,0.031861012621140154,43
364,0.02136983871459961,0.013236516526298892,0.05107970237731933,0.00971648629595389,entropy,4,6,4,best,"{'criterion': 'entropy', 'max_depth': 4, 'min_samples_leaf': 6, 'min_samples_split': 4, 'splitter': 'best'}",0.7262569832402235,0.6834733893557423,0.7675070028011205,0.7310924369747899,0.7703081232492998,0.7357275871242351,0.03177238700106017,31,0.6866359447004609,0.6527777777777778,0.7285714285714285,0.7135416666666666,0.7352941176470589,0.7033641870726786,0.03032268286138935,463,0.7872340425531915,0.7304964539007093,0.8231292517006803,0.7515151515151515,0.8169934640522876,0.781873672744404,0.036125931208354146,37,0.8324022346368715,0.7877094972067039,0.8547486033519553,0.7696629213483146,0.8426966292134831,0.8174439771514657,0.032924913455839325,37,0.6201117318435754,0.5786516853932584,0.6797752808988764,0.6927374301675978,0.6983240223463687,0.6539200301299354,0.04680881074153573,559,0.746971736204576,0.6940700808625337,0.7898172323759791,0.7389749702026222,0.7901390644753477,0.7519946168242118,0.03587629169251736,37,0.7262569832402235,0.6831805912999811,0.7672619421254159,0.7312001757579563,0.770510325779926,0.7356820036407006,0.03186101262114017,43,0.6781171995720908,0.6327870378368895,0.7192067838371303,0.6746642994424789,0.7217866662493675,0.6853123973875913,0.03287329609021652,37,0.7262569832402235,0.6831805912999812,0.767261942125416,0.7312001757579562,0.770510325779926,0.7356820036407006,0.031861012621140154,43
552,0.013285207748413085,0.00404157738971502,0.0501617431640625,0.012567178871293477,log_loss,4,6,2,best,"{'criterion': 'log_loss', 'max_depth': 4, 'min_samples_leaf': 6, 'min_samples_split': 2, 'splitter': 'best'}",0.7262569832402235,0.6834733893557423,0.7675070028011205,0.7310924369747899,0.7703081232492998,0.7357275871242351,0.03177238700106017,31,0.6866359447004609,0.6527777777777778,0.7285714285714285,0.7135416666666666,0.7352941176470589,0.7033641870726786,0.03032268286138935,463,0.7872340425531915,0.7304964539007093,0.8231292517006803,0.7515151515151515,0.8169934640522876,0.781873672744404,0.036125931208354146,37,0.8324022346368715,0.7877094972067039,0.8547486033519553,0.7696629213483146,0.8426966292134831,0.8174439771514657,0.032924913455839325,37,0.6201117318435754,0.5786516853932584,0.6797752808988764,0.6927374301675978,0.6983240223463687,0.6539200301299354,0.04680881074153573,559,0.746971736204576,0.6940700808625337,0.7898172323759791,0.7389749702026222,0.7901390644753477,0.7519946168242118,0.03587629169251736,37,0.7262569832402235,0.6831805912999811,0.7672619421254159,0.7312001757579563,0.770510325779926,0.7356820036407006,0.03186101262114017,43,0.6781171995720908,0.6327870378368895,0.7192067838371303,0.6746642994424789,0.7217866662493675,0.6853123973875913,0.03287329609021652,37,0.7262569832402235,0.6831805912999812,0.767261942125416,0.7312001757579562,0.770510325779926,0.7356820036407006,0.031861012621140154,43
574,0.02017807960510254,0.0071327483657320535,0.04262948036193848,0.004221901407274075,log_loss,4,9,4,best,"{'criterion': 'log_loss', 'max_depth': 4, 'min_samples_leaf': 9, 'min_samples_split': 4, 'splitter': 'best'}",0.7262569832402235,0.6834733893557423,0.7703081232492998,0.7310924369747899,0.7675070028011205,0.7357275871242351,0.03177238700106017,31,0.6866359447004609,0.6527777777777778,0.7412935323383084,0.7135416666666666,0.7294685990338164,0.704743504103406,0.0317898190238976,433,0.7872340425531915,0.7304964539007093,0.8076923076923077,0.7515151515151515,0.82,0.7793875911322721,0.03370254507745623,43,0.8324022346368715,0.7877094972067039,0.8324022346368715,0.7696629213483146,0.848314606741573,0.8140982989140669,0.03003895964309438,43,0.6201117318435754,0.5786516853932584,0.7078651685393258,0.6927374301675978,0.6871508379888268,0.6573033707865168,0.049542395737535994,529,0.746971736204576,0.6940700808625337,0.7855361596009975,0.7389749702026222,0.7894736842105263,0.7510053262162512,0.034856317931490625,43,0.7262569832402235,0.6831805912999811,0.7701337015880987,0.7312001757579563,0.7677327223652,0.7357008348502919,0.03187313093385607,31,0.6781171995720908,0.6327870378368895,0.7173955148178546,0.6746642994424789,0.7203264322488772,0.6846580967836382,0.03217836158754243,43,0.7262569832402235,0.6831805912999812,0.7701337015880987,0.7312001757579562,0.7677327223651998,0.7357008348502918,0.03187313093385601,31
382,0.01586127281188965,0.004631741716835618,0.04743518829345703,0.011958278527513787,entropy,4,9,4,best,"{'criterion': 'entropy', 'max_depth': 4, 'min_samples_leaf': 9, 'min_samples_split': 4, 'splitter': 'best'}",0.7262569832402235,0.6834733893557423,0.7703081232492998,0.7310924369747899,0.7675070028011205,0.7357275871242351,0.03177238700106017,31,0.6866359447004609,0.6527777777777778,0.7412935323383084,0.7135416666666666,0.7294685990338164,0.704743504103406,0.0317898190238976,433,0.7872340425531915,0.7304964539007093,0.8076923076923077,0.7515151515151515,0.82,0.7793875911322721,0.03370254507745623,43,0.8324022346368715,0.7877094972067039,0.8324022346368715,0.7696629213483146,0.848314606741573,0.8140982989140669,0.03003895964309438,43,0.6201117318435754,0.5786516853932584,0.7078651685393258,0.6927374301675978,0.6871508379888268,0.6573033707865168,0.049542395737535994,529,0.746971736204576,0.6940700808625337,0.7855361596009975,0.7389749702026222,0.7894736842105263,0.7510053262162512,0.034856317931490625,43,0.7262569832402235,0.6831805912999811,0.7701337015880987,0.7312001757579563,0.7677327223652,0.7357008348502919,0.03187313093385607,31,0.6781171995720908,0.6327870378368895,0.7173955148178546,0.6746642994424789,0.7203264322488772,0.6846580967836382,0.03217836158754243,43,0.7262569832402235,0.6831805912999812,0.7701337015880987,0.7312001757579562,0.7677327223651998,0.7357008348502918,0.03187313093385601,31
380,0.01660633087158203,0.010440871369842114,0.050929832458496097,0.014410315735087166,entropy,4,9,3,best,"{'criterion': 'entropy', 'max_depth': 4, 'min_samples_leaf': 9, 'min_samples_split': 3, 'splitter': 'best'}",0.7262569832402235,0.6834733893557423,0.7703081232492998,0.7310924369747899,0.7675070028011205,0.7357275871242351,0.03177238700106017,31,0.6866359447004609,0.6527777777777778,0.7412935323383084,0.7135416666666666,0.7294685990338164,0.704743504103406,0.0317898190238976,433,0.7872340425531915,0.7304964539007093,0.8076923076923077,0.7515151515151515,0.82,0.7793875911322721,0.03370254507745623,43,0.8324022346368715,0.7877094972067039,0.8324022346368715,0.7696629213483146,0.848314606741573,0.8140982989140669,0.03003895964309438,43,0.6201117318435754,0.5786516853932584,0.7078651685393258,0.6927374301675978,0.6871508379888268,0.6573033707865168,0.049542395737535994,529,0.746971736204576,0.6940700808625337,0.7855361596009975,0.7389749702026222,0.7894736842105263,0.7510053262162512,0.034856317931490625,43,0.7262569832402235,0.6831805912999811,0.7701337015880987,0.7312001757579563,0.7677327223652,0.7357008348502919,0.03187313093385607,31,0.6781171995720908,0.6327870378368895,0.7173955148178546,0.6746642994424789,0.7203264322488772,0.6846580967836382,0.03217836158754243,43,0.7262569832402235,0.6831805912999812,0.7701337015880987,0.7312001757579562,0.7677327223651998,0.7357008348502918,0.03187313093385601,31
378,0.018213891983032228,0.011637262913595839,0.06293387413024902,0.024605185115423988,entropy,4,9,2,best,"{'criterion': 'entropy', 'max_depth': 4, 'min_samples_leaf': 9, 'min_samples_split': 2, 'splitter': 'best'}",0.7262569832402235,0.6834733893557423,0.7703081232492998,0.7310924369747899,0.7675070028011205,0.7357275871242351,0.03177238700106017,31,0.6866359447004609,0.6527777777777778,0.7412935323383084,0.7135416666666666,0.7294685990338164,0.704743504103406,0.0317898190238976,433,0.7872340425531915,0.7304964539007093,0.8076923076923077,0.7515151515151515,0.82,0.7793875911322721,0.03370254507745623,43,0.8324022346368715,0.7877094972067039,0.8324022346368715,0.7696629213483146,0.848314606741573,0.8140982989140669,0.03003895964309438,43,0.6201117318435754,0.5786516853932584,0.7078651685393258,0.6927374301675978,0.6871508379888268,0.6573033707865168,0.049542395737535994,529,0.746971736204576,0.6940700808625337,0.7855361596009975,0.7389749702026222,0.7894736842105263,0.7510053262162512,0.034856317931490625,43,0.7262569832402235,0.6831805912999811,0.7701337015880987,0.7312001757579563,0.7677327223652,0.7357008348502919,0.03187313093385607,31,0.6781171995720908,0.6327870378368895,0.7173955148178546,0.6746642994424789,0.7203264322488772,0.6846580967836382,0.03217836158754243,43,0.7262569832402235,0.6831805912999812,0.7701337015880987,0.7312001757579562,0.7677327223651998,0.7357008348502918,0.03187313093385601,31
572,0.014872884750366211,0.0033347587162027665,0.04658675193786621,0.010732546469915774,log_loss,4,9,3,best,"{'criterion': 'log_loss', 'max_depth': 4, 'min_samples_leaf': 9, 'min_samples_split': 3, 'splitter': 'best'}",0.7262569832402235,0.6834733893557423,0.7703081232492998,0.7310924369747899,0.7675070028011205,0.7357275871242351,0.03177238700106017,31,0.6866359447004609,0.6527777777777778,0.7412935323383084,0.7135416666666666,0.7294685990338164,0.704743504103406,0.0317898190238976,433,0.7872340425531915,0.7304964539007093,0.8076923076923077,0.7515151515151515,0.82,0.7793875911322721,0.03370254507745623,43,0.8324022346368715,0.7877094972067039,0.8324022346368715,0.7696629213483146,0.848314606741573,0.8140982989140669,0.03003895964309438,43,0.6201117318435754,0.5786516853932584,0.7078651685393258,0.6927374301675978,0.6871508379888268,0.6573033707865168,0.049542395737535994,529,0.746971736204576,0.6940700808625337,0.7855361596009975,0.7389749702026222,0.7894736842105263,0.7510053262162512,0.034856317931490625,43,0.7262569832402235,0.6831805912999811,0.7701337015880987,0.7312001757579563,0.7677327223652,0.7357008348502919,0.03187313093385607,31,0.6781171995720908,0.6327870378368895,0.7173955148178546,0.6746642994424789,0.7203264322488772,0.6846580967836382,0.03217836158754243,43,0.7262569832402235,0.6831805912999812,0.7701337015880987,0.7312001757579562,0.7677327223651998,0.7357008348502918,0.03187313093385601,31
570,0.015677595138549806,0.002254730346924625,0.044167089462280276,0.0041290855759478695,log_loss,4,9,2,best,"{'criterion': 'log_loss', 'max_depth': 4, 'min_samples_leaf': 9, 'min_samples_split': 2, 'splitter': 'best'}",0.7262569832402235,0.6834733893557423,0.7703081232492998,0.7310924369747899,0.7675070028011205,0.7357275871242351,0.03177238700106017,31,0.6866359447004609,0.6527777777777778,0.7412935323383084,0.7135416666666666,0.7294685990338164,0.704743504103406,0.0317898190238976,433,0.7872340425531915,0.7304964539007093,0.8076923076923077,0.7515151515151515,0.82,0.7793875911322721,0.03370254507745623,43,0.8324022346368715,0.7877094972067039,0.8324022346368715,0.7696629213483146,0.848314606741573,0.8140982989140669,0.03003895964309438,43,0.6201117318435754,0.5786516853932584,0.7078651685393258,0.6927374301675978,0.6871508379888268,0.6573033707865168,0.049542395737535994,529,0.746971736204576,0.6940700808625337,0.7855361596009975,0.7389749702026222,0.7894736842105263,0.7510053262162512,0.034856317931490625,43,0.7262569832402235,0.6831805912999811,0.7701337015880987,0.7312001757579563,0.7677327223652,0.7357008348502919,0.03187313093385607,31,0.6781171995720908,0.6327870378368895,0.7173955148178546,0.6746642994424789,0.7203264322488772,0.6846580967836382,0.03217836158754243,43,0.7262569832402235,0.6831805912999812,0.7701337015880987,0.7312001757579562,0.7677327223651998,0.7357008348502918,0.03187313093385601,31
330,0.019796991348266603,0.005921017786356939,0.060184049606323245,0.01263261964764536,entropy,3,9,2,best,"{'criterion': 'entropy', 'max_depth': 3, 'min_samples_leaf': 9, 'min_samples_split': 2, 'splitter': 'best'}",0.7039106145251397,0.6834733893557423,0.7591036414565826,0.7394957983193278,0.7675070028011205,0.7306980892915826,0.0322084221286328,58,0.6763285024154589,0.6527777777777778,0.7409326424870466,0.7157360406091371,0.7461139896373057,0.7063777905853452,0.03643213208430602,409,0.7417218543046358,0.7304964539007093,0.7804878048780488,0.76875,0.7926829268292683,0.7628278079825325,0.023362592781675035,49,0.7821229050279329,0.7877094972067039,0.7988826815642458,0.7921348314606742,0.8089887640449438,0.7939677358609002,0.009301753447899212,49,0.6256983240223464,0.5786516853932584,0.7191011235955056,0.6871508379888268,0.7262569832402235,0.6673717908480322,0.0568199531934684,505,0.7151979565772669,0.6940700808625337,0.7673860911270983,0.7509157509157509,0.7784431137724551,0.741202598651021,0.03182606546256863,49,0.7039106145251397,0.6831805912999811,0.7589919025798757,0.7396428347247506,0.7676228736425836,0.7306697633544662,0.03230933440532628,58,0.6512449591179844,0.6327870378368895,0.7013056798493582,0.6851099518019499,0.7129464130658395,0.6766788083344043,0.030220107005469385,49,0.7039106145251397,0.6831805912999812,0.7589919025798757,0.7396428347247505,0.7676228736425836,0.7306697633544662,0.03230933440532624,58
512,0.012476253509521484,0.00275276416094182,0.05148491859436035,0.008254699247177073,log_loss,3,7,3,best,"{'criterion': 'log_loss', 'max_depth': 3, 'min_samples_leaf': 7, 'min_samples_split': 3, 'splitter': 'best'}",0.7039106145251397,0.6834733893557423,0.7591036414565826,0.7394957983193278,0.7675070028011205,0.7306980892915826,0.0322084221286328,58,0.6763285024154589,0.6527777777777778,0.7409326424870466,0.7157360406091371,0.7461139896373057,0.7063777905853452,0.03643213208430602,409,0.7417218543046358,0.7304964539007093,0.7804878048780488,0.76875,0.7926829268292683,0.7628278079825325,0.023362592781675035,49,0.7821229050279329,0.7877094972067039,0.7988826815642458,0.7921348314606742,0.8089887640449438,0.7939677358609002,0.009301753447899212,49,0.6256983240223464,0.5786516853932584,0.7191011235955056,0.6871508379888268,0.7262569832402235,0.6673717908480322,0.0568199531934684,505,0.7151979565772669,0.6940700808625337,0.7673860911270983,0.7509157509157509,0.7784431137724551,0.741202598651021,0.03182606546256863,49,0.7039106145251397,0.6831805912999811,0.7589919025798757,0.7396428347247506,0.7676228736425836,0.7306697633544662,0.03230933440532628,58,0.6512449591179844,0.6327870378368895,0.7013056798493582,0.6851099518019499,0.7129464130658395,0.6766788083344043,0.030220107005469385,49,0.7039106145251397,0.6831805912999812,0.7589919025798757,0.7396428347247505,0.7676228736425836,0.7306697633544662,0.03230933440532624,58
514,0.02008376121520996,0.013217979218429609,0.05976901054382324,0.010109150307128539,log_loss,3,7,4,best,"{'criterion': 'log_loss', 'max_depth': 3, 'min_samples_leaf': 7, 'min_samples_split': 4, 'splitter': 'best'}",0.7039106145251397,0.6834733893557423,0.7591036414565826,0.7394957983193278,0.7675070028011205,0.7306980892915826,0.0322084221286328,58,0.6763285024154589,0.6527777777777778,0.7409326424870466,0.7157360406091371,0.7461139896373057,0.7063777905853452,0.03643213208430602,409,0.7417218543046358,0.7304964539007093,0.7804878048780488,0.76875,0.7926829268292683,0.7628278079825325,0.023362592781675035,49,0.7821229050279329,0.7877094972067039,0.7988826815642458,0.7921348314606742,0.8089887640449438,0.7939677358609002,0.009301753447899212,49,0.6256983240223464,0.5786516853932584,0.7191011235955056,0.6871508379888268,0.7262569832402235,0.6673717908480322,0.0568199531934684,505,0.7151979565772669,0.6940700808625337,0.7673860911270983,0.7509157509157509,0.7784431137724551,0.741202598651021,0.03182606546256863,49,0.7039106145251397,0.6831805912999811,0.7589919025798757,0.7396428347247506,0.7676228736425836,0.7306697633544662,0.03230933440532628,58,0.6512449591179844,0.6327870378368895,0.7013056798493582,0.6851099518019499,0.7129464130658395,0.6766788083344043,0.030220107005469385,49,0.7039106145251397,0.6831805912999812,0.7589919025798757,0.7396428347247505,0.7676228736425836,0.7306697633544662,0.03230933440532624,58
334,0.023200559616088866,0.018686186626593194,0.0963357925415039,0.02141799032581794,entropy,3,9,4,best,"{'criterion': 'entropy', 'max_depth': 3, 'min_samples_leaf': 9, 'min_samples_split': 4, 'splitter': 'best'}",0.7039106145251397,0.6834733893557423,0.7591036414565826,0.7394957983193278,0.7675070028011205,0.7306980892915826,0.0322084221286328,58,0.6763285024154589,0.6527777777777778,0.7409326424870466,0.7157360406091371,0.7461139896373057,0.7063777905853452,0.03643213208430602,409,0.7417218543046358,0.7304964539007093,0.7804878048780488,0.76875,0.7926829268292683,0.7628278079825325,0.023362592781675035,49,0.7821229050279329,0.7877094972067039,0.7988826815642458,0.7921348314606742,0.8089887640449438,0.7939677358609002,0.009301753447899212,49,0.6256983240223464,0.5786516853932584,0.7191011235955056,0.6871508379888268,0.7262569832402235,0.6673717908480322,0.0568199531934684,505,0.7151979565772669,0.6940700808625337,0.7673860911270983,0.7509157509157509,0.7784431137724551,0.741202598651021,0.03182606546256863,49,0.7039106145251397,0.6831805912999811,0.7589919025798757,0.7396428347247506,0.7676228736425836,0.7306697633544662,0.03230933440532628,58,0.6512449591179844,0.6327870378368895,0.7013056798493582,0.6851099518019499,0.7129464130658395,0.6766788083344043,0.030220107005469385,49,0.7039106145251397,0.6831805912999812,0.7589919025798757,0.7396428347247505,0.7676228736425836,0.7306697633544662,0.03230933440532624,58
332,0.01727948188781738,0.0033761162443884736,0.052887344360351564,0.0058252463655686995,entropy,3,9,3,best,"{'criterion': 'entropy', 'max_depth': 3, 'min_samples_leaf': 9, 'min_samples_split': 3, 'splitter': 'best'}",0.7039106145251397,0.6834733893557423,0.7591036414565826,0.7394957983193278,0.7675070028011205,0.7306980892915826,0.0322084221286328,58,0.6763285024154589,0.6527777777777778,0.7409326424870466,0.7157360406091371,0.7461139896373057,0.7063777905853452,0.03643213208430602,409,0.7417218543046358,0.7304964539007093,0.7804878048780488,0.76875,0.7926829268292683,0.7628278079825325,0.023362592781675035,49,0.7821229050279329,0.7877094972067039,0.7988826815642458,0.7921348314606742,0.8089887640449438,0.7939677358609002,0.009301753447899212,49,0.6256983240223464,0.5786516853932584,0.7191011235955056,0.6871508379888268,0.7262569832402235,0.6673717908480322,0.0568199531934684,505,0.7151979565772669,0.6940700808625337,0.7673860911270983,0.7509157509157509,0.7784431137724551,0.741202598651021,0.03182606546256863,49,0.7039106145251397,0.6831805912999811,0.7589919025798757,0.7396428347247506,0.7676228736425836,0.7306697633544662,0.03230933440532628,58,0.6512449591179844,0.6327870378368895,0.7013056798493582,0.6851099518019499,0.7129464130658395,0.6766788083344043,0.030220107005469385,49,0.7039106145251397,0.6831805912999812,0.7589919025798757,0.7396428347247505,0.7676228736425836,0.7306697633544662,0.03230933440532624,58
516,0.011386728286743164,0.0032700547090354806,0.05519323348999024,0.009585804652116552,log_loss,3,8,2,best,"{'criterion': 'log_loss', 'max_depth': 3, 'min_samples_leaf': 8, 'min_samples_split': 2, 'splitter': 'best'}",0.7039106145251397,0.6834733893557423,0.7591036414565826,0.7394957983193278,0.7675070028011205,0.7306980892915826,0.0322084221286328,58,0.6763285024154589,0.6527777777777778,0.7409326424870466,0.7157360406091371,0.7461139896373057,0.7063777905853452,0.03643213208430602,409,0.7417218543046358,0.7304964539007093,0.7804878048780488,0.76875,0.7926829268292683,0.7628278079825325,0.023362592781675035,49,0.7821229050279329,0.7877094972067039,0.7988826815642458,0.7921348314606742,0.8089887640449438,0.7939677358609002,0.009301753447899212,49,0.6256983240223464,0.5786516853932584,0.7191011235955056,0.6871508379888268,0.7262569832402235,0.6673717908480322,0.0568199531934684,505,0.7151979565772669,0.6940700808625337,0.7673860911270983,0.7509157509157509,0.7784431137724551,0.741202598651021,0.03182606546256863,49,0.7039106145251397,0.6831805912999811,0.7589919025798757,0.7396428347247506,0.7676228736425836,0.7306697633544662,0.03230933440532628,58,0.6512449591179844,0.6327870378368895,0.7013056798493582,0.6851099518019499,0.7129464130658395,0.6766788083344043,0.030220107005469385,49,0.7039106145251397,0.6831805912999812,0.7589919025798757,0.7396428347247505,0.7676228736425836,0.7306697633544662,0.03230933440532624,58
518,0.012715482711791992,0.002325074444783733,0.0599700927734375,0.006494411635964957,log_loss,3,8,3,best,"{'criterion': 'log_loss', 'max_depth': 3, 'min_samples_leaf': 8, 'min_samples_split': 3, 'splitter': 'best'}",0.7039106145251397,0.6834733893557423,0.7591036414565826,0.7394957983193278,0.7675070028011205,0.7306980892915826,0.0322084221286328,58,0.6763285024154589,0.6527777777777778,0.7409326424870466,0.7157360406091371,0.7461139896373057,0.7063777905853452,0.03643213208430602,409,0.7417218543046358,0.7304964539007093,0.7804878048780488,0.76875,0.7926829268292683,0.7628278079825325,0.023362592781675035,49,0.7821229050279329,0.7877094972067039,0.7988826815642458,0.7921348314606742,0.8089887640449438,0.7939677358609002,0.009301753447899212,49,0.6256983240223464,0.5786516853932584,0.7191011235955056,0.6871508379888268,0.7262569832402235,0.6673717908480322,0.0568199531934684,505,0.7151979565772669,0.6940700808625337,0.7673860911270983,0.7509157509157509,0.7784431137724551,0.741202598651021,0.03182606546256863,49,0.7039106145251397,0.6831805912999811,0.7589919025798757,0.7396428347247506,0.7676228736425836,0.7306697633544662,0.03230933440532628,58,0.6512449591179844,0.6327870378368895,0.7013056798493582,0.6851099518019499,0.7129464130658395,0.6766788083344043,0.030220107005469385,49,0.7039106145251397,0.6831805912999812,0.7589919025798757,0.7396428347247505,0.7676228736425836,0.7306697633544662,0.03230933440532624,58
520,0.02218003273010254,0.014690526089965704,0.06000428199768067,0.006742677279953895,log_loss,3,8,4,best,"{'criterion': 'log_loss', 'max_depth': 3, 'min_samples_leaf': 8, 'min_samples_split': 4, 'splitter': 'best'}",0.7039106145251397,0.6834733893557423,0.7591036414565826,0.7394957983193278,0.7675070028011205,0.7306980892915826,0.0322084221286328,58,0.6763285024154589,0.6527777777777778,0.7409326424870466,0.7157360406091371,0.7461139896373057,0.7063777905853452,0.03643213208430602,409,0.7417218543046358,0.7304964539007093,0.7804878048780488,0.76875,0.7926829268292683,0.7628278079825325,0.023362592781675035,49,0.7821229050279329,0.7877094972067039,0.7988826815642458,0.7921348314606742,0.8089887640449438,0.7939677358609002,0.009301753447899212,49,0.6256983240223464,0.5786516853932584,0.7191011235955056,0.6871508379888268,0.7262569832402235,0.6673717908480322,0.0568199531934684,505,0.7151979565772669,0.6940700808625337,0.7673860911270983,0.7509157509157509,0.7784431137724551,0.741202598651021,0.03182606546256863,49,0.7039106145251397,0.6831805912999811,0.7589919025798757,0.7396428347247506,0.7676228736425836,0.7306697633544662,0.03230933440532628,58,0.6512449591179844,0.6327870378368895,0.7013056798493582,0.6851099518019499,0.7129464130658395,0.6766788083344043,0.030220107005469385,49,0.7039106145251397,0.6831805912999812,0.7589919025798757,0.7396428347247505,0.7676228736425836,0.7306697633544662,0.03230933440532624,58
328,0.015290975570678711,0.006629217898444757,0.07918400764465332,0.015485867567525872,entropy,3,8,4,best,"{'criterion': 'entropy', 'max_depth': 3, 'min_samples_leaf': 8, 'min_samples_split': 4, 'splitter': 'best'}",0.7039106145251397,0.6834733893557423,0.7591036414565826,0.7394957983193278,0.7675070028011205,0.7306980892915826,0.0322084221286328,58,0.6763285024154589,0.6527777777777778,0.7409326424870466,0.7157360406091371,0.7461139896373057,0.7063777905853452,0.03643213208430602,409,0.7417218543046358,0.7304964539007093,0.7804878048780488,0.76875,0.7926829268292683,0.7628278079825325,0.023362592781675035,49,0.7821229050279329,0.7877094972067039,0.7988826815642458,0.7921348314606742,0.8089887640449438,0.7939677358609002,0.009301753447899212,49,0.6256983240223464,0.5786516853932584,0.7191011235955056,0.6871508379888268,0.7262569832402235,0.6673717908480322,0.0568199531934684,505,0.7151979565772669,0.6940700808625337,0.7673860911270983,0.7509157509157509,0.7784431137724551,0.741202598651021,0.03182606546256863,49,0.7039106145251397,0.6831805912999811,0.7589919025798757,0.7396428347247506,0.7676228736425836,0.7306697633544662,0.03230933440532628,58,0.6512449591179844,0.6327870378368895,0.7013056798493582,0.6851099518019499,0.7129464130658395,0.6766788083344043,0.030220107005469385,49,0.7039106145251397,0.6831805912999812,0.7589919025798757,0.7396428347247505,0.7676228736425836,0.7306697633544662,0.03230933440532624,58
326,0.018276786804199217,0.010463576459120551,0.07365527153015136,0.02558574070980566,entropy,3,8,3,best,"{'criterion': 'entropy', 'max_depth': 3, 'min_samples_leaf': 8, 'min_samples_split': 3, 'splitter': 'best'}",0.7039106145251397,0.6834733893557423,0.7591036414565826,0.7394957983193278,0.7675070028011205,0.7306980892915826,0.0322084221286328,58,0.6763285024154589,0.6527777777777778,0.7409326424870466,0.7157360406091371,0.7461139896373057,0.7063777905853452,0.03643213208430602,409,0.7417218543046358,0.7304964539007093,0.7804878048780488,0.76875,0.7926829268292683,0.7628278079825325,0.023362592781675035,49,0.7821229050279329,0.7877094972067039,0.7988826815642458,0.7921348314606742,0.8089887640449438,0.7939677358609002,0.009301753447899212,49,0.6256983240223464,0.5786516853932584,0.7191011235955056,0.6871508379888268,0.7262569832402235,0.6673717908480322,0.0568199531934684,505,0.7151979565772669,0.6940700808625337,0.7673860911270983,0.7509157509157509,0.7784431137724551,0.741202598651021,0.03182606546256863,49,0.7039106145251397,0.6831805912999811,0.7589919025798757,0.7396428347247506,0.7676228736425836,0.7306697633544662,0.03230933440532628,58,0.6512449591179844,0.6327870378368895,0.7013056798493582,0.6851099518019499,0.7129464130658395,0.6766788083344043,0.030220107005469385,49,0.7039106145251397,0.6831805912999812,0.7589919025798757,0.7396428347247505,0.7676228736425836,0.7306697633544662,0.03230933440532624,58
522,0.01401519775390625,0.004179100431964758,0.051762962341308595,0.009540115948072261,log_loss,3,9,2,best,"{'criterion': 'log_loss', 'max_depth': 3, 'min_samples_leaf': 9, 'min_samples_split': 2, 'splitter': 'best'}",0.7039106145251397,0.6834733893557423,0.7591036414565826,0.7394957983193278,0.7675070028011205,0.7306980892915826,0.0322084221286328,58,0.6763285024154589,0.6527777777777778,0.7409326424870466,0.7157360406091371,0.7461139896373057,0.7063777905853452,0.03643213208430602,409,0.7417218543046358,0.7304964539007093,0.7804878048780488,0.76875,0.7926829268292683,0.7628278079825325,0.023362592781675035,49,0.7821229050279329,0.7877094972067039,0.7988826815642458,0.7921348314606742,0.8089887640449438,0.7939677358609002,0.009301753447899212,49,0.6256983240223464,0.5786516853932584,0.7191011235955056,0.6871508379888268,0.7262569832402235,0.6673717908480322,0.0568199531934684,505,0.7151979565772669,0.6940700808625337,0.7673860911270983,0.7509157509157509,0.7784431137724551,0.741202598651021,0.03182606546256863,49,0.7039106145251397,0.6831805912999811,0.7589919025798757,0.7396428347247506,0.7676228736425836,0.7306697633544662,0.03230933440532628,58,0.6512449591179844,0.6327870378368895,0.7013056798493582,0.6851099518019499,0.7129464130658395,0.6766788083344043,0.030220107005469385,49,0.7039106145251397,0.6831805912999812,0.7589919025798757,0.7396428347247505,0.7676228736425836,0.7306697633544662,0.03230933440532624,58
320,0.011486339569091796,0.0028645240874641,0.04938154220581055,0.0061032643925846616,entropy,3,7,3,best,"{'criterion': 'entropy', 'max_depth': 3, 'min_samples_leaf': 7, 'min_samples_split': 3, 'splitter': 'best'}",0.7039106145251397,0.6834733893557423,0.7591036414565826,0.7394957983193278,0.7675070028011205,0.7306980892915826,0.0322084221286328,58,0.6763285024154589,0.6527777777777778,0.7409326424870466,0.7157360406091371,0.7461139896373057,0.7063777905853452,0.03643213208430602,409,0.7417218543046358,0.7304964539007093,0.7804878048780488,0.76875,0.7926829268292683,0.7628278079825325,0.023362592781675035,49,0.7821229050279329,0.7877094972067039,0.7988826815642458,0.7921348314606742,0.8089887640449438,0.7939677358609002,0.009301753447899212,49,0.6256983240223464,0.5786516853932584,0.7191011235955056,0.6871508379888268,0.7262569832402235,0.6673717908480322,0.0568199531934684,505,0.7151979565772669,0.6940700808625337,0.7673860911270983,0.7509157509157509,0.7784431137724551,0.741202598651021,0.03182606546256863,49,0.7039106145251397,0.6831805912999811,0.7589919025798757,0.7396428347247506,0.7676228736425836,0.7306697633544662,0.03230933440532628,58,0.6512449591179844,0.6327870378368895,0.7013056798493582,0.6851099518019499,0.7129464130658395,0.6766788083344043,0.030220107005469385,49,0.7039106145251397,0.6831805912999812,0.7589919025798757,0.7396428347247505,0.7676228736425836,0.7306697633544662,0.03230933440532624,58
526,0.017315006256103514,0.010127050651184478,0.04539656639099121,0.006225482715058914,log_loss,3,9,4,best,"{'criterion': 'log_loss', 'max_depth': 3, 'min_samples_leaf': 9, 'min_samples_split': 4, 'splitter': 'best'}",0.7039106145251397,0.6834733893557423,0.7591036414565826,0.7394957983193278,0.7675070028011205,0.7306980892915826,0.0322084221286328,58,0.6763285024154589,0.6527777777777778,0.7409326424870466,0.7157360406091371,0.7461139896373057,0.7063777905853452,0.03643213208430602,409,0.7417218543046358,0.7304964539007093,0.7804878048780488,0.76875,0.7926829268292683,0.7628278079825325,0.023362592781675035,49,0.7821229050279329,0.7877094972067039,0.7988826815642458,0.7921348314606742,0.8089887640449438,0.7939677358609002,0.009301753447899212,49,0.6256983240223464,0.5786516853932584,0.7191011235955056,0.6871508379888268,0.7262569832402235,0.6673717908480322,0.0568199531934684,505,0.7151979565772669,0.6940700808625337,0.7673860911270983,0.7509157509157509,0.7784431137724551,0.741202598651021,0.03182606546256863,49,0.7039106145251397,0.6831805912999811,0.7589919025798757,0.7396428347247506,0.7676228736425836,0.7306697633544662,0.03230933440532628,58,0.6512449591179844,0.6327870378368895,0.7013056798493582,0.6851099518019499,0.7129464130658395,0.6766788083344043,0.030220107005469385,49,0.7039106145251397,0.6831805912999812,0.7589919025798757,0.7396428347247505,0.7676228736425836,0.7306697633544662,0.03230933440532624,58
322,0.01148362159729004,0.0005107777922488599,0.04978675842285156,0.011919036703036083,entropy,3,7,4,best,"{'criterion': 'entropy', 'max_depth': 3, 'min_samples_leaf': 7, 'min_samples_split': 4, 'splitter': 'best'}",0.7039106145251397,0.6834733893557423,0.7591036414565826,0.7394957983193278,0.7675070028011205,0.7306980892915826,0.0322084221286328,58,0.6763285024154589,0.6527777777777778,0.7409326424870466,0.7157360406091371,0.7461139896373057,0.7063777905853452,0.03643213208430602,409,0.7417218543046358,0.7304964539007093,0.7804878048780488,0.76875,0.7926829268292683,0.7628278079825325,0.023362592781675035,49,0.7821229050279329,0.7877094972067039,0.7988826815642458,0.7921348314606742,0.8089887640449438,0.7939677358609002,0.009301753447899212,49,0.6256983240223464,0.5786516853932584,0.7191011235955056,0.6871508379888268,0.7262569832402235,0.6673717908480322,0.0568199531934684,505,0.7151979565772669,0.6940700808625337,0.7673860911270983,0.7509157509157509,0.7784431137724551,0.741202598651021,0.03182606546256863,49,0.7039106145251397,0.6831805912999811,0.7589919025798757,0.7396428347247506,0.7676228736425836,0.7306697633544662,0.03230933440532628,58,0.6512449591179844,0.6327870378368895,0.7013056798493582,0.6851099518019499,0.7129464130658395,0.6766788083344043,0.030220107005469385,49,0.7039106145251397,0.6831805912999812,0.7589919025798757,0.7396428347247505,0.7676228736425836,0.7306697633544662,0.03230933440532624,58
524,0.01365804672241211,0.004691588143173533,0.039652681350708006,0.00444663544792583,log_loss,3,9,3,best,"{'criterion': 'log_loss', 'max_depth': 3, 'min_samples_leaf': 9, 'min_samples_split': 3, 'splitter': 'best'}",0.7039106145251397,0.6834733893557423,0.7591036414565826,0.7394957983193278,0.7675070028011205,0.7306980892915826,0.0322084221286328,58,0.6763285024154589,0.6527777777777778,0.7409326424870466,0.7157360406091371,0.7461139896373057,0.7063777905853452,0.03643213208430602,409,0.7417218543046358,0.7304964539007093,0.7804878048780488,0.76875,0.7926829268292683,0.7628278079825325,0.023362592781675035,49,0.7821229050279329,0.7877094972067039,0.7988826815642458,0.7921348314606742,0.8089887640449438,0.7939677358609002,0.009301753447899212,49,0.6256983240223464,0.5786516853932584,0.7191011235955056,0.6871508379888268,0.7262569832402235,0.6673717908480322,0.0568199531934684,505,0.7151979565772669,0.6940700808625337,0.7673860911270983,0.7509157509157509,0.7784431137724551,0.741202598651021,0.03182606546256863,49,0.7039106145251397,0.6831805912999811,0.7589919025798757,0.7396428347247506,0.7676228736425836,0.7306697633544662,0.03230933440532628,58,0.6512449591179844,0.6327870378368895,0.7013056798493582,0.6851099518019499,0.7129464130658395,0.6766788083344043,0.030220107005469385,49,0.7039106145251397,0.6831805912999812,0.7589919025798757,0.7396428347247505,0.7676228736425836,0.7306697633544662,0.03230933440532624,58
510,0.019794321060180663,0.012636823232819606,0.0517573356628418,0.016370614883531115,log_loss,3,7,2,best,"{'criterion': 'log_loss', 'max_depth': 3, 'min_samples_leaf': 7, 'min_samples_split': 2, 'splitter': 'best'}",0.7039106145251397,0.6834733893557423,0.7591036414565826,0.7394957983193278,0.7675070028011205,0.7306980892915826,0.0322084221286328,58,0.6763285024154589,0.6527777777777778,0.7409326424870466,0.7157360406091371,0.7461139896373057,0.7063777905853452,0.03643213208430602,409,0.7417218543046358,0.7304964539007093,0.7804878048780488,0.76875,0.7926829268292683,0.7628278079825325,0.023362592781675035,49,0.7821229050279329,0.7877094972067039,0.7988826815642458,0.7921348314606742,0.8089887640449438,0.7939677358609002,0.009301753447899212,49,0.6256983240223464,0.5786516853932584,0.7191011235955056,0.6871508379888268,0.7262569832402235,0.6673717908480322,0.0568199531934684,505,0.7151979565772669,0.6940700808625337,0.7673860911270983,0.7509157509157509,0.7784431137724551,0.741202598651021,0.03182606546256863,49,0.7039106145251397,0.6831805912999811,0.7589919025798757,0.7396428347247506,0.7676228736425836,0.7306697633544662,0.03230933440532628,58,0.6512449591179844,0.6327870378368895,0.7013056798493582,0.6851099518019499,0.7129464130658395,0.6766788083344043,0.030220107005469385,49,0.7039106145251397,0.6831805912999812,0.7589919025798757,0.7396428347247505,0.7676228736425836,0.7306697633544662,0.03230933440532624,58
318,0.011710405349731445,0.0021043103862586855,0.05153803825378418,0.011334896858336947,entropy,3,7,2,best,"{'criterion': 'entropy', 'max_depth': 3, 'min_samples_leaf': 7, 'min_samples_split': 2, 'splitter': 'best'}",0.7039106145251397,0.6834733893557423,0.7591036414565826,0.7394957983193278,0.7675070028011205,0.7306980892915826,0.0322084221286328,58,0.6763285024154589,0.6527777777777778,0.7409326424870466,0.7157360406091371,0.7461139896373057,0.7063777905853452,0.03643213208430602,409,0.7417218543046358,0.7304964539007093,0.7804878048780488,0.76875,0.7926829268292683,0.7628278079825325,0.023362592781675035,49,0.7821229050279329,0.7877094972067039,0.7988826815642458,0.7921348314606742,0.8089887640449438,0.7939677358609002,0.009301753447899212,49,0.6256983240223464,0.5786516853932584,0.7191011235955056,0.6871508379888268,0.7262569832402235,0.6673717908480322,0.0568199531934684,505,0.7151979565772669,0.6940700808625337,0.7673860911270983,0.7509157509157509,0.7784431137724551,0.741202598651021,0.03182606546256863,49,0.7039106145251397,0.6831805912999811,0.7589919025798757,0.7396428347247506,0.7676228736425836,0.7306697633544662,0.03230933440532628,58,0.6512449591179844,0.6327870378368895,0.7013056798493582,0.6851099518019499,0.7129464130658395,0.6766788083344043,0.030220107005469385,49,0.7039106145251397,0.6831805912999812,0.7589919025798757,0.7396428347247505,0.7676228736425836,0.7306697633544662,0.03230933440532624,58
324,0.027899169921875,0.012735936905130597,0.07288990020751954,0.02388941289749031,entropy,3,8,2,best,"{'criterion': 'entropy', 'max_depth': 3, 'min_samples_leaf': 8, 'min_samples_split': 2, 'splitter': 'best'}",0.7039106145251397,0.6834733893557423,0.7591036414565826,0.7394957983193278,0.7675070028011205,0.7306980892915826,0.0322084221286328,58,0.6763285024154589,0.6527777777777778,0.7409326424870466,0.7157360406091371,0.7461139896373057,0.7063777905853452,0.03643213208430602,409,0.7417218543046358,0.7304964539007093,0.7804878048780488,0.76875,0.7926829268292683,0.7628278079825325,0.023362592781675035,49,0.7821229050279329,0.7877094972067039,0.7988826815642458,0.7921348314606742,0.8089887640449438,0.7939677358609002,0.009301753447899212,49,0.6256983240223464,0.5786516853932584,0.7191011235955056,0.6871508379888268,0.7262569832402235,0.6673717908480322,0.0568199531934684,505,0.7151979565772669,0.6940700808625337,0.7673860911270983,0.7509157509157509,0.7784431137724551,0.741202598651021,0.03182606546256863,49,0.7039106145251397,0.6831805912999811,0.7589919025798757,0.7396428347247506,0.7676228736425836,0.7306697633544662,0.03230933440532628,58,0.6512449591179844,0.6327870378368895,0.7013056798493582,0.6851099518019499,0.7129464130658395,0.6766788083344043,0.030220107005469385,49,0.7039106145251397,0.6831805912999812,0.7589919025798757,0.7396428347247505,0.7676228736425836,0.7306697633544662,0.03230933440532624,58
310,0.012370920181274414,0.0013187677932680459,0.04466614723205566,0.004926096457419817,entropy,3,5,4,best,"{'criterion': 'entropy', 'max_depth': 3, 'min_samples_leaf': 5, 'min_samples_split': 4, 'splitter': 'best'}",0.7039106145251397,0.6834733893557423,0.7563025210084033,0.7394957983193278,0.7703081232492998,0.7306980892915826,0.03240272360837181,58,0.6763285024154589,0.6527777777777778,0.7395833333333334,0.7157360406091371,0.75,0.7068851308271414,0.03706134425191778,385,0.7417218543046358,0.7304964539007093,0.7757575757575758,0.76875,0.793939393939394,0.762133055580463,0.023058822028353156,67,0.7821229050279329,0.7877094972067039,0.7932960893854749,0.7921348314606742,0.8089887640449438,0.792850417425146,0.008974023638416142,67,0.6256983240223464,0.5786516853932584,0.7191011235955056,0.6871508379888268,0.7318435754189944,0.6684891092837864,0.05800937600906339,481,0.7151979565772669,0.6940700808625337,0.7637231503579952,0.7509157509157509,0.7806912991656734,0.740919647575844,0.03180626787396359,67,0.7039106145251397,0.6831805912999811,0.7561986064904902,0.7396428347247506,0.7704161697319691,0.7306697633544662,0.032506270687656796,58,0.6512449591179844,0.6327870378368895,0.6979041667739618,0.6851099518019499,0.7154932262392006,0.6765078683539973,0.030336054981924702,67,0.7039106145251397,0.6831805912999812,0.7561986064904902,0.7396428347247505,0.770416169731969,0.7306697633544661,0.032506270687656734,76
502,0.011741304397583007,0.002764697462244895,0.051543045043945315,0.005029750799674167,log_loss,3,5,4,best,"{'criterion': 'log_loss', 'max_depth': 3, 'min_samples_leaf': 5, 'min_samples_split': 4, 'splitter': 'best'}",0.7039106145251397,0.6834733893557423,0.7563025210084033,0.7394957983193278,0.7703081232492998,0.7306980892915826,0.03240272360837181,58,0.6763285024154589,0.6527777777777778,0.7395833333333334,0.7157360406091371,0.75,0.7068851308271414,0.03706134425191778,385,0.7417218543046358,0.7304964539007093,0.7757575757575758,0.76875,0.793939393939394,0.762133055580463,0.023058822028353156,67,0.7821229050279329,0.7877094972067039,0.7932960893854749,0.7921348314606742,0.8089887640449438,0.792850417425146,0.008974023638416142,67,0.6256983240223464,0.5786516853932584,0.7191011235955056,0.6871508379888268,0.7318435754189944,0.6684891092837864,0.05800937600906339,481,0.7151979565772669,0.6940700808625337,0.7637231503579952,0.7509157509157509,0.7806912991656734,0.740919647575844,0.03180626787396359,67,0.7039106145251397,0.6831805912999811,0.7561986064904902,0.7396428347247506,0.7704161697319691,0.7306697633544662,0.032506270687656796,58,0.6512449591179844,0.6327870378368895,0.6979041667739618,0.6851099518019499,0.7154932262392006,0.6765078683539973,0.030336054981924702,67,0.7039106145251397,0.6831805912999812,0.7561986064904902,0.7396428347247505,0.770416169731969,0.7306697633544661,0.032506270687656734,76
500,0.022144556045532227,0.011104091589686097,0.05859284400939942,0.014920251589979158,log_loss,3,5,3,best,"{'criterion': 'log_loss', 'max_depth': 3, 'min_samples_leaf': 5, 'min_samples_split': 3, 'splitter': 'best'}",0.7039106145251397,0.6834733893557423,0.7563025210084033,0.7394957983193278,0.7703081232492998,0.7306980892915826,0.03240272360837181,58,0.6763285024154589,0.6527777777777778,0.7395833333333334,0.7157360406091371,0.75,0.7068851308271414,0.03706134425191778,385,0.7417218543046358,0.7304964539007093,0.7757575757575758,0.76875,0.793939393939394,0.762133055580463,0.023058822028353156,67,0.7821229050279329,0.7877094972067039,0.7932960893854749,0.7921348314606742,0.8089887640449438,0.792850417425146,0.008974023638416142,67,0.6256983240223464,0.5786516853932584,0.7191011235955056,0.6871508379888268,0.7318435754189944,0.6684891092837864,0.05800937600906339,481,0.7151979565772669,0.6940700808625337,0.7637231503579952,0.7509157509157509,0.7806912991656734,0.740919647575844,0.03180626787396359,67,0.7039106145251397,0.6831805912999811,0.7561986064904902,0.7396428347247506,0.7704161697319691,0.7306697633544662,0.032506270687656796,58,0.6512449591179844,0.6327870378368895,0.6979041667739618,0.6851099518019499,0.7154932262392006,0.6765078683539973,0.030336054981924702,67,0.7039106145251397,0.6831805912999812,0.7561986064904902,0.7396428347247505,0.770416169731969,0.7306697633544661,0.032506270687656734,76
498,0.01855616569519043,0.006794130498187401,0.0509831428527832,0.0076334706852781474,log_loss,3,5,2,best,"{'criterion': 'log_loss', 'max_depth': 3, 'min_samples_leaf': 5, 'min_samples_split': 2, 'splitter': 'best'}",0.7039106145251397,0.6834733893557423,0.7563025210084033,0.7394957983193278,0.7703081232492998,0.7306980892915826,0.03240272360837181,58,0.6763285024154589,0.6527777777777778,0.7395833333333334,0.7157360406091371,0.75,0.7068851308271414,0.03706134425191778,385,0.7417218543046358,0.7304964539007093,0.7757575757575758,0.76875,0.793939393939394,0.762133055580463,0.023058822028353156,67,0.7821229050279329,0.7877094972067039,0.7932960893854749,0.7921348314606742,0.8089887640449438,0.792850417425146,0.008974023638416142,67,0.6256983240223464,0.5786516853932584,0.7191011235955056,0.6871508379888268,0.7318435754189944,0.6684891092837864,0.05800937600906339,481,0.7151979565772669,0.6940700808625337,0.7637231503579952,0.7509157509157509,0.7806912991656734,0.740919647575844,0.03180626787396359,67,0.7039106145251397,0.6831805912999811,0.7561986064904902,0.7396428347247506,0.7704161697319691,0.7306697633544662,0.032506270687656796,58,0.6512449591179844,0.6327870378368895,0.6979041667739618,0.6851099518019499,0.7154932262392006,0.6765078683539973,0.030336054981924702,67,0.7039106145251397,0.6831805912999812,0.7561986064904902,0.7396428347247505,0.770416169731969,0.7306697633544661,0.032506270687656734,76
496,0.02456698417663574,0.01303724992738734,0.06732964515686035,0.012083464197206356,log_loss,3,4,4,best,"{'criterion': 'log_loss', 'max_depth': 3, 'min_samples_leaf': 4, 'min_samples_split': 4, 'splitter': 'best'}",0.7039106145251397,0.6834733893557423,0.7563025210084033,0.7394957983193278,0.7703081232492998,0.7306980892915826,0.03240272360837181,58,0.6763285024154589,0.6527777777777778,0.7395833333333334,0.7157360406091371,0.75,0.7068851308271414,0.03706134425191778,385,0.7417218543046358,0.7304964539007093,0.7757575757575758,0.76875,0.793939393939394,0.762133055580463,0.023058822028353156,67,0.7821229050279329,0.7877094972067039,0.7932960893854749,0.7921348314606742,0.8089887640449438,0.792850417425146,0.008974023638416142,67,0.6256983240223464,0.5786516853932584,0.7191011235955056,0.6871508379888268,0.7318435754189944,0.6684891092837864,0.05800937600906339,481,0.7151979565772669,0.6940700808625337,0.7637231503579952,0.7509157509157509,0.7806912991656734,0.740919647575844,0.03180626787396359,67,0.7039106145251397,0.6831805912999811,0.7561986064904902,0.7396428347247506,0.7704161697319691,0.7306697633544662,0.032506270687656796,58,0.6512449591179844,0.6327870378368895,0.6979041667739618,0.6851099518019499,0.7154932262392006,0.6765078683539973,0.030336054981924702,67,0.7039106145251397,0.6831805912999812,0.7561986064904902,0.7396428347247505,0.770416169731969,0.7306697633544661,0.032506270687656734,76
494,0.014112281799316406,0.003843870599140908,0.04518194198608398,0.004650159297069206,log_loss,3,4,3,best,"{'criterion': 'log_loss', 'max_depth': 3, 'min_samples_leaf': 4, 'min_samples_split': 3, 'splitter': 'best'}",0.7039106145251397,0.6834733893557423,0.7563025210084033,0.7394957983193278,0.7703081232492998,0.7306980892915826,0.03240272360837181,58,0.6763285024154589,0.6527777777777778,0.7395833333333334,0.7157360406091371,0.75,0.7068851308271414,0.03706134425191778,385,0.7417218543046358,0.7304964539007093,0.7757575757575758,0.76875,0.793939393939394,0.762133055580463,0.023058822028353156,67,0.7821229050279329,0.7877094972067039,0.7932960893854749,0.7921348314606742,0.8089887640449438,0.792850417425146,0.008974023638416142,67,0.6256983240223464,0.5786516853932584,0.7191011235955056,0.6871508379888268,0.7318435754189944,0.6684891092837864,0.05800937600906339,481,0.7151979565772669,0.6940700808625337,0.7637231503579952,0.7509157509157509,0.7806912991656734,0.740919647575844,0.03180626787396359,67,0.7039106145251397,0.6831805912999811,0.7561986064904902,0.7396428347247506,0.7704161697319691,0.7306697633544662,0.032506270687656796,58,0.6512449591179844,0.6327870378368895,0.6979041667739618,0.6851099518019499,0.7154932262392006,0.6765078683539973,0.030336054981924702,67,0.7039106145251397,0.6831805912999812,0.7561986064904902,0.7396428347247505,0.770416169731969,0.7306697633544661,0.032506270687656734,76
306,0.013517379760742188,0.003638473141835334,0.052583837509155275,0.009808779046896005,entropy,3,5,2,best,"{'criterion': 'entropy', 'max_depth': 3, 'min_samples_leaf': 5, 'min_samples_split': 2, 'splitter': 'best'}",0.7039106145251397,0.6834733893557423,0.7563025210084033,0.7394957983193278,0.7703081232492998,0.7306980892915826,0.03240272360837181,58,0.6763285024154589,0.6527777777777778,0.7395833333333334,0.7157360406091371,0.75,0.7068851308271414,0.03706134425191778,385,0.7417218543046358,0.7304964539007093,0.7757575757575758,0.76875,0.793939393939394,0.762133055580463,0.023058822028353156,67,0.7821229050279329,0.7877094972067039,0.7932960893854749,0.7921348314606742,0.8089887640449438,0.792850417425146,0.008974023638416142,67,0.6256983240223464,0.5786516853932584,0.7191011235955056,0.6871508379888268,0.7318435754189944,0.6684891092837864,0.05800937600906339,481,0.7151979565772669,0.6940700808625337,0.7637231503579952,0.7509157509157509,0.7806912991656734,0.740919647575844,0.03180626787396359,67,0.7039106145251397,0.6831805912999811,0.7561986064904902,0.7396428347247506,0.7704161697319691,0.7306697633544662,0.032506270687656796,58,0.6512449591179844,0.6327870378368895,0.6979041667739618,0.6851099518019499,0.7154932262392006,0.6765078683539973,0.030336054981924702,67,0.7039106145251397,0.6831805912999812,0.7561986064904902,0.7396428347247505,0.770416169731969,0.7306697633544661,0.032506270687656734,76
308,0.011597251892089844,0.0034723580540381143,0.04772653579711914,0.002484410977174254,entropy,3,5,3,best,"{'criterion': 'entropy', 'max_depth': 3, 'min_samples_leaf': 5, 'min_samples_split': 3, 'splitter': 'best'}",0.7039106145251397,0.6834733893557423,0.7563025210084033,0.7394957983193278,0.7703081232492998,0.7306980892915826,0.03240272360837181,58,0.6763285024154589,0.6527777777777778,0.7395833333333334,0.7157360406091371,0.75,0.7068851308271414,0.03706134425191778,385,0.7417218543046358,0.7304964539007093,0.7757575757575758,0.76875,0.793939393939394,0.762133055580463,0.023058822028353156,67,0.7821229050279329,0.7877094972067039,0.7932960893854749,0.7921348314606742,0.8089887640449438,0.792850417425146,0.008974023638416142,67,0.6256983240223464,0.5786516853932584,0.7191011235955056,0.6871508379888268,0.7318435754189944,0.6684891092837864,0.05800937600906339,481,0.7151979565772669,0.6940700808625337,0.7637231503579952,0.7509157509157509,0.7806912991656734,0.740919647575844,0.03180626787396359,67,0.7039106145251397,0.6831805912999811,0.7561986064904902,0.7396428347247506,0.7704161697319691,0.7306697633544662,0.032506270687656796,58,0.6512449591179844,0.6327870378368895,0.6979041667739618,0.6851099518019499,0.7154932262392006,0.6765078683539973,0.030336054981924702,67,0.7039106145251397,0.6831805912999812,0.7561986064904902,0.7396428347247505,0.770416169731969,0.7306697633544661,0.032506270687656734,76
304,0.013782596588134766,0.004303059241644333,0.04543061256408691,0.004517047380723239,entropy,3,4,4,best,"{'criterion': 'entropy', 'max_depth': 3, 'min_samples_leaf': 4, 'min_samples_split': 4, 'splitter': 'best'}",0.7039106145251397,0.6834733893557423,0.7563025210084033,0.7394957983193278,0.7703081232492998,0.7306980892915826,0.03240272360837181,58,0.6763285024154589,0.6527777777777778,0.7395833333333334,0.7157360406091371,0.75,0.7068851308271414,0.03706134425191778,385,0.7417218543046358,0.7304964539007093,0.7757575757575758,0.76875,0.793939393939394,0.762133055580463,0.023058822028353156,67,0.7821229050279329,0.7877094972067039,0.7932960893854749,0.7921348314606742,0.8089887640449438,0.792850417425146,0.008974023638416142,67,0.6256983240223464,0.5786516853932584,0.7191011235955056,0.6871508379888268,0.7318435754189944,0.6684891092837864,0.05800937600906339,481,0.7151979565772669,0.6940700808625337,0.7637231503579952,0.7509157509157509,0.7806912991656734,0.740919647575844,0.03180626787396359,67,0.7039106145251397,0.6831805912999811,0.7561986064904902,0.7396428347247506,0.7704161697319691,0.7306697633544662,0.032506270687656796,58,0.6512449591179844,0.6327870378368895,0.6979041667739618,0.6851099518019499,0.7154932262392006,0.6765078683539973,0.030336054981924702,67,0.7039106145251397,0.6831805912999812,0.7561986064904902,0.7396428347247505,0.770416169731969,0.7306697633544661,0.032506270687656734,76
302,0.010380840301513672,0.0016261472088701563,0.04523200988769531,0.00600789231444242,entropy,3,4,3,best,"{'criterion': 'entropy', 'max_depth': 3, 'min_samples_leaf': 4, 'min_samples_split': 3, 'splitter': 'best'}",0.7039106145251397,0.6834733893557423,0.7563025210084033,0.7394957983193278,0.7703081232492998,0.7306980892915826,0.03240272360837181,58,0.6763285024154589,0.6527777777777778,0.7395833333333334,0.7157360406091371,0.75,0.7068851308271414,0.03706134425191778,385,0.7417218543046358,0.7304964539007093,0.7757575757575758,0.76875,0.793939393939394,0.762133055580463,0.023058822028353156,67,0.7821229050279329,0.7877094972067039,0.7932960893854749,0.7921348314606742,0.8089887640449438,0.792850417425146,0.008974023638416142,67,0.6256983240223464,0.5786516853932584,0.7191011235955056,0.6871508379888268,0.7318435754189944,0.6684891092837864,0.05800937600906339,481,0.7151979565772669,0.6940700808625337,0.7637231503579952,0.7509157509157509,0.7806912991656734,0.740919647575844,0.03180626787396359,67,0.7039106145251397,0.6831805912999811,0.7561986064904902,0.7396428347247506,0.7704161697319691,0.7306697633544662,0.032506270687656796,58,0.6512449591179844,0.6327870378368895,0.6979041667739618,0.6851099518019499,0.7154932262392006,0.6765078683539973,0.030336054981924702,67,0.7039106145251397,0.6831805912999812,0.7561986064904902,0.7396428347247505,0.770416169731969,0.7306697633544661,0.032506270687656734,76
300,0.011229181289672851,0.002340182372029272,0.04311490058898926,0.0029658593541096578,entropy,3,4,2,best,"{'criterion': 'entropy', 'max_depth': 3, 'min_samples_leaf': 4, 'min_samples_split': 2, 'splitter': 'best'}",0.7039106145251397,0.6834733893557423,0.7563025210084033,0.7394957983193278,0.7703081232492998,0.7306980892915826,0.03240272360837181,58,0.6763285024154589,0.6527777777777778,0.7395833333333334,0.7157360406091371,0.75,0.7068851308271414,0.03706134425191778,385,0.7417218543046358,0.7304964539007093,0.7757575757575758,0.76875,0.793939393939394,0.762133055580463,0.023058822028353156,67,0.7821229050279329,0.7877094972067039,0.7932960893854749,0.7921348314606742,0.8089887640449438,0.792850417425146,0.008974023638416142,67,0.6256983240223464,0.5786516853932584,0.7191011235955056,0.6871508379888268,0.7318435754189944,0.6684891092837864,0.05800937600906339,481,0.7151979565772669,0.6940700808625337,0.7637231503579952,0.7509157509157509,0.7806912991656734,0.740919647575844,0.03180626787396359,67,0.7039106145251397,0.6831805912999811,0.7561986064904902,0.7396428347247506,0.7704161697319691,0.7306697633544662,0.032506270687656796,58,0.6512449591179844,0.6327870378368895,0.6979041667739618,0.6851099518019499,0.7154932262392006,0.6765078683539973,0.030336054981924702,67,0.7039106145251397,0.6831805912999812,0.7561986064904902,0.7396428347247505,0.770416169731969,0.7306697633544661,0.032506270687656734,76
492,0.014965629577636719,0.0038143742204018744,0.04867134094238281,0.005743942854785606,log_loss,3,4,2,best,"{'criterion': 'log_loss', 'max_depth': 3, 'min_samples_leaf': 4, 'min_samples_split': 2, 'splitter': 'best'}",0.7039106145251397,0.6834733893557423,0.7563025210084033,0.7394957983193278,0.7703081232492998,0.7306980892915826,0.03240272360837181,58,0.6763285024154589,0.6527777777777778,0.7395833333333334,0.7157360406091371,0.75,0.7068851308271414,0.03706134425191778,385,0.7417218543046358,0.7304964539007093,0.7757575757575758,0.76875,0.793939393939394,0.762133055580463,0.023058822028353156,67,0.7821229050279329,0.7877094972067039,0.7932960893854749,0.7921348314606742,0.8089887640449438,0.792850417425146,0.008974023638416142,67,0.6256983240223464,0.5786516853932584,0.7191011235955056,0.6871508379888268,0.7318435754189944,0.6684891092837864,0.05800937600906339,481,0.7151979565772669,0.6940700808625337,0.7637231503579952,0.7509157509157509,0.7806912991656734,0.740919647575844,0.03180626787396359,67,0.7039106145251397,0.6831805912999811,0.7561986064904902,0.7396428347247506,0.7704161697319691,0.7306697633544662,0.032506270687656796,58,0.6512449591179844,0.6327870378368895,0.6979041667739618,0.6851099518019499,0.7154932262392006,0.6765078683539973,0.030336054981924702,67,0.7039106145251397,0.6831805912999812,0.7561986064904902,0.7396428347247505,0.770416169731969,0.7306697633544661,0.032506270687656734,76
142,0.013573360443115235,0.004926906440535473,0.04529547691345215,0.018770518600076492,gini,3,9,4,best,"{'criterion': 'gini', 'max_depth': 3, 'min_samples_leaf': 9, 'min_samples_split': 4, 'splitter': 'best'}",0.7039106145251397,0.6834733893557423,0.7591036414565826,0.7394957983193278,0.7675070028011205,0.7306980892915826,0.0322084221286328,58,0.6763285024154589,0.6527777777777778,0.7409326424870466,0.7157360406091371,0.7540106951871658,0.7079571316953173,0.038246457966830016,367,0.7417218543046358,0.7304964539007093,0.7804878048780488,0.76875,0.7823529411764706,0.7607618108519729,0.020964802367696062,97,0.7821229050279329,0.7877094972067039,0.7988826815642458,0.7921348314606742,0.7921348314606742,0.7905969493440462,0.0055413054084942235,97,0.6256983240223464,0.5786516853932584,0.7191011235955056,0.6871508379888268,0.7430167597765364,0.6707237461552947,0.06056575405913684,454,0.7151979565772669,0.6940700808625337,0.7673860911270983,0.7509157509157509,0.7741559953434226,0.7403451749652146,0.030854130110280632,85,0.7039106145251397,0.6831805912999811,0.7589919025798757,0.7396428347247506,0.7675757956186053,0.7306603477496705,0.032298569203058645,91,0.6512449591179844,0.6327870378368895,0.7013056798493582,0.6851099518019499,0.7101528879708308,0.6761201033154025,0.02956311362211027,79,0.7039106145251397,0.6831805912999812,0.7589919025798757,0.7396428347247505,0.7675757956186052,0.7306603477496705,0.03229856920305858,91
132,0.008264636993408203,0.004490472329825719,0.04231319427490234,0.005160098917042909,gini,3,8,2,best,"{'criterion': 'gini', 'max_depth': 3, 'min_samples_leaf': 8, 'min_samples_split': 2, 'splitter': 'best'}",0.7039106145251397,0.6834733893557423,0.7591036414565826,0.7394957983193278,0.7675070028011205,0.7306980892915826,0.0322084221286328,58,0.6763285024154589,0.6527777777777778,0.7409326424870466,0.7157360406091371,0.7540106951871658,0.7079571316953173,0.038246457966830016,367,0.7417218543046358,0.7304964539007093,0.7804878048780488,0.76875,0.7823529411764706,0.7607618108519729,0.020964802367696062,97,0.7821229050279329,0.7877094972067039,0.7988826815642458,0.7921348314606742,0.7921348314606742,0.7905969493440462,0.0055413054084942235,97,0.6256983240223464,0.5786516853932584,0.7191011235955056,0.6871508379888268,0.7430167597765364,0.6707237461552947,0.06056575405913684,454,0.7151979565772669,0.6940700808625337,0.7673860911270983,0.7509157509157509,0.7741559953434226,0.7403451749652146,0.030854130110280632,85,0.7039106145251397,0.6831805912999811,0.7589919025798757,0.7396428347247506,0.7675757956186053,0.7306603477496705,0.032298569203058645,91,0.6512449591179844,0.6327870378368895,0.7013056798493582,0.6851099518019499,0.7101528879708308,0.6761201033154025,0.02956311362211027,79,0.7039106145251397,0.6831805912999812,0.7589919025798757,0.7396428347247505,0.7675757956186052,0.7306603477496705,0.03229856920305858,91
136,0.018702220916748048,0.011121049501198731,0.045548439025878906,0.009560037301134817,gini,3,8,4,best,"{'criterion': 'gini', 'max_depth': 3, 'min_samples_leaf': 8, 'min_samples_split': 4, 'splitter': 'best'}",0.7039106145251397,0.6834733893557423,0.7591036414565826,0.7394957983193278,0.7675070028011205,0.7306980892915826,0.0322084221286328,58,0.6763285024154589,0.6527777777777778,0.7409326424870466,0.7157360406091371,0.7540106951871658,0.7079571316953173,0.038246457966830016,367,0.7417218543046358,0.7304964539007093,0.7804878048780488,0.76875,0.7823529411764706,0.7607618108519729,0.020964802367696062,97,0.7821229050279329,0.7877094972067039,0.7988826815642458,0.7921348314606742,0.7921348314606742,0.7905969493440462,0.0055413054084942235,97,0.6256983240223464,0.5786516853932584,0.7191011235955056,0.6871508379888268,0.7430167597765364,0.6707237461552947,0.06056575405913684,454,0.7151979565772669,0.6940700808625337,0.7673860911270983,0.7509157509157509,0.7741559953434226,0.7403451749652146,0.030854130110280632,85,0.7039106145251397,0.6831805912999811,0.7589919025798757,0.7396428347247506,0.7675757956186053,0.7306603477496705,0.032298569203058645,91,0.6512449591179844,0.6327870378368895,0.7013056798493582,0.6851099518019499,0.7101528879708308,0.6761201033154025,0.02956311362211027,79,0.7039106145251397,0.6831805912999812,0.7589919025798757,0.7396428347247505,0.7675757956186052,0.7306603477496705,0.03229856920305858,91
134,0.012215662002563476,0.0020950024664657912,0.03932061195373535,0.006164185298413463,gini,3,8,3,best,"{'criterion': 'gini', 'max_depth': 3, 'min_samples_leaf': 8, 'min_samples_split': 3, 'splitter': 'best'}",0.7039106145251397,0.6834733893557423,0.7591036414565826,0.7394957983193278,0.7675070028011205,0.7306980892915826,0.0322084221286328,58,0.6763285024154589,0.6527777777777778,0.7409326424870466,0.7157360406091371,0.7540106951871658,0.7079571316953173,0.038246457966830016,367,0.7417218543046358,0.7304964539007093,0.7804878048780488,0.76875,0.7823529411764706,0.7607618108519729,0.020964802367696062,97,0.7821229050279329,0.7877094972067039,0.7988826815642458,0.7921348314606742,0.7921348314606742,0.7905969493440462,0.0055413054084942235,97,0.6256983240223464,0.5786516853932584,0.7191011235955056,0.6871508379888268,0.7430167597765364,0.6707237461552947,0.06056575405913684,454,0.7151979565772669,0.6940700808625337,0.7673860911270983,0.7509157509157509,0.7741559953434226,0.7403451749652146,0.030854130110280632,85,0.7039106145251397,0.6831805912999811,0.7589919025798757,0.7396428347247506,0.7675757956186053,0.7306603477496705,0.032298569203058645,91,0.6512449591179844,0.6327870378368895,0.7013056798493582,0.6851099518019499,0.7101528879708308,0.6761201033154025,0.02956311362211027,79,0.7039106145251397,0.6831805912999812,0.7589919025798757,0.7396428347247505,0.7675757956186052,0.7306603477496705,0.03229856920305858,91
140,0.010788488388061523,0.0020958658842214805,0.04239487648010254,0.00346663081161661,gini,3,9,3,best,"{'criterion': 'gini', 'max_depth': 3, 'min_samples_leaf': 9, 'min_samples_split': 3, 'splitter': 'best'}",0.7039106145251397,0.6834733893557423,0.7591036414565826,0.7394957983193278,0.7675070028011205,0.7306980892915826,0.0322084221286328,58,0.6763285024154589,0.6527777777777778,0.7409326424870466,0.7157360406091371,0.7540106951871658,0.7079571316953173,0.038246457966830016,367,0.7417218543046358,0.7304964539007093,0.7804878048780488,0.76875,0.7823529411764706,0.7607618108519729,0.020964802367696062,97,0.7821229050279329,0.7877094972067039,0.7988826815642458,0.7921348314606742,0.7921348314606742,0.7905969493440462,0.0055413054084942235,97,0.6256983240223464,0.5786516853932584,0.7191011235955056,0.6871508379888268,0.7430167597765364,0.6707237461552947,0.06056575405913684,454,0.7151979565772669,0.6940700808625337,0.7673860911270983,0.7509157509157509,0.7741559953434226,0.7403451749652146,0.030854130110280632,85,0.7039106145251397,0.6831805912999811,0.7589919025798757,0.7396428347247506,0.7675757956186053,0.7306603477496705,0.032298569203058645,91,0.6512449591179844,0.6327870378368895,0.7013056798493582,0.6851099518019499,0.7101528879708308,0.6761201033154025,0.02956311362211027,79,0.7039106145251397,0.6831805912999812,0.7589919025798757,0.7396428347247505,0.7675757956186052,0.7306603477496705,0.03229856920305858,91
138,0.017575931549072266,0.012531890624216472,0.046620655059814456,0.00821216298866672,gini,3,9,2,best,"{'criterion': 'gini', 'max_depth': 3, 'min_samples_leaf': 9, 'min_samples_split': 2, 'splitter': 'best'}",0.7039106145251397,0.6834733893557423,0.7591036414565826,0.7394957983193278,0.7675070028011205,0.7306980892915826,0.0322084221286328,58,0.6763285024154589,0.6527777777777778,0.7409326424870466,0.7157360406091371,0.7540106951871658,0.7079571316953173,0.038246457966830016,367,0.7417218543046358,0.7304964539007093,0.7804878048780488,0.76875,0.7823529411764706,0.7607618108519729,0.020964802367696062,97,0.7821229050279329,0.7877094972067039,0.7988826815642458,0.7921348314606742,0.7921348314606742,0.7905969493440462,0.0055413054084942235,97,0.6256983240223464,0.5786516853932584,0.7191011235955056,0.6871508379888268,0.7430167597765364,0.6707237461552947,0.06056575405913684,454,0.7151979565772669,0.6940700808625337,0.7673860911270983,0.7509157509157509,0.7741559953434226,0.7403451749652146,0.030854130110280632,85,0.7039106145251397,0.6831805912999811,0.7589919025798757,0.7396428347247506,0.7675757956186053,0.7306603477496705,0.032298569203058645,91,0.6512449591179844,0.6327870378368895,0.7013056798493582,0.6851099518019499,0.7101528879708308,0.6761201033154025,0.02956311362211027,79,0.7039106145251397,0.6831805912999812,0.7589919025798757,0.7396428347247505,0.7675757956186052,0.7306603477496705,0.03229856920305858,91
506,0.016602230072021485,0.003089845030554146,0.05882620811462402,0.015793933089581703,log_loss,3,6,3,best,"{'criterion': 'log_loss', 'max_depth': 3, 'min_samples_leaf': 6, 'min_samples_split': 3, 'splitter': 'best'}",0.7039106145251397,0.6834733893557423,0.7563025210084033,0.7394957983193278,0.7675070028011205,0.7301378652019468,0.03173028381427047,112,0.6763285024154589,0.6527777777777778,0.7395833333333334,0.7157360406091371,0.7461139896373057,0.7061079287546026,0.03617929627077645,427,0.7417218543046358,0.7304964539007093,0.7757575757575758,0.76875,0.7926829268292683,0.7618817621584378,0.022715114343856337,79,0.7821229050279329,0.7877094972067039,0.7932960893854749,0.7921348314606742,0.8089887640449438,0.792850417425146,0.008974023638416142,67,0.6256983240223464,0.5786516853932584,0.7191011235955056,0.6871508379888268,0.7262569832402235,0.6673717908480322,0.0568199531934684,505,0.7151979565772669,0.6940700808625337,0.7637231503579952,0.7509157509157509,0.7784431137724551,0.7404700104972004,0.03125190796756136,79,0.7039106145251397,0.6831805912999811,0.7561986064904902,0.7396428347247506,0.7676228736425836,0.7301111041365891,0.03183546201809437,100,0.6512449591179844,0.6327870378368895,0.6979041667739618,0.6851099518019499,0.7129464130658395,0.6759985057193251,0.029691727195107154,85,0.7039106145251397,0.6831805912999812,0.7561986064904902,0.7396428347247505,0.7676228736425836,0.7301111041365891,0.03183546201809433,100
504,0.01514430046081543,0.003166488407999148,0.051627731323242186,0.011637368304307515,log_loss,3,6,2,best,"{'criterion': 'log_loss', 'max_depth': 3, 'min_samples_leaf': 6, 'min_samples_split': 2, 'splitter': 'best'}",0.7039106145251397,0.6834733893557423,0.7563025210084033,0.7394957983193278,0.7675070028011205,0.7301378652019468,0.03173028381427047,112,0.6763285024154589,0.6527777777777778,0.7395833333333334,0.7157360406091371,0.7461139896373057,0.7061079287546026,0.03617929627077645,427,0.7417218543046358,0.7304964539007093,0.7757575757575758,0.76875,0.7926829268292683,0.7618817621584378,0.022715114343856337,79,0.7821229050279329,0.7877094972067039,0.7932960893854749,0.7921348314606742,0.8089887640449438,0.792850417425146,0.008974023638416142,67,0.6256983240223464,0.5786516853932584,0.7191011235955056,0.6871508379888268,0.7262569832402235,0.6673717908480322,0.0568199531934684,505,0.7151979565772669,0.6940700808625337,0.7637231503579952,0.7509157509157509,0.7784431137724551,0.7404700104972004,0.03125190796756136,79,0.7039106145251397,0.6831805912999811,0.7561986064904902,0.7396428347247506,0.7676228736425836,0.7301111041365891,0.03183546201809437,100,0.6512449591179844,0.6327870378368895,0.6979041667739618,0.6851099518019499,0.7129464130658395,0.6759985057193251,0.029691727195107154,85,0.7039106145251397,0.6831805912999812,0.7561986064904902,0.7396428347247505,0.7676228736425836,0.7301111041365891,0.03183546201809433,100
316,0.017154979705810546,0.002875371478750946,0.05072245597839355,0.005277282588050055,entropy,3,6,4,best,"{'criterion': 'entropy', 'max_depth': 3, 'min_samples_leaf': 6, 'min_samples_split': 4, 'splitter': 'best'}",0.7039106145251397,0.6834733893557423,0.7563025210084033,0.7394957983193278,0.7675070028011205,0.7301378652019468,0.03173028381427047,112,0.6763285024154589,0.6527777777777778,0.7395833333333334,0.7157360406091371,0.7461139896373057,0.7061079287546026,0.03617929627077645,427,0.7417218543046358,0.7304964539007093,0.7757575757575758,0.76875,0.7926829268292683,0.7618817621584378,0.022715114343856337,79,0.7821229050279329,0.7877094972067039,0.7932960893854749,0.7921348314606742,0.8089887640449438,0.792850417425146,0.008974023638416142,67,0.6256983240223464,0.5786516853932584,0.7191011235955056,0.6871508379888268,0.7262569832402235,0.6673717908480322,0.0568199531934684,505,0.7151979565772669,0.6940700808625337,0.7637231503579952,0.7509157509157509,0.7784431137724551,0.7404700104972004,0.03125190796756136,79,0.7039106145251397,0.6831805912999811,0.7561986064904902,0.7396428347247506,0.7676228736425836,0.7301111041365891,0.03183546201809437,100,0.6512449591179844,0.6327870378368895,0.6979041667739618,0.6851099518019499,0.7129464130658395,0.6759985057193251,0.029691727195107154,85,0.7039106145251397,0.6831805912999812,0.7561986064904902,0.7396428347247505,0.7676228736425836,0.7301111041365891,0.03183546201809433,100
314,0.012590789794921875,0.0037733281531317944,0.04477381706237793,0.0048516754954237365,entropy,3,6,3,best,"{'criterion': 'entropy', 'max_depth': 3, 'min_samples_leaf': 6, 'min_samples_split': 3, 'splitter': 'best'}",0.7039106145251397,0.6834733893557423,0.7563025210084033,0.7394957983193278,0.7675070028011205,0.7301378652019468,0.03173028381427047,112,0.6763285024154589,0.6527777777777778,0.7395833333333334,0.7157360406091371,0.7461139896373057,0.7061079287546026,0.03617929627077645,427,0.7417218543046358,0.7304964539007093,0.7757575757575758,0.76875,0.7926829268292683,0.7618817621584378,0.022715114343856337,79,0.7821229050279329,0.7877094972067039,0.7932960893854749,0.7921348314606742,0.8089887640449438,0.792850417425146,0.008974023638416142,67,0.6256983240223464,0.5786516853932584,0.7191011235955056,0.6871508379888268,0.7262569832402235,0.6673717908480322,0.0568199531934684,505,0.7151979565772669,0.6940700808625337,0.7637231503579952,0.7509157509157509,0.7784431137724551,0.7404700104972004,0.03125190796756136,79,0.7039106145251397,0.6831805912999811,0.7561986064904902,0.7396428347247506,0.7676228736425836,0.7301111041365891,0.03183546201809437,100,0.6512449591179844,0.6327870378368895,0.6979041667739618,0.6851099518019499,0.7129464130658395,0.6759985057193251,0.029691727195107154,85,0.7039106145251397,0.6831805912999812,0.7561986064904902,0.7396428347247505,0.7676228736425836,0.7301111041365891,0.03183546201809433,100
312,0.014662456512451173,0.0060116262480839205,0.05332269668579102,0.004686034570119767,entropy,3,6,2,best,"{'criterion': 'entropy', 'max_depth': 3, 'min_samples_leaf': 6, 'min_samples_split': 2, 'splitter': 'best'}",0.7039106145251397,0.6834733893557423,0.7563025210084033,0.7394957983193278,0.7675070028011205,0.7301378652019468,0.03173028381427047,112,0.6763285024154589,0.6527777777777778,0.7395833333333334,0.7157360406091371,0.7461139896373057,0.7061079287546026,0.03617929627077645,427,0.7417218543046358,0.7304964539007093,0.7757575757575758,0.76875,0.7926829268292683,0.7618817621584378,0.022715114343856337,79,0.7821229050279329,0.7877094972067039,0.7932960893854749,0.7921348314606742,0.8089887640449438,0.792850417425146,0.008974023638416142,67,0.6256983240223464,0.5786516853932584,0.7191011235955056,0.6871508379888268,0.7262569832402235,0.6673717908480322,0.0568199531934684,505,0.7151979565772669,0.6940700808625337,0.7637231503579952,0.7509157509157509,0.7784431137724551,0.7404700104972004,0.03125190796756136,79,0.7039106145251397,0.6831805912999811,0.7561986064904902,0.7396428347247506,0.7676228736425836,0.7301111041365891,0.03183546201809437,100,0.6512449591179844,0.6327870378368895,0.6979041667739618,0.6851099518019499,0.7129464130658395,0.6759985057193251,0.029691727195107154,85,0.7039106145251397,0.6831805912999812,0.7561986064904902,0.7396428347247505,0.7676228736425836,0.7301111041365891,0.03183546201809433,100
508,0.025101900100708008,0.014925852170226664,0.0614985466003418,0.012338905241657636,log_loss,3,6,4,best,"{'criterion': 'log_loss', 'max_depth': 3, 'min_samples_leaf': 6, 'min_samples_split': 4, 'splitter': 'best'}",0.7039106145251397,0.6834733893557423,0.7563025210084033,0.7394957983193278,0.7675070028011205,0.7301378652019468,0.03173028381427047,112,0.6763285024154589,0.6527777777777778,0.7395833333333334,0.7157360406091371,0.7461139896373057,0.7061079287546026,0.03617929627077645,427,0.7417218543046358,0.7304964539007093,0.7757575757575758,0.76875,0.7926829268292683,0.7618817621584378,0.022715114343856337,79,0.7821229050279329,0.7877094972067039,0.7932960893854749,0.7921348314606742,0.8089887640449438,0.792850417425146,0.008974023638416142,67,0.6256983240223464,0.5786516853932584,0.7191011235955056,0.6871508379888268,0.7262569832402235,0.6673717908480322,0.0568199531934684,505,0.7151979565772669,0.6940700808625337,0.7637231503579952,0.7509157509157509,0.7784431137724551,0.7404700104972004,0.03125190796756136,79,0.7039106145251397,0.6831805912999811,0.7561986064904902,0.7396428347247506,0.7676228736425836,0.7301111041365891,0.03183546201809437,100,0.6512449591179844,0.6327870378368895,0.6979041667739618,0.6851099518019499,0.7129464130658395,0.6759985057193251,0.029691727195107154,85,0.7039106145251397,0.6831805912999812,0.7561986064904902,0.7396428347247505,0.7676228736425836,0.7301111041365891,0.03183546201809433,100
298,0.01506495475769043,0.0035373988607156214,0.03982381820678711,0.0045231093168992586,entropy,3,3,4,best,"{'criterion': 'entropy', 'max_depth': 3, 'min_samples_leaf': 3, 'min_samples_split': 4, 'splitter': 'best'}",0.7011173184357542,0.6834733893557423,0.7563025210084033,0.7394957983193278,0.7703081232492998,0.7301394300737055,0.03288031382349109,100,0.6747572815533981,0.6527777777777778,0.7395833333333334,0.7157360406091371,0.75,0.7065708866547292,0.037324827128502686,397,0.7368421052631579,0.7304964539007093,0.7757575757575758,0.76875,0.793939393939394,0.7611571057721674,0.023986658820956405,85,0.776536312849162,0.7877094972067039,0.7932960893854749,0.7921348314606742,0.8089887640449438,0.7917330989893918,0.01046416728424826,85,0.6256983240223464,0.5786516853932584,0.7191011235955056,0.6871508379888268,0.7318435754189944,0.6684891092837864,0.05800937600906339,481,0.7115628970775095,0.6940700808625337,0.7637231503579952,0.7509157509157509,0.7806912991656734,0.7401926356758926,0.032421486890127256,91,0.7011173184357542,0.6831805912999811,0.7561986064904902,0.7396428347247506,0.7704161697319691,0.7301111041365891,0.032981881765875465,100,0.648191708321082,0.6327870378368895,0.6979041667739618,0.6851099518019499,0.7154932262392006,0.6758972181946168,0.030864565531329553,91,0.7011173184357542,0.6831805912999812,0.7561986064904902,0.7396428347247505,0.770416169731969,0.730111104136589,0.0329818817658754,106
296,0.013268327713012696,0.001740318832508505,0.0449488639831543,0.006215232649249301,entropy,3,3,3,best,"{'criterion': 'entropy', 'max_depth': 3, 'min_samples_leaf': 3, 'min_samples_split': 3, 'splitter': 'best'}",0.7011173184357542,0.6834733893557423,0.7563025210084033,0.7394957983193278,0.7703081232492998,0.7301394300737055,0.03288031382349109,100,0.6747572815533981,0.6527777777777778,0.7395833333333334,0.7157360406091371,0.75,0.7065708866547292,0.037324827128502686,397,0.7368421052631579,0.7304964539007093,0.7757575757575758,0.76875,0.793939393939394,0.7611571057721674,0.023986658820956405,85,0.776536312849162,0.7877094972067039,0.7932960893854749,0.7921348314606742,0.8089887640449438,0.7917330989893918,0.01046416728424826,85,0.6256983240223464,0.5786516853932584,0.7191011235955056,0.6871508379888268,0.7318435754189944,0.6684891092837864,0.05800937600906339,481,0.7115628970775095,0.6940700808625337,0.7637231503579952,0.7509157509157509,0.7806912991656734,0.7401926356758926,0.032421486890127256,91,0.7011173184357542,0.6831805912999811,0.7561986064904902,0.7396428347247506,0.7704161697319691,0.7301111041365891,0.032981881765875465,100,0.648191708321082,0.6327870378368895,0.6979041667739618,0.6851099518019499,0.7154932262392006,0.6758972181946168,0.030864565531329553,91,0.7011173184357542,0.6831805912999812,0.7561986064904902,0.7396428347247505,0.770416169731969,0.730111104136589,0.0329818817658754,106
294,0.015997028350830077,0.009723691433078012,0.04994134902954102,0.014059364732203091,entropy,3,3,2,best,"{'criterion': 'entropy', 'max_depth': 3, 'min_samples_leaf': 3, 'min_samples_split': 2, 'splitter': 'best'}",0.7011173184357542,0.6834733893557423,0.7563025210084033,0.7394957983193278,0.7703081232492998,0.7301394300737055,0.03288031382349109,100,0.6747572815533981,0.6527777777777778,0.7395833333333334,0.7157360406091371,0.75,0.7065708866547292,0.037324827128502686,397,0.7368421052631579,0.7304964539007093,0.7757575757575758,0.76875,0.793939393939394,0.7611571057721674,0.023986658820956405,85,0.776536312849162,0.7877094972067039,0.7932960893854749,0.7921348314606742,0.8089887640449438,0.7917330989893918,0.01046416728424826,85,0.6256983240223464,0.5786516853932584,0.7191011235955056,0.6871508379888268,0.7318435754189944,0.6684891092837864,0.05800937600906339,481,0.7115628970775095,0.6940700808625337,0.7637231503579952,0.7509157509157509,0.7806912991656734,0.7401926356758926,0.032421486890127256,91,0.7011173184357542,0.6831805912999811,0.7561986064904902,0.7396428347247506,0.7704161697319691,0.7301111041365891,0.032981881765875465,100,0.648191708321082,0.6327870378368895,0.6979041667739618,0.6851099518019499,0.7154932262392006,0.6758972181946168,0.030864565531329553,91,0.7011173184357542,0.6831805912999812,0.7561986064904902,0.7396428347247505,0.770416169731969,0.730111104136589,0.0329818817658754,106
488,0.014242410659790039,0.0049749923943129,0.05442624092102051,0.009947877969703646,log_loss,3,3,3,best,"{'criterion': 'log_loss', 'max_depth': 3, 'min_samples_leaf': 3, 'min_samples_split': 3, 'splitter': 'best'}",0.7011173184357542,0.6834733893557423,0.7563025210084033,0.7394957983193278,0.7703081232492998,0.7301394300737055,0.03288031382349109,100,0.6747572815533981,0.6527777777777778,0.7395833333333334,0.7157360406091371,0.75,0.7065708866547292,0.037324827128502686,397,0.7368421052631579,0.7304964539007093,0.7757575757575758,0.76875,0.793939393939394,0.7611571057721674,0.023986658820956405,85,0.776536312849162,0.7877094972067039,0.7932960893854749,0.7921348314606742,0.8089887640449438,0.7917330989893918,0.01046416728424826,85,0.6256983240223464,0.5786516853932584,0.7191011235955056,0.6871508379888268,0.7318435754189944,0.6684891092837864,0.05800937600906339,481,0.7115628970775095,0.6940700808625337,0.7637231503579952,0.7509157509157509,0.7806912991656734,0.7401926356758926,0.032421486890127256,91,0.7011173184357542,0.6831805912999811,0.7561986064904902,0.7396428347247506,0.7704161697319691,0.7301111041365891,0.032981881765875465,100,0.648191708321082,0.6327870378368895,0.6979041667739618,0.6851099518019499,0.7154932262392006,0.6758972181946168,0.030864565531329553,91,0.7011173184357542,0.6831805912999812,0.7561986064904902,0.7396428347247505,0.770416169731969,0.730111104136589,0.0329818817658754,106
290,0.01255955696105957,0.004540038623104032,0.041853904724121094,0.0037755373688519943,entropy,3,2,3,best,"{'criterion': 'entropy', 'max_depth': 3, 'min_samples_leaf': 2, 'min_samples_split': 3, 'splitter': 'best'}",0.7011173184357542,0.6834733893557423,0.7563025210084033,0.7394957983193278,0.7703081232492998,0.7301394300737055,0.03288031382349109,100,0.6747572815533981,0.6527777777777778,0.7395833333333334,0.7157360406091371,0.75,0.7065708866547292,0.037324827128502686,397,0.7368421052631579,0.7304964539007093,0.7757575757575758,0.76875,0.793939393939394,0.7611571057721674,0.023986658820956405,85,0.776536312849162,0.7877094972067039,0.7932960893854749,0.7921348314606742,0.8089887640449438,0.7917330989893918,0.01046416728424826,85,0.6256983240223464,0.5786516853932584,0.7191011235955056,0.6871508379888268,0.7318435754189944,0.6684891092837864,0.05800937600906339,481,0.7115628970775095,0.6940700808625337,0.7637231503579952,0.7509157509157509,0.7806912991656734,0.7401926356758926,0.032421486890127256,91,0.7011173184357542,0.6831805912999811,0.7561986064904902,0.7396428347247506,0.7704161697319691,0.7301111041365891,0.032981881765875465,100,0.648191708321082,0.6327870378368895,0.6979041667739618,0.6851099518019499,0.7154932262392006,0.6758972181946168,0.030864565531329553,91,0.7011173184357542,0.6831805912999812,0.7561986064904902,0.7396428347247505,0.770416169731969,0.730111104136589,0.0329818817658754,106
288,0.012380361557006836,0.0022597467025920457,0.040123510360717776,0.0026071724009189717,entropy,3,2,2,best,"{'criterion': 'entropy', 'max_depth': 3, 'min_samples_leaf': 2, 'min_samples_split': 2, 'splitter': 'best'}",0.7011173184357542,0.6834733893557423,0.7563025210084033,0.7394957983193278,0.7703081232492998,0.7301394300737055,0.03288031382349109,100,0.6747572815533981,0.6527777777777778,0.7395833333333334,0.7157360406091371,0.75,0.7065708866547292,0.037324827128502686,397,0.7368421052631579,0.7304964539007093,0.7757575757575758,0.76875,0.793939393939394,0.7611571057721674,0.023986658820956405,85,0.776536312849162,0.7877094972067039,0.7932960893854749,0.7921348314606742,0.8089887640449438,0.7917330989893918,0.01046416728424826,85,0.6256983240223464,0.5786516853932584,0.7191011235955056,0.6871508379888268,0.7318435754189944,0.6684891092837864,0.05800937600906339,481,0.7115628970775095,0.6940700808625337,0.7637231503579952,0.7509157509157509,0.7806912991656734,0.7401926356758926,0.032421486890127256,91,0.7011173184357542,0.6831805912999811,0.7561986064904902,0.7396428347247506,0.7704161697319691,0.7301111041365891,0.032981881765875465,100,0.648191708321082,0.6327870378368895,0.6979041667739618,0.6851099518019499,0.7154932262392006,0.6758972181946168,0.030864565531329553,91,0.7011173184357542,0.6831805912999812,0.7561986064904902,0.7396428347247505,0.770416169731969,0.730111104136589,0.0329818817658754,106
490,0.01542973518371582,0.0024822952349694348,0.04474821090698242,0.0028167721428953634,log_loss,3,3,4,best,"{'criterion': 'log_loss', 'max_depth': 3, 'min_samples_leaf': 3, 'min_samples_split': 4, 'splitter': 'best'}",0.7011173184357542,0.6834733893557423,0.7563025210084033,0.7394957983193278,0.7703081232492998,0.7301394300737055,0.03288031382349109,100,0.6747572815533981,0.6527777777777778,0.7395833333333334,0.7157360406091371,0.75,0.7065708866547292,0.037324827128502686,397,0.7368421052631579,0.7304964539007093,0.7757575757575758,0.76875,0.793939393939394,0.7611571057721674,0.023986658820956405,85,0.776536312849162,0.7877094972067039,0.7932960893854749,0.7921348314606742,0.8089887640449438,0.7917330989893918,0.01046416728424826,85,0.6256983240223464,0.5786516853932584,0.7191011235955056,0.6871508379888268,0.7318435754189944,0.6684891092837864,0.05800937600906339,481,0.7115628970775095,0.6940700808625337,0.7637231503579952,0.7509157509157509,0.7806912991656734,0.7401926356758926,0.032421486890127256,91,0.7011173184357542,0.6831805912999811,0.7561986064904902,0.7396428347247506,0.7704161697319691,0.7301111041365891,0.032981881765875465,100,0.648191708321082,0.6327870378368895,0.6979041667739618,0.6851099518019499,0.7154932262392006,0.6758972181946168,0.030864565531329553,91,0.7011173184357542,0.6831805912999812,0.7561986064904902,0.7396428347247505,0.770416169731969,0.730111104136589,0.0329818817658754,106
486,0.012791156768798828,0.002894797533716114,0.04710707664489746,0.004171757407663896,log_loss,3,3,2,best,"{'criterion': 'log_loss', 'max_depth': 3, 'min_samples_leaf': 3, 'min_samples_split': 2, 'splitter': 'best'}",0.7011173184357542,0.6834733893557423,0.7563025210084033,0.7394957983193278,0.7703081232492998,0.7301394300737055,0.03288031382349109,100,0.6747572815533981,0.6527777777777778,0.7395833333333334,0.7157360406091371,0.75,0.7065708866547292,0.037324827128502686,397,0.7368421052631579,0.7304964539007093,0.7757575757575758,0.76875,0.793939393939394,0.7611571057721674,0.023986658820956405,85,0.776536312849162,0.7877094972067039,0.7932960893854749,0.7921348314606742,0.8089887640449438,0.7917330989893918,0.01046416728424826,85,0.6256983240223464,0.5786516853932584,0.7191011235955056,0.6871508379888268,0.7318435754189944,0.6684891092837864,0.05800937600906339,481,0.7115628970775095,0.6940700808625337,0.7637231503579952,0.7509157509157509,0.7806912991656734,0.7401926356758926,0.032421486890127256,91,0.7011173184357542,0.6831805912999811,0.7561986064904902,0.7396428347247506,0.7704161697319691,0.7301111041365891,0.032981881765875465,100,0.648191708321082,0.6327870378368895,0.6979041667739618,0.6851099518019499,0.7154932262392006,0.6758972181946168,0.030864565531329553,91,0.7011173184357542,0.6831805912999812,0.7561986064904902,0.7396428347247505,0.770416169731969,0.730111104136589,0.0329818817658754,106
484,0.014020109176635742,0.003094144629089167,0.05087013244628906,0.00711404583338214,log_loss,3,2,4,best,"{'criterion': 'log_loss', 'max_depth': 3, 'min_samples_leaf': 2, 'min_samples_split': 4, 'splitter': 'best'}",0.7011173184357542,0.6834733893557423,0.7563025210084033,0.7394957983193278,0.7703081232492998,0.7301394300737055,0.03288031382349109,100,0.6747572815533981,0.6527777777777778,0.7395833333333334,0.7157360406091371,0.75,0.7065708866547292,0.037324827128502686,397,0.7368421052631579,0.7304964539007093,0.7757575757575758,0.76875,0.793939393939394,0.7611571057721674,0.023986658820956405,85,0.776536312849162,0.7877094972067039,0.7932960893854749,0.7921348314606742,0.8089887640449438,0.7917330989893918,0.01046416728424826,85,0.6256983240223464,0.5786516853932584,0.7191011235955056,0.6871508379888268,0.7318435754189944,0.6684891092837864,0.05800937600906339,481,0.7115628970775095,0.6940700808625337,0.7637231503579952,0.7509157509157509,0.7806912991656734,0.7401926356758926,0.032421486890127256,91,0.7011173184357542,0.6831805912999811,0.7561986064904902,0.7396428347247506,0.7704161697319691,0.7301111041365891,0.032981881765875465,100,0.648191708321082,0.6327870378368895,0.6979041667739618,0.6851099518019499,0.7154932262392006,0.6758972181946168,0.030864565531329553,91,0.7011173184357542,0.6831805912999812,0.7561986064904902,0.7396428347247505,0.770416169731969,0.730111104136589,0.0329818817658754,106
482,0.010393476486206055,0.0008994606578510349,0.04417176246643066,0.004095717348147875,log_loss,3,2,3,best,"{'criterion': 'log_loss', 'max_depth': 3, 'min_samples_leaf': 2, 'min_samples_split': 3, 'splitter': 'best'}",0.7011173184357542,0.6834733893557423,0.7563025210084033,0.7394957983193278,0.7703081232492998,0.7301394300737055,0.03288031382349109,100,0.6747572815533981,0.6527777777777778,0.7395833333333334,0.7157360406091371,0.75,0.7065708866547292,0.037324827128502686,397,0.7368421052631579,0.7304964539007093,0.7757575757575758,0.76875,0.793939393939394,0.7611571057721674,0.023986658820956405,85,0.776536312849162,0.7877094972067039,0.7932960893854749,0.7921348314606742,0.8089887640449438,0.7917330989893918,0.01046416728424826,85,0.6256983240223464,0.5786516853932584,0.7191011235955056,0.6871508379888268,0.7318435754189944,0.6684891092837864,0.05800937600906339,481,0.7115628970775095,0.6940700808625337,0.7637231503579952,0.7509157509157509,0.7806912991656734,0.7401926356758926,0.032421486890127256,91,0.7011173184357542,0.6831805912999811,0.7561986064904902,0.7396428347247506,0.7704161697319691,0.7301111041365891,0.032981881765875465,100,0.648191708321082,0.6327870378368895,0.6979041667739618,0.6851099518019499,0.7154932262392006,0.6758972181946168,0.030864565531329553,91,0.7011173184357542,0.6831805912999812,0.7561986064904902,0.7396428347247505,0.770416169731969,0.730111104136589,0.0329818817658754,106
292,0.01620025634765625,0.01082715114861084,0.05341892242431641,0.011395474269349053,entropy,3,2,4,best,"{'criterion': 'entropy', 'max_depth': 3, 'min_samples_leaf': 2, 'min_samples_split': 4, 'splitter': 'best'}",0.7011173184357542,0.6834733893557423,0.7563025210084033,0.7394957983193278,0.7703081232492998,0.7301394300737055,0.03288031382349109,100,0.6747572815533981,0.6527777777777778,0.7395833333333334,0.7157360406091371,0.75,0.7065708866547292,0.037324827128502686,397,0.7368421052631579,0.7304964539007093,0.7757575757575758,0.76875,0.793939393939394,0.7611571057721674,0.023986658820956405,85,0.776536312849162,0.7877094972067039,0.7932960893854749,0.7921348314606742,0.8089887640449438,0.7917330989893918,0.01046416728424826,85,0.6256983240223464,0.5786516853932584,0.7191011235955056,0.6871508379888268,0.7318435754189944,0.6684891092837864,0.05800937600906339,481,0.7115628970775095,0.6940700808625337,0.7637231503579952,0.7509157509157509,0.7806912991656734,0.7401926356758926,0.032421486890127256,91,0.7011173184357542,0.6831805912999811,0.7561986064904902,0.7396428347247506,0.7704161697319691,0.7301111041365891,0.032981881765875465,100,0.648191708321082,0.6327870378368895,0.6979041667739618,0.6851099518019499,0.7154932262392006,0.6758972181946168,0.030864565531329553,91,0.7011173184357542,0.6831805912999812,0.7561986064904902,0.7396428347247505,0.770416169731969,0.730111104136589,0.0329818817658754,106
480,0.013874673843383789,0.004176762846483401,0.05292153358459473,0.010502684847284527,log_loss,3,2,2,best,"{'criterion': 'log_loss', 'max_depth': 3, 'min_samples_leaf': 2, 'min_samples_split': 2, 'splitter': 'best'}",0.7011173184357542,0.6834733893557423,0.7563025210084033,0.7394957983193278,0.7703081232492998,0.7301394300737055,0.03288031382349109,100,0.6747572815533981,0.6527777777777778,0.7395833333333334,0.7157360406091371,0.75,0.7065708866547292,0.037324827128502686,397,0.7368421052631579,0.7304964539007093,0.7757575757575758,0.76875,0.793939393939394,0.7611571057721674,0.023986658820956405,85,0.776536312849162,0.7877094972067039,0.7932960893854749,0.7921348314606742,0.8089887640449438,0.7917330989893918,0.01046416728424826,85,0.6256983240223464,0.5786516853932584,0.7191011235955056,0.6871508379888268,0.7318435754189944,0.6684891092837864,0.05800937600906339,481,0.7115628970775095,0.6940700808625337,0.7637231503579952,0.7509157509157509,0.7806912991656734,0.7401926356758926,0.032421486890127256,91,0.7011173184357542,0.6831805912999811,0.7561986064904902,0.7396428347247506,0.7704161697319691,0.7301111041365891,0.032981881765875465,100,0.648191708321082,0.6327870378368895,0.6979041667739618,0.6851099518019499,0.7154932262392006,0.6758972181946168,0.030864565531329553,91,0.7011173184357542,0.6831805912999812,0.7561986064904902,0.7396428347247505,0.770416169731969,0.730111104136589,0.0329818817658754,106
110,0.013059329986572266,0.005216387511262849,0.056405258178710935,0.0045130040552019985,gini,3,4,3,best,"{'criterion': 'gini', 'max_depth': 3, 'min_samples_leaf': 4, 'min_samples_split': 3, 'splitter': 'best'}",0.7039106145251397,0.6834733893557423,0.7563025210084033,0.7394957983193278,0.7703081232492998,0.7306980892915826,0.03240272360837181,58,0.6763285024154589,0.6542056074766355,0.7395833333333334,0.7157360406091371,0.7580645161290323,0.7087835999927193,0.03862035557953151,361,0.7417218543046358,0.7272727272727273,0.7757575757575758,0.76875,0.783625730994152,0.7594255776658182,0.021384826601588285,109,0.7821229050279329,0.7821229050279329,0.7932960893854749,0.7921348314606742,0.7921348314606742,0.7883623124725379,0.005112071286238338,109,0.6256983240223464,0.5842696629213483,0.7191011235955056,0.6871508379888268,0.7486033519553073,0.6729646600966668,0.060252703944759886,433,0.7151979565772669,0.6933333333333334,0.7637231503579952,0.7509157509157509,0.776361529548088,0.7399063441464869,0.030974110449424268,103,0.7039106145251397,0.6831962839746406,0.7561986064904902,0.7396428347247506,0.7703690917079907,0.7306634862846024,0.03249017576711346,88,0.6512449591179844,0.6322063043807922,0.6979041667739618,0.6851099518019499,0.7126752690687174,0.675828130228681,0.029793996825282842,103,0.7039106145251397,0.6831962839746407,0.7561986064904902,0.7396428347247505,0.7703690917079908,0.7306634862846024,0.03249017576711345,88
108,0.013234567642211915,0.00510939416535939,0.05764317512512207,0.005352994543124595,gini,3,4,2,best,"{'criterion': 'gini', 'max_depth': 3, 'min_samples_leaf': 4, 'min_samples_split': 2, 'splitter': 'best'}",0.7039106145251397,0.6834733893557423,0.7563025210084033,0.7394957983193278,0.7703081232492998,0.7306980892915826,0.03240272360837181,58,0.6763285024154589,0.6542056074766355,0.7395833333333334,0.7157360406091371,0.7580645161290323,0.7087835999927193,0.03862035557953151,361,0.7417218543046358,0.7272727272727273,0.7757575757575758,0.76875,0.783625730994152,0.7594255776658182,0.021384826601588285,109,0.7821229050279329,0.7821229050279329,0.7932960893854749,0.7921348314606742,0.7921348314606742,0.7883623124725379,0.005112071286238338,109,0.6256983240223464,0.5842696629213483,0.7191011235955056,0.6871508379888268,0.7486033519553073,0.6729646600966668,0.060252703944759886,433,0.7151979565772669,0.6933333333333334,0.7637231503579952,0.7509157509157509,0.776361529548088,0.7399063441464869,0.030974110449424268,103,0.7039106145251397,0.6831962839746406,0.7561986064904902,0.7396428347247506,0.7703690917079907,0.7306634862846024,0.03249017576711346,88,0.6512449591179844,0.6322063043807922,0.6979041667739618,0.6851099518019499,0.7126752690687174,0.675828130228681,0.029793996825282842,103,0.7039106145251397,0.6831962839746407,0.7561986064904902,0.7396428347247505,0.7703690917079908,0.7306634862846024,0.03249017576711345,88
112,0.012072944641113281,0.0024961378745994253,0.043340539932250975,0.0056445001744032134,gini,3,4,4,best,"{'criterion': 'gini', 'max_depth': 3, 'min_samples_leaf': 4, 'min_samples_split': 4, 'splitter': 'best'}",0.7039106145251397,0.6834733893557423,0.7563025210084033,0.7394957983193278,0.7703081232492998,0.7306980892915826,0.03240272360837181,58,0.6763285024154589,0.6542056074766355,0.7395833333333334,0.7157360406091371,0.7580645161290323,0.7087835999927193,0.03862035557953151,361,0.7417218543046358,0.7272727272727273,0.7757575757575758,0.76875,0.783625730994152,0.7594255776658182,0.021384826601588285,109,0.7821229050279329,0.7821229050279329,0.7932960893854749,0.7921348314606742,0.7921348314606742,0.7883623124725379,0.005112071286238338,109,0.6256983240223464,0.5842696629213483,0.7191011235955056,0.6871508379888268,0.7486033519553073,0.6729646600966668,0.060252703944759886,433,0.7151979565772669,0.6933333333333334,0.7637231503579952,0.7509157509157509,0.776361529548088,0.7399063441464869,0.030974110449424268,103,0.7039106145251397,0.6831962839746406,0.7561986064904902,0.7396428347247506,0.7703690917079907,0.7306634862846024,0.03249017576711346,88,0.6512449591179844,0.6322063043807922,0.6979041667739618,0.6851099518019499,0.7126752690687174,0.675828130228681,0.029793996825282842,103,0.7039106145251397,0.6831962839746407,0.7561986064904902,0.7396428347247505,0.7703690917079908,0.7306634862846024,0.03249017576711345,88
120,0.019226455688476564,0.016159350829418006,0.07010350227355958,0.025272714161590357,gini,3,6,2,best,"{'criterion': 'gini', 'max_depth': 3, 'min_samples_leaf': 6, 'min_samples_split': 2, 'splitter': 'best'}",0.7039106145251397,0.6834733893557423,0.7563025210084033,0.7394957983193278,0.7675070028011205,0.7301378652019468,0.03173028381427047,112,0.6763285024154589,0.6527777777777778,0.7395833333333334,0.7157360406091371,0.7540106951871658,0.7076872698645745,0.03801690657083244,379,0.7417218543046358,0.7304964539007093,0.7757575757575758,0.76875,0.7823529411764706,0.7598157650278783,0.020143970824361646,103,0.7821229050279329,0.7877094972067039,0.7932960893854749,0.7921348314606742,0.7921348314606742,0.7894796309082921,0.004145366672685204,103,0.6256983240223464,0.5786516853932584,0.7191011235955056,0.6871508379888268,0.7430167597765364,0.6707237461552947,0.06056575405913684,454,0.7151979565772669,0.6940700808625337,0.7637231503579952,0.7509157509157509,0.7741559953434226,0.7396125868113939,0.03024077341566008,106,0.7039106145251397,0.6831805912999811,0.7561986064904902,0.7396428347247506,0.7675757956186053,0.7301016885317934,0.031824371235364184,121,0.6512449591179844,0.6327870378368895,0.6979041667739618,0.6851099518019499,0.7101528879708308,0.6754398007003234,0.02900967608349804,106,0.7039106145251397,0.6831805912999812,0.7561986064904902,0.7396428347247505,0.7675757956186052,0.7301016885317934,0.031824371235364114,121
126,0.01329493522644043,0.005186300485263009,0.04377741813659668,0.0037077906568426986,gini,3,7,2,best,"{'criterion': 'gini', 'max_depth': 3, 'min_samples_leaf': 7, 'min_samples_split': 2, 'splitter': 'best'}",0.7039106145251397,0.6834733893557423,0.7563025210084033,0.7394957983193278,0.7675070028011205,0.7301378652019468,0.03173028381427047,112,0.6763285024154589,0.6527777777777778,0.7395833333333334,0.7157360406091371,0.7540106951871658,0.7076872698645745,0.03801690657083244,379,0.7417218543046358,0.7304964539007093,0.7757575757575758,0.76875,0.7823529411764706,0.7598157650278783,0.020143970824361646,103,0.7821229050279329,0.7877094972067039,0.7932960893854749,0.7921348314606742,0.7921348314606742,0.7894796309082921,0.004145366672685204,103,0.6256983240223464,0.5786516853932584,0.7191011235955056,0.6871508379888268,0.7430167597765364,0.6707237461552947,0.06056575405913684,454,0.7151979565772669,0.6940700808625337,0.7637231503579952,0.7509157509157509,0.7741559953434226,0.7396125868113939,0.03024077341566008,106,0.7039106145251397,0.6831805912999811,0.7561986064904902,0.7396428347247506,0.7675757956186053,0.7301016885317934,0.031824371235364184,121,0.6512449591179844,0.6327870378368895,0.6979041667739618,0.6851099518019499,0.7101528879708308,0.6754398007003234,0.02900967608349804,106,0.7039106145251397,0.6831805912999812,0.7561986064904902,0.7396428347247505,0.7675757956186052,0.7301016885317934,0.031824371235364114,121
128,0.016115474700927734,0.004187389126323299,0.058397674560546876,0.011613890578613973,gini,3,7,3,best,"{'criterion': 'gini', 'max_depth': 3, 'min_samples_leaf': 7, 'min_samples_split': 3, 'splitter': 'best'}",0.7039106145251397,0.6834733893557423,0.7563025210084033,0.7394957983193278,0.7675070028011205,0.7301378652019468,0.03173028381427047,112,0.6763285024154589,0.6527777777777778,0.7395833333333334,0.7157360406091371,0.7540106951871658,0.7076872698645745,0.03801690657083244,379,0.7417218543046358,0.7304964539007093,0.7757575757575758,0.76875,0.7823529411764706,0.7598157650278783,0.020143970824361646,103,0.7821229050279329,0.7877094972067039,0.7932960893854749,0.7921348314606742,0.7921348314606742,0.7894796309082921,0.004145366672685204,103,0.6256983240223464,0.5786516853932584,0.7191011235955056,0.6871508379888268,0.7430167597765364,0.6707237461552947,0.06056575405913684,454,0.7151979565772669,0.6940700808625337,0.7637231503579952,0.7509157509157509,0.7741559953434226,0.7396125868113939,0.03024077341566008,106,0.7039106145251397,0.6831805912999811,0.7561986064904902,0.7396428347247506,0.7675757956186053,0.7301016885317934,0.031824371235364184,121,0.6512449591179844,0.6327870378368895,0.6979041667739618,0.6851099518019499,0.7101528879708308,0.6754398007003234,0.02900967608349804,106,0.7039106145251397,0.6831805912999812,0.7561986064904902,0.7396428347247505,0.7675757956186052,0.7301016885317934,0.031824371235364114,121
130,0.010652637481689453,0.0035655452912536465,0.04587545394897461,0.007409150510007043,gini,3,7,4,best,"{'criterion': 'gini', 'max_depth': 3, 'min_samples_leaf': 7, 'min_samples_split': 4, 'splitter': 'best'}",0.7039106145251397,0.6834733893557423,0.7563025210084033,0.7394957983193278,0.7675070028011205,0.7301378652019468,0.03173028381427047,112,0.6763285024154589,0.6527777777777778,0.7395833333333334,0.7157360406091371,0.7540106951871658,0.7076872698645745,0.03801690657083244,379,0.7417218543046358,0.7304964539007093,0.7757575757575758,0.76875,0.7823529411764706,0.7598157650278783,0.020143970824361646,103,0.7821229050279329,0.7877094972067039,0.7932960893854749,0.7921348314606742,0.7921348314606742,0.7894796309082921,0.004145366672685204,103,0.6256983240223464,0.5786516853932584,0.7191011235955056,0.6871508379888268,0.7430167597765364,0.6707237461552947,0.06056575405913684,454,0.7151979565772669,0.6940700808625337,0.7637231503579952,0.7509157509157509,0.7741559953434226,0.7396125868113939,0.03024077341566008,106,0.7039106145251397,0.6831805912999811,0.7561986064904902,0.7396428347247506,0.7675757956186053,0.7301016885317934,0.031824371235364184,121,0.6512449591179844,0.6327870378368895,0.6979041667739618,0.6851099518019499,0.7101528879708308,0.6754398007003234,0.02900967608349804,106,0.7039106145251397,0.6831805912999812,0.7561986064904902,0.7396428347247505,0.7675757956186052,0.7301016885317934,0.031824371235364114,121
122,0.01103382110595703,0.005094847088509003,0.060886287689208986,0.029002302237302102,gini,3,6,3,best,"{'criterion': 'gini', 'max_depth': 3, 'min_samples_leaf': 6, 'min_samples_split': 3, 'splitter': 'best'}",0.7039106145251397,0.6834733893557423,0.7563025210084033,0.7394957983193278,0.7675070028011205,0.7301378652019468,0.03173028381427047,112,0.6763285024154589,0.6527777777777778,0.7395833333333334,0.7157360406091371,0.7540106951871658,0.7076872698645745,0.03801690657083244,379,0.7417218543046358,0.7304964539007093,0.7757575757575758,0.76875,0.7823529411764706,0.7598157650278783,0.020143970824361646,103,0.7821229050279329,0.7877094972067039,0.7932960893854749,0.7921348314606742,0.7921348314606742,0.7894796309082921,0.004145366672685204,103,0.6256983240223464,0.5786516853932584,0.7191011235955056,0.6871508379888268,0.7430167597765364,0.6707237461552947,0.06056575405913684,454,0.7151979565772669,0.6940700808625337,0.7637231503579952,0.7509157509157509,0.7741559953434226,0.7396125868113939,0.03024077341566008,106,0.7039106145251397,0.6831805912999811,0.7561986064904902,0.7396428347247506,0.7675757956186053,0.7301016885317934,0.031824371235364184,121,0.6512449591179844,0.6327870378368895,0.6979041667739618,0.6851099518019499,0.7101528879708308,0.6754398007003234,0.02900967608349804,106,0.7039106145251397,0.6831805912999812,0.7561986064904902,0.7396428347247505,0.7675757956186052,0.7301016885317934,0.031824371235364114,121
124,0.018096446990966797,0.008551426500853145,0.0644770622253418,0.0310755471414915,gini,3,6,4,best,"{'criterion': 'gini', 'max_depth': 3, 'min_samples_leaf': 6, 'min_samples_split': 4, 'splitter': 'best'}",0.7039106145251397,0.6834733893557423,0.7563025210084033,0.7394957983193278,0.7675070028011205,0.7301378652019468,0.03173028381427047,112,0.6763285024154589,0.6527777777777778,0.7395833333333334,0.7157360406091371,0.7540106951871658,0.7076872698645745,0.03801690657083244,379,0.7417218543046358,0.7304964539007093,0.7757575757575758,0.76875,0.7823529411764706,0.7598157650278783,0.020143970824361646,103,0.7821229050279329,0.7877094972067039,0.7932960893854749,0.7921348314606742,0.7921348314606742,0.7894796309082921,0.004145366672685204,103,0.6256983240223464,0.5786516853932584,0.7191011235955056,0.6871508379888268,0.7430167597765364,0.6707237461552947,0.06056575405913684,454,0.7151979565772669,0.6940700808625337,0.7637231503579952,0.7509157509157509,0.7741559953434226,0.7396125868113939,0.03024077341566008,106,0.7039106145251397,0.6831805912999811,0.7561986064904902,0.7396428347247506,0.7675757956186053,0.7301016885317934,0.031824371235364184,121,0.6512449591179844,0.6327870378368895,0.6979041667739618,0.6851099518019499,0.7101528879708308,0.6754398007003234,0.02900967608349804,106,0.7039106145251397,0.6831805912999812,0.7561986064904902,0.7396428347247505,0.7675757956186052,0.7301016885317934,0.031824371235364114,121
118,0.009558486938476562,0.0049254247395814745,0.04690566062927246,0.005112302535352731,gini,3,5,4,best,"{'criterion': 'gini', 'max_depth': 3, 'min_samples_leaf': 5, 'min_samples_split': 4, 'splitter': 'best'}",0.7039106145251397,0.6834733893557423,0.7563025210084033,0.7394957983193278,0.7675070028011205,0.7301378652019468,0.03173028381427047,112,0.6763285024154589,0.6542056074766355,0.7395833333333334,0.7157360406091371,0.7540106951871658,0.7079728358043461,0.037606526234404386,364,0.7417218543046358,0.7272727272727273,0.7757575757575758,0.76875,0.7823529411764706,0.7591710197022818,0.02110093183511439,112,0.7821229050279329,0.7821229050279329,0.7932960893854749,0.7921348314606742,0.7921348314606742,0.7883623124725379,0.005112071286238338,109,0.6256983240223464,0.5842696629213483,0.7191011235955056,0.6871508379888268,0.7430167597765364,0.6718473416609126,0.05887577536527575,436,0.7151979565772669,0.6933333333333334,0.7637231503579952,0.7509157509157509,0.7741559953434226,0.7394652373055538,0.030463298504550446,112,0.7039106145251397,0.6831962839746406,0.7561986064904902,0.7396428347247506,0.7675757956186053,0.7301048270667254,0.03181974413665942,118,0.6512449591179844,0.6322063043807922,0.6979041667739618,0.6851099518019499,0.7101528879708308,0.6753236540091038,0.029180870810188577,112,0.7039106145251397,0.6831962839746407,0.7561986064904902,0.7396428347247505,0.7675757956186052,0.7301048270667253,0.03181974413665935,118
114,0.013421154022216797,0.011604806314212133,0.055539512634277345,0.013248561172083142,gini,3,5,2,best,"{'criterion': 'gini', 'max_depth': 3, 'min_samples_leaf': 5, 'min_samples_split': 2, 'splitter': 'best'}",0.7039106145251397,0.6834733893557423,0.7563025210084033,0.7394957983193278,0.7675070028011205,0.7301378652019468,0.03173028381427047,112,0.6763285024154589,0.6542056074766355,0.7395833333333334,0.7157360406091371,0.7540106951871658,0.7079728358043461,0.037606526234404386,364,0.7417218543046358,0.7272727272727273,0.7757575757575758,0.76875,0.7823529411764706,0.7591710197022818,0.02110093183511439,112,0.7821229050279329,0.7821229050279329,0.7932960893854749,0.7921348314606742,0.7921348314606742,0.7883623124725379,0.005112071286238338,109,0.6256983240223464,0.5842696629213483,0.7191011235955056,0.6871508379888268,0.7430167597765364,0.6718473416609126,0.05887577536527575,436,0.7151979565772669,0.6933333333333334,0.7637231503579952,0.7509157509157509,0.7741559953434226,0.7394652373055538,0.030463298504550446,112,0.7039106145251397,0.6831962839746406,0.7561986064904902,0.7396428347247506,0.7675757956186053,0.7301048270667254,0.03181974413665942,118,0.6512449591179844,0.6322063043807922,0.6979041667739618,0.6851099518019499,0.7101528879708308,0.6753236540091038,0.029180870810188577,112,0.7039106145251397,0.6831962839746407,0.7561986064904902,0.7396428347247505,0.7675757956186052,0.7301048270667253,0.03181974413665935,118
116,0.009566450119018554,0.005736807043621084,0.04587531089782715,0.013304537100788284,gini,3,5,3,best,"{'criterion': 'gini', 'max_depth': 3, 'min_samples_leaf': 5, 'min_samples_split': 3, 'splitter': 'best'}",0.7039106145251397,0.6834733893557423,0.7563025210084033,0.7394957983193278,0.7675070028011205,0.7301378652019468,0.03173028381427047,112,0.6763285024154589,0.6542056074766355,0.7395833333333334,0.7157360406091371,0.7540106951871658,0.7079728358043461,0.037606526234404386,364,0.7417218543046358,0.7272727272727273,0.7757575757575758,0.76875,0.7823529411764706,0.7591710197022818,0.02110093183511439,112,0.7821229050279329,0.7821229050279329,0.7932960893854749,0.7921348314606742,0.7921348314606742,0.7883623124725379,0.005112071286238338,109,0.6256983240223464,0.5842696629213483,0.7191011235955056,0.6871508379888268,0.7430167597765364,0.6718473416609126,0.05887577536527575,436,0.7151979565772669,0.6933333333333334,0.7637231503579952,0.7509157509157509,0.7741559953434226,0.7394652373055538,0.030463298504550446,112,0.7039106145251397,0.6831962839746406,0.7561986064904902,0.7396428347247506,0.7675757956186053,0.7301048270667254,0.03181974413665942,118,0.6512449591179844,0.6322063043807922,0.6979041667739618,0.6851099518019499,0.7101528879708308,0.6753236540091038,0.029180870810188577,112,0.7039106145251397,0.6831962839746407,0.7561986064904902,0.7396428347247505,0.7675757956186052,0.7301048270667253,0.03181974413665935,118
102,0.011502504348754883,0.0022198185173901274,0.047025012969970706,0.009932065844945862,gini,3,3,2,best,"{'criterion': 'gini', 'max_depth': 3, 'min_samples_leaf': 3, 'min_samples_split': 2, 'splitter': 'best'}",0.7011173184357542,0.680672268907563,0.7563025210084033,0.7394957983193278,0.7703081232492998,0.7295792059840697,0.033684674877605,136,0.6747572815533981,0.6511627906976745,0.7395833333333334,0.7157360406091371,0.7580645161290323,0.7078607924645152,0.03974734919788117,373,0.7368421052631579,0.7253521126760564,0.7757575757575758,0.76875,0.783625730994152,0.7580655049381884,0.02280829536681013,115,0.776536312849162,0.7821229050279329,0.7932960893854749,0.7921348314606742,0.7921348314606742,0.7872449940367836,0.0067133959152700816,115,0.6256983240223464,0.5786516853932584,0.7191011235955056,0.6871508379888268,0.7486033519553073,0.6718410645910489,0.061925380907103325,439,0.7115628970775095,0.6903485254691689,0.7637231503579952,0.7509157509157509,0.776361529548088,0.7385823706737026,0.03245917957439908,115,0.7011173184357542,0.6803872952105956,0.7561986064904902,0.7396428347247506,0.7703690917079907,0.7295430293139162,0.03377454801688126,136,0.648191708321082,0.629810256117006,0.6979041667739618,0.6851099518019499,0.7126752690687174,0.6747382704165434,0.031005460240176128,115,0.7011173184357542,0.6803872952105957,0.7561986064904902,0.7396428347247505,0.7703690917079908,0.7295430293139162,0.033774548016881255,136
96,0.017994070053100587,0.007412738241032784,0.05569024085998535,0.024078864809429987,gini,3,2,2,best,"{'criterion': 'gini', 'max_depth': 3, 'min_samples_leaf': 2, 'min_samples_split': 2, 'splitter': 'best'}",0.7011173184357542,0.680672268907563,0.7563025210084033,0.7394957983193278,0.7703081232492998,0.7295792059840697,0.033684674877605,136,0.6747572815533981,0.6511627906976745,0.7395833333333334,0.7157360406091371,0.7580645161290323,0.7078607924645152,0.03974734919788117,373,0.7368421052631579,0.7253521126760564,0.7757575757575758,0.76875,0.783625730994152,0.7580655049381884,0.02280829536681013,115,0.776536312849162,0.7821229050279329,0.7932960893854749,0.7921348314606742,0.7921348314606742,0.7872449940367836,0.0067133959152700816,115,0.6256983240223464,0.5786516853932584,0.7191011235955056,0.6871508379888268,0.7486033519553073,0.6718410645910489,0.061925380907103325,439,0.7115628970775095,0.6903485254691689,0.7637231503579952,0.7509157509157509,0.776361529548088,0.7385823706737026,0.03245917957439908,115,0.7011173184357542,0.6803872952105956,0.7561986064904902,0.7396428347247506,0.7703690917079907,0.7295430293139162,0.03377454801688126,136,0.648191708321082,0.629810256117006,0.6979041667739618,0.6851099518019499,0.7126752690687174,0.6747382704165434,0.031005460240176128,115,0.7011173184357542,0.6803872952105957,0.7561986064904902,0.7396428347247505,0.7703690917079908,0.7295430293139162,0.033774548016881255,136
98,0.013103199005126954,0.005579499008750972,0.05492382049560547,0.014754450799958855,gini,3,2,3,best,"{'criterion': 'gini', 'max_depth': 3, 'min_samples_leaf': 2, 'min_samples_split': 3, 'splitter': 'best'}",0.7011173184357542,0.680672268907563,0.7563025210084033,0.7394957983193278,0.7703081232492998,0.7295792059840697,0.033684674877605,136,0.6747572815533981,0.6511627906976745,0.7395833333333334,0.7157360406091371,0.7580645161290323,0.7078607924645152,0.03974734919788117,373,0.7368421052631579,0.7253521126760564,0.7757575757575758,0.76875,0.783625730994152,0.7580655049381884,0.02280829536681013,115,0.776536312849162,0.7821229050279329,0.7932960893854749,0.7921348314606742,0.7921348314606742,0.7872449940367836,0.0067133959152700816,115,0.6256983240223464,0.5786516853932584,0.7191011235955056,0.6871508379888268,0.7486033519553073,0.6718410645910489,0.061925380907103325,439,0.7115628970775095,0.6903485254691689,0.7637231503579952,0.7509157509157509,0.776361529548088,0.7385823706737026,0.03245917957439908,115,0.7011173184357542,0.6803872952105956,0.7561986064904902,0.7396428347247506,0.7703690917079907,0.7295430293139162,0.03377454801688126,136,0.648191708321082,0.629810256117006,0.6979041667739618,0.6851099518019499,0.7126752690687174,0.6747382704165434,0.031005460240176128,115,0.7011173184357542,0.6803872952105957,0.7561986064904902,0.7396428347247505,0.7703690917079908,0.7295430293139162,0.033774548016881255,136
100,0.008666610717773438,0.0031927505117586383,0.041695261001586915,0.0054414315997337965,gini,3,2,4,best,"{'criterion': 'gini', 'max_depth': 3, 'min_samples_leaf': 2, 'min_samples_split': 4, 'splitter': 'best'}",0.7011173184357542,0.680672268907563,0.7563025210084033,0.7394957983193278,0.7703081232492998,0.7295792059840697,0.033684674877605,136,0.6747572815533981,0.6511627906976745,0.7395833333333334,0.7157360406091371,0.7580645161290323,0.7078607924645152,0.03974734919788117,373,0.7368421052631579,0.7253521126760564,0.7757575757575758,0.76875,0.783625730994152,0.7580655049381884,0.02280829536681013,115,0.776536312849162,0.7821229050279329,0.7932960893854749,0.7921348314606742,0.7921348314606742,0.7872449940367836,0.0067133959152700816,115,0.6256983240223464,0.5786516853932584,0.7191011235955056,0.6871508379888268,0.7486033519553073,0.6718410645910489,0.061925380907103325,439,0.7115628970775095,0.6903485254691689,0.7637231503579952,0.7509157509157509,0.776361529548088,0.7385823706737026,0.03245917957439908,115,0.7011173184357542,0.6803872952105956,0.7561986064904902,0.7396428347247506,0.7703690917079907,0.7295430293139162,0.03377454801688126,136,0.648191708321082,0.629810256117006,0.6979041667739618,0.6851099518019499,0.7126752690687174,0.6747382704165434,0.031005460240176128,115,0.7011173184357542,0.6803872952105957,0.7561986064904902,0.7396428347247505,0.7703690917079908,0.7295430293139162,0.033774548016881255,136
106,0.03340725898742676,0.028898220272170094,0.079276704788208,0.02232535818126664,gini,3,3,4,best,"{'criterion': 'gini', 'max_depth': 3, 'min_samples_leaf': 3, 'min_samples_split': 4, 'splitter': 'best'}",0.7011173184357542,0.680672268907563,0.7563025210084033,0.7394957983193278,0.7703081232492998,0.7295792059840697,0.033684674877605,136,0.6747572815533981,0.6511627906976745,0.7395833333333334,0.7157360406091371,0.7580645161290323,0.7078607924645152,0.03974734919788117,373,0.7368421052631579,0.7253521126760564,0.7757575757575758,0.76875,0.783625730994152,0.7580655049381884,0.02280829536681013,115,0.776536312849162,0.7821229050279329,0.7932960893854749,0.7921348314606742,0.7921348314606742,0.7872449940367836,0.0067133959152700816,115,0.6256983240223464,0.5786516853932584,0.7191011235955056,0.6871508379888268,0.7486033519553073,0.6718410645910489,0.061925380907103325,439,0.7115628970775095,0.6903485254691689,0.7637231503579952,0.7509157509157509,0.776361529548088,0.7385823706737026,0.03245917957439908,115,0.7011173184357542,0.6803872952105956,0.7561986064904902,0.7396428347247506,0.7703690917079907,0.7295430293139162,0.03377454801688126,136,0.648191708321082,0.629810256117006,0.6979041667739618,0.6851099518019499,0.7126752690687174,0.6747382704165434,0.031005460240176128,115,0.7011173184357542,0.6803872952105957,0.7561986064904902,0.7396428347247505,0.7703690917079908,0.7295430293139162,0.033774548016881255,136
104,0.018329620361328125,0.007561241700002411,0.09022717475891114,0.03981739906919895,gini,3,3,3,best,"{'criterion': 'gini', 'max_depth': 3, 'min_samples_leaf': 3, 'min_samples_split': 3, 'splitter': 'best'}",0.7011173184357542,0.680672268907563,0.7563025210084033,0.7394957983193278,0.7703081232492998,0.7295792059840697,0.033684674877605,136,0.6747572815533981,0.6511627906976745,0.7395833333333334,0.7157360406091371,0.7580645161290323,0.7078607924645152,0.03974734919788117,373,0.7368421052631579,0.7253521126760564,0.7757575757575758,0.76875,0.783625730994152,0.7580655049381884,0.02280829536681013,115,0.776536312849162,0.7821229050279329,0.7932960893854749,0.7921348314606742,0.7921348314606742,0.7872449940367836,0.0067133959152700816,115,0.6256983240223464,0.5786516853932584,0.7191011235955056,0.6871508379888268,0.7486033519553073,0.6718410645910489,0.061925380907103325,439,0.7115628970775095,0.6903485254691689,0.7637231503579952,0.7509157509157509,0.776361529548088,0.7385823706737026,0.03245917957439908,115,0.7011173184357542,0.6803872952105956,0.7561986064904902,0.7396428347247506,0.7703690917079907,0.7295430293139162,0.03377454801688126,136,0.648191708321082,0.629810256117006,0.6979041667739618,0.6851099518019499,0.7126752690687174,0.6747382704165434,0.031005460240176128,115,0.7011173184357542,0.6803872952105957,0.7561986064904902,0.7396428347247505,0.7703690917079908,0.7295430293139162,0.033774548016881255,136
150,0.012832832336425782,0.004490122718617858,0.05086030960083008,0.007872272375925058,gini,4,3,2,best,"{'criterion': 'gini', 'max_depth': 4, 'min_samples_leaf': 3, 'min_samples_split': 2, 'splitter': 'best'}",0.7039106145251397,0.6946778711484594,0.7647058823529411,0.7394957983193278,0.7591036414565826,0.7323787615604902,0.028431344287258794,49,0.738562091503268,0.6605504587155964,0.7386934673366834,0.7248677248677249,0.8194444444444444,0.7364236373735433,0.050581533931531086,97,0.6780487804878049,0.7482014388489209,0.7974683544303798,0.7559523809523809,0.7183098591549296,0.7395961627748833,0.03982952222807461,127,0.6312849162011173,0.8044692737430168,0.8212290502793296,0.7696629213483146,0.6629213483146067,0.7379135019772769,0.07664548961314335,196,0.776536312849162,0.5842696629213483,0.7078651685393258,0.7094972067039106,0.8547486033519553,0.7265833908731405,0.08923802194582972,337,0.6956956956956957,0.7084468664850136,0.7777777777777778,0.7461809635722679,0.7419980601357905,0.734019872733309,0.029151394658537194,121,0.7039106145251397,0.6943694683321826,0.7645471094093277,0.7395800640261125,0.7588349758332811,0.7322484464252087,0.028431143105202072,49,0.6382613435072899,0.6444343156387929,0.7101583344189617,0.6820043659922069,0.6868034805392769,0.6723323680193056,0.027103137878650103,121,0.7039106145251397,0.6943694683321826,0.7645471094093277,0.7395800640261126,0.7588349758332811,0.7322484464252087,0.02843114310520208,49
152,0.014963912963867187,0.0063845215361327595,0.04030933380126953,0.005392939311338753,gini,4,3,3,best,"{'criterion': 'gini', 'max_depth': 4, 'min_samples_leaf': 3, 'min_samples_split': 3, 'splitter': 'best'}",0.7039106145251397,0.6946778711484594,0.7647058823529411,0.7394957983193278,0.7591036414565826,0.7323787615604902,0.028431344287258794,49,0.738562091503268,0.6605504587155964,0.7386934673366834,0.7248677248677249,0.8194444444444444,0.7364236373735433,0.050581533931531086,97,0.6780487804878049,0.7482014388489209,0.7974683544303798,0.7559523809523809,0.7183098591549296,0.7395961627748833,0.03982952222807461,127,0.6312849162011173,0.8044692737430168,0.8212290502793296,0.7696629213483146,0.6629213483146067,0.7379135019772769,0.07664548961314335,196,0.776536312849162,0.5842696629213483,0.7078651685393258,0.7094972067039106,0.8547486033519553,0.7265833908731405,0.08923802194582972,337,0.6956956956956957,0.7084468664850136,0.7777777777777778,0.7461809635722679,0.7419980601357905,0.734019872733309,0.029151394658537194,121,0.7039106145251397,0.6943694683321826,0.7645471094093277,0.7395800640261125,0.7588349758332811,0.7322484464252087,0.028431143105202072,49,0.6382613435072899,0.6444343156387929,0.7101583344189617,0.6820043659922069,0.6868034805392769,0.6723323680193056,0.027103137878650103,121,0.7039106145251397,0.6943694683321826,0.7645471094093277,0.7395800640261126,0.7588349758332811,0.7322484464252087,0.02843114310520208,49
154,0.011022138595581054,0.0008326261203857222,0.049021339416503905,0.009927148489977979,gini,4,3,4,best,"{'criterion': 'gini', 'max_depth': 4, 'min_samples_leaf': 3, 'min_samples_split': 4, 'splitter': 'best'}",0.7039106145251397,0.6946778711484594,0.7647058823529411,0.7394957983193278,0.7591036414565826,0.7323787615604902,0.028431344287258794,49,0.738562091503268,0.6605504587155964,0.7386934673366834,0.7248677248677249,0.8194444444444444,0.7364236373735433,0.050581533931531086,97,0.6780487804878049,0.7482014388489209,0.7974683544303798,0.7559523809523809,0.7183098591549296,0.7395961627748833,0.03982952222807461,127,0.6312849162011173,0.8044692737430168,0.8212290502793296,0.7696629213483146,0.6629213483146067,0.7379135019772769,0.07664548961314335,196,0.776536312849162,0.5842696629213483,0.7078651685393258,0.7094972067039106,0.8547486033519553,0.7265833908731405,0.08923802194582972,337,0.6956956956956957,0.7084468664850136,0.7777777777777778,0.7461809635722679,0.7419980601357905,0.734019872733309,0.029151394658537194,121,0.7039106145251397,0.6943694683321826,0.7645471094093277,0.7395800640261125,0.7588349758332811,0.7322484464252087,0.028431143105202072,49,0.6382613435072899,0.6444343156387929,0.7101583344189617,0.6820043659922069,0.6868034805392769,0.6723323680193056,0.027103137878650103,121,0.7039106145251397,0.6943694683321826,0.7645471094093277,0.7395800640261126,0.7588349758332811,0.7322484464252087,0.02843114310520208,49
160,0.014310836791992188,0.0034838441877360397,0.04049639701843262,0.006993687124567581,gini,4,4,4,best,"{'criterion': 'gini', 'max_depth': 4, 'min_samples_leaf': 4, 'min_samples_split': 4, 'splitter': 'best'}",0.7039106145251397,0.6974789915966386,0.7647058823529411,0.7394957983193278,0.7507002801120448,0.7312583133812185,0.02628126827813012,52,0.738562091503268,0.6621004566210046,0.7386934673366834,0.7248677248677249,0.8027210884353742,0.733388965752811,0.0447582512688122,106,0.6780487804878049,0.7536231884057971,0.7974683544303798,0.7559523809523809,0.7142857142857143,0.7398756837124154,0.04059995639769281,121,0.6312849162011173,0.8100558659217877,0.8212290502793296,0.7696629213483146,0.6629213483146067,0.7390308204130311,0.077641822889377,193,0.776536312849162,0.5842696629213483,0.7078651685393258,0.7094972067039106,0.8379888268156425,0.7232314355658779,0.08455269865582252,346,0.6956956956956957,0.7123287671232876,0.7777777777777778,0.7461809635722679,0.7360157016683022,0.7335997811674663,0.028301921987698583,127,0.7039106145251397,0.697162764421568,0.7645471094093277,0.7395800640261125,0.7504550875651246,0.7311311279894545,0.026291572128071927,55,0.6382613435072899,0.6476020794248329,0.7101583344189617,0.6820043659922069,0.6797959407226578,0.6715644128131899,0.025882539696193727,124,0.7039106145251397,0.6971627644215681,0.7645471094093277,0.7395800640261126,0.7504550875651246,0.7311311279894545,0.026291572128071903,55
158,0.008631277084350585,0.0027550803747846066,0.04302711486816406,0.0028836956981264966,gini,4,4,3,best,"{'criterion': 'gini', 'max_depth': 4, 'min_samples_leaf': 4, 'min_samples_split': 3, 'splitter': 'best'}",0.7039106145251397,0.6974789915966386,0.7647058823529411,0.7394957983193278,0.7507002801120448,0.7312583133812185,0.02628126827813012,52,0.738562091503268,0.6621004566210046,0.7386934673366834,0.7248677248677249,0.8027210884353742,0.733388965752811,0.0447582512688122,106,0.6780487804878049,0.7536231884057971,0.7974683544303798,0.7559523809523809,0.7142857142857143,0.7398756837124154,0.04059995639769281,121,0.6312849162011173,0.8100558659217877,0.8212290502793296,0.7696629213483146,0.6629213483146067,0.7390308204130311,0.077641822889377,193,0.776536312849162,0.5842696629213483,0.7078651685393258,0.7094972067039106,0.8379888268156425,0.7232314355658779,0.08455269865582252,346,0.6956956956956957,0.7123287671232876,0.7777777777777778,0.7461809635722679,0.7360157016683022,0.7335997811674663,0.028301921987698583,127,0.7039106145251397,0.697162764421568,0.7645471094093277,0.7395800640261125,0.7504550875651246,0.7311311279894545,0.026291572128071927,55,0.6382613435072899,0.6476020794248329,0.7101583344189617,0.6820043659922069,0.6797959407226578,0.6715644128131899,0.025882539696193727,124,0.7039106145251397,0.6971627644215681,0.7645471094093277,0.7395800640261126,0.7504550875651246,0.7311311279894545,0.026291572128071903,55
156,0.013408470153808593,0.0053924166470017635,0.04544773101806641,0.007120589256769367,gini,4,4,2,best,"{'criterion': 'gini', 'max_depth': 4, 'min_samples_leaf': 4, 'min_samples_split': 2, 'splitter': 'best'}",0.7039106145251397,0.6974789915966386,0.7647058823529411,0.7394957983193278,0.7507002801120448,0.7312583133812185,0.02628126827813012,52,0.738562091503268,0.6621004566210046,0.7386934673366834,0.7248677248677249,0.8027210884353742,0.733388965752811,0.0447582512688122,106,0.6780487804878049,0.7536231884057971,0.7974683544303798,0.7559523809523809,0.7142857142857143,0.7398756837124154,0.04059995639769281,121,0.6312849162011173,0.8100558659217877,0.8212290502793296,0.7696629213483146,0.6629213483146067,0.7390308204130311,0.077641822889377,193,0.776536312849162,0.5842696629213483,0.7078651685393258,0.7094972067039106,0.8379888268156425,0.7232314355658779,0.08455269865582252,346,0.6956956956956957,0.7123287671232876,0.7777777777777778,0.7461809635722679,0.7360157016683022,0.7335997811674663,0.028301921987698583,127,0.7039106145251397,0.697162764421568,0.7645471094093277,0.7395800640261125,0.7504550875651246,0.7311311279894545,0.026291572128071927,55,0.6382613435072899,0.6476020794248329,0.7101583344189617,0.6820043659922069,0.6797959407226578,0.6715644128131899,0.025882539696193727,124,0.7039106145251397,0.6971627644215681,0.7645471094093277,0.7395800640261126,0.7504550875651246,0.7311311279894545,0.026291572128071903,55
170,0.012075710296630859,0.0011427330358696594,0.05100326538085938,0.007008044258102106,gini,4,6,3,best,"{'criterion': 'gini', 'max_depth': 4, 'min_samples_leaf': 6, 'min_samples_split': 3, 'splitter': 'best'}",0.7039106145251397,0.7058823529411765,0.7647058823529411,0.7366946778711485,0.7450980392156863,0.7312583133812185,0.02337377993023849,52,0.7354838709677419,0.6712962962962963,0.7386934673366834,0.7210526315789474,0.8,0.7333052532359338,0.04117573545317889,109,0.6798029556650246,0.7588652482269503,0.7974683544303798,0.7544910179640718,0.7075471698113207,0.7396349492195494,0.04133933472322932,124,0.6368715083798883,0.8100558659217877,0.8212290502793296,0.7696629213483146,0.651685393258427,0.7379009478375493,0.07848413509761619,199,0.770949720670391,0.601123595505618,0.7078651685393258,0.7039106145251397,0.8379888268156425,0.7243675852112234,0.07868872891575462,343,0.6962663975782039,0.7210242587601078,0.7777777777777778,0.743801652892562,0.7302823758519961,0.7338304925721295,0.026901441985525194,124,0.7039106145251397,0.7055897307137029,0.7645471094093277,0.7367867679367271,0.7448371100370348,0.7311342665243865,0.02336573260208974,52,0.6386190384456614,0.6550513583391759,0.7101583344189617,0.6795536198622893,0.6741491157441157,0.6715062933620409,0.024158065627662848,127,0.7039106145251396,0.7055897307137028,0.7645471094093277,0.7367867679367271,0.7448371100370348,0.7311342665243863,0.023365732602089784,52
172,0.010561895370483399,0.002722591591503752,0.041967010498046874,0.002808078731657812,gini,4,6,4,best,"{'criterion': 'gini', 'max_depth': 4, 'min_samples_leaf': 6, 'min_samples_split': 4, 'splitter': 'best'}",0.7039106145251397,0.7058823529411765,0.7647058823529411,0.7366946778711485,0.7450980392156863,0.7312583133812185,0.02337377993023849,52,0.7354838709677419,0.6712962962962963,0.7386934673366834,0.7210526315789474,0.8,0.7333052532359338,0.04117573545317889,109,0.6798029556650246,0.7588652482269503,0.7974683544303798,0.7544910179640718,0.7075471698113207,0.7396349492195494,0.04133933472322932,124,0.6368715083798883,0.8100558659217877,0.8212290502793296,0.7696629213483146,0.651685393258427,0.7379009478375493,0.07848413509761619,199,0.770949720670391,0.601123595505618,0.7078651685393258,0.7039106145251397,0.8379888268156425,0.7243675852112234,0.07868872891575462,343,0.6962663975782039,0.7210242587601078,0.7777777777777778,0.743801652892562,0.7302823758519961,0.7338304925721295,0.026901441985525194,124,0.7039106145251397,0.7055897307137029,0.7645471094093277,0.7367867679367271,0.7448371100370348,0.7311342665243865,0.02336573260208974,52,0.6386190384456614,0.6550513583391759,0.7101583344189617,0.6795536198622893,0.6741491157441157,0.6715062933620409,0.024158065627662848,127,0.7039106145251396,0.7055897307137028,0.7645471094093277,0.7367867679367271,0.7448371100370348,0.7311342665243863,0.023365732602089784,52
168,0.01954503059387207,0.009533215509762674,0.045318222045898436,0.004116672970681804,gini,4,6,2,best,"{'criterion': 'gini', 'max_depth': 4, 'min_samples_leaf': 6, 'min_samples_split': 2, 'splitter': 'best'}",0.7039106145251397,0.7058823529411765,0.7647058823529411,0.7366946778711485,0.7450980392156863,0.7312583133812185,0.02337377993023849,52,0.7354838709677419,0.6712962962962963,0.7386934673366834,0.7210526315789474,0.8,0.7333052532359338,0.04117573545317889,109,0.6798029556650246,0.7588652482269503,0.7974683544303798,0.7544910179640718,0.7075471698113207,0.7396349492195494,0.04133933472322932,124,0.6368715083798883,0.8100558659217877,0.8212290502793296,0.7696629213483146,0.651685393258427,0.7379009478375493,0.07848413509761619,199,0.770949720670391,0.601123595505618,0.7078651685393258,0.7039106145251397,0.8379888268156425,0.7243675852112234,0.07868872891575462,343,0.6962663975782039,0.7210242587601078,0.7777777777777778,0.743801652892562,0.7302823758519961,0.7338304925721295,0.026901441985525194,124,0.7039106145251397,0.7055897307137029,0.7645471094093277,0.7367867679367271,0.7448371100370348,0.7311342665243865,0.02336573260208974,52,0.6386190384456614,0.6550513583391759,0.7101583344189617,0.6795536198622893,0.6741491157441157,0.6715062933620409,0.024158065627662848,127,0.7039106145251396,0.7055897307137028,0.7645471094093277,0.7367867679367271,0.7448371100370348,0.7311342665243863,0.023365732602089784,52
182,0.014086627960205078,0.003894798957046037,0.04734139442443848,0.012258465557923471,gini,4,8,3,best,"{'criterion': 'gini', 'max_depth': 4, 'min_samples_leaf': 8, 'min_samples_split': 3, 'splitter': 'best'}",0.7039106145251397,0.6946778711484594,0.7703081232492998,0.7366946778711485,0.7450980392156863,0.7301378652019468,0.027661265650106244,112,0.7354838709677419,0.6590909090909091,0.7437185929648241,0.7210526315789474,0.8041958041958042,0.7327083617596454,0.04646454229215586,112,0.6798029556650246,0.7518248175182481,0.8037974683544303,0.7544910179640718,0.705607476635514,0.7391047472274577,0.042947538466877114,130,0.6368715083798883,0.8100558659217877,0.8268156424581006,0.7696629213483146,0.6460674157303371,0.7378946707676856,0.08094605999542552,208,0.770949720670391,0.5786516853932584,0.7134831460674157,0.7039106145251397,0.8435754189944135,0.7221141171301236,0.0873213542177857,352,0.6962663975782039,0.709366391184573,0.7839506172839507,0.743801652892562,0.7294685990338164,0.7325707315946212,0.030437133752424517,130,0.7039106145251397,0.6943537756575231,0.7701493942627582,0.7367867679367271,0.7448214173623753,0.7300043939489046,0.027673155725790353,130,0.6386190384456614,0.6451287313908587,0.7163530893796859,0.6795536198622893,0.6736644952974141,0.6706637948751819,0.027764908447248292,130,0.7039106145251396,0.694353775657523,0.7701493942627581,0.7367867679367271,0.7448214173623753,0.7300043939489046,0.02767315572579037,130
184,0.01357407569885254,0.0034683725042851075,0.043173360824584964,0.005187799757098614,gini,4,8,4,best,"{'criterion': 'gini', 'max_depth': 4, 'min_samples_leaf': 8, 'min_samples_split': 4, 'splitter': 'best'}",0.7039106145251397,0.6946778711484594,0.7703081232492998,0.7366946778711485,0.7450980392156863,0.7301378652019468,0.027661265650106244,112,0.7354838709677419,0.6590909090909091,0.7437185929648241,0.7210526315789474,0.8041958041958042,0.7327083617596454,0.04646454229215586,112,0.6798029556650246,0.7518248175182481,0.8037974683544303,0.7544910179640718,0.705607476635514,0.7391047472274577,0.042947538466877114,130,0.6368715083798883,0.8100558659217877,0.8268156424581006,0.7696629213483146,0.6460674157303371,0.7378946707676856,0.08094605999542552,208,0.770949720670391,0.5786516853932584,0.7134831460674157,0.7039106145251397,0.8435754189944135,0.7221141171301236,0.0873213542177857,352,0.6962663975782039,0.709366391184573,0.7839506172839507,0.743801652892562,0.7294685990338164,0.7325707315946212,0.030437133752424517,130,0.7039106145251397,0.6943537756575231,0.7701493942627582,0.7367867679367271,0.7448214173623753,0.7300043939489046,0.027673155725790353,130,0.6386190384456614,0.6451287313908587,0.7163530893796859,0.6795536198622893,0.6736644952974141,0.6706637948751819,0.027764908447248292,130,0.7039106145251396,0.694353775657523,0.7701493942627581,0.7367867679367271,0.7448214173623753,0.7300043939489046,0.02767315572579037,130
180,0.015931367874145508,0.00924517746221801,0.046631574630737305,0.010544726021981858,gini,4,8,2,best,"{'criterion': 'gini', 'max_depth': 4, 'min_samples_leaf': 8, 'min_samples_split': 2, 'splitter': 'best'}",0.7039106145251397,0.6946778711484594,0.7703081232492998,0.7366946778711485,0.7450980392156863,0.7301378652019468,0.027661265650106244,112,0.7354838709677419,0.6590909090909091,0.7437185929648241,0.7210526315789474,0.8041958041958042,0.7327083617596454,0.04646454229215586,112,0.6798029556650246,0.7518248175182481,0.8037974683544303,0.7544910179640718,0.705607476635514,0.7391047472274577,0.042947538466877114,130,0.6368715083798883,0.8100558659217877,0.8268156424581006,0.7696629213483146,0.6460674157303371,0.7378946707676856,0.08094605999542552,208,0.770949720670391,0.5786516853932584,0.7134831460674157,0.7039106145251397,0.8435754189944135,0.7221141171301236,0.0873213542177857,352,0.6962663975782039,0.709366391184573,0.7839506172839507,0.743801652892562,0.7294685990338164,0.7325707315946212,0.030437133752424517,130,0.7039106145251397,0.6943537756575231,0.7701493942627582,0.7367867679367271,0.7448214173623753,0.7300043939489046,0.027673155725790353,130,0.6386190384456614,0.6451287313908587,0.7163530893796859,0.6795536198622893,0.6736644952974141,0.6706637948751819,0.027764908447248292,130,0.7039106145251396,0.694353775657523,0.7701493942627581,0.7367867679367271,0.7448214173623753,0.7300043939489046,0.02767315572579037,130
162,0.012351608276367188,0.00347125994642602,0.04481229782104492,0.007480452472773755,gini,4,5,2,best,"{'criterion': 'gini', 'max_depth': 4, 'min_samples_leaf': 5, 'min_samples_split': 2, 'splitter': 'best'}",0.7067039106145251,0.6974789915966386,0.7647058823529411,0.7366946778711485,0.7450980392156863,0.730136300330188,0.02480926701529301,133,0.7402597402597403,0.6621004566210046,0.7386934673366834,0.7210526315789474,0.8,0.7324212591592751,0.04414052459517803,115,0.6813725490196079,0.7536231884057971,0.7974683544303798,0.7544910179640718,0.7075471698113207,0.7389004559262353,0.040453706467450994,133,0.6368715083798883,0.8100558659217877,0.8212290502793296,0.7696629213483146,0.651685393258427,0.7379009478375493,0.07848413509761619,199,0.776536312849162,0.5842696629213483,0.7078651685393258,0.7039106145251397,0.8379888268156425,0.7221141171301236,0.08476345595919578,352,0.6984924623115578,0.7123287671232876,0.7777777777777778,0.743801652892562,0.7302823758519961,0.7325366071914362,0.027371908703722674,133,0.7067039106145252,0.697162764421568,0.7645471094093277,0.7367867679367271,0.7448371100370348,0.7300075324838365,0.024822144787330656,127,0.6408423704677402,0.6476020794248329,0.7101583344189617,0.6795536198622893,0.6741491157441157,0.670461103983588,0.024786890724130612,133,0.7067039106145252,0.6971627644215681,0.7645471094093277,0.7367867679367271,0.7448371100370348,0.7300075324838365,0.024822144787330625,127
164,0.019407892227172853,0.009050561670724164,0.04952316284179688,0.017088115874607363,gini,4,5,3,best,"{'criterion': 'gini', 'max_depth': 4, 'min_samples_leaf': 5, 'min_samples_split': 3, 'splitter': 'best'}",0.7067039106145251,0.6974789915966386,0.7647058823529411,0.7366946778711485,0.7450980392156863,0.730136300330188,0.02480926701529301,133,0.7402597402597403,0.6621004566210046,0.7386934673366834,0.7210526315789474,0.8,0.7324212591592751,0.04414052459517803,115,0.6813725490196079,0.7536231884057971,0.7974683544303798,0.7544910179640718,0.7075471698113207,0.7389004559262353,0.040453706467450994,133,0.6368715083798883,0.8100558659217877,0.8212290502793296,0.7696629213483146,0.651685393258427,0.7379009478375493,0.07848413509761619,199,0.776536312849162,0.5842696629213483,0.7078651685393258,0.7039106145251397,0.8379888268156425,0.7221141171301236,0.08476345595919578,352,0.6984924623115578,0.7123287671232876,0.7777777777777778,0.743801652892562,0.7302823758519961,0.7325366071914362,0.027371908703722674,133,0.7067039106145252,0.697162764421568,0.7645471094093277,0.7367867679367271,0.7448371100370348,0.7300075324838365,0.024822144787330656,127,0.6408423704677402,0.6476020794248329,0.7101583344189617,0.6795536198622893,0.6741491157441157,0.670461103983588,0.024786890724130612,133,0.7067039106145252,0.6971627644215681,0.7645471094093277,0.7367867679367271,0.7448371100370348,0.7300075324838365,0.024822144787330625,127
166,0.010924959182739257,0.0020786415799499015,0.0480257511138916,0.010642218332732031,gini,4,5,4,best,"{'criterion': 'gini', 'max_depth': 4, 'min_samples_leaf': 5, 'min_samples_split': 4, 'splitter': 'best'}",0.7067039106145251,0.6974789915966386,0.7647058823529411,0.7366946778711485,0.7450980392156863,0.730136300330188,0.02480926701529301,133,0.7402597402597403,0.6621004566210046,0.7386934673366834,0.7210526315789474,0.8,0.7324212591592751,0.04414052459517803,115,0.6813725490196079,0.7536231884057971,0.7974683544303798,0.7544910179640718,0.7075471698113207,0.7389004559262353,0.040453706467450994,133,0.6368715083798883,0.8100558659217877,0.8212290502793296,0.7696629213483146,0.651685393258427,0.7379009478375493,0.07848413509761619,199,0.776536312849162,0.5842696629213483,0.7078651685393258,0.7039106145251397,0.8379888268156425,0.7221141171301236,0.08476345595919578,352,0.6984924623115578,0.7123287671232876,0.7777777777777778,0.743801652892562,0.7302823758519961,0.7325366071914362,0.027371908703722674,133,0.7067039106145252,0.697162764421568,0.7645471094093277,0.7367867679367271,0.7448371100370348,0.7300075324838365,0.024822144787330656,127,0.6408423704677402,0.6476020794248329,0.7101583344189617,0.6795536198622893,0.6741491157441157,0.670461103983588,0.024786890724130612,133,0.7067039106145252,0.6971627644215681,0.7645471094093277,0.7367867679367271,0.7448371100370348,0.7300075324838365,0.024822144787330625,127
148,0.010445213317871094,0.004535638279781861,0.05931239128112793,0.021886053678099242,gini,4,2,4,best,"{'criterion': 'gini', 'max_depth': 4, 'min_samples_leaf': 2, 'min_samples_split': 4, 'splitter': 'best'}",0.7039106145251397,0.6946778711484594,0.7591036414565826,0.7394957983193278,0.7563025210084033,0.7306980892915826,0.02666415916888339,58,0.738562091503268,0.6605504587155964,0.7360406091370558,0.7248677248677249,0.8137931034482758,0.7347627975343841,0.048718046730201005,100,0.6780487804878049,0.7482014388489209,0.7875,0.7559523809523809,0.7169811320754716,0.7373367464729157,0.03717620029015847,142,0.6312849162011173,0.8044692737430168,0.8100558659217877,0.7696629213483146,0.6629213483146067,0.7356788651057686,0.07431113976663982,214,0.776536312849162,0.5842696629213483,0.7078651685393258,0.7094972067039106,0.8491620111731844,0.7254660724373863,0.08764710750105803,340,0.6956956956956957,0.7084468664850136,0.7701711491442543,0.7461809635722679,0.7400194741966893,0.7321028298187842,0.026814727523353326,139,0.7039106145251397,0.6943694683321826,0.7589605172305567,0.7395800640261125,0.7560416797438956,0.7305724687715773,0.02667287194062327,97,0.6382613435072899,0.6444343156387929,0.7031020835300412,0.6820043659922069,0.6844633921872743,0.6704531001711211,0.02493576742136224,136,0.7039106145251397,0.6943694683321826,0.7589605172305567,0.7395800640261126,0.7560416797438956,0.7305724687715773,0.026672871940623274,97
146,0.013678836822509765,0.00760354761283115,0.0531428337097168,0.013665541548505467,gini,4,2,3,best,"{'criterion': 'gini', 'max_depth': 4, 'min_samples_leaf': 2, 'min_samples_split': 3, 'splitter': 'best'}",0.7039106145251397,0.6946778711484594,0.7591036414565826,0.7394957983193278,0.7563025210084033,0.7306980892915826,0.02666415916888339,58,0.738562091503268,0.6605504587155964,0.7360406091370558,0.7248677248677249,0.8137931034482758,0.7347627975343841,0.048718046730201005,100,0.6780487804878049,0.7482014388489209,0.7875,0.7559523809523809,0.7169811320754716,0.7373367464729157,0.03717620029015847,142,0.6312849162011173,0.8044692737430168,0.8100558659217877,0.7696629213483146,0.6629213483146067,0.7356788651057686,0.07431113976663982,214,0.776536312849162,0.5842696629213483,0.7078651685393258,0.7094972067039106,0.8491620111731844,0.7254660724373863,0.08764710750105803,340,0.6956956956956957,0.7084468664850136,0.7701711491442543,0.7461809635722679,0.7400194741966893,0.7321028298187842,0.026814727523353326,139,0.7039106145251397,0.6943694683321826,0.7589605172305567,0.7395800640261125,0.7560416797438956,0.7305724687715773,0.02667287194062327,97,0.6382613435072899,0.6444343156387929,0.7031020835300412,0.6820043659922069,0.6844633921872743,0.6704531001711211,0.02493576742136224,136,0.7039106145251397,0.6943694683321826,0.7589605172305567,0.7395800640261126,0.7560416797438956,0.7305724687715773,0.026672871940623274,97
144,0.013498687744140625,0.008886025092552152,0.04970593452453613,0.008088248273870892,gini,4,2,2,best,"{'criterion': 'gini', 'max_depth': 4, 'min_samples_leaf': 2, 'min_samples_split': 2, 'splitter': 'best'}",0.7039106145251397,0.6946778711484594,0.7591036414565826,0.7394957983193278,0.7563025210084033,0.7306980892915826,0.02666415916888339,58,0.738562091503268,0.6605504587155964,0.7360406091370558,0.7248677248677249,0.8137931034482758,0.7347627975343841,0.048718046730201005,100,0.6780487804878049,0.7482014388489209,0.7875,0.7559523809523809,0.7169811320754716,0.7373367464729157,0.03717620029015847,142,0.6312849162011173,0.8044692737430168,0.8100558659217877,0.7696629213483146,0.6629213483146067,0.7356788651057686,0.07431113976663982,214,0.776536312849162,0.5842696629213483,0.7078651685393258,0.7094972067039106,0.8491620111731844,0.7254660724373863,0.08764710750105803,340,0.6956956956956957,0.7084468664850136,0.7701711491442543,0.7461809635722679,0.7400194741966893,0.7321028298187842,0.026814727523353326,139,0.7039106145251397,0.6943694683321826,0.7589605172305567,0.7395800640261125,0.7560416797438956,0.7305724687715773,0.02667287194062327,97,0.6382613435072899,0.6444343156387929,0.7031020835300412,0.6820043659922069,0.6844633921872743,0.6704531001711211,0.02493576742136224,136,0.7039106145251397,0.6943694683321826,0.7589605172305567,0.7395800640261126,0.7560416797438956,0.7305724687715773,0.026672871940623274,97
186,0.010837507247924805,0.0021153810684278627,0.045959186553955075,0.00729047681334756,gini,4,9,2,best,"{'criterion': 'gini', 'max_depth': 4, 'min_samples_leaf': 9, 'min_samples_split': 2, 'splitter': 'best'}",0.7039106145251397,0.6946778711484594,0.7675070028011205,0.7366946778711485,0.7478991596638656,0.7301378652019468,0.027203630914219557,112,0.7354838709677419,0.6590909090909091,0.7424242424242424,0.7210526315789474,0.8098591549295775,0.7335821617982836,0.04817865590932111,103,0.6798029556650246,0.7518248175182481,0.7987421383647799,0.7544910179640718,0.7069767441860465,0.7383675347396342,0.0412343293572993,136,0.6368715083798883,0.8100558659217877,0.8212290502793296,0.7696629213483146,0.6460674157303371,0.7367773523319314,0.07974053015086353,211,0.770949720670391,0.5786516853932584,0.7134831460674157,0.7039106145251397,0.8491620111731844,0.7232314355658779,0.08889001298224031,346,0.6962663975782039,0.709366391184573,0.7800982800982801,0.743801652892562,0.7314725697786333,0.7322010583064504,0.029127204499860056,136,0.7039106145251397,0.6943537756575231,0.7673560981733727,0.7367867679367271,0.7476147134517608,0.7300043939489046,0.027214428774271188,130,0.6386190384456614,0.6451287313908587,0.7127461966342611,0.6795536198622893,0.6759680460465334,0.6704031264759208,0.026670803318635083,139,0.7039106145251396,0.694353775657523,0.7673560981733726,0.7367867679367271,0.7476147134517607,0.7300043939489046,0.027214428774271195,130
188,0.014221525192260743,0.004059995035006194,0.05537147521972656,0.016168707412888346,gini,4,9,3,best,"{'criterion': 'gini', 'max_depth': 4, 'min_samples_leaf': 9, 'min_samples_split': 3, 'splitter': 'best'}",0.7039106145251397,0.6946778711484594,0.7675070028011205,0.7366946778711485,0.7478991596638656,0.7301378652019468,0.027203630914219557,112,0.7354838709677419,0.6590909090909091,0.7424242424242424,0.7210526315789474,0.8098591549295775,0.7335821617982836,0.04817865590932111,103,0.6798029556650246,0.7518248175182481,0.7987421383647799,0.7544910179640718,0.7069767441860465,0.7383675347396342,0.0412343293572993,136,0.6368715083798883,0.8100558659217877,0.8212290502793296,0.7696629213483146,0.6460674157303371,0.7367773523319314,0.07974053015086353,211,0.770949720670391,0.5786516853932584,0.7134831460674157,0.7039106145251397,0.8491620111731844,0.7232314355658779,0.08889001298224031,346,0.6962663975782039,0.709366391184573,0.7800982800982801,0.743801652892562,0.7314725697786333,0.7322010583064504,0.029127204499860056,136,0.7039106145251397,0.6943537756575231,0.7673560981733727,0.7367867679367271,0.7476147134517608,0.7300043939489046,0.027214428774271188,130,0.6386190384456614,0.6451287313908587,0.7127461966342611,0.6795536198622893,0.6759680460465334,0.6704031264759208,0.026670803318635083,139,0.7039106145251396,0.694353775657523,0.7673560981733726,0.7367867679367271,0.7476147134517607,0.7300043939489046,0.027214428774271195,130
190,0.015251445770263671,0.0029286613225580067,0.03838787078857422,0.005163675822621379,gini,4,9,4,best,"{'criterion': 'gini', 'max_depth': 4, 'min_samples_leaf': 9, 'min_samples_split': 4, 'splitter': 'best'}",0.7039106145251397,0.6946778711484594,0.7675070028011205,0.7366946778711485,0.7478991596638656,0.7301378652019468,0.027203630914219557,112,0.7354838709677419,0.6590909090909091,0.7424242424242424,0.7210526315789474,0.8098591549295775,0.7335821617982836,0.04817865590932111,103,0.6798029556650246,0.7518248175182481,0.7987421383647799,0.7544910179640718,0.7069767441860465,0.7383675347396342,0.0412343293572993,136,0.6368715083798883,0.8100558659217877,0.8212290502793296,0.7696629213483146,0.6460674157303371,0.7367773523319314,0.07974053015086353,211,0.770949720670391,0.5786516853932584,0.7134831460674157,0.7039106145251397,0.8491620111731844,0.7232314355658779,0.08889001298224031,346,0.6962663975782039,0.709366391184573,0.7800982800982801,0.743801652892562,0.7314725697786333,0.7322010583064504,0.029127204499860056,136,0.7039106145251397,0.6943537756575231,0.7673560981733727,0.7367867679367271,0.7476147134517608,0.7300043939489046,0.027214428774271188,130,0.6386190384456614,0.6451287313908587,0.7127461966342611,0.6795536198622893,0.6759680460465334,0.6704031264759208,0.026670803318635083,139,0.7039106145251396,0.694353775657523,0.7673560981733726,0.7367867679367271,0.7476147134517607,0.7300043939489046,0.027214428774271195,130
178,0.01052079200744629,0.0015652338645982368,0.04633641242980957,0.008288569431009914,gini,4,7,4,best,"{'criterion': 'gini', 'max_depth': 4, 'min_samples_leaf': 7, 'min_samples_split': 4, 'splitter': 'best'}",0.7039106145251397,0.6946778711484594,0.7647058823529411,0.7366946778711485,0.7450980392156863,0.7290174170226751,0.026079682683564552,142,0.7354838709677419,0.6590909090909091,0.7386934673366834,0.7210526315789474,0.8,0.7308641757948564,0.044966809518395955,118,0.6798029556650246,0.7518248175182481,0.7974683544303798,0.7544910179640718,0.7075471698113207,0.7382268630778089,0.040776409682826996,139,0.6368715083798883,0.8100558659217877,0.8212290502793296,0.7696629213483146,0.651685393258427,0.7379009478375493,0.07848413509761619,199,0.770949720670391,0.5786516853932584,0.7078651685393258,0.7039106145251397,0.8379888268156425,0.7198732031887515,0.08590998242843476,358,0.6962663975782039,0.709366391184573,0.7777777777777778,0.743801652892562,0.7302823758519961,0.7314989190570226,0.028375162947456786,142,0.7039106145251397,0.6943537756575231,0.7645471094093277,0.7367867679367271,0.7448371100370348,0.7288870755131505,0.026095283717871405,142,0.6386190384456614,0.6451287313908587,0.7101583344189617,0.6795536198622893,0.6741491157441157,0.6695217679723774,0.025781310510437902,142,0.7039106145251396,0.694353775657523,0.7645471094093277,0.7367867679367271,0.7448371100370348,0.7288870755131505,0.026095283717871454,142
174,0.011911821365356446,0.002061704920745626,0.047453784942626955,0.007509100673109783,gini,4,7,2,best,"{'criterion': 'gini', 'max_depth': 4, 'min_samples_leaf': 7, 'min_samples_split': 2, 'splitter': 'best'}",0.7039106145251397,0.6946778711484594,0.7647058823529411,0.7366946778711485,0.7450980392156863,0.7290174170226751,0.026079682683564552,142,0.7354838709677419,0.6590909090909091,0.7386934673366834,0.7210526315789474,0.8,0.7308641757948564,0.044966809518395955,118,0.6798029556650246,0.7518248175182481,0.7974683544303798,0.7544910179640718,0.7075471698113207,0.7382268630778089,0.040776409682826996,139,0.6368715083798883,0.8100558659217877,0.8212290502793296,0.7696629213483146,0.651685393258427,0.7379009478375493,0.07848413509761619,199,0.770949720670391,0.5786516853932584,0.7078651685393258,0.7039106145251397,0.8379888268156425,0.7198732031887515,0.08590998242843476,358,0.6962663975782039,0.709366391184573,0.7777777777777778,0.743801652892562,0.7302823758519961,0.7314989190570226,0.028375162947456786,142,0.7039106145251397,0.6943537756575231,0.7645471094093277,0.7367867679367271,0.7448371100370348,0.7288870755131505,0.026095283717871405,142,0.6386190384456614,0.6451287313908587,0.7101583344189617,0.6795536198622893,0.6741491157441157,0.6695217679723774,0.025781310510437902,142,0.7039106145251396,0.694353775657523,0.7645471094093277,0.7367867679367271,0.7448371100370348,0.7288870755131505,0.026095283717871454,142
176,0.013408851623535157,0.002508603555990093,0.041706418991088866,0.006540529453384754,gini,4,7,3,best,"{'criterion': 'gini', 'max_depth': 4, 'min_samples_leaf': 7, 'min_samples_split': 3, 'splitter': 'best'}",0.7039106145251397,0.6946778711484594,0.7647058823529411,0.7366946778711485,0.7450980392156863,0.7290174170226751,0.026079682683564552,142,0.7354838709677419,0.6590909090909091,0.7386934673366834,0.7210526315789474,0.8,0.7308641757948564,0.044966809518395955,118,0.6798029556650246,0.7518248175182481,0.7974683544303798,0.7544910179640718,0.7075471698113207,0.7382268630778089,0.040776409682826996,139,0.6368715083798883,0.8100558659217877,0.8212290502793296,0.7696629213483146,0.651685393258427,0.7379009478375493,0.07848413509761619,199,0.770949720670391,0.5786516853932584,0.7078651685393258,0.7039106145251397,0.8379888268156425,0.7198732031887515,0.08590998242843476,358,0.6962663975782039,0.709366391184573,0.7777777777777778,0.743801652892562,0.7302823758519961,0.7314989190570226,0.028375162947456786,142,0.7039106145251397,0.6943537756575231,0.7645471094093277,0.7367867679367271,0.7448371100370348,0.7288870755131505,0.026095283717871405,142,0.6386190384456614,0.6451287313908587,0.7101583344189617,0.6795536198622893,0.6741491157441157,0.6695217679723774,0.025781310510437902,142,0.7039106145251396,0.694353775657523,0.7645471094093277,0.7367867679367271,0.7448371100370348,0.7288870755131505,0.026095283717871454,142
80,0.022824859619140624,0.01802089051472826,0.04840574264526367,0.010400604265362299,gini,2,7,3,best,"{'criterion': 'gini', 'max_depth': 2, 'min_samples_leaf': 7, 'min_samples_split': 3, 'splitter': 'best'}",0.7150837988826816,0.6862745098039216,0.7450980392156863,0.7226890756302521,0.7591036414565826,0.7256498129978248,0.025172259585591678,145,0.6994818652849741,0.6717948717948717,0.75,0.7206703910614525,0.7584269662921348,0.7200748188866867,0.03200556642435786,214,0.7333333333333333,0.7037037037037037,0.7403314917127072,0.7247191011235955,0.7597765363128491,0.7323728332372379,0.018415886353352562,145,0.7541899441340782,0.7318435754189944,0.7374301675977654,0.7247191011235955,0.7584269662921348,0.7413219509133137,0.012952273940631337,121,0.6759776536312849,0.6404494382022472,0.7528089887640449,0.7206703910614525,0.7597765363128491,0.7099366015943758,0.04564855076283476,361,0.7210965435041716,0.6900726392251816,0.7427937915742794,0.7239057239057239,0.7597765363128491,0.7275290469044411,0.023368359158328373,145,0.7150837988826816,0.6861465068106207,0.7451195781809051,0.7226947460925239,0.759101751302492,0.7256292762538447,0.025215019723373165,145,0.6577281191806331,0.6299583503813511,0.6805775013463079,0.6623396204254095,0.6977085644032589,0.6656624311473921,0.02279556858917679,145,0.7150837988826816,0.686146506810621,0.7451195781809051,0.7226947460925239,0.7591017513024919,0.7256292762538448,0.025215019723373065,145
68,0.010925817489624023,0.0029872999704409027,0.05017414093017578,0.006876521623506801,gini,2,5,3,best,"{'criterion': 'gini', 'max_depth': 2, 'min_samples_leaf': 5, 'min_samples_split': 3, 'splitter': 'best'}",0.7150837988826816,0.6862745098039216,0.7450980392156863,0.7226890756302521,0.7591036414565826,0.7256498129978248,0.025172259585591678,145,0.6994818652849741,0.6717948717948717,0.75,0.7206703910614525,0.7584269662921348,0.7200748188866867,0.03200556642435786,214,0.7333333333333333,0.7037037037037037,0.7403314917127072,0.7247191011235955,0.7597765363128491,0.7323728332372379,0.018415886353352562,145,0.7541899441340782,0.7318435754189944,0.7374301675977654,0.7247191011235955,0.7584269662921348,0.7413219509133137,0.012952273940631337,121,0.6759776536312849,0.6404494382022472,0.7528089887640449,0.7206703910614525,0.7597765363128491,0.7099366015943758,0.04564855076283476,361,0.7210965435041716,0.6900726392251816,0.7427937915742794,0.7239057239057239,0.7597765363128491,0.7275290469044411,0.023368359158328373,145,0.7150837988826816,0.6861465068106207,0.7451195781809051,0.7226947460925239,0.759101751302492,0.7256292762538447,0.025215019723373165,145,0.6577281191806331,0.6299583503813511,0.6805775013463079,0.6623396204254095,0.6977085644032589,0.6656624311473921,0.02279556858917679,145,0.7150837988826816,0.686146506810621,0.7451195781809051,0.7226947460925239,0.7591017513024919,0.7256292762538448,0.025215019723373065,145
66,0.019656991958618163,0.017877962774261204,0.059174394607543944,0.005657518609391477,gini,2,5,2,best,"{'criterion': 'gini', 'max_depth': 2, 'min_samples_leaf': 5, 'min_samples_split': 2, 'splitter': 'best'}",0.7150837988826816,0.6862745098039216,0.7450980392156863,0.7226890756302521,0.7591036414565826,0.7256498129978248,0.025172259585591678,145,0.6994818652849741,0.6717948717948717,0.75,0.7206703910614525,0.7584269662921348,0.7200748188866867,0.03200556642435786,214,0.7333333333333333,0.7037037037037037,0.7403314917127072,0.7247191011235955,0.7597765363128491,0.7323728332372379,0.018415886353352562,145,0.7541899441340782,0.7318435754189944,0.7374301675977654,0.7247191011235955,0.7584269662921348,0.7413219509133137,0.012952273940631337,121,0.6759776536312849,0.6404494382022472,0.7528089887640449,0.7206703910614525,0.7597765363128491,0.7099366015943758,0.04564855076283476,361,0.7210965435041716,0.6900726392251816,0.7427937915742794,0.7239057239057239,0.7597765363128491,0.7275290469044411,0.023368359158328373,145,0.7150837988826816,0.6861465068106207,0.7451195781809051,0.7226947460925239,0.759101751302492,0.7256292762538447,0.025215019723373165,145,0.6577281191806331,0.6299583503813511,0.6805775013463079,0.6623396204254095,0.6977085644032589,0.6656624311473921,0.02279556858917679,145,0.7150837988826816,0.686146506810621,0.7451195781809051,0.7226947460925239,0.7591017513024919,0.7256292762538448,0.025215019723373065,145
70,0.013591623306274414,0.007157582705686467,0.053469514846801756,0.015037705654652345,gini,2,5,4,best,"{'criterion': 'gini', 'max_depth': 2, 'min_samples_leaf': 5, 'min_samples_split': 4, 'splitter': 'best'}",0.7150837988826816,0.6862745098039216,0.7450980392156863,0.7226890756302521,0.7591036414565826,0.7256498129978248,0.025172259585591678,145,0.6994818652849741,0.6717948717948717,0.75,0.7206703910614525,0.7584269662921348,0.7200748188866867,0.03200556642435786,214,0.7333333333333333,0.7037037037037037,0.7403314917127072,0.7247191011235955,0.7597765363128491,0.7323728332372379,0.018415886353352562,145,0.7541899441340782,0.7318435754189944,0.7374301675977654,0.7247191011235955,0.7584269662921348,0.7413219509133137,0.012952273940631337,121,0.6759776536312849,0.6404494382022472,0.7528089887640449,0.7206703910614525,0.7597765363128491,0.7099366015943758,0.04564855076283476,361,0.7210965435041716,0.6900726392251816,0.7427937915742794,0.7239057239057239,0.7597765363128491,0.7275290469044411,0.023368359158328373,145,0.7150837988826816,0.6861465068106207,0.7451195781809051,0.7226947460925239,0.759101751302492,0.7256292762538447,0.025215019723373165,145,0.6577281191806331,0.6299583503813511,0.6805775013463079,0.6623396204254095,0.6977085644032589,0.6656624311473921,0.02279556858917679,145,0.7150837988826816,0.686146506810621,0.7451195781809051,0.7226947460925239,0.7591017513024919,0.7256292762538448,0.025215019723373065,145
48,0.008742094039916992,0.004304697478295971,0.045878934860229495,0.007673278175226754,gini,2,2,2,best,"{'criterion': 'gini', 'max_depth': 2, 'min_samples_leaf': 2, 'min_samples_split': 2, 'splitter': 'best'}",0.7150837988826816,0.6862745098039216,0.7450980392156863,0.7226890756302521,0.7591036414565826,0.7256498129978248,0.025172259585591678,145,0.6994818652849741,0.6717948717948717,0.75,0.7206703910614525,0.7584269662921348,0.7200748188866867,0.03200556642435786,214,0.7333333333333333,0.7037037037037037,0.7403314917127072,0.7247191011235955,0.7597765363128491,0.7323728332372379,0.018415886353352562,145,0.7541899441340782,0.7318435754189944,0.7374301675977654,0.7247191011235955,0.7584269662921348,0.7413219509133137,0.012952273940631337,121,0.6759776536312849,0.6404494382022472,0.7528089887640449,0.7206703910614525,0.7597765363128491,0.7099366015943758,0.04564855076283476,361,0.7210965435041716,0.6900726392251816,0.7427937915742794,0.7239057239057239,0.7597765363128491,0.7275290469044411,0.023368359158328373,145,0.7150837988826816,0.6861465068106207,0.7451195781809051,0.7226947460925239,0.759101751302492,0.7256292762538447,0.025215019723373165,145,0.6577281191806331,0.6299583503813511,0.6805775013463079,0.6623396204254095,0.6977085644032589,0.6656624311473921,0.02279556858917679,145,0.7150837988826816,0.686146506810621,0.7451195781809051,0.7226947460925239,0.7591017513024919,0.7256292762538448,0.025215019723373065,145
64,0.01334395408630371,0.008043270036149021,0.07888374328613282,0.024720808179385233,gini,2,4,4,best,"{'criterion': 'gini', 'max_depth': 2, 'min_samples_leaf': 4, 'min_samples_split': 4, 'splitter': 'best'}",0.7150837988826816,0.6862745098039216,0.7450980392156863,0.7226890756302521,0.7591036414565826,0.7256498129978248,0.025172259585591678,145,0.6994818652849741,0.6717948717948717,0.75,0.7206703910614525,0.7584269662921348,0.7200748188866867,0.03200556642435786,214,0.7333333333333333,0.7037037037037037,0.7403314917127072,0.7247191011235955,0.7597765363128491,0.7323728332372379,0.018415886353352562,145,0.7541899441340782,0.7318435754189944,0.7374301675977654,0.7247191011235955,0.7584269662921348,0.7413219509133137,0.012952273940631337,121,0.6759776536312849,0.6404494382022472,0.7528089887640449,0.7206703910614525,0.7597765363128491,0.7099366015943758,0.04564855076283476,361,0.7210965435041716,0.6900726392251816,0.7427937915742794,0.7239057239057239,0.7597765363128491,0.7275290469044411,0.023368359158328373,145,0.7150837988826816,0.6861465068106207,0.7451195781809051,0.7226947460925239,0.759101751302492,0.7256292762538447,0.025215019723373165,145,0.6577281191806331,0.6299583503813511,0.6805775013463079,0.6623396204254095,0.6977085644032589,0.6656624311473921,0.02279556858917679,145,0.7150837988826816,0.686146506810621,0.7451195781809051,0.7226947460925239,0.7591017513024919,0.7256292762538448,0.025215019723373065,145
72,0.012575674057006835,0.008389400930627728,0.06152620315551758,0.015646840194079137,gini,2,6,2,best,"{'criterion': 'gini', 'max_depth': 2, 'min_samples_leaf': 6, 'min_samples_split': 2, 'splitter': 'best'}",0.7150837988826816,0.6862745098039216,0.7450980392156863,0.7226890756302521,0.7591036414565826,0.7256498129978248,0.025172259585591678,145,0.6994818652849741,0.6717948717948717,0.75,0.7206703910614525,0.7584269662921348,0.7200748188866867,0.03200556642435786,214,0.7333333333333333,0.7037037037037037,0.7403314917127072,0.7247191011235955,0.7597765363128491,0.7323728332372379,0.018415886353352562,145,0.7541899441340782,0.7318435754189944,0.7374301675977654,0.7247191011235955,0.7584269662921348,0.7413219509133137,0.012952273940631337,121,0.6759776536312849,0.6404494382022472,0.7528089887640449,0.7206703910614525,0.7597765363128491,0.7099366015943758,0.04564855076283476,361,0.7210965435041716,0.6900726392251816,0.7427937915742794,0.7239057239057239,0.7597765363128491,0.7275290469044411,0.023368359158328373,145,0.7150837988826816,0.6861465068106207,0.7451195781809051,0.7226947460925239,0.759101751302492,0.7256292762538447,0.025215019723373165,145,0.6577281191806331,0.6299583503813511,0.6805775013463079,0.6623396204254095,0.6977085644032589,0.6656624311473921,0.02279556858917679,145,0.7150837988826816,0.686146506810621,0.7451195781809051,0.7226947460925239,0.7591017513024919,0.7256292762538448,0.025215019723373065,145
50,0.009385299682617188,0.002154174237490815,0.04077272415161133,0.005535778468312232,gini,2,2,3,best,"{'criterion': 'gini', 'max_depth': 2, 'min_samples_leaf': 2, 'min_samples_split': 3, 'splitter': 'best'}",0.7150837988826816,0.6862745098039216,0.7450980392156863,0.7226890756302521,0.7591036414565826,0.7256498129978248,0.025172259585591678,145,0.6994818652849741,0.6717948717948717,0.75,0.7206703910614525,0.7584269662921348,0.7200748188866867,0.03200556642435786,214,0.7333333333333333,0.7037037037037037,0.7403314917127072,0.7247191011235955,0.7597765363128491,0.7323728332372379,0.018415886353352562,145,0.7541899441340782,0.7318435754189944,0.7374301675977654,0.7247191011235955,0.7584269662921348,0.7413219509133137,0.012952273940631337,121,0.6759776536312849,0.6404494382022472,0.7528089887640449,0.7206703910614525,0.7597765363128491,0.7099366015943758,0.04564855076283476,361,0.7210965435041716,0.6900726392251816,0.7427937915742794,0.7239057239057239,0.7597765363128491,0.7275290469044411,0.023368359158328373,145,0.7150837988826816,0.6861465068106207,0.7451195781809051,0.7226947460925239,0.759101751302492,0.7256292762538447,0.025215019723373165,145,0.6577281191806331,0.6299583503813511,0.6805775013463079,0.6623396204254095,0.6977085644032589,0.6656624311473921,0.02279556858917679,145,0.7150837988826816,0.686146506810621,0.7451195781809051,0.7226947460925239,0.7591017513024919,0.7256292762538448,0.025215019723373065,145
52,0.009656190872192383,0.001719750538548733,0.04181265830993652,0.002446078113600409,gini,2,2,4,best,"{'criterion': 'gini', 'max_depth': 2, 'min_samples_leaf': 2, 'min_samples_split': 4, 'splitter': 'best'}",0.7150837988826816,0.6862745098039216,0.7450980392156863,0.7226890756302521,0.7591036414565826,0.7256498129978248,0.025172259585591678,145,0.6994818652849741,0.6717948717948717,0.75,0.7206703910614525,0.7584269662921348,0.7200748188866867,0.03200556642435786,214,0.7333333333333333,0.7037037037037037,0.7403314917127072,0.7247191011235955,0.7597765363128491,0.7323728332372379,0.018415886353352562,145,0.7541899441340782,0.7318435754189944,0.7374301675977654,0.7247191011235955,0.7584269662921348,0.7413219509133137,0.012952273940631337,121,0.6759776536312849,0.6404494382022472,0.7528089887640449,0.7206703910614525,0.7597765363128491,0.7099366015943758,0.04564855076283476,361,0.7210965435041716,0.6900726392251816,0.7427937915742794,0.7239057239057239,0.7597765363128491,0.7275290469044411,0.023368359158328373,145,0.7150837988826816,0.6861465068106207,0.7451195781809051,0.7226947460925239,0.759101751302492,0.7256292762538447,0.025215019723373165,145,0.6577281191806331,0.6299583503813511,0.6805775013463079,0.6623396204254095,0.6977085644032589,0.6656624311473921,0.02279556858917679,145,0.7150837988826816,0.686146506810621,0.7451195781809051,0.7226947460925239,0.7591017513024919,0.7256292762538448,0.025215019723373065,145
54,0.013189029693603516,0.008778106817765953,0.054131269454956055,0.005927358208289967,gini,2,3,2,best,"{'criterion': 'gini', 'max_depth': 2, 'min_samples_leaf': 3, 'min_samples_split': 2, 'splitter': 'best'}",0.7150837988826816,0.6862745098039216,0.7450980392156863,0.7226890756302521,0.7591036414565826,0.7256498129978248,0.025172259585591678,145,0.6994818652849741,0.6717948717948717,0.75,0.7206703910614525,0.7584269662921348,0.7200748188866867,0.03200556642435786,214,0.7333333333333333,0.7037037037037037,0.7403314917127072,0.7247191011235955,0.7597765363128491,0.7323728332372379,0.018415886353352562,145,0.7541899441340782,0.7318435754189944,0.7374301675977654,0.7247191011235955,0.7584269662921348,0.7413219509133137,0.012952273940631337,121,0.6759776536312849,0.6404494382022472,0.7528089887640449,0.7206703910614525,0.7597765363128491,0.7099366015943758,0.04564855076283476,361,0.7210965435041716,0.6900726392251816,0.7427937915742794,0.7239057239057239,0.7597765363128491,0.7275290469044411,0.023368359158328373,145,0.7150837988826816,0.6861465068106207,0.7451195781809051,0.7226947460925239,0.759101751302492,0.7256292762538447,0.025215019723373165,145,0.6577281191806331,0.6299583503813511,0.6805775013463079,0.6623396204254095,0.6977085644032589,0.6656624311473921,0.02279556858917679,145,0.7150837988826816,0.686146506810621,0.7451195781809051,0.7226947460925239,0.7591017513024919,0.7256292762538448,0.025215019723373065,145
74,0.012320852279663086,0.008211623697653972,0.043193817138671875,0.002833016099304333,gini,2,6,3,best,"{'criterion': 'gini', 'max_depth': 2, 'min_samples_leaf': 6, 'min_samples_split': 3, 'splitter': 'best'}",0.7150837988826816,0.6862745098039216,0.7450980392156863,0.7226890756302521,0.7591036414565826,0.7256498129978248,0.025172259585591678,145,0.6994818652849741,0.6717948717948717,0.75,0.7206703910614525,0.7584269662921348,0.7200748188866867,0.03200556642435786,214,0.7333333333333333,0.7037037037037037,0.7403314917127072,0.7247191011235955,0.7597765363128491,0.7323728332372379,0.018415886353352562,145,0.7541899441340782,0.7318435754189944,0.7374301675977654,0.7247191011235955,0.7584269662921348,0.7413219509133137,0.012952273940631337,121,0.6759776536312849,0.6404494382022472,0.7528089887640449,0.7206703910614525,0.7597765363128491,0.7099366015943758,0.04564855076283476,361,0.7210965435041716,0.6900726392251816,0.7427937915742794,0.7239057239057239,0.7597765363128491,0.7275290469044411,0.023368359158328373,145,0.7150837988826816,0.6861465068106207,0.7451195781809051,0.7226947460925239,0.759101751302492,0.7256292762538447,0.025215019723373165,145,0.6577281191806331,0.6299583503813511,0.6805775013463079,0.6623396204254095,0.6977085644032589,0.6656624311473921,0.02279556858917679,145,0.7150837988826816,0.686146506810621,0.7451195781809051,0.7226947460925239,0.7591017513024919,0.7256292762538448,0.025215019723373065,145
56,0.00888652801513672,0.006790665872303708,0.05495519638061523,0.006869760753055496,gini,2,3,3,best,"{'criterion': 'gini', 'max_depth': 2, 'min_samples_leaf': 3, 'min_samples_split': 3, 'splitter': 'best'}",0.7150837988826816,0.6862745098039216,0.7450980392156863,0.7226890756302521,0.7591036414565826,0.7256498129978248,0.025172259585591678,145,0.6994818652849741,0.6717948717948717,0.75,0.7206703910614525,0.7584269662921348,0.7200748188866867,0.03200556642435786,214,0.7333333333333333,0.7037037037037037,0.7403314917127072,0.7247191011235955,0.7597765363128491,0.7323728332372379,0.018415886353352562,145,0.7541899441340782,0.7318435754189944,0.7374301675977654,0.7247191011235955,0.7584269662921348,0.7413219509133137,0.012952273940631337,121,0.6759776536312849,0.6404494382022472,0.7528089887640449,0.7206703910614525,0.7597765363128491,0.7099366015943758,0.04564855076283476,361,0.7210965435041716,0.6900726392251816,0.7427937915742794,0.7239057239057239,0.7597765363128491,0.7275290469044411,0.023368359158328373,145,0.7150837988826816,0.6861465068106207,0.7451195781809051,0.7226947460925239,0.759101751302492,0.7256292762538447,0.025215019723373165,145,0.6577281191806331,0.6299583503813511,0.6805775013463079,0.6623396204254095,0.6977085644032589,0.6656624311473921,0.02279556858917679,145,0.7150837988826816,0.686146506810621,0.7451195781809051,0.7226947460925239,0.7591017513024919,0.7256292762538448,0.025215019723373065,145
86,0.011559200286865235,0.005010855653129236,0.056233549118041994,0.02374693136619803,gini,2,8,3,best,"{'criterion': 'gini', 'max_depth': 2, 'min_samples_leaf': 8, 'min_samples_split': 3, 'splitter': 'best'}",0.7150837988826816,0.6862745098039216,0.7450980392156863,0.7226890756302521,0.7591036414565826,0.7256498129978248,0.025172259585591678,145,0.6994818652849741,0.6717948717948717,0.75,0.7206703910614525,0.7584269662921348,0.7200748188866867,0.03200556642435786,214,0.7333333333333333,0.7037037037037037,0.7403314917127072,0.7247191011235955,0.7597765363128491,0.7323728332372379,0.018415886353352562,145,0.7541899441340782,0.7318435754189944,0.7374301675977654,0.7247191011235955,0.7584269662921348,0.7413219509133137,0.012952273940631337,121,0.6759776536312849,0.6404494382022472,0.7528089887640449,0.7206703910614525,0.7597765363128491,0.7099366015943758,0.04564855076283476,361,0.7210965435041716,0.6900726392251816,0.7427937915742794,0.7239057239057239,0.7597765363128491,0.7275290469044411,0.023368359158328373,145,0.7150837988826816,0.6861465068106207,0.7451195781809051,0.7226947460925239,0.759101751302492,0.7256292762538447,0.025215019723373165,145,0.6577281191806331,0.6299583503813511,0.6805775013463079,0.6623396204254095,0.6977085644032589,0.6656624311473921,0.02279556858917679,145,0.7150837988826816,0.686146506810621,0.7451195781809051,0.7226947460925239,0.7591017513024919,0.7256292762538448,0.025215019723373065,145
94,0.009889841079711914,0.006350817023800755,0.058568572998046874,0.020022395080485353,gini,2,9,4,best,"{'criterion': 'gini', 'max_depth': 2, 'min_samples_leaf': 9, 'min_samples_split': 4, 'splitter': 'best'}",0.7150837988826816,0.6862745098039216,0.7450980392156863,0.7226890756302521,0.7591036414565826,0.7256498129978248,0.025172259585591678,145,0.6994818652849741,0.6717948717948717,0.75,0.7206703910614525,0.7584269662921348,0.7200748188866867,0.03200556642435786,214,0.7333333333333333,0.7037037037037037,0.7403314917127072,0.7247191011235955,0.7597765363128491,0.7323728332372379,0.018415886353352562,145,0.7541899441340782,0.7318435754189944,0.7374301675977654,0.7247191011235955,0.7584269662921348,0.7413219509133137,0.012952273940631337,121,0.6759776536312849,0.6404494382022472,0.7528089887640449,0.7206703910614525,0.7597765363128491,0.7099366015943758,0.04564855076283476,361,0.7210965435041716,0.6900726392251816,0.7427937915742794,0.7239057239057239,0.7597765363128491,0.7275290469044411,0.023368359158328373,145,0.7150837988826816,0.6861465068106207,0.7451195781809051,0.7226947460925239,0.759101751302492,0.7256292762538447,0.025215019723373165,145,0.6577281191806331,0.6299583503813511,0.6805775013463079,0.6623396204254095,0.6977085644032589,0.6656624311473921,0.02279556858917679,145,0.7150837988826816,0.686146506810621,0.7451195781809051,0.7226947460925239,0.7591017513024919,0.7256292762538448,0.025215019723373065,145
90,0.010212898254394531,0.0018460515300488512,0.06403231620788574,0.02735978230338912,gini,2,9,2,best,"{'criterion': 'gini', 'max_depth': 2, 'min_samples_leaf': 9, 'min_samples_split': 2, 'splitter': 'best'}",0.7150837988826816,0.6862745098039216,0.7450980392156863,0.7226890756302521,0.7591036414565826,0.7256498129978248,0.025172259585591678,145,0.6994818652849741,0.6717948717948717,0.75,0.7206703910614525,0.7584269662921348,0.7200748188866867,0.03200556642435786,214,0.7333333333333333,0.7037037037037037,0.7403314917127072,0.7247191011235955,0.7597765363128491,0.7323728332372379,0.018415886353352562,145,0.7541899441340782,0.7318435754189944,0.7374301675977654,0.7247191011235955,0.7584269662921348,0.7413219509133137,0.012952273940631337,121,0.6759776536312849,0.6404494382022472,0.7528089887640449,0.7206703910614525,0.7597765363128491,0.7099366015943758,0.04564855076283476,361,0.7210965435041716,0.6900726392251816,0.7427937915742794,0.7239057239057239,0.7597765363128491,0.7275290469044411,0.023368359158328373,145,0.7150837988826816,0.6861465068106207,0.7451195781809051,0.7226947460925239,0.759101751302492,0.7256292762538447,0.025215019723373165,145,0.6577281191806331,0.6299583503813511,0.6805775013463079,0.6623396204254095,0.6977085644032589,0.6656624311473921,0.02279556858917679,145,0.7150837988826816,0.686146506810621,0.7451195781809051,0.7226947460925239,0.7591017513024919,0.7256292762538448,0.025215019723373065,145
76,0.007996082305908203,0.0006359304753481009,0.04737529754638672,0.008889200317029394,gini,2,6,4,best,"{'criterion': 'gini', 'max_depth': 2, 'min_samples_leaf': 6, 'min_samples_split': 4, 'splitter': 'best'}",0.7150837988826816,0.6862745098039216,0.7450980392156863,0.7226890756302521,0.7591036414565826,0.7256498129978248,0.025172259585591678,145,0.6994818652849741,0.6717948717948717,0.75,0.7206703910614525,0.7584269662921348,0.7200748188866867,0.03200556642435786,214,0.7333333333333333,0.7037037037037037,0.7403314917127072,0.7247191011235955,0.7597765363128491,0.7323728332372379,0.018415886353352562,145,0.7541899441340782,0.7318435754189944,0.7374301675977654,0.7247191011235955,0.7584269662921348,0.7413219509133137,0.012952273940631337,121,0.6759776536312849,0.6404494382022472,0.7528089887640449,0.7206703910614525,0.7597765363128491,0.7099366015943758,0.04564855076283476,361,0.7210965435041716,0.6900726392251816,0.7427937915742794,0.7239057239057239,0.7597765363128491,0.7275290469044411,0.023368359158328373,145,0.7150837988826816,0.6861465068106207,0.7451195781809051,0.7226947460925239,0.759101751302492,0.7256292762538447,0.025215019723373165,145,0.6577281191806331,0.6299583503813511,0.6805775013463079,0.6623396204254095,0.6977085644032589,0.6656624311473921,0.02279556858917679,145,0.7150837988826816,0.686146506810621,0.7451195781809051,0.7226947460925239,0.7591017513024919,0.7256292762538448,0.025215019723373065,145
58,0.009673309326171876,0.0021388850811927657,0.045142173767089844,0.00400565059100163,gini,2,3,4,best,"{'criterion': 'gini', 'max_depth': 2, 'min_samples_leaf': 3, 'min_samples_split': 4, 'splitter': 'best'}",0.7150837988826816,0.6862745098039216,0.7450980392156863,0.7226890756302521,0.7591036414565826,0.7256498129978248,0.025172259585591678,145,0.6994818652849741,0.6717948717948717,0.75,0.7206703910614525,0.7584269662921348,0.7200748188866867,0.03200556642435786,214,0.7333333333333333,0.7037037037037037,0.7403314917127072,0.7247191011235955,0.7597765363128491,0.7323728332372379,0.018415886353352562,145,0.7541899441340782,0.7318435754189944,0.7374301675977654,0.7247191011235955,0.7584269662921348,0.7413219509133137,0.012952273940631337,121,0.6759776536312849,0.6404494382022472,0.7528089887640449,0.7206703910614525,0.7597765363128491,0.7099366015943758,0.04564855076283476,361,0.7210965435041716,0.6900726392251816,0.7427937915742794,0.7239057239057239,0.7597765363128491,0.7275290469044411,0.023368359158328373,145,0.7150837988826816,0.6861465068106207,0.7451195781809051,0.7226947460925239,0.759101751302492,0.7256292762538447,0.025215019723373165,145,0.6577281191806331,0.6299583503813511,0.6805775013463079,0.6623396204254095,0.6977085644032589,0.6656624311473921,0.02279556858917679,145,0.7150837988826816,0.686146506810621,0.7451195781809051,0.7226947460925239,0.7591017513024919,0.7256292762538448,0.025215019723373065,145
82,0.011725711822509765,0.004435193592863317,0.058175277709960935,0.007520446862446595,gini,2,7,4,best,"{'criterion': 'gini', 'max_depth': 2, 'min_samples_leaf': 7, 'min_samples_split': 4, 'splitter': 'best'}",0.7150837988826816,0.6862745098039216,0.7450980392156863,0.7226890756302521,0.7591036414565826,0.7256498129978248,0.025172259585591678,145,0.6994818652849741,0.6717948717948717,0.75,0.7206703910614525,0.7584269662921348,0.7200748188866867,0.03200556642435786,214,0.7333333333333333,0.7037037037037037,0.7403314917127072,0.7247191011235955,0.7597765363128491,0.7323728332372379,0.018415886353352562,145,0.7541899441340782,0.7318435754189944,0.7374301675977654,0.7247191011235955,0.7584269662921348,0.7413219509133137,0.012952273940631337,121,0.6759776536312849,0.6404494382022472,0.7528089887640449,0.7206703910614525,0.7597765363128491,0.7099366015943758,0.04564855076283476,361,0.7210965435041716,0.6900726392251816,0.7427937915742794,0.7239057239057239,0.7597765363128491,0.7275290469044411,0.023368359158328373,145,0.7150837988826816,0.6861465068106207,0.7451195781809051,0.7226947460925239,0.759101751302492,0.7256292762538447,0.025215019723373165,145,0.6577281191806331,0.6299583503813511,0.6805775013463079,0.6623396204254095,0.6977085644032589,0.6656624311473921,0.02279556858917679,145,0.7150837988826816,0.686146506810621,0.7451195781809051,0.7226947460925239,0.7591017513024919,0.7256292762538448,0.025215019723373065,145
84,0.010383319854736329,0.0005422372231533504,0.038432884216308597,0.005894672555098923,gini,2,8,2,best,"{'criterion': 'gini', 'max_depth': 2, 'min_samples_leaf': 8, 'min_samples_split': 2, 'splitter': 'best'}",0.7150837988826816,0.6862745098039216,0.7450980392156863,0.7226890756302521,0.7591036414565826,0.7256498129978248,0.025172259585591678,145,0.6994818652849741,0.6717948717948717,0.75,0.7206703910614525,0.7584269662921348,0.7200748188866867,0.03200556642435786,214,0.7333333333333333,0.7037037037037037,0.7403314917127072,0.7247191011235955,0.7597765363128491,0.7323728332372379,0.018415886353352562,145,0.7541899441340782,0.7318435754189944,0.7374301675977654,0.7247191011235955,0.7584269662921348,0.7413219509133137,0.012952273940631337,121,0.6759776536312849,0.6404494382022472,0.7528089887640449,0.7206703910614525,0.7597765363128491,0.7099366015943758,0.04564855076283476,361,0.7210965435041716,0.6900726392251816,0.7427937915742794,0.7239057239057239,0.7597765363128491,0.7275290469044411,0.023368359158328373,145,0.7150837988826816,0.6861465068106207,0.7451195781809051,0.7226947460925239,0.759101751302492,0.7256292762538447,0.025215019723373165,145,0.6577281191806331,0.6299583503813511,0.6805775013463079,0.6623396204254095,0.6977085644032589,0.6656624311473921,0.02279556858917679,145,0.7150837988826816,0.686146506810621,0.7451195781809051,0.7226947460925239,0.7591017513024919,0.7256292762538448,0.025215019723373065,145
88,0.010725736618041992,0.005417141227586585,0.07236366271972657,0.030637994557804412,gini,2,8,4,best,"{'criterion': 'gini', 'max_depth': 2, 'min_samples_leaf': 8, 'min_samples_split': 4, 'splitter': 'best'}",0.7150837988826816,0.6862745098039216,0.7450980392156863,0.7226890756302521,0.7591036414565826,0.7256498129978248,0.025172259585591678,145,0.6994818652849741,0.6717948717948717,0.75,0.7206703910614525,0.7584269662921348,0.7200748188866867,0.03200556642435786,214,0.7333333333333333,0.7037037037037037,0.7403314917127072,0.7247191011235955,0.7597765363128491,0.7323728332372379,0.018415886353352562,145,0.7541899441340782,0.7318435754189944,0.7374301675977654,0.7247191011235955,0.7584269662921348,0.7413219509133137,0.012952273940631337,121,0.6759776536312849,0.6404494382022472,0.7528089887640449,0.7206703910614525,0.7597765363128491,0.7099366015943758,0.04564855076283476,361,0.7210965435041716,0.6900726392251816,0.7427937915742794,0.7239057239057239,0.7597765363128491,0.7275290469044411,0.023368359158328373,145,0.7150837988826816,0.6861465068106207,0.7451195781809051,0.7226947460925239,0.759101751302492,0.7256292762538447,0.025215019723373165,145,0.6577281191806331,0.6299583503813511,0.6805775013463079,0.6623396204254095,0.6977085644032589,0.6656624311473921,0.02279556858917679,145,0.7150837988826816,0.686146506810621,0.7451195781809051,0.7226947460925239,0.7591017513024919,0.7256292762538448,0.025215019723373065,145
60,0.012443065643310547,0.003913298856844701,0.07029280662536622,0.021203081585474747,gini,2,4,2,best,"{'criterion': 'gini', 'max_depth': 2, 'min_samples_leaf': 4, 'min_samples_split': 2, 'splitter': 'best'}",0.7150837988826816,0.6862745098039216,0.7450980392156863,0.7226890756302521,0.7591036414565826,0.7256498129978248,0.025172259585591678,145,0.6994818652849741,0.6717948717948717,0.75,0.7206703910614525,0.7584269662921348,0.7200748188866867,0.03200556642435786,214,0.7333333333333333,0.7037037037037037,0.7403314917127072,0.7247191011235955,0.7597765363128491,0.7323728332372379,0.018415886353352562,145,0.7541899441340782,0.7318435754189944,0.7374301675977654,0.7247191011235955,0.7584269662921348,0.7413219509133137,0.012952273940631337,121,0.6759776536312849,0.6404494382022472,0.7528089887640449,0.7206703910614525,0.7597765363128491,0.7099366015943758,0.04564855076283476,361,0.7210965435041716,0.6900726392251816,0.7427937915742794,0.7239057239057239,0.7597765363128491,0.7275290469044411,0.023368359158328373,145,0.7150837988826816,0.6861465068106207,0.7451195781809051,0.7226947460925239,0.759101751302492,0.7256292762538447,0.025215019723373165,145,0.6577281191806331,0.6299583503813511,0.6805775013463079,0.6623396204254095,0.6977085644032589,0.6656624311473921,0.02279556858917679,145,0.7150837988826816,0.686146506810621,0.7451195781809051,0.7226947460925239,0.7591017513024919,0.7256292762538448,0.025215019723373065,145
92,0.007910823822021485,0.005484618749556564,0.050836801528930664,0.010352858693132117,gini,2,9,3,best,"{'criterion': 'gini', 'max_depth': 2, 'min_samples_leaf': 9, 'min_samples_split': 3, 'splitter': 'best'}",0.7150837988826816,0.6862745098039216,0.7450980392156863,0.7226890756302521,0.7591036414565826,0.7256498129978248,0.025172259585591678,145,0.6994818652849741,0.6717948717948717,0.75,0.7206703910614525,0.7584269662921348,0.7200748188866867,0.03200556642435786,214,0.7333333333333333,0.7037037037037037,0.7403314917127072,0.7247191011235955,0.7597765363128491,0.7323728332372379,0.018415886353352562,145,0.7541899441340782,0.7318435754189944,0.7374301675977654,0.7247191011235955,0.7584269662921348,0.7413219509133137,0.012952273940631337,121,0.6759776536312849,0.6404494382022472,0.7528089887640449,0.7206703910614525,0.7597765363128491,0.7099366015943758,0.04564855076283476,361,0.7210965435041716,0.6900726392251816,0.7427937915742794,0.7239057239057239,0.7597765363128491,0.7275290469044411,0.023368359158328373,145,0.7150837988826816,0.6861465068106207,0.7451195781809051,0.7226947460925239,0.759101751302492,0.7256292762538447,0.025215019723373165,145,0.6577281191806331,0.6299583503813511,0.6805775013463079,0.6623396204254095,0.6977085644032589,0.6656624311473921,0.02279556858917679,145,0.7150837988826816,0.686146506810621,0.7451195781809051,0.7226947460925239,0.7591017513024919,0.7256292762538448,0.025215019723373065,145
78,0.009303760528564454,0.0009255879850573648,0.05398998260498047,0.011755437382067252,gini,2,7,2,best,"{'criterion': 'gini', 'max_depth': 2, 'min_samples_leaf': 7, 'min_samples_split': 2, 'splitter': 'best'}",0.7150837988826816,0.6862745098039216,0.7450980392156863,0.7226890756302521,0.7591036414565826,0.7256498129978248,0.025172259585591678,145,0.6994818652849741,0.6717948717948717,0.75,0.7206703910614525,0.7584269662921348,0.7200748188866867,0.03200556642435786,214,0.7333333333333333,0.7037037037037037,0.7403314917127072,0.7247191011235955,0.7597765363128491,0.7323728332372379,0.018415886353352562,145,0.7541899441340782,0.7318435754189944,0.7374301675977654,0.7247191011235955,0.7584269662921348,0.7413219509133137,0.012952273940631337,121,0.6759776536312849,0.6404494382022472,0.7528089887640449,0.7206703910614525,0.7597765363128491,0.7099366015943758,0.04564855076283476,361,0.7210965435041716,0.6900726392251816,0.7427937915742794,0.7239057239057239,0.7597765363128491,0.7275290469044411,0.023368359158328373,145,0.7150837988826816,0.6861465068106207,0.7451195781809051,0.7226947460925239,0.759101751302492,0.7256292762538447,0.025215019723373165,145,0.6577281191806331,0.6299583503813511,0.6805775013463079,0.6623396204254095,0.6977085644032589,0.6656624311473921,0.02279556858917679,145,0.7150837988826816,0.686146506810621,0.7451195781809051,0.7226947460925239,0.7591017513024919,0.7256292762538448,0.025215019723373065,145
62,0.006644105911254883,0.0017225671596447832,0.0639866828918457,0.02532455269592439,gini,2,4,3,best,"{'criterion': 'gini', 'max_depth': 2, 'min_samples_leaf': 4, 'min_samples_split': 3, 'splitter': 'best'}",0.7150837988826816,0.6862745098039216,0.7450980392156863,0.7226890756302521,0.7591036414565826,0.7256498129978248,0.025172259585591678,145,0.6994818652849741,0.6717948717948717,0.75,0.7206703910614525,0.7584269662921348,0.7200748188866867,0.03200556642435786,214,0.7333333333333333,0.7037037037037037,0.7403314917127072,0.7247191011235955,0.7597765363128491,0.7323728332372379,0.018415886353352562,145,0.7541899441340782,0.7318435754189944,0.7374301675977654,0.7247191011235955,0.7584269662921348,0.7413219509133137,0.012952273940631337,121,0.6759776536312849,0.6404494382022472,0.7528089887640449,0.7206703910614525,0.7597765363128491,0.7099366015943758,0.04564855076283476,361,0.7210965435041716,0.6900726392251816,0.7427937915742794,0.7239057239057239,0.7597765363128491,0.7275290469044411,0.023368359158328373,145,0.7150837988826816,0.6861465068106207,0.7451195781809051,0.7226947460925239,0.759101751302492,0.7256292762538447,0.025215019723373165,145,0.6577281191806331,0.6299583503813511,0.6805775013463079,0.6623396204254095,0.6977085644032589,0.6656624311473921,0.02279556858917679,145,0.7150837988826816,0.686146506810621,0.7451195781809051,0.7226947460925239,0.7591017513024919,0.7256292762538448,0.025215019723373065,145
434,0.015325117111206054,0.012653104808392,0.04523038864135742,0.004280549823585187,log_loss,2,2,3,best,"{'criterion': 'log_loss', 'max_depth': 2, 'min_samples_leaf': 2, 'min_samples_split': 3, 'splitter': 'best'}",0.7150837988826816,0.6862745098039216,0.7450980392156863,0.7226890756302521,0.7563025210084033,0.725089588908189,0.02444206978920898,169,0.6994818652849741,0.6717948717948717,0.75,0.7206703910614525,0.7570621468926554,0.7198018550067908,0.031681490137722916,238,0.7333333333333333,0.7037037037037037,0.7403314917127072,0.7247191011235955,0.7555555555555555,0.7315286370857791,0.017196724612665366,169,0.7541899441340782,0.7318435754189944,0.7374301675977654,0.7247191011235955,0.7528089887640449,0.7401983554076956,0.011591938184263993,145,0.6759776536312849,0.6404494382022472,0.7528089887640449,0.7206703910614525,0.7597765363128491,0.7099366015943758,0.04564855076283476,361,0.7210965435041716,0.6900726392251816,0.7427937915742794,0.7239057239057239,0.7563959955506118,0.7268529387519936,0.022456694274043912,169,0.7150837988826816,0.6861465068106207,0.7451195781809051,0.7226947460925239,0.756292762538447,0.7250674785010357,0.024483671374689125,169,0.6577281191806331,0.6299583503813511,0.6805775013463079,0.6623396204254095,0.6945015622636391,0.6650210307194682,0.021912889315934252,169,0.7150837988826816,0.686146506810621,0.7451195781809051,0.7226947460925239,0.7562927625384471,0.7250674785010358,0.024483671374689084,169
272,0.02535252571105957,0.029510199159734754,0.06413536071777344,0.01150374019140117,entropy,2,7,3,best,"{'criterion': 'entropy', 'max_depth': 2, 'min_samples_leaf': 7, 'min_samples_split': 3, 'splitter': 'best'}",0.7150837988826816,0.6862745098039216,0.7450980392156863,0.7226890756302521,0.7563025210084033,0.725089588908189,0.02444206978920898,169,0.6994818652849741,0.6717948717948717,0.75,0.7206703910614525,0.7570621468926554,0.7198018550067908,0.031681490137722916,238,0.7333333333333333,0.7037037037037037,0.7403314917127072,0.7247191011235955,0.7555555555555555,0.7315286370857791,0.017196724612665366,169,0.7541899441340782,0.7318435754189944,0.7374301675977654,0.7247191011235955,0.7528089887640449,0.7401983554076956,0.011591938184263993,145,0.6759776536312849,0.6404494382022472,0.7528089887640449,0.7206703910614525,0.7597765363128491,0.7099366015943758,0.04564855076283476,361,0.7210965435041716,0.6900726392251816,0.7427937915742794,0.7239057239057239,0.7563959955506118,0.7268529387519936,0.022456694274043912,169,0.7150837988826816,0.6861465068106207,0.7451195781809051,0.7226947460925239,0.756292762538447,0.7250674785010357,0.024483671374689125,169,0.6577281191806331,0.6299583503813511,0.6805775013463079,0.6623396204254095,0.6945015622636391,0.6650210307194682,0.021912889315934252,169,0.7150837988826816,0.686146506810621,0.7451195781809051,0.7226947460925239,0.7562927625384471,0.7250674785010358,0.024483671374689084,169
438,0.009166812896728516,0.0036985031674198325,0.05536761283874512,0.019972311211834737,log_loss,2,3,2,best,"{'criterion': 'log_loss', 'max_depth': 2, 'min_samples_leaf': 3, 'min_samples_split': 2, 'splitter': 'best'}",0.7150837988826816,0.6862745098039216,0.7450980392156863,0.7226890756302521,0.7563025210084033,0.725089588908189,0.02444206978920898,169,0.6994818652849741,0.6717948717948717,0.75,0.7206703910614525,0.7570621468926554,0.7198018550067908,0.031681490137722916,238,0.7333333333333333,0.7037037037037037,0.7403314917127072,0.7247191011235955,0.7555555555555555,0.7315286370857791,0.017196724612665366,169,0.7541899441340782,0.7318435754189944,0.7374301675977654,0.7247191011235955,0.7528089887640449,0.7401983554076956,0.011591938184263993,145,0.6759776536312849,0.6404494382022472,0.7528089887640449,0.7206703910614525,0.7597765363128491,0.7099366015943758,0.04564855076283476,361,0.7210965435041716,0.6900726392251816,0.7427937915742794,0.7239057239057239,0.7563959955506118,0.7268529387519936,0.022456694274043912,169,0.7150837988826816,0.6861465068106207,0.7451195781809051,0.7226947460925239,0.756292762538447,0.7250674785010357,0.024483671374689125,169,0.6577281191806331,0.6299583503813511,0.6805775013463079,0.6623396204254095,0.6945015622636391,0.6650210307194682,0.021912889315934252,169,0.7150837988826816,0.686146506810621,0.7451195781809051,0.7226947460925239,0.7562927625384471,0.7250674785010358,0.024483671374689084,169
442,0.009346628189086914,0.004847268693483542,0.05634746551513672,0.01483175194349259,log_loss,2,3,4,best,"{'criterion': 'log_loss', 'max_depth': 2, 'min_samples_leaf': 3, 'min_samples_split': 4, 'splitter': 'best'}",0.7150837988826816,0.6862745098039216,0.7450980392156863,0.7226890756302521,0.7563025210084033,0.725089588908189,0.02444206978920898,169,0.6994818652849741,0.6717948717948717,0.75,0.7206703910614525,0.7570621468926554,0.7198018550067908,0.031681490137722916,238,0.7333333333333333,0.7037037037037037,0.7403314917127072,0.7247191011235955,0.7555555555555555,0.7315286370857791,0.017196724612665366,169,0.7541899441340782,0.7318435754189944,0.7374301675977654,0.7247191011235955,0.7528089887640449,0.7401983554076956,0.011591938184263993,145,0.6759776536312849,0.6404494382022472,0.7528089887640449,0.7206703910614525,0.7597765363128491,0.7099366015943758,0.04564855076283476,361,0.7210965435041716,0.6900726392251816,0.7427937915742794,0.7239057239057239,0.7563959955506118,0.7268529387519936,0.022456694274043912,169,0.7150837988826816,0.6861465068106207,0.7451195781809051,0.7226947460925239,0.756292762538447,0.7250674785010357,0.024483671374689125,169,0.6577281191806331,0.6299583503813511,0.6805775013463079,0.6623396204254095,0.6945015622636391,0.6650210307194682,0.021912889315934252,169,0.7150837988826816,0.686146506810621,0.7451195781809051,0.7226947460925239,0.7562927625384471,0.7250674785010358,0.024483671374689084,169
274,0.03292536735534668,0.03373173056728459,0.08311634063720703,0.03204133100545439,entropy,2,7,4,best,"{'criterion': 'entropy', 'max_depth': 2, 'min_samples_leaf': 7, 'min_samples_split': 4, 'splitter': 'best'}",0.7150837988826816,0.6862745098039216,0.7450980392156863,0.7226890756302521,0.7563025210084033,0.725089588908189,0.02444206978920898,169,0.6994818652849741,0.6717948717948717,0.75,0.7206703910614525,0.7570621468926554,0.7198018550067908,0.031681490137722916,238,0.7333333333333333,0.7037037037037037,0.7403314917127072,0.7247191011235955,0.7555555555555555,0.7315286370857791,0.017196724612665366,169,0.7541899441340782,0.7318435754189944,0.7374301675977654,0.7247191011235955,0.7528089887640449,0.7401983554076956,0.011591938184263993,145,0.6759776536312849,0.6404494382022472,0.7528089887640449,0.7206703910614525,0.7597765363128491,0.7099366015943758,0.04564855076283476,361,0.7210965435041716,0.6900726392251816,0.7427937915742794,0.7239057239057239,0.7563959955506118,0.7268529387519936,0.022456694274043912,169,0.7150837988826816,0.6861465068106207,0.7451195781809051,0.7226947460925239,0.756292762538447,0.7250674785010357,0.024483671374689125,169,0.6577281191806331,0.6299583503813511,0.6805775013463079,0.6623396204254095,0.6945015622636391,0.6650210307194682,0.021912889315934252,169,0.7150837988826816,0.686146506810621,0.7451195781809051,0.7226947460925239,0.7562927625384471,0.7250674785010358,0.024483671374689084,169
278,0.010732507705688477,0.0006351486269041718,0.051365327835083005,0.0053102762006253254,entropy,2,8,3,best,"{'criterion': 'entropy', 'max_depth': 2, 'min_samples_leaf': 8, 'min_samples_split': 3, 'splitter': 'best'}",0.7150837988826816,0.6862745098039216,0.7450980392156863,0.7226890756302521,0.7563025210084033,0.725089588908189,0.02444206978920898,169,0.6994818652849741,0.6717948717948717,0.75,0.7206703910614525,0.7570621468926554,0.7198018550067908,0.031681490137722916,238,0.7333333333333333,0.7037037037037037,0.7403314917127072,0.7247191011235955,0.7555555555555555,0.7315286370857791,0.017196724612665366,169,0.7541899441340782,0.7318435754189944,0.7374301675977654,0.7247191011235955,0.7528089887640449,0.7401983554076956,0.011591938184263993,145,0.6759776536312849,0.6404494382022472,0.7528089887640449,0.7206703910614525,0.7597765363128491,0.7099366015943758,0.04564855076283476,361,0.7210965435041716,0.6900726392251816,0.7427937915742794,0.7239057239057239,0.7563959955506118,0.7268529387519936,0.022456694274043912,169,0.7150837988826816,0.6861465068106207,0.7451195781809051,0.7226947460925239,0.756292762538447,0.7250674785010357,0.024483671374689125,169,0.6577281191806331,0.6299583503813511,0.6805775013463079,0.6623396204254095,0.6945015622636391,0.6650210307194682,0.021912889315934252,169,0.7150837988826816,0.686146506810621,0.7451195781809051,0.7226947460925239,0.7562927625384471,0.7250674785010358,0.024483671374689084,169
440,0.01556243896484375,0.014209010897665988,0.05756678581237793,0.016110647112352362,log_loss,2,3,3,best,"{'criterion': 'log_loss', 'max_depth': 2, 'min_samples_leaf': 3, 'min_samples_split': 3, 'splitter': 'best'}",0.7150837988826816,0.6862745098039216,0.7450980392156863,0.7226890756302521,0.7563025210084033,0.725089588908189,0.02444206978920898,169,0.6994818652849741,0.6717948717948717,0.75,0.7206703910614525,0.7570621468926554,0.7198018550067908,0.031681490137722916,238,0.7333333333333333,0.7037037037037037,0.7403314917127072,0.7247191011235955,0.7555555555555555,0.7315286370857791,0.017196724612665366,169,0.7541899441340782,0.7318435754189944,0.7374301675977654,0.7247191011235955,0.7528089887640449,0.7401983554076956,0.011591938184263993,145,0.6759776536312849,0.6404494382022472,0.7528089887640449,0.7206703910614525,0.7597765363128491,0.7099366015943758,0.04564855076283476,361,0.7210965435041716,0.6900726392251816,0.7427937915742794,0.7239057239057239,0.7563959955506118,0.7268529387519936,0.022456694274043912,169,0.7150837988826816,0.6861465068106207,0.7451195781809051,0.7226947460925239,0.756292762538447,0.7250674785010357,0.024483671374689125,169,0.6577281191806331,0.6299583503813511,0.6805775013463079,0.6623396204254095,0.6945015622636391,0.6650210307194682,0.021912889315934252,169,0.7150837988826816,0.686146506810621,0.7451195781809051,0.7226947460925239,0.7562927625384471,0.7250674785010358,0.024483671374689084,169
276,0.009839868545532227,0.002141224670819144,0.06004648208618164,0.025012865313472753,entropy,2,8,2,best,"{'criterion': 'entropy', 'max_depth': 2, 'min_samples_leaf': 8, 'min_samples_split': 2, 'splitter': 'best'}",0.7150837988826816,0.6862745098039216,0.7450980392156863,0.7226890756302521,0.7563025210084033,0.725089588908189,0.02444206978920898,169,0.6994818652849741,0.6717948717948717,0.75,0.7206703910614525,0.7570621468926554,0.7198018550067908,0.031681490137722916,238,0.7333333333333333,0.7037037037037037,0.7403314917127072,0.7247191011235955,0.7555555555555555,0.7315286370857791,0.017196724612665366,169,0.7541899441340782,0.7318435754189944,0.7374301675977654,0.7247191011235955,0.7528089887640449,0.7401983554076956,0.011591938184263993,145,0.6759776536312849,0.6404494382022472,0.7528089887640449,0.7206703910614525,0.7597765363128491,0.7099366015943758,0.04564855076283476,361,0.7210965435041716,0.6900726392251816,0.7427937915742794,0.7239057239057239,0.7563959955506118,0.7268529387519936,0.022456694274043912,169,0.7150837988826816,0.6861465068106207,0.7451195781809051,0.7226947460925239,0.756292762538447,0.7250674785010357,0.024483671374689125,169,0.6577281191806331,0.6299583503813511,0.6805775013463079,0.6623396204254095,0.6945015622636391,0.6650210307194682,0.021912889315934252,169,0.7150837988826816,0.686146506810621,0.7451195781809051,0.7226947460925239,0.7562927625384471,0.7250674785010358,0.024483671374689084,169
280,0.011782503128051758,0.004027382030069223,0.04865427017211914,0.009838708729429683,entropy,2,8,4,best,"{'criterion': 'entropy', 'max_depth': 2, 'min_samples_leaf': 8, 'min_samples_split': 4, 'splitter': 'best'}",0.7150837988826816,0.6862745098039216,0.7450980392156863,0.7226890756302521,0.7563025210084033,0.725089588908189,0.02444206978920898,169,0.6994818652849741,0.6717948717948717,0.75,0.7206703910614525,0.7570621468926554,0.7198018550067908,0.031681490137722916,238,0.7333333333333333,0.7037037037037037,0.7403314917127072,0.7247191011235955,0.7555555555555555,0.7315286370857791,0.017196724612665366,169,0.7541899441340782,0.7318435754189944,0.7374301675977654,0.7247191011235955,0.7528089887640449,0.7401983554076956,0.011591938184263993,145,0.6759776536312849,0.6404494382022472,0.7528089887640449,0.7206703910614525,0.7597765363128491,0.7099366015943758,0.04564855076283476,361,0.7210965435041716,0.6900726392251816,0.7427937915742794,0.7239057239057239,0.7563959955506118,0.7268529387519936,0.022456694274043912,169,0.7150837988826816,0.6861465068106207,0.7451195781809051,0.7226947460925239,0.756292762538447,0.7250674785010357,0.024483671374689125,169,0.6577281191806331,0.6299583503813511,0.6805775013463079,0.6623396204254095,0.6945015622636391,0.6650210307194682,0.021912889315934252,169,0.7150837988826816,0.686146506810621,0.7451195781809051,0.7226947460925239,0.7562927625384471,0.7250674785010358,0.024483671374689084,169
436,0.010809326171875,0.002748708756756678,0.04143900871276855,0.0037872086066025015,log_loss,2,2,4,best,"{'criterion': 'log_loss', 'max_depth': 2, 'min_samples_leaf': 2, 'min_samples_split': 4, 'splitter': 'best'}",0.7150837988826816,0.6862745098039216,0.7450980392156863,0.7226890756302521,0.7563025210084033,0.725089588908189,0.02444206978920898,169,0.6994818652849741,0.6717948717948717,0.75,0.7206703910614525,0.7570621468926554,0.7198018550067908,0.031681490137722916,238,0.7333333333333333,0.7037037037037037,0.7403314917127072,0.7247191011235955,0.7555555555555555,0.7315286370857791,0.017196724612665366,169,0.7541899441340782,0.7318435754189944,0.7374301675977654,0.7247191011235955,0.7528089887640449,0.7401983554076956,0.011591938184263993,145,0.6759776536312849,0.6404494382022472,0.7528089887640449,0.7206703910614525,0.7597765363128491,0.7099366015943758,0.04564855076283476,361,0.7210965435041716,0.6900726392251816,0.7427937915742794,0.7239057239057239,0.7563959955506118,0.7268529387519936,0.022456694274043912,169,0.7150837988826816,0.6861465068106207,0.7451195781809051,0.7226947460925239,0.756292762538447,0.7250674785010357,0.024483671374689125,169,0.6577281191806331,0.6299583503813511,0.6805775013463079,0.6623396204254095,0.6945015622636391,0.6650210307194682,0.021912889315934252,169,0.7150837988826816,0.686146506810621,0.7451195781809051,0.7226947460925239,0.7562927625384471,0.7250674785010358,0.024483671374689084,169
270,0.014220046997070312,0.005870153779508828,0.055025911331176756,0.017537081267242512,entropy,2,7,2,best,"{'criterion': 'entropy', 'max_depth': 2, 'min_samples_leaf': 7, 'min_samples_split': 2, 'splitter': 'best'}",0.7150837988826816,0.6862745098039216,0.7450980392156863,0.7226890756302521,0.7563025210084033,0.725089588908189,0.02444206978920898,169,0.6994818652849741,0.6717948717948717,0.75,0.7206703910614525,0.7570621468926554,0.7198018550067908,0.031681490137722916,238,0.7333333333333333,0.7037037037037037,0.7403314917127072,0.7247191011235955,0.7555555555555555,0.7315286370857791,0.017196724612665366,169,0.7541899441340782,0.7318435754189944,0.7374301675977654,0.7247191011235955,0.7528089887640449,0.7401983554076956,0.011591938184263993,145,0.6759776536312849,0.6404494382022472,0.7528089887640449,0.7206703910614525,0.7597765363128491,0.7099366015943758,0.04564855076283476,361,0.7210965435041716,0.6900726392251816,0.7427937915742794,0.7239057239057239,0.7563959955506118,0.7268529387519936,0.022456694274043912,169,0.7150837988826816,0.6861465068106207,0.7451195781809051,0.7226947460925239,0.756292762538447,0.7250674785010357,0.024483671374689125,169,0.6577281191806331,0.6299583503813511,0.6805775013463079,0.6623396204254095,0.6945015622636391,0.6650210307194682,0.021912889315934252,169,0.7150837988826816,0.686146506810621,0.7451195781809051,0.7226947460925239,0.7562927625384471,0.7250674785010358,0.024483671374689084,169
446,0.010465574264526368,0.0033631245545261913,0.04555244445800781,0.0035569748164682663,log_loss,2,4,3,best,"{'criterion': 'log_loss', 'max_depth': 2, 'min_samples_leaf': 4, 'min_samples_split': 3, 'splitter': 'best'}",0.7150837988826816,0.6862745098039216,0.7450980392156863,0.7226890756302521,0.7563025210084033,0.725089588908189,0.02444206978920898,169,0.6994818652849741,0.6717948717948717,0.75,0.7206703910614525,0.7570621468926554,0.7198018550067908,0.031681490137722916,238,0.7333333333333333,0.7037037037037037,0.7403314917127072,0.7247191011235955,0.7555555555555555,0.7315286370857791,0.017196724612665366,169,0.7541899441340782,0.7318435754189944,0.7374301675977654,0.7247191011235955,0.7528089887640449,0.7401983554076956,0.011591938184263993,145,0.6759776536312849,0.6404494382022472,0.7528089887640449,0.7206703910614525,0.7597765363128491,0.7099366015943758,0.04564855076283476,361,0.7210965435041716,0.6900726392251816,0.7427937915742794,0.7239057239057239,0.7563959955506118,0.7268529387519936,0.022456694274043912,169,0.7150837988826816,0.6861465068106207,0.7451195781809051,0.7226947460925239,0.756292762538447,0.7250674785010357,0.024483671374689125,169,0.6577281191806331,0.6299583503813511,0.6805775013463079,0.6623396204254095,0.6945015622636391,0.6650210307194682,0.021912889315934252,169,0.7150837988826816,0.686146506810621,0.7451195781809051,0.7226947460925239,0.7562927625384471,0.7250674785010358,0.024483671374689084,169
452,0.006484508514404297,0.005345056538390339,0.04598674774169922,0.005276424580860771,log_loss,2,5,3,best,"{'criterion': 'log_loss', 'max_depth': 2, 'min_samples_leaf': 5, 'min_samples_split': 3, 'splitter': 'best'}",0.7150837988826816,0.6862745098039216,0.7450980392156863,0.7226890756302521,0.7563025210084033,0.725089588908189,0.02444206978920898,169,0.6994818652849741,0.6717948717948717,0.75,0.7206703910614525,0.7570621468926554,0.7198018550067908,0.031681490137722916,238,0.7333333333333333,0.7037037037037037,0.7403314917127072,0.7247191011235955,0.7555555555555555,0.7315286370857791,0.017196724612665366,169,0.7541899441340782,0.7318435754189944,0.7374301675977654,0.7247191011235955,0.7528089887640449,0.7401983554076956,0.011591938184263993,145,0.6759776536312849,0.6404494382022472,0.7528089887640449,0.7206703910614525,0.7597765363128491,0.7099366015943758,0.04564855076283476,361,0.7210965435041716,0.6900726392251816,0.7427937915742794,0.7239057239057239,0.7563959955506118,0.7268529387519936,0.022456694274043912,169,0.7150837988826816,0.6861465068106207,0.7451195781809051,0.7226947460925239,0.756292762538447,0.7250674785010357,0.024483671374689125,169,0.6577281191806331,0.6299583503813511,0.6805775013463079,0.6623396204254095,0.6945015622636391,0.6650210307194682,0.021912889315934252,169,0.7150837988826816,0.686146506810621,0.7451195781809051,0.7226947460925239,0.7562927625384471,0.7250674785010358,0.024483671374689084,169
456,0.01020827293395996,0.006226067550697081,0.047528553009033206,0.005403206912959639,log_loss,2,6,2,best,"{'criterion': 'log_loss', 'max_depth': 2, 'min_samples_leaf': 6, 'min_samples_split': 2, 'splitter': 'best'}",0.7150837988826816,0.6862745098039216,0.7450980392156863,0.7226890756302521,0.7563025210084033,0.725089588908189,0.02444206978920898,169,0.6994818652849741,0.6717948717948717,0.75,0.7206703910614525,0.7570621468926554,0.7198018550067908,0.031681490137722916,238,0.7333333333333333,0.7037037037037037,0.7403314917127072,0.7247191011235955,0.7555555555555555,0.7315286370857791,0.017196724612665366,169,0.7541899441340782,0.7318435754189944,0.7374301675977654,0.7247191011235955,0.7528089887640449,0.7401983554076956,0.011591938184263993,145,0.6759776536312849,0.6404494382022472,0.7528089887640449,0.7206703910614525,0.7597765363128491,0.7099366015943758,0.04564855076283476,361,0.7210965435041716,0.6900726392251816,0.7427937915742794,0.7239057239057239,0.7563959955506118,0.7268529387519936,0.022456694274043912,169,0.7150837988826816,0.6861465068106207,0.7451195781809051,0.7226947460925239,0.756292762538447,0.7250674785010357,0.024483671374689125,169,0.6577281191806331,0.6299583503813511,0.6805775013463079,0.6623396204254095,0.6945015622636391,0.6650210307194682,0.021912889315934252,169,0.7150837988826816,0.686146506810621,0.7451195781809051,0.7226947460925239,0.7562927625384471,0.7250674785010358,0.024483671374689084,169
258,0.017058038711547853,0.014462518773375788,0.05915598869323731,0.014727609104444013,entropy,2,5,2,best,"{'criterion': 'entropy', 'max_depth': 2, 'min_samples_leaf': 5, 'min_samples_split': 2, 'splitter': 'best'}",0.7150837988826816,0.6862745098039216,0.7450980392156863,0.7226890756302521,0.7563025210084033,0.725089588908189,0.02444206978920898,169,0.6994818652849741,0.6717948717948717,0.75,0.7206703910614525,0.7570621468926554,0.7198018550067908,0.031681490137722916,238,0.7333333333333333,0.7037037037037037,0.7403314917127072,0.7247191011235955,0.7555555555555555,0.7315286370857791,0.017196724612665366,169,0.7541899441340782,0.7318435754189944,0.7374301675977654,0.7247191011235955,0.7528089887640449,0.7401983554076956,0.011591938184263993,145,0.6759776536312849,0.6404494382022472,0.7528089887640449,0.7206703910614525,0.7597765363128491,0.7099366015943758,0.04564855076283476,361,0.7210965435041716,0.6900726392251816,0.7427937915742794,0.7239057239057239,0.7563959955506118,0.7268529387519936,0.022456694274043912,169,0.7150837988826816,0.6861465068106207,0.7451195781809051,0.7226947460925239,0.756292762538447,0.7250674785010357,0.024483671374689125,169,0.6577281191806331,0.6299583503813511,0.6805775013463079,0.6623396204254095,0.6945015622636391,0.6650210307194682,0.021912889315934252,169,0.7150837988826816,0.686146506810621,0.7451195781809051,0.7226947460925239,0.7562927625384471,0.7250674785010358,0.024483671374689084,169
458,0.01107020378112793,0.0058631408584821675,0.05161991119384766,0.008581928111936237,log_loss,2,6,3,best,"{'criterion': 'log_loss', 'max_depth': 2, 'min_samples_leaf': 6, 'min_samples_split': 3, 'splitter': 'best'}",0.7150837988826816,0.6862745098039216,0.7450980392156863,0.7226890756302521,0.7563025210084033,0.725089588908189,0.02444206978920898,169,0.6994818652849741,0.6717948717948717,0.75,0.7206703910614525,0.7570621468926554,0.7198018550067908,0.031681490137722916,238,0.7333333333333333,0.7037037037037037,0.7403314917127072,0.7247191011235955,0.7555555555555555,0.7315286370857791,0.017196724612665366,169,0.7541899441340782,0.7318435754189944,0.7374301675977654,0.7247191011235955,0.7528089887640449,0.7401983554076956,0.011591938184263993,145,0.6759776536312849,0.6404494382022472,0.7528089887640449,0.7206703910614525,0.7597765363128491,0.7099366015943758,0.04564855076283476,361,0.7210965435041716,0.6900726392251816,0.7427937915742794,0.7239057239057239,0.7563959955506118,0.7268529387519936,0.022456694274043912,169,0.7150837988826816,0.6861465068106207,0.7451195781809051,0.7226947460925239,0.756292762538447,0.7250674785010357,0.024483671374689125,169,0.6577281191806331,0.6299583503813511,0.6805775013463079,0.6623396204254095,0.6945015622636391,0.6650210307194682,0.021912889315934252,169,0.7150837988826816,0.686146506810621,0.7451195781809051,0.7226947460925239,0.7562927625384471,0.7250674785010358,0.024483671374689084,169
256,0.024823713302612304,0.01798695780201328,0.08881497383117676,0.02476033231740997,entropy,2,4,4,best,"{'criterion': 'entropy', 'max_depth': 2, 'min_samples_leaf': 4, 'min_samples_split': 4, 'splitter': 'best'}",0.7150837988826816,0.6862745098039216,0.7450980392156863,0.7226890756302521,0.7563025210084033,0.725089588908189,0.02444206978920898,169,0.6994818652849741,0.6717948717948717,0.75,0.7206703910614525,0.7570621468926554,0.7198018550067908,0.031681490137722916,238,0.7333333333333333,0.7037037037037037,0.7403314917127072,0.7247191011235955,0.7555555555555555,0.7315286370857791,0.017196724612665366,169,0.7541899441340782,0.7318435754189944,0.7374301675977654,0.7247191011235955,0.7528089887640449,0.7401983554076956,0.011591938184263993,145,0.6759776536312849,0.6404494382022472,0.7528089887640449,0.7206703910614525,0.7597765363128491,0.7099366015943758,0.04564855076283476,361,0.7210965435041716,0.6900726392251816,0.7427937915742794,0.7239057239057239,0.7563959955506118,0.7268529387519936,0.022456694274043912,169,0.7150837988826816,0.6861465068106207,0.7451195781809051,0.7226947460925239,0.756292762538447,0.7250674785010357,0.024483671374689125,169,0.6577281191806331,0.6299583503813511,0.6805775013463079,0.6623396204254095,0.6945015622636391,0.6650210307194682,0.021912889315934252,169,0.7150837988826816,0.686146506810621,0.7451195781809051,0.7226947460925239,0.7562927625384471,0.7250674785010358,0.024483671374689084,169
460,0.008962631225585938,0.0030468229425934263,0.048538827896118165,0.010157737689152752,log_loss,2,6,4,best,"{'criterion': 'log_loss', 'max_depth': 2, 'min_samples_leaf': 6, 'min_samples_split': 4, 'splitter': 'best'}",0.7150837988826816,0.6862745098039216,0.7450980392156863,0.7226890756302521,0.7563025210084033,0.725089588908189,0.02444206978920898,169,0.6994818652849741,0.6717948717948717,0.75,0.7206703910614525,0.7570621468926554,0.7198018550067908,0.031681490137722916,238,0.7333333333333333,0.7037037037037037,0.7403314917127072,0.7247191011235955,0.7555555555555555,0.7315286370857791,0.017196724612665366,169,0.7541899441340782,0.7318435754189944,0.7374301675977654,0.7247191011235955,0.7528089887640449,0.7401983554076956,0.011591938184263993,145,0.6759776536312849,0.6404494382022472,0.7528089887640449,0.7206703910614525,0.7597765363128491,0.7099366015943758,0.04564855076283476,361,0.7210965435041716,0.6900726392251816,0.7427937915742794,0.7239057239057239,0.7563959955506118,0.7268529387519936,0.022456694274043912,169,0.7150837988826816,0.6861465068106207,0.7451195781809051,0.7226947460925239,0.756292762538447,0.7250674785010357,0.024483671374689125,169,0.6577281191806331,0.6299583503813511,0.6805775013463079,0.6623396204254095,0.6945015622636391,0.6650210307194682,0.021912889315934252,169,0.7150837988826816,0.686146506810621,0.7451195781809051,0.7226947460925239,0.7562927625384471,0.7250674785010358,0.024483671374689084,169
254,0.014722490310668945,0.005509936786417876,0.05867257118225098,0.013402232237760082,entropy,2,4,3,best,"{'criterion': 'entropy', 'max_depth': 2, 'min_samples_leaf': 4, 'min_samples_split': 3, 'splitter': 'best'}",0.7150837988826816,0.6862745098039216,0.7450980392156863,0.7226890756302521,0.7563025210084033,0.725089588908189,0.02444206978920898,169,0.6994818652849741,0.6717948717948717,0.75,0.7206703910614525,0.7570621468926554,0.7198018550067908,0.031681490137722916,238,0.7333333333333333,0.7037037037037037,0.7403314917127072,0.7247191011235955,0.7555555555555555,0.7315286370857791,0.017196724612665366,169,0.7541899441340782,0.7318435754189944,0.7374301675977654,0.7247191011235955,0.7528089887640449,0.7401983554076956,0.011591938184263993,145,0.6759776536312849,0.6404494382022472,0.7528089887640449,0.7206703910614525,0.7597765363128491,0.7099366015943758,0.04564855076283476,361,0.7210965435041716,0.6900726392251816,0.7427937915742794,0.7239057239057239,0.7563959955506118,0.7268529387519936,0.022456694274043912,169,0.7150837988826816,0.6861465068106207,0.7451195781809051,0.7226947460925239,0.756292762538447,0.7250674785010357,0.024483671374689125,169,0.6577281191806331,0.6299583503813511,0.6805775013463079,0.6623396204254095,0.6945015622636391,0.6650210307194682,0.021912889315934252,169,0.7150837988826816,0.686146506810621,0.7451195781809051,0.7226947460925239,0.7562927625384471,0.7250674785010358,0.024483671374689084,169
462,0.010235166549682618,0.006529020720504287,0.050421714782714844,0.007395993910414265,log_loss,2,7,2,best,"{'criterion': 'log_loss', 'max_depth': 2, 'min_samples_leaf': 7, 'min_samples_split': 2, 'splitter': 'best'}",0.7150837988826816,0.6862745098039216,0.7450980392156863,0.7226890756302521,0.7563025210084033,0.725089588908189,0.02444206978920898,169,0.6994818652849741,0.6717948717948717,0.75,0.7206703910614525,0.7570621468926554,0.7198018550067908,0.031681490137722916,238,0.7333333333333333,0.7037037037037037,0.7403314917127072,0.7247191011235955,0.7555555555555555,0.7315286370857791,0.017196724612665366,169,0.7541899441340782,0.7318435754189944,0.7374301675977654,0.7247191011235955,0.7528089887640449,0.7401983554076956,0.011591938184263993,145,0.6759776536312849,0.6404494382022472,0.7528089887640449,0.7206703910614525,0.7597765363128491,0.7099366015943758,0.04564855076283476,361,0.7210965435041716,0.6900726392251816,0.7427937915742794,0.7239057239057239,0.7563959955506118,0.7268529387519936,0.022456694274043912,169,0.7150837988826816,0.6861465068106207,0.7451195781809051,0.7226947460925239,0.756292762538447,0.7250674785010357,0.024483671374689125,169,0.6577281191806331,0.6299583503813511,0.6805775013463079,0.6623396204254095,0.6945015622636391,0.6650210307194682,0.021912889315934252,169,0.7150837988826816,0.686146506810621,0.7451195781809051,0.7226947460925239,0.7562927625384471,0.7250674785010358,0.024483671374689084,169
252,0.023537492752075194,0.02526507232583655,0.10251884460449219,0.02249676724418699,entropy,2,4,2,best,"{'criterion': 'entropy', 'max_depth': 2, 'min_samples_leaf': 4, 'min_samples_split': 2, 'splitter': 'best'}",0.7150837988826816,0.6862745098039216,0.7450980392156863,0.7226890756302521,0.7563025210084033,0.725089588908189,0.02444206978920898,169,0.6994818652849741,0.6717948717948717,0.75,0.7206703910614525,0.7570621468926554,0.7198018550067908,0.031681490137722916,238,0.7333333333333333,0.7037037037037037,0.7403314917127072,0.7247191011235955,0.7555555555555555,0.7315286370857791,0.017196724612665366,169,0.7541899441340782,0.7318435754189944,0.7374301675977654,0.7247191011235955,0.7528089887640449,0.7401983554076956,0.011591938184263993,145,0.6759776536312849,0.6404494382022472,0.7528089887640449,0.7206703910614525,0.7597765363128491,0.7099366015943758,0.04564855076283476,361,0.7210965435041716,0.6900726392251816,0.7427937915742794,0.7239057239057239,0.7563959955506118,0.7268529387519936,0.022456694274043912,169,0.7150837988826816,0.6861465068106207,0.7451195781809051,0.7226947460925239,0.756292762538447,0.7250674785010357,0.024483671374689125,169,0.6577281191806331,0.6299583503813511,0.6805775013463079,0.6623396204254095,0.6945015622636391,0.6650210307194682,0.021912889315934252,169,0.7150837988826816,0.686146506810621,0.7451195781809051,0.7226947460925239,0.7562927625384471,0.7250674785010358,0.024483671374689084,169
464,0.011292839050292968,0.0034542321256192756,0.04756145477294922,0.010760304600298512,log_loss,2,7,3,best,"{'criterion': 'log_loss', 'max_depth': 2, 'min_samples_leaf': 7, 'min_samples_split': 3, 'splitter': 'best'}",0.7150837988826816,0.6862745098039216,0.7450980392156863,0.7226890756302521,0.7563025210084033,0.725089588908189,0.02444206978920898,169,0.6994818652849741,0.6717948717948717,0.75,0.7206703910614525,0.7570621468926554,0.7198018550067908,0.031681490137722916,238,0.7333333333333333,0.7037037037037037,0.7403314917127072,0.7247191011235955,0.7555555555555555,0.7315286370857791,0.017196724612665366,169,0.7541899441340782,0.7318435754189944,0.7374301675977654,0.7247191011235955,0.7528089887640449,0.7401983554076956,0.011591938184263993,145,0.6759776536312849,0.6404494382022472,0.7528089887640449,0.7206703910614525,0.7597765363128491,0.7099366015943758,0.04564855076283476,361,0.7210965435041716,0.6900726392251816,0.7427937915742794,0.7239057239057239,0.7563959955506118,0.7268529387519936,0.022456694274043912,169,0.7150837988826816,0.6861465068106207,0.7451195781809051,0.7226947460925239,0.756292762538447,0.7250674785010357,0.024483671374689125,169,0.6577281191806331,0.6299583503813511,0.6805775013463079,0.6623396204254095,0.6945015622636391,0.6650210307194682,0.021912889315934252,169,0.7150837988826816,0.686146506810621,0.7451195781809051,0.7226947460925239,0.7562927625384471,0.7250674785010358,0.024483671374689084,169
250,0.025251054763793947,0.02302601763453336,0.07767305374145508,0.025151953160947683,entropy,2,3,4,best,"{'criterion': 'entropy', 'max_depth': 2, 'min_samples_leaf': 3, 'min_samples_split': 4, 'splitter': 'best'}",0.7150837988826816,0.6862745098039216,0.7450980392156863,0.7226890756302521,0.7563025210084033,0.725089588908189,0.02444206978920898,169,0.6994818652849741,0.6717948717948717,0.75,0.7206703910614525,0.7570621468926554,0.7198018550067908,0.031681490137722916,238,0.7333333333333333,0.7037037037037037,0.7403314917127072,0.7247191011235955,0.7555555555555555,0.7315286370857791,0.017196724612665366,169,0.7541899441340782,0.7318435754189944,0.7374301675977654,0.7247191011235955,0.7528089887640449,0.7401983554076956,0.011591938184263993,145,0.6759776536312849,0.6404494382022472,0.7528089887640449,0.7206703910614525,0.7597765363128491,0.7099366015943758,0.04564855076283476,361,0.7210965435041716,0.6900726392251816,0.7427937915742794,0.7239057239057239,0.7563959955506118,0.7268529387519936,0.022456694274043912,169,0.7150837988826816,0.6861465068106207,0.7451195781809051,0.7226947460925239,0.756292762538447,0.7250674785010357,0.024483671374689125,169,0.6577281191806331,0.6299583503813511,0.6805775013463079,0.6623396204254095,0.6945015622636391,0.6650210307194682,0.021912889315934252,169,0.7150837988826816,0.686146506810621,0.7451195781809051,0.7226947460925239,0.7562927625384471,0.7250674785010358,0.024483671374689084,169
466,0.010987663269042968,0.0020249371307869113,0.044659757614135744,0.007245579403744896,log_loss,2,7,4,best,"{'criterion': 'log_loss', 'max_depth': 2, 'min_samples_leaf': 7, 'min_samples_split': 4, 'splitter': 'best'}",0.7150837988826816,0.6862745098039216,0.7450980392156863,0.7226890756302521,0.7563025210084033,0.725089588908189,0.02444206978920898,169,0.6994818652849741,0.6717948717948717,0.75,0.7206703910614525,0.7570621468926554,0.7198018550067908,0.031681490137722916,238,0.7333333333333333,0.7037037037037037,0.7403314917127072,0.7247191011235955,0.7555555555555555,0.7315286370857791,0.017196724612665366,169,0.7541899441340782,0.7318435754189944,0.7374301675977654,0.7247191011235955,0.7528089887640449,0.7401983554076956,0.011591938184263993,145,0.6759776536312849,0.6404494382022472,0.7528089887640449,0.7206703910614525,0.7597765363128491,0.7099366015943758,0.04564855076283476,361,0.7210965435041716,0.6900726392251816,0.7427937915742794,0.7239057239057239,0.7563959955506118,0.7268529387519936,0.022456694274043912,169,0.7150837988826816,0.6861465068106207,0.7451195781809051,0.7226947460925239,0.756292762538447,0.7250674785010357,0.024483671374689125,169,0.6577281191806331,0.6299583503813511,0.6805775013463079,0.6623396204254095,0.6945015622636391,0.6650210307194682,0.021912889315934252,169,0.7150837988826816,0.686146506810621,0.7451195781809051,0.7226947460925239,0.7562927625384471,0.7250674785010358,0.024483671374689084,169
248,0.022212743759155273,0.025916225059735266,0.11120080947875977,0.03373156648303233,entropy,2,3,3,best,"{'criterion': 'entropy', 'max_depth': 2, 'min_samples_leaf': 3, 'min_samples_split': 3, 'splitter': 'best'}",0.7150837988826816,0.6862745098039216,0.7450980392156863,0.7226890756302521,0.7563025210084033,0.725089588908189,0.02444206978920898,169,0.6994818652849741,0.6717948717948717,0.75,0.7206703910614525,0.7570621468926554,0.7198018550067908,0.031681490137722916,238,0.7333333333333333,0.7037037037037037,0.7403314917127072,0.7247191011235955,0.7555555555555555,0.7315286370857791,0.017196724612665366,169,0.7541899441340782,0.7318435754189944,0.7374301675977654,0.7247191011235955,0.7528089887640449,0.7401983554076956,0.011591938184263993,145,0.6759776536312849,0.6404494382022472,0.7528089887640449,0.7206703910614525,0.7597765363128491,0.7099366015943758,0.04564855076283476,361,0.7210965435041716,0.6900726392251816,0.7427937915742794,0.7239057239057239,0.7563959955506118,0.7268529387519936,0.022456694274043912,169,0.7150837988826816,0.6861465068106207,0.7451195781809051,0.7226947460925239,0.756292762538447,0.7250674785010357,0.024483671374689125,169,0.6577281191806331,0.6299583503813511,0.6805775013463079,0.6623396204254095,0.6945015622636391,0.6650210307194682,0.021912889315934252,169,0.7150837988826816,0.686146506810621,0.7451195781809051,0.7226947460925239,0.7562927625384471,0.7250674785010358,0.024483671374689084,169
444,0.008895111083984376,0.004043662165967216,0.05304298400878906,0.020498302758104922,log_loss,2,4,2,best,"{'criterion': 'log_loss', 'max_depth': 2, 'min_samples_leaf': 4, 'min_samples_split': 2, 'splitter': 'best'}",0.7150837988826816,0.6862745098039216,0.7450980392156863,0.7226890756302521,0.7563025210084033,0.725089588908189,0.02444206978920898,169,0.6994818652849741,0.6717948717948717,0.75,0.7206703910614525,0.7570621468926554,0.7198018550067908,0.031681490137722916,238,0.7333333333333333,0.7037037037037037,0.7403314917127072,0.7247191011235955,0.7555555555555555,0.7315286370857791,0.017196724612665366,169,0.7541899441340782,0.7318435754189944,0.7374301675977654,0.7247191011235955,0.7528089887640449,0.7401983554076956,0.011591938184263993,145,0.6759776536312849,0.6404494382022472,0.7528089887640449,0.7206703910614525,0.7597765363128491,0.7099366015943758,0.04564855076283476,361,0.7210965435041716,0.6900726392251816,0.7427937915742794,0.7239057239057239,0.7563959955506118,0.7268529387519936,0.022456694274043912,169,0.7150837988826816,0.6861465068106207,0.7451195781809051,0.7226947460925239,0.756292762538447,0.7250674785010357,0.024483671374689125,169,0.6577281191806331,0.6299583503813511,0.6805775013463079,0.6623396204254095,0.6945015622636391,0.6650210307194682,0.021912889315934252,169,0.7150837988826816,0.686146506810621,0.7451195781809051,0.7226947460925239,0.7562927625384471,0.7250674785010358,0.024483671374689084,169
468,0.010809946060180663,0.0022063169124691344,0.046261167526245116,0.003313149745260387,log_loss,2,8,2,best,"{'criterion': 'log_loss', 'max_depth': 2, 'min_samples_leaf': 8, 'min_samples_split': 2, 'splitter': 'best'}",0.7150837988826816,0.6862745098039216,0.7450980392156863,0.7226890756302521,0.7563025210084033,0.725089588908189,0.02444206978920898,169,0.6994818652849741,0.6717948717948717,0.75,0.7206703910614525,0.7570621468926554,0.7198018550067908,0.031681490137722916,238,0.7333333333333333,0.7037037037037037,0.7403314917127072,0.7247191011235955,0.7555555555555555,0.7315286370857791,0.017196724612665366,169,0.7541899441340782,0.7318435754189944,0.7374301675977654,0.7247191011235955,0.7528089887640449,0.7401983554076956,0.011591938184263993,145,0.6759776536312849,0.6404494382022472,0.7528089887640449,0.7206703910614525,0.7597765363128491,0.7099366015943758,0.04564855076283476,361,0.7210965435041716,0.6900726392251816,0.7427937915742794,0.7239057239057239,0.7563959955506118,0.7268529387519936,0.022456694274043912,169,0.7150837988826816,0.6861465068106207,0.7451195781809051,0.7226947460925239,0.756292762538447,0.7250674785010357,0.024483671374689125,169,0.6577281191806331,0.6299583503813511,0.6805775013463079,0.6623396204254095,0.6945015622636391,0.6650210307194682,0.021912889315934252,169,0.7150837988826816,0.686146506810621,0.7451195781809051,0.7226947460925239,0.7562927625384471,0.7250674785010358,0.024483671374689084,169
470,0.02295708656311035,0.01596439546185898,0.05423579216003418,0.003889389329520709,log_loss,2,8,3,best,"{'criterion': 'log_loss', 'max_depth': 2, 'min_samples_leaf': 8, 'min_samples_split': 3, 'splitter': 'best'}",0.7150837988826816,0.6862745098039216,0.7450980392156863,0.7226890756302521,0.7563025210084033,0.725089588908189,0.02444206978920898,169,0.6994818652849741,0.6717948717948717,0.75,0.7206703910614525,0.7570621468926554,0.7198018550067908,0.031681490137722916,238,0.7333333333333333,0.7037037037037037,0.7403314917127072,0.7247191011235955,0.7555555555555555,0.7315286370857791,0.017196724612665366,169,0.7541899441340782,0.7318435754189944,0.7374301675977654,0.7247191011235955,0.7528089887640449,0.7401983554076956,0.011591938184263993,145,0.6759776536312849,0.6404494382022472,0.7528089887640449,0.7206703910614525,0.7597765363128491,0.7099366015943758,0.04564855076283476,361,0.7210965435041716,0.6900726392251816,0.7427937915742794,0.7239057239057239,0.7563959955506118,0.7268529387519936,0.022456694274043912,169,0.7150837988826816,0.6861465068106207,0.7451195781809051,0.7226947460925239,0.756292762538447,0.7250674785010357,0.024483671374689125,169,0.6577281191806331,0.6299583503813511,0.6805775013463079,0.6623396204254095,0.6945015622636391,0.6650210307194682,0.021912889315934252,169,0.7150837988826816,0.686146506810621,0.7451195781809051,0.7226947460925239,0.7562927625384471,0.7250674785010358,0.024483671374689084,169
244,0.012174654006958007,0.007290244582434046,0.05014610290527344,0.0029274792198138357,entropy,2,2,4,best,"{'criterion': 'entropy', 'max_depth': 2, 'min_samples_leaf': 2, 'min_samples_split': 4, 'splitter': 'best'}",0.7150837988826816,0.6862745098039216,0.7450980392156863,0.7226890756302521,0.7563025210084033,0.725089588908189,0.02444206978920898,169,0.6994818652849741,0.6717948717948717,0.75,0.7206703910614525,0.7570621468926554,0.7198018550067908,0.031681490137722916,238,0.7333333333333333,0.7037037037037037,0.7403314917127072,0.7247191011235955,0.7555555555555555,0.7315286370857791,0.017196724612665366,169,0.7541899441340782,0.7318435754189944,0.7374301675977654,0.7247191011235955,0.7528089887640449,0.7401983554076956,0.011591938184263993,145,0.6759776536312849,0.6404494382022472,0.7528089887640449,0.7206703910614525,0.7597765363128491,0.7099366015943758,0.04564855076283476,361,0.7210965435041716,0.6900726392251816,0.7427937915742794,0.7239057239057239,0.7563959955506118,0.7268529387519936,0.022456694274043912,169,0.7150837988826816,0.6861465068106207,0.7451195781809051,0.7226947460925239,0.756292762538447,0.7250674785010357,0.024483671374689125,169,0.6577281191806331,0.6299583503813511,0.6805775013463079,0.6623396204254095,0.6945015622636391,0.6650210307194682,0.021912889315934252,169,0.7150837988826816,0.686146506810621,0.7451195781809051,0.7226947460925239,0.7562927625384471,0.7250674785010358,0.024483671374689084,169
472,0.012901687622070312,0.005613775093641918,0.06505680084228516,0.02109111911353475,log_loss,2,8,4,best,"{'criterion': 'log_loss', 'max_depth': 2, 'min_samples_leaf': 8, 'min_samples_split': 4, 'splitter': 'best'}",0.7150837988826816,0.6862745098039216,0.7450980392156863,0.7226890756302521,0.7563025210084033,0.725089588908189,0.02444206978920898,169,0.6994818652849741,0.6717948717948717,0.75,0.7206703910614525,0.7570621468926554,0.7198018550067908,0.031681490137722916,238,0.7333333333333333,0.7037037037037037,0.7403314917127072,0.7247191011235955,0.7555555555555555,0.7315286370857791,0.017196724612665366,169,0.7541899441340782,0.7318435754189944,0.7374301675977654,0.7247191011235955,0.7528089887640449,0.7401983554076956,0.011591938184263993,145,0.6759776536312849,0.6404494382022472,0.7528089887640449,0.7206703910614525,0.7597765363128491,0.7099366015943758,0.04564855076283476,361,0.7210965435041716,0.6900726392251816,0.7427937915742794,0.7239057239057239,0.7563959955506118,0.7268529387519936,0.022456694274043912,169,0.7150837988826816,0.6861465068106207,0.7451195781809051,0.7226947460925239,0.756292762538447,0.7250674785010357,0.024483671374689125,169,0.6577281191806331,0.6299583503813511,0.6805775013463079,0.6623396204254095,0.6945015622636391,0.6650210307194682,0.021912889315934252,169,0.7150837988826816,0.686146506810621,0.7451195781809051,0.7226947460925239,0.7562927625384471,0.7250674785010358,0.024483671374689084,169
242,0.014886856079101562,0.009809839727515228,0.06131348609924316,0.015341173323143175,entropy,2,2,3,best,"{'criterion': 'entropy', 'max_depth': 2, 'min_samples_leaf': 2, 'min_samples_split': 3, 'splitter': 'best'}",0.7150837988826816,0.6862745098039216,0.7450980392156863,0.7226890756302521,0.7563025210084033,0.725089588908189,0.02444206978920898,169,0.6994818652849741,0.6717948717948717,0.75,0.7206703910614525,0.7570621468926554,0.7198018550067908,0.031681490137722916,238,0.7333333333333333,0.7037037037037037,0.7403314917127072,0.7247191011235955,0.7555555555555555,0.7315286370857791,0.017196724612665366,169,0.7541899441340782,0.7318435754189944,0.7374301675977654,0.7247191011235955,0.7528089887640449,0.7401983554076956,0.011591938184263993,145,0.6759776536312849,0.6404494382022472,0.7528089887640449,0.7206703910614525,0.7597765363128491,0.7099366015943758,0.04564855076283476,361,0.7210965435041716,0.6900726392251816,0.7427937915742794,0.7239057239057239,0.7563959955506118,0.7268529387519936,0.022456694274043912,169,0.7150837988826816,0.6861465068106207,0.7451195781809051,0.7226947460925239,0.756292762538447,0.7250674785010357,0.024483671374689125,169,0.6577281191806331,0.6299583503813511,0.6805775013463079,0.6623396204254095,0.6945015622636391,0.6650210307194682,0.021912889315934252,169,0.7150837988826816,0.686146506810621,0.7451195781809051,0.7226947460925239,0.7562927625384471,0.7250674785010358,0.024483671374689084,169
474,0.013399934768676758,0.004505931650351021,0.05094327926635742,0.008665115536713681,log_loss,2,9,2,best,"{'criterion': 'log_loss', 'max_depth': 2, 'min_samples_leaf': 9, 'min_samples_split': 2, 'splitter': 'best'}",0.7150837988826816,0.6862745098039216,0.7450980392156863,0.7226890756302521,0.7563025210084033,0.725089588908189,0.02444206978920898,169,0.6994818652849741,0.6717948717948717,0.75,0.7206703910614525,0.7570621468926554,0.7198018550067908,0.031681490137722916,238,0.7333333333333333,0.7037037037037037,0.7403314917127072,0.7247191011235955,0.7555555555555555,0.7315286370857791,0.017196724612665366,169,0.7541899441340782,0.7318435754189944,0.7374301675977654,0.7247191011235955,0.7528089887640449,0.7401983554076956,0.011591938184263993,145,0.6759776536312849,0.6404494382022472,0.7528089887640449,0.7206703910614525,0.7597765363128491,0.7099366015943758,0.04564855076283476,361,0.7210965435041716,0.6900726392251816,0.7427937915742794,0.7239057239057239,0.7563959955506118,0.7268529387519936,0.022456694274043912,169,0.7150837988826816,0.6861465068106207,0.7451195781809051,0.7226947460925239,0.756292762538447,0.7250674785010357,0.024483671374689125,169,0.6577281191806331,0.6299583503813511,0.6805775013463079,0.6623396204254095,0.6945015622636391,0.6650210307194682,0.021912889315934252,169,0.7150837988826816,0.686146506810621,0.7451195781809051,0.7226947460925239,0.7562927625384471,0.7250674785010358,0.024483671374689084,169
240,0.01107025146484375,0.002687018160607953,0.07445998191833496,0.015983094611409832,entropy,2,2,2,best,"{'criterion': 'entropy', 'max_depth': 2, 'min_samples_leaf': 2, 'min_samples_split': 2, 'splitter': 'best'}",0.7150837988826816,0.6862745098039216,0.7450980392156863,0.7226890756302521,0.7563025210084033,0.725089588908189,0.02444206978920898,169,0.6994818652849741,0.6717948717948717,0.75,0.7206703910614525,0.7570621468926554,0.7198018550067908,0.031681490137722916,238,0.7333333333333333,0.7037037037037037,0.7403314917127072,0.7247191011235955,0.7555555555555555,0.7315286370857791,0.017196724612665366,169,0.7541899441340782,0.7318435754189944,0.7374301675977654,0.7247191011235955,0.7528089887640449,0.7401983554076956,0.011591938184263993,145,0.6759776536312849,0.6404494382022472,0.7528089887640449,0.7206703910614525,0.7597765363128491,0.7099366015943758,0.04564855076283476,361,0.7210965435041716,0.6900726392251816,0.7427937915742794,0.7239057239057239,0.7563959955506118,0.7268529387519936,0.022456694274043912,169,0.7150837988826816,0.6861465068106207,0.7451195781809051,0.7226947460925239,0.756292762538447,0.7250674785010357,0.024483671374689125,169,0.6577281191806331,0.6299583503813511,0.6805775013463079,0.6623396204254095,0.6945015622636391,0.6650210307194682,0.021912889315934252,169,0.7150837988826816,0.686146506810621,0.7451195781809051,0.7226947460925239,0.7562927625384471,0.7250674785010358,0.024483671374689084,169
476,0.013910770416259766,0.004344223538892551,0.04744820594787598,0.005846227291891488,log_loss,2,9,3,best,"{'criterion': 'log_loss', 'max_depth': 2, 'min_samples_leaf': 9, 'min_samples_split': 3, 'splitter': 'best'}",0.7150837988826816,0.6862745098039216,0.7450980392156863,0.7226890756302521,0.7563025210084033,0.725089588908189,0.02444206978920898,169,0.6994818652849741,0.6717948717948717,0.75,0.7206703910614525,0.7570621468926554,0.7198018550067908,0.031681490137722916,238,0.7333333333333333,0.7037037037037037,0.7403314917127072,0.7247191011235955,0.7555555555555555,0.7315286370857791,0.017196724612665366,169,0.7541899441340782,0.7318435754189944,0.7374301675977654,0.7247191011235955,0.7528089887640449,0.7401983554076956,0.011591938184263993,145,0.6759776536312849,0.6404494382022472,0.7528089887640449,0.7206703910614525,0.7597765363128491,0.7099366015943758,0.04564855076283476,361,0.7210965435041716,0.6900726392251816,0.7427937915742794,0.7239057239057239,0.7563959955506118,0.7268529387519936,0.022456694274043912,169,0.7150837988826816,0.6861465068106207,0.7451195781809051,0.7226947460925239,0.756292762538447,0.7250674785010357,0.024483671374689125,169,0.6577281191806331,0.6299583503813511,0.6805775013463079,0.6623396204254095,0.6945015622636391,0.6650210307194682,0.021912889315934252,169,0.7150837988826816,0.686146506810621,0.7451195781809051,0.7226947460925239,0.7562927625384471,0.7250674785010358,0.024483671374689084,169
264,0.013035058975219727,0.005716069557597494,0.05345420837402344,0.007473330771501427,entropy,2,6,2,best,"{'criterion': 'entropy', 'max_depth': 2, 'min_samples_leaf': 6, 'min_samples_split': 2, 'splitter': 'best'}",0.7150837988826816,0.6862745098039216,0.7450980392156863,0.7226890756302521,0.7563025210084033,0.725089588908189,0.02444206978920898,169,0.6994818652849741,0.6717948717948717,0.75,0.7206703910614525,0.7570621468926554,0.7198018550067908,0.031681490137722916,238,0.7333333333333333,0.7037037037037037,0.7403314917127072,0.7247191011235955,0.7555555555555555,0.7315286370857791,0.017196724612665366,169,0.7541899441340782,0.7318435754189944,0.7374301675977654,0.7247191011235955,0.7528089887640449,0.7401983554076956,0.011591938184263993,145,0.6759776536312849,0.6404494382022472,0.7528089887640449,0.7206703910614525,0.7597765363128491,0.7099366015943758,0.04564855076283476,361,0.7210965435041716,0.6900726392251816,0.7427937915742794,0.7239057239057239,0.7563959955506118,0.7268529387519936,0.022456694274043912,169,0.7150837988826816,0.6861465068106207,0.7451195781809051,0.7226947460925239,0.756292762538447,0.7250674785010357,0.024483671374689125,169,0.6577281191806331,0.6299583503813511,0.6805775013463079,0.6623396204254095,0.6945015622636391,0.6650210307194682,0.021912889315934252,169,0.7150837988826816,0.686146506810621,0.7451195781809051,0.7226947460925239,0.7562927625384471,0.7250674785010358,0.024483671374689084,169
478,0.010660123825073243,0.00609143450352803,0.058479022979736325,0.013886867889231429,log_loss,2,9,4,best,"{'criterion': 'log_loss', 'max_depth': 2, 'min_samples_leaf': 9, 'min_samples_split': 4, 'splitter': 'best'}",0.7150837988826816,0.6862745098039216,0.7450980392156863,0.7226890756302521,0.7563025210084033,0.725089588908189,0.02444206978920898,169,0.6994818652849741,0.6717948717948717,0.75,0.7206703910614525,0.7570621468926554,0.7198018550067908,0.031681490137722916,238,0.7333333333333333,0.7037037037037037,0.7403314917127072,0.7247191011235955,0.7555555555555555,0.7315286370857791,0.017196724612665366,169,0.7541899441340782,0.7318435754189944,0.7374301675977654,0.7247191011235955,0.7528089887640449,0.7401983554076956,0.011591938184263993,145,0.6759776536312849,0.6404494382022472,0.7528089887640449,0.7206703910614525,0.7597765363128491,0.7099366015943758,0.04564855076283476,361,0.7210965435041716,0.6900726392251816,0.7427937915742794,0.7239057239057239,0.7563959955506118,0.7268529387519936,0.022456694274043912,169,0.7150837988826816,0.6861465068106207,0.7451195781809051,0.7226947460925239,0.756292762538447,0.7250674785010357,0.024483671374689125,169,0.6577281191806331,0.6299583503813511,0.6805775013463079,0.6623396204254095,0.6945015622636391,0.6650210307194682,0.021912889315934252,169,0.7150837988826816,0.686146506810621,0.7451195781809051,0.7226947460925239,0.7562927625384471,0.7250674785010358,0.024483671374689084,169
450,0.013107728958129884,0.005040649790803161,0.04450721740722656,0.0062029445976352305,log_loss,2,5,2,best,"{'criterion': 'log_loss', 'max_depth': 2, 'min_samples_leaf': 5, 'min_samples_split': 2, 'splitter': 'best'}",0.7150837988826816,0.6862745098039216,0.7450980392156863,0.7226890756302521,0.7563025210084033,0.725089588908189,0.02444206978920898,169,0.6994818652849741,0.6717948717948717,0.75,0.7206703910614525,0.7570621468926554,0.7198018550067908,0.031681490137722916,238,0.7333333333333333,0.7037037037037037,0.7403314917127072,0.7247191011235955,0.7555555555555555,0.7315286370857791,0.017196724612665366,169,0.7541899441340782,0.7318435754189944,0.7374301675977654,0.7247191011235955,0.7528089887640449,0.7401983554076956,0.011591938184263993,145,0.6759776536312849,0.6404494382022472,0.7528089887640449,0.7206703910614525,0.7597765363128491,0.7099366015943758,0.04564855076283476,361,0.7210965435041716,0.6900726392251816,0.7427937915742794,0.7239057239057239,0.7563959955506118,0.7268529387519936,0.022456694274043912,169,0.7150837988826816,0.6861465068106207,0.7451195781809051,0.7226947460925239,0.756292762538447,0.7250674785010357,0.024483671374689125,169,0.6577281191806331,0.6299583503813511,0.6805775013463079,0.6623396204254095,0.6945015622636391,0.6650210307194682,0.021912889315934252,169,0.7150837988826816,0.686146506810621,0.7451195781809051,0.7226947460925239,0.7562927625384471,0.7250674785010358,0.024483671374689084,169
266,0.011857986450195312,0.004810455068880556,0.06027655601501465,0.012167041162520724,entropy,2,6,3,best,"{'criterion': 'entropy', 'max_depth': 2, 'min_samples_leaf': 6, 'min_samples_split': 3, 'splitter': 'best'}",0.7150837988826816,0.6862745098039216,0.7450980392156863,0.7226890756302521,0.7563025210084033,0.725089588908189,0.02444206978920898,169,0.6994818652849741,0.6717948717948717,0.75,0.7206703910614525,0.7570621468926554,0.7198018550067908,0.031681490137722916,238,0.7333333333333333,0.7037037037037037,0.7403314917127072,0.7247191011235955,0.7555555555555555,0.7315286370857791,0.017196724612665366,169,0.7541899441340782,0.7318435754189944,0.7374301675977654,0.7247191011235955,0.7528089887640449,0.7401983554076956,0.011591938184263993,145,0.6759776536312849,0.6404494382022472,0.7528089887640449,0.7206703910614525,0.7597765363128491,0.7099366015943758,0.04564855076283476,361,0.7210965435041716,0.6900726392251816,0.7427937915742794,0.7239057239057239,0.7563959955506118,0.7268529387519936,0.022456694274043912,169,0.7150837988826816,0.6861465068106207,0.7451195781809051,0.7226947460925239,0.756292762538447,0.7250674785010357,0.024483671374689125,169,0.6577281191806331,0.6299583503813511,0.6805775013463079,0.6623396204254095,0.6945015622636391,0.6650210307194682,0.021912889315934252,169,0.7150837988826816,0.686146506810621,0.7451195781809051,0.7226947460925239,0.7562927625384471,0.7250674785010358,0.024483671374689084,169
448,0.009312295913696289,0.0016424803353161605,0.04594740867614746,0.006314643180371461,log_loss,2,4,4,best,"{'criterion': 'log_loss', 'max_depth': 2, 'min_samples_leaf': 4, 'min_samples_split': 4, 'splitter': 'best'}",0.7150837988826816,0.6862745098039216,0.7450980392156863,0.7226890756302521,0.7563025210084033,0.725089588908189,0.02444206978920898,169,0.6994818652849741,0.6717948717948717,0.75,0.7206703910614525,0.7570621468926554,0.7198018550067908,0.031681490137722916,238,0.7333333333333333,0.7037037037037037,0.7403314917127072,0.7247191011235955,0.7555555555555555,0.7315286370857791,0.017196724612665366,169,0.7541899441340782,0.7318435754189944,0.7374301675977654,0.7247191011235955,0.7528089887640449,0.7401983554076956,0.011591938184263993,145,0.6759776536312849,0.6404494382022472,0.7528089887640449,0.7206703910614525,0.7597765363128491,0.7099366015943758,0.04564855076283476,361,0.7210965435041716,0.6900726392251816,0.7427937915742794,0.7239057239057239,0.7563959955506118,0.7268529387519936,0.022456694274043912,169,0.7150837988826816,0.6861465068106207,0.7451195781809051,0.7226947460925239,0.756292762538447,0.7250674785010357,0.024483671374689125,169,0.6577281191806331,0.6299583503813511,0.6805775013463079,0.6623396204254095,0.6945015622636391,0.6650210307194682,0.021912889315934252,169,0.7150837988826816,0.686146506810621,0.7451195781809051,0.7226947460925239,0.7562927625384471,0.7250674785010358,0.024483671374689084,169
268,0.01152501106262207,0.0034646146601587905,0.043053483963012694,0.003973818997426739,entropy,2,6,4,best,"{'criterion': 'entropy', 'max_depth': 2, 'min_samples_leaf': 6, 'min_samples_split': 4, 'splitter': 'best'}",0.7150837988826816,0.6862745098039216,0.7450980392156863,0.7226890756302521,0.7563025210084033,0.725089588908189,0.02444206978920898,169,0.6994818652849741,0.6717948717948717,0.75,0.7206703910614525,0.7570621468926554,0.7198018550067908,0.031681490137722916,238,0.7333333333333333,0.7037037037037037,0.7403314917127072,0.7247191011235955,0.7555555555555555,0.7315286370857791,0.017196724612665366,169,0.7541899441340782,0.7318435754189944,0.7374301675977654,0.7247191011235955,0.7528089887640449,0.7401983554076956,0.011591938184263993,145,0.6759776536312849,0.6404494382022472,0.7528089887640449,0.7206703910614525,0.7597765363128491,0.7099366015943758,0.04564855076283476,361,0.7210965435041716,0.6900726392251816,0.7427937915742794,0.7239057239057239,0.7563959955506118,0.7268529387519936,0.022456694274043912,169,0.7150837988826816,0.6861465068106207,0.7451195781809051,0.7226947460925239,0.756292762538447,0.7250674785010357,0.024483671374689125,169,0.6577281191806331,0.6299583503813511,0.6805775013463079,0.6623396204254095,0.6945015622636391,0.6650210307194682,0.021912889315934252,169,0.7150837988826816,0.686146506810621,0.7451195781809051,0.7226947460925239,0.7562927625384471,0.7250674785010358,0.024483671374689084,169
246,0.01175374984741211,0.002317058016539764,0.07171216011047363,0.04831675885034865,entropy,2,3,2,best,"{'criterion': 'entropy', 'max_depth': 2, 'min_samples_leaf': 3, 'min_samples_split': 2, 'splitter': 'best'}",0.7150837988826816,0.6862745098039216,0.7450980392156863,0.7226890756302521,0.7563025210084033,0.725089588908189,0.02444206978920898,169,0.6994818652849741,0.6717948717948717,0.75,0.7206703910614525,0.7570621468926554,0.7198018550067908,0.031681490137722916,238,0.7333333333333333,0.7037037037037037,0.7403314917127072,0.7247191011235955,0.7555555555555555,0.7315286370857791,0.017196724612665366,169,0.7541899441340782,0.7318435754189944,0.7374301675977654,0.7247191011235955,0.7528089887640449,0.7401983554076956,0.011591938184263993,145,0.6759776536312849,0.6404494382022472,0.7528089887640449,0.7206703910614525,0.7597765363128491,0.7099366015943758,0.04564855076283476,361,0.7210965435041716,0.6900726392251816,0.7427937915742794,0.7239057239057239,0.7563959955506118,0.7268529387519936,0.022456694274043912,169,0.7150837988826816,0.6861465068106207,0.7451195781809051,0.7226947460925239,0.756292762538447,0.7250674785010357,0.024483671374689125,169,0.6577281191806331,0.6299583503813511,0.6805775013463079,0.6623396204254095,0.6945015622636391,0.6650210307194682,0.021912889315934252,169,0.7150837988826816,0.686146506810621,0.7451195781809051,0.7226947460925239,0.7562927625384471,0.7250674785010358,0.024483671374689084,169
282,0.007216072082519532,0.004025695036880741,0.049433422088623044,0.01149946726840471,entropy,2,9,2,best,"{'criterion': 'entropy', 'max_depth': 2, 'min_samples_leaf': 9, 'min_samples_split': 2, 'splitter': 'best'}",0.7150837988826816,0.6862745098039216,0.7450980392156863,0.7226890756302521,0.7563025210084033,0.725089588908189,0.02444206978920898,169,0.6994818652849741,0.6717948717948717,0.75,0.7206703910614525,0.7570621468926554,0.7198018550067908,0.031681490137722916,238,0.7333333333333333,0.7037037037037037,0.7403314917127072,0.7247191011235955,0.7555555555555555,0.7315286370857791,0.017196724612665366,169,0.7541899441340782,0.7318435754189944,0.7374301675977654,0.7247191011235955,0.7528089887640449,0.7401983554076956,0.011591938184263993,145,0.6759776536312849,0.6404494382022472,0.7528089887640449,0.7206703910614525,0.7597765363128491,0.7099366015943758,0.04564855076283476,361,0.7210965435041716,0.6900726392251816,0.7427937915742794,0.7239057239057239,0.7563959955506118,0.7268529387519936,0.022456694274043912,169,0.7150837988826816,0.6861465068106207,0.7451195781809051,0.7226947460925239,0.756292762538447,0.7250674785010357,0.024483671374689125,169,0.6577281191806331,0.6299583503813511,0.6805775013463079,0.6623396204254095,0.6945015622636391,0.6650210307194682,0.021912889315934252,169,0.7150837988826816,0.686146506810621,0.7451195781809051,0.7226947460925239,0.7562927625384471,0.7250674785010358,0.024483671374689084,169
260,0.017661857604980468,0.0037279008001266218,0.05841917991638183,0.008897890631760273,entropy,2,5,3,best,"{'criterion': 'entropy', 'max_depth': 2, 'min_samples_leaf': 5, 'min_samples_split': 3, 'splitter': 'best'}",0.7150837988826816,0.6862745098039216,0.7450980392156863,0.7226890756302521,0.7563025210084033,0.725089588908189,0.02444206978920898,169,0.6994818652849741,0.6717948717948717,0.75,0.7206703910614525,0.7570621468926554,0.7198018550067908,0.031681490137722916,238,0.7333333333333333,0.7037037037037037,0.7403314917127072,0.7247191011235955,0.7555555555555555,0.7315286370857791,0.017196724612665366,169,0.7541899441340782,0.7318435754189944,0.7374301675977654,0.7247191011235955,0.7528089887640449,0.7401983554076956,0.011591938184263993,145,0.6759776536312849,0.6404494382022472,0.7528089887640449,0.7206703910614525,0.7597765363128491,0.7099366015943758,0.04564855076283476,361,0.7210965435041716,0.6900726392251816,0.7427937915742794,0.7239057239057239,0.7563959955506118,0.7268529387519936,0.022456694274043912,169,0.7150837988826816,0.6861465068106207,0.7451195781809051,0.7226947460925239,0.756292762538447,0.7250674785010357,0.024483671374689125,169,0.6577281191806331,0.6299583503813511,0.6805775013463079,0.6623396204254095,0.6945015622636391,0.6650210307194682,0.021912889315934252,169,0.7150837988826816,0.686146506810621,0.7451195781809051,0.7226947460925239,0.7562927625384471,0.7250674785010358,0.024483671374689084,169
284,0.009050607681274414,0.0037028018409044424,0.050923728942871095,0.011788251462487293,entropy,2,9,3,best,"{'criterion': 'entropy', 'max_depth': 2, 'min_samples_leaf': 9, 'min_samples_split': 3, 'splitter': 'best'}",0.7150837988826816,0.6862745098039216,0.7450980392156863,0.7226890756302521,0.7563025210084033,0.725089588908189,0.02444206978920898,169,0.6994818652849741,0.6717948717948717,0.75,0.7206703910614525,0.7570621468926554,0.7198018550067908,0.031681490137722916,238,0.7333333333333333,0.7037037037037037,0.7403314917127072,0.7247191011235955,0.7555555555555555,0.7315286370857791,0.017196724612665366,169,0.7541899441340782,0.7318435754189944,0.7374301675977654,0.7247191011235955,0.7528089887640449,0.7401983554076956,0.011591938184263993,145,0.6759776536312849,0.6404494382022472,0.7528089887640449,0.7206703910614525,0.7597765363128491,0.7099366015943758,0.04564855076283476,361,0.7210965435041716,0.6900726392251816,0.7427937915742794,0.7239057239057239,0.7563959955506118,0.7268529387519936,0.022456694274043912,169,0.7150837988826816,0.6861465068106207,0.7451195781809051,0.7226947460925239,0.756292762538447,0.7250674785010357,0.024483671374689125,169,0.6577281191806331,0.6299583503813511,0.6805775013463079,0.6623396204254095,0.6945015622636391,0.6650210307194682,0.021912889315934252,169,0.7150837988826816,0.686146506810621,0.7451195781809051,0.7226947460925239,0.7562927625384471,0.7250674785010358,0.024483671374689084,169
432,0.012672853469848634,0.004675625565524682,0.04360499382019043,0.0029611017487363497,log_loss,2,2,2,best,"{'criterion': 'log_loss', 'max_depth': 2, 'min_samples_leaf': 2, 'min_samples_split': 2, 'splitter': 'best'}",0.7150837988826816,0.6862745098039216,0.7450980392156863,0.7226890756302521,0.7563025210084033,0.725089588908189,0.02444206978920898,169,0.6994818652849741,0.6717948717948717,0.75,0.7206703910614525,0.7570621468926554,0.7198018550067908,0.031681490137722916,238,0.7333333333333333,0.7037037037037037,0.7403314917127072,0.7247191011235955,0.7555555555555555,0.7315286370857791,0.017196724612665366,169,0.7541899441340782,0.7318435754189944,0.7374301675977654,0.7247191011235955,0.7528089887640449,0.7401983554076956,0.011591938184263993,145,0.6759776536312849,0.6404494382022472,0.7528089887640449,0.7206703910614525,0.7597765363128491,0.7099366015943758,0.04564855076283476,361,0.7210965435041716,0.6900726392251816,0.7427937915742794,0.7239057239057239,0.7563959955506118,0.7268529387519936,0.022456694274043912,169,0.7150837988826816,0.6861465068106207,0.7451195781809051,0.7226947460925239,0.756292762538447,0.7250674785010357,0.024483671374689125,169,0.6577281191806331,0.6299583503813511,0.6805775013463079,0.6623396204254095,0.6945015622636391,0.6650210307194682,0.021912889315934252,169,0.7150837988826816,0.686146506810621,0.7451195781809051,0.7226947460925239,0.7562927625384471,0.7250674785010358,0.024483671374689084,169
454,0.012133455276489258,0.0035061180888629156,0.0394378662109375,0.0012454324660157849,log_loss,2,5,4,best,"{'criterion': 'log_loss', 'max_depth': 2, 'min_samples_leaf': 5, 'min_samples_split': 4, 'splitter': 'best'}",0.7150837988826816,0.6862745098039216,0.7450980392156863,0.7226890756302521,0.7563025210084033,0.725089588908189,0.02444206978920898,169,0.6994818652849741,0.6717948717948717,0.75,0.7206703910614525,0.7570621468926554,0.7198018550067908,0.031681490137722916,238,0.7333333333333333,0.7037037037037037,0.7403314917127072,0.7247191011235955,0.7555555555555555,0.7315286370857791,0.017196724612665366,169,0.7541899441340782,0.7318435754189944,0.7374301675977654,0.7247191011235955,0.7528089887640449,0.7401983554076956,0.011591938184263993,145,0.6759776536312849,0.6404494382022472,0.7528089887640449,0.7206703910614525,0.7597765363128491,0.7099366015943758,0.04564855076283476,361,0.7210965435041716,0.6900726392251816,0.7427937915742794,0.7239057239057239,0.7563959955506118,0.7268529387519936,0.022456694274043912,169,0.7150837988826816,0.6861465068106207,0.7451195781809051,0.7226947460925239,0.756292762538447,0.7250674785010357,0.024483671374689125,169,0.6577281191806331,0.6299583503813511,0.6805775013463079,0.6623396204254095,0.6945015622636391,0.6650210307194682,0.021912889315934252,169,0.7150837988826816,0.686146506810621,0.7451195781809051,0.7226947460925239,0.7562927625384471,0.7250674785010358,0.024483671374689084,169
262,0.011367607116699218,0.005696485873676018,0.04509572982788086,0.004441301793296103,entropy,2,5,4,best,"{'criterion': 'entropy', 'max_depth': 2, 'min_samples_leaf': 5, 'min_samples_split': 4, 'splitter': 'best'}",0.7150837988826816,0.6862745098039216,0.7450980392156863,0.7226890756302521,0.7563025210084033,0.725089588908189,0.02444206978920898,169,0.6994818652849741,0.6717948717948717,0.75,0.7206703910614525,0.7570621468926554,0.7198018550067908,0.031681490137722916,238,0.7333333333333333,0.7037037037037037,0.7403314917127072,0.7247191011235955,0.7555555555555555,0.7315286370857791,0.017196724612665366,169,0.7541899441340782,0.7318435754189944,0.7374301675977654,0.7247191011235955,0.7528089887640449,0.7401983554076956,0.011591938184263993,145,0.6759776536312849,0.6404494382022472,0.7528089887640449,0.7206703910614525,0.7597765363128491,0.7099366015943758,0.04564855076283476,361,0.7210965435041716,0.6900726392251816,0.7427937915742794,0.7239057239057239,0.7563959955506118,0.7268529387519936,0.022456694274043912,169,0.7150837988826816,0.6861465068106207,0.7451195781809051,0.7226947460925239,0.756292762538447,0.7250674785010357,0.024483671374689125,169,0.6577281191806331,0.6299583503813511,0.6805775013463079,0.6623396204254095,0.6945015622636391,0.6650210307194682,0.021912889315934252,169,0.7150837988826816,0.686146506810621,0.7451195781809051,0.7226947460925239,0.7562927625384471,0.7250674785010358,0.024483671374689084,169
286,0.00950469970703125,0.0017078449517275909,0.04431753158569336,0.006745488762646837,entropy,2,9,4,best,"{'criterion': 'entropy', 'max_depth': 2, 'min_samples_leaf': 9, 'min_samples_split': 4, 'splitter': 'best'}",0.7150837988826816,0.6862745098039216,0.7450980392156863,0.7226890756302521,0.7563025210084033,0.725089588908189,0.02444206978920898,169,0.6994818652849741,0.6717948717948717,0.75,0.7206703910614525,0.7570621468926554,0.7198018550067908,0.031681490137722916,238,0.7333333333333333,0.7037037037037037,0.7403314917127072,0.7247191011235955,0.7555555555555555,0.7315286370857791,0.017196724612665366,169,0.7541899441340782,0.7318435754189944,0.7374301675977654,0.7247191011235955,0.7528089887640449,0.7401983554076956,0.011591938184263993,145,0.6759776536312849,0.6404494382022472,0.7528089887640449,0.7206703910614525,0.7597765363128491,0.7099366015943758,0.04564855076283476,361,0.7210965435041716,0.6900726392251816,0.7427937915742794,0.7239057239057239,0.7563959955506118,0.7268529387519936,0.022456694274043912,169,0.7150837988826816,0.6861465068106207,0.7451195781809051,0.7226947460925239,0.756292762538447,0.7250674785010357,0.024483671374689125,169,0.6577281191806331,0.6299583503813511,0.6805775013463079,0.6623396204254095,0.6945015622636391,0.6650210307194682,0.021912889315934252,169,0.7150837988826816,0.686146506810621,0.7451195781809051,0.7226947460925239,0.7562927625384471,0.7250674785010358,0.024483671374689084,169
34,0.010579586029052734,0.0036204259614005573,0.046294784545898436,0.007594642512902699,gini,1,7,4,best,"{'criterion': 'gini', 'max_depth': 1, 'min_samples_leaf': 7, 'min_samples_split': 4, 'splitter': 'best'}",0.6843575418994413,0.6414565826330533,0.7058823529411765,0.6918767507002801,0.742296918767507,0.6931740293882915,0.032645573761242976,217,0.6941176470588235,0.6473988439306358,0.743421052631579,0.7073170731707317,0.7559523809523809,0.7096413995488301,0.038487133110476836,289,0.675531914893617,0.6358695652173914,0.6780487804878049,0.6787564766839378,0.7301587301587301,0.6796730934882962,0.029960562538916553,217,0.659217877094972,0.6256983240223464,0.6312849162011173,0.651685393258427,0.7134831460674157,0.6562739313288556,0.031183118473034364,217,0.7094972067039106,0.6573033707865169,0.7808988764044944,0.7318435754189944,0.770949720670391,0.7300985499968615,0.044667862908323634,265,0.682062298603652,0.6400437636761488,0.6963927855711423,0.6887486855941115,0.7379679144385026,0.6890430895767115,0.0312966725834922,217,0.6843575418994413,0.6415008474044317,0.7060918963028058,0.6917644843387107,0.7422164333689034,0.6931862406628586,0.03262472354968683,217,0.6245394033044098,0.5888275559368839,0.638731228309356,0.6311973482477774,0.6777616074362706,0.6322114286469395,0.02849342141131095,217,0.6843575418994414,0.6415008474044316,0.7060918963028059,0.6917644843387106,0.7422164333689035,0.6931862406628586,0.0326247235496869,217
388,0.012510871887207032,0.004544283784751816,0.04558553695678711,0.0065774935277383645,log_loss,1,2,4,best,"{'criterion': 'log_loss', 'max_depth': 1, 'min_samples_leaf': 2, 'min_samples_split': 4, 'splitter': 'best'}",0.6843575418994413,0.6414565826330533,0.7058823529411765,0.6918767507002801,0.742296918767507,0.6931740293882915,0.032645573761242976,217,0.6941176470588235,0.6473988439306358,0.743421052631579,0.7073170731707317,0.7559523809523809,0.7096413995488301,0.038487133110476836,289,0.675531914893617,0.6358695652173914,0.6780487804878049,0.6787564766839378,0.7301587301587301,0.6796730934882962,0.029960562538916553,217,0.659217877094972,0.6256983240223464,0.6312849162011173,0.651685393258427,0.7134831460674157,0.6562739313288556,0.031183118473034364,217,0.7094972067039106,0.6573033707865169,0.7808988764044944,0.7318435754189944,0.770949720670391,0.7300985499968615,0.044667862908323634,265,0.682062298603652,0.6400437636761488,0.6963927855711423,0.6887486855941115,0.7379679144385026,0.6890430895767115,0.0312966725834922,217,0.6843575418994413,0.6415008474044317,0.7060918963028058,0.6917644843387107,0.7422164333689034,0.6931862406628586,0.03262472354968683,217,0.6245394033044098,0.5888275559368839,0.638731228309356,0.6311973482477774,0.6777616074362706,0.6322114286469395,0.02849342141131095,217,0.6843575418994414,0.6415008474044316,0.7060918963028059,0.6917644843387106,0.7422164333689035,0.6931862406628586,0.0326247235496869,217
386,0.009360027313232423,0.002415448554213827,0.041541099548339844,0.005560296399333268,log_loss,1,2,3,best,"{'criterion': 'log_loss', 'max_depth': 1, 'min_samples_leaf': 2, 'min_samples_split': 3, 'splitter': 'best'}",0.6843575418994413,0.6414565826330533,0.7058823529411765,0.6918767507002801,0.742296918767507,0.6931740293882915,0.032645573761242976,217,0.6941176470588235,0.6473988439306358,0.743421052631579,0.7073170731707317,0.7559523809523809,0.7096413995488301,0.038487133110476836,289,0.675531914893617,0.6358695652173914,0.6780487804878049,0.6787564766839378,0.7301587301587301,0.6796730934882962,0.029960562538916553,217,0.659217877094972,0.6256983240223464,0.6312849162011173,0.651685393258427,0.7134831460674157,0.6562739313288556,0.031183118473034364,217,0.7094972067039106,0.6573033707865169,0.7808988764044944,0.7318435754189944,0.770949720670391,0.7300985499968615,0.044667862908323634,265,0.682062298603652,0.6400437636761488,0.6963927855711423,0.6887486855941115,0.7379679144385026,0.6890430895767115,0.0312966725834922,217,0.6843575418994413,0.6415008474044317,0.7060918963028058,0.6917644843387107,0.7422164333689034,0.6931862406628586,0.03262472354968683,217,0.6245394033044098,0.5888275559368839,0.638731228309356,0.6311973482477774,0.6777616074362706,0.6322114286469395,0.02849342141131095,217,0.6843575418994414,0.6415008474044316,0.7060918963028059,0.6917644843387106,0.7422164333689035,0.6931862406628586,0.0326247235496869,217
32,0.009069728851318359,0.0054938845513793225,0.057495403289794925,0.024214818442399755,gini,1,7,3,best,"{'criterion': 'gini', 'max_depth': 1, 'min_samples_leaf': 7, 'min_samples_split': 3, 'splitter': 'best'}",0.6843575418994413,0.6414565826330533,0.7058823529411765,0.6918767507002801,0.742296918767507,0.6931740293882915,0.032645573761242976,217,0.6941176470588235,0.6473988439306358,0.743421052631579,0.7073170731707317,0.7559523809523809,0.7096413995488301,0.038487133110476836,289,0.675531914893617,0.6358695652173914,0.6780487804878049,0.6787564766839378,0.7301587301587301,0.6796730934882962,0.029960562538916553,217,0.659217877094972,0.6256983240223464,0.6312849162011173,0.651685393258427,0.7134831460674157,0.6562739313288556,0.031183118473034364,217,0.7094972067039106,0.6573033707865169,0.7808988764044944,0.7318435754189944,0.770949720670391,0.7300985499968615,0.044667862908323634,265,0.682062298603652,0.6400437636761488,0.6963927855711423,0.6887486855941115,0.7379679144385026,0.6890430895767115,0.0312966725834922,217,0.6843575418994413,0.6415008474044317,0.7060918963028058,0.6917644843387107,0.7422164333689034,0.6931862406628586,0.03262472354968683,217,0.6245394033044098,0.5888275559368839,0.638731228309356,0.6311973482477774,0.6777616074362706,0.6322114286469395,0.02849342141131095,217,0.6843575418994414,0.6415008474044316,0.7060918963028059,0.6917644843387106,0.7422164333689035,0.6931862406628586,0.0326247235496869,217
384,0.008362770080566406,0.0056401375755292926,0.0492304801940918,0.0052930832209876965,log_loss,1,2,2,best,"{'criterion': 'log_loss', 'max_depth': 1, 'min_samples_leaf': 2, 'min_samples_split': 2, 'splitter': 'best'}",0.6843575418994413,0.6414565826330533,0.7058823529411765,0.6918767507002801,0.742296918767507,0.6931740293882915,0.032645573761242976,217,0.6941176470588235,0.6473988439306358,0.743421052631579,0.7073170731707317,0.7559523809523809,0.7096413995488301,0.038487133110476836,289,0.675531914893617,0.6358695652173914,0.6780487804878049,0.6787564766839378,0.7301587301587301,0.6796730934882962,0.029960562538916553,217,0.659217877094972,0.6256983240223464,0.6312849162011173,0.651685393258427,0.7134831460674157,0.6562739313288556,0.031183118473034364,217,0.7094972067039106,0.6573033707865169,0.7808988764044944,0.7318435754189944,0.770949720670391,0.7300985499968615,0.044667862908323634,265,0.682062298603652,0.6400437636761488,0.6963927855711423,0.6887486855941115,0.7379679144385026,0.6890430895767115,0.0312966725834922,217,0.6843575418994413,0.6415008474044317,0.7060918963028058,0.6917644843387107,0.7422164333689034,0.6931862406628586,0.03262472354968683,217,0.6245394033044098,0.5888275559368839,0.638731228309356,0.6311973482477774,0.6777616074362706,0.6322114286469395,0.02849342141131095,217,0.6843575418994414,0.6415008474044316,0.7060918963028059,0.6917644843387106,0.7422164333689035,0.6931862406628586,0.0326247235496869,217
30,0.0075284004211425785,0.0019413287498261209,0.052552080154418944,0.008433257463500394,gini,1,7,2,best,"{'criterion': 'gini', 'max_depth': 1, 'min_samples_leaf': 7, 'min_samples_split': 2, 'splitter': 'best'}",0.6843575418994413,0.6414565826330533,0.7058823529411765,0.6918767507002801,0.742296918767507,0.6931740293882915,0.032645573761242976,217,0.6941176470588235,0.6473988439306358,0.743421052631579,0.7073170731707317,0.7559523809523809,0.7096413995488301,0.038487133110476836,289,0.675531914893617,0.6358695652173914,0.6780487804878049,0.6787564766839378,0.7301587301587301,0.6796730934882962,0.029960562538916553,217,0.659217877094972,0.6256983240223464,0.6312849162011173,0.651685393258427,0.7134831460674157,0.6562739313288556,0.031183118473034364,217,0.7094972067039106,0.6573033707865169,0.7808988764044944,0.7318435754189944,0.770949720670391,0.7300985499968615,0.044667862908323634,265,0.682062298603652,0.6400437636761488,0.6963927855711423,0.6887486855941115,0.7379679144385026,0.6890430895767115,0.0312966725834922,217,0.6843575418994413,0.6415008474044317,0.7060918963028058,0.6917644843387107,0.7422164333689034,0.6931862406628586,0.03262472354968683,217,0.6245394033044098,0.5888275559368839,0.638731228309356,0.6311973482477774,0.6777616074362706,0.6322114286469395,0.02849342141131095,217,0.6843575418994414,0.6415008474044316,0.7060918963028059,0.6917644843387106,0.7422164333689035,0.6931862406628586,0.0326247235496869,217
28,0.0121307373046875,0.003774675668017511,0.07163848876953124,0.023382562141416385,gini,1,6,4,best,"{'criterion': 'gini', 'max_depth': 1, 'min_samples_leaf': 6, 'min_samples_split': 4, 'splitter': 'best'}",0.6843575418994413,0.6414565826330533,0.7058823529411765,0.6918767507002801,0.742296918767507,0.6931740293882915,0.032645573761242976,217,0.6941176470588235,0.6473988439306358,0.743421052631579,0.7073170731707317,0.7559523809523809,0.7096413995488301,0.038487133110476836,289,0.675531914893617,0.6358695652173914,0.6780487804878049,0.6787564766839378,0.7301587301587301,0.6796730934882962,0.029960562538916553,217,0.659217877094972,0.6256983240223464,0.6312849162011173,0.651685393258427,0.7134831460674157,0.6562739313288556,0.031183118473034364,217,0.7094972067039106,0.6573033707865169,0.7808988764044944,0.7318435754189944,0.770949720670391,0.7300985499968615,0.044667862908323634,265,0.682062298603652,0.6400437636761488,0.6963927855711423,0.6887486855941115,0.7379679144385026,0.6890430895767115,0.0312966725834922,217,0.6843575418994413,0.6415008474044317,0.7060918963028058,0.6917644843387107,0.7422164333689034,0.6931862406628586,0.03262472354968683,217,0.6245394033044098,0.5888275559368839,0.638731228309356,0.6311973482477774,0.6777616074362706,0.6322114286469395,0.02849342141131095,217,0.6843575418994414,0.6415008474044316,0.7060918963028059,0.6917644843387106,0.7422164333689035,0.6931862406628586,0.0326247235496869,217
26,0.008576917648315429,0.0030823549131129757,0.06056499481201172,0.009072565359472418,gini,1,6,3,best,"{'criterion': 'gini', 'max_depth': 1, 'min_samples_leaf': 6, 'min_samples_split': 3, 'splitter': 'best'}",0.6843575418994413,0.6414565826330533,0.7058823529411765,0.6918767507002801,0.742296918767507,0.6931740293882915,0.032645573761242976,217,0.6941176470588235,0.6473988439306358,0.743421052631579,0.7073170731707317,0.7559523809523809,0.7096413995488301,0.038487133110476836,289,0.675531914893617,0.6358695652173914,0.6780487804878049,0.6787564766839378,0.7301587301587301,0.6796730934882962,0.029960562538916553,217,0.659217877094972,0.6256983240223464,0.6312849162011173,0.651685393258427,0.7134831460674157,0.6562739313288556,0.031183118473034364,217,0.7094972067039106,0.6573033707865169,0.7808988764044944,0.7318435754189944,0.770949720670391,0.7300985499968615,0.044667862908323634,265,0.682062298603652,0.6400437636761488,0.6963927855711423,0.6887486855941115,0.7379679144385026,0.6890430895767115,0.0312966725834922,217,0.6843575418994413,0.6415008474044317,0.7060918963028058,0.6917644843387107,0.7422164333689034,0.6931862406628586,0.03262472354968683,217,0.6245394033044098,0.5888275559368839,0.638731228309356,0.6311973482477774,0.6777616074362706,0.6322114286469395,0.02849342141131095,217,0.6843575418994414,0.6415008474044316,0.7060918963028059,0.6917644843387106,0.7422164333689035,0.6931862406628586,0.0326247235496869,217
24,0.012420463562011718,0.0081781482872746,0.06347765922546386,0.021900082317262898,gini,1,6,2,best,"{'criterion': 'gini', 'max_depth': 1, 'min_samples_leaf': 6, 'min_samples_split': 2, 'splitter': 'best'}",0.6843575418994413,0.6414565826330533,0.7058823529411765,0.6918767507002801,0.742296918767507,0.6931740293882915,0.032645573761242976,217,0.6941176470588235,0.6473988439306358,0.743421052631579,0.7073170731707317,0.7559523809523809,0.7096413995488301,0.038487133110476836,289,0.675531914893617,0.6358695652173914,0.6780487804878049,0.6787564766839378,0.7301587301587301,0.6796730934882962,0.029960562538916553,217,0.659217877094972,0.6256983240223464,0.6312849162011173,0.651685393258427,0.7134831460674157,0.6562739313288556,0.031183118473034364,217,0.7094972067039106,0.6573033707865169,0.7808988764044944,0.7318435754189944,0.770949720670391,0.7300985499968615,0.044667862908323634,265,0.682062298603652,0.6400437636761488,0.6963927855711423,0.6887486855941115,0.7379679144385026,0.6890430895767115,0.0312966725834922,217,0.6843575418994413,0.6415008474044317,0.7060918963028058,0.6917644843387107,0.7422164333689034,0.6931862406628586,0.03262472354968683,217,0.6245394033044098,0.5888275559368839,0.638731228309356,0.6311973482477774,0.6777616074362706,0.6322114286469395,0.02849342141131095,217,0.6843575418994414,0.6415008474044316,0.7060918963028059,0.6917644843387106,0.7422164333689035,0.6931862406628586,0.0326247235496869,217
390,0.011842584609985352,0.0025273628545378567,0.03852734565734863,0.004921397299196584,log_loss,1,3,2,best,"{'criterion': 'log_loss', 'max_depth': 1, 'min_samples_leaf': 3, 'min_samples_split': 2, 'splitter': 'best'}",0.6843575418994413,0.6414565826330533,0.7058823529411765,0.6918767507002801,0.742296918767507,0.6931740293882915,0.032645573761242976,217,0.6941176470588235,0.6473988439306358,0.743421052631579,0.7073170731707317,0.7559523809523809,0.7096413995488301,0.038487133110476836,289,0.675531914893617,0.6358695652173914,0.6780487804878049,0.6787564766839378,0.7301587301587301,0.6796730934882962,0.029960562538916553,217,0.659217877094972,0.6256983240223464,0.6312849162011173,0.651685393258427,0.7134831460674157,0.6562739313288556,0.031183118473034364,217,0.7094972067039106,0.6573033707865169,0.7808988764044944,0.7318435754189944,0.770949720670391,0.7300985499968615,0.044667862908323634,265,0.682062298603652,0.6400437636761488,0.6963927855711423,0.6887486855941115,0.7379679144385026,0.6890430895767115,0.0312966725834922,217,0.6843575418994413,0.6415008474044317,0.7060918963028058,0.6917644843387107,0.7422164333689034,0.6931862406628586,0.03262472354968683,217,0.6245394033044098,0.5888275559368839,0.638731228309356,0.6311973482477774,0.6777616074362706,0.6322114286469395,0.02849342141131095,217,0.6843575418994414,0.6415008474044316,0.7060918963028059,0.6917644843387106,0.7422164333689035,0.6931862406628586,0.0326247235496869,217
22,0.006697607040405273,0.004380283562972905,0.06052589416503906,0.037061005090665726,gini,1,5,4,best,"{'criterion': 'gini', 'max_depth': 1, 'min_samples_leaf': 5, 'min_samples_split': 4, 'splitter': 'best'}",0.6843575418994413,0.6414565826330533,0.7058823529411765,0.6918767507002801,0.742296918767507,0.6931740293882915,0.032645573761242976,217,0.6941176470588235,0.6473988439306358,0.743421052631579,0.7073170731707317,0.7559523809523809,0.7096413995488301,0.038487133110476836,289,0.675531914893617,0.6358695652173914,0.6780487804878049,0.6787564766839378,0.7301587301587301,0.6796730934882962,0.029960562538916553,217,0.659217877094972,0.6256983240223464,0.6312849162011173,0.651685393258427,0.7134831460674157,0.6562739313288556,0.031183118473034364,217,0.7094972067039106,0.6573033707865169,0.7808988764044944,0.7318435754189944,0.770949720670391,0.7300985499968615,0.044667862908323634,265,0.682062298603652,0.6400437636761488,0.6963927855711423,0.6887486855941115,0.7379679144385026,0.6890430895767115,0.0312966725834922,217,0.6843575418994413,0.6415008474044317,0.7060918963028058,0.6917644843387107,0.7422164333689034,0.6931862406628586,0.03262472354968683,217,0.6245394033044098,0.5888275559368839,0.638731228309356,0.6311973482477774,0.6777616074362706,0.6322114286469395,0.02849342141131095,217,0.6843575418994414,0.6415008474044316,0.7060918963028059,0.6917644843387106,0.7422164333689035,0.6931862406628586,0.0326247235496869,217
18,0.012966489791870118,0.010624412145665863,0.050679349899291994,0.00677674892254957,gini,1,5,2,best,"{'criterion': 'gini', 'max_depth': 1, 'min_samples_leaf': 5, 'min_samples_split': 2, 'splitter': 'best'}",0.6843575418994413,0.6414565826330533,0.7058823529411765,0.6918767507002801,0.742296918767507,0.6931740293882915,0.032645573761242976,217,0.6941176470588235,0.6473988439306358,0.743421052631579,0.7073170731707317,0.7559523809523809,0.7096413995488301,0.038487133110476836,289,0.675531914893617,0.6358695652173914,0.6780487804878049,0.6787564766839378,0.7301587301587301,0.6796730934882962,0.029960562538916553,217,0.659217877094972,0.6256983240223464,0.6312849162011173,0.651685393258427,0.7134831460674157,0.6562739313288556,0.031183118473034364,217,0.7094972067039106,0.6573033707865169,0.7808988764044944,0.7318435754189944,0.770949720670391,0.7300985499968615,0.044667862908323634,265,0.682062298603652,0.6400437636761488,0.6963927855711423,0.6887486855941115,0.7379679144385026,0.6890430895767115,0.0312966725834922,217,0.6843575418994413,0.6415008474044317,0.7060918963028058,0.6917644843387107,0.7422164333689034,0.6931862406628586,0.03262472354968683,217,0.6245394033044098,0.5888275559368839,0.638731228309356,0.6311973482477774,0.6777616074362706,0.6322114286469395,0.02849342141131095,217,0.6843575418994414,0.6415008474044316,0.7060918963028059,0.6917644843387106,0.7422164333689035,0.6931862406628586,0.0326247235496869,217
16,0.008716583251953125,0.0062256244320474064,0.035396385192871097,0.00378229776889449,gini,1,4,4,best,"{'criterion': 'gini', 'max_depth': 1, 'min_samples_leaf': 4, 'min_samples_split': 4, 'splitter': 'best'}",0.6843575418994413,0.6414565826330533,0.7058823529411765,0.6918767507002801,0.742296918767507,0.6931740293882915,0.032645573761242976,217,0.6941176470588235,0.6473988439306358,0.743421052631579,0.7073170731707317,0.7559523809523809,0.7096413995488301,0.038487133110476836,289,0.675531914893617,0.6358695652173914,0.6780487804878049,0.6787564766839378,0.7301587301587301,0.6796730934882962,0.029960562538916553,217,0.659217877094972,0.6256983240223464,0.6312849162011173,0.651685393258427,0.7134831460674157,0.6562739313288556,0.031183118473034364,217,0.7094972067039106,0.6573033707865169,0.7808988764044944,0.7318435754189944,0.770949720670391,0.7300985499968615,0.044667862908323634,265,0.682062298603652,0.6400437636761488,0.6963927855711423,0.6887486855941115,0.7379679144385026,0.6890430895767115,0.0312966725834922,217,0.6843575418994413,0.6415008474044317,0.7060918963028058,0.6917644843387107,0.7422164333689034,0.6931862406628586,0.03262472354968683,217,0.6245394033044098,0.5888275559368839,0.638731228309356,0.6311973482477774,0.6777616074362706,0.6322114286469395,0.02849342141131095,217,0.6843575418994414,0.6415008474044316,0.7060918963028059,0.6917644843387106,0.7422164333689035,0.6931862406628586,0.0326247235496869,217
14,0.007919979095458985,0.005348404939376583,0.04686989784240723,0.008800537363706694,gini,1,4,3,best,"{'criterion': 'gini', 'max_depth': 1, 'min_samples_leaf': 4, 'min_samples_split': 3, 'splitter': 'best'}",0.6843575418994413,0.6414565826330533,0.7058823529411765,0.6918767507002801,0.742296918767507,0.6931740293882915,0.032645573761242976,217,0.6941176470588235,0.6473988439306358,0.743421052631579,0.7073170731707317,0.7559523809523809,0.7096413995488301,0.038487133110476836,289,0.675531914893617,0.6358695652173914,0.6780487804878049,0.6787564766839378,0.7301587301587301,0.6796730934882962,0.029960562538916553,217,0.659217877094972,0.6256983240223464,0.6312849162011173,0.651685393258427,0.7134831460674157,0.6562739313288556,0.031183118473034364,217,0.7094972067039106,0.6573033707865169,0.7808988764044944,0.7318435754189944,0.770949720670391,0.7300985499968615,0.044667862908323634,265,0.682062298603652,0.6400437636761488,0.6963927855711423,0.6887486855941115,0.7379679144385026,0.6890430895767115,0.0312966725834922,217,0.6843575418994413,0.6415008474044317,0.7060918963028058,0.6917644843387107,0.7422164333689034,0.6931862406628586,0.03262472354968683,217,0.6245394033044098,0.5888275559368839,0.638731228309356,0.6311973482477774,0.6777616074362706,0.6322114286469395,0.02849342141131095,217,0.6843575418994414,0.6415008474044316,0.7060918963028059,0.6917644843387106,0.7422164333689035,0.6931862406628586,0.0326247235496869,217
12,0.008964920043945312,0.006727076203261123,0.03901028633117676,0.00825408859233445,gini,1,4,2,best,"{'criterion': 'gini', 'max_depth': 1, 'min_samples_leaf': 4, 'min_samples_split': 2, 'splitter': 'best'}",0.6843575418994413,0.6414565826330533,0.7058823529411765,0.6918767507002801,0.742296918767507,0.6931740293882915,0.032645573761242976,217,0.6941176470588235,0.6473988439306358,0.743421052631579,0.7073170731707317,0.7559523809523809,0.7096413995488301,0.038487133110476836,289,0.675531914893617,0.6358695652173914,0.6780487804878049,0.6787564766839378,0.7301587301587301,0.6796730934882962,0.029960562538916553,217,0.659217877094972,0.6256983240223464,0.6312849162011173,0.651685393258427,0.7134831460674157,0.6562739313288556,0.031183118473034364,217,0.7094972067039106,0.6573033707865169,0.7808988764044944,0.7318435754189944,0.770949720670391,0.7300985499968615,0.044667862908323634,265,0.682062298603652,0.6400437636761488,0.6963927855711423,0.6887486855941115,0.7379679144385026,0.6890430895767115,0.0312966725834922,217,0.6843575418994413,0.6415008474044317,0.7060918963028058,0.6917644843387107,0.7422164333689034,0.6931862406628586,0.03262472354968683,217,0.6245394033044098,0.5888275559368839,0.638731228309356,0.6311973482477774,0.6777616074362706,0.6322114286469395,0.02849342141131095,217,0.6843575418994414,0.6415008474044316,0.7060918963028059,0.6917644843387106,0.7422164333689035,0.6931862406628586,0.0326247235496869,217
10,0.011449050903320313,0.009841311882623516,0.04801936149597168,0.00919183105886192,gini,1,3,4,best,"{'criterion': 'gini', 'max_depth': 1, 'min_samples_leaf': 3, 'min_samples_split': 4, 'splitter': 'best'}",0.6843575418994413,0.6414565826330533,0.7058823529411765,0.6918767507002801,0.742296918767507,0.6931740293882915,0.032645573761242976,217,0.6941176470588235,0.6473988439306358,0.743421052631579,0.7073170731707317,0.7559523809523809,0.7096413995488301,0.038487133110476836,289,0.675531914893617,0.6358695652173914,0.6780487804878049,0.6787564766839378,0.7301587301587301,0.6796730934882962,0.029960562538916553,217,0.659217877094972,0.6256983240223464,0.6312849162011173,0.651685393258427,0.7134831460674157,0.6562739313288556,0.031183118473034364,217,0.7094972067039106,0.6573033707865169,0.7808988764044944,0.7318435754189944,0.770949720670391,0.7300985499968615,0.044667862908323634,265,0.682062298603652,0.6400437636761488,0.6963927855711423,0.6887486855941115,0.7379679144385026,0.6890430895767115,0.0312966725834922,217,0.6843575418994413,0.6415008474044317,0.7060918963028058,0.6917644843387107,0.7422164333689034,0.6931862406628586,0.03262472354968683,217,0.6245394033044098,0.5888275559368839,0.638731228309356,0.6311973482477774,0.6777616074362706,0.6322114286469395,0.02849342141131095,217,0.6843575418994414,0.6415008474044316,0.7060918963028059,0.6917644843387106,0.7422164333689035,0.6931862406628586,0.0326247235496869,217
8,0.00773005485534668,0.0051520657379999606,0.04401702880859375,0.011571023123879693,gini,1,3,3,best,"{'criterion': 'gini', 'max_depth': 1, 'min_samples_leaf': 3, 'min_samples_split': 3, 'splitter': 'best'}",0.6843575418994413,0.6414565826330533,0.7058823529411765,0.6918767507002801,0.742296918767507,0.6931740293882915,0.032645573761242976,217,0.6941176470588235,0.6473988439306358,0.743421052631579,0.7073170731707317,0.7559523809523809,0.7096413995488301,0.038487133110476836,289,0.675531914893617,0.6358695652173914,0.6780487804878049,0.6787564766839378,0.7301587301587301,0.6796730934882962,0.029960562538916553,217,0.659217877094972,0.6256983240223464,0.6312849162011173,0.651685393258427,0.7134831460674157,0.6562739313288556,0.031183118473034364,217,0.7094972067039106,0.6573033707865169,0.7808988764044944,0.7318435754189944,0.770949720670391,0.7300985499968615,0.044667862908323634,265,0.682062298603652,0.6400437636761488,0.6963927855711423,0.6887486855941115,0.7379679144385026,0.6890430895767115,0.0312966725834922,217,0.6843575418994413,0.6415008474044317,0.7060918963028058,0.6917644843387107,0.7422164333689034,0.6931862406628586,0.03262472354968683,217,0.6245394033044098,0.5888275559368839,0.638731228309356,0.6311973482477774,0.6777616074362706,0.6322114286469395,0.02849342141131095,217,0.6843575418994414,0.6415008474044316,0.7060918963028059,0.6917644843387106,0.7422164333689035,0.6931862406628586,0.0326247235496869,217
6,0.006498861312866211,0.004868464921342042,0.053792905807495114,0.022875543777079635,gini,1,3,2,best,"{'criterion': 'gini', 'max_depth': 1, 'min_samples_leaf': 3, 'min_samples_split': 2, 'splitter': 'best'}",0.6843575418994413,0.6414565826330533,0.7058823529411765,0.6918767507002801,0.742296918767507,0.6931740293882915,0.032645573761242976,217,0.6941176470588235,0.6473988439306358,0.743421052631579,0.7073170731707317,0.7559523809523809,0.7096413995488301,0.038487133110476836,289,0.675531914893617,0.6358695652173914,0.6780487804878049,0.6787564766839378,0.7301587301587301,0.6796730934882962,0.029960562538916553,217,0.659217877094972,0.6256983240223464,0.6312849162011173,0.651685393258427,0.7134831460674157,0.6562739313288556,0.031183118473034364,217,0.7094972067039106,0.6573033707865169,0.7808988764044944,0.7318435754189944,0.770949720670391,0.7300985499968615,0.044667862908323634,265,0.682062298603652,0.6400437636761488,0.6963927855711423,0.6887486855941115,0.7379679144385026,0.6890430895767115,0.0312966725834922,217,0.6843575418994413,0.6415008474044317,0.7060918963028058,0.6917644843387107,0.7422164333689034,0.6931862406628586,0.03262472354968683,217,0.6245394033044098,0.5888275559368839,0.638731228309356,0.6311973482477774,0.6777616074362706,0.6322114286469395,0.02849342141131095,217,0.6843575418994414,0.6415008474044316,0.7060918963028059,0.6917644843387106,0.7422164333689035,0.6931862406628586,0.0326247235496869,217
4,0.008436822891235351,0.0020445181166918545,0.04171490669250488,0.005476542147752024,gini,1,2,4,best,"{'criterion': 'gini', 'max_depth': 1, 'min_samples_leaf': 2, 'min_samples_split': 4, 'splitter': 'best'}",0.6843575418994413,0.6414565826330533,0.7058823529411765,0.6918767507002801,0.742296918767507,0.6931740293882915,0.032645573761242976,217,0.6941176470588235,0.6473988439306358,0.743421052631579,0.7073170731707317,0.7559523809523809,0.7096413995488301,0.038487133110476836,289,0.675531914893617,0.6358695652173914,0.6780487804878049,0.6787564766839378,0.7301587301587301,0.6796730934882962,0.029960562538916553,217,0.659217877094972,0.6256983240223464,0.6312849162011173,0.651685393258427,0.7134831460674157,0.6562739313288556,0.031183118473034364,217,0.7094972067039106,0.6573033707865169,0.7808988764044944,0.7318435754189944,0.770949720670391,0.7300985499968615,0.044667862908323634,265,0.682062298603652,0.6400437636761488,0.6963927855711423,0.6887486855941115,0.7379679144385026,0.6890430895767115,0.0312966725834922,217,0.6843575418994413,0.6415008474044317,0.7060918963028058,0.6917644843387107,0.7422164333689034,0.6931862406628586,0.03262472354968683,217,0.6245394033044098,0.5888275559368839,0.638731228309356,0.6311973482477774,0.6777616074362706,0.6322114286469395,0.02849342141131095,217,0.6843575418994414,0.6415008474044316,0.7060918963028059,0.6917644843387106,0.7422164333689035,0.6931862406628586,0.0326247235496869,217
2,0.010222816467285156,0.006820143589247333,0.045099067687988284,0.004221440219049594,gini,1,2,3,best,"{'criterion': 'gini', 'max_depth': 1, 'min_samples_leaf': 2, 'min_samples_split': 3, 'splitter': 'best'}",0.6843575418994413,0.6414565826330533,0.7058823529411765,0.6918767507002801,0.742296918767507,0.6931740293882915,0.032645573761242976,217,0.6941176470588235,0.6473988439306358,0.743421052631579,0.7073170731707317,0.7559523809523809,0.7096413995488301,0.038487133110476836,289,0.675531914893617,0.6358695652173914,0.6780487804878049,0.6787564766839378,0.7301587301587301,0.6796730934882962,0.029960562538916553,217,0.659217877094972,0.6256983240223464,0.6312849162011173,0.651685393258427,0.7134831460674157,0.6562739313288556,0.031183118473034364,217,0.7094972067039106,0.6573033707865169,0.7808988764044944,0.7318435754189944,0.770949720670391,0.7300985499968615,0.044667862908323634,265,0.682062298603652,0.6400437636761488,0.6963927855711423,0.6887486855941115,0.7379679144385026,0.6890430895767115,0.0312966725834922,217,0.6843575418994413,0.6415008474044317,0.7060918963028058,0.6917644843387107,0.7422164333689034,0.6931862406628586,0.03262472354968683,217,0.6245394033044098,0.5888275559368839,0.638731228309356,0.6311973482477774,0.6777616074362706,0.6322114286469395,0.02849342141131095,217,0.6843575418994414,0.6415008474044316,0.7060918963028059,0.6917644843387106,0.7422164333689035,0.6931862406628586,0.0326247235496869,217
20,0.008727073669433594,0.0074442592079810395,0.0698315143585205,0.028088870600195843,gini,1,5,3,best,"{'criterion': 'gini', 'max_depth': 1, 'min_samples_leaf': 5, 'min_samples_split': 3, 'splitter': 'best'}",0.6843575418994413,0.6414565826330533,0.7058823529411765,0.6918767507002801,0.742296918767507,0.6931740293882915,0.032645573761242976,217,0.6941176470588235,0.6473988439306358,0.743421052631579,0.7073170731707317,0.7559523809523809,0.7096413995488301,0.038487133110476836,289,0.675531914893617,0.6358695652173914,0.6780487804878049,0.6787564766839378,0.7301587301587301,0.6796730934882962,0.029960562538916553,217,0.659217877094972,0.6256983240223464,0.6312849162011173,0.651685393258427,0.7134831460674157,0.6562739313288556,0.031183118473034364,217,0.7094972067039106,0.6573033707865169,0.7808988764044944,0.7318435754189944,0.770949720670391,0.7300985499968615,0.044667862908323634,265,0.682062298603652,0.6400437636761488,0.6963927855711423,0.6887486855941115,0.7379679144385026,0.6890430895767115,0.0312966725834922,217,0.6843575418994413,0.6415008474044317,0.7060918963028058,0.6917644843387107,0.7422164333689034,0.6931862406628586,0.03262472354968683,217,0.6245394033044098,0.5888275559368839,0.638731228309356,0.6311973482477774,0.6777616074362706,0.6322114286469395,0.02849342141131095,217,0.6843575418994414,0.6415008474044316,0.7060918963028059,0.6917644843387106,0.7422164333689035,0.6931862406628586,0.0326247235496869,217
36,0.005906915664672852,0.0030191884929556944,0.048520994186401364,0.0051599472819531846,gini,1,8,2,best,"{'criterion': 'gini', 'max_depth': 1, 'min_samples_leaf': 8, 'min_samples_split': 2, 'splitter': 'best'}",0.6843575418994413,0.6414565826330533,0.7058823529411765,0.6918767507002801,0.742296918767507,0.6931740293882915,0.032645573761242976,217,0.6941176470588235,0.6473988439306358,0.743421052631579,0.7073170731707317,0.7559523809523809,0.7096413995488301,0.038487133110476836,289,0.675531914893617,0.6358695652173914,0.6780487804878049,0.6787564766839378,0.7301587301587301,0.6796730934882962,0.029960562538916553,217,0.659217877094972,0.6256983240223464,0.6312849162011173,0.651685393258427,0.7134831460674157,0.6562739313288556,0.031183118473034364,217,0.7094972067039106,0.6573033707865169,0.7808988764044944,0.7318435754189944,0.770949720670391,0.7300985499968615,0.044667862908323634,265,0.682062298603652,0.6400437636761488,0.6963927855711423,0.6887486855941115,0.7379679144385026,0.6890430895767115,0.0312966725834922,217,0.6843575418994413,0.6415008474044317,0.7060918963028058,0.6917644843387107,0.7422164333689034,0.6931862406628586,0.03262472354968683,217,0.6245394033044098,0.5888275559368839,0.638731228309356,0.6311973482477774,0.6777616074362706,0.6322114286469395,0.02849342141131095,217,0.6843575418994414,0.6415008474044316,0.7060918963028059,0.6917644843387106,0.7422164333689035,0.6931862406628586,0.0326247235496869,217
392,0.01246953010559082,0.0029337741298846105,0.04136395454406738,0.00841929946051509,log_loss,1,3,3,best,"{'criterion': 'log_loss', 'max_depth': 1, 'min_samples_leaf': 3, 'min_samples_split': 3, 'splitter': 'best'}",0.6843575418994413,0.6414565826330533,0.7058823529411765,0.6918767507002801,0.742296918767507,0.6931740293882915,0.032645573761242976,217,0.6941176470588235,0.6473988439306358,0.743421052631579,0.7073170731707317,0.7559523809523809,0.7096413995488301,0.038487133110476836,289,0.675531914893617,0.6358695652173914,0.6780487804878049,0.6787564766839378,0.7301587301587301,0.6796730934882962,0.029960562538916553,217,0.659217877094972,0.6256983240223464,0.6312849162011173,0.651685393258427,0.7134831460674157,0.6562739313288556,0.031183118473034364,217,0.7094972067039106,0.6573033707865169,0.7808988764044944,0.7318435754189944,0.770949720670391,0.7300985499968615,0.044667862908323634,265,0.682062298603652,0.6400437636761488,0.6963927855711423,0.6887486855941115,0.7379679144385026,0.6890430895767115,0.0312966725834922,217,0.6843575418994413,0.6415008474044317,0.7060918963028058,0.6917644843387107,0.7422164333689034,0.6931862406628586,0.03262472354968683,217,0.6245394033044098,0.5888275559368839,0.638731228309356,0.6311973482477774,0.6777616074362706,0.6322114286469395,0.02849342141131095,217,0.6843575418994414,0.6415008474044316,0.7060918963028059,0.6917644843387106,0.7422164333689035,0.6931862406628586,0.0326247235496869,217
394,0.008614540100097656,0.006422433741764372,0.04558076858520508,0.009280830165877692,log_loss,1,3,4,best,"{'criterion': 'log_loss', 'max_depth': 1, 'min_samples_leaf': 3, 'min_samples_split': 4, 'splitter': 'best'}",0.6843575418994413,0.6414565826330533,0.7058823529411765,0.6918767507002801,0.742296918767507,0.6931740293882915,0.032645573761242976,217,0.6941176470588235,0.6473988439306358,0.743421052631579,0.7073170731707317,0.7559523809523809,0.7096413995488301,0.038487133110476836,289,0.675531914893617,0.6358695652173914,0.6780487804878049,0.6787564766839378,0.7301587301587301,0.6796730934882962,0.029960562538916553,217,0.659217877094972,0.6256983240223464,0.6312849162011173,0.651685393258427,0.7134831460674157,0.6562739313288556,0.031183118473034364,217,0.7094972067039106,0.6573033707865169,0.7808988764044944,0.7318435754189944,0.770949720670391,0.7300985499968615,0.044667862908323634,265,0.682062298603652,0.6400437636761488,0.6963927855711423,0.6887486855941115,0.7379679144385026,0.6890430895767115,0.0312966725834922,217,0.6843575418994413,0.6415008474044317,0.7060918963028058,0.6917644843387107,0.7422164333689034,0.6931862406628586,0.03262472354968683,217,0.6245394033044098,0.5888275559368839,0.638731228309356,0.6311973482477774,0.6777616074362706,0.6322114286469395,0.02849342141131095,217,0.6843575418994414,0.6415008474044316,0.7060918963028059,0.6917644843387106,0.7422164333689035,0.6931862406628586,0.0326247235496869,217
426,0.010540580749511719,0.0029498892013137858,0.0429837703704834,0.0029921616633929128,log_loss,1,9,2,best,"{'criterion': 'log_loss', 'max_depth': 1, 'min_samples_leaf': 9, 'min_samples_split': 2, 'splitter': 'best'}",0.6843575418994413,0.6414565826330533,0.7058823529411765,0.6918767507002801,0.742296918767507,0.6931740293882915,0.032645573761242976,217,0.6941176470588235,0.6473988439306358,0.743421052631579,0.7073170731707317,0.7559523809523809,0.7096413995488301,0.038487133110476836,289,0.675531914893617,0.6358695652173914,0.6780487804878049,0.6787564766839378,0.7301587301587301,0.6796730934882962,0.029960562538916553,217,0.659217877094972,0.6256983240223464,0.6312849162011173,0.651685393258427,0.7134831460674157,0.6562739313288556,0.031183118473034364,217,0.7094972067039106,0.6573033707865169,0.7808988764044944,0.7318435754189944,0.770949720670391,0.7300985499968615,0.044667862908323634,265,0.682062298603652,0.6400437636761488,0.6963927855711423,0.6887486855941115,0.7379679144385026,0.6890430895767115,0.0312966725834922,217,0.6843575418994413,0.6415008474044317,0.7060918963028058,0.6917644843387107,0.7422164333689034,0.6931862406628586,0.03262472354968683,217,0.6245394033044098,0.5888275559368839,0.638731228309356,0.6311973482477774,0.6777616074362706,0.6322114286469395,0.02849342141131095,217,0.6843575418994414,0.6415008474044316,0.7060918963028059,0.6917644843387106,0.7422164333689035,0.6931862406628586,0.0326247235496869,217
424,0.009798145294189453,0.004003421501896635,0.04667873382568359,0.003194137671389351,log_loss,1,8,4,best,"{'criterion': 'log_loss', 'max_depth': 1, 'min_samples_leaf': 8, 'min_samples_split': 4, 'splitter': 'best'}",0.6843575418994413,0.6414565826330533,0.7058823529411765,0.6918767507002801,0.742296918767507,0.6931740293882915,0.032645573761242976,217,0.6941176470588235,0.6473988439306358,0.743421052631579,0.7073170731707317,0.7559523809523809,0.7096413995488301,0.038487133110476836,289,0.675531914893617,0.6358695652173914,0.6780487804878049,0.6787564766839378,0.7301587301587301,0.6796730934882962,0.029960562538916553,217,0.659217877094972,0.6256983240223464,0.6312849162011173,0.651685393258427,0.7134831460674157,0.6562739313288556,0.031183118473034364,217,0.7094972067039106,0.6573033707865169,0.7808988764044944,0.7318435754189944,0.770949720670391,0.7300985499968615,0.044667862908323634,265,0.682062298603652,0.6400437636761488,0.6963927855711423,0.6887486855941115,0.7379679144385026,0.6890430895767115,0.0312966725834922,217,0.6843575418994413,0.6415008474044317,0.7060918963028058,0.6917644843387107,0.7422164333689034,0.6931862406628586,0.03262472354968683,217,0.6245394033044098,0.5888275559368839,0.638731228309356,0.6311973482477774,0.6777616074362706,0.6322114286469395,0.02849342141131095,217,0.6843575418994414,0.6415008474044316,0.7060918963028059,0.6917644843387106,0.7422164333689035,0.6931862406628586,0.0326247235496869,217
422,0.014086103439331055,0.009233994431646115,0.04408774375915527,0.0055300091423996995,log_loss,1,8,3,best,"{'criterion': 'log_loss', 'max_depth': 1, 'min_samples_leaf': 8, 'min_samples_split': 3, 'splitter': 'best'}",0.6843575418994413,0.6414565826330533,0.7058823529411765,0.6918767507002801,0.742296918767507,0.6931740293882915,0.032645573761242976,217,0.6941176470588235,0.6473988439306358,0.743421052631579,0.7073170731707317,0.7559523809523809,0.7096413995488301,0.038487133110476836,289,0.675531914893617,0.6358695652173914,0.6780487804878049,0.6787564766839378,0.7301587301587301,0.6796730934882962,0.029960562538916553,217,0.659217877094972,0.6256983240223464,0.6312849162011173,0.651685393258427,0.7134831460674157,0.6562739313288556,0.031183118473034364,217,0.7094972067039106,0.6573033707865169,0.7808988764044944,0.7318435754189944,0.770949720670391,0.7300985499968615,0.044667862908323634,265,0.682062298603652,0.6400437636761488,0.6963927855711423,0.6887486855941115,0.7379679144385026,0.6890430895767115,0.0312966725834922,217,0.6843575418994413,0.6415008474044317,0.7060918963028058,0.6917644843387107,0.7422164333689034,0.6931862406628586,0.03262472354968683,217,0.6245394033044098,0.5888275559368839,0.638731228309356,0.6311973482477774,0.6777616074362706,0.6322114286469395,0.02849342141131095,217,0.6843575418994414,0.6415008474044316,0.7060918963028059,0.6917644843387106,0.7422164333689035,0.6931862406628586,0.0326247235496869,217
420,0.0076599597930908205,0.005051913839828888,0.043154239654541016,0.0071079628952032976,log_loss,1,8,2,best,"{'criterion': 'log_loss', 'max_depth': 1, 'min_samples_leaf': 8, 'min_samples_split': 2, 'splitter': 'best'}",0.6843575418994413,0.6414565826330533,0.7058823529411765,0.6918767507002801,0.742296918767507,0.6931740293882915,0.032645573761242976,217,0.6941176470588235,0.6473988439306358,0.743421052631579,0.7073170731707317,0.7559523809523809,0.7096413995488301,0.038487133110476836,289,0.675531914893617,0.6358695652173914,0.6780487804878049,0.6787564766839378,0.7301587301587301,0.6796730934882962,0.029960562538916553,217,0.659217877094972,0.6256983240223464,0.6312849162011173,0.651685393258427,0.7134831460674157,0.6562739313288556,0.031183118473034364,217,0.7094972067039106,0.6573033707865169,0.7808988764044944,0.7318435754189944,0.770949720670391,0.7300985499968615,0.044667862908323634,265,0.682062298603652,0.6400437636761488,0.6963927855711423,0.6887486855941115,0.7379679144385026,0.6890430895767115,0.0312966725834922,217,0.6843575418994413,0.6415008474044317,0.7060918963028058,0.6917644843387107,0.7422164333689034,0.6931862406628586,0.03262472354968683,217,0.6245394033044098,0.5888275559368839,0.638731228309356,0.6311973482477774,0.6777616074362706,0.6322114286469395,0.02849342141131095,217,0.6843575418994414,0.6415008474044316,0.7060918963028059,0.6917644843387106,0.7422164333689035,0.6931862406628586,0.0326247235496869,217
418,0.0060097694396972655,0.0038105316526782576,0.04337396621704102,0.0055736156794784055,log_loss,1,7,4,best,"{'criterion': 'log_loss', 'max_depth': 1, 'min_samples_leaf': 7, 'min_samples_split': 4, 'splitter': 'best'}",0.6843575418994413,0.6414565826330533,0.7058823529411765,0.6918767507002801,0.742296918767507,0.6931740293882915,0.032645573761242976,217,0.6941176470588235,0.6473988439306358,0.743421052631579,0.7073170731707317,0.7559523809523809,0.7096413995488301,0.038487133110476836,289,0.675531914893617,0.6358695652173914,0.6780487804878049,0.6787564766839378,0.7301587301587301,0.6796730934882962,0.029960562538916553,217,0.659217877094972,0.6256983240223464,0.6312849162011173,0.651685393258427,0.7134831460674157,0.6562739313288556,0.031183118473034364,217,0.7094972067039106,0.6573033707865169,0.7808988764044944,0.7318435754189944,0.770949720670391,0.7300985499968615,0.044667862908323634,265,0.682062298603652,0.6400437636761488,0.6963927855711423,0.6887486855941115,0.7379679144385026,0.6890430895767115,0.0312966725834922,217,0.6843575418994413,0.6415008474044317,0.7060918963028058,0.6917644843387107,0.7422164333689034,0.6931862406628586,0.03262472354968683,217,0.6245394033044098,0.5888275559368839,0.638731228309356,0.6311973482477774,0.6777616074362706,0.6322114286469395,0.02849342141131095,217,0.6843575418994414,0.6415008474044316,0.7060918963028059,0.6917644843387106,0.7422164333689035,0.6931862406628586,0.0326247235496869,217
416,0.006628894805908203,0.0031527268005351475,0.0442568302154541,0.0038389817882974273,log_loss,1,7,3,best,"{'criterion': 'log_loss', 'max_depth': 1, 'min_samples_leaf': 7, 'min_samples_split': 3, 'splitter': 'best'}",0.6843575418994413,0.6414565826330533,0.7058823529411765,0.6918767507002801,0.742296918767507,0.6931740293882915,0.032645573761242976,217,0.6941176470588235,0.6473988439306358,0.743421052631579,0.7073170731707317,0.7559523809523809,0.7096413995488301,0.038487133110476836,289,0.675531914893617,0.6358695652173914,0.6780487804878049,0.6787564766839378,0.7301587301587301,0.6796730934882962,0.029960562538916553,217,0.659217877094972,0.6256983240223464,0.6312849162011173,0.651685393258427,0.7134831460674157,0.6562739313288556,0.031183118473034364,217,0.7094972067039106,0.6573033707865169,0.7808988764044944,0.7318435754189944,0.770949720670391,0.7300985499968615,0.044667862908323634,265,0.682062298603652,0.6400437636761488,0.6963927855711423,0.6887486855941115,0.7379679144385026,0.6890430895767115,0.0312966725834922,217,0.6843575418994413,0.6415008474044317,0.7060918963028058,0.6917644843387107,0.7422164333689034,0.6931862406628586,0.03262472354968683,217,0.6245394033044098,0.5888275559368839,0.638731228309356,0.6311973482477774,0.6777616074362706,0.6322114286469395,0.02849342141131095,217,0.6843575418994414,0.6415008474044316,0.7060918963028059,0.6917644843387106,0.7422164333689035,0.6931862406628586,0.0326247235496869,217
414,0.005410432815551758,0.0064115627773302965,0.047121524810791016,0.003996930622728595,log_loss,1,7,2,best,"{'criterion': 'log_loss', 'max_depth': 1, 'min_samples_leaf': 7, 'min_samples_split': 2, 'splitter': 'best'}",0.6843575418994413,0.6414565826330533,0.7058823529411765,0.6918767507002801,0.742296918767507,0.6931740293882915,0.032645573761242976,217,0.6941176470588235,0.6473988439306358,0.743421052631579,0.7073170731707317,0.7559523809523809,0.7096413995488301,0.038487133110476836,289,0.675531914893617,0.6358695652173914,0.6780487804878049,0.6787564766839378,0.7301587301587301,0.6796730934882962,0.029960562538916553,217,0.659217877094972,0.6256983240223464,0.6312849162011173,0.651685393258427,0.7134831460674157,0.6562739313288556,0.031183118473034364,217,0.7094972067039106,0.6573033707865169,0.7808988764044944,0.7318435754189944,0.770949720670391,0.7300985499968615,0.044667862908323634,265,0.682062298603652,0.6400437636761488,0.6963927855711423,0.6887486855941115,0.7379679144385026,0.6890430895767115,0.0312966725834922,217,0.6843575418994413,0.6415008474044317,0.7060918963028058,0.6917644843387107,0.7422164333689034,0.6931862406628586,0.03262472354968683,217,0.6245394033044098,0.5888275559368839,0.638731228309356,0.6311973482477774,0.6777616074362706,0.6322114286469395,0.02849342141131095,217,0.6843575418994414,0.6415008474044316,0.7060918963028059,0.6917644843387106,0.7422164333689035,0.6931862406628586,0.0326247235496869,217
412,0.009769964218139648,0.000646198052618557,0.03850841522216797,0.0045562142216568745,log_loss,1,6,4,best,"{'criterion': 'log_loss', 'max_depth': 1, 'min_samples_leaf': 6, 'min_samples_split': 4, 'splitter': 'best'}",0.6843575418994413,0.6414565826330533,0.7058823529411765,0.6918767507002801,0.742296918767507,0.6931740293882915,0.032645573761242976,217,0.6941176470588235,0.6473988439306358,0.743421052631579,0.7073170731707317,0.7559523809523809,0.7096413995488301,0.038487133110476836,289,0.675531914893617,0.6358695652173914,0.6780487804878049,0.6787564766839378,0.7301587301587301,0.6796730934882962,0.029960562538916553,217,0.659217877094972,0.6256983240223464,0.6312849162011173,0.651685393258427,0.7134831460674157,0.6562739313288556,0.031183118473034364,217,0.7094972067039106,0.6573033707865169,0.7808988764044944,0.7318435754189944,0.770949720670391,0.7300985499968615,0.044667862908323634,265,0.682062298603652,0.6400437636761488,0.6963927855711423,0.6887486855941115,0.7379679144385026,0.6890430895767115,0.0312966725834922,217,0.6843575418994413,0.6415008474044317,0.7060918963028058,0.6917644843387107,0.7422164333689034,0.6931862406628586,0.03262472354968683,217,0.6245394033044098,0.5888275559368839,0.638731228309356,0.6311973482477774,0.6777616074362706,0.6322114286469395,0.02849342141131095,217,0.6843575418994414,0.6415008474044316,0.7060918963028059,0.6917644843387106,0.7422164333689035,0.6931862406628586,0.0326247235496869,217
410,0.007171726226806641,0.00376607540556796,0.04178433418273926,0.00471424726532296,log_loss,1,6,3,best,"{'criterion': 'log_loss', 'max_depth': 1, 'min_samples_leaf': 6, 'min_samples_split': 3, 'splitter': 'best'}",0.6843575418994413,0.6414565826330533,0.7058823529411765,0.6918767507002801,0.742296918767507,0.6931740293882915,0.032645573761242976,217,0.6941176470588235,0.6473988439306358,0.743421052631579,0.7073170731707317,0.7559523809523809,0.7096413995488301,0.038487133110476836,289,0.675531914893617,0.6358695652173914,0.6780487804878049,0.6787564766839378,0.7301587301587301,0.6796730934882962,0.029960562538916553,217,0.659217877094972,0.6256983240223464,0.6312849162011173,0.651685393258427,0.7134831460674157,0.6562739313288556,0.031183118473034364,217,0.7094972067039106,0.6573033707865169,0.7808988764044944,0.7318435754189944,0.770949720670391,0.7300985499968615,0.044667862908323634,265,0.682062298603652,0.6400437636761488,0.6963927855711423,0.6887486855941115,0.7379679144385026,0.6890430895767115,0.0312966725834922,217,0.6843575418994413,0.6415008474044317,0.7060918963028058,0.6917644843387107,0.7422164333689034,0.6931862406628586,0.03262472354968683,217,0.6245394033044098,0.5888275559368839,0.638731228309356,0.6311973482477774,0.6777616074362706,0.6322114286469395,0.02849342141131095,217,0.6843575418994414,0.6415008474044316,0.7060918963028059,0.6917644843387106,0.7422164333689035,0.6931862406628586,0.0326247235496869,217
408,0.00984020233154297,0.0020928682966985905,0.043260049819946286,0.0049968400594962185,log_loss,1,6,2,best,"{'criterion': 'log_loss', 'max_depth': 1, 'min_samples_leaf': 6, 'min_samples_split': 2, 'splitter': 'best'}",0.6843575418994413,0.6414565826330533,0.7058823529411765,0.6918767507002801,0.742296918767507,0.6931740293882915,0.032645573761242976,217,0.6941176470588235,0.6473988439306358,0.743421052631579,0.7073170731707317,0.7559523809523809,0.7096413995488301,0.038487133110476836,289,0.675531914893617,0.6358695652173914,0.6780487804878049,0.6787564766839378,0.7301587301587301,0.6796730934882962,0.029960562538916553,217,0.659217877094972,0.6256983240223464,0.6312849162011173,0.651685393258427,0.7134831460674157,0.6562739313288556,0.031183118473034364,217,0.7094972067039106,0.6573033707865169,0.7808988764044944,0.7318435754189944,0.770949720670391,0.7300985499968615,0.044667862908323634,265,0.682062298603652,0.6400437636761488,0.6963927855711423,0.6887486855941115,0.7379679144385026,0.6890430895767115,0.0312966725834922,217,0.6843575418994413,0.6415008474044317,0.7060918963028058,0.6917644843387107,0.7422164333689034,0.6931862406628586,0.03262472354968683,217,0.6245394033044098,0.5888275559368839,0.638731228309356,0.6311973482477774,0.6777616074362706,0.6322114286469395,0.02849342141131095,217,0.6843575418994414,0.6415008474044316,0.7060918963028059,0.6917644843387106,0.7422164333689035,0.6931862406628586,0.0326247235496869,217
46,0.007607555389404297,0.003030816932268419,0.04403815269470215,0.0073063757292153265,gini,1,9,4,best,"{'criterion': 'gini', 'max_depth': 1, 'min_samples_leaf': 9, 'min_samples_split': 4, 'splitter': 'best'}",0.6843575418994413,0.6414565826330533,0.7058823529411765,0.6918767507002801,0.742296918767507,0.6931740293882915,0.032645573761242976,217,0.6941176470588235,0.6473988439306358,0.743421052631579,0.7073170731707317,0.7559523809523809,0.7096413995488301,0.038487133110476836,289,0.675531914893617,0.6358695652173914,0.6780487804878049,0.6787564766839378,0.7301587301587301,0.6796730934882962,0.029960562538916553,217,0.659217877094972,0.6256983240223464,0.6312849162011173,0.651685393258427,0.7134831460674157,0.6562739313288556,0.031183118473034364,217,0.7094972067039106,0.6573033707865169,0.7808988764044944,0.7318435754189944,0.770949720670391,0.7300985499968615,0.044667862908323634,265,0.682062298603652,0.6400437636761488,0.6963927855711423,0.6887486855941115,0.7379679144385026,0.6890430895767115,0.0312966725834922,217,0.6843575418994413,0.6415008474044317,0.7060918963028058,0.6917644843387107,0.7422164333689034,0.6931862406628586,0.03262472354968683,217,0.6245394033044098,0.5888275559368839,0.638731228309356,0.6311973482477774,0.6777616074362706,0.6322114286469395,0.02849342141131095,217,0.6843575418994414,0.6415008474044316,0.7060918963028059,0.6917644843387106,0.7422164333689035,0.6931862406628586,0.0326247235496869,217
406,0.01012735366821289,0.0016101856715744673,0.042185735702514646,0.003416837070251216,log_loss,1,5,4,best,"{'criterion': 'log_loss', 'max_depth': 1, 'min_samples_leaf': 5, 'min_samples_split': 4, 'splitter': 'best'}",0.6843575418994413,0.6414565826330533,0.7058823529411765,0.6918767507002801,0.742296918767507,0.6931740293882915,0.032645573761242976,217,0.6941176470588235,0.6473988439306358,0.743421052631579,0.7073170731707317,0.7559523809523809,0.7096413995488301,0.038487133110476836,289,0.675531914893617,0.6358695652173914,0.6780487804878049,0.6787564766839378,0.7301587301587301,0.6796730934882962,0.029960562538916553,217,0.659217877094972,0.6256983240223464,0.6312849162011173,0.651685393258427,0.7134831460674157,0.6562739313288556,0.031183118473034364,217,0.7094972067039106,0.6573033707865169,0.7808988764044944,0.7318435754189944,0.770949720670391,0.7300985499968615,0.044667862908323634,265,0.682062298603652,0.6400437636761488,0.6963927855711423,0.6887486855941115,0.7379679144385026,0.6890430895767115,0.0312966725834922,217,0.6843575418994413,0.6415008474044317,0.7060918963028058,0.6917644843387107,0.7422164333689034,0.6931862406628586,0.03262472354968683,217,0.6245394033044098,0.5888275559368839,0.638731228309356,0.6311973482477774,0.6777616074362706,0.6322114286469395,0.02849342141131095,217,0.6843575418994414,0.6415008474044316,0.7060918963028059,0.6917644843387106,0.7422164333689035,0.6931862406628586,0.0326247235496869,217
404,0.00847640037536621,0.006042205445004463,0.04084029197692871,0.007670852871598502,log_loss,1,5,3,best,"{'criterion': 'log_loss', 'max_depth': 1, 'min_samples_leaf': 5, 'min_samples_split': 3, 'splitter': 'best'}",0.6843575418994413,0.6414565826330533,0.7058823529411765,0.6918767507002801,0.742296918767507,0.6931740293882915,0.032645573761242976,217,0.6941176470588235,0.6473988439306358,0.743421052631579,0.7073170731707317,0.7559523809523809,0.7096413995488301,0.038487133110476836,289,0.675531914893617,0.6358695652173914,0.6780487804878049,0.6787564766839378,0.7301587301587301,0.6796730934882962,0.029960562538916553,217,0.659217877094972,0.6256983240223464,0.6312849162011173,0.651685393258427,0.7134831460674157,0.6562739313288556,0.031183118473034364,217,0.7094972067039106,0.6573033707865169,0.7808988764044944,0.7318435754189944,0.770949720670391,0.7300985499968615,0.044667862908323634,265,0.682062298603652,0.6400437636761488,0.6963927855711423,0.6887486855941115,0.7379679144385026,0.6890430895767115,0.0312966725834922,217,0.6843575418994413,0.6415008474044317,0.7060918963028058,0.6917644843387107,0.7422164333689034,0.6931862406628586,0.03262472354968683,217,0.6245394033044098,0.5888275559368839,0.638731228309356,0.6311973482477774,0.6777616074362706,0.6322114286469395,0.02849342141131095,217,0.6843575418994414,0.6415008474044316,0.7060918963028059,0.6917644843387106,0.7422164333689035,0.6931862406628586,0.0326247235496869,217
44,0.006834602355957032,0.0037590727847703394,0.04349608421325683,0.0027805977887817887,gini,1,9,3,best,"{'criterion': 'gini', 'max_depth': 1, 'min_samples_leaf': 9, 'min_samples_split': 3, 'splitter': 'best'}",0.6843575418994413,0.6414565826330533,0.7058823529411765,0.6918767507002801,0.742296918767507,0.6931740293882915,0.032645573761242976,217,0.6941176470588235,0.6473988439306358,0.743421052631579,0.7073170731707317,0.7559523809523809,0.7096413995488301,0.038487133110476836,289,0.675531914893617,0.6358695652173914,0.6780487804878049,0.6787564766839378,0.7301587301587301,0.6796730934882962,0.029960562538916553,217,0.659217877094972,0.6256983240223464,0.6312849162011173,0.651685393258427,0.7134831460674157,0.6562739313288556,0.031183118473034364,217,0.7094972067039106,0.6573033707865169,0.7808988764044944,0.7318435754189944,0.770949720670391,0.7300985499968615,0.044667862908323634,265,0.682062298603652,0.6400437636761488,0.6963927855711423,0.6887486855941115,0.7379679144385026,0.6890430895767115,0.0312966725834922,217,0.6843575418994413,0.6415008474044317,0.7060918963028058,0.6917644843387107,0.7422164333689034,0.6931862406628586,0.03262472354968683,217,0.6245394033044098,0.5888275559368839,0.638731228309356,0.6311973482477774,0.6777616074362706,0.6322114286469395,0.02849342141131095,217,0.6843575418994414,0.6415008474044316,0.7060918963028059,0.6917644843387106,0.7422164333689035,0.6931862406628586,0.0326247235496869,217
402,0.009323835372924805,0.0008607492664982854,0.04130468368530273,0.0020496678576313724,log_loss,1,5,2,best,"{'criterion': 'log_loss', 'max_depth': 1, 'min_samples_leaf': 5, 'min_samples_split': 2, 'splitter': 'best'}",0.6843575418994413,0.6414565826330533,0.7058823529411765,0.6918767507002801,0.742296918767507,0.6931740293882915,0.032645573761242976,217,0.6941176470588235,0.6473988439306358,0.743421052631579,0.7073170731707317,0.7559523809523809,0.7096413995488301,0.038487133110476836,289,0.675531914893617,0.6358695652173914,0.6780487804878049,0.6787564766839378,0.7301587301587301,0.6796730934882962,0.029960562538916553,217,0.659217877094972,0.6256983240223464,0.6312849162011173,0.651685393258427,0.7134831460674157,0.6562739313288556,0.031183118473034364,217,0.7094972067039106,0.6573033707865169,0.7808988764044944,0.7318435754189944,0.770949720670391,0.7300985499968615,0.044667862908323634,265,0.682062298603652,0.6400437636761488,0.6963927855711423,0.6887486855941115,0.7379679144385026,0.6890430895767115,0.0312966725834922,217,0.6843575418994413,0.6415008474044317,0.7060918963028058,0.6917644843387107,0.7422164333689034,0.6931862406628586,0.03262472354968683,217,0.6245394033044098,0.5888275559368839,0.638731228309356,0.6311973482477774,0.6777616074362706,0.6322114286469395,0.02849342141131095,217,0.6843575418994414,0.6415008474044316,0.7060918963028059,0.6917644843387106,0.7422164333689035,0.6931862406628586,0.0326247235496869,217
42,0.006883382797241211,0.0035693121799808547,0.04824099540710449,0.011485007328540877,gini,1,9,2,best,"{'criterion': 'gini', 'max_depth': 1, 'min_samples_leaf': 9, 'min_samples_split': 2, 'splitter': 'best'}",0.6843575418994413,0.6414565826330533,0.7058823529411765,0.6918767507002801,0.742296918767507,0.6931740293882915,0.032645573761242976,217,0.6941176470588235,0.6473988439306358,0.743421052631579,0.7073170731707317,0.7559523809523809,0.7096413995488301,0.038487133110476836,289,0.675531914893617,0.6358695652173914,0.6780487804878049,0.6787564766839378,0.7301587301587301,0.6796730934882962,0.029960562538916553,217,0.659217877094972,0.6256983240223464,0.6312849162011173,0.651685393258427,0.7134831460674157,0.6562739313288556,0.031183118473034364,217,0.7094972067039106,0.6573033707865169,0.7808988764044944,0.7318435754189944,0.770949720670391,0.7300985499968615,0.044667862908323634,265,0.682062298603652,0.6400437636761488,0.6963927855711423,0.6887486855941115,0.7379679144385026,0.6890430895767115,0.0312966725834922,217,0.6843575418994413,0.6415008474044317,0.7060918963028058,0.6917644843387107,0.7422164333689034,0.6931862406628586,0.03262472354968683,217,0.6245394033044098,0.5888275559368839,0.638731228309356,0.6311973482477774,0.6777616074362706,0.6322114286469395,0.02849342141131095,217,0.6843575418994414,0.6415008474044316,0.7060918963028059,0.6917644843387106,0.7422164333689035,0.6931862406628586,0.0326247235496869,217
400,0.006968641281127929,0.004754026001956026,0.0463350772857666,0.00650409952728487,log_loss,1,4,4,best,"{'criterion': 'log_loss', 'max_depth': 1, 'min_samples_leaf': 4, 'min_samples_split': 4, 'splitter': 'best'}",0.6843575418994413,0.6414565826330533,0.7058823529411765,0.6918767507002801,0.742296918767507,0.6931740293882915,0.032645573761242976,217,0.6941176470588235,0.6473988439306358,0.743421052631579,0.7073170731707317,0.7559523809523809,0.7096413995488301,0.038487133110476836,289,0.675531914893617,0.6358695652173914,0.6780487804878049,0.6787564766839378,0.7301587301587301,0.6796730934882962,0.029960562538916553,217,0.659217877094972,0.6256983240223464,0.6312849162011173,0.651685393258427,0.7134831460674157,0.6562739313288556,0.031183118473034364,217,0.7094972067039106,0.6573033707865169,0.7808988764044944,0.7318435754189944,0.770949720670391,0.7300985499968615,0.044667862908323634,265,0.682062298603652,0.6400437636761488,0.6963927855711423,0.6887486855941115,0.7379679144385026,0.6890430895767115,0.0312966725834922,217,0.6843575418994413,0.6415008474044317,0.7060918963028058,0.6917644843387107,0.7422164333689034,0.6931862406628586,0.03262472354968683,217,0.6245394033044098,0.5888275559368839,0.638731228309356,0.6311973482477774,0.6777616074362706,0.6322114286469395,0.02849342141131095,217,0.6843575418994414,0.6415008474044316,0.7060918963028059,0.6917644843387106,0.7422164333689035,0.6931862406628586,0.0326247235496869,217
398,0.008612442016601562,0.0030001913152076388,0.040445709228515626,2.7002459285486182e-05,log_loss,1,4,3,best,"{'criterion': 'log_loss', 'max_depth': 1, 'min_samples_leaf': 4, 'min_samples_split': 3, 'splitter': 'best'}",0.6843575418994413,0.6414565826330533,0.7058823529411765,0.6918767507002801,0.742296918767507,0.6931740293882915,0.032645573761242976,217,0.6941176470588235,0.6473988439306358,0.743421052631579,0.7073170731707317,0.7559523809523809,0.7096413995488301,0.038487133110476836,289,0.675531914893617,0.6358695652173914,0.6780487804878049,0.6787564766839378,0.7301587301587301,0.6796730934882962,0.029960562538916553,217,0.659217877094972,0.6256983240223464,0.6312849162011173,0.651685393258427,0.7134831460674157,0.6562739313288556,0.031183118473034364,217,0.7094972067039106,0.6573033707865169,0.7808988764044944,0.7318435754189944,0.770949720670391,0.7300985499968615,0.044667862908323634,265,0.682062298603652,0.6400437636761488,0.6963927855711423,0.6887486855941115,0.7379679144385026,0.6890430895767115,0.0312966725834922,217,0.6843575418994413,0.6415008474044317,0.7060918963028058,0.6917644843387107,0.7422164333689034,0.6931862406628586,0.03262472354968683,217,0.6245394033044098,0.5888275559368839,0.638731228309356,0.6311973482477774,0.6777616074362706,0.6322114286469395,0.02849342141131095,217,0.6843575418994414,0.6415008474044316,0.7060918963028059,0.6917644843387106,0.7422164333689035,0.6931862406628586,0.0326247235496869,217
40,0.007441520690917969,0.004597540432697602,0.04137406349182129,0.002918583417700686,gini,1,8,4,best,"{'criterion': 'gini', 'max_depth': 1, 'min_samples_leaf': 8, 'min_samples_split': 4, 'splitter': 'best'}",0.6843575418994413,0.6414565826330533,0.7058823529411765,0.6918767507002801,0.742296918767507,0.6931740293882915,0.032645573761242976,217,0.6941176470588235,0.6473988439306358,0.743421052631579,0.7073170731707317,0.7559523809523809,0.7096413995488301,0.038487133110476836,289,0.675531914893617,0.6358695652173914,0.6780487804878049,0.6787564766839378,0.7301587301587301,0.6796730934882962,0.029960562538916553,217,0.659217877094972,0.6256983240223464,0.6312849162011173,0.651685393258427,0.7134831460674157,0.6562739313288556,0.031183118473034364,217,0.7094972067039106,0.6573033707865169,0.7808988764044944,0.7318435754189944,0.770949720670391,0.7300985499968615,0.044667862908323634,265,0.682062298603652,0.6400437636761488,0.6963927855711423,0.6887486855941115,0.7379679144385026,0.6890430895767115,0.0312966725834922,217,0.6843575418994413,0.6415008474044317,0.7060918963028058,0.6917644843387107,0.7422164333689034,0.6931862406628586,0.03262472354968683,217,0.6245394033044098,0.5888275559368839,0.638731228309356,0.6311973482477774,0.6777616074362706,0.6322114286469395,0.02849342141131095,217,0.6843575418994414,0.6415008474044316,0.7060918963028059,0.6917644843387106,0.7422164333689035,0.6931862406628586,0.0326247235496869,217
396,0.010627317428588866,0.004518009003049379,0.04048070907592773,0.004674380349393657,log_loss,1,4,2,best,"{'criterion': 'log_loss', 'max_depth': 1, 'min_samples_leaf': 4, 'min_samples_split': 2, 'splitter': 'best'}",0.6843575418994413,0.6414565826330533,0.7058823529411765,0.6918767507002801,0.742296918767507,0.6931740293882915,0.032645573761242976,217,0.6941176470588235,0.6473988439306358,0.743421052631579,0.7073170731707317,0.7559523809523809,0.7096413995488301,0.038487133110476836,289,0.675531914893617,0.6358695652173914,0.6780487804878049,0.6787564766839378,0.7301587301587301,0.6796730934882962,0.029960562538916553,217,0.659217877094972,0.6256983240223464,0.6312849162011173,0.651685393258427,0.7134831460674157,0.6562739313288556,0.031183118473034364,217,0.7094972067039106,0.6573033707865169,0.7808988764044944,0.7318435754189944,0.770949720670391,0.7300985499968615,0.044667862908323634,265,0.682062298603652,0.6400437636761488,0.6963927855711423,0.6887486855941115,0.7379679144385026,0.6890430895767115,0.0312966725834922,217,0.6843575418994413,0.6415008474044317,0.7060918963028058,0.6917644843387107,0.7422164333689034,0.6931862406628586,0.03262472354968683,217,0.6245394033044098,0.5888275559368839,0.638731228309356,0.6311973482477774,0.6777616074362706,0.6322114286469395,0.02849342141131095,217,0.6843575418994414,0.6415008474044316,0.7060918963028059,0.6917644843387106,0.7422164333689035,0.6931862406628586,0.0326247235496869,217
430,0.014286088943481445,0.008644042176886618,0.053734636306762694,0.007163643441773072,log_loss,1,9,4,best,"{'criterion': 'log_loss', 'max_depth': 1, 'min_samples_leaf': 9, 'min_samples_split': 4, 'splitter': 'best'}",0.6843575418994413,0.6414565826330533,0.7058823529411765,0.6918767507002801,0.742296918767507,0.6931740293882915,0.032645573761242976,217,0.6941176470588235,0.6473988439306358,0.743421052631579,0.7073170731707317,0.7559523809523809,0.7096413995488301,0.038487133110476836,289,0.675531914893617,0.6358695652173914,0.6780487804878049,0.6787564766839378,0.7301587301587301,0.6796730934882962,0.029960562538916553,217,0.659217877094972,0.6256983240223464,0.6312849162011173,0.651685393258427,0.7134831460674157,0.6562739313288556,0.031183118473034364,217,0.7094972067039106,0.6573033707865169,0.7808988764044944,0.7318435754189944,0.770949720670391,0.7300985499968615,0.044667862908323634,265,0.682062298603652,0.6400437636761488,0.6963927855711423,0.6887486855941115,0.7379679144385026,0.6890430895767115,0.0312966725834922,217,0.6843575418994413,0.6415008474044317,0.7060918963028058,0.6917644843387107,0.7422164333689034,0.6931862406628586,0.03262472354968683,217,0.6245394033044098,0.5888275559368839,0.638731228309356,0.6311973482477774,0.6777616074362706,0.6322114286469395,0.02849342141131095,217,0.6843575418994414,0.6415008474044316,0.7060918963028059,0.6917644843387106,0.7422164333689035,0.6931862406628586,0.0326247235496869,217
428,0.010101032257080079,0.0019419802632146827,0.053254318237304685,0.012946352357322418,log_loss,1,9,3,best,"{'criterion': 'log_loss', 'max_depth': 1, 'min_samples_leaf': 9, 'min_samples_split': 3, 'splitter': 'best'}",0.6843575418994413,0.6414565826330533,0.7058823529411765,0.6918767507002801,0.742296918767507,0.6931740293882915,0.032645573761242976,217,0.6941176470588235,0.6473988439306358,0.743421052631579,0.7073170731707317,0.7559523809523809,0.7096413995488301,0.038487133110476836,289,0.675531914893617,0.6358695652173914,0.6780487804878049,0.6787564766839378,0.7301587301587301,0.6796730934882962,0.029960562538916553,217,0.659217877094972,0.6256983240223464,0.6312849162011173,0.651685393258427,0.7134831460674157,0.6562739313288556,0.031183118473034364,217,0.7094972067039106,0.6573033707865169,0.7808988764044944,0.7318435754189944,0.770949720670391,0.7300985499968615,0.044667862908323634,265,0.682062298603652,0.6400437636761488,0.6963927855711423,0.6887486855941115,0.7379679144385026,0.6890430895767115,0.0312966725834922,217,0.6843575418994413,0.6415008474044317,0.7060918963028058,0.6917644843387107,0.7422164333689034,0.6931862406628586,0.03262472354968683,217,0.6245394033044098,0.5888275559368839,0.638731228309356,0.6311973482477774,0.6777616074362706,0.6322114286469395,0.02849342141131095,217,0.6843575418994414,0.6415008474044316,0.7060918963028059,0.6917644843387106,0.7422164333689035,0.6931862406628586,0.0326247235496869,217
38,0.006479787826538086,0.0010993824928385535,0.046732759475708006,0.012478426865241303,gini,1,8,3,best,"{'criterion': 'gini', 'max_depth': 1, 'min_samples_leaf': 8, 'min_samples_split': 3, 'splitter': 'best'}",0.6843575418994413,0.6414565826330533,0.7058823529411765,0.6918767507002801,0.742296918767507,0.6931740293882915,0.032645573761242976,217,0.6941176470588235,0.6473988439306358,0.743421052631579,0.7073170731707317,0.7559523809523809,0.7096413995488301,0.038487133110476836,289,0.675531914893617,0.6358695652173914,0.6780487804878049,0.6787564766839378,0.7301587301587301,0.6796730934882962,0.029960562538916553,217,0.659217877094972,0.6256983240223464,0.6312849162011173,0.651685393258427,0.7134831460674157,0.6562739313288556,0.031183118473034364,217,0.7094972067039106,0.6573033707865169,0.7808988764044944,0.7318435754189944,0.770949720670391,0.7300985499968615,0.044667862908323634,265,0.682062298603652,0.6400437636761488,0.6963927855711423,0.6887486855941115,0.7379679144385026,0.6890430895767115,0.0312966725834922,217,0.6843575418994413,0.6415008474044317,0.7060918963028058,0.6917644843387107,0.7422164333689034,0.6931862406628586,0.03262472354968683,217,0.6245394033044098,0.5888275559368839,0.638731228309356,0.6311973482477774,0.6777616074362706,0.6322114286469395,0.02849342141131095,217,0.6843575418994414,0.6415008474044316,0.7060918963028059,0.6917644843387106,0.7422164333689035,0.6931862406628586,0.0326247235496869,217
0,0.010021781921386719,0.0011313322853373463,0.04062561988830567,0.007035295005881986,gini,1,2,2,best,"{'criterion': 'gini', 'max_depth': 1, 'min_samples_leaf': 2, 'min_samples_split': 2, 'splitter': 'best'}",0.6843575418994413,0.6414565826330533,0.7058823529411765,0.6918767507002801,0.742296918767507,0.6931740293882915,0.032645573761242976,217,0.6941176470588235,0.6473988439306358,0.743421052631579,0.7073170731707317,0.7559523809523809,0.7096413995488301,0.038487133110476836,289,0.675531914893617,0.6358695652173914,0.6780487804878049,0.6787564766839378,0.7301587301587301,0.6796730934882962,0.029960562538916553,217,0.659217877094972,0.6256983240223464,0.6312849162011173,0.651685393258427,0.7134831460674157,0.6562739313288556,0.031183118473034364,217,0.7094972067039106,0.6573033707865169,0.7808988764044944,0.7318435754189944,0.770949720670391,0.7300985499968615,0.044667862908323634,265,0.682062298603652,0.6400437636761488,0.6963927855711423,0.6887486855941115,0.7379679144385026,0.6890430895767115,0.0312966725834922,217,0.6843575418994413,0.6415008474044317,0.7060918963028058,0.6917644843387107,0.7422164333689034,0.6931862406628586,0.03262472354968683,217,0.6245394033044098,0.5888275559368839,0.638731228309356,0.6311973482477774,0.6777616074362706,0.6322114286469395,0.02849342141131095,217,0.6843575418994414,0.6415008474044316,0.7060918963028059,0.6917644843387106,0.7422164333689035,0.6931862406628586,0.0326247235496869,217
238,0.011595821380615235,0.00361868124245421,0.05749478340148926,0.02245746081360535,entropy,1,9,4,best,"{'criterion': 'entropy', 'max_depth': 1, 'min_samples_leaf': 9, 'min_samples_split': 4, 'splitter': 'best'}",0.6843575418994413,0.6414565826330533,0.7058823529411765,0.6918767507002801,0.742296918767507,0.6931740293882915,0.032645573761242976,217,0.6941176470588235,0.6473988439306358,0.743421052631579,0.7073170731707317,0.7559523809523809,0.7096413995488301,0.038487133110476836,289,0.675531914893617,0.6358695652173914,0.6780487804878049,0.6787564766839378,0.7301587301587301,0.6796730934882962,0.029960562538916553,217,0.659217877094972,0.6256983240223464,0.6312849162011173,0.651685393258427,0.7134831460674157,0.6562739313288556,0.031183118473034364,217,0.7094972067039106,0.6573033707865169,0.7808988764044944,0.7318435754189944,0.770949720670391,0.7300985499968615,0.044667862908323634,265,0.682062298603652,0.6400437636761488,0.6963927855711423,0.6887486855941115,0.7379679144385026,0.6890430895767115,0.0312966725834922,217,0.6843575418994413,0.6415008474044317,0.7060918963028058,0.6917644843387107,0.7422164333689034,0.6931862406628586,0.03262472354968683,217,0.6245394033044098,0.5888275559368839,0.638731228309356,0.6311973482477774,0.6777616074362706,0.6322114286469395,0.02849342141131095,217,0.6843575418994414,0.6415008474044316,0.7060918963028059,0.6917644843387106,0.7422164333689035,0.6931862406628586,0.0326247235496869,217
194,0.011570501327514648,0.0055995107243106195,0.050354528427124026,0.006774490934026329,entropy,1,2,3,best,"{'criterion': 'entropy', 'max_depth': 1, 'min_samples_leaf': 2, 'min_samples_split': 3, 'splitter': 'best'}",0.6843575418994413,0.6414565826330533,0.7058823529411765,0.6918767507002801,0.742296918767507,0.6931740293882915,0.032645573761242976,217,0.6941176470588235,0.6473988439306358,0.743421052631579,0.7073170731707317,0.7559523809523809,0.7096413995488301,0.038487133110476836,289,0.675531914893617,0.6358695652173914,0.6780487804878049,0.6787564766839378,0.7301587301587301,0.6796730934882962,0.029960562538916553,217,0.659217877094972,0.6256983240223464,0.6312849162011173,0.651685393258427,0.7134831460674157,0.6562739313288556,0.031183118473034364,217,0.7094972067039106,0.6573033707865169,0.7808988764044944,0.7318435754189944,0.770949720670391,0.7300985499968615,0.044667862908323634,265,0.682062298603652,0.6400437636761488,0.6963927855711423,0.6887486855941115,0.7379679144385026,0.6890430895767115,0.0312966725834922,217,0.6843575418994413,0.6415008474044317,0.7060918963028058,0.6917644843387107,0.7422164333689034,0.6931862406628586,0.03262472354968683,217,0.6245394033044098,0.5888275559368839,0.638731228309356,0.6311973482477774,0.6777616074362706,0.6322114286469395,0.02849342141131095,217,0.6843575418994414,0.6415008474044316,0.7060918963028059,0.6917644843387106,0.7422164333689035,0.6931862406628586,0.0326247235496869,217
196,0.006783342361450196,0.0033612263444499743,0.042262935638427736,0.008355888535536168,entropy,1,2,4,best,"{'criterion': 'entropy', 'max_depth': 1, 'min_samples_leaf': 2, 'min_samples_split': 4, 'splitter': 'best'}",0.6843575418994413,0.6414565826330533,0.7058823529411765,0.6918767507002801,0.742296918767507,0.6931740293882915,0.032645573761242976,217,0.6941176470588235,0.6473988439306358,0.743421052631579,0.7073170731707317,0.7559523809523809,0.7096413995488301,0.038487133110476836,289,0.675531914893617,0.6358695652173914,0.6780487804878049,0.6787564766839378,0.7301587301587301,0.6796730934882962,0.029960562538916553,217,0.659217877094972,0.6256983240223464,0.6312849162011173,0.651685393258427,0.7134831460674157,0.6562739313288556,0.031183118473034364,217,0.7094972067039106,0.6573033707865169,0.7808988764044944,0.7318435754189944,0.770949720670391,0.7300985499968615,0.044667862908323634,265,0.682062298603652,0.6400437636761488,0.6963927855711423,0.6887486855941115,0.7379679144385026,0.6890430895767115,0.0312966725834922,217,0.6843575418994413,0.6415008474044317,0.7060918963028058,0.6917644843387107,0.7422164333689034,0.6931862406628586,0.03262472354968683,217,0.6245394033044098,0.5888275559368839,0.638731228309356,0.6311973482477774,0.6777616074362706,0.6322114286469395,0.02849342141131095,217,0.6843575418994414,0.6415008474044316,0.7060918963028059,0.6917644843387106,0.7422164333689035,0.6931862406628586,0.0326247235496869,217
198,0.007326793670654297,0.004479930281094065,0.0468414306640625,0.01075882559520958,entropy,1,3,2,best,"{'criterion': 'entropy', 'max_depth': 1, 'min_samples_leaf': 3, 'min_samples_split': 2, 'splitter': 'best'}",0.6843575418994413,0.6414565826330533,0.7058823529411765,0.6918767507002801,0.742296918767507,0.6931740293882915,0.032645573761242976,217,0.6941176470588235,0.6473988439306358,0.743421052631579,0.7073170731707317,0.7559523809523809,0.7096413995488301,0.038487133110476836,289,0.675531914893617,0.6358695652173914,0.6780487804878049,0.6787564766839378,0.7301587301587301,0.6796730934882962,0.029960562538916553,217,0.659217877094972,0.6256983240223464,0.6312849162011173,0.651685393258427,0.7134831460674157,0.6562739313288556,0.031183118473034364,217,0.7094972067039106,0.6573033707865169,0.7808988764044944,0.7318435754189944,0.770949720670391,0.7300985499968615,0.044667862908323634,265,0.682062298603652,0.6400437636761488,0.6963927855711423,0.6887486855941115,0.7379679144385026,0.6890430895767115,0.0312966725834922,217,0.6843575418994413,0.6415008474044317,0.7060918963028058,0.6917644843387107,0.7422164333689034,0.6931862406628586,0.03262472354968683,217,0.6245394033044098,0.5888275559368839,0.638731228309356,0.6311973482477774,0.6777616074362706,0.6322114286469395,0.02849342141131095,217,0.6843575418994414,0.6415008474044316,0.7060918963028059,0.6917644843387106,0.7422164333689035,0.6931862406628586,0.0326247235496869,217
200,0.011483192443847656,0.0037170994838716556,0.055376625061035155,0.011038338332673104,entropy,1,3,3,best,"{'criterion': 'entropy', 'max_depth': 1, 'min_samples_leaf': 3, 'min_samples_split': 3, 'splitter': 'best'}",0.6843575418994413,0.6414565826330533,0.7058823529411765,0.6918767507002801,0.742296918767507,0.6931740293882915,0.032645573761242976,217,0.6941176470588235,0.6473988439306358,0.743421052631579,0.7073170731707317,0.7559523809523809,0.7096413995488301,0.038487133110476836,289,0.675531914893617,0.6358695652173914,0.6780487804878049,0.6787564766839378,0.7301587301587301,0.6796730934882962,0.029960562538916553,217,0.659217877094972,0.6256983240223464,0.6312849162011173,0.651685393258427,0.7134831460674157,0.6562739313288556,0.031183118473034364,217,0.7094972067039106,0.6573033707865169,0.7808988764044944,0.7318435754189944,0.770949720670391,0.7300985499968615,0.044667862908323634,265,0.682062298603652,0.6400437636761488,0.6963927855711423,0.6887486855941115,0.7379679144385026,0.6890430895767115,0.0312966725834922,217,0.6843575418994413,0.6415008474044317,0.7060918963028058,0.6917644843387107,0.7422164333689034,0.6931862406628586,0.03262472354968683,217,0.6245394033044098,0.5888275559368839,0.638731228309356,0.6311973482477774,0.6777616074362706,0.6322114286469395,0.02849342141131095,217,0.6843575418994414,0.6415008474044316,0.7060918963028059,0.6917644843387106,0.7422164333689035,0.6931862406628586,0.0326247235496869,217
202,0.008269882202148438,0.0023471624389588357,0.049284839630126955,0.006689802380882498,entropy,1,3,4,best,"{'criterion': 'entropy', 'max_depth': 1, 'min_samples_leaf': 3, 'min_samples_split': 4, 'splitter': 'best'}",0.6843575418994413,0.6414565826330533,0.7058823529411765,0.6918767507002801,0.742296918767507,0.6931740293882915,0.032645573761242976,217,0.6941176470588235,0.6473988439306358,0.743421052631579,0.7073170731707317,0.7559523809523809,0.7096413995488301,0.038487133110476836,289,0.675531914893617,0.6358695652173914,0.6780487804878049,0.6787564766839378,0.7301587301587301,0.6796730934882962,0.029960562538916553,217,0.659217877094972,0.6256983240223464,0.6312849162011173,0.651685393258427,0.7134831460674157,0.6562739313288556,0.031183118473034364,217,0.7094972067039106,0.6573033707865169,0.7808988764044944,0.7318435754189944,0.770949720670391,0.7300985499968615,0.044667862908323634,265,0.682062298603652,0.6400437636761488,0.6963927855711423,0.6887486855941115,0.7379679144385026,0.6890430895767115,0.0312966725834922,217,0.6843575418994413,0.6415008474044317,0.7060918963028058,0.6917644843387107,0.7422164333689034,0.6931862406628586,0.03262472354968683,217,0.6245394033044098,0.5888275559368839,0.638731228309356,0.6311973482477774,0.6777616074362706,0.6322114286469395,0.02849342141131095,217,0.6843575418994414,0.6415008474044316,0.7060918963028059,0.6917644843387106,0.7422164333689035,0.6931862406628586,0.0326247235496869,217
204,0.008739662170410157,0.001797274868559208,0.04507431983947754,0.004069892510279237,entropy,1,4,2,best,"{'criterion': 'entropy', 'max_depth': 1, 'min_samples_leaf': 4, 'min_samples_split': 2, 'splitter': 'best'}",0.6843575418994413,0.6414565826330533,0.7058823529411765,0.6918767507002801,0.742296918767507,0.6931740293882915,0.032645573761242976,217,0.6941176470588235,0.6473988439306358,0.743421052631579,0.7073170731707317,0.7559523809523809,0.7096413995488301,0.038487133110476836,289,0.675531914893617,0.6358695652173914,0.6780487804878049,0.6787564766839378,0.7301587301587301,0.6796730934882962,0.029960562538916553,217,0.659217877094972,0.6256983240223464,0.6312849162011173,0.651685393258427,0.7134831460674157,0.6562739313288556,0.031183118473034364,217,0.7094972067039106,0.6573033707865169,0.7808988764044944,0.7318435754189944,0.770949720670391,0.7300985499968615,0.044667862908323634,265,0.682062298603652,0.6400437636761488,0.6963927855711423,0.6887486855941115,0.7379679144385026,0.6890430895767115,0.0312966725834922,217,0.6843575418994413,0.6415008474044317,0.7060918963028058,0.6917644843387107,0.7422164333689034,0.6931862406628586,0.03262472354968683,217,0.6245394033044098,0.5888275559368839,0.638731228309356,0.6311973482477774,0.6777616074362706,0.6322114286469395,0.02849342141131095,217,0.6843575418994414,0.6415008474044316,0.7060918963028059,0.6917644843387106,0.7422164333689035,0.6931862406628586,0.0326247235496869,217
206,0.007454776763916015,0.0038680821615470814,0.0453890323638916,0.005924033022858683,entropy,1,4,3,best,"{'criterion': 'entropy', 'max_depth': 1, 'min_samples_leaf': 4, 'min_samples_split': 3, 'splitter': 'best'}",0.6843575418994413,0.6414565826330533,0.7058823529411765,0.6918767507002801,0.742296918767507,0.6931740293882915,0.032645573761242976,217,0.6941176470588235,0.6473988439306358,0.743421052631579,0.7073170731707317,0.7559523809523809,0.7096413995488301,0.038487133110476836,289,0.675531914893617,0.6358695652173914,0.6780487804878049,0.6787564766839378,0.7301587301587301,0.6796730934882962,0.029960562538916553,217,0.659217877094972,0.6256983240223464,0.6312849162011173,0.651685393258427,0.7134831460674157,0.6562739313288556,0.031183118473034364,217,0.7094972067039106,0.6573033707865169,0.7808988764044944,0.7318435754189944,0.770949720670391,0.7300985499968615,0.044667862908323634,265,0.682062298603652,0.6400437636761488,0.6963927855711423,0.6887486855941115,0.7379679144385026,0.6890430895767115,0.0312966725834922,217,0.6843575418994413,0.6415008474044317,0.7060918963028058,0.6917644843387107,0.7422164333689034,0.6931862406628586,0.03262472354968683,217,0.6245394033044098,0.5888275559368839,0.638731228309356,0.6311973482477774,0.6777616074362706,0.6322114286469395,0.02849342141131095,217,0.6843575418994414,0.6415008474044316,0.7060918963028059,0.6917644843387106,0.7422164333689035,0.6931862406628586,0.0326247235496869,217
208,0.008126783370971679,0.0047068524884732775,0.049533653259277347,0.007778861177807744,entropy,1,4,4,best,"{'criterion': 'entropy', 'max_depth': 1, 'min_samples_leaf': 4, 'min_samples_split': 4, 'splitter': 'best'}",0.6843575418994413,0.6414565826330533,0.7058823529411765,0.6918767507002801,0.742296918767507,0.6931740293882915,0.032645573761242976,217,0.6941176470588235,0.6473988439306358,0.743421052631579,0.7073170731707317,0.7559523809523809,0.7096413995488301,0.038487133110476836,289,0.675531914893617,0.6358695652173914,0.6780487804878049,0.6787564766839378,0.7301587301587301,0.6796730934882962,0.029960562538916553,217,0.659217877094972,0.6256983240223464,0.6312849162011173,0.651685393258427,0.7134831460674157,0.6562739313288556,0.031183118473034364,217,0.7094972067039106,0.6573033707865169,0.7808988764044944,0.7318435754189944,0.770949720670391,0.7300985499968615,0.044667862908323634,265,0.682062298603652,0.6400437636761488,0.6963927855711423,0.6887486855941115,0.7379679144385026,0.6890430895767115,0.0312966725834922,217,0.6843575418994413,0.6415008474044317,0.7060918963028058,0.6917644843387107,0.7422164333689034,0.6931862406628586,0.03262472354968683,217,0.6245394033044098,0.5888275559368839,0.638731228309356,0.6311973482477774,0.6777616074362706,0.6322114286469395,0.02849342141131095,217,0.6843575418994414,0.6415008474044316,0.7060918963028059,0.6917644843387106,0.7422164333689035,0.6931862406628586,0.0326247235496869,217
210,0.006226205825805664,0.004289124446874052,0.043798065185546874,0.004587918086791282,entropy,1,5,2,best,"{'criterion': 'entropy', 'max_depth': 1, 'min_samples_leaf': 5, 'min_samples_split': 2, 'splitter': 'best'}",0.6843575418994413,0.6414565826330533,0.7058823529411765,0.6918767507002801,0.742296918767507,0.6931740293882915,0.032645573761242976,217,0.6941176470588235,0.6473988439306358,0.743421052631579,0.7073170731707317,0.7559523809523809,0.7096413995488301,0.038487133110476836,289,0.675531914893617,0.6358695652173914,0.6780487804878049,0.6787564766839378,0.7301587301587301,0.6796730934882962,0.029960562538916553,217,0.659217877094972,0.6256983240223464,0.6312849162011173,0.651685393258427,0.7134831460674157,0.6562739313288556,0.031183118473034364,217,0.7094972067039106,0.6573033707865169,0.7808988764044944,0.7318435754189944,0.770949720670391,0.7300985499968615,0.044667862908323634,265,0.682062298603652,0.6400437636761488,0.6963927855711423,0.6887486855941115,0.7379679144385026,0.6890430895767115,0.0312966725834922,217,0.6843575418994413,0.6415008474044317,0.7060918963028058,0.6917644843387107,0.7422164333689034,0.6931862406628586,0.03262472354968683,217,0.6245394033044098,0.5888275559368839,0.638731228309356,0.6311973482477774,0.6777616074362706,0.6322114286469395,0.02849342141131095,217,0.6843575418994414,0.6415008474044316,0.7060918963028059,0.6917644843387106,0.7422164333689035,0.6931862406628586,0.0326247235496869,217
212,0.009903907775878906,0.006356629277763704,0.04447674751281738,0.0032898202337083484,entropy,1,5,3,best,"{'criterion': 'entropy', 'max_depth': 1, 'min_samples_leaf': 5, 'min_samples_split': 3, 'splitter': 'best'}",0.6843575418994413,0.6414565826330533,0.7058823529411765,0.6918767507002801,0.742296918767507,0.6931740293882915,0.032645573761242976,217,0.6941176470588235,0.6473988439306358,0.743421052631579,0.7073170731707317,0.7559523809523809,0.7096413995488301,0.038487133110476836,289,0.675531914893617,0.6358695652173914,0.6780487804878049,0.6787564766839378,0.7301587301587301,0.6796730934882962,0.029960562538916553,217,0.659217877094972,0.6256983240223464,0.6312849162011173,0.651685393258427,0.7134831460674157,0.6562739313288556,0.031183118473034364,217,0.7094972067039106,0.6573033707865169,0.7808988764044944,0.7318435754189944,0.770949720670391,0.7300985499968615,0.044667862908323634,265,0.682062298603652,0.6400437636761488,0.6963927855711423,0.6887486855941115,0.7379679144385026,0.6890430895767115,0.0312966725834922,217,0.6843575418994413,0.6415008474044317,0.7060918963028058,0.6917644843387107,0.7422164333689034,0.6931862406628586,0.03262472354968683,217,0.6245394033044098,0.5888275559368839,0.638731228309356,0.6311973482477774,0.6777616074362706,0.6322114286469395,0.02849342141131095,217,0.6843575418994414,0.6415008474044316,0.7060918963028059,0.6917644843387106,0.7422164333689035,0.6931862406628586,0.0326247235496869,217
192,0.008574485778808594,0.00495796991813801,0.044828176498413086,0.006354982045350477,entropy,1,2,2,best,"{'criterion': 'entropy', 'max_depth': 1, 'min_samples_leaf': 2, 'min_samples_split': 2, 'splitter': 'best'}",0.6843575418994413,0.6414565826330533,0.7058823529411765,0.6918767507002801,0.742296918767507,0.6931740293882915,0.032645573761242976,217,0.6941176470588235,0.6473988439306358,0.743421052631579,0.7073170731707317,0.7559523809523809,0.7096413995488301,0.038487133110476836,289,0.675531914893617,0.6358695652173914,0.6780487804878049,0.6787564766839378,0.7301587301587301,0.6796730934882962,0.029960562538916553,217,0.659217877094972,0.6256983240223464,0.6312849162011173,0.651685393258427,0.7134831460674157,0.6562739313288556,0.031183118473034364,217,0.7094972067039106,0.6573033707865169,0.7808988764044944,0.7318435754189944,0.770949720670391,0.7300985499968615,0.044667862908323634,265,0.682062298603652,0.6400437636761488,0.6963927855711423,0.6887486855941115,0.7379679144385026,0.6890430895767115,0.0312966725834922,217,0.6843575418994413,0.6415008474044317,0.7060918963028058,0.6917644843387107,0.7422164333689034,0.6931862406628586,0.03262472354968683,217,0.6245394033044098,0.5888275559368839,0.638731228309356,0.6311973482477774,0.6777616074362706,0.6322114286469395,0.02849342141131095,217,0.6843575418994414,0.6415008474044316,0.7060918963028059,0.6917644843387106,0.7422164333689035,0.6931862406628586,0.0326247235496869,217
216,0.014371633529663086,0.006664048181706889,0.03987374305725098,0.003921769958294204,entropy,1,6,2,best,"{'criterion': 'entropy', 'max_depth': 1, 'min_samples_leaf': 6, 'min_samples_split': 2, 'splitter': 'best'}",0.6843575418994413,0.6414565826330533,0.7058823529411765,0.6918767507002801,0.742296918767507,0.6931740293882915,0.032645573761242976,217,0.6941176470588235,0.6473988439306358,0.743421052631579,0.7073170731707317,0.7559523809523809,0.7096413995488301,0.038487133110476836,289,0.675531914893617,0.6358695652173914,0.6780487804878049,0.6787564766839378,0.7301587301587301,0.6796730934882962,0.029960562538916553,217,0.659217877094972,0.6256983240223464,0.6312849162011173,0.651685393258427,0.7134831460674157,0.6562739313288556,0.031183118473034364,217,0.7094972067039106,0.6573033707865169,0.7808988764044944,0.7318435754189944,0.770949720670391,0.7300985499968615,0.044667862908323634,265,0.682062298603652,0.6400437636761488,0.6963927855711423,0.6887486855941115,0.7379679144385026,0.6890430895767115,0.0312966725834922,217,0.6843575418994413,0.6415008474044317,0.7060918963028058,0.6917644843387107,0.7422164333689034,0.6931862406628586,0.03262472354968683,217,0.6245394033044098,0.5888275559368839,0.638731228309356,0.6311973482477774,0.6777616074362706,0.6322114286469395,0.02849342141131095,217,0.6843575418994414,0.6415008474044316,0.7060918963028059,0.6917644843387106,0.7422164333689035,0.6931862406628586,0.0326247235496869,217
214,0.0071941852569580075,0.004091647544080137,0.04339785575866699,0.003359987313345138,entropy,1,5,4,best,"{'criterion': 'entropy', 'max_depth': 1, 'min_samples_leaf': 5, 'min_samples_split': 4, 'splitter': 'best'}",0.6843575418994413,0.6414565826330533,0.7058823529411765,0.6918767507002801,0.742296918767507,0.6931740293882915,0.032645573761242976,217,0.6941176470588235,0.6473988439306358,0.743421052631579,0.7073170731707317,0.7559523809523809,0.7096413995488301,0.038487133110476836,289,0.675531914893617,0.6358695652173914,0.6780487804878049,0.6787564766839378,0.7301587301587301,0.6796730934882962,0.029960562538916553,217,0.659217877094972,0.6256983240223464,0.6312849162011173,0.651685393258427,0.7134831460674157,0.6562739313288556,0.031183118473034364,217,0.7094972067039106,0.6573033707865169,0.7808988764044944,0.7318435754189944,0.770949720670391,0.7300985499968615,0.044667862908323634,265,0.682062298603652,0.6400437636761488,0.6963927855711423,0.6887486855941115,0.7379679144385026,0.6890430895767115,0.0312966725834922,217,0.6843575418994413,0.6415008474044317,0.7060918963028058,0.6917644843387107,0.7422164333689034,0.6931862406628586,0.03262472354968683,217,0.6245394033044098,0.5888275559368839,0.638731228309356,0.6311973482477774,0.6777616074362706,0.6322114286469395,0.02849342141131095,217,0.6843575418994414,0.6415008474044316,0.7060918963028059,0.6917644843387106,0.7422164333689035,0.6931862406628586,0.0326247235496869,217
220,0.011831521987915039,0.005519105549638873,0.05363750457763672,0.011770651809172746,entropy,1,6,4,best,"{'criterion': 'entropy', 'max_depth': 1, 'min_samples_leaf': 6, 'min_samples_split': 4, 'splitter': 'best'}",0.6843575418994413,0.6414565826330533,0.7058823529411765,0.6918767507002801,0.742296918767507,0.6931740293882915,0.032645573761242976,217,0.6941176470588235,0.6473988439306358,0.743421052631579,0.7073170731707317,0.7559523809523809,0.7096413995488301,0.038487133110476836,289,0.675531914893617,0.6358695652173914,0.6780487804878049,0.6787564766839378,0.7301587301587301,0.6796730934882962,0.029960562538916553,217,0.659217877094972,0.6256983240223464,0.6312849162011173,0.651685393258427,0.7134831460674157,0.6562739313288556,0.031183118473034364,217,0.7094972067039106,0.6573033707865169,0.7808988764044944,0.7318435754189944,0.770949720670391,0.7300985499968615,0.044667862908323634,265,0.682062298603652,0.6400437636761488,0.6963927855711423,0.6887486855941115,0.7379679144385026,0.6890430895767115,0.0312966725834922,217,0.6843575418994413,0.6415008474044317,0.7060918963028058,0.6917644843387107,0.7422164333689034,0.6931862406628586,0.03262472354968683,217,0.6245394033044098,0.5888275559368839,0.638731228309356,0.6311973482477774,0.6777616074362706,0.6322114286469395,0.02849342141131095,217,0.6843575418994414,0.6415008474044316,0.7060918963028059,0.6917644843387106,0.7422164333689035,0.6931862406628586,0.0326247235496869,217
236,0.00892796516418457,0.007396511986487828,0.04072275161743164,0.0035143321842196224,entropy,1,9,3,best,"{'criterion': 'entropy', 'max_depth': 1, 'min_samples_leaf': 9, 'min_samples_split': 3, 'splitter': 'best'}",0.6843575418994413,0.6414565826330533,0.7058823529411765,0.6918767507002801,0.742296918767507,0.6931740293882915,0.032645573761242976,217,0.6941176470588235,0.6473988439306358,0.743421052631579,0.7073170731707317,0.7559523809523809,0.7096413995488301,0.038487133110476836,289,0.675531914893617,0.6358695652173914,0.6780487804878049,0.6787564766839378,0.7301587301587301,0.6796730934882962,0.029960562538916553,217,0.659217877094972,0.6256983240223464,0.6312849162011173,0.651685393258427,0.7134831460674157,0.6562739313288556,0.031183118473034364,217,0.7094972067039106,0.6573033707865169,0.7808988764044944,0.7318435754189944,0.770949720670391,0.7300985499968615,0.044667862908323634,265,0.682062298603652,0.6400437636761488,0.6963927855711423,0.6887486855941115,0.7379679144385026,0.6890430895767115,0.0312966725834922,217,0.6843575418994413,0.6415008474044317,0.7060918963028058,0.6917644843387107,0.7422164333689034,0.6931862406628586,0.03262472354968683,217,0.6245394033044098,0.5888275559368839,0.638731228309356,0.6311973482477774,0.6777616074362706,0.6322114286469395,0.02849342141131095,217,0.6843575418994414,0.6415008474044316,0.7060918963028059,0.6917644843387106,0.7422164333689035,0.6931862406628586,0.0326247235496869,217
222,0.015171337127685546,0.009575039824421372,0.04535822868347168,0.007707857201217054,entropy,1,7,2,best,"{'criterion': 'entropy', 'max_depth': 1, 'min_samples_leaf': 7, 'min_samples_split': 2, 'splitter': 'best'}",0.6843575418994413,0.6414565826330533,0.7058823529411765,0.6918767507002801,0.742296918767507,0.6931740293882915,0.032645573761242976,217,0.6941176470588235,0.6473988439306358,0.743421052631579,0.7073170731707317,0.7559523809523809,0.7096413995488301,0.038487133110476836,289,0.675531914893617,0.6358695652173914,0.6780487804878049,0.6787564766839378,0.7301587301587301,0.6796730934882962,0.029960562538916553,217,0.659217877094972,0.6256983240223464,0.6312849162011173,0.651685393258427,0.7134831460674157,0.6562739313288556,0.031183118473034364,217,0.7094972067039106,0.6573033707865169,0.7808988764044944,0.7318435754189944,0.770949720670391,0.7300985499968615,0.044667862908323634,265,0.682062298603652,0.6400437636761488,0.6963927855711423,0.6887486855941115,0.7379679144385026,0.6890430895767115,0.0312966725834922,217,0.6843575418994413,0.6415008474044317,0.7060918963028058,0.6917644843387107,0.7422164333689034,0.6931862406628586,0.03262472354968683,217,0.6245394033044098,0.5888275559368839,0.638731228309356,0.6311973482477774,0.6777616074362706,0.6322114286469395,0.02849342141131095,217,0.6843575418994414,0.6415008474044316,0.7060918963028059,0.6917644843387106,0.7422164333689035,0.6931862406628586,0.0326247235496869,217
224,0.010365962982177734,0.0035065724360778113,0.04434027671813965,0.005986021838183813,entropy,1,7,3,best,"{'criterion': 'entropy', 'max_depth': 1, 'min_samples_leaf': 7, 'min_samples_split': 3, 'splitter': 'best'}",0.6843575418994413,0.6414565826330533,0.7058823529411765,0.6918767507002801,0.742296918767507,0.6931740293882915,0.032645573761242976,217,0.6941176470588235,0.6473988439306358,0.743421052631579,0.7073170731707317,0.7559523809523809,0.7096413995488301,0.038487133110476836,289,0.675531914893617,0.6358695652173914,0.6780487804878049,0.6787564766839378,0.7301587301587301,0.6796730934882962,0.029960562538916553,217,0.659217877094972,0.6256983240223464,0.6312849162011173,0.651685393258427,0.7134831460674157,0.6562739313288556,0.031183118473034364,217,0.7094972067039106,0.6573033707865169,0.7808988764044944,0.7318435754189944,0.770949720670391,0.7300985499968615,0.044667862908323634,265,0.682062298603652,0.6400437636761488,0.6963927855711423,0.6887486855941115,0.7379679144385026,0.6890430895767115,0.0312966725834922,217,0.6843575418994413,0.6415008474044317,0.7060918963028058,0.6917644843387107,0.7422164333689034,0.6931862406628586,0.03262472354968683,217,0.6245394033044098,0.5888275559368839,0.638731228309356,0.6311973482477774,0.6777616074362706,0.6322114286469395,0.02849342141131095,217,0.6843575418994414,0.6415008474044316,0.7060918963028059,0.6917644843387106,0.7422164333689035,0.6931862406628586,0.0326247235496869,217
226,0.011484575271606446,0.006598619806277017,0.05219674110412598,0.007986836147983505,entropy,1,7,4,best,"{'criterion': 'entropy', 'max_depth': 1, 'min_samples_leaf': 7, 'min_samples_split': 4, 'splitter': 'best'}",0.6843575418994413,0.6414565826330533,0.7058823529411765,0.6918767507002801,0.742296918767507,0.6931740293882915,0.032645573761242976,217,0.6941176470588235,0.6473988439306358,0.743421052631579,0.7073170731707317,0.7559523809523809,0.7096413995488301,0.038487133110476836,289,0.675531914893617,0.6358695652173914,0.6780487804878049,0.6787564766839378,0.7301587301587301,0.6796730934882962,0.029960562538916553,217,0.659217877094972,0.6256983240223464,0.6312849162011173,0.651685393258427,0.7134831460674157,0.6562739313288556,0.031183118473034364,217,0.7094972067039106,0.6573033707865169,0.7808988764044944,0.7318435754189944,0.770949720670391,0.7300985499968615,0.044667862908323634,265,0.682062298603652,0.6400437636761488,0.6963927855711423,0.6887486855941115,0.7379679144385026,0.6890430895767115,0.0312966725834922,217,0.6843575418994413,0.6415008474044317,0.7060918963028058,0.6917644843387107,0.7422164333689034,0.6931862406628586,0.03262472354968683,217,0.6245394033044098,0.5888275559368839,0.638731228309356,0.6311973482477774,0.6777616074362706,0.6322114286469395,0.02849342141131095,217,0.6843575418994414,0.6415008474044316,0.7060918963028059,0.6917644843387106,0.7422164333689035,0.6931862406628586,0.0326247235496869,217
228,0.016494274139404297,0.0073736542425306695,0.06268267631530762,0.014570362619319046,entropy,1,8,2,best,"{'criterion': 'entropy', 'max_depth': 1, 'min_samples_leaf': 8, 'min_samples_split': 2, 'splitter': 'best'}",0.6843575418994413,0.6414565826330533,0.7058823529411765,0.6918767507002801,0.742296918767507,0.6931740293882915,0.032645573761242976,217,0.6941176470588235,0.6473988439306358,0.743421052631579,0.7073170731707317,0.7559523809523809,0.7096413995488301,0.038487133110476836,289,0.675531914893617,0.6358695652173914,0.6780487804878049,0.6787564766839378,0.7301587301587301,0.6796730934882962,0.029960562538916553,217,0.659217877094972,0.6256983240223464,0.6312849162011173,0.651685393258427,0.7134831460674157,0.6562739313288556,0.031183118473034364,217,0.7094972067039106,0.6573033707865169,0.7808988764044944,0.7318435754189944,0.770949720670391,0.7300985499968615,0.044667862908323634,265,0.682062298603652,0.6400437636761488,0.6963927855711423,0.6887486855941115,0.7379679144385026,0.6890430895767115,0.0312966725834922,217,0.6843575418994413,0.6415008474044317,0.7060918963028058,0.6917644843387107,0.7422164333689034,0.6931862406628586,0.03262472354968683,217,0.6245394033044098,0.5888275559368839,0.638731228309356,0.6311973482477774,0.6777616074362706,0.6322114286469395,0.02849342141131095,217,0.6843575418994414,0.6415008474044316,0.7060918963028059,0.6917644843387106,0.7422164333689035,0.6931862406628586,0.0326247235496869,217
218,0.008180332183837891,0.0016676996013982551,0.04737710952758789,0.009138914582995651,entropy,1,6,3,best,"{'criterion': 'entropy', 'max_depth': 1, 'min_samples_leaf': 6, 'min_samples_split': 3, 'splitter': 'best'}",0.6843575418994413,0.6414565826330533,0.7058823529411765,0.6918767507002801,0.742296918767507,0.6931740293882915,0.032645573761242976,217,0.6941176470588235,0.6473988439306358,0.743421052631579,0.7073170731707317,0.7559523809523809,0.7096413995488301,0.038487133110476836,289,0.675531914893617,0.6358695652173914,0.6780487804878049,0.6787564766839378,0.7301587301587301,0.6796730934882962,0.029960562538916553,217,0.659217877094972,0.6256983240223464,0.6312849162011173,0.651685393258427,0.7134831460674157,0.6562739313288556,0.031183118473034364,217,0.7094972067039106,0.6573033707865169,0.7808988764044944,0.7318435754189944,0.770949720670391,0.7300985499968615,0.044667862908323634,265,0.682062298603652,0.6400437636761488,0.6963927855711423,0.6887486855941115,0.7379679144385026,0.6890430895767115,0.0312966725834922,217,0.6843575418994413,0.6415008474044317,0.7060918963028058,0.6917644843387107,0.7422164333689034,0.6931862406628586,0.03262472354968683,217,0.6245394033044098,0.5888275559368839,0.638731228309356,0.6311973482477774,0.6777616074362706,0.6322114286469395,0.02849342141131095,217,0.6843575418994414,0.6415008474044316,0.7060918963028059,0.6917644843387106,0.7422164333689035,0.6931862406628586,0.0326247235496869,217
230,0.00894160270690918,0.006891114906412914,0.06826868057250976,0.016907630219041014,entropy,1,8,3,best,"{'criterion': 'entropy', 'max_depth': 1, 'min_samples_leaf': 8, 'min_samples_split': 3, 'splitter': 'best'}",0.6843575418994413,0.6414565826330533,0.7058823529411765,0.6918767507002801,0.742296918767507,0.6931740293882915,0.032645573761242976,217,0.6941176470588235,0.6473988439306358,0.743421052631579,0.7073170731707317,0.7559523809523809,0.7096413995488301,0.038487133110476836,289,0.675531914893617,0.6358695652173914,0.6780487804878049,0.6787564766839378,0.7301587301587301,0.6796730934882962,0.029960562538916553,217,0.659217877094972,0.6256983240223464,0.6312849162011173,0.651685393258427,0.7134831460674157,0.6562739313288556,0.031183118473034364,217,0.7094972067039106,0.6573033707865169,0.7808988764044944,0.7318435754189944,0.770949720670391,0.7300985499968615,0.044667862908323634,265,0.682062298603652,0.6400437636761488,0.6963927855711423,0.6887486855941115,0.7379679144385026,0.6890430895767115,0.0312966725834922,217,0.6843575418994413,0.6415008474044317,0.7060918963028058,0.6917644843387107,0.7422164333689034,0.6931862406628586,0.03262472354968683,217,0.6245394033044098,0.5888275559368839,0.638731228309356,0.6311973482477774,0.6777616074362706,0.6322114286469395,0.02849342141131095,217,0.6843575418994414,0.6415008474044316,0.7060918963028059,0.6917644843387106,0.7422164333689035,0.6931862406628586,0.0326247235496869,217
232,0.007938051223754882,0.004566330083054472,0.04388871192932129,0.00765086585109322,entropy,1,8,4,best,"{'criterion': 'entropy', 'max_depth': 1, 'min_samples_leaf': 8, 'min_samples_split': 4, 'splitter': 'best'}",0.6843575418994413,0.6414565826330533,0.7058823529411765,0.6918767507002801,0.742296918767507,0.6931740293882915,0.032645573761242976,217,0.6941176470588235,0.6473988439306358,0.743421052631579,0.7073170731707317,0.7559523809523809,0.7096413995488301,0.038487133110476836,289,0.675531914893617,0.6358695652173914,0.6780487804878049,0.6787564766839378,0.7301587301587301,0.6796730934882962,0.029960562538916553,217,0.659217877094972,0.6256983240223464,0.6312849162011173,0.651685393258427,0.7134831460674157,0.6562739313288556,0.031183118473034364,217,0.7094972067039106,0.6573033707865169,0.7808988764044944,0.7318435754189944,0.770949720670391,0.7300985499968615,0.044667862908323634,265,0.682062298603652,0.6400437636761488,0.6963927855711423,0.6887486855941115,0.7379679144385026,0.6890430895767115,0.0312966725834922,217,0.6843575418994413,0.6415008474044317,0.7060918963028058,0.6917644843387107,0.7422164333689034,0.6931862406628586,0.03262472354968683,217,0.6245394033044098,0.5888275559368839,0.638731228309356,0.6311973482477774,0.6777616074362706,0.6322114286469395,0.02849342141131095,217,0.6843575418994414,0.6415008474044316,0.7060918963028059,0.6917644843387106,0.7422164333689035,0.6931862406628586,0.0326247235496869,217
234,0.005454492568969726,0.004488119696221473,0.060245323181152347,0.0131718854984019,entropy,1,9,2,best,"{'criterion': 'entropy', 'max_depth': 1, 'min_samples_leaf': 9, 'min_samples_split': 2, 'splitter': 'best'}",0.6843575418994413,0.6414565826330533,0.7058823529411765,0.6918767507002801,0.742296918767507,0.6931740293882915,0.032645573761242976,217,0.6941176470588235,0.6473988439306358,0.743421052631579,0.7073170731707317,0.7559523809523809,0.7096413995488301,0.038487133110476836,289,0.675531914893617,0.6358695652173914,0.6780487804878049,0.6787564766839378,0.7301587301587301,0.6796730934882962,0.029960562538916553,217,0.659217877094972,0.6256983240223464,0.6312849162011173,0.651685393258427,0.7134831460674157,0.6562739313288556,0.031183118473034364,217,0.7094972067039106,0.6573033707865169,0.7808988764044944,0.7318435754189944,0.770949720670391,0.7300985499968615,0.044667862908323634,265,0.682062298603652,0.6400437636761488,0.6963927855711423,0.6887486855941115,0.7379679144385026,0.6890430895767115,0.0312966725834922,217,0.6843575418994413,0.6415008474044317,0.7060918963028058,0.6917644843387107,0.7422164333689034,0.6931862406628586,0.03262472354968683,217,0.6245394033044098,0.5888275559368839,0.638731228309356,0.6311973482477774,0.6777616074362706,0.6322114286469395,0.02849342141131095,217,0.6843575418994414,0.6415008474044316,0.7060918963028059,0.6917644843387106,0.7422164333689035,0.6931862406628586,0.0326247235496869,217
157,0.00785379409790039,0.0030545828059689085,0.04458661079406738,0.00853829092692338,gini,4,4,2,random,"{'criterion': 'gini', 'max_depth': 4, 'min_samples_leaf': 4, 'min_samples_split': 2, 'splitter': 'random'}",0.6312849162011173,0.6694677871148459,0.6582633053221288,0.6890756302521008,0.6750700280112045,0.6646323333802796,0.019403178064008788,289,0.6556291390728477,0.6918238993710691,0.6887417218543046,0.7637795275590551,0.8163265306122449,0.7232601636939042,0.05840699364343048,202,0.6135265700483091,0.6515151515151515,0.6359223300970874,0.6478260869565218,0.6216216216216216,0.6340823520477382,0.014655976542669879,289,0.553072625698324,0.6145251396648045,0.5810055865921788,0.5449438202247191,0.449438202247191,0.5485970748854434,0.05524976055003529,316,0.7094972067039106,0.7247191011235955,0.7359550561797753,0.8324022346368715,0.8994413407821229,0.7804029878852552,0.07345474090329604,211,0.6305858987090367,0.6649484536082474,0.653692614770459,0.6778889899909009,0.6625514403292181,0.6579334794815723,0.01571389787216754,289,0.6312849162011174,0.6696221203942,0.6584803213859771,0.6886730274307953,0.674439771514657,0.6645000313853494,0.019229398080253268,292,0.5805467843359511,0.609420376935248,0.5996629152370013,0.6232854958840471,0.6095323528777358,0.6044895850539966,0.01413918616878566,289,0.6312849162011174,0.6696221203942001,0.658480321385977,0.6886730274307953,0.674439771514657,0.6645000313853494,0.01922939808025328,292
159,0.006255722045898438,0.003377569816857652,0.04217162132263184,0.002472194028439092,gini,4,4,3,random,"{'criterion': 'gini', 'max_depth': 4, 'min_samples_leaf': 4, 'min_samples_split': 3, 'splitter': 'random'}",0.6312849162011173,0.6694677871148459,0.6582633053221288,0.6890756302521008,0.6750700280112045,0.6646323333802796,0.019403178064008788,289,0.6556291390728477,0.6918238993710691,0.6887417218543046,0.7637795275590551,0.8163265306122449,0.7232601636939042,0.05840699364343048,202,0.6135265700483091,0.6515151515151515,0.6359223300970874,0.6478260869565218,0.6216216216216216,0.6340823520477382,0.014655976542669879,289,0.553072625698324,0.6145251396648045,0.5810055865921788,0.5449438202247191,0.449438202247191,0.5485970748854434,0.05524976055003529,316,0.7094972067039106,0.7247191011235955,0.7359550561797753,0.8324022346368715,0.8994413407821229,0.7804029878852552,0.07345474090329604,211,0.6305858987090367,0.6649484536082474,0.653692614770459,0.6778889899909009,0.6625514403292181,0.6579334794815723,0.01571389787216754,289,0.6312849162011174,0.6696221203942,0.6584803213859771,0.6886730274307953,0.674439771514657,0.6645000313853494,0.019229398080253268,292,0.5805467843359511,0.609420376935248,0.5996629152370013,0.6232854958840471,0.6095323528777358,0.6044895850539966,0.01413918616878566,289,0.6312849162011174,0.6696221203942001,0.658480321385977,0.6886730274307953,0.674439771514657,0.6645000313853494,0.01922939808025328,292
161,0.007987070083618163,0.0038442349243735002,0.044389533996582034,0.009953922461635853,gini,4,4,4,random,"{'criterion': 'gini', 'max_depth': 4, 'min_samples_leaf': 4, 'min_samples_split': 4, 'splitter': 'random'}",0.6312849162011173,0.6694677871148459,0.6582633053221288,0.6890756302521008,0.6750700280112045,0.6646323333802796,0.019403178064008788,289,0.6556291390728477,0.6918238993710691,0.6887417218543046,0.7637795275590551,0.8163265306122449,0.7232601636939042,0.05840699364343048,202,0.6135265700483091,0.6515151515151515,0.6359223300970874,0.6478260869565218,0.6216216216216216,0.6340823520477382,0.014655976542669879,289,0.553072625698324,0.6145251396648045,0.5810055865921788,0.5449438202247191,0.449438202247191,0.5485970748854434,0.05524976055003529,316,0.7094972067039106,0.7247191011235955,0.7359550561797753,0.8324022346368715,0.8994413407821229,0.7804029878852552,0.07345474090329604,211,0.6305858987090367,0.6649484536082474,0.653692614770459,0.6778889899909009,0.6625514403292181,0.6579334794815723,0.01571389787216754,289,0.6312849162011174,0.6696221203942,0.6584803213859771,0.6886730274307953,0.674439771514657,0.6645000313853494,0.019229398080253268,292,0.5805467843359511,0.609420376935248,0.5996629152370013,0.6232854958840471,0.6095323528777358,0.6044895850539966,0.01413918616878566,289,0.6312849162011174,0.6696221203942001,0.658480321385977,0.6886730274307953,0.674439771514657,0.6645000313853494,0.01922939808025328,292
145,0.011971187591552735,0.013517103579416538,0.04171900749206543,0.004453852684010582,gini,4,2,2,random,"{'criterion': 'gini', 'max_depth': 4, 'min_samples_leaf': 2, 'min_samples_split': 2, 'splitter': 'random'}",0.6340782122905028,0.6666666666666666,0.6610644257703081,0.6890756302521008,0.6722689075630253,0.6646307685085209,0.017923251977085997,292,0.66,0.689873417721519,0.7013888888888888,0.7596899224806202,0.8080808080808081,0.7238066074343672,0.0531320088354677,196,0.6153846153846154,0.6482412060301508,0.6338028169014085,0.6491228070175439,0.6201550387596899,0.6333412968186817,0.013911119071997328,295,0.553072625698324,0.6089385474860335,0.5642458100558659,0.550561797752809,0.449438202247191,0.5452513966480448,0.05231898532581486,322,0.7150837988826816,0.7247191011235955,0.7584269662921348,0.8268156424581006,0.8938547486033519,0.7837800514719729,0.06755538608296371,205,0.6330365974282888,0.662217659137577,0.6553398058252428,0.6782768102658112,0.6606110652353427,0.6578963875784525,0.014601025773245836,292,0.6340782122905029,0.6668288243048145,0.6613363881740004,0.6886887201054548,0.6716464754252714,0.6645157240600088,0.017759966694697007,289,0.5825096691018479,0.6070476861062306,0.6011413269216533,0.6235396246119737,0.6075498147810507,0.6043576243045512,0.013214033174800428,292,0.6340782122905029,0.6668288243048146,0.6613363881740004,0.6886887201054548,0.6716464754252714,0.6645157240600088,0.017759966694697014,289
149,0.006353330612182617,0.005677995939562507,0.05186471939086914,0.01876446705941696,gini,4,2,4,random,"{'criterion': 'gini', 'max_depth': 4, 'min_samples_leaf': 2, 'min_samples_split': 4, 'splitter': 'random'}",0.6340782122905028,0.6666666666666666,0.6610644257703081,0.6890756302521008,0.6722689075630253,0.6646307685085209,0.017923251977085997,292,0.66,0.689873417721519,0.7013888888888888,0.7596899224806202,0.8080808080808081,0.7238066074343672,0.0531320088354677,196,0.6153846153846154,0.6482412060301508,0.6338028169014085,0.6491228070175439,0.6201550387596899,0.6333412968186817,0.013911119071997328,295,0.553072625698324,0.6089385474860335,0.5642458100558659,0.550561797752809,0.449438202247191,0.5452513966480448,0.05231898532581486,322,0.7150837988826816,0.7247191011235955,0.7584269662921348,0.8268156424581006,0.8938547486033519,0.7837800514719729,0.06755538608296371,205,0.6330365974282888,0.662217659137577,0.6553398058252428,0.6782768102658112,0.6606110652353427,0.6578963875784525,0.014601025773245836,292,0.6340782122905029,0.6668288243048145,0.6613363881740004,0.6886887201054548,0.6716464754252714,0.6645157240600088,0.017759966694697007,289,0.5825096691018479,0.6070476861062306,0.6011413269216533,0.6235396246119737,0.6075498147810507,0.6043576243045512,0.013214033174800428,292,0.6340782122905029,0.6668288243048146,0.6613363881740004,0.6886887201054548,0.6716464754252714,0.6645157240600088,0.017759966694697014,289
147,0.007592296600341797,0.0035579929955995545,0.042321395874023435,0.00547625194016547,gini,4,2,3,random,"{'criterion': 'gini', 'max_depth': 4, 'min_samples_leaf': 2, 'min_samples_split': 3, 'splitter': 'random'}",0.6340782122905028,0.6666666666666666,0.6610644257703081,0.6890756302521008,0.6722689075630253,0.6646307685085209,0.017923251977085997,292,0.66,0.689873417721519,0.7013888888888888,0.7596899224806202,0.8080808080808081,0.7238066074343672,0.0531320088354677,196,0.6153846153846154,0.6482412060301508,0.6338028169014085,0.6491228070175439,0.6201550387596899,0.6333412968186817,0.013911119071997328,295,0.553072625698324,0.6089385474860335,0.5642458100558659,0.550561797752809,0.449438202247191,0.5452513966480448,0.05231898532581486,322,0.7150837988826816,0.7247191011235955,0.7584269662921348,0.8268156424581006,0.8938547486033519,0.7837800514719729,0.06755538608296371,205,0.6330365974282888,0.662217659137577,0.6553398058252428,0.6782768102658112,0.6606110652353427,0.6578963875784525,0.014601025773245836,292,0.6340782122905029,0.6668288243048145,0.6613363881740004,0.6886887201054548,0.6716464754252714,0.6645157240600088,0.017759966694697007,289,0.5825096691018479,0.6070476861062306,0.6011413269216533,0.6235396246119737,0.6075498147810507,0.6043576243045512,0.013214033174800428,292,0.6340782122905029,0.6668288243048146,0.6613363881740004,0.6886887201054548,0.6716464754252714,0.6645157240600088,0.017759966694697014,289
171,0.009247970581054688,0.0035772901198326784,0.04258294105529785,0.004099015117677988,gini,4,6,3,random,"{'criterion': 'gini', 'max_depth': 4, 'min_samples_leaf': 6, 'min_samples_split': 3, 'splitter': 'random'}",0.6229050279329609,0.6778711484593838,0.6582633053221288,0.6890756302521008,0.6722689075630253,0.6640768039059199,0.022852779810019676,295,0.6617647058823529,0.7,0.6887417218543046,0.7637795275590551,0.8080808080808081,0.7244733526753041,0.053559781176320126,193,0.5990990990990991,0.6598984771573604,0.6359223300970874,0.6478260869565218,0.6201550387596899,0.6325802064139516,0.021285036616868022,301,0.5027932960893855,0.6256983240223464,0.5810055865921788,0.5449438202247191,0.449438202247191,0.5407758458351642,0.06104567236870309,325,0.7430167597765364,0.7303370786516854,0.7359550561797753,0.8324022346368715,0.8938547486033519,0.7871131755696441,0.06516139122432753,196,0.6232427366447985,0.6728778467908902,0.653692614770459,0.6778889899909009,0.6606110652353427,0.6576626506864782,0.019234301704592286,295,0.6229050279329609,0.6780177013370159,0.6584803213859771,0.6886730274307953,0.6716464754252714,0.6639445107024041,0.0227287087432873,295,0.5736322915093865,0.6164021075264076,0.5996629152370013,0.6232854958840471,0.6075498147810507,0.6041065249875787,0.017200552856913402,295,0.6229050279329609,0.6780177013370159,0.658480321385977,0.6886730274307953,0.6716464754252714,0.6639445107024041,0.022728708743287307,295
169,0.004964494705200195,0.002760438712173756,0.045191287994384766,0.005380053277530136,gini,4,6,2,random,"{'criterion': 'gini', 'max_depth': 4, 'min_samples_leaf': 6, 'min_samples_split': 2, 'splitter': 'random'}",0.6229050279329609,0.6778711484593838,0.6582633053221288,0.6890756302521008,0.6722689075630253,0.6640768039059199,0.022852779810019676,295,0.6617647058823529,0.7,0.6887417218543046,0.7637795275590551,0.8080808080808081,0.7244733526753041,0.053559781176320126,193,0.5990990990990991,0.6598984771573604,0.6359223300970874,0.6478260869565218,0.6201550387596899,0.6325802064139516,0.021285036616868022,301,0.5027932960893855,0.6256983240223464,0.5810055865921788,0.5449438202247191,0.449438202247191,0.5407758458351642,0.06104567236870309,325,0.7430167597765364,0.7303370786516854,0.7359550561797753,0.8324022346368715,0.8938547486033519,0.7871131755696441,0.06516139122432753,196,0.6232427366447985,0.6728778467908902,0.653692614770459,0.6778889899909009,0.6606110652353427,0.6576626506864782,0.019234301704592286,295,0.6229050279329609,0.6780177013370159,0.6584803213859771,0.6886730274307953,0.6716464754252714,0.6639445107024041,0.0227287087432873,295,0.5736322915093865,0.6164021075264076,0.5996629152370013,0.6232854958840471,0.6075498147810507,0.6041065249875787,0.017200552856913402,295,0.6229050279329609,0.6780177013370159,0.658480321385977,0.6886730274307953,0.6716464754252714,0.6639445107024041,0.022728708743287307,295
173,0.004337024688720703,0.0031282108923511077,0.049571990966796875,0.007035371839998585,gini,4,6,4,random,"{'criterion': 'gini', 'max_depth': 4, 'min_samples_leaf': 6, 'min_samples_split': 4, 'splitter': 'random'}",0.6229050279329609,0.6778711484593838,0.6582633053221288,0.6890756302521008,0.6722689075630253,0.6640768039059199,0.022852779810019676,295,0.6617647058823529,0.7,0.6887417218543046,0.7637795275590551,0.8080808080808081,0.7244733526753041,0.053559781176320126,193,0.5990990990990991,0.6598984771573604,0.6359223300970874,0.6478260869565218,0.6201550387596899,0.6325802064139516,0.021285036616868022,301,0.5027932960893855,0.6256983240223464,0.5810055865921788,0.5449438202247191,0.449438202247191,0.5407758458351642,0.06104567236870309,325,0.7430167597765364,0.7303370786516854,0.7359550561797753,0.8324022346368715,0.8938547486033519,0.7871131755696441,0.06516139122432753,196,0.6232427366447985,0.6728778467908902,0.653692614770459,0.6778889899909009,0.6606110652353427,0.6576626506864782,0.019234301704592286,295,0.6229050279329609,0.6780177013370159,0.6584803213859771,0.6886730274307953,0.6716464754252714,0.6639445107024041,0.0227287087432873,295,0.5736322915093865,0.6164021075264076,0.5996629152370013,0.6232854958840471,0.6075498147810507,0.6041065249875787,0.017200552856913402,295,0.6229050279329609,0.6780177013370159,0.658480321385977,0.6886730274307953,0.6716464754252714,0.6639445107024041,0.022728708743287307,295
155,0.005930280685424805,0.0030823286087037906,0.04398345947265625,0.00655544678288644,gini,4,3,4,random,"{'criterion': 'gini', 'max_depth': 4, 'min_samples_leaf': 3, 'min_samples_split': 4, 'splitter': 'random'}",0.6340782122905028,0.6666666666666666,0.6582633053221288,0.6862745098039216,0.6750700280112045,0.664070544418885,0.017629569372330782,301,0.66,0.689873417721519,0.6887417218543046,0.7538461538461538,0.8163265306122449,0.7217575648068445,0.056380153196197894,211,0.6153846153846154,0.6482412060301508,0.6359223300970874,0.6475770925110133,0.6216216216216216,0.6337493731288977,0.013343818567129828,292,0.553072625698324,0.6089385474860335,0.5810055865921788,0.550561797752809,0.449438202247191,0.5486033519553073,0.05394029563055569,313,0.7150837988826816,0.7247191011235955,0.7359550561797753,0.8212290502793296,0.8994413407821229,0.779285669449501,0.07095571176206178,214,0.6330365974282888,0.662217659137577,0.653692614770459,0.6761729530818767,0.6625514403292181,0.6575342529494839,0.014208454632963979,298,0.6340782122905029,0.6668288243048145,0.6584803213859771,0.6858954240160693,0.674439771514657,0.6639445107024041,0.01744801137948272,295,0.5825096691018479,0.6070476861062306,0.5996629152370013,0.6214449750072056,0.6095323528777358,0.6040395196660042,0.012844137100649725,298,0.6340782122905029,0.6668288243048146,0.658480321385977,0.6858954240160693,0.674439771514657,0.6639445107024041,0.01744801137948273,295
153,0.007238960266113282,0.0014725404267553908,0.06503314971923828,0.013564726469290276,gini,4,3,3,random,"{'criterion': 'gini', 'max_depth': 4, 'min_samples_leaf': 3, 'min_samples_split': 3, 'splitter': 'random'}",0.6340782122905028,0.6666666666666666,0.6582633053221288,0.6862745098039216,0.6750700280112045,0.664070544418885,0.017629569372330782,301,0.66,0.689873417721519,0.6887417218543046,0.7538461538461538,0.8163265306122449,0.7217575648068445,0.056380153196197894,211,0.6153846153846154,0.6482412060301508,0.6359223300970874,0.6475770925110133,0.6216216216216216,0.6337493731288977,0.013343818567129828,292,0.553072625698324,0.6089385474860335,0.5810055865921788,0.550561797752809,0.449438202247191,0.5486033519553073,0.05394029563055569,313,0.7150837988826816,0.7247191011235955,0.7359550561797753,0.8212290502793296,0.8994413407821229,0.779285669449501,0.07095571176206178,214,0.6330365974282888,0.662217659137577,0.653692614770459,0.6761729530818767,0.6625514403292181,0.6575342529494839,0.014208454632963979,298,0.6340782122905029,0.6668288243048145,0.6584803213859771,0.6858954240160693,0.674439771514657,0.6639445107024041,0.01744801137948272,295,0.5825096691018479,0.6070476861062306,0.5996629152370013,0.6214449750072056,0.6095323528777358,0.6040395196660042,0.012844137100649725,298,0.6340782122905029,0.6668288243048146,0.658480321385977,0.6858954240160693,0.674439771514657,0.6639445107024041,0.01744801137948273,295
151,0.014381837844848634,0.010356253248143684,0.059145212173461914,0.015967153800102524,gini,4,3,2,random,"{'criterion': 'gini', 'max_depth': 4, 'min_samples_leaf': 3, 'min_samples_split': 2, 'splitter': 'random'}",0.6340782122905028,0.6666666666666666,0.6582633053221288,0.6862745098039216,0.6750700280112045,0.664070544418885,0.017629569372330782,301,0.66,0.689873417721519,0.6887417218543046,0.7538461538461538,0.8163265306122449,0.7217575648068445,0.056380153196197894,211,0.6153846153846154,0.6482412060301508,0.6359223300970874,0.6475770925110133,0.6216216216216216,0.6337493731288977,0.013343818567129828,292,0.553072625698324,0.6089385474860335,0.5810055865921788,0.550561797752809,0.449438202247191,0.5486033519553073,0.05394029563055569,313,0.7150837988826816,0.7247191011235955,0.7359550561797753,0.8212290502793296,0.8994413407821229,0.779285669449501,0.07095571176206178,214,0.6330365974282888,0.662217659137577,0.653692614770459,0.6761729530818767,0.6625514403292181,0.6575342529494839,0.014208454632963979,298,0.6340782122905029,0.6668288243048145,0.6584803213859771,0.6858954240160693,0.674439771514657,0.6639445107024041,0.01744801137948272,295,0.5825096691018479,0.6070476861062306,0.5996629152370013,0.6214449750072056,0.6095323528777358,0.6040395196660042,0.012844137100649725,298,0.6340782122905029,0.6668288243048146,0.658480321385977,0.6858954240160693,0.674439771514657,0.6639445107024041,0.01744801137948273,295
163,0.007875680923461914,0.0021918875419784925,0.06001768112182617,0.010872352415095099,gini,4,5,2,random,"{'criterion': 'gini', 'max_depth': 4, 'min_samples_leaf': 5, 'min_samples_split': 2, 'splitter': 'random'}",0.6312849162011173,0.6666666666666666,0.6582633053221288,0.6890756302521008,0.6750700280112045,0.6640721092906438,0.019295617320345508,298,0.6556291390728477,0.6923076923076923,0.6887417218543046,0.7637795275590551,0.8163265306122449,0.7233569222812289,0.058355213120228865,199,0.6135265700483091,0.6467661691542289,0.6359223300970874,0.6478260869565218,0.6216216216216216,0.6331325555755537,0.013612159230066624,298,0.553072625698324,0.6033519553072626,0.5810055865921788,0.5449438202247191,0.449438202247191,0.546362438013935,0.052705406551699696,319,0.7094972067039106,0.7303370786516854,0.7359550561797753,0.8324022346368715,0.8994413407821229,0.7815265833908731,0.07263275086908004,208,0.6305858987090367,0.6619144602851323,0.653692614770459,0.6778889899909009,0.6625514403292181,0.6573266808169494,0.015488255258407963,301,0.6312849162011174,0.666844516979474,0.6584803213859771,0.6886730274307953,0.674439771514657,0.6639445107024041,0.01911317113084488,295,0.5805467843359511,0.6068110960634464,0.5996629152370013,0.6232854958840471,0.6095323528777358,0.6039677288796363,0.013994984551867796,301,0.6312849162011174,0.666844516979474,0.658480321385977,0.6886730274307953,0.674439771514657,0.6639445107024041,0.019113171130844885,295
165,0.010838174819946289,0.004235583223594977,0.05063948631286621,0.0167400471192905,gini,4,5,3,random,"{'criterion': 'gini', 'max_depth': 4, 'min_samples_leaf': 5, 'min_samples_split': 3, 'splitter': 'random'}",0.6312849162011173,0.6666666666666666,0.6582633053221288,0.6890756302521008,0.6750700280112045,0.6640721092906438,0.019295617320345508,298,0.6556291390728477,0.6923076923076923,0.6887417218543046,0.7637795275590551,0.8163265306122449,0.7233569222812289,0.058355213120228865,199,0.6135265700483091,0.6467661691542289,0.6359223300970874,0.6478260869565218,0.6216216216216216,0.6331325555755537,0.013612159230066624,298,0.553072625698324,0.6033519553072626,0.5810055865921788,0.5449438202247191,0.449438202247191,0.546362438013935,0.052705406551699696,319,0.7094972067039106,0.7303370786516854,0.7359550561797753,0.8324022346368715,0.8994413407821229,0.7815265833908731,0.07263275086908004,208,0.6305858987090367,0.6619144602851323,0.653692614770459,0.6778889899909009,0.6625514403292181,0.6573266808169494,0.015488255258407963,301,0.6312849162011174,0.666844516979474,0.6584803213859771,0.6886730274307953,0.674439771514657,0.6639445107024041,0.01911317113084488,295,0.5805467843359511,0.6068110960634464,0.5996629152370013,0.6232854958840471,0.6095323528777358,0.6039677288796363,0.013994984551867796,301,0.6312849162011174,0.666844516979474,0.658480321385977,0.6886730274307953,0.674439771514657,0.6639445107024041,0.019113171130844885,295
167,0.012807178497314452,0.0070459284843289215,0.04976744651794433,0.008414182959775456,gini,4,5,4,random,"{'criterion': 'gini', 'max_depth': 4, 'min_samples_leaf': 5, 'min_samples_split': 4, 'splitter': 'random'}",0.6312849162011173,0.6666666666666666,0.6582633053221288,0.6890756302521008,0.6750700280112045,0.6640721092906438,0.019295617320345508,298,0.6556291390728477,0.6923076923076923,0.6887417218543046,0.7637795275590551,0.8163265306122449,0.7233569222812289,0.058355213120228865,199,0.6135265700483091,0.6467661691542289,0.6359223300970874,0.6478260869565218,0.6216216216216216,0.6331325555755537,0.013612159230066624,298,0.553072625698324,0.6033519553072626,0.5810055865921788,0.5449438202247191,0.449438202247191,0.546362438013935,0.052705406551699696,319,0.7094972067039106,0.7303370786516854,0.7359550561797753,0.8324022346368715,0.8994413407821229,0.7815265833908731,0.07263275086908004,208,0.6305858987090367,0.6619144602851323,0.653692614770459,0.6778889899909009,0.6625514403292181,0.6573266808169494,0.015488255258407963,301,0.6312849162011174,0.666844516979474,0.6584803213859771,0.6886730274307953,0.674439771514657,0.6639445107024041,0.01911317113084488,295,0.5805467843359511,0.6068110960634464,0.5996629152370013,0.6232854958840471,0.6095323528777358,0.6039677288796363,0.013994984551867796,301,0.6312849162011174,0.666844516979474,0.658480321385977,0.6886730274307953,0.674439771514657,0.6639445107024041,0.019113171130844885,295
185,0.01063694953918457,0.005157813569651571,0.058360958099365236,0.005220959823017374,gini,4,8,4,random,"{'criterion': 'gini', 'max_depth': 4, 'min_samples_leaf': 8, 'min_samples_split': 4, 'splitter': 'random'}",0.61731843575419,0.6778711484593838,0.6582633053221288,0.6890756302521008,0.6722689075630253,0.6629594854701658,0.024884676321933617,304,0.65,0.7,0.6887417218543046,0.768,0.8080808080808081,0.7229645059870226,0.057088295168215245,205,0.5963302752293578,0.6598984771573604,0.6359223300970874,0.646551724137931,0.6201550387596899,0.6317715690762853,0.021990151636766823,304,0.5083798882681564,0.6256983240223464,0.5810055865921788,0.5393258426966292,0.449438202247191,0.5407695687653004,0.06037288275013835,328,0.7262569832402235,0.7303370786516854,0.7359550561797753,0.8379888268156425,0.8938547486033519,0.7848785386981356,0.06855841567489472,199,0.6184586108468125,0.6728778467908902,0.653692614770459,0.6775067750677507,0.6606110652353427,0.656629382542251,0.020887145917727907,304,0.6173184357541899,0.6780177013370159,0.6584803213859771,0.6886573347561358,0.6716464754252714,0.662824053731718,0.024761541708009892,304,0.5699605350827738,0.6164021075264076,0.5996629152370013,0.6230356137831746,0.6075498147810507,0.6033221972820816,0.018460587431871994,304,0.61731843575419,0.6780177013370159,0.658480321385977,0.6886573347561358,0.6716464754252714,0.662824053731718,0.024761541708009854,304
183,0.008594799041748046,0.004970736887103489,0.04718589782714844,0.005996689170049564,gini,4,8,3,random,"{'criterion': 'gini', 'max_depth': 4, 'min_samples_leaf': 8, 'min_samples_split': 3, 'splitter': 'random'}",0.61731843575419,0.6778711484593838,0.6582633053221288,0.6890756302521008,0.6722689075630253,0.6629594854701658,0.024884676321933617,304,0.65,0.7,0.6887417218543046,0.768,0.8080808080808081,0.7229645059870226,0.057088295168215245,205,0.5963302752293578,0.6598984771573604,0.6359223300970874,0.646551724137931,0.6201550387596899,0.6317715690762853,0.021990151636766823,304,0.5083798882681564,0.6256983240223464,0.5810055865921788,0.5393258426966292,0.449438202247191,0.5407695687653004,0.06037288275013835,328,0.7262569832402235,0.7303370786516854,0.7359550561797753,0.8379888268156425,0.8938547486033519,0.7848785386981356,0.06855841567489472,199,0.6184586108468125,0.6728778467908902,0.653692614770459,0.6775067750677507,0.6606110652353427,0.656629382542251,0.020887145917727907,304,0.6173184357541899,0.6780177013370159,0.6584803213859771,0.6886573347561358,0.6716464754252714,0.662824053731718,0.024761541708009892,304,0.5699605350827738,0.6164021075264076,0.5996629152370013,0.6230356137831746,0.6075498147810507,0.6033221972820816,0.018460587431871994,304,0.61731843575419,0.6780177013370159,0.658480321385977,0.6886573347561358,0.6716464754252714,0.662824053731718,0.024761541708009854,304
181,0.0071414470672607425,0.004239363812798117,0.04421687126159668,0.003773554272197616,gini,4,8,2,random,"{'criterion': 'gini', 'max_depth': 4, 'min_samples_leaf': 8, 'min_samples_split': 2, 'splitter': 'random'}",0.61731843575419,0.6778711484593838,0.6582633053221288,0.6890756302521008,0.6722689075630253,0.6629594854701658,0.024884676321933617,304,0.65,0.7,0.6887417218543046,0.768,0.8080808080808081,0.7229645059870226,0.057088295168215245,205,0.5963302752293578,0.6598984771573604,0.6359223300970874,0.646551724137931,0.6201550387596899,0.6317715690762853,0.021990151636766823,304,0.5083798882681564,0.6256983240223464,0.5810055865921788,0.5393258426966292,0.449438202247191,0.5407695687653004,0.06037288275013835,328,0.7262569832402235,0.7303370786516854,0.7359550561797753,0.8379888268156425,0.8938547486033519,0.7848785386981356,0.06855841567489472,199,0.6184586108468125,0.6728778467908902,0.653692614770459,0.6775067750677507,0.6606110652353427,0.656629382542251,0.020887145917727907,304,0.6173184357541899,0.6780177013370159,0.6584803213859771,0.6886573347561358,0.6716464754252714,0.662824053731718,0.024761541708009892,304,0.5699605350827738,0.6164021075264076,0.5996629152370013,0.6230356137831746,0.6075498147810507,0.6033221972820816,0.018460587431871994,304,0.61731843575419,0.6780177013370159,0.658480321385977,0.6886573347561358,0.6716464754252714,0.662824053731718,0.024761541708009854,304
179,0.011941480636596679,0.008531595858651804,0.046232986450195315,0.006373993144623531,gini,4,7,4,random,"{'criterion': 'gini', 'max_depth': 4, 'min_samples_leaf': 7, 'min_samples_split': 4, 'splitter': 'random'}",0.61731843575419,0.6778711484593838,0.6582633053221288,0.6890756302521008,0.6722689075630253,0.6629594854701658,0.024884676321933617,304,0.65,0.7,0.6887417218543046,0.768,0.8080808080808081,0.7229645059870226,0.057088295168215245,205,0.5963302752293578,0.6598984771573604,0.6359223300970874,0.646551724137931,0.6201550387596899,0.6317715690762853,0.021990151636766823,304,0.5083798882681564,0.6256983240223464,0.5810055865921788,0.5393258426966292,0.449438202247191,0.5407695687653004,0.06037288275013835,328,0.7262569832402235,0.7303370786516854,0.7359550561797753,0.8379888268156425,0.8938547486033519,0.7848785386981356,0.06855841567489472,199,0.6184586108468125,0.6728778467908902,0.653692614770459,0.6775067750677507,0.6606110652353427,0.656629382542251,0.020887145917727907,304,0.6173184357541899,0.6780177013370159,0.6584803213859771,0.6886573347561358,0.6716464754252714,0.662824053731718,0.024761541708009892,304,0.5699605350827738,0.6164021075264076,0.5996629152370013,0.6230356137831746,0.6075498147810507,0.6033221972820816,0.018460587431871994,304,0.61731843575419,0.6780177013370159,0.658480321385977,0.6886573347561358,0.6716464754252714,0.662824053731718,0.024761541708009854,304
177,0.006522083282470703,0.003496448924678837,0.05173149108886719,0.017951321181589826,gini,4,7,3,random,"{'criterion': 'gini', 'max_depth': 4, 'min_samples_leaf': 7, 'min_samples_split': 3, 'splitter': 'random'}",0.61731843575419,0.6778711484593838,0.6582633053221288,0.6890756302521008,0.6722689075630253,0.6629594854701658,0.024884676321933617,304,0.65,0.7,0.6887417218543046,0.768,0.8080808080808081,0.7229645059870226,0.057088295168215245,205,0.5963302752293578,0.6598984771573604,0.6359223300970874,0.646551724137931,0.6201550387596899,0.6317715690762853,0.021990151636766823,304,0.5083798882681564,0.6256983240223464,0.5810055865921788,0.5393258426966292,0.449438202247191,0.5407695687653004,0.06037288275013835,328,0.7262569832402235,0.7303370786516854,0.7359550561797753,0.8379888268156425,0.8938547486033519,0.7848785386981356,0.06855841567489472,199,0.6184586108468125,0.6728778467908902,0.653692614770459,0.6775067750677507,0.6606110652353427,0.656629382542251,0.020887145917727907,304,0.6173184357541899,0.6780177013370159,0.6584803213859771,0.6886573347561358,0.6716464754252714,0.662824053731718,0.024761541708009892,304,0.5699605350827738,0.6164021075264076,0.5996629152370013,0.6230356137831746,0.6075498147810507,0.6033221972820816,0.018460587431871994,304,0.61731843575419,0.6780177013370159,0.658480321385977,0.6886573347561358,0.6716464754252714,0.662824053731718,0.024761541708009854,304
175,0.008323860168457032,0.006318712384731018,0.046318674087524415,0.00529097987450105,gini,4,7,2,random,"{'criterion': 'gini', 'max_depth': 4, 'min_samples_leaf': 7, 'min_samples_split': 2, 'splitter': 'random'}",0.61731843575419,0.6778711484593838,0.6582633053221288,0.6890756302521008,0.6722689075630253,0.6629594854701658,0.024884676321933617,304,0.65,0.7,0.6887417218543046,0.768,0.8080808080808081,0.7229645059870226,0.057088295168215245,205,0.5963302752293578,0.6598984771573604,0.6359223300970874,0.646551724137931,0.6201550387596899,0.6317715690762853,0.021990151636766823,304,0.5083798882681564,0.6256983240223464,0.5810055865921788,0.5393258426966292,0.449438202247191,0.5407695687653004,0.06037288275013835,328,0.7262569832402235,0.7303370786516854,0.7359550561797753,0.8379888268156425,0.8938547486033519,0.7848785386981356,0.06855841567489472,199,0.6184586108468125,0.6728778467908902,0.653692614770459,0.6775067750677507,0.6606110652353427,0.656629382542251,0.020887145917727907,304,0.6173184357541899,0.6780177013370159,0.6584803213859771,0.6886573347561358,0.6716464754252714,0.662824053731718,0.024761541708009892,304,0.5699605350827738,0.6164021075264076,0.5996629152370013,0.6230356137831746,0.6075498147810507,0.6033221972820816,0.018460587431871994,304,0.61731843575419,0.6780177013370159,0.658480321385977,0.6886573347561358,0.6716464754252714,0.662824053731718,0.024761541708009854,304
187,0.007553529739379883,0.002445645923068357,0.05502729415893555,0.01201891850385627,gini,4,9,2,random,"{'criterion': 'gini', 'max_depth': 4, 'min_samples_leaf': 9, 'min_samples_split': 2, 'splitter': 'random'}",0.61731843575419,0.6246498599439776,0.6526610644257703,0.6862745098039216,0.6722689075630253,0.6506345554981771,0.02656134977163281,310,0.65,0.6956521739130435,0.6797385620915033,0.75,0.8080808080808081,0.716694308817071,0.05606672952617101,286,0.5963302752293578,0.5909090909090909,0.6323529411764706,0.6488888888888888,0.6201550387596899,0.6177272469926998,0.021761879170942192,310,0.5083798882681564,0.44692737430167595,0.5810055865921788,0.5561797752808989,0.449438202247191,0.5083861653380202,0.05442399265447065,334,0.7262569832402235,0.8033707865168539,0.7247191011235955,0.8156424581005587,0.8938547486033519,0.7927688155169167,0.063100806086608,193,0.6184586108468125,0.6239092495636999,0.6488933601609658,0.6765523632993512,0.6606110652353427,0.6456849298212344,0.021914993446252806,310,0.6173184357541899,0.625149080409265,0.6528623438578871,0.6859111166907288,0.6716464754252714,0.6505774904274684,0.026269208525427287,310,0.5699605350827738,0.57275831680987,0.595533157083058,0.6216983031573896,0.6075498147810507,0.5935000253828284,0.019904769047683492,310,0.61731843575419,0.625149080409265,0.6528623438578871,0.6859111166907288,0.6716464754252714,0.6505774904274685,0.026269208525427263,310
191,0.008488655090332031,0.0035458382024330325,0.0600344181060791,0.017788997302625897,gini,4,9,4,random,"{'criterion': 'gini', 'max_depth': 4, 'min_samples_leaf': 9, 'min_samples_split': 4, 'splitter': 'random'}",0.61731843575419,0.6246498599439776,0.6526610644257703,0.6862745098039216,0.6722689075630253,0.6506345554981771,0.02656134977163281,310,0.65,0.6956521739130435,0.6797385620915033,0.75,0.8080808080808081,0.716694308817071,0.05606672952617101,286,0.5963302752293578,0.5909090909090909,0.6323529411764706,0.6488888888888888,0.6201550387596899,0.6177272469926998,0.021761879170942192,310,0.5083798882681564,0.44692737430167595,0.5810055865921788,0.5561797752808989,0.449438202247191,0.5083861653380202,0.05442399265447065,334,0.7262569832402235,0.8033707865168539,0.7247191011235955,0.8156424581005587,0.8938547486033519,0.7927688155169167,0.063100806086608,193,0.6184586108468125,0.6239092495636999,0.6488933601609658,0.6765523632993512,0.6606110652353427,0.6456849298212344,0.021914993446252806,310,0.6173184357541899,0.625149080409265,0.6528623438578871,0.6859111166907288,0.6716464754252714,0.6505774904274684,0.026269208525427287,310,0.5699605350827738,0.57275831680987,0.595533157083058,0.6216983031573896,0.6075498147810507,0.5935000253828284,0.019904769047683492,310,0.61731843575419,0.625149080409265,0.6528623438578871,0.6859111166907288,0.6716464754252714,0.6505774904274685,0.026269208525427263,310
189,0.005030012130737305,0.004191323271520041,0.05219864845275879,0.009295457463953724,gini,4,9,3,random,"{'criterion': 'gini', 'max_depth': 4, 'min_samples_leaf': 9, 'min_samples_split': 3, 'splitter': 'random'}",0.61731843575419,0.6246498599439776,0.6526610644257703,0.6862745098039216,0.6722689075630253,0.6506345554981771,0.02656134977163281,310,0.65,0.6956521739130435,0.6797385620915033,0.75,0.8080808080808081,0.716694308817071,0.05606672952617101,286,0.5963302752293578,0.5909090909090909,0.6323529411764706,0.6488888888888888,0.6201550387596899,0.6177272469926998,0.021761879170942192,310,0.5083798882681564,0.44692737430167595,0.5810055865921788,0.5561797752808989,0.449438202247191,0.5083861653380202,0.05442399265447065,334,0.7262569832402235,0.8033707865168539,0.7247191011235955,0.8156424581005587,0.8938547486033519,0.7927688155169167,0.063100806086608,193,0.6184586108468125,0.6239092495636999,0.6488933601609658,0.6765523632993512,0.6606110652353427,0.6456849298212344,0.021914993446252806,310,0.6173184357541899,0.625149080409265,0.6528623438578871,0.6859111166907288,0.6716464754252714,0.6505774904274684,0.026269208525427287,310,0.5699605350827738,0.57275831680987,0.595533157083058,0.6216983031573896,0.6075498147810507,0.5935000253828284,0.019904769047683492,310,0.61731843575419,0.625149080409265,0.6528623438578871,0.6859111166907288,0.6716464754252714,0.6505774904274685,0.026269208525427263,310
533,0.008197975158691407,0.004630443806401129,0.04206118583679199,0.0029606586823402027,log_loss,4,2,4,random,"{'criterion': 'log_loss', 'max_depth': 4, 'min_samples_leaf': 2, 'min_samples_split': 4, 'splitter': 'random'}",0.6340782122905028,0.5546218487394958,0.6610644257703081,0.6442577030812325,0.6470588235294118,0.6282162026821901,0.03779384062087872,313,0.6558441558441559,0.9166666666666666,0.7013888888888888,0.8148148148148148,0.8333333333333334,0.784409571909572,0.09405472062459955,1,0.6176470588235294,0.5285285285285285,0.6338028169014085,0.5942028985507246,0.5949820788530465,0.5938326763314475,0.03586314783053885,385,0.5642458100558659,0.12290502793296089,0.5642458100558659,0.3707865168539326,0.3651685393258427,0.3974703408448936,0.16295377145660928,427,0.7039106145251397,0.9887640449438202,0.7584269662921348,0.9162011173184358,0.9273743016759777,0.8589354089511018,0.10858485350037735,127,0.6331658291457286,0.5827814569536424,0.6553398058252428,0.6391270459859704,0.640926640926641,0.630268155767445,0.024835675765532833,313,0.6340782122905029,0.5558345364383905,0.6613363881740004,0.6434938170861841,0.6462714205009101,0.6282028748979976,0.03722851314811824,313,0.5828130134735459,0.5281922466324316,0.6011413269216533,0.586426166288716,0.588185655712396,0.5773516818057486,0.02534618189837462,313,0.6340782122905029,0.5558345364383905,0.6613363881740004,0.6434938170861841,0.6462714205009101,0.6282028748979976,0.03722851314811824,313
531,0.005855655670166016,0.0033512103761129224,0.05637812614440918,0.018824969652177937,log_loss,4,2,3,random,"{'criterion': 'log_loss', 'max_depth': 4, 'min_samples_leaf': 2, 'min_samples_split': 3, 'splitter': 'random'}",0.6340782122905028,0.5546218487394958,0.6610644257703081,0.6442577030812325,0.6470588235294118,0.6282162026821901,0.03779384062087872,313,0.6558441558441559,0.9166666666666666,0.7013888888888888,0.8148148148148148,0.8333333333333334,0.784409571909572,0.09405472062459955,1,0.6176470588235294,0.5285285285285285,0.6338028169014085,0.5942028985507246,0.5949820788530465,0.5938326763314475,0.03586314783053885,385,0.5642458100558659,0.12290502793296089,0.5642458100558659,0.3707865168539326,0.3651685393258427,0.3974703408448936,0.16295377145660928,427,0.7039106145251397,0.9887640449438202,0.7584269662921348,0.9162011173184358,0.9273743016759777,0.8589354089511018,0.10858485350037735,127,0.6331658291457286,0.5827814569536424,0.6553398058252428,0.6391270459859704,0.640926640926641,0.630268155767445,0.024835675765532833,313,0.6340782122905029,0.5558345364383905,0.6613363881740004,0.6434938170861841,0.6462714205009101,0.6282028748979976,0.03722851314811824,313,0.5828130134735459,0.5281922466324316,0.6011413269216533,0.586426166288716,0.588185655712396,0.5773516818057486,0.02534618189837462,313,0.6340782122905029,0.5558345364383905,0.6613363881740004,0.6434938170861841,0.6462714205009101,0.6282028748979976,0.03722851314811824,313
337,0.00905466079711914,0.002385864029549114,0.05038495063781738,0.00608745178276994,entropy,4,2,2,random,"{'criterion': 'entropy', 'max_depth': 4, 'min_samples_leaf': 2, 'min_samples_split': 2, 'splitter': 'random'}",0.6340782122905028,0.5546218487394958,0.6610644257703081,0.6442577030812325,0.6470588235294118,0.6282162026821901,0.03779384062087872,313,0.6558441558441559,0.9166666666666666,0.7013888888888888,0.8148148148148148,0.8333333333333334,0.784409571909572,0.09405472062459955,1,0.6176470588235294,0.5285285285285285,0.6338028169014085,0.5942028985507246,0.5949820788530465,0.5938326763314475,0.03586314783053885,385,0.5642458100558659,0.12290502793296089,0.5642458100558659,0.3707865168539326,0.3651685393258427,0.3974703408448936,0.16295377145660928,427,0.7039106145251397,0.9887640449438202,0.7584269662921348,0.9162011173184358,0.9273743016759777,0.8589354089511018,0.10858485350037735,127,0.6331658291457286,0.5827814569536424,0.6553398058252428,0.6391270459859704,0.640926640926641,0.630268155767445,0.024835675765532833,313,0.6340782122905029,0.5558345364383905,0.6613363881740004,0.6434938170861841,0.6462714205009101,0.6282028748979976,0.03722851314811824,313,0.5828130134735459,0.5281922466324316,0.6011413269216533,0.586426166288716,0.588185655712396,0.5773516818057486,0.02534618189837462,313,0.6340782122905029,0.5558345364383905,0.6613363881740004,0.6434938170861841,0.6462714205009101,0.6282028748979976,0.03722851314811824,313
339,0.007404184341430664,0.0012911543884864683,0.047501134872436526,0.008501627425269049,entropy,4,2,3,random,"{'criterion': 'entropy', 'max_depth': 4, 'min_samples_leaf': 2, 'min_samples_split': 3, 'splitter': 'random'}",0.6340782122905028,0.5546218487394958,0.6610644257703081,0.6442577030812325,0.6470588235294118,0.6282162026821901,0.03779384062087872,313,0.6558441558441559,0.9166666666666666,0.7013888888888888,0.8148148148148148,0.8333333333333334,0.784409571909572,0.09405472062459955,1,0.6176470588235294,0.5285285285285285,0.6338028169014085,0.5942028985507246,0.5949820788530465,0.5938326763314475,0.03586314783053885,385,0.5642458100558659,0.12290502793296089,0.5642458100558659,0.3707865168539326,0.3651685393258427,0.3974703408448936,0.16295377145660928,427,0.7039106145251397,0.9887640449438202,0.7584269662921348,0.9162011173184358,0.9273743016759777,0.8589354089511018,0.10858485350037735,127,0.6331658291457286,0.5827814569536424,0.6553398058252428,0.6391270459859704,0.640926640926641,0.630268155767445,0.024835675765532833,313,0.6340782122905029,0.5558345364383905,0.6613363881740004,0.6434938170861841,0.6462714205009101,0.6282028748979976,0.03722851314811824,313,0.5828130134735459,0.5281922466324316,0.6011413269216533,0.586426166288716,0.588185655712396,0.5773516818057486,0.02534618189837462,313,0.6340782122905029,0.5558345364383905,0.6613363881740004,0.6434938170861841,0.6462714205009101,0.6282028748979976,0.03722851314811824,313
341,0.015225410461425781,0.014118582580691723,0.06133699417114258,0.015879617942411526,entropy,4,2,4,random,"{'criterion': 'entropy', 'max_depth': 4, 'min_samples_leaf': 2, 'min_samples_split': 4, 'splitter': 'random'}",0.6340782122905028,0.5546218487394958,0.6610644257703081,0.6442577030812325,0.6470588235294118,0.6282162026821901,0.03779384062087872,313,0.6558441558441559,0.9166666666666666,0.7013888888888888,0.8148148148148148,0.8333333333333334,0.784409571909572,0.09405472062459955,1,0.6176470588235294,0.5285285285285285,0.6338028169014085,0.5942028985507246,0.5949820788530465,0.5938326763314475,0.03586314783053885,385,0.5642458100558659,0.12290502793296089,0.5642458100558659,0.3707865168539326,0.3651685393258427,0.3974703408448936,0.16295377145660928,427,0.7039106145251397,0.9887640449438202,0.7584269662921348,0.9162011173184358,0.9273743016759777,0.8589354089511018,0.10858485350037735,127,0.6331658291457286,0.5827814569536424,0.6553398058252428,0.6391270459859704,0.640926640926641,0.630268155767445,0.024835675765532833,313,0.6340782122905029,0.5558345364383905,0.6613363881740004,0.6434938170861841,0.6462714205009101,0.6282028748979976,0.03722851314811824,313,0.5828130134735459,0.5281922466324316,0.6011413269216533,0.586426166288716,0.588185655712396,0.5773516818057486,0.02534618189837462,313,0.6340782122905029,0.5558345364383905,0.6613363881740004,0.6434938170861841,0.6462714205009101,0.6282028748979976,0.03722851314811824,313
529,0.007533931732177734,0.001505379323375899,0.055974817276000975,0.01169408531299311,log_loss,4,2,2,random,"{'criterion': 'log_loss', 'max_depth': 4, 'min_samples_leaf': 2, 'min_samples_split': 2, 'splitter': 'random'}",0.6340782122905028,0.5546218487394958,0.6610644257703081,0.6442577030812325,0.6470588235294118,0.6282162026821901,0.03779384062087872,313,0.6558441558441559,0.9166666666666666,0.7013888888888888,0.8148148148148148,0.8333333333333334,0.784409571909572,0.09405472062459955,1,0.6176470588235294,0.5285285285285285,0.6338028169014085,0.5942028985507246,0.5949820788530465,0.5938326763314475,0.03586314783053885,385,0.5642458100558659,0.12290502793296089,0.5642458100558659,0.3707865168539326,0.3651685393258427,0.3974703408448936,0.16295377145660928,427,0.7039106145251397,0.9887640449438202,0.7584269662921348,0.9162011173184358,0.9273743016759777,0.8589354089511018,0.10858485350037735,127,0.6331658291457286,0.5827814569536424,0.6553398058252428,0.6391270459859704,0.640926640926641,0.630268155767445,0.024835675765532833,313,0.6340782122905029,0.5558345364383905,0.6613363881740004,0.6434938170861841,0.6462714205009101,0.6282028748979976,0.03722851314811824,313,0.5828130134735459,0.5281922466324316,0.6011413269216533,0.586426166288716,0.588185655712396,0.5773516818057486,0.02534618189837462,313,0.6340782122905029,0.5558345364383905,0.6613363881740004,0.6434938170861841,0.6462714205009101,0.6282028748979976,0.03722851314811824,313
345,0.019931840896606445,0.013914034870050811,0.0765488624572754,0.014732402140464656,entropy,4,3,3,random,"{'criterion': 'entropy', 'max_depth': 4, 'min_samples_leaf': 3, 'min_samples_split': 3, 'splitter': 'random'}",0.6312849162011173,0.5546218487394958,0.6582633053221288,0.6442577030812325,0.6442577030812325,0.6265370952850413,0.03695656037514308,319,0.6516129032258065,0.9166666666666666,0.6887417218543046,0.8148148148148148,0.8227848101265823,0.778924183337635,0.09646338385802507,61,0.6157635467980296,0.5285285285285285,0.6359223300970874,0.5942028985507246,0.5935251798561151,0.5935884967660969,0.036102817768346715,391,0.5642458100558659,0.12290502793296089,0.5810055865921788,0.3707865168539326,0.3651685393258427,0.4008222961521562,0.16648399889402657,385,0.6983240223463687,0.9887640449438202,0.7359550561797753,0.9162011173184358,0.9217877094972067,0.8522063900571213,0.1138235774881087,163,0.6306760847628657,0.5827814569536424,0.653692614770459,0.6391270459859704,0.6390395042602633,0.6290633413466401,0.024298217429373083,325,0.6312849162011174,0.5558345364383905,0.6584803213859771,0.6434938170861841,0.6434781244115246,0.6265143431046388,0.03637661231738848,319,0.5808404656410822,0.5281922466324316,0.5996629152370013,0.586426166288716,0.5863199023429957,0.5762883392284455,0.024834389775011102,319,0.6312849162011173,0.5558345364383905,0.658480321385977,0.6434938170861841,0.6434781244115246,0.6265143431046386,0.03637661231738846,325
347,0.00819244384765625,0.0005175517367957906,0.042523670196533206,0.001982666033153727,entropy,4,3,4,random,"{'criterion': 'entropy', 'max_depth': 4, 'min_samples_leaf': 3, 'min_samples_split': 4, 'splitter': 'random'}",0.6312849162011173,0.5546218487394958,0.6582633053221288,0.6442577030812325,0.6442577030812325,0.6265370952850413,0.03695656037514308,319,0.6516129032258065,0.9166666666666666,0.6887417218543046,0.8148148148148148,0.8227848101265823,0.778924183337635,0.09646338385802507,61,0.6157635467980296,0.5285285285285285,0.6359223300970874,0.5942028985507246,0.5935251798561151,0.5935884967660969,0.036102817768346715,391,0.5642458100558659,0.12290502793296089,0.5810055865921788,0.3707865168539326,0.3651685393258427,0.4008222961521562,0.16648399889402657,385,0.6983240223463687,0.9887640449438202,0.7359550561797753,0.9162011173184358,0.9217877094972067,0.8522063900571213,0.1138235774881087,163,0.6306760847628657,0.5827814569536424,0.653692614770459,0.6391270459859704,0.6390395042602633,0.6290633413466401,0.024298217429373083,325,0.6312849162011174,0.5558345364383905,0.6584803213859771,0.6434938170861841,0.6434781244115246,0.6265143431046388,0.03637661231738848,319,0.5808404656410822,0.5281922466324316,0.5996629152370013,0.586426166288716,0.5863199023429957,0.5762883392284455,0.024834389775011102,319,0.6312849162011173,0.5558345364383905,0.658480321385977,0.6434938170861841,0.6434781244115246,0.6265143431046386,0.03637661231738846,325
535,0.00986781120300293,0.006610361371378001,0.041423606872558597,0.0007013081333050719,log_loss,4,3,2,random,"{'criterion': 'log_loss', 'max_depth': 4, 'min_samples_leaf': 3, 'min_samples_split': 2, 'splitter': 'random'}",0.6312849162011173,0.5546218487394958,0.6582633053221288,0.6442577030812325,0.6442577030812325,0.6265370952850413,0.03695656037514308,319,0.6516129032258065,0.9166666666666666,0.6887417218543046,0.8148148148148148,0.8227848101265823,0.778924183337635,0.09646338385802507,61,0.6157635467980296,0.5285285285285285,0.6359223300970874,0.5942028985507246,0.5935251798561151,0.5935884967660969,0.036102817768346715,391,0.5642458100558659,0.12290502793296089,0.5810055865921788,0.3707865168539326,0.3651685393258427,0.4008222961521562,0.16648399889402657,385,0.6983240223463687,0.9887640449438202,0.7359550561797753,0.9162011173184358,0.9217877094972067,0.8522063900571213,0.1138235774881087,163,0.6306760847628657,0.5827814569536424,0.653692614770459,0.6391270459859704,0.6390395042602633,0.6290633413466401,0.024298217429373083,325,0.6312849162011174,0.5558345364383905,0.6584803213859771,0.6434938170861841,0.6434781244115246,0.6265143431046388,0.03637661231738848,319,0.5808404656410822,0.5281922466324316,0.5996629152370013,0.586426166288716,0.5863199023429957,0.5762883392284455,0.024834389775011102,319,0.6312849162011173,0.5558345364383905,0.658480321385977,0.6434938170861841,0.6434781244115246,0.6265143431046386,0.03637661231738846,325
537,0.007061433792114258,0.005879592533540971,0.05148305892944336,0.009453114532601944,log_loss,4,3,3,random,"{'criterion': 'log_loss', 'max_depth': 4, 'min_samples_leaf': 3, 'min_samples_split': 3, 'splitter': 'random'}",0.6312849162011173,0.5546218487394958,0.6582633053221288,0.6442577030812325,0.6442577030812325,0.6265370952850413,0.03695656037514308,319,0.6516129032258065,0.9166666666666666,0.6887417218543046,0.8148148148148148,0.8227848101265823,0.778924183337635,0.09646338385802507,61,0.6157635467980296,0.5285285285285285,0.6359223300970874,0.5942028985507246,0.5935251798561151,0.5935884967660969,0.036102817768346715,391,0.5642458100558659,0.12290502793296089,0.5810055865921788,0.3707865168539326,0.3651685393258427,0.4008222961521562,0.16648399889402657,385,0.6983240223463687,0.9887640449438202,0.7359550561797753,0.9162011173184358,0.9217877094972067,0.8522063900571213,0.1138235774881087,163,0.6306760847628657,0.5827814569536424,0.653692614770459,0.6391270459859704,0.6390395042602633,0.6290633413466401,0.024298217429373083,325,0.6312849162011174,0.5558345364383905,0.6584803213859771,0.6434938170861841,0.6434781244115246,0.6265143431046388,0.03637661231738848,319,0.5808404656410822,0.5281922466324316,0.5996629152370013,0.586426166288716,0.5863199023429957,0.5762883392284455,0.024834389775011102,319,0.6312849162011173,0.5558345364383905,0.658480321385977,0.6434938170861841,0.6434781244115246,0.6265143431046386,0.03637661231738846,325
539,0.00989689826965332,0.003678122748841397,0.04124455451965332,0.007752255851772034,log_loss,4,3,4,random,"{'criterion': 'log_loss', 'max_depth': 4, 'min_samples_leaf': 3, 'min_samples_split': 4, 'splitter': 'random'}",0.6312849162011173,0.5546218487394958,0.6582633053221288,0.6442577030812325,0.6442577030812325,0.6265370952850413,0.03695656037514308,319,0.6516129032258065,0.9166666666666666,0.6887417218543046,0.8148148148148148,0.8227848101265823,0.778924183337635,0.09646338385802507,61,0.6157635467980296,0.5285285285285285,0.6359223300970874,0.5942028985507246,0.5935251798561151,0.5935884967660969,0.036102817768346715,391,0.5642458100558659,0.12290502793296089,0.5810055865921788,0.3707865168539326,0.3651685393258427,0.4008222961521562,0.16648399889402657,385,0.6983240223463687,0.9887640449438202,0.7359550561797753,0.9162011173184358,0.9217877094972067,0.8522063900571213,0.1138235774881087,163,0.6306760847628657,0.5827814569536424,0.653692614770459,0.6391270459859704,0.6390395042602633,0.6290633413466401,0.024298217429373083,325,0.6312849162011174,0.5558345364383905,0.6584803213859771,0.6434938170861841,0.6434781244115246,0.6265143431046388,0.03637661231738848,319,0.5808404656410822,0.5281922466324316,0.5996629152370013,0.586426166288716,0.5863199023429957,0.5762883392284455,0.024834389775011102,319,0.6312849162011173,0.5558345364383905,0.658480321385977,0.6434938170861841,0.6434781244115246,0.6265143431046386,0.03637661231738846,325
343,0.006686544418334961,0.00027795641667108034,0.04174051284790039,0.0019213181964696788,entropy,4,3,2,random,"{'criterion': 'entropy', 'max_depth': 4, 'min_samples_leaf': 3, 'min_samples_split': 2, 'splitter': 'random'}",0.6312849162011173,0.5546218487394958,0.6582633053221288,0.6442577030812325,0.6442577030812325,0.6265370952850413,0.03695656037514308,319,0.6516129032258065,0.9166666666666666,0.6887417218543046,0.8148148148148148,0.8227848101265823,0.778924183337635,0.09646338385802507,61,0.6157635467980296,0.5285285285285285,0.6359223300970874,0.5942028985507246,0.5935251798561151,0.5935884967660969,0.036102817768346715,391,0.5642458100558659,0.12290502793296089,0.5810055865921788,0.3707865168539326,0.3651685393258427,0.4008222961521562,0.16648399889402657,385,0.6983240223463687,0.9887640449438202,0.7359550561797753,0.9162011173184358,0.9217877094972067,0.8522063900571213,0.1138235774881087,163,0.6306760847628657,0.5827814569536424,0.653692614770459,0.6391270459859704,0.6390395042602633,0.6290633413466401,0.024298217429373083,325,0.6312849162011174,0.5558345364383905,0.6584803213859771,0.6434938170861841,0.6434781244115246,0.6265143431046388,0.03637661231738848,319,0.5808404656410822,0.5281922466324316,0.5996629152370013,0.586426166288716,0.5863199023429957,0.5762883392284455,0.024834389775011102,319,0.6312849162011173,0.5558345364383905,0.658480321385977,0.6434938170861841,0.6434781244115246,0.6265143431046386,0.03637661231738846,325
353,0.018719911575317383,0.018661364213132157,0.05892934799194336,0.014936433944366287,entropy,4,4,4,random,"{'criterion': 'entropy', 'max_depth': 4, 'min_samples_leaf': 4, 'min_samples_split': 4, 'splitter': 'random'}",0.6340782122905028,0.5546218487394958,0.6582633053221288,0.6414565826330533,0.6442577030812325,0.6265355304132826,0.036801724323362484,325,0.66,0.9166666666666666,0.6887417218543046,0.8048780487804879,0.8227848101265823,0.7786142494856083,0.09364369372696296,67,0.6153846153846154,0.5285285285285285,0.6359223300970874,0.5927272727272728,0.5935251798561151,0.5932175853187238,0.03605573889901357,397,0.553072625698324,0.12290502793296089,0.5810055865921788,0.3707865168539326,0.3651685393258427,0.39858765928064777,0.16433658106415283,415,0.7150837988826816,0.9887640449438202,0.7359550561797753,0.9106145251396648,0.9217877094972067,0.8544410269286298,0.10880539784028712,151,0.6330365974282888,0.5827814569536424,0.653692614770459,0.63721657544957,0.6390395042602633,0.6291533497724446,0.02420892084119055,319,0.6340782122905029,0.5558345364383905,0.6584803213859771,0.6407005209967986,0.6434781244115246,0.6265143431046388,0.03623172221779678,319,0.5825096691018479,0.5281922466324316,0.5996629152370013,0.5845639911627425,0.5863199023429957,0.5762497448954038,0.02476861359795461,325,0.6340782122905029,0.5558345364383905,0.658480321385977,0.6407005209967988,0.6434781244115246,0.6265143431046388,0.03623172221779677,319
351,0.006937885284423828,0.003680390412885871,0.048276090621948244,0.008854787595347104,entropy,4,4,3,random,"{'criterion': 'entropy', 'max_depth': 4, 'min_samples_leaf': 4, 'min_samples_split': 3, 'splitter': 'random'}",0.6340782122905028,0.5546218487394958,0.6582633053221288,0.6414565826330533,0.6442577030812325,0.6265355304132826,0.036801724323362484,325,0.66,0.9166666666666666,0.6887417218543046,0.8048780487804879,0.8227848101265823,0.7786142494856083,0.09364369372696296,67,0.6153846153846154,0.5285285285285285,0.6359223300970874,0.5927272727272728,0.5935251798561151,0.5932175853187238,0.03605573889901357,397,0.553072625698324,0.12290502793296089,0.5810055865921788,0.3707865168539326,0.3651685393258427,0.39858765928064777,0.16433658106415283,415,0.7150837988826816,0.9887640449438202,0.7359550561797753,0.9106145251396648,0.9217877094972067,0.8544410269286298,0.10880539784028712,151,0.6330365974282888,0.5827814569536424,0.653692614770459,0.63721657544957,0.6390395042602633,0.6291533497724446,0.02420892084119055,319,0.6340782122905029,0.5558345364383905,0.6584803213859771,0.6407005209967986,0.6434781244115246,0.6265143431046388,0.03623172221779678,319,0.5825096691018479,0.5281922466324316,0.5996629152370013,0.5845639911627425,0.5863199023429957,0.5762497448954038,0.02476861359795461,325,0.6340782122905029,0.5558345364383905,0.658480321385977,0.6407005209967988,0.6434781244115246,0.6265143431046388,0.03623172221779677,319
349,0.012156867980957031,0.009151461006900096,0.09186129570007324,0.010779117884387344,entropy,4,4,2,random,"{'criterion': 'entropy', 'max_depth': 4, 'min_samples_leaf': 4, 'min_samples_split': 2, 'splitter': 'random'}",0.6340782122905028,0.5546218487394958,0.6582633053221288,0.6414565826330533,0.6442577030812325,0.6265355304132826,0.036801724323362484,325,0.66,0.9166666666666666,0.6887417218543046,0.8048780487804879,0.8227848101265823,0.7786142494856083,0.09364369372696296,67,0.6153846153846154,0.5285285285285285,0.6359223300970874,0.5927272727272728,0.5935251798561151,0.5932175853187238,0.03605573889901357,397,0.553072625698324,0.12290502793296089,0.5810055865921788,0.3707865168539326,0.3651685393258427,0.39858765928064777,0.16433658106415283,415,0.7150837988826816,0.9887640449438202,0.7359550561797753,0.9106145251396648,0.9217877094972067,0.8544410269286298,0.10880539784028712,151,0.6330365974282888,0.5827814569536424,0.653692614770459,0.63721657544957,0.6390395042602633,0.6291533497724446,0.02420892084119055,319,0.6340782122905029,0.5558345364383905,0.6584803213859771,0.6407005209967986,0.6434781244115246,0.6265143431046388,0.03623172221779678,319,0.5825096691018479,0.5281922466324316,0.5996629152370013,0.5845639911627425,0.5863199023429957,0.5762497448954038,0.02476861359795461,325,0.6340782122905029,0.5558345364383905,0.658480321385977,0.6407005209967988,0.6434781244115246,0.6265143431046388,0.03623172221779677,319
541,0.011226511001586914,0.002212381978012997,0.056579875946044925,0.017473701922202375,log_loss,4,4,2,random,"{'criterion': 'log_loss', 'max_depth': 4, 'min_samples_leaf': 4, 'min_samples_split': 2, 'splitter': 'random'}",0.6340782122905028,0.5546218487394958,0.6582633053221288,0.6414565826330533,0.6442577030812325,0.6265355304132826,0.036801724323362484,325,0.66,0.9166666666666666,0.6887417218543046,0.8048780487804879,0.8227848101265823,0.7786142494856083,0.09364369372696296,67,0.6153846153846154,0.5285285285285285,0.6359223300970874,0.5927272727272728,0.5935251798561151,0.5932175853187238,0.03605573889901357,397,0.553072625698324,0.12290502793296089,0.5810055865921788,0.3707865168539326,0.3651685393258427,0.39858765928064777,0.16433658106415283,415,0.7150837988826816,0.9887640449438202,0.7359550561797753,0.9106145251396648,0.9217877094972067,0.8544410269286298,0.10880539784028712,151,0.6330365974282888,0.5827814569536424,0.653692614770459,0.63721657544957,0.6390395042602633,0.6291533497724446,0.02420892084119055,319,0.6340782122905029,0.5558345364383905,0.6584803213859771,0.6407005209967986,0.6434781244115246,0.6265143431046388,0.03623172221779678,319,0.5825096691018479,0.5281922466324316,0.5996629152370013,0.5845639911627425,0.5863199023429957,0.5762497448954038,0.02476861359795461,325,0.6340782122905029,0.5558345364383905,0.658480321385977,0.6407005209967988,0.6434781244115246,0.6265143431046388,0.03623172221779677,319
543,0.005351591110229492,0.003111859893496834,0.045125913619995114,0.002117201698320731,log_loss,4,4,3,random,"{'criterion': 'log_loss', 'max_depth': 4, 'min_samples_leaf': 4, 'min_samples_split': 3, 'splitter': 'random'}",0.6340782122905028,0.5546218487394958,0.6582633053221288,0.6414565826330533,0.6442577030812325,0.6265355304132826,0.036801724323362484,325,0.66,0.9166666666666666,0.6887417218543046,0.8048780487804879,0.8227848101265823,0.7786142494856083,0.09364369372696296,67,0.6153846153846154,0.5285285285285285,0.6359223300970874,0.5927272727272728,0.5935251798561151,0.5932175853187238,0.03605573889901357,397,0.553072625698324,0.12290502793296089,0.5810055865921788,0.3707865168539326,0.3651685393258427,0.39858765928064777,0.16433658106415283,415,0.7150837988826816,0.9887640449438202,0.7359550561797753,0.9106145251396648,0.9217877094972067,0.8544410269286298,0.10880539784028712,151,0.6330365974282888,0.5827814569536424,0.653692614770459,0.63721657544957,0.6390395042602633,0.6291533497724446,0.02420892084119055,319,0.6340782122905029,0.5558345364383905,0.6584803213859771,0.6407005209967986,0.6434781244115246,0.6265143431046388,0.03623172221779678,319,0.5825096691018479,0.5281922466324316,0.5996629152370013,0.5845639911627425,0.5863199023429957,0.5762497448954038,0.02476861359795461,325,0.6340782122905029,0.5558345364383905,0.658480321385977,0.6407005209967988,0.6434781244115246,0.6265143431046388,0.03623172221779677,319
545,0.0060713768005371095,0.003320631322291683,0.05760283470153808,0.011761853287447239,log_loss,4,4,4,random,"{'criterion': 'log_loss', 'max_depth': 4, 'min_samples_leaf': 4, 'min_samples_split': 4, 'splitter': 'random'}",0.6340782122905028,0.5546218487394958,0.6582633053221288,0.6414565826330533,0.6442577030812325,0.6265355304132826,0.036801724323362484,325,0.66,0.9166666666666666,0.6887417218543046,0.8048780487804879,0.8227848101265823,0.7786142494856083,0.09364369372696296,67,0.6153846153846154,0.5285285285285285,0.6359223300970874,0.5927272727272728,0.5935251798561151,0.5932175853187238,0.03605573889901357,397,0.553072625698324,0.12290502793296089,0.5810055865921788,0.3707865168539326,0.3651685393258427,0.39858765928064777,0.16433658106415283,415,0.7150837988826816,0.9887640449438202,0.7359550561797753,0.9106145251396648,0.9217877094972067,0.8544410269286298,0.10880539784028712,151,0.6330365974282888,0.5827814569536424,0.653692614770459,0.63721657544957,0.6390395042602633,0.6291533497724446,0.02420892084119055,319,0.6340782122905029,0.5558345364383905,0.6584803213859771,0.6407005209967986,0.6434781244115246,0.6265143431046388,0.03623172221779678,319,0.5825096691018479,0.5281922466324316,0.5996629152370013,0.5845639911627425,0.5863199023429957,0.5762497448954038,0.02476861359795461,325,0.6340782122905029,0.5558345364383905,0.658480321385977,0.6407005209967988,0.6434781244115246,0.6265143431046388,0.03623172221779677,319
551,0.01378769874572754,0.014255555300139054,0.04569797515869141,0.0077586569045676925,log_loss,4,5,4,random,"{'criterion': 'log_loss', 'max_depth': 4, 'min_samples_leaf': 5, 'min_samples_split': 4, 'splitter': 'random'}",0.6312849162011173,0.5546218487394958,0.6582633053221288,0.6414565826330533,0.6442577030812325,0.6259768711954055,0.036704056126580877,331,0.6556291390728477,0.9166666666666666,0.6887417218543046,0.8048780487804879,0.8227848101265823,0.7777400773001778,0.0947606281018674,79,0.6135265700483091,0.5285285285285285,0.6359223300970874,0.5927272727272728,0.5935251798561151,0.5928459762514626,0.0358342537527412,403,0.553072625698324,0.12290502793296089,0.5810055865921788,0.3707865168539326,0.3651685393258427,0.39858765928064777,0.16433658106415283,415,0.7094972067039106,0.9887640449438202,0.7359550561797753,0.9106145251396648,0.9217877094972067,0.8533237084928755,0.11024981179681598,157,0.6305858987090367,0.5827814569536424,0.653692614770459,0.63721657544957,0.6390395042602633,0.6286632100285943,0.024150075116784856,331,0.6312849162011174,0.5558345364383905,0.6584803213859771,0.6407005209967986,0.6434781244115246,0.6259556838867617,0.03613218571948652,331,0.5805467843359511,0.5281922466324316,0.5996629152370013,0.5845639911627425,0.5863199023429957,0.5758571679422244,0.024681687184575796,331,0.6312849162011174,0.5558345364383905,0.658480321385977,0.6407005209967988,0.6434781244115246,0.6259556838867617,0.036132185719486516,331
547,0.009284448623657227,0.006641965350867721,0.05654993057250977,0.017225492924795225,log_loss,4,5,2,random,"{'criterion': 'log_loss', 'max_depth': 4, 'min_samples_leaf': 5, 'min_samples_split': 2, 'splitter': 'random'}",0.6312849162011173,0.5546218487394958,0.6582633053221288,0.6414565826330533,0.6442577030812325,0.6259768711954055,0.036704056126580877,331,0.6556291390728477,0.9166666666666666,0.6887417218543046,0.8048780487804879,0.8227848101265823,0.7777400773001778,0.0947606281018674,79,0.6135265700483091,0.5285285285285285,0.6359223300970874,0.5927272727272728,0.5935251798561151,0.5928459762514626,0.0358342537527412,403,0.553072625698324,0.12290502793296089,0.5810055865921788,0.3707865168539326,0.3651685393258427,0.39858765928064777,0.16433658106415283,415,0.7094972067039106,0.9887640449438202,0.7359550561797753,0.9106145251396648,0.9217877094972067,0.8533237084928755,0.11024981179681598,157,0.6305858987090367,0.5827814569536424,0.653692614770459,0.63721657544957,0.6390395042602633,0.6286632100285943,0.024150075116784856,331,0.6312849162011174,0.5558345364383905,0.6584803213859771,0.6407005209967986,0.6434781244115246,0.6259556838867617,0.03613218571948652,331,0.5805467843359511,0.5281922466324316,0.5996629152370013,0.5845639911627425,0.5863199023429957,0.5758571679422244,0.024681687184575796,331,0.6312849162011174,0.5558345364383905,0.658480321385977,0.6407005209967988,0.6434781244115246,0.6259556838867617,0.036132185719486516,331
355,0.009686422348022462,0.011549121281915011,0.04775738716125488,0.01179389454906008,entropy,4,5,2,random,"{'criterion': 'entropy', 'max_depth': 4, 'min_samples_leaf': 5, 'min_samples_split': 2, 'splitter': 'random'}",0.6312849162011173,0.5546218487394958,0.6582633053221288,0.6414565826330533,0.6442577030812325,0.6259768711954055,0.036704056126580877,331,0.6556291390728477,0.9166666666666666,0.6887417218543046,0.8048780487804879,0.8227848101265823,0.7777400773001778,0.0947606281018674,79,0.6135265700483091,0.5285285285285285,0.6359223300970874,0.5927272727272728,0.5935251798561151,0.5928459762514626,0.0358342537527412,403,0.553072625698324,0.12290502793296089,0.5810055865921788,0.3707865168539326,0.3651685393258427,0.39858765928064777,0.16433658106415283,415,0.7094972067039106,0.9887640449438202,0.7359550561797753,0.9106145251396648,0.9217877094972067,0.8533237084928755,0.11024981179681598,157,0.6305858987090367,0.5827814569536424,0.653692614770459,0.63721657544957,0.6390395042602633,0.6286632100285943,0.024150075116784856,331,0.6312849162011174,0.5558345364383905,0.6584803213859771,0.6407005209967986,0.6434781244115246,0.6259556838867617,0.03613218571948652,331,0.5805467843359511,0.5281922466324316,0.5996629152370013,0.5845639911627425,0.5863199023429957,0.5758571679422244,0.024681687184575796,331,0.6312849162011174,0.5558345364383905,0.658480321385977,0.6407005209967988,0.6434781244115246,0.6259556838867617,0.036132185719486516,331
357,0.017676448822021483,0.016946790844654773,0.057091140747070314,0.021450335532998847,entropy,4,5,3,random,"{'criterion': 'entropy', 'max_depth': 4, 'min_samples_leaf': 5, 'min_samples_split': 3, 'splitter': 'random'}",0.6312849162011173,0.5546218487394958,0.6582633053221288,0.6414565826330533,0.6442577030812325,0.6259768711954055,0.036704056126580877,331,0.6556291390728477,0.9166666666666666,0.6887417218543046,0.8048780487804879,0.8227848101265823,0.7777400773001778,0.0947606281018674,79,0.6135265700483091,0.5285285285285285,0.6359223300970874,0.5927272727272728,0.5935251798561151,0.5928459762514626,0.0358342537527412,403,0.553072625698324,0.12290502793296089,0.5810055865921788,0.3707865168539326,0.3651685393258427,0.39858765928064777,0.16433658106415283,415,0.7094972067039106,0.9887640449438202,0.7359550561797753,0.9106145251396648,0.9217877094972067,0.8533237084928755,0.11024981179681598,157,0.6305858987090367,0.5827814569536424,0.653692614770459,0.63721657544957,0.6390395042602633,0.6286632100285943,0.024150075116784856,331,0.6312849162011174,0.5558345364383905,0.6584803213859771,0.6407005209967986,0.6434781244115246,0.6259556838867617,0.03613218571948652,331,0.5805467843359511,0.5281922466324316,0.5996629152370013,0.5845639911627425,0.5863199023429957,0.5758571679422244,0.024681687184575796,331,0.6312849162011174,0.5558345364383905,0.658480321385977,0.6407005209967988,0.6434781244115246,0.6259556838867617,0.036132185719486516,331
549,0.008366250991821289,0.0014844439360603917,0.053550100326538085,0.017562386048179328,log_loss,4,5,3,random,"{'criterion': 'log_loss', 'max_depth': 4, 'min_samples_leaf': 5, 'min_samples_split': 3, 'splitter': 'random'}",0.6312849162011173,0.5546218487394958,0.6582633053221288,0.6414565826330533,0.6442577030812325,0.6259768711954055,0.036704056126580877,331,0.6556291390728477,0.9166666666666666,0.6887417218543046,0.8048780487804879,0.8227848101265823,0.7777400773001778,0.0947606281018674,79,0.6135265700483091,0.5285285285285285,0.6359223300970874,0.5927272727272728,0.5935251798561151,0.5928459762514626,0.0358342537527412,403,0.553072625698324,0.12290502793296089,0.5810055865921788,0.3707865168539326,0.3651685393258427,0.39858765928064777,0.16433658106415283,415,0.7094972067039106,0.9887640449438202,0.7359550561797753,0.9106145251396648,0.9217877094972067,0.8533237084928755,0.11024981179681598,157,0.6305858987090367,0.5827814569536424,0.653692614770459,0.63721657544957,0.6390395042602633,0.6286632100285943,0.024150075116784856,331,0.6312849162011174,0.5558345364383905,0.6584803213859771,0.6407005209967986,0.6434781244115246,0.6259556838867617,0.03613218571948652,331,0.5805467843359511,0.5281922466324316,0.5996629152370013,0.5845639911627425,0.5863199023429957,0.5758571679422244,0.024681687184575796,331,0.6312849162011174,0.5558345364383905,0.658480321385977,0.6407005209967988,0.6434781244115246,0.6259556838867617,0.036132185719486516,331
359,0.008267068862915039,0.0020294472942935706,0.047345209121704104,0.012074568776094785,entropy,4,5,4,random,"{'criterion': 'entropy', 'max_depth': 4, 'min_samples_leaf': 5, 'min_samples_split': 4, 'splitter': 'random'}",0.6312849162011173,0.5546218487394958,0.6582633053221288,0.6414565826330533,0.6442577030812325,0.6259768711954055,0.036704056126580877,331,0.6556291390728477,0.9166666666666666,0.6887417218543046,0.8048780487804879,0.8227848101265823,0.7777400773001778,0.0947606281018674,79,0.6135265700483091,0.5285285285285285,0.6359223300970874,0.5927272727272728,0.5935251798561151,0.5928459762514626,0.0358342537527412,403,0.553072625698324,0.12290502793296089,0.5810055865921788,0.3707865168539326,0.3651685393258427,0.39858765928064777,0.16433658106415283,415,0.7094972067039106,0.9887640449438202,0.7359550561797753,0.9106145251396648,0.9217877094972067,0.8533237084928755,0.11024981179681598,157,0.6305858987090367,0.5827814569536424,0.653692614770459,0.63721657544957,0.6390395042602633,0.6286632100285943,0.024150075116784856,331,0.6312849162011174,0.5558345364383905,0.6584803213859771,0.6407005209967986,0.6434781244115246,0.6259556838867617,0.03613218571948652,331,0.5805467843359511,0.5281922466324316,0.5996629152370013,0.5845639911627425,0.5863199023429957,0.5758571679422244,0.024681687184575796,331,0.6312849162011174,0.5558345364383905,0.658480321385977,0.6407005209967988,0.6434781244115246,0.6259556838867617,0.036132185719486516,331
363,0.008867883682250976,0.0023715866911839813,0.04379968643188477,0.008941303304312937,entropy,4,6,3,random,"{'criterion': 'entropy', 'max_depth': 4, 'min_samples_leaf': 6, 'min_samples_split': 3, 'splitter': 'random'}",0.6229050279329609,0.5546218487394958,0.6582633053221288,0.6414565826330533,0.6442577030812325,0.6243008935417742,0.03661462837305604,337,0.6617647058823529,0.9166666666666666,0.6887417218543046,0.8048780487804879,0.8227848101265823,0.7789671906620788,0.09319824000058255,55,0.5990990990990991,0.5285285285285285,0.6359223300970874,0.5927272727272728,0.5935251798561151,0.5899604820616206,0.034612867295382044,409,0.5027932960893855,0.12290502793296089,0.5810055865921788,0.3707865168539326,0.3651685393258427,0.38853179335886007,0.15589750932951657,445,0.7430167597765364,0.9887640449438202,0.7359550561797753,0.9106145251396648,0.9217877094972067,0.8600276191074008,0.10201171818647792,121,0.6232427366447985,0.5827814569536424,0.653692614770459,0.63721657544957,0.6390395042602633,0.6271945776157466,0.024211695664921772,337,0.6229050279329609,0.5558345364383905,0.6584803213859771,0.6407005209967986,0.6434781244115246,0.6242797062331304,0.03604035378169326,337,0.5736322915093865,0.5281922466324316,0.5996629152370013,0.5845639911627425,0.5863199023429957,0.5744742693769116,0.0245736604615496,337,0.6229050279329609,0.5558345364383905,0.658480321385977,0.6407005209967988,0.6434781244115246,0.6242797062331304,0.036040353781693256,337
365,0.017449617385864258,0.017646015556027607,0.0608065128326416,0.015408292157876887,entropy,4,6,4,random,"{'criterion': 'entropy', 'max_depth': 4, 'min_samples_leaf': 6, 'min_samples_split': 4, 'splitter': 'random'}",0.6229050279329609,0.5546218487394958,0.6582633053221288,0.6414565826330533,0.6442577030812325,0.6243008935417742,0.03661462837305604,337,0.6617647058823529,0.9166666666666666,0.6887417218543046,0.8048780487804879,0.8227848101265823,0.7789671906620788,0.09319824000058255,55,0.5990990990990991,0.5285285285285285,0.6359223300970874,0.5927272727272728,0.5935251798561151,0.5899604820616206,0.034612867295382044,409,0.5027932960893855,0.12290502793296089,0.5810055865921788,0.3707865168539326,0.3651685393258427,0.38853179335886007,0.15589750932951657,445,0.7430167597765364,0.9887640449438202,0.7359550561797753,0.9106145251396648,0.9217877094972067,0.8600276191074008,0.10201171818647792,121,0.6232427366447985,0.5827814569536424,0.653692614770459,0.63721657544957,0.6390395042602633,0.6271945776157466,0.024211695664921772,337,0.6229050279329609,0.5558345364383905,0.6584803213859771,0.6407005209967986,0.6434781244115246,0.6242797062331304,0.03604035378169326,337,0.5736322915093865,0.5281922466324316,0.5996629152370013,0.5845639911627425,0.5863199023429957,0.5744742693769116,0.0245736604615496,337,0.6229050279329609,0.5558345364383905,0.658480321385977,0.6407005209967988,0.6434781244115246,0.6242797062331304,0.036040353781693256,337
557,0.008325338363647461,0.00442347614986725,0.08194794654846191,0.020139216513355408,log_loss,4,6,4,random,"{'criterion': 'log_loss', 'max_depth': 4, 'min_samples_leaf': 6, 'min_samples_split': 4, 'splitter': 'random'}",0.6229050279329609,0.5546218487394958,0.6582633053221288,0.6414565826330533,0.6442577030812325,0.6243008935417742,0.03661462837305604,337,0.6617647058823529,0.9166666666666666,0.6887417218543046,0.8048780487804879,0.8227848101265823,0.7789671906620788,0.09319824000058255,55,0.5990990990990991,0.5285285285285285,0.6359223300970874,0.5927272727272728,0.5935251798561151,0.5899604820616206,0.034612867295382044,409,0.5027932960893855,0.12290502793296089,0.5810055865921788,0.3707865168539326,0.3651685393258427,0.38853179335886007,0.15589750932951657,445,0.7430167597765364,0.9887640449438202,0.7359550561797753,0.9106145251396648,0.9217877094972067,0.8600276191074008,0.10201171818647792,121,0.6232427366447985,0.5827814569536424,0.653692614770459,0.63721657544957,0.6390395042602633,0.6271945776157466,0.024211695664921772,337,0.6229050279329609,0.5558345364383905,0.6584803213859771,0.6407005209967986,0.6434781244115246,0.6242797062331304,0.03604035378169326,337,0.5736322915093865,0.5281922466324316,0.5996629152370013,0.5845639911627425,0.5863199023429957,0.5744742693769116,0.0245736604615496,337,0.6229050279329609,0.5558345364383905,0.658480321385977,0.6407005209967988,0.6434781244115246,0.6242797062331304,0.036040353781693256,337
361,0.00634913444519043,0.003202991545026782,0.09260058403015137,0.025224051463946663,entropy,4,6,2,random,"{'criterion': 'entropy', 'max_depth': 4, 'min_samples_leaf': 6, 'min_samples_split': 2, 'splitter': 'random'}",0.6229050279329609,0.5546218487394958,0.6582633053221288,0.6414565826330533,0.6442577030812325,0.6243008935417742,0.03661462837305604,337,0.6617647058823529,0.9166666666666666,0.6887417218543046,0.8048780487804879,0.8227848101265823,0.7789671906620788,0.09319824000058255,55,0.5990990990990991,0.5285285285285285,0.6359223300970874,0.5927272727272728,0.5935251798561151,0.5899604820616206,0.034612867295382044,409,0.5027932960893855,0.12290502793296089,0.5810055865921788,0.3707865168539326,0.3651685393258427,0.38853179335886007,0.15589750932951657,445,0.7430167597765364,0.9887640449438202,0.7359550561797753,0.9106145251396648,0.9217877094972067,0.8600276191074008,0.10201171818647792,121,0.6232427366447985,0.5827814569536424,0.653692614770459,0.63721657544957,0.6390395042602633,0.6271945776157466,0.024211695664921772,337,0.6229050279329609,0.5558345364383905,0.6584803213859771,0.6407005209967986,0.6434781244115246,0.6242797062331304,0.03604035378169326,337,0.5736322915093865,0.5281922466324316,0.5996629152370013,0.5845639911627425,0.5863199023429957,0.5744742693769116,0.0245736604615496,337,0.6229050279329609,0.5558345364383905,0.658480321385977,0.6407005209967988,0.6434781244115246,0.6242797062331304,0.036040353781693256,337
553,0.013808298110961913,0.011781904990003282,0.0633824348449707,0.017119544320195593,log_loss,4,6,2,random,"{'criterion': 'log_loss', 'max_depth': 4, 'min_samples_leaf': 6, 'min_samples_split': 2, 'splitter': 'random'}",0.6229050279329609,0.5546218487394958,0.6582633053221288,0.6414565826330533,0.6442577030812325,0.6243008935417742,0.03661462837305604,337,0.6617647058823529,0.9166666666666666,0.6887417218543046,0.8048780487804879,0.8227848101265823,0.7789671906620788,0.09319824000058255,55,0.5990990990990991,0.5285285285285285,0.6359223300970874,0.5927272727272728,0.5935251798561151,0.5899604820616206,0.034612867295382044,409,0.5027932960893855,0.12290502793296089,0.5810055865921788,0.3707865168539326,0.3651685393258427,0.38853179335886007,0.15589750932951657,445,0.7430167597765364,0.9887640449438202,0.7359550561797753,0.9106145251396648,0.9217877094972067,0.8600276191074008,0.10201171818647792,121,0.6232427366447985,0.5827814569536424,0.653692614770459,0.63721657544957,0.6390395042602633,0.6271945776157466,0.024211695664921772,337,0.6229050279329609,0.5558345364383905,0.6584803213859771,0.6407005209967986,0.6434781244115246,0.6242797062331304,0.03604035378169326,337,0.5736322915093865,0.5281922466324316,0.5996629152370013,0.5845639911627425,0.5863199023429957,0.5744742693769116,0.0245736604615496,337,0.6229050279329609,0.5558345364383905,0.658480321385977,0.6407005209967988,0.6434781244115246,0.6242797062331304,0.036040353781693256,337
555,0.009404802322387695,0.006630353659106209,0.057024812698364256,0.015526026012632886,log_loss,4,6,3,random,"{'criterion': 'log_loss', 'max_depth': 4, 'min_samples_leaf': 6, 'min_samples_split': 3, 'splitter': 'random'}",0.6229050279329609,0.5546218487394958,0.6582633053221288,0.6414565826330533,0.6442577030812325,0.6243008935417742,0.03661462837305604,337,0.6617647058823529,0.9166666666666666,0.6887417218543046,0.8048780487804879,0.8227848101265823,0.7789671906620788,0.09319824000058255,55,0.5990990990990991,0.5285285285285285,0.6359223300970874,0.5927272727272728,0.5935251798561151,0.5899604820616206,0.034612867295382044,409,0.5027932960893855,0.12290502793296089,0.5810055865921788,0.3707865168539326,0.3651685393258427,0.38853179335886007,0.15589750932951657,445,0.7430167597765364,0.9887640449438202,0.7359550561797753,0.9106145251396648,0.9217877094972067,0.8600276191074008,0.10201171818647792,121,0.6232427366447985,0.5827814569536424,0.653692614770459,0.63721657544957,0.6390395042602633,0.6271945776157466,0.024211695664921772,337,0.6229050279329609,0.5558345364383905,0.6584803213859771,0.6407005209967986,0.6434781244115246,0.6242797062331304,0.03604035378169326,337,0.5736322915093865,0.5281922466324316,0.5996629152370013,0.5845639911627425,0.5863199023429957,0.5744742693769116,0.0245736604615496,337,0.6229050279329609,0.5558345364383905,0.658480321385977,0.6407005209967988,0.6434781244115246,0.6242797062331304,0.036040353781693256,337
101,0.007158851623535157,0.0053980241190923215,0.04940462112426758,0.004958420497422295,gini,3,2,4,random,"{'criterion': 'gini', 'max_depth': 3, 'min_samples_leaf': 2, 'min_samples_split': 4, 'splitter': 'random'}",0.5865921787709497,0.5938375350140056,0.6470588235294118,0.6246498599439776,0.6470588235294118,0.6198394441575512,0.025637508699611008,361,0.6448598130841121,0.5801886792452831,0.6280193236714976,0.6122448979591837,0.8333333333333334,0.6597292094586821,0.08938284333883731,481,0.5617529880478087,0.6137931034482759,0.6733333333333333,0.639751552795031,0.5949820788530465,0.6167226112954991,0.03804733431749219,313,0.3854748603351955,0.6871508379888268,0.7262569832402235,0.6741573033707865,0.3651685393258427,0.567641704852175,0.15809298160797466,289,0.7877094972067039,0.5,0.5674157303370787,0.5754189944134078,0.9273743016759777,0.6715837047266338,0.16028325882174488,445,0.5959425190194421,0.5870712401055409,0.6491002570694088,0.6257594167679222,0.640926640926641,0.6197600147777911,0.024415969357235504,373,0.5865921787709497,0.5935754189944134,0.646836356788651,0.6247881488920972,0.6462714205009101,0.6196127047894043,0.02548291570181305,361,0.548643415166151,0.5561962716120932,0.5977461996034369,0.5810103492453575,0.588185655712396,0.5743563782678869,0.01883376718416268,343,0.5865921787709497,0.5935754189944135,0.6468363567886511,0.6247881488920972,0.6462714205009101,0.6196127047894043,0.025482915701813054,361
99,0.006042575836181641,0.0036735800275951554,0.053797578811645506,0.015272783372130123,gini,3,2,3,random,"{'criterion': 'gini', 'max_depth': 3, 'min_samples_leaf': 2, 'min_samples_split': 3, 'splitter': 'random'}",0.5865921787709497,0.5938375350140056,0.6470588235294118,0.6246498599439776,0.6470588235294118,0.6198394441575512,0.025637508699611008,361,0.6448598130841121,0.5801886792452831,0.6280193236714976,0.6122448979591837,0.8333333333333334,0.6597292094586821,0.08938284333883731,481,0.5617529880478087,0.6137931034482759,0.6733333333333333,0.639751552795031,0.5949820788530465,0.6167226112954991,0.03804733431749219,313,0.3854748603351955,0.6871508379888268,0.7262569832402235,0.6741573033707865,0.3651685393258427,0.567641704852175,0.15809298160797466,289,0.7877094972067039,0.5,0.5674157303370787,0.5754189944134078,0.9273743016759777,0.6715837047266338,0.16028325882174488,445,0.5959425190194421,0.5870712401055409,0.6491002570694088,0.6257594167679222,0.640926640926641,0.6197600147777911,0.024415969357235504,373,0.5865921787709497,0.5935754189944134,0.646836356788651,0.6247881488920972,0.6462714205009101,0.6196127047894043,0.02548291570181305,361,0.548643415166151,0.5561962716120932,0.5977461996034369,0.5810103492453575,0.588185655712396,0.5743563782678869,0.01883376718416268,343,0.5865921787709497,0.5935754189944135,0.6468363567886511,0.6247881488920972,0.6462714205009101,0.6196127047894043,0.025482915701813054,361
97,0.005600452423095703,0.0030084016903276,0.04650015830993652,0.0067773912789147244,gini,3,2,2,random,"{'criterion': 'gini', 'max_depth': 3, 'min_samples_leaf': 2, 'min_samples_split': 2, 'splitter': 'random'}",0.5865921787709497,0.5938375350140056,0.6470588235294118,0.6246498599439776,0.6470588235294118,0.6198394441575512,0.025637508699611008,361,0.6448598130841121,0.5801886792452831,0.6280193236714976,0.6122448979591837,0.8333333333333334,0.6597292094586821,0.08938284333883731,481,0.5617529880478087,0.6137931034482759,0.6733333333333333,0.639751552795031,0.5949820788530465,0.6167226112954991,0.03804733431749219,313,0.3854748603351955,0.6871508379888268,0.7262569832402235,0.6741573033707865,0.3651685393258427,0.567641704852175,0.15809298160797466,289,0.7877094972067039,0.5,0.5674157303370787,0.5754189944134078,0.9273743016759777,0.6715837047266338,0.16028325882174488,445,0.5959425190194421,0.5870712401055409,0.6491002570694088,0.6257594167679222,0.640926640926641,0.6197600147777911,0.024415969357235504,373,0.5865921787709497,0.5935754189944134,0.646836356788651,0.6247881488920972,0.6462714205009101,0.6196127047894043,0.02548291570181305,361,0.548643415166151,0.5561962716120932,0.5977461996034369,0.5810103492453575,0.588185655712396,0.5743563782678869,0.01883376718416268,343,0.5865921787709497,0.5935754189944135,0.6468363567886511,0.6247881488920972,0.6462714205009101,0.6196127047894043,0.025482915701813054,361
135,0.004710149765014648,0.004060494456379607,0.044626808166503905,0.003589732513097585,gini,3,8,3,random,"{'criterion': 'gini', 'max_depth': 3, 'min_samples_leaf': 8, 'min_samples_split': 3, 'splitter': 'random'}",0.5865921787709497,0.5938375350140056,0.6470588235294118,0.6246498599439776,0.6442577030812325,0.6192792200679154,0.025060713325581067,364,0.6448598130841121,0.5801886792452831,0.6280193236714976,0.6134020618556701,0.8227848101265823,0.657850937596629,0.08516925001439322,484,0.5617529880478087,0.6137931034482759,0.6733333333333333,0.6380368098159509,0.5935251798561151,0.6160882829002967,0.038014258817591726,316,0.3854748603351955,0.6871508379888268,0.7262569832402235,0.6685393258426966,0.3651685393258427,0.5665181093465571,0.15735018209583665,292,0.7877094972067039,0.5,0.5674157303370787,0.5810055865921788,0.9217877094972067,0.6715837047266338,0.15785029222860256,445,0.5959425190194421,0.5870712401055409,0.6491002570694088,0.6257521058965102,0.6390395042602633,0.619381125270233,0.024097987450772948,388,0.5865921787709497,0.5935754189944134,0.646836356788651,0.6247724562174377,0.6434781244115246,0.6190509070365953,0.024915962045424764,364,0.548643415166151,0.5561962716120932,0.5977461996034369,0.5807869845679643,0.5863199023429957,0.5739385546585283,0.0185560524367097,346,0.5865921787709497,0.5935754189944135,0.6468363567886511,0.6247724562174377,0.6434781244115246,0.6190509070365954,0.024915962045424768,364
143,0.004223299026489258,0.0035481461285422375,0.04322857856750488,0.005054765363151701,gini,3,9,4,random,"{'criterion': 'gini', 'max_depth': 3, 'min_samples_leaf': 9, 'min_samples_split': 4, 'splitter': 'random'}",0.5865921787709497,0.5938375350140056,0.6470588235294118,0.6246498599439776,0.6442577030812325,0.6192792200679154,0.025060713325581067,364,0.6448598130841121,0.5801886792452831,0.6280193236714976,0.6134020618556701,0.8227848101265823,0.657850937596629,0.08516925001439322,484,0.5617529880478087,0.6137931034482759,0.6733333333333333,0.6380368098159509,0.5935251798561151,0.6160882829002967,0.038014258817591726,316,0.3854748603351955,0.6871508379888268,0.7262569832402235,0.6685393258426966,0.3651685393258427,0.5665181093465571,0.15735018209583665,292,0.7877094972067039,0.5,0.5674157303370787,0.5810055865921788,0.9217877094972067,0.6715837047266338,0.15785029222860256,445,0.5959425190194421,0.5870712401055409,0.6491002570694088,0.6257521058965102,0.6390395042602633,0.619381125270233,0.024097987450772948,388,0.5865921787709497,0.5935754189944134,0.646836356788651,0.6247724562174377,0.6434781244115246,0.6190509070365953,0.024915962045424764,364,0.548643415166151,0.5561962716120932,0.5977461996034369,0.5807869845679643,0.5863199023429957,0.5739385546585283,0.0185560524367097,346,0.5865921787709497,0.5935754189944135,0.6468363567886511,0.6247724562174377,0.6434781244115246,0.6190509070365954,0.024915962045424768,364
137,0.007375955581665039,0.004919682614784241,0.053521013259887694,0.015177592299252696,gini,3,8,4,random,"{'criterion': 'gini', 'max_depth': 3, 'min_samples_leaf': 8, 'min_samples_split': 4, 'splitter': 'random'}",0.5865921787709497,0.5938375350140056,0.6470588235294118,0.6246498599439776,0.6442577030812325,0.6192792200679154,0.025060713325581067,364,0.6448598130841121,0.5801886792452831,0.6280193236714976,0.6134020618556701,0.8227848101265823,0.657850937596629,0.08516925001439322,484,0.5617529880478087,0.6137931034482759,0.6733333333333333,0.6380368098159509,0.5935251798561151,0.6160882829002967,0.038014258817591726,316,0.3854748603351955,0.6871508379888268,0.7262569832402235,0.6685393258426966,0.3651685393258427,0.5665181093465571,0.15735018209583665,292,0.7877094972067039,0.5,0.5674157303370787,0.5810055865921788,0.9217877094972067,0.6715837047266338,0.15785029222860256,445,0.5959425190194421,0.5870712401055409,0.6491002570694088,0.6257521058965102,0.6390395042602633,0.619381125270233,0.024097987450772948,388,0.5865921787709497,0.5935754189944134,0.646836356788651,0.6247724562174377,0.6434781244115246,0.6190509070365953,0.024915962045424764,364,0.548643415166151,0.5561962716120932,0.5977461996034369,0.5807869845679643,0.5863199023429957,0.5739385546585283,0.0185560524367097,346,0.5865921787709497,0.5935754189944135,0.6468363567886511,0.6247724562174377,0.6434781244115246,0.6190509070365954,0.024915962045424768,364
133,0.006718349456787109,0.0039433948515022925,0.05780878067016602,0.011652020297132767,gini,3,8,2,random,"{'criterion': 'gini', 'max_depth': 3, 'min_samples_leaf': 8, 'min_samples_split': 2, 'splitter': 'random'}",0.5865921787709497,0.5938375350140056,0.6470588235294118,0.6246498599439776,0.6442577030812325,0.6192792200679154,0.025060713325581067,364,0.6448598130841121,0.5801886792452831,0.6280193236714976,0.6134020618556701,0.8227848101265823,0.657850937596629,0.08516925001439322,484,0.5617529880478087,0.6137931034482759,0.6733333333333333,0.6380368098159509,0.5935251798561151,0.6160882829002967,0.038014258817591726,316,0.3854748603351955,0.6871508379888268,0.7262569832402235,0.6685393258426966,0.3651685393258427,0.5665181093465571,0.15735018209583665,292,0.7877094972067039,0.5,0.5674157303370787,0.5810055865921788,0.9217877094972067,0.6715837047266338,0.15785029222860256,445,0.5959425190194421,0.5870712401055409,0.6491002570694088,0.6257521058965102,0.6390395042602633,0.619381125270233,0.024097987450772948,388,0.5865921787709497,0.5935754189944134,0.646836356788651,0.6247724562174377,0.6434781244115246,0.6190509070365953,0.024915962045424764,364,0.548643415166151,0.5561962716120932,0.5977461996034369,0.5807869845679643,0.5863199023429957,0.5739385546585283,0.0185560524367097,346,0.5865921787709497,0.5935754189944135,0.6468363567886511,0.6247724562174377,0.6434781244115246,0.6190509070365954,0.024915962045424768,364
141,0.013778209686279297,0.0075784350012045075,0.04674887657165527,0.0032125206249605867,gini,3,9,3,random,"{'criterion': 'gini', 'max_depth': 3, 'min_samples_leaf': 9, 'min_samples_split': 3, 'splitter': 'random'}",0.5865921787709497,0.5938375350140056,0.6470588235294118,0.6246498599439776,0.6442577030812325,0.6192792200679154,0.025060713325581067,364,0.6448598130841121,0.5801886792452831,0.6280193236714976,0.6134020618556701,0.8227848101265823,0.657850937596629,0.08516925001439322,484,0.5617529880478087,0.6137931034482759,0.6733333333333333,0.6380368098159509,0.5935251798561151,0.6160882829002967,0.038014258817591726,316,0.3854748603351955,0.6871508379888268,0.7262569832402235,0.6685393258426966,0.3651685393258427,0.5665181093465571,0.15735018209583665,292,0.7877094972067039,0.5,0.5674157303370787,0.5810055865921788,0.9217877094972067,0.6715837047266338,0.15785029222860256,445,0.5959425190194421,0.5870712401055409,0.6491002570694088,0.6257521058965102,0.6390395042602633,0.619381125270233,0.024097987450772948,388,0.5865921787709497,0.5935754189944134,0.646836356788651,0.6247724562174377,0.6434781244115246,0.6190509070365953,0.024915962045424764,364,0.548643415166151,0.5561962716120932,0.5977461996034369,0.5807869845679643,0.5863199023429957,0.5739385546585283,0.0185560524367097,346,0.5865921787709497,0.5935754189944135,0.6468363567886511,0.6247724562174377,0.6434781244115246,0.6190509070365954,0.024915962045424768,364
139,0.00754842758178711,0.005530185355955141,0.04478583335876465,0.0033770530994278194,gini,3,9,2,random,"{'criterion': 'gini', 'max_depth': 3, 'min_samples_leaf': 9, 'min_samples_split': 2, 'splitter': 'random'}",0.5865921787709497,0.5938375350140056,0.6470588235294118,0.6246498599439776,0.6442577030812325,0.6192792200679154,0.025060713325581067,364,0.6448598130841121,0.5801886792452831,0.6280193236714976,0.6134020618556701,0.8227848101265823,0.657850937596629,0.08516925001439322,484,0.5617529880478087,0.6137931034482759,0.6733333333333333,0.6380368098159509,0.5935251798561151,0.6160882829002967,0.038014258817591726,316,0.3854748603351955,0.6871508379888268,0.7262569832402235,0.6685393258426966,0.3651685393258427,0.5665181093465571,0.15735018209583665,292,0.7877094972067039,0.5,0.5674157303370787,0.5810055865921788,0.9217877094972067,0.6715837047266338,0.15785029222860256,445,0.5959425190194421,0.5870712401055409,0.6491002570694088,0.6257521058965102,0.6390395042602633,0.619381125270233,0.024097987450772948,388,0.5865921787709497,0.5935754189944134,0.646836356788651,0.6247724562174377,0.6434781244115246,0.6190509070365953,0.024915962045424764,364,0.548643415166151,0.5561962716120932,0.5977461996034369,0.5807869845679643,0.5863199023429957,0.5739385546585283,0.0185560524367097,346,0.5865921787709497,0.5935754189944135,0.6468363567886511,0.6247724562174377,0.6434781244115246,0.6190509070365954,0.024915962045424768,364
373,0.00495457649230957,0.00297196292705196,0.05852651596069336,0.017183084869064114,entropy,4,8,2,random,"{'criterion': 'entropy', 'max_depth': 4, 'min_samples_leaf': 8, 'min_samples_split': 2, 'splitter': 'random'}",0.61731843575419,0.5546218487394958,0.6582633053221288,0.6414565826330533,0.6442577030812325,0.62318357510602,0.03672524833955014,343,0.65,0.9166666666666666,0.6887417218543046,0.8048780487804879,0.8227848101265823,0.7766142494856082,0.09622680693430327,85,0.5963302752293578,0.5285285285285285,0.6359223300970874,0.5927272727272728,0.5935251798561151,0.5894067172876722,0.03448414006048684,415,0.5083798882681564,0.12290502793296089,0.5810055865921788,0.3707865168539326,0.3651685393258427,0.38964911179461426,0.15673021401149745,433,0.7262569832402235,0.9887640449438202,0.7359550561797753,0.9106145251396648,0.9217877094972067,0.8566756638001382,0.10599888398831293,133,0.6184586108468125,0.5827814569536424,0.653692614770459,0.63721657544957,0.6390395042602633,0.6262377524561493,0.02444239567330512,343,0.6173184357541899,0.5558345364383905,0.6584803213859771,0.6407005209967986,0.6434781244115246,0.6231623877973762,0.03615207614333011,343,0.5699605350827738,0.5281922466324316,0.5996629152370013,0.5845639911627425,0.5863199023429957,0.5737399180915889,0.024642615339671357,352,0.61731843575419,0.5558345364383905,0.658480321385977,0.6407005209967988,0.6434781244115246,0.6231623877973762,0.03615207614333009,343
563,0.006061029434204101,0.005192598583505848,0.052373075485229494,0.00943772714200974,log_loss,4,7,4,random,"{'criterion': 'log_loss', 'max_depth': 4, 'min_samples_leaf': 7, 'min_samples_split': 4, 'splitter': 'random'}",0.61731843575419,0.5546218487394958,0.6582633053221288,0.6414565826330533,0.6442577030812325,0.62318357510602,0.03672524833955014,343,0.65,0.9166666666666666,0.6887417218543046,0.8048780487804879,0.8227848101265823,0.7766142494856082,0.09622680693430327,85,0.5963302752293578,0.5285285285285285,0.6359223300970874,0.5927272727272728,0.5935251798561151,0.5894067172876722,0.03448414006048684,415,0.5083798882681564,0.12290502793296089,0.5810055865921788,0.3707865168539326,0.3651685393258427,0.38964911179461426,0.15673021401149745,433,0.7262569832402235,0.9887640449438202,0.7359550561797753,0.9106145251396648,0.9217877094972067,0.8566756638001382,0.10599888398831293,133,0.6184586108468125,0.5827814569536424,0.653692614770459,0.63721657544957,0.6390395042602633,0.6262377524561493,0.02444239567330512,343,0.6173184357541899,0.5558345364383905,0.6584803213859771,0.6407005209967986,0.6434781244115246,0.6231623877973762,0.03615207614333011,343,0.5699605350827738,0.5281922466324316,0.5996629152370013,0.5845639911627425,0.5863199023429957,0.5737399180915889,0.024642615339671357,352,0.61731843575419,0.5558345364383905,0.658480321385977,0.6407005209967988,0.6434781244115246,0.6231623877973762,0.03615207614333009,343
369,0.01234297752380371,0.008622341022445591,0.05816564559936523,0.007480041181653631,entropy,4,7,3,random,"{'criterion': 'entropy', 'max_depth': 4, 'min_samples_leaf': 7, 'min_samples_split': 3, 'splitter': 'random'}",0.61731843575419,0.5546218487394958,0.6582633053221288,0.6414565826330533,0.6442577030812325,0.62318357510602,0.03672524833955014,343,0.65,0.9166666666666666,0.6887417218543046,0.8048780487804879,0.8227848101265823,0.7766142494856082,0.09622680693430327,85,0.5963302752293578,0.5285285285285285,0.6359223300970874,0.5927272727272728,0.5935251798561151,0.5894067172876722,0.03448414006048684,415,0.5083798882681564,0.12290502793296089,0.5810055865921788,0.3707865168539326,0.3651685393258427,0.38964911179461426,0.15673021401149745,433,0.7262569832402235,0.9887640449438202,0.7359550561797753,0.9106145251396648,0.9217877094972067,0.8566756638001382,0.10599888398831293,133,0.6184586108468125,0.5827814569536424,0.653692614770459,0.63721657544957,0.6390395042602633,0.6262377524561493,0.02444239567330512,343,0.6173184357541899,0.5558345364383905,0.6584803213859771,0.6407005209967986,0.6434781244115246,0.6231623877973762,0.03615207614333011,343,0.5699605350827738,0.5281922466324316,0.5996629152370013,0.5845639911627425,0.5863199023429957,0.5737399180915889,0.024642615339671357,352,0.61731843575419,0.5558345364383905,0.658480321385977,0.6407005209967988,0.6434781244115246,0.6231623877973762,0.03615207614333009,343
567,0.011228084564208984,0.002651201568029472,0.04092540740966797,0.002787569515278094,log_loss,4,8,3,random,"{'criterion': 'log_loss', 'max_depth': 4, 'min_samples_leaf': 8, 'min_samples_split': 3, 'splitter': 'random'}",0.61731843575419,0.5546218487394958,0.6582633053221288,0.6414565826330533,0.6442577030812325,0.62318357510602,0.03672524833955014,343,0.65,0.9166666666666666,0.6887417218543046,0.8048780487804879,0.8227848101265823,0.7766142494856082,0.09622680693430327,85,0.5963302752293578,0.5285285285285285,0.6359223300970874,0.5927272727272728,0.5935251798561151,0.5894067172876722,0.03448414006048684,415,0.5083798882681564,0.12290502793296089,0.5810055865921788,0.3707865168539326,0.3651685393258427,0.38964911179461426,0.15673021401149745,433,0.7262569832402235,0.9887640449438202,0.7359550561797753,0.9106145251396648,0.9217877094972067,0.8566756638001382,0.10599888398831293,133,0.6184586108468125,0.5827814569536424,0.653692614770459,0.63721657544957,0.6390395042602633,0.6262377524561493,0.02444239567330512,343,0.6173184357541899,0.5558345364383905,0.6584803213859771,0.6407005209967986,0.6434781244115246,0.6231623877973762,0.03615207614333011,343,0.5699605350827738,0.5281922466324316,0.5996629152370013,0.5845639911627425,0.5863199023429957,0.5737399180915889,0.024642615339671357,352,0.61731843575419,0.5558345364383905,0.658480321385977,0.6407005209967988,0.6434781244115246,0.6231623877973762,0.03615207614333009,343
371,0.006375789642333984,0.0048770648942015795,0.04265117645263672,0.005488844960017298,entropy,4,7,4,random,"{'criterion': 'entropy', 'max_depth': 4, 'min_samples_leaf': 7, 'min_samples_split': 4, 'splitter': 'random'}",0.61731843575419,0.5546218487394958,0.6582633053221288,0.6414565826330533,0.6442577030812325,0.62318357510602,0.03672524833955014,343,0.65,0.9166666666666666,0.6887417218543046,0.8048780487804879,0.8227848101265823,0.7766142494856082,0.09622680693430327,85,0.5963302752293578,0.5285285285285285,0.6359223300970874,0.5927272727272728,0.5935251798561151,0.5894067172876722,0.03448414006048684,415,0.5083798882681564,0.12290502793296089,0.5810055865921788,0.3707865168539326,0.3651685393258427,0.38964911179461426,0.15673021401149745,433,0.7262569832402235,0.9887640449438202,0.7359550561797753,0.9106145251396648,0.9217877094972067,0.8566756638001382,0.10599888398831293,133,0.6184586108468125,0.5827814569536424,0.653692614770459,0.63721657544957,0.6390395042602633,0.6262377524561493,0.02444239567330512,343,0.6173184357541899,0.5558345364383905,0.6584803213859771,0.6407005209967986,0.6434781244115246,0.6231623877973762,0.03615207614333011,343,0.5699605350827738,0.5281922466324316,0.5996629152370013,0.5845639911627425,0.5863199023429957,0.5737399180915889,0.024642615339671357,352,0.61731843575419,0.5558345364383905,0.658480321385977,0.6407005209967988,0.6434781244115246,0.6231623877973762,0.03615207614333009,343
569,0.007972097396850586,0.0049212385290702465,0.042120361328125,0.003079928208031547,log_loss,4,8,4,random,"{'criterion': 'log_loss', 'max_depth': 4, 'min_samples_leaf': 8, 'min_samples_split': 4, 'splitter': 'random'}",0.61731843575419,0.5546218487394958,0.6582633053221288,0.6414565826330533,0.6442577030812325,0.62318357510602,0.03672524833955014,343,0.65,0.9166666666666666,0.6887417218543046,0.8048780487804879,0.8227848101265823,0.7766142494856082,0.09622680693430327,85,0.5963302752293578,0.5285285285285285,0.6359223300970874,0.5927272727272728,0.5935251798561151,0.5894067172876722,0.03448414006048684,415,0.5083798882681564,0.12290502793296089,0.5810055865921788,0.3707865168539326,0.3651685393258427,0.38964911179461426,0.15673021401149745,433,0.7262569832402235,0.9887640449438202,0.7359550561797753,0.9106145251396648,0.9217877094972067,0.8566756638001382,0.10599888398831293,133,0.6184586108468125,0.5827814569536424,0.653692614770459,0.63721657544957,0.6390395042602633,0.6262377524561493,0.02444239567330512,343,0.6173184357541899,0.5558345364383905,0.6584803213859771,0.6407005209967986,0.6434781244115246,0.6231623877973762,0.03615207614333011,343,0.5699605350827738,0.5281922466324316,0.5996629152370013,0.5845639911627425,0.5863199023429957,0.5737399180915889,0.024642615339671357,352,0.61731843575419,0.5558345364383905,0.658480321385977,0.6407005209967988,0.6434781244115246,0.6231623877973762,0.03615207614333009,343
367,0.010196399688720704,0.012438183265720739,0.0685652732849121,0.01704541784316203,entropy,4,7,2,random,"{'criterion': 'entropy', 'max_depth': 4, 'min_samples_leaf': 7, 'min_samples_split': 2, 'splitter': 'random'}",0.61731843575419,0.5546218487394958,0.6582633053221288,0.6414565826330533,0.6442577030812325,0.62318357510602,0.03672524833955014,343,0.65,0.9166666666666666,0.6887417218543046,0.8048780487804879,0.8227848101265823,0.7766142494856082,0.09622680693430327,85,0.5963302752293578,0.5285285285285285,0.6359223300970874,0.5927272727272728,0.5935251798561151,0.5894067172876722,0.03448414006048684,415,0.5083798882681564,0.12290502793296089,0.5810055865921788,0.3707865168539326,0.3651685393258427,0.38964911179461426,0.15673021401149745,433,0.7262569832402235,0.9887640449438202,0.7359550561797753,0.9106145251396648,0.9217877094972067,0.8566756638001382,0.10599888398831293,133,0.6184586108468125,0.5827814569536424,0.653692614770459,0.63721657544957,0.6390395042602633,0.6262377524561493,0.02444239567330512,343,0.6173184357541899,0.5558345364383905,0.6584803213859771,0.6407005209967986,0.6434781244115246,0.6231623877973762,0.03615207614333011,343,0.5699605350827738,0.5281922466324316,0.5996629152370013,0.5845639911627425,0.5863199023429957,0.5737399180915889,0.024642615339671357,352,0.61731843575419,0.5558345364383905,0.658480321385977,0.6407005209967988,0.6434781244115246,0.6231623877973762,0.03615207614333009,343
375,0.007920980453491211,0.0020494696093010805,0.04192914962768555,0.004783894812101781,entropy,4,8,3,random,"{'criterion': 'entropy', 'max_depth': 4, 'min_samples_leaf': 8, 'min_samples_split': 3, 'splitter': 'random'}",0.61731843575419,0.5546218487394958,0.6582633053221288,0.6414565826330533,0.6442577030812325,0.62318357510602,0.03672524833955014,343,0.65,0.9166666666666666,0.6887417218543046,0.8048780487804879,0.8227848101265823,0.7766142494856082,0.09622680693430327,85,0.5963302752293578,0.5285285285285285,0.6359223300970874,0.5927272727272728,0.5935251798561151,0.5894067172876722,0.03448414006048684,415,0.5083798882681564,0.12290502793296089,0.5810055865921788,0.3707865168539326,0.3651685393258427,0.38964911179461426,0.15673021401149745,433,0.7262569832402235,0.9887640449438202,0.7359550561797753,0.9106145251396648,0.9217877094972067,0.8566756638001382,0.10599888398831293,133,0.6184586108468125,0.5827814569536424,0.653692614770459,0.63721657544957,0.6390395042602633,0.6262377524561493,0.02444239567330512,343,0.6173184357541899,0.5558345364383905,0.6584803213859771,0.6407005209967986,0.6434781244115246,0.6231623877973762,0.03615207614333011,343,0.5699605350827738,0.5281922466324316,0.5996629152370013,0.5845639911627425,0.5863199023429957,0.5737399180915889,0.024642615339671357,352,0.61731843575419,0.5558345364383905,0.658480321385977,0.6407005209967988,0.6434781244115246,0.6231623877973762,0.03615207614333009,343
559,0.009528923034667968,0.003096533244970389,0.0448091983795166,0.007055488345200399,log_loss,4,7,2,random,"{'criterion': 'log_loss', 'max_depth': 4, 'min_samples_leaf': 7, 'min_samples_split': 2, 'splitter': 'random'}",0.61731843575419,0.5546218487394958,0.6582633053221288,0.6414565826330533,0.6442577030812325,0.62318357510602,0.03672524833955014,343,0.65,0.9166666666666666,0.6887417218543046,0.8048780487804879,0.8227848101265823,0.7766142494856082,0.09622680693430327,85,0.5963302752293578,0.5285285285285285,0.6359223300970874,0.5927272727272728,0.5935251798561151,0.5894067172876722,0.03448414006048684,415,0.5083798882681564,0.12290502793296089,0.5810055865921788,0.3707865168539326,0.3651685393258427,0.38964911179461426,0.15673021401149745,433,0.7262569832402235,0.9887640449438202,0.7359550561797753,0.9106145251396648,0.9217877094972067,0.8566756638001382,0.10599888398831293,133,0.6184586108468125,0.5827814569536424,0.653692614770459,0.63721657544957,0.6390395042602633,0.6262377524561493,0.02444239567330512,343,0.6173184357541899,0.5558345364383905,0.6584803213859771,0.6407005209967986,0.6434781244115246,0.6231623877973762,0.03615207614333011,343,0.5699605350827738,0.5281922466324316,0.5996629152370013,0.5845639911627425,0.5863199023429957,0.5737399180915889,0.024642615339671357,352,0.61731843575419,0.5558345364383905,0.658480321385977,0.6407005209967988,0.6434781244115246,0.6231623877973762,0.03615207614333009,343
565,0.009959125518798828,0.0023784409671433054,0.04474959373474121,0.001566161731154912,log_loss,4,8,2,random,"{'criterion': 'log_loss', 'max_depth': 4, 'min_samples_leaf': 8, 'min_samples_split': 2, 'splitter': 'random'}",0.61731843575419,0.5546218487394958,0.6582633053221288,0.6414565826330533,0.6442577030812325,0.62318357510602,0.03672524833955014,343,0.65,0.9166666666666666,0.6887417218543046,0.8048780487804879,0.8227848101265823,0.7766142494856082,0.09622680693430327,85,0.5963302752293578,0.5285285285285285,0.6359223300970874,0.5927272727272728,0.5935251798561151,0.5894067172876722,0.03448414006048684,415,0.5083798882681564,0.12290502793296089,0.5810055865921788,0.3707865168539326,0.3651685393258427,0.38964911179461426,0.15673021401149745,433,0.7262569832402235,0.9887640449438202,0.7359550561797753,0.9106145251396648,0.9217877094972067,0.8566756638001382,0.10599888398831293,133,0.6184586108468125,0.5827814569536424,0.653692614770459,0.63721657544957,0.6390395042602633,0.6262377524561493,0.02444239567330512,343,0.6173184357541899,0.5558345364383905,0.6584803213859771,0.6407005209967986,0.6434781244115246,0.6231623877973762,0.03615207614333011,343,0.5699605350827738,0.5281922466324316,0.5996629152370013,0.5845639911627425,0.5863199023429957,0.5737399180915889,0.024642615339671357,352,0.61731843575419,0.5558345364383905,0.658480321385977,0.6407005209967988,0.6434781244115246,0.6231623877973762,0.03615207614333009,343
377,0.005974626541137696,0.004227044051187775,0.06093864440917969,0.021413933181554476,entropy,4,8,4,random,"{'criterion': 'entropy', 'max_depth': 4, 'min_samples_leaf': 8, 'min_samples_split': 4, 'splitter': 'random'}",0.61731843575419,0.5546218487394958,0.6582633053221288,0.6414565826330533,0.6442577030812325,0.62318357510602,0.03672524833955014,343,0.65,0.9166666666666666,0.6887417218543046,0.8048780487804879,0.8227848101265823,0.7766142494856082,0.09622680693430327,85,0.5963302752293578,0.5285285285285285,0.6359223300970874,0.5927272727272728,0.5935251798561151,0.5894067172876722,0.03448414006048684,415,0.5083798882681564,0.12290502793296089,0.5810055865921788,0.3707865168539326,0.3651685393258427,0.38964911179461426,0.15673021401149745,433,0.7262569832402235,0.9887640449438202,0.7359550561797753,0.9106145251396648,0.9217877094972067,0.8566756638001382,0.10599888398831293,133,0.6184586108468125,0.5827814569536424,0.653692614770459,0.63721657544957,0.6390395042602633,0.6262377524561493,0.02444239567330512,343,0.6173184357541899,0.5558345364383905,0.6584803213859771,0.6407005209967986,0.6434781244115246,0.6231623877973762,0.03615207614333011,343,0.5699605350827738,0.5281922466324316,0.5996629152370013,0.5845639911627425,0.5863199023429957,0.5737399180915889,0.024642615339671357,352,0.61731843575419,0.5558345364383905,0.658480321385977,0.6407005209967988,0.6434781244115246,0.6231623877973762,0.03615207614333009,343
561,0.009679317474365234,0.002628281781360182,0.04586129188537598,0.004100968899113733,log_loss,4,7,3,random,"{'criterion': 'log_loss', 'max_depth': 4, 'min_samples_leaf': 7, 'min_samples_split': 3, 'splitter': 'random'}",0.61731843575419,0.5546218487394958,0.6582633053221288,0.6414565826330533,0.6442577030812325,0.62318357510602,0.03672524833955014,343,0.65,0.9166666666666666,0.6887417218543046,0.8048780487804879,0.8227848101265823,0.7766142494856082,0.09622680693430327,85,0.5963302752293578,0.5285285285285285,0.6359223300970874,0.5927272727272728,0.5935251798561151,0.5894067172876722,0.03448414006048684,415,0.5083798882681564,0.12290502793296089,0.5810055865921788,0.3707865168539326,0.3651685393258427,0.38964911179461426,0.15673021401149745,433,0.7262569832402235,0.9887640449438202,0.7359550561797753,0.9106145251396648,0.9217877094972067,0.8566756638001382,0.10599888398831293,133,0.6184586108468125,0.5827814569536424,0.653692614770459,0.63721657544957,0.6390395042602633,0.6262377524561493,0.02444239567330512,343,0.6173184357541899,0.5558345364383905,0.6584803213859771,0.6407005209967986,0.6434781244115246,0.6231623877973762,0.03615207614333011,343,0.5699605350827738,0.5281922466324316,0.5996629152370013,0.5845639911627425,0.5863199023429957,0.5737399180915889,0.024642615339671357,352,0.61731843575419,0.5558345364383905,0.658480321385977,0.6407005209967988,0.6434781244115246,0.6231623877973762,0.03615207614333009,343
107,0.012619924545288087,0.009558103571611234,0.08452296257019043,0.04518110711739445,gini,3,3,4,random,"{'criterion': 'gini', 'max_depth': 3, 'min_samples_leaf': 3, 'min_samples_split': 4, 'splitter': 'random'}",0.5865921787709497,0.5938375350140056,0.6470588235294118,0.6218487394957983,0.6442577030812325,0.6187189959782795,0.02496552088058112,370,0.6448598130841121,0.5801886792452831,0.6280193236714976,0.6102564102564103,0.8227848101265823,0.657221807276777,0.08550621403544652,490,0.5617529880478087,0.6137931034482759,0.6733333333333333,0.6358024691358025,0.5935251798561151,0.6156414147642671,0.03776594290299202,322,0.3854748603351955,0.6871508379888268,0.7262569832402235,0.6685393258426966,0.3651685393258427,0.5665181093465571,0.15735018209583665,292,0.7877094972067039,0.5,0.5674157303370787,0.5754189944134078,0.9217877094972067,0.6704663862908795,0.15850589125057093,466,0.5959425190194421,0.5870712401055409,0.6491002570694088,0.6227327690447401,0.6390395042602633,0.618777257899879,0.02396825333116268,394,0.5865921787709497,0.5935754189944134,0.646836356788651,0.6219791601280522,0.6434781244115246,0.6184922478187181,0.024812512423273345,370,0.548643415166151,0.5561962716120932,0.5977461996034369,0.5787379714973099,0.5863199023429957,0.5735287520443973,0.01842242725063546,364,0.5865921787709497,0.5935754189944135,0.6468363567886511,0.6219791601280522,0.6434781244115246,0.6184922478187183,0.02481251242327335,370
103,0.007254266738891601,0.004777862717549763,0.04861392974853516,0.0044915981219298415,gini,3,3,2,random,"{'criterion': 'gini', 'max_depth': 3, 'min_samples_leaf': 3, 'min_samples_split': 2, 'splitter': 'random'}",0.5865921787709497,0.5938375350140056,0.6470588235294118,0.6218487394957983,0.6442577030812325,0.6187189959782795,0.02496552088058112,370,0.6448598130841121,0.5801886792452831,0.6280193236714976,0.6102564102564103,0.8227848101265823,0.657221807276777,0.08550621403544652,490,0.5617529880478087,0.6137931034482759,0.6733333333333333,0.6358024691358025,0.5935251798561151,0.6156414147642671,0.03776594290299202,322,0.3854748603351955,0.6871508379888268,0.7262569832402235,0.6685393258426966,0.3651685393258427,0.5665181093465571,0.15735018209583665,292,0.7877094972067039,0.5,0.5674157303370787,0.5754189944134078,0.9217877094972067,0.6704663862908795,0.15850589125057093,466,0.5959425190194421,0.5870712401055409,0.6491002570694088,0.6227327690447401,0.6390395042602633,0.618777257899879,0.02396825333116268,394,0.5865921787709497,0.5935754189944134,0.646836356788651,0.6219791601280522,0.6434781244115246,0.6184922478187181,0.024812512423273345,370,0.548643415166151,0.5561962716120932,0.5977461996034369,0.5787379714973099,0.5863199023429957,0.5735287520443973,0.01842242725063546,364,0.5865921787709497,0.5935754189944135,0.6468363567886511,0.6219791601280522,0.6434781244115246,0.6184922478187183,0.02481251242327335,370
109,0.0069811344146728516,0.004999654250965409,0.060376882553100586,0.00864522341897044,gini,3,4,2,random,"{'criterion': 'gini', 'max_depth': 3, 'min_samples_leaf': 4, 'min_samples_split': 2, 'splitter': 'random'}",0.5865921787709497,0.5938375350140056,0.6470588235294118,0.6218487394957983,0.6442577030812325,0.6187189959782795,0.02496552088058112,370,0.6448598130841121,0.5801886792452831,0.6280193236714976,0.6102564102564103,0.8227848101265823,0.657221807276777,0.08550621403544652,490,0.5617529880478087,0.6137931034482759,0.6733333333333333,0.6358024691358025,0.5935251798561151,0.6156414147642671,0.03776594290299202,322,0.3854748603351955,0.6871508379888268,0.7262569832402235,0.6685393258426966,0.3651685393258427,0.5665181093465571,0.15735018209583665,292,0.7877094972067039,0.5,0.5674157303370787,0.5754189944134078,0.9217877094972067,0.6704663862908795,0.15850589125057093,466,0.5959425190194421,0.5870712401055409,0.6491002570694088,0.6227327690447401,0.6390395042602633,0.618777257899879,0.02396825333116268,394,0.5865921787709497,0.5935754189944134,0.646836356788651,0.6219791601280522,0.6434781244115246,0.6184922478187181,0.024812512423273345,370,0.548643415166151,0.5561962716120932,0.5977461996034369,0.5787379714973099,0.5863199023429957,0.5735287520443973,0.01842242725063546,364,0.5865921787709497,0.5935754189944135,0.6468363567886511,0.6219791601280522,0.6434781244115246,0.6184922478187183,0.02481251242327335,370
105,0.007793855667114258,0.0021396138516032374,0.09512419700622558,0.05531889374695076,gini,3,3,3,random,"{'criterion': 'gini', 'max_depth': 3, 'min_samples_leaf': 3, 'min_samples_split': 3, 'splitter': 'random'}",0.5865921787709497,0.5938375350140056,0.6470588235294118,0.6218487394957983,0.6442577030812325,0.6187189959782795,0.02496552088058112,370,0.6448598130841121,0.5801886792452831,0.6280193236714976,0.6102564102564103,0.8227848101265823,0.657221807276777,0.08550621403544652,490,0.5617529880478087,0.6137931034482759,0.6733333333333333,0.6358024691358025,0.5935251798561151,0.6156414147642671,0.03776594290299202,322,0.3854748603351955,0.6871508379888268,0.7262569832402235,0.6685393258426966,0.3651685393258427,0.5665181093465571,0.15735018209583665,292,0.7877094972067039,0.5,0.5674157303370787,0.5754189944134078,0.9217877094972067,0.6704663862908795,0.15850589125057093,466,0.5959425190194421,0.5870712401055409,0.6491002570694088,0.6227327690447401,0.6390395042602633,0.618777257899879,0.02396825333116268,394,0.5865921787709497,0.5935754189944134,0.646836356788651,0.6219791601280522,0.6434781244115246,0.6184922478187181,0.024812512423273345,370,0.548643415166151,0.5561962716120932,0.5977461996034369,0.5787379714973099,0.5863199023429957,0.5735287520443973,0.01842242725063546,364,0.5865921787709497,0.5935754189944135,0.6468363567886511,0.6219791601280522,0.6434781244115246,0.6184922478187183,0.02481251242327335,370
127,0.007048320770263672,0.008083258404099248,0.053019380569458006,0.016760539174913505,gini,3,7,2,random,"{'criterion': 'gini', 'max_depth': 3, 'min_samples_leaf': 7, 'min_samples_split': 2, 'splitter': 'random'}",0.5865921787709497,0.5938375350140056,0.6470588235294118,0.6218487394957983,0.6442577030812325,0.6187189959782795,0.02496552088058112,370,0.6448598130841121,0.5801886792452831,0.6280193236714976,0.6102564102564103,0.8227848101265823,0.657221807276777,0.08550621403544652,490,0.5617529880478087,0.6137931034482759,0.6733333333333333,0.6358024691358025,0.5935251798561151,0.6156414147642671,0.03776594290299202,322,0.3854748603351955,0.6871508379888268,0.7262569832402235,0.6685393258426966,0.3651685393258427,0.5665181093465571,0.15735018209583665,292,0.7877094972067039,0.5,0.5674157303370787,0.5754189944134078,0.9217877094972067,0.6704663862908795,0.15850589125057093,466,0.5959425190194421,0.5870712401055409,0.6491002570694088,0.6227327690447401,0.6390395042602633,0.618777257899879,0.02396825333116268,394,0.5865921787709497,0.5935754189944134,0.646836356788651,0.6219791601280522,0.6434781244115246,0.6184922478187181,0.024812512423273345,370,0.548643415166151,0.5561962716120932,0.5977461996034369,0.5787379714973099,0.5863199023429957,0.5735287520443973,0.01842242725063546,364,0.5865921787709497,0.5935754189944135,0.6468363567886511,0.6219791601280522,0.6434781244115246,0.6184922478187183,0.02481251242327335,370
111,0.007994604110717774,0.001588449446057,0.04283056259155273,0.011545435629337875,gini,3,4,3,random,"{'criterion': 'gini', 'max_depth': 3, 'min_samples_leaf': 4, 'min_samples_split': 3, 'splitter': 'random'}",0.5865921787709497,0.5938375350140056,0.6470588235294118,0.6218487394957983,0.6442577030812325,0.6187189959782795,0.02496552088058112,370,0.6448598130841121,0.5801886792452831,0.6280193236714976,0.6102564102564103,0.8227848101265823,0.657221807276777,0.08550621403544652,490,0.5617529880478087,0.6137931034482759,0.6733333333333333,0.6358024691358025,0.5935251798561151,0.6156414147642671,0.03776594290299202,322,0.3854748603351955,0.6871508379888268,0.7262569832402235,0.6685393258426966,0.3651685393258427,0.5665181093465571,0.15735018209583665,292,0.7877094972067039,0.5,0.5674157303370787,0.5754189944134078,0.9217877094972067,0.6704663862908795,0.15850589125057093,466,0.5959425190194421,0.5870712401055409,0.6491002570694088,0.6227327690447401,0.6390395042602633,0.618777257899879,0.02396825333116268,394,0.5865921787709497,0.5935754189944134,0.646836356788651,0.6219791601280522,0.6434781244115246,0.6184922478187181,0.024812512423273345,370,0.548643415166151,0.5561962716120932,0.5977461996034369,0.5787379714973099,0.5863199023429957,0.5735287520443973,0.01842242725063546,364,0.5865921787709497,0.5935754189944135,0.6468363567886511,0.6219791601280522,0.6434781244115246,0.6184922478187183,0.02481251242327335,370
117,0.01190357208251953,0.006276993724791243,0.04568848609924316,0.015302261361868743,gini,3,5,3,random,"{'criterion': 'gini', 'max_depth': 3, 'min_samples_leaf': 5, 'min_samples_split': 3, 'splitter': 'random'}",0.5865921787709497,0.5938375350140056,0.6470588235294118,0.6218487394957983,0.6442577030812325,0.6187189959782795,0.02496552088058112,370,0.6448598130841121,0.5801886792452831,0.6280193236714976,0.6102564102564103,0.8227848101265823,0.657221807276777,0.08550621403544652,490,0.5617529880478087,0.6137931034482759,0.6733333333333333,0.6358024691358025,0.5935251798561151,0.6156414147642671,0.03776594290299202,322,0.3854748603351955,0.6871508379888268,0.7262569832402235,0.6685393258426966,0.3651685393258427,0.5665181093465571,0.15735018209583665,292,0.7877094972067039,0.5,0.5674157303370787,0.5754189944134078,0.9217877094972067,0.6704663862908795,0.15850589125057093,466,0.5959425190194421,0.5870712401055409,0.6491002570694088,0.6227327690447401,0.6390395042602633,0.618777257899879,0.02396825333116268,394,0.5865921787709497,0.5935754189944134,0.646836356788651,0.6219791601280522,0.6434781244115246,0.6184922478187181,0.024812512423273345,370,0.548643415166151,0.5561962716120932,0.5977461996034369,0.5787379714973099,0.5863199023429957,0.5735287520443973,0.01842242725063546,364,0.5865921787709497,0.5935754189944135,0.6468363567886511,0.6219791601280522,0.6434781244115246,0.6184922478187183,0.02481251242327335,370
119,0.011262035369873047,0.00690361640379735,0.03786525726318359,0.006950960568707552,gini,3,5,4,random,"{'criterion': 'gini', 'max_depth': 3, 'min_samples_leaf': 5, 'min_samples_split': 4, 'splitter': 'random'}",0.5865921787709497,0.5938375350140056,0.6470588235294118,0.6218487394957983,0.6442577030812325,0.6187189959782795,0.02496552088058112,370,0.6448598130841121,0.5801886792452831,0.6280193236714976,0.6102564102564103,0.8227848101265823,0.657221807276777,0.08550621403544652,490,0.5617529880478087,0.6137931034482759,0.6733333333333333,0.6358024691358025,0.5935251798561151,0.6156414147642671,0.03776594290299202,322,0.3854748603351955,0.6871508379888268,0.7262569832402235,0.6685393258426966,0.3651685393258427,0.5665181093465571,0.15735018209583665,292,0.7877094972067039,0.5,0.5674157303370787,0.5754189944134078,0.9217877094972067,0.6704663862908795,0.15850589125057093,466,0.5959425190194421,0.5870712401055409,0.6491002570694088,0.6227327690447401,0.6390395042602633,0.618777257899879,0.02396825333116268,394,0.5865921787709497,0.5935754189944134,0.646836356788651,0.6219791601280522,0.6434781244115246,0.6184922478187181,0.024812512423273345,370,0.548643415166151,0.5561962716120932,0.5977461996034369,0.5787379714973099,0.5863199023429957,0.5735287520443973,0.01842242725063546,364,0.5865921787709497,0.5935754189944135,0.6468363567886511,0.6219791601280522,0.6434781244115246,0.6184922478187183,0.02481251242327335,370
121,0.007075023651123047,0.005443777002085392,0.058168649673461914,0.01222514650529413,gini,3,6,2,random,"{'criterion': 'gini', 'max_depth': 3, 'min_samples_leaf': 6, 'min_samples_split': 2, 'splitter': 'random'}",0.5865921787709497,0.5938375350140056,0.6470588235294118,0.6218487394957983,0.6442577030812325,0.6187189959782795,0.02496552088058112,370,0.6448598130841121,0.5801886792452831,0.6280193236714976,0.6102564102564103,0.8227848101265823,0.657221807276777,0.08550621403544652,490,0.5617529880478087,0.6137931034482759,0.6733333333333333,0.6358024691358025,0.5935251798561151,0.6156414147642671,0.03776594290299202,322,0.3854748603351955,0.6871508379888268,0.7262569832402235,0.6685393258426966,0.3651685393258427,0.5665181093465571,0.15735018209583665,292,0.7877094972067039,0.5,0.5674157303370787,0.5754189944134078,0.9217877094972067,0.6704663862908795,0.15850589125057093,466,0.5959425190194421,0.5870712401055409,0.6491002570694088,0.6227327690447401,0.6390395042602633,0.618777257899879,0.02396825333116268,394,0.5865921787709497,0.5935754189944134,0.646836356788651,0.6219791601280522,0.6434781244115246,0.6184922478187181,0.024812512423273345,370,0.548643415166151,0.5561962716120932,0.5977461996034369,0.5787379714973099,0.5863199023429957,0.5735287520443973,0.01842242725063546,364,0.5865921787709497,0.5935754189944135,0.6468363567886511,0.6219791601280522,0.6434781244115246,0.6184922478187183,0.02481251242327335,370
131,0.006847858428955078,0.006634021172046619,0.047136449813842775,0.015003852287546162,gini,3,7,4,random,"{'criterion': 'gini', 'max_depth': 3, 'min_samples_leaf': 7, 'min_samples_split': 4, 'splitter': 'random'}",0.5865921787709497,0.5938375350140056,0.6470588235294118,0.6218487394957983,0.6442577030812325,0.6187189959782795,0.02496552088058112,370,0.6448598130841121,0.5801886792452831,0.6280193236714976,0.6102564102564103,0.8227848101265823,0.657221807276777,0.08550621403544652,490,0.5617529880478087,0.6137931034482759,0.6733333333333333,0.6358024691358025,0.5935251798561151,0.6156414147642671,0.03776594290299202,322,0.3854748603351955,0.6871508379888268,0.7262569832402235,0.6685393258426966,0.3651685393258427,0.5665181093465571,0.15735018209583665,292,0.7877094972067039,0.5,0.5674157303370787,0.5754189944134078,0.9217877094972067,0.6704663862908795,0.15850589125057093,466,0.5959425190194421,0.5870712401055409,0.6491002570694088,0.6227327690447401,0.6390395042602633,0.618777257899879,0.02396825333116268,394,0.5865921787709497,0.5935754189944134,0.646836356788651,0.6219791601280522,0.6434781244115246,0.6184922478187181,0.024812512423273345,370,0.548643415166151,0.5561962716120932,0.5977461996034369,0.5787379714973099,0.5863199023429957,0.5735287520443973,0.01842242725063546,364,0.5865921787709497,0.5935754189944135,0.6468363567886511,0.6219791601280522,0.6434781244115246,0.6184922478187183,0.02481251242327335,370
123,0.006045198440551758,0.003140858832919497,0.0436279296875,0.00920852133617382,gini,3,6,3,random,"{'criterion': 'gini', 'max_depth': 3, 'min_samples_leaf': 6, 'min_samples_split': 3, 'splitter': 'random'}",0.5865921787709497,0.5938375350140056,0.6470588235294118,0.6218487394957983,0.6442577030812325,0.6187189959782795,0.02496552088058112,370,0.6448598130841121,0.5801886792452831,0.6280193236714976,0.6102564102564103,0.8227848101265823,0.657221807276777,0.08550621403544652,490,0.5617529880478087,0.6137931034482759,0.6733333333333333,0.6358024691358025,0.5935251798561151,0.6156414147642671,0.03776594290299202,322,0.3854748603351955,0.6871508379888268,0.7262569832402235,0.6685393258426966,0.3651685393258427,0.5665181093465571,0.15735018209583665,292,0.7877094972067039,0.5,0.5674157303370787,0.5754189944134078,0.9217877094972067,0.6704663862908795,0.15850589125057093,466,0.5959425190194421,0.5870712401055409,0.6491002570694088,0.6227327690447401,0.6390395042602633,0.618777257899879,0.02396825333116268,394,0.5865921787709497,0.5935754189944134,0.646836356788651,0.6219791601280522,0.6434781244115246,0.6184922478187181,0.024812512423273345,370,0.548643415166151,0.5561962716120932,0.5977461996034369,0.5787379714973099,0.5863199023429957,0.5735287520443973,0.01842242725063546,364,0.5865921787709497,0.5935754189944135,0.6468363567886511,0.6219791601280522,0.6434781244115246,0.6184922478187183,0.02481251242327335,370
125,0.0033434391021728515,0.0030967595145879206,0.046877050399780275,0.0044438178614060195,gini,3,6,4,random,"{'criterion': 'gini', 'max_depth': 3, 'min_samples_leaf': 6, 'min_samples_split': 4, 'splitter': 'random'}",0.5865921787709497,0.5938375350140056,0.6470588235294118,0.6218487394957983,0.6442577030812325,0.6187189959782795,0.02496552088058112,370,0.6448598130841121,0.5801886792452831,0.6280193236714976,0.6102564102564103,0.8227848101265823,0.657221807276777,0.08550621403544652,490,0.5617529880478087,0.6137931034482759,0.6733333333333333,0.6358024691358025,0.5935251798561151,0.6156414147642671,0.03776594290299202,322,0.3854748603351955,0.6871508379888268,0.7262569832402235,0.6685393258426966,0.3651685393258427,0.5665181093465571,0.15735018209583665,292,0.7877094972067039,0.5,0.5674157303370787,0.5754189944134078,0.9217877094972067,0.6704663862908795,0.15850589125057093,466,0.5959425190194421,0.5870712401055409,0.6491002570694088,0.6227327690447401,0.6390395042602633,0.618777257899879,0.02396825333116268,394,0.5865921787709497,0.5935754189944134,0.646836356788651,0.6219791601280522,0.6434781244115246,0.6184922478187181,0.024812512423273345,370,0.548643415166151,0.5561962716120932,0.5977461996034369,0.5787379714973099,0.5863199023429957,0.5735287520443973,0.01842242725063546,364,0.5865921787709497,0.5935754189944135,0.6468363567886511,0.6219791601280522,0.6434781244115246,0.6184922478187183,0.02481251242327335,370
129,0.012613391876220703,0.0068774200029626436,0.04623699188232422,0.009519846635937584,gini,3,7,3,random,"{'criterion': 'gini', 'max_depth': 3, 'min_samples_leaf': 7, 'min_samples_split': 3, 'splitter': 'random'}",0.5865921787709497,0.5938375350140056,0.6470588235294118,0.6218487394957983,0.6442577030812325,0.6187189959782795,0.02496552088058112,370,0.6448598130841121,0.5801886792452831,0.6280193236714976,0.6102564102564103,0.8227848101265823,0.657221807276777,0.08550621403544652,490,0.5617529880478087,0.6137931034482759,0.6733333333333333,0.6358024691358025,0.5935251798561151,0.6156414147642671,0.03776594290299202,322,0.3854748603351955,0.6871508379888268,0.7262569832402235,0.6685393258426966,0.3651685393258427,0.5665181093465571,0.15735018209583665,292,0.7877094972067039,0.5,0.5674157303370787,0.5754189944134078,0.9217877094972067,0.6704663862908795,0.15850589125057093,466,0.5959425190194421,0.5870712401055409,0.6491002570694088,0.6227327690447401,0.6390395042602633,0.618777257899879,0.02396825333116268,394,0.5865921787709497,0.5935754189944134,0.646836356788651,0.6219791601280522,0.6434781244115246,0.6184922478187181,0.024812512423273345,370,0.548643415166151,0.5561962716120932,0.5977461996034369,0.5787379714973099,0.5863199023429957,0.5735287520443973,0.01842242725063546,364,0.5865921787709497,0.5935754189944135,0.6468363567886511,0.6219791601280522,0.6434781244115246,0.6184922478187183,0.02481251242327335,370
115,0.008455944061279298,0.004970013760751789,0.049961423873901366,0.010702052579457963,gini,3,5,2,random,"{'criterion': 'gini', 'max_depth': 3, 'min_samples_leaf': 5, 'min_samples_split': 2, 'splitter': 'random'}",0.5865921787709497,0.5938375350140056,0.6470588235294118,0.6218487394957983,0.6442577030812325,0.6187189959782795,0.02496552088058112,370,0.6448598130841121,0.5801886792452831,0.6280193236714976,0.6102564102564103,0.8227848101265823,0.657221807276777,0.08550621403544652,490,0.5617529880478087,0.6137931034482759,0.6733333333333333,0.6358024691358025,0.5935251798561151,0.6156414147642671,0.03776594290299202,322,0.3854748603351955,0.6871508379888268,0.7262569832402235,0.6685393258426966,0.3651685393258427,0.5665181093465571,0.15735018209583665,292,0.7877094972067039,0.5,0.5674157303370787,0.5754189944134078,0.9217877094972067,0.6704663862908795,0.15850589125057093,466,0.5959425190194421,0.5870712401055409,0.6491002570694088,0.6227327690447401,0.6390395042602633,0.618777257899879,0.02396825333116268,394,0.5865921787709497,0.5935754189944134,0.646836356788651,0.6219791601280522,0.6434781244115246,0.6184922478187181,0.024812512423273345,370,0.548643415166151,0.5561962716120932,0.5977461996034369,0.5787379714973099,0.5863199023429957,0.5735287520443973,0.01842242725063546,364,0.5865921787709497,0.5935754189944135,0.6468363567886511,0.6219791601280522,0.6434781244115246,0.6184922478187183,0.02481251242327335,370
113,0.009684562683105469,0.003943267940026462,0.042309904098510744,0.003198278850829163,gini,3,4,4,random,"{'criterion': 'gini', 'max_depth': 3, 'min_samples_leaf': 4, 'min_samples_split': 4, 'splitter': 'random'}",0.5865921787709497,0.5938375350140056,0.6470588235294118,0.6218487394957983,0.6442577030812325,0.6187189959782795,0.02496552088058112,370,0.6448598130841121,0.5801886792452831,0.6280193236714976,0.6102564102564103,0.8227848101265823,0.657221807276777,0.08550621403544652,490,0.5617529880478087,0.6137931034482759,0.6733333333333333,0.6358024691358025,0.5935251798561151,0.6156414147642671,0.03776594290299202,322,0.3854748603351955,0.6871508379888268,0.7262569832402235,0.6685393258426966,0.3651685393258427,0.5665181093465571,0.15735018209583665,292,0.7877094972067039,0.5,0.5674157303370787,0.5754189944134078,0.9217877094972067,0.6704663862908795,0.15850589125057093,466,0.5959425190194421,0.5870712401055409,0.6491002570694088,0.6227327690447401,0.6390395042602633,0.618777257899879,0.02396825333116268,394,0.5865921787709497,0.5935754189944134,0.646836356788651,0.6219791601280522,0.6434781244115246,0.6184922478187181,0.024812512423273345,370,0.548643415166151,0.5561962716120932,0.5977461996034369,0.5787379714973099,0.5863199023429957,0.5735287520443973,0.01842242725063546,364,0.5865921787709497,0.5935754189944135,0.6468363567886511,0.6219791601280522,0.6434781244115246,0.6184922478187183,0.02481251242327335,370
571,0.00776829719543457,0.003912306566224503,0.04682645797729492,0.006982484065253332,log_loss,4,9,2,random,"{'criterion': 'log_loss', 'max_depth': 4, 'min_samples_leaf': 9, 'min_samples_split': 2, 'splitter': 'random'}",0.61731843575419,0.5546218487394958,0.6526610644257703,0.6442577030812325,0.6442577030812325,0.6226233510163841,0.03602971285827503,355,0.65,0.9166666666666666,0.6797385620915033,0.8227848101265823,0.8227848101265823,0.7783949698022669,0.09927571007523878,73,0.5963302752293578,0.5285285285285285,0.6323529411764706,0.5935251798561151,0.5935251798561151,0.5888524209293173,0.033558471100643146,427,0.5083798882681564,0.12290502793296089,0.5810055865921788,0.3651685393258427,0.3651685393258427,0.38852551628899634,0.15688147661636176,451,0.7262569832402235,0.9887640449438202,0.7247191011235955,0.9217877094972067,0.9217877094972067,0.8566631096604105,0.10986178890518593,145,0.6184586108468125,0.5827814569536424,0.6488933601609658,0.6390395042602633,0.6390395042602633,0.6256424872963894,0.02361456846486937,355,0.6173184357541899,0.5558345364383905,0.6528623438578871,0.6434781244115246,0.6434781244115246,0.6225943129747034,0.035420681804355876,355,0.5699605350827738,0.5281922466324316,0.595533157083058,0.5863199023429957,0.5863199023429957,0.5732651486968509,0.023996684582076454,379,0.61731843575419,0.5558345364383905,0.6528623438578871,0.6434781244115246,0.6434781244115246,0.6225943129747034,0.03542068180435587,355
383,0.006479024887084961,0.0022921099240488644,0.05003509521484375,0.0072645657744019035,entropy,4,9,4,random,"{'criterion': 'entropy', 'max_depth': 4, 'min_samples_leaf': 9, 'min_samples_split': 4, 'splitter': 'random'}",0.61731843575419,0.5546218487394958,0.6526610644257703,0.6442577030812325,0.6442577030812325,0.6226233510163841,0.03602971285827503,355,0.65,0.9166666666666666,0.6797385620915033,0.8227848101265823,0.8227848101265823,0.7783949698022669,0.09927571007523878,73,0.5963302752293578,0.5285285285285285,0.6323529411764706,0.5935251798561151,0.5935251798561151,0.5888524209293173,0.033558471100643146,427,0.5083798882681564,0.12290502793296089,0.5810055865921788,0.3651685393258427,0.3651685393258427,0.38852551628899634,0.15688147661636176,451,0.7262569832402235,0.9887640449438202,0.7247191011235955,0.9217877094972067,0.9217877094972067,0.8566631096604105,0.10986178890518593,145,0.6184586108468125,0.5827814569536424,0.6488933601609658,0.6390395042602633,0.6390395042602633,0.6256424872963894,0.02361456846486937,355,0.6173184357541899,0.5558345364383905,0.6528623438578871,0.6434781244115246,0.6434781244115246,0.6225943129747034,0.035420681804355876,355,0.5699605350827738,0.5281922466324316,0.595533157083058,0.5863199023429957,0.5863199023429957,0.5732651486968509,0.023996684582076454,379,0.61731843575419,0.5558345364383905,0.6528623438578871,0.6434781244115246,0.6434781244115246,0.6225943129747034,0.03542068180435587,355
573,0.007388687133789063,0.003834804037444583,0.04386348724365234,0.008375716285660122,log_loss,4,9,3,random,"{'criterion': 'log_loss', 'max_depth': 4, 'min_samples_leaf': 9, 'min_samples_split': 3, 'splitter': 'random'}",0.61731843575419,0.5546218487394958,0.6526610644257703,0.6442577030812325,0.6442577030812325,0.6226233510163841,0.03602971285827503,355,0.65,0.9166666666666666,0.6797385620915033,0.8227848101265823,0.8227848101265823,0.7783949698022669,0.09927571007523878,73,0.5963302752293578,0.5285285285285285,0.6323529411764706,0.5935251798561151,0.5935251798561151,0.5888524209293173,0.033558471100643146,427,0.5083798882681564,0.12290502793296089,0.5810055865921788,0.3651685393258427,0.3651685393258427,0.38852551628899634,0.15688147661636176,451,0.7262569832402235,0.9887640449438202,0.7247191011235955,0.9217877094972067,0.9217877094972067,0.8566631096604105,0.10986178890518593,145,0.6184586108468125,0.5827814569536424,0.6488933601609658,0.6390395042602633,0.6390395042602633,0.6256424872963894,0.02361456846486937,355,0.6173184357541899,0.5558345364383905,0.6528623438578871,0.6434781244115246,0.6434781244115246,0.6225943129747034,0.035420681804355876,355,0.5699605350827738,0.5281922466324316,0.595533157083058,0.5863199023429957,0.5863199023429957,0.5732651486968509,0.023996684582076454,379,0.61731843575419,0.5558345364383905,0.6528623438578871,0.6434781244115246,0.6434781244115246,0.6225943129747034,0.03542068180435587,355
575,0.009043359756469726,0.004857874185053691,0.04674739837646484,0.004951917447528642,log_loss,4,9,4,random,"{'criterion': 'log_loss', 'max_depth': 4, 'min_samples_leaf': 9, 'min_samples_split': 4, 'splitter': 'random'}",0.61731843575419,0.5546218487394958,0.6526610644257703,0.6442577030812325,0.6442577030812325,0.6226233510163841,0.03602971285827503,355,0.65,0.9166666666666666,0.6797385620915033,0.8227848101265823,0.8227848101265823,0.7783949698022669,0.09927571007523878,73,0.5963302752293578,0.5285285285285285,0.6323529411764706,0.5935251798561151,0.5935251798561151,0.5888524209293173,0.033558471100643146,427,0.5083798882681564,0.12290502793296089,0.5810055865921788,0.3651685393258427,0.3651685393258427,0.38852551628899634,0.15688147661636176,451,0.7262569832402235,0.9887640449438202,0.7247191011235955,0.9217877094972067,0.9217877094972067,0.8566631096604105,0.10986178890518593,145,0.6184586108468125,0.5827814569536424,0.6488933601609658,0.6390395042602633,0.6390395042602633,0.6256424872963894,0.02361456846486937,355,0.6173184357541899,0.5558345364383905,0.6528623438578871,0.6434781244115246,0.6434781244115246,0.6225943129747034,0.035420681804355876,355,0.5699605350827738,0.5281922466324316,0.595533157083058,0.5863199023429957,0.5863199023429957,0.5732651486968509,0.023996684582076454,379,0.61731843575419,0.5558345364383905,0.6528623438578871,0.6434781244115246,0.6434781244115246,0.6225943129747034,0.03542068180435587,355
379,0.002241230010986328,0.0027697241575750584,0.045126152038574216,0.006394948609978092,entropy,4,9,2,random,"{'criterion': 'entropy', 'max_depth': 4, 'min_samples_leaf': 9, 'min_samples_split': 2, 'splitter': 'random'}",0.61731843575419,0.5546218487394958,0.6526610644257703,0.6442577030812325,0.6442577030812325,0.6226233510163841,0.03602971285827503,355,0.65,0.9166666666666666,0.6797385620915033,0.8227848101265823,0.8227848101265823,0.7783949698022669,0.09927571007523878,73,0.5963302752293578,0.5285285285285285,0.6323529411764706,0.5935251798561151,0.5935251798561151,0.5888524209293173,0.033558471100643146,427,0.5083798882681564,0.12290502793296089,0.5810055865921788,0.3651685393258427,0.3651685393258427,0.38852551628899634,0.15688147661636176,451,0.7262569832402235,0.9887640449438202,0.7247191011235955,0.9217877094972067,0.9217877094972067,0.8566631096604105,0.10986178890518593,145,0.6184586108468125,0.5827814569536424,0.6488933601609658,0.6390395042602633,0.6390395042602633,0.6256424872963894,0.02361456846486937,355,0.6173184357541899,0.5558345364383905,0.6528623438578871,0.6434781244115246,0.6434781244115246,0.6225943129747034,0.035420681804355876,355,0.5699605350827738,0.5281922466324316,0.595533157083058,0.5863199023429957,0.5863199023429957,0.5732651486968509,0.023996684582076454,379,0.61731843575419,0.5558345364383905,0.6528623438578871,0.6434781244115246,0.6434781244115246,0.6225943129747034,0.03542068180435587,355
381,0.008808612823486328,0.005670307319458634,0.041701555252075195,0.0024049536800198413,entropy,4,9,3,random,"{'criterion': 'entropy', 'max_depth': 4, 'min_samples_leaf': 9, 'min_samples_split': 3, 'splitter': 'random'}",0.61731843575419,0.5546218487394958,0.6526610644257703,0.6442577030812325,0.6442577030812325,0.6226233510163841,0.03602971285827503,355,0.65,0.9166666666666666,0.6797385620915033,0.8227848101265823,0.8227848101265823,0.7783949698022669,0.09927571007523878,73,0.5963302752293578,0.5285285285285285,0.6323529411764706,0.5935251798561151,0.5935251798561151,0.5888524209293173,0.033558471100643146,427,0.5083798882681564,0.12290502793296089,0.5810055865921788,0.3651685393258427,0.3651685393258427,0.38852551628899634,0.15688147661636176,451,0.7262569832402235,0.9887640449438202,0.7247191011235955,0.9217877094972067,0.9217877094972067,0.8566631096604105,0.10986178890518593,145,0.6184586108468125,0.5827814569536424,0.6488933601609658,0.6390395042602633,0.6390395042602633,0.6256424872963894,0.02361456846486937,355,0.6173184357541899,0.5558345364383905,0.6528623438578871,0.6434781244115246,0.6434781244115246,0.6225943129747034,0.035420681804355876,355,0.5699605350827738,0.5281922466324316,0.595533157083058,0.5863199023429957,0.5863199023429957,0.5732651486968509,0.023996684582076454,379,0.61731843575419,0.5558345364383905,0.6528623438578871,0.6434781244115246,0.6434781244115246,0.6225943129747034,0.03542068180435587,355
67,0.008854055404663086,0.002736841576335645,0.060122442245483396,0.012669725192187394,gini,2,5,2,random,"{'criterion': 'gini', 'max_depth': 2, 'min_samples_leaf': 5, 'min_samples_split': 2, 'splitter': 'random'}",0.5782122905027933,0.6162464985994398,0.6526610644257703,0.6442577030812325,0.5938375350140056,0.6170430183246484,0.02848241070201066,385,0.6272727272727273,0.675,0.706766917293233,0.7524752475247525,0.8837209302325582,0.7290471644646541,0.08746243806242511,121,0.5564516129032258,0.5864978902953587,0.6205357142857143,0.6015625,0.554140127388535,0.5838375689745667,0.025690204301879394,433,0.3854748603351955,0.45251396648044695,0.5251396648044693,0.42696629213483145,0.21348314606741572,0.4007155859644718,0.10405939598250014,391,0.770949720670391,0.7808988764044944,0.7808988764044944,0.8603351955307262,0.9720670391061452,0.8330299416232503,0.0766369899234827,169,0.5892399658411615,0.6172291296625222,0.6471135940409684,0.6400665004156276,0.6062717770034843,0.6199841933927528,0.021354773246404397,361,0.5782122905027933,0.6167064214424707,0.6530192706044818,0.6436507438327789,0.5927750925867805,0.6168727637938611,0.028632107124858,385,0.5435213551991349,0.5672392410242436,0.5938193395335662,0.5875734022659342,0.5526669551213718,0.5689640586288501,0.019390690528036877,385,0.5782122905027932,0.6167064214424707,0.6530192706044818,0.6436507438327789,0.5927750925867804,0.6168727637938611,0.02863210712485805,385
65,0.006183433532714844,0.002812110727211074,0.0550321102142334,0.009760648050814471,gini,2,4,4,random,"{'criterion': 'gini', 'max_depth': 2, 'min_samples_leaf': 4, 'min_samples_split': 4, 'splitter': 'random'}",0.5782122905027933,0.6162464985994398,0.6526610644257703,0.6442577030812325,0.5938375350140056,0.6170430183246484,0.02848241070201066,385,0.6272727272727273,0.675,0.706766917293233,0.7524752475247525,0.8837209302325582,0.7290471644646541,0.08746243806242511,121,0.5564516129032258,0.5864978902953587,0.6205357142857143,0.6015625,0.554140127388535,0.5838375689745667,0.025690204301879394,433,0.3854748603351955,0.45251396648044695,0.5251396648044693,0.42696629213483145,0.21348314606741572,0.4007155859644718,0.10405939598250014,391,0.770949720670391,0.7808988764044944,0.7808988764044944,0.8603351955307262,0.9720670391061452,0.8330299416232503,0.0766369899234827,169,0.5892399658411615,0.6172291296625222,0.6471135940409684,0.6400665004156276,0.6062717770034843,0.6199841933927528,0.021354773246404397,361,0.5782122905027933,0.6167064214424707,0.6530192706044818,0.6436507438327789,0.5927750925867805,0.6168727637938611,0.028632107124858,385,0.5435213551991349,0.5672392410242436,0.5938193395335662,0.5875734022659342,0.5526669551213718,0.5689640586288501,0.019390690528036877,385,0.5782122905027932,0.6167064214424707,0.6530192706044818,0.6436507438327789,0.5927750925867804,0.6168727637938611,0.02863210712485805,385
63,0.007653665542602539,0.0007211453095580652,0.060290193557739256,0.03292371834608015,gini,2,4,3,random,"{'criterion': 'gini', 'max_depth': 2, 'min_samples_leaf': 4, 'min_samples_split': 3, 'splitter': 'random'}",0.5782122905027933,0.6162464985994398,0.6526610644257703,0.6442577030812325,0.5938375350140056,0.6170430183246484,0.02848241070201066,385,0.6272727272727273,0.675,0.706766917293233,0.7524752475247525,0.8837209302325582,0.7290471644646541,0.08746243806242511,121,0.5564516129032258,0.5864978902953587,0.6205357142857143,0.6015625,0.554140127388535,0.5838375689745667,0.025690204301879394,433,0.3854748603351955,0.45251396648044695,0.5251396648044693,0.42696629213483145,0.21348314606741572,0.4007155859644718,0.10405939598250014,391,0.770949720670391,0.7808988764044944,0.7808988764044944,0.8603351955307262,0.9720670391061452,0.8330299416232503,0.0766369899234827,169,0.5892399658411615,0.6172291296625222,0.6471135940409684,0.6400665004156276,0.6062717770034843,0.6199841933927528,0.021354773246404397,361,0.5782122905027933,0.6167064214424707,0.6530192706044818,0.6436507438327789,0.5927750925867805,0.6168727637938611,0.028632107124858,385,0.5435213551991349,0.5672392410242436,0.5938193395335662,0.5875734022659342,0.5526669551213718,0.5689640586288501,0.019390690528036877,385,0.5782122905027932,0.6167064214424707,0.6530192706044818,0.6436507438327789,0.5927750925867804,0.6168727637938611,0.02863210712485805,385
61,0.004304122924804687,0.003677457796855399,0.07035965919494629,0.031099252391980924,gini,2,4,2,random,"{'criterion': 'gini', 'max_depth': 2, 'min_samples_leaf': 4, 'min_samples_split': 2, 'splitter': 'random'}",0.5782122905027933,0.6162464985994398,0.6526610644257703,0.6442577030812325,0.5938375350140056,0.6170430183246484,0.02848241070201066,385,0.6272727272727273,0.675,0.706766917293233,0.7524752475247525,0.8837209302325582,0.7290471644646541,0.08746243806242511,121,0.5564516129032258,0.5864978902953587,0.6205357142857143,0.6015625,0.554140127388535,0.5838375689745667,0.025690204301879394,433,0.3854748603351955,0.45251396648044695,0.5251396648044693,0.42696629213483145,0.21348314606741572,0.4007155859644718,0.10405939598250014,391,0.770949720670391,0.7808988764044944,0.7808988764044944,0.8603351955307262,0.9720670391061452,0.8330299416232503,0.0766369899234827,169,0.5892399658411615,0.6172291296625222,0.6471135940409684,0.6400665004156276,0.6062717770034843,0.6199841933927528,0.021354773246404397,361,0.5782122905027933,0.6167064214424707,0.6530192706044818,0.6436507438327789,0.5927750925867805,0.6168727637938611,0.028632107124858,385,0.5435213551991349,0.5672392410242436,0.5938193395335662,0.5875734022659342,0.5526669551213718,0.5689640586288501,0.019390690528036877,385,0.5782122905027932,0.6167064214424707,0.6530192706044818,0.6436507438327789,0.5927750925867804,0.6168727637938611,0.02863210712485805,385
59,0.00872960090637207,0.008754347808439231,0.044078922271728514,0.006744600351302993,gini,2,3,4,random,"{'criterion': 'gini', 'max_depth': 2, 'min_samples_leaf': 3, 'min_samples_split': 4, 'splitter': 'random'}",0.5782122905027933,0.6162464985994398,0.6526610644257703,0.6442577030812325,0.5938375350140056,0.6170430183246484,0.02848241070201066,385,0.6272727272727273,0.675,0.706766917293233,0.7524752475247525,0.8837209302325582,0.7290471644646541,0.08746243806242511,121,0.5564516129032258,0.5864978902953587,0.6205357142857143,0.6015625,0.554140127388535,0.5838375689745667,0.025690204301879394,433,0.3854748603351955,0.45251396648044695,0.5251396648044693,0.42696629213483145,0.21348314606741572,0.4007155859644718,0.10405939598250014,391,0.770949720670391,0.7808988764044944,0.7808988764044944,0.8603351955307262,0.9720670391061452,0.8330299416232503,0.0766369899234827,169,0.5892399658411615,0.6172291296625222,0.6471135940409684,0.6400665004156276,0.6062717770034843,0.6199841933927528,0.021354773246404397,361,0.5782122905027933,0.6167064214424707,0.6530192706044818,0.6436507438327789,0.5927750925867805,0.6168727637938611,0.028632107124858,385,0.5435213551991349,0.5672392410242436,0.5938193395335662,0.5875734022659342,0.5526669551213718,0.5689640586288501,0.019390690528036877,385,0.5782122905027932,0.6167064214424707,0.6530192706044818,0.6436507438327789,0.5927750925867804,0.6168727637938611,0.02863210712485805,385
69,0.009600353240966798,0.002605737893903788,0.04830193519592285,0.00869591837993199,gini,2,5,3,random,"{'criterion': 'gini', 'max_depth': 2, 'min_samples_leaf': 5, 'min_samples_split': 3, 'splitter': 'random'}",0.5782122905027933,0.6162464985994398,0.6526610644257703,0.6442577030812325,0.5938375350140056,0.6170430183246484,0.02848241070201066,385,0.6272727272727273,0.675,0.706766917293233,0.7524752475247525,0.8837209302325582,0.7290471644646541,0.08746243806242511,121,0.5564516129032258,0.5864978902953587,0.6205357142857143,0.6015625,0.554140127388535,0.5838375689745667,0.025690204301879394,433,0.3854748603351955,0.45251396648044695,0.5251396648044693,0.42696629213483145,0.21348314606741572,0.4007155859644718,0.10405939598250014,391,0.770949720670391,0.7808988764044944,0.7808988764044944,0.8603351955307262,0.9720670391061452,0.8330299416232503,0.0766369899234827,169,0.5892399658411615,0.6172291296625222,0.6471135940409684,0.6400665004156276,0.6062717770034843,0.6199841933927528,0.021354773246404397,361,0.5782122905027933,0.6167064214424707,0.6530192706044818,0.6436507438327789,0.5927750925867805,0.6168727637938611,0.028632107124858,385,0.5435213551991349,0.5672392410242436,0.5938193395335662,0.5875734022659342,0.5526669551213718,0.5689640586288501,0.019390690528036877,385,0.5782122905027932,0.6167064214424707,0.6530192706044818,0.6436507438327789,0.5927750925867804,0.6168727637938611,0.02863210712485805,385
57,0.004703712463378906,0.0024532996964838445,0.044217157363891604,0.003024937593149443,gini,2,3,3,random,"{'criterion': 'gini', 'max_depth': 2, 'min_samples_leaf': 3, 'min_samples_split': 3, 'splitter': 'random'}",0.5782122905027933,0.6162464985994398,0.6526610644257703,0.6442577030812325,0.5938375350140056,0.6170430183246484,0.02848241070201066,385,0.6272727272727273,0.675,0.706766917293233,0.7524752475247525,0.8837209302325582,0.7290471644646541,0.08746243806242511,121,0.5564516129032258,0.5864978902953587,0.6205357142857143,0.6015625,0.554140127388535,0.5838375689745667,0.025690204301879394,433,0.3854748603351955,0.45251396648044695,0.5251396648044693,0.42696629213483145,0.21348314606741572,0.4007155859644718,0.10405939598250014,391,0.770949720670391,0.7808988764044944,0.7808988764044944,0.8603351955307262,0.9720670391061452,0.8330299416232503,0.0766369899234827,169,0.5892399658411615,0.6172291296625222,0.6471135940409684,0.6400665004156276,0.6062717770034843,0.6199841933927528,0.021354773246404397,361,0.5782122905027933,0.6167064214424707,0.6530192706044818,0.6436507438327789,0.5927750925867805,0.6168727637938611,0.028632107124858,385,0.5435213551991349,0.5672392410242436,0.5938193395335662,0.5875734022659342,0.5526669551213718,0.5689640586288501,0.019390690528036877,385,0.5782122905027932,0.6167064214424707,0.6530192706044818,0.6436507438327789,0.5927750925867804,0.6168727637938611,0.02863210712485805,385
71,0.01910433769226074,0.014333586949599497,0.07488994598388672,0.019221372793166693,gini,2,5,4,random,"{'criterion': 'gini', 'max_depth': 2, 'min_samples_leaf': 5, 'min_samples_split': 4, 'splitter': 'random'}",0.5782122905027933,0.6162464985994398,0.6526610644257703,0.6442577030812325,0.5938375350140056,0.6170430183246484,0.02848241070201066,385,0.6272727272727273,0.675,0.706766917293233,0.7524752475247525,0.8837209302325582,0.7290471644646541,0.08746243806242511,121,0.5564516129032258,0.5864978902953587,0.6205357142857143,0.6015625,0.554140127388535,0.5838375689745667,0.025690204301879394,433,0.3854748603351955,0.45251396648044695,0.5251396648044693,0.42696629213483145,0.21348314606741572,0.4007155859644718,0.10405939598250014,391,0.770949720670391,0.7808988764044944,0.7808988764044944,0.8603351955307262,0.9720670391061452,0.8330299416232503,0.0766369899234827,169,0.5892399658411615,0.6172291296625222,0.6471135940409684,0.6400665004156276,0.6062717770034843,0.6199841933927528,0.021354773246404397,361,0.5782122905027933,0.6167064214424707,0.6530192706044818,0.6436507438327789,0.5927750925867805,0.6168727637938611,0.028632107124858,385,0.5435213551991349,0.5672392410242436,0.5938193395335662,0.5875734022659342,0.5526669551213718,0.5689640586288501,0.019390690528036877,385,0.5782122905027932,0.6167064214424707,0.6530192706044818,0.6436507438327789,0.5927750925867804,0.6168727637938611,0.02863210712485805,385
53,0.005733871459960937,0.0020685948900752236,0.039788246154785156,0.005969524410207276,gini,2,2,4,random,"{'criterion': 'gini', 'max_depth': 2, 'min_samples_leaf': 2, 'min_samples_split': 4, 'splitter': 'random'}",0.5782122905027933,0.6162464985994398,0.6526610644257703,0.6442577030812325,0.5938375350140056,0.6170430183246484,0.02848241070201066,385,0.6272727272727273,0.675,0.706766917293233,0.7524752475247525,0.8837209302325582,0.7290471644646541,0.08746243806242511,121,0.5564516129032258,0.5864978902953587,0.6205357142857143,0.6015625,0.554140127388535,0.5838375689745667,0.025690204301879394,433,0.3854748603351955,0.45251396648044695,0.5251396648044693,0.42696629213483145,0.21348314606741572,0.4007155859644718,0.10405939598250014,391,0.770949720670391,0.7808988764044944,0.7808988764044944,0.8603351955307262,0.9720670391061452,0.8330299416232503,0.0766369899234827,169,0.5892399658411615,0.6172291296625222,0.6471135940409684,0.6400665004156276,0.6062717770034843,0.6199841933927528,0.021354773246404397,361,0.5782122905027933,0.6167064214424707,0.6530192706044818,0.6436507438327789,0.5927750925867805,0.6168727637938611,0.028632107124858,385,0.5435213551991349,0.5672392410242436,0.5938193395335662,0.5875734022659342,0.5526669551213718,0.5689640586288501,0.019390690528036877,385,0.5782122905027932,0.6167064214424707,0.6530192706044818,0.6436507438327789,0.5927750925867804,0.6168727637938611,0.02863210712485805,385
51,0.006291437149047852,0.0039437787663994,0.04320468902587891,0.00792287715374376,gini,2,2,3,random,"{'criterion': 'gini', 'max_depth': 2, 'min_samples_leaf': 2, 'min_samples_split': 3, 'splitter': 'random'}",0.5782122905027933,0.6162464985994398,0.6526610644257703,0.6442577030812325,0.5938375350140056,0.6170430183246484,0.02848241070201066,385,0.6272727272727273,0.675,0.706766917293233,0.7524752475247525,0.8837209302325582,0.7290471644646541,0.08746243806242511,121,0.5564516129032258,0.5864978902953587,0.6205357142857143,0.6015625,0.554140127388535,0.5838375689745667,0.025690204301879394,433,0.3854748603351955,0.45251396648044695,0.5251396648044693,0.42696629213483145,0.21348314606741572,0.4007155859644718,0.10405939598250014,391,0.770949720670391,0.7808988764044944,0.7808988764044944,0.8603351955307262,0.9720670391061452,0.8330299416232503,0.0766369899234827,169,0.5892399658411615,0.6172291296625222,0.6471135940409684,0.6400665004156276,0.6062717770034843,0.6199841933927528,0.021354773246404397,361,0.5782122905027933,0.6167064214424707,0.6530192706044818,0.6436507438327789,0.5927750925867805,0.6168727637938611,0.028632107124858,385,0.5435213551991349,0.5672392410242436,0.5938193395335662,0.5875734022659342,0.5526669551213718,0.5689640586288501,0.019390690528036877,385,0.5782122905027932,0.6167064214424707,0.6530192706044818,0.6436507438327789,0.5927750925867804,0.6168727637938611,0.02863210712485805,385
49,0.010114431381225586,0.005948551927151637,0.04318633079528809,0.0039981279606016475,gini,2,2,2,random,"{'criterion': 'gini', 'max_depth': 2, 'min_samples_leaf': 2, 'min_samples_split': 2, 'splitter': 'random'}",0.5782122905027933,0.6162464985994398,0.6526610644257703,0.6442577030812325,0.5938375350140056,0.6170430183246484,0.02848241070201066,385,0.6272727272727273,0.675,0.706766917293233,0.7524752475247525,0.8837209302325582,0.7290471644646541,0.08746243806242511,121,0.5564516129032258,0.5864978902953587,0.6205357142857143,0.6015625,0.554140127388535,0.5838375689745667,0.025690204301879394,433,0.3854748603351955,0.45251396648044695,0.5251396648044693,0.42696629213483145,0.21348314606741572,0.4007155859644718,0.10405939598250014,391,0.770949720670391,0.7808988764044944,0.7808988764044944,0.8603351955307262,0.9720670391061452,0.8330299416232503,0.0766369899234827,169,0.5892399658411615,0.6172291296625222,0.6471135940409684,0.6400665004156276,0.6062717770034843,0.6199841933927528,0.021354773246404397,361,0.5782122905027933,0.6167064214424707,0.6530192706044818,0.6436507438327789,0.5927750925867805,0.6168727637938611,0.028632107124858,385,0.5435213551991349,0.5672392410242436,0.5938193395335662,0.5875734022659342,0.5526669551213718,0.5689640586288501,0.019390690528036877,385,0.5782122905027932,0.6167064214424707,0.6530192706044818,0.6436507438327789,0.5927750925867804,0.6168727637938611,0.02863210712485805,385
55,0.0070626258850097655,0.002795354576481008,0.04346733093261719,0.011526694632213461,gini,2,3,2,random,"{'criterion': 'gini', 'max_depth': 2, 'min_samples_leaf': 3, 'min_samples_split': 2, 'splitter': 'random'}",0.5782122905027933,0.6162464985994398,0.6526610644257703,0.6442577030812325,0.5938375350140056,0.6170430183246484,0.02848241070201066,385,0.6272727272727273,0.675,0.706766917293233,0.7524752475247525,0.8837209302325582,0.7290471644646541,0.08746243806242511,121,0.5564516129032258,0.5864978902953587,0.6205357142857143,0.6015625,0.554140127388535,0.5838375689745667,0.025690204301879394,433,0.3854748603351955,0.45251396648044695,0.5251396648044693,0.42696629213483145,0.21348314606741572,0.4007155859644718,0.10405939598250014,391,0.770949720670391,0.7808988764044944,0.7808988764044944,0.8603351955307262,0.9720670391061452,0.8330299416232503,0.0766369899234827,169,0.5892399658411615,0.6172291296625222,0.6471135940409684,0.6400665004156276,0.6062717770034843,0.6199841933927528,0.021354773246404397,361,0.5782122905027933,0.6167064214424707,0.6530192706044818,0.6436507438327789,0.5927750925867805,0.6168727637938611,0.028632107124858,385,0.5435213551991349,0.5672392410242436,0.5938193395335662,0.5875734022659342,0.5526669551213718,0.5689640586288501,0.019390690528036877,385,0.5782122905027932,0.6167064214424707,0.6530192706044818,0.6436507438327789,0.5927750925867804,0.6168727637938611,0.02863210712485805,385
85,0.007789754867553711,0.0033122237087714417,0.04253411293029785,0.007493617051966741,gini,2,8,2,random,"{'criterion': 'gini', 'max_depth': 2, 'min_samples_leaf': 8, 'min_samples_split': 2, 'splitter': 'random'}",0.5782122905027933,0.6162464985994398,0.6526610644257703,0.6442577030812325,0.5910364145658263,0.6164827942350125,0.028956927755633438,397,0.6272727272727273,0.675,0.706766917293233,0.7524752475247525,0.8636363636363636,0.7250302511454152,0.0804462443037635,145,0.5564516129032258,0.5864978902953587,0.6205357142857143,0.6015625,0.5527156549520766,0.5835526744872751,0.02602369173151483,445,0.3854748603351955,0.45251396648044695,0.5251396648044693,0.42696629213483145,0.21348314606741572,0.4007155859644718,0.10405939598250014,391,0.770949720670391,0.7808988764044944,0.7808988764044944,0.8603351955307262,0.9664804469273743,0.831912623187496,0.0746158455151231,181,0.5892399658411615,0.6172291296625222,0.6471135940409684,0.6400665004156276,0.6044723969252271,0.6196243173771013,0.021596618321907728,376,0.5782122905027933,0.6167064214424707,0.6530192706044818,0.6436507438327789,0.589981796497395,0.616314104575984,0.029119937005334245,397,0.5435213551991349,0.5672392410242436,0.5938193395335662,0.5875734022659342,0.5509955959109151,0.5686297867867588,0.019680984615413823,397,0.5782122905027932,0.6167064214424707,0.6530192706044818,0.6436507438327789,0.589981796497395,0.616314104575984,0.029119937005334277,397
87,0.012064647674560548,0.009568963331645934,0.049851417541503906,0.013040047900757863,gini,2,8,3,random,"{'criterion': 'gini', 'max_depth': 2, 'min_samples_leaf': 8, 'min_samples_split': 3, 'splitter': 'random'}",0.5782122905027933,0.6162464985994398,0.6526610644257703,0.6442577030812325,0.5910364145658263,0.6164827942350125,0.028956927755633438,397,0.6272727272727273,0.675,0.706766917293233,0.7524752475247525,0.8636363636363636,0.7250302511454152,0.0804462443037635,145,0.5564516129032258,0.5864978902953587,0.6205357142857143,0.6015625,0.5527156549520766,0.5835526744872751,0.02602369173151483,445,0.3854748603351955,0.45251396648044695,0.5251396648044693,0.42696629213483145,0.21348314606741572,0.4007155859644718,0.10405939598250014,391,0.770949720670391,0.7808988764044944,0.7808988764044944,0.8603351955307262,0.9664804469273743,0.831912623187496,0.0746158455151231,181,0.5892399658411615,0.6172291296625222,0.6471135940409684,0.6400665004156276,0.6044723969252271,0.6196243173771013,0.021596618321907728,376,0.5782122905027933,0.6167064214424707,0.6530192706044818,0.6436507438327789,0.589981796497395,0.616314104575984,0.029119937005334245,397,0.5435213551991349,0.5672392410242436,0.5938193395335662,0.5875734022659342,0.5509955959109151,0.5686297867867588,0.019680984615413823,397,0.5782122905027932,0.6167064214424707,0.6530192706044818,0.6436507438327789,0.589981796497395,0.616314104575984,0.029119937005334277,397
89,0.009620046615600586,0.0035087489121293025,0.08434691429138183,0.007458987236679862,gini,2,8,4,random,"{'criterion': 'gini', 'max_depth': 2, 'min_samples_leaf': 8, 'min_samples_split': 4, 'splitter': 'random'}",0.5782122905027933,0.6162464985994398,0.6526610644257703,0.6442577030812325,0.5910364145658263,0.6164827942350125,0.028956927755633438,397,0.6272727272727273,0.675,0.706766917293233,0.7524752475247525,0.8636363636363636,0.7250302511454152,0.0804462443037635,145,0.5564516129032258,0.5864978902953587,0.6205357142857143,0.6015625,0.5527156549520766,0.5835526744872751,0.02602369173151483,445,0.3854748603351955,0.45251396648044695,0.5251396648044693,0.42696629213483145,0.21348314606741572,0.4007155859644718,0.10405939598250014,391,0.770949720670391,0.7808988764044944,0.7808988764044944,0.8603351955307262,0.9664804469273743,0.831912623187496,0.0746158455151231,181,0.5892399658411615,0.6172291296625222,0.6471135940409684,0.6400665004156276,0.6044723969252271,0.6196243173771013,0.021596618321907728,376,0.5782122905027933,0.6167064214424707,0.6530192706044818,0.6436507438327789,0.589981796497395,0.616314104575984,0.029119937005334245,397,0.5435213551991349,0.5672392410242436,0.5938193395335662,0.5875734022659342,0.5509955959109151,0.5686297867867588,0.019680984615413823,397,0.5782122905027932,0.6167064214424707,0.6530192706044818,0.6436507438327789,0.589981796497395,0.616314104575984,0.029119937005334277,397
81,0.003864002227783203,0.003178956791515464,0.05600595474243164,0.014101749340239217,gini,2,7,3,random,"{'criterion': 'gini', 'max_depth': 2, 'min_samples_leaf': 7, 'min_samples_split': 3, 'splitter': 'random'}",0.5782122905027933,0.6162464985994398,0.6526610644257703,0.6442577030812325,0.5910364145658263,0.6164827942350125,0.028956927755633438,397,0.6272727272727273,0.675,0.706766917293233,0.7524752475247525,0.8636363636363636,0.7250302511454152,0.0804462443037635,145,0.5564516129032258,0.5864978902953587,0.6205357142857143,0.6015625,0.5527156549520766,0.5835526744872751,0.02602369173151483,445,0.3854748603351955,0.45251396648044695,0.5251396648044693,0.42696629213483145,0.21348314606741572,0.4007155859644718,0.10405939598250014,391,0.770949720670391,0.7808988764044944,0.7808988764044944,0.8603351955307262,0.9664804469273743,0.831912623187496,0.0746158455151231,181,0.5892399658411615,0.6172291296625222,0.6471135940409684,0.6400665004156276,0.6044723969252271,0.6196243173771013,0.021596618321907728,376,0.5782122905027933,0.6167064214424707,0.6530192706044818,0.6436507438327789,0.589981796497395,0.616314104575984,0.029119937005334245,397,0.5435213551991349,0.5672392410242436,0.5938193395335662,0.5875734022659342,0.5509955959109151,0.5686297867867588,0.019680984615413823,397,0.5782122905027932,0.6167064214424707,0.6530192706044818,0.6436507438327789,0.589981796497395,0.616314104575984,0.029119937005334277,397
79,0.0069621562957763675,0.003244544924590055,0.04286093711853027,0.00571972819397402,gini,2,7,2,random,"{'criterion': 'gini', 'max_depth': 2, 'min_samples_leaf': 7, 'min_samples_split': 2, 'splitter': 'random'}",0.5782122905027933,0.6162464985994398,0.6526610644257703,0.6442577030812325,0.5910364145658263,0.6164827942350125,0.028956927755633438,397,0.6272727272727273,0.675,0.706766917293233,0.7524752475247525,0.8636363636363636,0.7250302511454152,0.0804462443037635,145,0.5564516129032258,0.5864978902953587,0.6205357142857143,0.6015625,0.5527156549520766,0.5835526744872751,0.02602369173151483,445,0.3854748603351955,0.45251396648044695,0.5251396648044693,0.42696629213483145,0.21348314606741572,0.4007155859644718,0.10405939598250014,391,0.770949720670391,0.7808988764044944,0.7808988764044944,0.8603351955307262,0.9664804469273743,0.831912623187496,0.0746158455151231,181,0.5892399658411615,0.6172291296625222,0.6471135940409684,0.6400665004156276,0.6044723969252271,0.6196243173771013,0.021596618321907728,376,0.5782122905027933,0.6167064214424707,0.6530192706044818,0.6436507438327789,0.589981796497395,0.616314104575984,0.029119937005334245,397,0.5435213551991349,0.5672392410242436,0.5938193395335662,0.5875734022659342,0.5509955959109151,0.5686297867867588,0.019680984615413823,397,0.5782122905027932,0.6167064214424707,0.6530192706044818,0.6436507438327789,0.589981796497395,0.616314104575984,0.029119937005334277,397
91,0.007638978958129883,0.0052080057615062,0.04335484504699707,0.007979381668013923,gini,2,9,2,random,"{'criterion': 'gini', 'max_depth': 2, 'min_samples_leaf': 9, 'min_samples_split': 2, 'splitter': 'random'}",0.5782122905027933,0.6162464985994398,0.6526610644257703,0.6442577030812325,0.5910364145658263,0.6164827942350125,0.028956927755633438,397,0.6272727272727273,0.675,0.706766917293233,0.7524752475247525,0.8636363636363636,0.7250302511454152,0.0804462443037635,145,0.5564516129032258,0.5864978902953587,0.6205357142857143,0.6015625,0.5527156549520766,0.5835526744872751,0.02602369173151483,445,0.3854748603351955,0.45251396648044695,0.5251396648044693,0.42696629213483145,0.21348314606741572,0.4007155859644718,0.10405939598250014,391,0.770949720670391,0.7808988764044944,0.7808988764044944,0.8603351955307262,0.9664804469273743,0.831912623187496,0.0746158455151231,181,0.5892399658411615,0.6172291296625222,0.6471135940409684,0.6400665004156276,0.6044723969252271,0.6196243173771013,0.021596618321907728,376,0.5782122905027933,0.6167064214424707,0.6530192706044818,0.6436507438327789,0.589981796497395,0.616314104575984,0.029119937005334245,397,0.5435213551991349,0.5672392410242436,0.5938193395335662,0.5875734022659342,0.5509955959109151,0.5686297867867588,0.019680984615413823,397,0.5782122905027932,0.6167064214424707,0.6530192706044818,0.6436507438327789,0.589981796497395,0.616314104575984,0.029119937005334277,397
77,0.01330099105834961,0.016098634651569618,0.05207948684692383,0.013078504632070853,gini,2,6,4,random,"{'criterion': 'gini', 'max_depth': 2, 'min_samples_leaf': 6, 'min_samples_split': 4, 'splitter': 'random'}",0.5782122905027933,0.6162464985994398,0.6526610644257703,0.6442577030812325,0.5910364145658263,0.6164827942350125,0.028956927755633438,397,0.6272727272727273,0.675,0.706766917293233,0.7524752475247525,0.8636363636363636,0.7250302511454152,0.0804462443037635,145,0.5564516129032258,0.5864978902953587,0.6205357142857143,0.6015625,0.5527156549520766,0.5835526744872751,0.02602369173151483,445,0.3854748603351955,0.45251396648044695,0.5251396648044693,0.42696629213483145,0.21348314606741572,0.4007155859644718,0.10405939598250014,391,0.770949720670391,0.7808988764044944,0.7808988764044944,0.8603351955307262,0.9664804469273743,0.831912623187496,0.0746158455151231,181,0.5892399658411615,0.6172291296625222,0.6471135940409684,0.6400665004156276,0.6044723969252271,0.6196243173771013,0.021596618321907728,376,0.5782122905027933,0.6167064214424707,0.6530192706044818,0.6436507438327789,0.589981796497395,0.616314104575984,0.029119937005334245,397,0.5435213551991349,0.5672392410242436,0.5938193395335662,0.5875734022659342,0.5509955959109151,0.5686297867867588,0.019680984615413823,397,0.5782122905027932,0.6167064214424707,0.6530192706044818,0.6436507438327789,0.589981796497395,0.616314104575984,0.029119937005334277,397
75,0.011970090866088866,0.008166823041290815,0.04845957756042481,0.008303202437483387,gini,2,6,3,random,"{'criterion': 'gini', 'max_depth': 2, 'min_samples_leaf': 6, 'min_samples_split': 3, 'splitter': 'random'}",0.5782122905027933,0.6162464985994398,0.6526610644257703,0.6442577030812325,0.5910364145658263,0.6164827942350125,0.028956927755633438,397,0.6272727272727273,0.675,0.706766917293233,0.7524752475247525,0.8636363636363636,0.7250302511454152,0.0804462443037635,145,0.5564516129032258,0.5864978902953587,0.6205357142857143,0.6015625,0.5527156549520766,0.5835526744872751,0.02602369173151483,445,0.3854748603351955,0.45251396648044695,0.5251396648044693,0.42696629213483145,0.21348314606741572,0.4007155859644718,0.10405939598250014,391,0.770949720670391,0.7808988764044944,0.7808988764044944,0.8603351955307262,0.9664804469273743,0.831912623187496,0.0746158455151231,181,0.5892399658411615,0.6172291296625222,0.6471135940409684,0.6400665004156276,0.6044723969252271,0.6196243173771013,0.021596618321907728,376,0.5782122905027933,0.6167064214424707,0.6530192706044818,0.6436507438327789,0.589981796497395,0.616314104575984,0.029119937005334245,397,0.5435213551991349,0.5672392410242436,0.5938193395335662,0.5875734022659342,0.5509955959109151,0.5686297867867588,0.019680984615413823,397,0.5782122905027932,0.6167064214424707,0.6530192706044818,0.6436507438327789,0.589981796497395,0.616314104575984,0.029119937005334277,397
95,0.006379270553588867,0.0005406555325005155,0.04348688125610352,0.004625648775441292,gini,2,9,4,random,"{'criterion': 'gini', 'max_depth': 2, 'min_samples_leaf': 9, 'min_samples_split': 4, 'splitter': 'random'}",0.5782122905027933,0.6162464985994398,0.6526610644257703,0.6442577030812325,0.5910364145658263,0.6164827942350125,0.028956927755633438,397,0.6272727272727273,0.675,0.706766917293233,0.7524752475247525,0.8636363636363636,0.7250302511454152,0.0804462443037635,145,0.5564516129032258,0.5864978902953587,0.6205357142857143,0.6015625,0.5527156549520766,0.5835526744872751,0.02602369173151483,445,0.3854748603351955,0.45251396648044695,0.5251396648044693,0.42696629213483145,0.21348314606741572,0.4007155859644718,0.10405939598250014,391,0.770949720670391,0.7808988764044944,0.7808988764044944,0.8603351955307262,0.9664804469273743,0.831912623187496,0.0746158455151231,181,0.5892399658411615,0.6172291296625222,0.6471135940409684,0.6400665004156276,0.6044723969252271,0.6196243173771013,0.021596618321907728,376,0.5782122905027933,0.6167064214424707,0.6530192706044818,0.6436507438327789,0.589981796497395,0.616314104575984,0.029119937005334245,397,0.5435213551991349,0.5672392410242436,0.5938193395335662,0.5875734022659342,0.5509955959109151,0.5686297867867588,0.019680984615413823,397,0.5782122905027932,0.6167064214424707,0.6530192706044818,0.6436507438327789,0.589981796497395,0.616314104575984,0.029119937005334277,397
73,0.006284332275390625,0.0007092093744276126,0.04760098457336426,0.011721760874983634,gini,2,6,2,random,"{'criterion': 'gini', 'max_depth': 2, 'min_samples_leaf': 6, 'min_samples_split': 2, 'splitter': 'random'}",0.5782122905027933,0.6162464985994398,0.6526610644257703,0.6442577030812325,0.5910364145658263,0.6164827942350125,0.028956927755633438,397,0.6272727272727273,0.675,0.706766917293233,0.7524752475247525,0.8636363636363636,0.7250302511454152,0.0804462443037635,145,0.5564516129032258,0.5864978902953587,0.6205357142857143,0.6015625,0.5527156549520766,0.5835526744872751,0.02602369173151483,445,0.3854748603351955,0.45251396648044695,0.5251396648044693,0.42696629213483145,0.21348314606741572,0.4007155859644718,0.10405939598250014,391,0.770949720670391,0.7808988764044944,0.7808988764044944,0.8603351955307262,0.9664804469273743,0.831912623187496,0.0746158455151231,181,0.5892399658411615,0.6172291296625222,0.6471135940409684,0.6400665004156276,0.6044723969252271,0.6196243173771013,0.021596618321907728,376,0.5782122905027933,0.6167064214424707,0.6530192706044818,0.6436507438327789,0.589981796497395,0.616314104575984,0.029119937005334245,397,0.5435213551991349,0.5672392410242436,0.5938193395335662,0.5875734022659342,0.5509955959109151,0.5686297867867588,0.019680984615413823,397,0.5782122905027932,0.6167064214424707,0.6530192706044818,0.6436507438327789,0.589981796497395,0.616314104575984,0.029119937005334277,397
83,0.00600900650024414,0.00354297248501947,0.04401583671569824,0.0034762003040934783,gini,2,7,4,random,"{'criterion': 'gini', 'max_depth': 2, 'min_samples_leaf': 7, 'min_samples_split': 4, 'splitter': 'random'}",0.5782122905027933,0.6162464985994398,0.6526610644257703,0.6442577030812325,0.5910364145658263,0.6164827942350125,0.028956927755633438,397,0.6272727272727273,0.675,0.706766917293233,0.7524752475247525,0.8636363636363636,0.7250302511454152,0.0804462443037635,145,0.5564516129032258,0.5864978902953587,0.6205357142857143,0.6015625,0.5527156549520766,0.5835526744872751,0.02602369173151483,445,0.3854748603351955,0.45251396648044695,0.5251396648044693,0.42696629213483145,0.21348314606741572,0.4007155859644718,0.10405939598250014,391,0.770949720670391,0.7808988764044944,0.7808988764044944,0.8603351955307262,0.9664804469273743,0.831912623187496,0.0746158455151231,181,0.5892399658411615,0.6172291296625222,0.6471135940409684,0.6400665004156276,0.6044723969252271,0.6196243173771013,0.021596618321907728,376,0.5782122905027933,0.6167064214424707,0.6530192706044818,0.6436507438327789,0.589981796497395,0.616314104575984,0.029119937005334245,397,0.5435213551991349,0.5672392410242436,0.5938193395335662,0.5875734022659342,0.5509955959109151,0.5686297867867588,0.019680984615413823,397,0.5782122905027932,0.6167064214424707,0.6530192706044818,0.6436507438327789,0.589981796497395,0.616314104575984,0.029119937005334277,397
93,0.015680789947509766,0.018497625227427993,0.054628515243530275,0.015384408759550704,gini,2,9,3,random,"{'criterion': 'gini', 'max_depth': 2, 'min_samples_leaf': 9, 'min_samples_split': 3, 'splitter': 'random'}",0.5782122905027933,0.6162464985994398,0.6526610644257703,0.6442577030812325,0.5910364145658263,0.6164827942350125,0.028956927755633438,397,0.6272727272727273,0.675,0.706766917293233,0.7524752475247525,0.8636363636363636,0.7250302511454152,0.0804462443037635,145,0.5564516129032258,0.5864978902953587,0.6205357142857143,0.6015625,0.5527156549520766,0.5835526744872751,0.02602369173151483,445,0.3854748603351955,0.45251396648044695,0.5251396648044693,0.42696629213483145,0.21348314606741572,0.4007155859644718,0.10405939598250014,391,0.770949720670391,0.7808988764044944,0.7808988764044944,0.8603351955307262,0.9664804469273743,0.831912623187496,0.0746158455151231,181,0.5892399658411615,0.6172291296625222,0.6471135940409684,0.6400665004156276,0.6044723969252271,0.6196243173771013,0.021596618321907728,376,0.5782122905027933,0.6167064214424707,0.6530192706044818,0.6436507438327789,0.589981796497395,0.616314104575984,0.029119937005334245,397,0.5435213551991349,0.5672392410242436,0.5938193395335662,0.5875734022659342,0.5509955959109151,0.5686297867867588,0.019680984615413823,397,0.5782122905027932,0.6167064214424707,0.6530192706044818,0.6436507438327789,0.589981796497395,0.616314104575984,0.029119937005334277,397
481,0.010137367248535156,0.0016465686508257767,0.040352392196655276,0.00788035238901359,log_loss,3,2,2,random,"{'criterion': 'log_loss', 'max_depth': 3, 'min_samples_leaf': 2, 'min_samples_split': 2, 'splitter': 'random'}",0.5865921787709497,0.5546218487394958,0.6470588235294118,0.6246498599439776,0.6442577030812325,0.6114360828130134,0.03568170141867517,409,0.6448598130841121,0.9166666666666666,0.6280193236714976,0.6122448979591837,0.8227848101265823,0.7249151023016085,0.12234325346400511,157,0.5617529880478087,0.5285285285285285,0.6733333333333333,0.639751552795031,0.5935251798561151,0.5993783165121633,0.05209406824018021,337,0.3854748603351955,0.12290502793296089,0.7262569832402235,0.6741573033707865,0.3651685393258427,0.4547925428410018,0.22126932287574275,337,0.7877094972067039,0.9887640449438202,0.5674157303370787,0.5754189944134078,0.9217877094972067,0.7682191952796436,0.17326115555922675,229,0.5959425190194421,0.5827814569536424,0.6491002570694088,0.6257594167679222,0.6390395042602633,0.6185246308141357,0.025280812217725046,409,0.5865921787709497,0.5558345364383905,0.646836356788651,0.6247881488920972,0.6434781244115246,0.6115058690603226,0.03511944382426974,409,0.548643415166151,0.5281922466324316,0.5977461996034369,0.5810103492453575,0.5863199023429957,0.5683824225980745,0.025877897014928167,409,0.5865921787709497,0.5558345364383905,0.6468363567886511,0.6247881488920972,0.6434781244115246,0.6115058690603226,0.035119443824269764,409
289,0.007161283493041992,0.0037443740687309536,0.04031381607055664,0.006628041662927716,entropy,3,2,2,random,"{'criterion': 'entropy', 'max_depth': 3, 'min_samples_leaf': 2, 'min_samples_split': 2, 'splitter': 'random'}",0.5865921787709497,0.5546218487394958,0.6470588235294118,0.6246498599439776,0.6442577030812325,0.6114360828130134,0.03568170141867517,409,0.6448598130841121,0.9166666666666666,0.6280193236714976,0.6122448979591837,0.8227848101265823,0.7249151023016085,0.12234325346400511,157,0.5617529880478087,0.5285285285285285,0.6733333333333333,0.639751552795031,0.5935251798561151,0.5993783165121633,0.05209406824018021,337,0.3854748603351955,0.12290502793296089,0.7262569832402235,0.6741573033707865,0.3651685393258427,0.4547925428410018,0.22126932287574275,337,0.7877094972067039,0.9887640449438202,0.5674157303370787,0.5754189944134078,0.9217877094972067,0.7682191952796436,0.17326115555922675,229,0.5959425190194421,0.5827814569536424,0.6491002570694088,0.6257594167679222,0.6390395042602633,0.6185246308141357,0.025280812217725046,409,0.5865921787709497,0.5558345364383905,0.646836356788651,0.6247881488920972,0.6434781244115246,0.6115058690603226,0.03511944382426974,409,0.548643415166151,0.5281922466324316,0.5977461996034369,0.5810103492453575,0.5863199023429957,0.5683824225980745,0.025877897014928167,409,0.5865921787709497,0.5558345364383905,0.6468363567886511,0.6247881488920972,0.6434781244115246,0.6115058690603226,0.035119443824269764,409
291,0.007289075851440429,0.0036439967529767045,0.05229883193969727,0.009750128711052564,entropy,3,2,3,random,"{'criterion': 'entropy', 'max_depth': 3, 'min_samples_leaf': 2, 'min_samples_split': 3, 'splitter': 'random'}",0.5865921787709497,0.5546218487394958,0.6470588235294118,0.6246498599439776,0.6442577030812325,0.6114360828130134,0.03568170141867517,409,0.6448598130841121,0.9166666666666666,0.6280193236714976,0.6122448979591837,0.8227848101265823,0.7249151023016085,0.12234325346400511,157,0.5617529880478087,0.5285285285285285,0.6733333333333333,0.639751552795031,0.5935251798561151,0.5993783165121633,0.05209406824018021,337,0.3854748603351955,0.12290502793296089,0.7262569832402235,0.6741573033707865,0.3651685393258427,0.4547925428410018,0.22126932287574275,337,0.7877094972067039,0.9887640449438202,0.5674157303370787,0.5754189944134078,0.9217877094972067,0.7682191952796436,0.17326115555922675,229,0.5959425190194421,0.5827814569536424,0.6491002570694088,0.6257594167679222,0.6390395042602633,0.6185246308141357,0.025280812217725046,409,0.5865921787709497,0.5558345364383905,0.646836356788651,0.6247881488920972,0.6434781244115246,0.6115058690603226,0.03511944382426974,409,0.548643415166151,0.5281922466324316,0.5977461996034369,0.5810103492453575,0.5863199023429957,0.5683824225980745,0.025877897014928167,409,0.5865921787709497,0.5558345364383905,0.6468363567886511,0.6247881488920972,0.6434781244115246,0.6115058690603226,0.035119443824269764,409
293,0.008168792724609375,0.007781859842204522,0.04719777107238769,0.005914245136492824,entropy,3,2,4,random,"{'criterion': 'entropy', 'max_depth': 3, 'min_samples_leaf': 2, 'min_samples_split': 4, 'splitter': 'random'}",0.5865921787709497,0.5546218487394958,0.6470588235294118,0.6246498599439776,0.6442577030812325,0.6114360828130134,0.03568170141867517,409,0.6448598130841121,0.9166666666666666,0.6280193236714976,0.6122448979591837,0.8227848101265823,0.7249151023016085,0.12234325346400511,157,0.5617529880478087,0.5285285285285285,0.6733333333333333,0.639751552795031,0.5935251798561151,0.5993783165121633,0.05209406824018021,337,0.3854748603351955,0.12290502793296089,0.7262569832402235,0.6741573033707865,0.3651685393258427,0.4547925428410018,0.22126932287574275,337,0.7877094972067039,0.9887640449438202,0.5674157303370787,0.5754189944134078,0.9217877094972067,0.7682191952796436,0.17326115555922675,229,0.5959425190194421,0.5827814569536424,0.6491002570694088,0.6257594167679222,0.6390395042602633,0.6185246308141357,0.025280812217725046,409,0.5865921787709497,0.5558345364383905,0.646836356788651,0.6247881488920972,0.6434781244115246,0.6115058690603226,0.03511944382426974,409,0.548643415166151,0.5281922466324316,0.5977461996034369,0.5810103492453575,0.5863199023429957,0.5683824225980745,0.025877897014928167,409,0.5865921787709497,0.5558345364383905,0.6468363567886511,0.6247881488920972,0.6434781244115246,0.6115058690603226,0.035119443824269764,409
485,0.009669733047485352,0.002471739062457998,0.04512801170349121,0.010709635434241017,log_loss,3,2,4,random,"{'criterion': 'log_loss', 'max_depth': 3, 'min_samples_leaf': 2, 'min_samples_split': 4, 'splitter': 'random'}",0.5865921787709497,0.5546218487394958,0.6470588235294118,0.6246498599439776,0.6442577030812325,0.6114360828130134,0.03568170141867517,409,0.6448598130841121,0.9166666666666666,0.6280193236714976,0.6122448979591837,0.8227848101265823,0.7249151023016085,0.12234325346400511,157,0.5617529880478087,0.5285285285285285,0.6733333333333333,0.639751552795031,0.5935251798561151,0.5993783165121633,0.05209406824018021,337,0.3854748603351955,0.12290502793296089,0.7262569832402235,0.6741573033707865,0.3651685393258427,0.4547925428410018,0.22126932287574275,337,0.7877094972067039,0.9887640449438202,0.5674157303370787,0.5754189944134078,0.9217877094972067,0.7682191952796436,0.17326115555922675,229,0.5959425190194421,0.5827814569536424,0.6491002570694088,0.6257594167679222,0.6390395042602633,0.6185246308141357,0.025280812217725046,409,0.5865921787709497,0.5558345364383905,0.646836356788651,0.6247881488920972,0.6434781244115246,0.6115058690603226,0.03511944382426974,409,0.548643415166151,0.5281922466324316,0.5977461996034369,0.5810103492453575,0.5863199023429957,0.5683824225980745,0.025877897014928167,409,0.5865921787709497,0.5558345364383905,0.6468363567886511,0.6247881488920972,0.6434781244115246,0.6115058690603226,0.035119443824269764,409
483,0.007870912551879883,0.0021385777139609685,0.04776620864868164,0.010936842301635413,log_loss,3,2,3,random,"{'criterion': 'log_loss', 'max_depth': 3, 'min_samples_leaf': 2, 'min_samples_split': 3, 'splitter': 'random'}",0.5865921787709497,0.5546218487394958,0.6470588235294118,0.6246498599439776,0.6442577030812325,0.6114360828130134,0.03568170141867517,409,0.6448598130841121,0.9166666666666666,0.6280193236714976,0.6122448979591837,0.8227848101265823,0.7249151023016085,0.12234325346400511,157,0.5617529880478087,0.5285285285285285,0.6733333333333333,0.639751552795031,0.5935251798561151,0.5993783165121633,0.05209406824018021,337,0.3854748603351955,0.12290502793296089,0.7262569832402235,0.6741573033707865,0.3651685393258427,0.4547925428410018,0.22126932287574275,337,0.7877094972067039,0.9887640449438202,0.5674157303370787,0.5754189944134078,0.9217877094972067,0.7682191952796436,0.17326115555922675,229,0.5959425190194421,0.5827814569536424,0.6491002570694088,0.6257594167679222,0.6390395042602633,0.6185246308141357,0.025280812217725046,409,0.5865921787709497,0.5558345364383905,0.646836356788651,0.6247881488920972,0.6434781244115246,0.6115058690603226,0.03511944382426974,409,0.548643415166151,0.5281922466324316,0.5977461996034369,0.5810103492453575,0.5863199023429957,0.5683824225980745,0.025877897014928167,409,0.5865921787709497,0.5558345364383905,0.6468363567886511,0.6247881488920972,0.6434781244115246,0.6115058690603226,0.035119443824269764,409
331,0.0063632488250732425,0.0031454362621404102,0.056273889541625974,0.005589871340332595,entropy,3,9,2,random,"{'criterion': 'entropy', 'max_depth': 3, 'min_samples_leaf': 9, 'min_samples_split': 2, 'splitter': 'random'}",0.5865921787709497,0.5546218487394958,0.6470588235294118,0.6246498599439776,0.6442577030812325,0.6114360828130134,0.03568170141867517,409,0.6448598130841121,0.9166666666666666,0.6280193236714976,0.6134020618556701,0.8227848101265823,0.7251465350809058,0.12213081001783788,133,0.5617529880478087,0.5285285285285285,0.6733333333333333,0.6380368098159509,0.5935251798561151,0.5990353679163473,0.05183213782381087,343,0.3854748603351955,0.12290502793296089,0.7262569832402235,0.6685393258426966,0.3651685393258427,0.45366894733538377,0.2201640492798182,343,0.7877094972067039,0.9887640449438202,0.5674157303370787,0.5810055865921788,0.9217877094972067,0.7693365137153977,0.17202785585473115,217,0.5959425190194421,0.5827814569536424,0.6491002570694088,0.6257521058965102,0.6390395042602633,0.6185231686398532,0.02528039394281208,415,0.5865921787709497,0.5558345364383905,0.646836356788651,0.6247724562174377,0.6434781244115246,0.6115027305253907,0.03511825736179387,415,0.548643415166151,0.5281922466324316,0.5977461996034369,0.5807869845679643,0.5863199023429957,0.5683377496625959,0.025856242640708623,415,0.5865921787709497,0.5558345364383905,0.6468363567886511,0.6247724562174377,0.6434781244115246,0.6115027305253907,0.03511825736179389,415
333,0.017359256744384766,0.018285167247716182,0.08046984672546387,0.024873560286164303,entropy,3,9,3,random,"{'criterion': 'entropy', 'max_depth': 3, 'min_samples_leaf': 9, 'min_samples_split': 3, 'splitter': 'random'}",0.5865921787709497,0.5546218487394958,0.6470588235294118,0.6246498599439776,0.6442577030812325,0.6114360828130134,0.03568170141867517,409,0.6448598130841121,0.9166666666666666,0.6280193236714976,0.6134020618556701,0.8227848101265823,0.7251465350809058,0.12213081001783788,133,0.5617529880478087,0.5285285285285285,0.6733333333333333,0.6380368098159509,0.5935251798561151,0.5990353679163473,0.05183213782381087,343,0.3854748603351955,0.12290502793296089,0.7262569832402235,0.6685393258426966,0.3651685393258427,0.45366894733538377,0.2201640492798182,343,0.7877094972067039,0.9887640449438202,0.5674157303370787,0.5810055865921788,0.9217877094972067,0.7693365137153977,0.17202785585473115,217,0.5959425190194421,0.5827814569536424,0.6491002570694088,0.6257521058965102,0.6390395042602633,0.6185231686398532,0.02528039394281208,415,0.5865921787709497,0.5558345364383905,0.646836356788651,0.6247724562174377,0.6434781244115246,0.6115027305253907,0.03511825736179387,415,0.548643415166151,0.5281922466324316,0.5977461996034369,0.5807869845679643,0.5863199023429957,0.5683377496625959,0.025856242640708623,415,0.5865921787709497,0.5558345364383905,0.6468363567886511,0.6247724562174377,0.6434781244115246,0.6115027305253907,0.03511825736179389,415
329,0.00791778564453125,0.0023448015290109545,0.04932169914245606,0.005516880091664008,entropy,3,8,4,random,"{'criterion': 'entropy', 'max_depth': 3, 'min_samples_leaf': 8, 'min_samples_split': 4, 'splitter': 'random'}",0.5865921787709497,0.5546218487394958,0.6470588235294118,0.6246498599439776,0.6442577030812325,0.6114360828130134,0.03568170141867517,409,0.6448598130841121,0.9166666666666666,0.6280193236714976,0.6134020618556701,0.8227848101265823,0.7251465350809058,0.12213081001783788,133,0.5617529880478087,0.5285285285285285,0.6733333333333333,0.6380368098159509,0.5935251798561151,0.5990353679163473,0.05183213782381087,343,0.3854748603351955,0.12290502793296089,0.7262569832402235,0.6685393258426966,0.3651685393258427,0.45366894733538377,0.2201640492798182,343,0.7877094972067039,0.9887640449438202,0.5674157303370787,0.5810055865921788,0.9217877094972067,0.7693365137153977,0.17202785585473115,217,0.5959425190194421,0.5827814569536424,0.6491002570694088,0.6257521058965102,0.6390395042602633,0.6185231686398532,0.02528039394281208,415,0.5865921787709497,0.5558345364383905,0.646836356788651,0.6247724562174377,0.6434781244115246,0.6115027305253907,0.03511825736179387,415,0.548643415166151,0.5281922466324316,0.5977461996034369,0.5807869845679643,0.5863199023429957,0.5683377496625959,0.025856242640708623,415,0.5865921787709497,0.5558345364383905,0.6468363567886511,0.6247724562174377,0.6434781244115246,0.6115027305253907,0.03511825736179389,415
517,0.005975246429443359,0.004591664697577056,0.050144624710083005,0.009471315866527618,log_loss,3,8,2,random,"{'criterion': 'log_loss', 'max_depth': 3, 'min_samples_leaf': 8, 'min_samples_split': 2, 'splitter': 'random'}",0.5865921787709497,0.5546218487394958,0.6470588235294118,0.6246498599439776,0.6442577030812325,0.6114360828130134,0.03568170141867517,409,0.6448598130841121,0.9166666666666666,0.6280193236714976,0.6134020618556701,0.8227848101265823,0.7251465350809058,0.12213081001783788,133,0.5617529880478087,0.5285285285285285,0.6733333333333333,0.6380368098159509,0.5935251798561151,0.5990353679163473,0.05183213782381087,343,0.3854748603351955,0.12290502793296089,0.7262569832402235,0.6685393258426966,0.3651685393258427,0.45366894733538377,0.2201640492798182,343,0.7877094972067039,0.9887640449438202,0.5674157303370787,0.5810055865921788,0.9217877094972067,0.7693365137153977,0.17202785585473115,217,0.5959425190194421,0.5827814569536424,0.6491002570694088,0.6257521058965102,0.6390395042602633,0.6185231686398532,0.02528039394281208,415,0.5865921787709497,0.5558345364383905,0.646836356788651,0.6247724562174377,0.6434781244115246,0.6115027305253907,0.03511825736179387,415,0.548643415166151,0.5281922466324316,0.5977461996034369,0.5807869845679643,0.5863199023429957,0.5683377496625959,0.025856242640708623,415,0.5865921787709497,0.5558345364383905,0.6468363567886511,0.6247724562174377,0.6434781244115246,0.6115027305253907,0.03511825736179389,415
327,0.008242464065551758,0.004998859344944509,0.08959221839904785,0.025604260427357035,entropy,3,8,3,random,"{'criterion': 'entropy', 'max_depth': 3, 'min_samples_leaf': 8, 'min_samples_split': 3, 'splitter': 'random'}",0.5865921787709497,0.5546218487394958,0.6470588235294118,0.6246498599439776,0.6442577030812325,0.6114360828130134,0.03568170141867517,409,0.6448598130841121,0.9166666666666666,0.6280193236714976,0.6134020618556701,0.8227848101265823,0.7251465350809058,0.12213081001783788,133,0.5617529880478087,0.5285285285285285,0.6733333333333333,0.6380368098159509,0.5935251798561151,0.5990353679163473,0.05183213782381087,343,0.3854748603351955,0.12290502793296089,0.7262569832402235,0.6685393258426966,0.3651685393258427,0.45366894733538377,0.2201640492798182,343,0.7877094972067039,0.9887640449438202,0.5674157303370787,0.5810055865921788,0.9217877094972067,0.7693365137153977,0.17202785585473115,217,0.5959425190194421,0.5827814569536424,0.6491002570694088,0.6257521058965102,0.6390395042602633,0.6185231686398532,0.02528039394281208,415,0.5865921787709497,0.5558345364383905,0.646836356788651,0.6247724562174377,0.6434781244115246,0.6115027305253907,0.03511825736179387,415,0.548643415166151,0.5281922466324316,0.5977461996034369,0.5807869845679643,0.5863199023429957,0.5683377496625959,0.025856242640708623,415,0.5865921787709497,0.5558345364383905,0.6468363567886511,0.6247724562174377,0.6434781244115246,0.6115027305253907,0.03511825736179389,415
525,0.012527370452880859,0.008978817868816021,0.0459846019744873,0.008266329876684745,log_loss,3,9,3,random,"{'criterion': 'log_loss', 'max_depth': 3, 'min_samples_leaf': 9, 'min_samples_split': 3, 'splitter': 'random'}",0.5865921787709497,0.5546218487394958,0.6470588235294118,0.6246498599439776,0.6442577030812325,0.6114360828130134,0.03568170141867517,409,0.6448598130841121,0.9166666666666666,0.6280193236714976,0.6134020618556701,0.8227848101265823,0.7251465350809058,0.12213081001783788,133,0.5617529880478087,0.5285285285285285,0.6733333333333333,0.6380368098159509,0.5935251798561151,0.5990353679163473,0.05183213782381087,343,0.3854748603351955,0.12290502793296089,0.7262569832402235,0.6685393258426966,0.3651685393258427,0.45366894733538377,0.2201640492798182,343,0.7877094972067039,0.9887640449438202,0.5674157303370787,0.5810055865921788,0.9217877094972067,0.7693365137153977,0.17202785585473115,217,0.5959425190194421,0.5827814569536424,0.6491002570694088,0.6257521058965102,0.6390395042602633,0.6185231686398532,0.02528039394281208,415,0.5865921787709497,0.5558345364383905,0.646836356788651,0.6247724562174377,0.6434781244115246,0.6115027305253907,0.03511825736179387,415,0.548643415166151,0.5281922466324316,0.5977461996034369,0.5807869845679643,0.5863199023429957,0.5683377496625959,0.025856242640708623,415,0.5865921787709497,0.5558345364383905,0.6468363567886511,0.6247724562174377,0.6434781244115246,0.6115027305253907,0.03511825736179389,415
325,0.00698237419128418,0.0012349866658981255,0.05930695533752441,0.021478471016305952,entropy,3,8,2,random,"{'criterion': 'entropy', 'max_depth': 3, 'min_samples_leaf': 8, 'min_samples_split': 2, 'splitter': 'random'}",0.5865921787709497,0.5546218487394958,0.6470588235294118,0.6246498599439776,0.6442577030812325,0.6114360828130134,0.03568170141867517,409,0.6448598130841121,0.9166666666666666,0.6280193236714976,0.6134020618556701,0.8227848101265823,0.7251465350809058,0.12213081001783788,133,0.5617529880478087,0.5285285285285285,0.6733333333333333,0.6380368098159509,0.5935251798561151,0.5990353679163473,0.05183213782381087,343,0.3854748603351955,0.12290502793296089,0.7262569832402235,0.6685393258426966,0.3651685393258427,0.45366894733538377,0.2201640492798182,343,0.7877094972067039,0.9887640449438202,0.5674157303370787,0.5810055865921788,0.9217877094972067,0.7693365137153977,0.17202785585473115,217,0.5959425190194421,0.5827814569536424,0.6491002570694088,0.6257521058965102,0.6390395042602633,0.6185231686398532,0.02528039394281208,415,0.5865921787709497,0.5558345364383905,0.646836356788651,0.6247724562174377,0.6434781244115246,0.6115027305253907,0.03511825736179387,415,0.548643415166151,0.5281922466324316,0.5977461996034369,0.5807869845679643,0.5863199023429957,0.5683377496625959,0.025856242640708623,415,0.5865921787709497,0.5558345364383905,0.6468363567886511,0.6247724562174377,0.6434781244115246,0.6115027305253907,0.03511825736179389,415
335,0.013973236083984375,0.00538015220220807,0.08001017570495605,0.012918510130528757,entropy,3,9,4,random,"{'criterion': 'entropy', 'max_depth': 3, 'min_samples_leaf': 9, 'min_samples_split': 4, 'splitter': 'random'}",0.5865921787709497,0.5546218487394958,0.6470588235294118,0.6246498599439776,0.6442577030812325,0.6114360828130134,0.03568170141867517,409,0.6448598130841121,0.9166666666666666,0.6280193236714976,0.6134020618556701,0.8227848101265823,0.7251465350809058,0.12213081001783788,133,0.5617529880478087,0.5285285285285285,0.6733333333333333,0.6380368098159509,0.5935251798561151,0.5990353679163473,0.05183213782381087,343,0.3854748603351955,0.12290502793296089,0.7262569832402235,0.6685393258426966,0.3651685393258427,0.45366894733538377,0.2201640492798182,343,0.7877094972067039,0.9887640449438202,0.5674157303370787,0.5810055865921788,0.9217877094972067,0.7693365137153977,0.17202785585473115,217,0.5959425190194421,0.5827814569536424,0.6491002570694088,0.6257521058965102,0.6390395042602633,0.6185231686398532,0.02528039394281208,415,0.5865921787709497,0.5558345364383905,0.646836356788651,0.6247724562174377,0.6434781244115246,0.6115027305253907,0.03511825736179387,415,0.548643415166151,0.5281922466324316,0.5977461996034369,0.5807869845679643,0.5863199023429957,0.5683377496625959,0.025856242640708623,415,0.5865921787709497,0.5558345364383905,0.6468363567886511,0.6247724562174377,0.6434781244115246,0.6115027305253907,0.03511825736179389,415
523,0.007894372940063477,0.003035070761674525,0.03873133659362793,0.0037219343236299493,log_loss,3,9,2,random,"{'criterion': 'log_loss', 'max_depth': 3, 'min_samples_leaf': 9, 'min_samples_split': 2, 'splitter': 'random'}",0.5865921787709497,0.5546218487394958,0.6470588235294118,0.6246498599439776,0.6442577030812325,0.6114360828130134,0.03568170141867517,409,0.6448598130841121,0.9166666666666666,0.6280193236714976,0.6134020618556701,0.8227848101265823,0.7251465350809058,0.12213081001783788,133,0.5617529880478087,0.5285285285285285,0.6733333333333333,0.6380368098159509,0.5935251798561151,0.5990353679163473,0.05183213782381087,343,0.3854748603351955,0.12290502793296089,0.7262569832402235,0.6685393258426966,0.3651685393258427,0.45366894733538377,0.2201640492798182,343,0.7877094972067039,0.9887640449438202,0.5674157303370787,0.5810055865921788,0.9217877094972067,0.7693365137153977,0.17202785585473115,217,0.5959425190194421,0.5827814569536424,0.6491002570694088,0.6257521058965102,0.6390395042602633,0.6185231686398532,0.02528039394281208,415,0.5865921787709497,0.5558345364383905,0.646836356788651,0.6247724562174377,0.6434781244115246,0.6115027305253907,0.03511825736179387,415,0.548643415166151,0.5281922466324316,0.5977461996034369,0.5807869845679643,0.5863199023429957,0.5683377496625959,0.025856242640708623,415,0.5865921787709497,0.5558345364383905,0.6468363567886511,0.6247724562174377,0.6434781244115246,0.6115027305253907,0.03511825736179389,415
521,0.006095743179321289,0.00473263032269326,0.043772554397583006,0.008870098664893527,log_loss,3,8,4,random,"{'criterion': 'log_loss', 'max_depth': 3, 'min_samples_leaf': 8, 'min_samples_split': 4, 'splitter': 'random'}",0.5865921787709497,0.5546218487394958,0.6470588235294118,0.6246498599439776,0.6442577030812325,0.6114360828130134,0.03568170141867517,409,0.6448598130841121,0.9166666666666666,0.6280193236714976,0.6134020618556701,0.8227848101265823,0.7251465350809058,0.12213081001783788,133,0.5617529880478087,0.5285285285285285,0.6733333333333333,0.6380368098159509,0.5935251798561151,0.5990353679163473,0.05183213782381087,343,0.3854748603351955,0.12290502793296089,0.7262569832402235,0.6685393258426966,0.3651685393258427,0.45366894733538377,0.2201640492798182,343,0.7877094972067039,0.9887640449438202,0.5674157303370787,0.5810055865921788,0.9217877094972067,0.7693365137153977,0.17202785585473115,217,0.5959425190194421,0.5827814569536424,0.6491002570694088,0.6257521058965102,0.6390395042602633,0.6185231686398532,0.02528039394281208,415,0.5865921787709497,0.5558345364383905,0.646836356788651,0.6247724562174377,0.6434781244115246,0.6115027305253907,0.03511825736179387,415,0.548643415166151,0.5281922466324316,0.5977461996034369,0.5807869845679643,0.5863199023429957,0.5683377496625959,0.025856242640708623,415,0.5865921787709497,0.5558345364383905,0.6468363567886511,0.6247724562174377,0.6434781244115246,0.6115027305253907,0.03511825736179389,415
519,0.013119125366210937,0.005800597817427257,0.04912590980529785,0.010782048680687616,log_loss,3,8,3,random,"{'criterion': 'log_loss', 'max_depth': 3, 'min_samples_leaf': 8, 'min_samples_split': 3, 'splitter': 'random'}",0.5865921787709497,0.5546218487394958,0.6470588235294118,0.6246498599439776,0.6442577030812325,0.6114360828130134,0.03568170141867517,409,0.6448598130841121,0.9166666666666666,0.6280193236714976,0.6134020618556701,0.8227848101265823,0.7251465350809058,0.12213081001783788,133,0.5617529880478087,0.5285285285285285,0.6733333333333333,0.6380368098159509,0.5935251798561151,0.5990353679163473,0.05183213782381087,343,0.3854748603351955,0.12290502793296089,0.7262569832402235,0.6685393258426966,0.3651685393258427,0.45366894733538377,0.2201640492798182,343,0.7877094972067039,0.9887640449438202,0.5674157303370787,0.5810055865921788,0.9217877094972067,0.7693365137153977,0.17202785585473115,217,0.5959425190194421,0.5827814569536424,0.6491002570694088,0.6257521058965102,0.6390395042602633,0.6185231686398532,0.02528039394281208,415,0.5865921787709497,0.5558345364383905,0.646836356788651,0.6247724562174377,0.6434781244115246,0.6115027305253907,0.03511825736179387,415,0.548643415166151,0.5281922466324316,0.5977461996034369,0.5807869845679643,0.5863199023429957,0.5683377496625959,0.025856242640708623,415,0.5865921787709497,0.5558345364383905,0.6468363567886511,0.6247724562174377,0.6434781244115246,0.6115027305253907,0.03511825736179389,415
527,0.006886196136474609,0.0036977047313561575,0.0420562744140625,0.0018532173577774048,log_loss,3,9,4,random,"{'criterion': 'log_loss', 'max_depth': 3, 'min_samples_leaf': 9, 'min_samples_split': 4, 'splitter': 'random'}",0.5865921787709497,0.5546218487394958,0.6470588235294118,0.6246498599439776,0.6442577030812325,0.6114360828130134,0.03568170141867517,409,0.6448598130841121,0.9166666666666666,0.6280193236714976,0.6134020618556701,0.8227848101265823,0.7251465350809058,0.12213081001783788,133,0.5617529880478087,0.5285285285285285,0.6733333333333333,0.6380368098159509,0.5935251798561151,0.5990353679163473,0.05183213782381087,343,0.3854748603351955,0.12290502793296089,0.7262569832402235,0.6685393258426966,0.3651685393258427,0.45366894733538377,0.2201640492798182,343,0.7877094972067039,0.9887640449438202,0.5674157303370787,0.5810055865921788,0.9217877094972067,0.7693365137153977,0.17202785585473115,217,0.5959425190194421,0.5827814569536424,0.6491002570694088,0.6257521058965102,0.6390395042602633,0.6185231686398532,0.02528039394281208,415,0.5865921787709497,0.5558345364383905,0.646836356788651,0.6247724562174377,0.6434781244115246,0.6115027305253907,0.03511825736179387,415,0.548643415166151,0.5281922466324316,0.5977461996034369,0.5807869845679643,0.5863199023429957,0.5683377496625959,0.025856242640708623,415,0.5865921787709497,0.5558345364383905,0.6468363567886511,0.6247724562174377,0.6434781244115246,0.6115027305253907,0.03511825736179389,415
511,0.006930303573608398,0.006526131394350655,0.04892888069152832,0.0060740381198912735,log_loss,3,7,2,random,"{'criterion': 'log_loss', 'max_depth': 3, 'min_samples_leaf': 7, 'min_samples_split': 2, 'splitter': 'random'}",0.5865921787709497,0.5546218487394958,0.6470588235294118,0.6218487394957983,0.6442577030812325,0.6108758587233776,0.03549132101973985,427,0.6448598130841121,0.9166666666666666,0.6280193236714976,0.6102564102564103,0.8227848101265823,0.7245174047610539,0.12271153836463138,163,0.5617529880478087,0.5285285285285285,0.6733333333333333,0.6358024691358025,0.5935251798561151,0.5985884997803177,0.051502546273191466,355,0.3854748603351955,0.12290502793296089,0.7262569832402235,0.6685393258426966,0.3651685393258427,0.45366894733538377,0.2201640492798182,343,0.7877094972067039,0.9887640449438202,0.5674157303370787,0.5754189944134078,0.9217877094972067,0.7682191952796436,0.17326115555922675,229,0.5959425190194421,0.5827814569536424,0.6491002570694088,0.6227327690447401,0.6390395042602633,0.6179193012694992,0.025136155283663007,427,0.5865921787709497,0.5558345364383905,0.646836356788651,0.6219791601280522,0.6434781244115246,0.6109440713075136,0.03492440252120199,427,0.548643415166151,0.5281922466324316,0.5977461996034369,0.5787379714973099,0.5863199023429957,0.5679279470484649,0.02567125977058964,427,0.5865921787709497,0.5558345364383905,0.6468363567886511,0.6219791601280522,0.6434781244115246,0.6109440713075136,0.03492440252120202,427
513,0.008204317092895508,0.0013358222958683862,0.05001068115234375,0.0064630025005122825,log_loss,3,7,3,random,"{'criterion': 'log_loss', 'max_depth': 3, 'min_samples_leaf': 7, 'min_samples_split': 3, 'splitter': 'random'}",0.5865921787709497,0.5546218487394958,0.6470588235294118,0.6218487394957983,0.6442577030812325,0.6108758587233776,0.03549132101973985,427,0.6448598130841121,0.9166666666666666,0.6280193236714976,0.6102564102564103,0.8227848101265823,0.7245174047610539,0.12271153836463138,163,0.5617529880478087,0.5285285285285285,0.6733333333333333,0.6358024691358025,0.5935251798561151,0.5985884997803177,0.051502546273191466,355,0.3854748603351955,0.12290502793296089,0.7262569832402235,0.6685393258426966,0.3651685393258427,0.45366894733538377,0.2201640492798182,343,0.7877094972067039,0.9887640449438202,0.5674157303370787,0.5754189944134078,0.9217877094972067,0.7682191952796436,0.17326115555922675,229,0.5959425190194421,0.5827814569536424,0.6491002570694088,0.6227327690447401,0.6390395042602633,0.6179193012694992,0.025136155283663007,427,0.5865921787709497,0.5558345364383905,0.646836356788651,0.6219791601280522,0.6434781244115246,0.6109440713075136,0.03492440252120199,427,0.548643415166151,0.5281922466324316,0.5977461996034369,0.5787379714973099,0.5863199023429957,0.5679279470484649,0.02567125977058964,427,0.5865921787709497,0.5558345364383905,0.6468363567886511,0.6219791601280522,0.6434781244115246,0.6109440713075136,0.03492440252120202,427
311,0.008684015274047852,0.0020642378864772514,0.049878835678100586,0.008250947405340289,entropy,3,5,4,random,"{'criterion': 'entropy', 'max_depth': 3, 'min_samples_leaf': 5, 'min_samples_split': 4, 'splitter': 'random'}",0.5865921787709497,0.5546218487394958,0.6470588235294118,0.6218487394957983,0.6442577030812325,0.6108758587233776,0.03549132101973985,427,0.6448598130841121,0.9166666666666666,0.6280193236714976,0.6102564102564103,0.8227848101265823,0.7245174047610539,0.12271153836463138,163,0.5617529880478087,0.5285285285285285,0.6733333333333333,0.6358024691358025,0.5935251798561151,0.5985884997803177,0.051502546273191466,355,0.3854748603351955,0.12290502793296089,0.7262569832402235,0.6685393258426966,0.3651685393258427,0.45366894733538377,0.2201640492798182,343,0.7877094972067039,0.9887640449438202,0.5674157303370787,0.5754189944134078,0.9217877094972067,0.7682191952796436,0.17326115555922675,229,0.5959425190194421,0.5827814569536424,0.6491002570694088,0.6227327690447401,0.6390395042602633,0.6179193012694992,0.025136155283663007,427,0.5865921787709497,0.5558345364383905,0.646836356788651,0.6219791601280522,0.6434781244115246,0.6109440713075136,0.03492440252120199,427,0.548643415166151,0.5281922466324316,0.5977461996034369,0.5787379714973099,0.5863199023429957,0.5679279470484649,0.02567125977058964,427,0.5865921787709497,0.5558345364383905,0.6468363567886511,0.6219791601280522,0.6434781244115246,0.6109440713075136,0.03492440252120202,427
509,0.00737919807434082,0.002151350147276596,0.050832366943359374,0.003390888906136431,log_loss,3,6,4,random,"{'criterion': 'log_loss', 'max_depth': 3, 'min_samples_leaf': 6, 'min_samples_split': 4, 'splitter': 'random'}",0.5865921787709497,0.5546218487394958,0.6470588235294118,0.6218487394957983,0.6442577030812325,0.6108758587233776,0.03549132101973985,427,0.6448598130841121,0.9166666666666666,0.6280193236714976,0.6102564102564103,0.8227848101265823,0.7245174047610539,0.12271153836463138,163,0.5617529880478087,0.5285285285285285,0.6733333333333333,0.6358024691358025,0.5935251798561151,0.5985884997803177,0.051502546273191466,355,0.3854748603351955,0.12290502793296089,0.7262569832402235,0.6685393258426966,0.3651685393258427,0.45366894733538377,0.2201640492798182,343,0.7877094972067039,0.9887640449438202,0.5674157303370787,0.5754189944134078,0.9217877094972067,0.7682191952796436,0.17326115555922675,229,0.5959425190194421,0.5827814569536424,0.6491002570694088,0.6227327690447401,0.6390395042602633,0.6179193012694992,0.025136155283663007,427,0.5865921787709497,0.5558345364383905,0.646836356788651,0.6219791601280522,0.6434781244115246,0.6109440713075136,0.03492440252120199,427,0.548643415166151,0.5281922466324316,0.5977461996034369,0.5787379714973099,0.5863199023429957,0.5679279470484649,0.02567125977058964,427,0.5865921787709497,0.5558345364383905,0.6468363567886511,0.6219791601280522,0.6434781244115246,0.6109440713075136,0.03492440252120202,427
489,0.0077171802520751955,0.0013365957542205242,0.057445526123046875,0.0159880168240428,log_loss,3,3,3,random,"{'criterion': 'log_loss', 'max_depth': 3, 'min_samples_leaf': 3, 'min_samples_split': 3, 'splitter': 'random'}",0.5865921787709497,0.5546218487394958,0.6470588235294118,0.6218487394957983,0.6442577030812325,0.6108758587233776,0.03549132101973985,427,0.6448598130841121,0.9166666666666666,0.6280193236714976,0.6102564102564103,0.8227848101265823,0.7245174047610539,0.12271153836463138,163,0.5617529880478087,0.5285285285285285,0.6733333333333333,0.6358024691358025,0.5935251798561151,0.5985884997803177,0.051502546273191466,355,0.3854748603351955,0.12290502793296089,0.7262569832402235,0.6685393258426966,0.3651685393258427,0.45366894733538377,0.2201640492798182,343,0.7877094972067039,0.9887640449438202,0.5674157303370787,0.5754189944134078,0.9217877094972067,0.7682191952796436,0.17326115555922675,229,0.5959425190194421,0.5827814569536424,0.6491002570694088,0.6227327690447401,0.6390395042602633,0.6179193012694992,0.025136155283663007,427,0.5865921787709497,0.5558345364383905,0.646836356788651,0.6219791601280522,0.6434781244115246,0.6109440713075136,0.03492440252120199,427,0.548643415166151,0.5281922466324316,0.5977461996034369,0.5787379714973099,0.5863199023429957,0.5679279470484649,0.02567125977058964,427,0.5865921787709497,0.5558345364383905,0.6468363567886511,0.6219791601280522,0.6434781244115246,0.6109440713075136,0.03492440252120202,427
507,0.00882411003112793,0.004878190936585687,0.06312131881713867,0.007105956425503385,log_loss,3,6,3,random,"{'criterion': 'log_loss', 'max_depth': 3, 'min_samples_leaf': 6, 'min_samples_split': 3, 'splitter': 'random'}",0.5865921787709497,0.5546218487394958,0.6470588235294118,0.6218487394957983,0.6442577030812325,0.6108758587233776,0.03549132101973985,427,0.6448598130841121,0.9166666666666666,0.6280193236714976,0.6102564102564103,0.8227848101265823,0.7245174047610539,0.12271153836463138,163,0.5617529880478087,0.5285285285285285,0.6733333333333333,0.6358024691358025,0.5935251798561151,0.5985884997803177,0.051502546273191466,355,0.3854748603351955,0.12290502793296089,0.7262569832402235,0.6685393258426966,0.3651685393258427,0.45366894733538377,0.2201640492798182,343,0.7877094972067039,0.9887640449438202,0.5674157303370787,0.5754189944134078,0.9217877094972067,0.7682191952796436,0.17326115555922675,229,0.5959425190194421,0.5827814569536424,0.6491002570694088,0.6227327690447401,0.6390395042602633,0.6179193012694992,0.025136155283663007,427,0.5865921787709497,0.5558345364383905,0.646836356788651,0.6219791601280522,0.6434781244115246,0.6109440713075136,0.03492440252120199,427,0.548643415166151,0.5281922466324316,0.5977461996034369,0.5787379714973099,0.5863199023429957,0.5679279470484649,0.02567125977058964,427,0.5865921787709497,0.5558345364383905,0.6468363567886511,0.6219791601280522,0.6434781244115246,0.6109440713075136,0.03492440252120202,427
505,0.007491540908813476,0.0046017958660135,0.04905714988708496,0.006465455419259403,log_loss,3,6,2,random,"{'criterion': 'log_loss', 'max_depth': 3, 'min_samples_leaf': 6, 'min_samples_split': 2, 'splitter': 'random'}",0.5865921787709497,0.5546218487394958,0.6470588235294118,0.6218487394957983,0.6442577030812325,0.6108758587233776,0.03549132101973985,427,0.6448598130841121,0.9166666666666666,0.6280193236714976,0.6102564102564103,0.8227848101265823,0.7245174047610539,0.12271153836463138,163,0.5617529880478087,0.5285285285285285,0.6733333333333333,0.6358024691358025,0.5935251798561151,0.5985884997803177,0.051502546273191466,355,0.3854748603351955,0.12290502793296089,0.7262569832402235,0.6685393258426966,0.3651685393258427,0.45366894733538377,0.2201640492798182,343,0.7877094972067039,0.9887640449438202,0.5674157303370787,0.5754189944134078,0.9217877094972067,0.7682191952796436,0.17326115555922675,229,0.5959425190194421,0.5827814569536424,0.6491002570694088,0.6227327690447401,0.6390395042602633,0.6179193012694992,0.025136155283663007,427,0.5865921787709497,0.5558345364383905,0.646836356788651,0.6219791601280522,0.6434781244115246,0.6109440713075136,0.03492440252120199,427,0.548643415166151,0.5281922466324316,0.5977461996034369,0.5787379714973099,0.5863199023429957,0.5679279470484649,0.02567125977058964,427,0.5865921787709497,0.5558345364383905,0.6468363567886511,0.6219791601280522,0.6434781244115246,0.6109440713075136,0.03492440252120202,427
503,0.008764410018920898,0.0013452333437795035,0.059023284912109376,0.009326079084822352,log_loss,3,5,4,random,"{'criterion': 'log_loss', 'max_depth': 3, 'min_samples_leaf': 5, 'min_samples_split': 4, 'splitter': 'random'}",0.5865921787709497,0.5546218487394958,0.6470588235294118,0.6218487394957983,0.6442577030812325,0.6108758587233776,0.03549132101973985,427,0.6448598130841121,0.9166666666666666,0.6280193236714976,0.6102564102564103,0.8227848101265823,0.7245174047610539,0.12271153836463138,163,0.5617529880478087,0.5285285285285285,0.6733333333333333,0.6358024691358025,0.5935251798561151,0.5985884997803177,0.051502546273191466,355,0.3854748603351955,0.12290502793296089,0.7262569832402235,0.6685393258426966,0.3651685393258427,0.45366894733538377,0.2201640492798182,343,0.7877094972067039,0.9887640449438202,0.5674157303370787,0.5754189944134078,0.9217877094972067,0.7682191952796436,0.17326115555922675,229,0.5959425190194421,0.5827814569536424,0.6491002570694088,0.6227327690447401,0.6390395042602633,0.6179193012694992,0.025136155283663007,427,0.5865921787709497,0.5558345364383905,0.646836356788651,0.6219791601280522,0.6434781244115246,0.6109440713075136,0.03492440252120199,427,0.548643415166151,0.5281922466324316,0.5977461996034369,0.5787379714973099,0.5863199023429957,0.5679279470484649,0.02567125977058964,427,0.5865921787709497,0.5558345364383905,0.6468363567886511,0.6219791601280522,0.6434781244115246,0.6109440713075136,0.03492440252120202,427
501,0.006531333923339844,0.0054057891548071205,0.047496795654296875,0.003935363017299059,log_loss,3,5,3,random,"{'criterion': 'log_loss', 'max_depth': 3, 'min_samples_leaf': 5, 'min_samples_split': 3, 'splitter': 'random'}",0.5865921787709497,0.5546218487394958,0.6470588235294118,0.6218487394957983,0.6442577030812325,0.6108758587233776,0.03549132101973985,427,0.6448598130841121,0.9166666666666666,0.6280193236714976,0.6102564102564103,0.8227848101265823,0.7245174047610539,0.12271153836463138,163,0.5617529880478087,0.5285285285285285,0.6733333333333333,0.6358024691358025,0.5935251798561151,0.5985884997803177,0.051502546273191466,355,0.3854748603351955,0.12290502793296089,0.7262569832402235,0.6685393258426966,0.3651685393258427,0.45366894733538377,0.2201640492798182,343,0.7877094972067039,0.9887640449438202,0.5674157303370787,0.5754189944134078,0.9217877094972067,0.7682191952796436,0.17326115555922675,229,0.5959425190194421,0.5827814569536424,0.6491002570694088,0.6227327690447401,0.6390395042602633,0.6179193012694992,0.025136155283663007,427,0.5865921787709497,0.5558345364383905,0.646836356788651,0.6219791601280522,0.6434781244115246,0.6109440713075136,0.03492440252120199,427,0.548643415166151,0.5281922466324316,0.5977461996034369,0.5787379714973099,0.5863199023429957,0.5679279470484649,0.02567125977058964,427,0.5865921787709497,0.5558345364383905,0.6468363567886511,0.6219791601280522,0.6434781244115246,0.6109440713075136,0.03492440252120202,427
499,0.014673995971679687,0.009872192650831087,0.05676717758178711,0.0103562958587202,log_loss,3,5,2,random,"{'criterion': 'log_loss', 'max_depth': 3, 'min_samples_leaf': 5, 'min_samples_split': 2, 'splitter': 'random'}",0.5865921787709497,0.5546218487394958,0.6470588235294118,0.6218487394957983,0.6442577030812325,0.6108758587233776,0.03549132101973985,427,0.6448598130841121,0.9166666666666666,0.6280193236714976,0.6102564102564103,0.8227848101265823,0.7245174047610539,0.12271153836463138,163,0.5617529880478087,0.5285285285285285,0.6733333333333333,0.6358024691358025,0.5935251798561151,0.5985884997803177,0.051502546273191466,355,0.3854748603351955,0.12290502793296089,0.7262569832402235,0.6685393258426966,0.3651685393258427,0.45366894733538377,0.2201640492798182,343,0.7877094972067039,0.9887640449438202,0.5674157303370787,0.5754189944134078,0.9217877094972067,0.7682191952796436,0.17326115555922675,229,0.5959425190194421,0.5827814569536424,0.6491002570694088,0.6227327690447401,0.6390395042602633,0.6179193012694992,0.025136155283663007,427,0.5865921787709497,0.5558345364383905,0.646836356788651,0.6219791601280522,0.6434781244115246,0.6109440713075136,0.03492440252120199,427,0.548643415166151,0.5281922466324316,0.5977461996034369,0.5787379714973099,0.5863199023429957,0.5679279470484649,0.02567125977058964,427,0.5865921787709497,0.5558345364383905,0.6468363567886511,0.6219791601280522,0.6434781244115246,0.6109440713075136,0.03492440252120202,427
497,0.006014871597290039,0.0031850664470646018,0.04681925773620606,0.00825150486396319,log_loss,3,4,4,random,"{'criterion': 'log_loss', 'max_depth': 3, 'min_samples_leaf': 4, 'min_samples_split': 4, 'splitter': 'random'}",0.5865921787709497,0.5546218487394958,0.6470588235294118,0.6218487394957983,0.6442577030812325,0.6108758587233776,0.03549132101973985,427,0.6448598130841121,0.9166666666666666,0.6280193236714976,0.6102564102564103,0.8227848101265823,0.7245174047610539,0.12271153836463138,163,0.5617529880478087,0.5285285285285285,0.6733333333333333,0.6358024691358025,0.5935251798561151,0.5985884997803177,0.051502546273191466,355,0.3854748603351955,0.12290502793296089,0.7262569832402235,0.6685393258426966,0.3651685393258427,0.45366894733538377,0.2201640492798182,343,0.7877094972067039,0.9887640449438202,0.5674157303370787,0.5754189944134078,0.9217877094972067,0.7682191952796436,0.17326115555922675,229,0.5959425190194421,0.5827814569536424,0.6491002570694088,0.6227327690447401,0.6390395042602633,0.6179193012694992,0.025136155283663007,427,0.5865921787709497,0.5558345364383905,0.646836356788651,0.6219791601280522,0.6434781244115246,0.6109440713075136,0.03492440252120199,427,0.548643415166151,0.5281922466324316,0.5977461996034369,0.5787379714973099,0.5863199023429957,0.5679279470484649,0.02567125977058964,427,0.5865921787709497,0.5558345364383905,0.6468363567886511,0.6219791601280522,0.6434781244115246,0.6109440713075136,0.03492440252120202,427
495,0.008248043060302735,0.0013988050374952236,0.04897322654724121,0.006292829036236406,log_loss,3,4,3,random,"{'criterion': 'log_loss', 'max_depth': 3, 'min_samples_leaf': 4, 'min_samples_split': 3, 'splitter': 'random'}",0.5865921787709497,0.5546218487394958,0.6470588235294118,0.6218487394957983,0.6442577030812325,0.6108758587233776,0.03549132101973985,427,0.6448598130841121,0.9166666666666666,0.6280193236714976,0.6102564102564103,0.8227848101265823,0.7245174047610539,0.12271153836463138,163,0.5617529880478087,0.5285285285285285,0.6733333333333333,0.6358024691358025,0.5935251798561151,0.5985884997803177,0.051502546273191466,355,0.3854748603351955,0.12290502793296089,0.7262569832402235,0.6685393258426966,0.3651685393258427,0.45366894733538377,0.2201640492798182,343,0.7877094972067039,0.9887640449438202,0.5674157303370787,0.5754189944134078,0.9217877094972067,0.7682191952796436,0.17326115555922675,229,0.5959425190194421,0.5827814569536424,0.6491002570694088,0.6227327690447401,0.6390395042602633,0.6179193012694992,0.025136155283663007,427,0.5865921787709497,0.5558345364383905,0.646836356788651,0.6219791601280522,0.6434781244115246,0.6109440713075136,0.03492440252120199,427,0.548643415166151,0.5281922466324316,0.5977461996034369,0.5787379714973099,0.5863199023429957,0.5679279470484649,0.02567125977058964,427,0.5865921787709497,0.5558345364383905,0.6468363567886511,0.6219791601280522,0.6434781244115246,0.6109440713075136,0.03492440252120202,427
493,0.009851408004760743,0.002597747873264518,0.05448722839355469,0.010691840380355701,log_loss,3,4,2,random,"{'criterion': 'log_loss', 'max_depth': 3, 'min_samples_leaf': 4, 'min_samples_split': 2, 'splitter': 'random'}",0.5865921787709497,0.5546218487394958,0.6470588235294118,0.6218487394957983,0.6442577030812325,0.6108758587233776,0.03549132101973985,427,0.6448598130841121,0.9166666666666666,0.6280193236714976,0.6102564102564103,0.8227848101265823,0.7245174047610539,0.12271153836463138,163,0.5617529880478087,0.5285285285285285,0.6733333333333333,0.6358024691358025,0.5935251798561151,0.5985884997803177,0.051502546273191466,355,0.3854748603351955,0.12290502793296089,0.7262569832402235,0.6685393258426966,0.3651685393258427,0.45366894733538377,0.2201640492798182,343,0.7877094972067039,0.9887640449438202,0.5674157303370787,0.5754189944134078,0.9217877094972067,0.7682191952796436,0.17326115555922675,229,0.5959425190194421,0.5827814569536424,0.6491002570694088,0.6227327690447401,0.6390395042602633,0.6179193012694992,0.025136155283663007,427,0.5865921787709497,0.5558345364383905,0.646836356788651,0.6219791601280522,0.6434781244115246,0.6109440713075136,0.03492440252120199,427,0.548643415166151,0.5281922466324316,0.5977461996034369,0.5787379714973099,0.5863199023429957,0.5679279470484649,0.02567125977058964,427,0.5865921787709497,0.5558345364383905,0.6468363567886511,0.6219791601280522,0.6434781244115246,0.6109440713075136,0.03492440252120202,427
491,0.008760356903076172,0.001623308039105021,0.05442485809326172,0.011819481025332534,log_loss,3,3,4,random,"{'criterion': 'log_loss', 'max_depth': 3, 'min_samples_leaf': 3, 'min_samples_split': 4, 'splitter': 'random'}",0.5865921787709497,0.5546218487394958,0.6470588235294118,0.6218487394957983,0.6442577030812325,0.6108758587233776,0.03549132101973985,427,0.6448598130841121,0.9166666666666666,0.6280193236714976,0.6102564102564103,0.8227848101265823,0.7245174047610539,0.12271153836463138,163,0.5617529880478087,0.5285285285285285,0.6733333333333333,0.6358024691358025,0.5935251798561151,0.5985884997803177,0.051502546273191466,355,0.3854748603351955,0.12290502793296089,0.7262569832402235,0.6685393258426966,0.3651685393258427,0.45366894733538377,0.2201640492798182,343,0.7877094972067039,0.9887640449438202,0.5674157303370787,0.5754189944134078,0.9217877094972067,0.7682191952796436,0.17326115555922675,229,0.5959425190194421,0.5827814569536424,0.6491002570694088,0.6227327690447401,0.6390395042602633,0.6179193012694992,0.025136155283663007,427,0.5865921787709497,0.5558345364383905,0.646836356788651,0.6219791601280522,0.6434781244115246,0.6109440713075136,0.03492440252120199,427,0.548643415166151,0.5281922466324316,0.5977461996034369,0.5787379714973099,0.5863199023429957,0.5679279470484649,0.02567125977058964,427,0.5865921787709497,0.5558345364383905,0.6468363567886511,0.6219791601280522,0.6434781244115246,0.6109440713075136,0.03492440252120202,427
487,0.0064432621002197266,0.0034347586760688285,0.047186851501464844,0.005456988946946053,log_loss,3,3,2,random,"{'criterion': 'log_loss', 'max_depth': 3, 'min_samples_leaf': 3, 'min_samples_split': 2, 'splitter': 'random'}",0.5865921787709497,0.5546218487394958,0.6470588235294118,0.6218487394957983,0.6442577030812325,0.6108758587233776,0.03549132101973985,427,0.6448598130841121,0.9166666666666666,0.6280193236714976,0.6102564102564103,0.8227848101265823,0.7245174047610539,0.12271153836463138,163,0.5617529880478087,0.5285285285285285,0.6733333333333333,0.6358024691358025,0.5935251798561151,0.5985884997803177,0.051502546273191466,355,0.3854748603351955,0.12290502793296089,0.7262569832402235,0.6685393258426966,0.3651685393258427,0.45366894733538377,0.2201640492798182,343,0.7877094972067039,0.9887640449438202,0.5674157303370787,0.5754189944134078,0.9217877094972067,0.7682191952796436,0.17326115555922675,229,0.5959425190194421,0.5827814569536424,0.6491002570694088,0.6227327690447401,0.6390395042602633,0.6179193012694992,0.025136155283663007,427,0.5865921787709497,0.5558345364383905,0.646836356788651,0.6219791601280522,0.6434781244115246,0.6109440713075136,0.03492440252120199,427,0.548643415166151,0.5281922466324316,0.5977461996034369,0.5787379714973099,0.5863199023429957,0.5679279470484649,0.02567125977058964,427,0.5865921787709497,0.5558345364383905,0.6468363567886511,0.6219791601280522,0.6434781244115246,0.6109440713075136,0.03492440252120202,427
515,0.0066508293151855465,0.003869582825192286,0.054736995697021486,0.013199315567384219,log_loss,3,7,4,random,"{'criterion': 'log_loss', 'max_depth': 3, 'min_samples_leaf': 7, 'min_samples_split': 4, 'splitter': 'random'}",0.5865921787709497,0.5546218487394958,0.6470588235294118,0.6218487394957983,0.6442577030812325,0.6108758587233776,0.03549132101973985,427,0.6448598130841121,0.9166666666666666,0.6280193236714976,0.6102564102564103,0.8227848101265823,0.7245174047610539,0.12271153836463138,163,0.5617529880478087,0.5285285285285285,0.6733333333333333,0.6358024691358025,0.5935251798561151,0.5985884997803177,0.051502546273191466,355,0.3854748603351955,0.12290502793296089,0.7262569832402235,0.6685393258426966,0.3651685393258427,0.45366894733538377,0.2201640492798182,343,0.7877094972067039,0.9887640449438202,0.5674157303370787,0.5754189944134078,0.9217877094972067,0.7682191952796436,0.17326115555922675,229,0.5959425190194421,0.5827814569536424,0.6491002570694088,0.6227327690447401,0.6390395042602633,0.6179193012694992,0.025136155283663007,427,0.5865921787709497,0.5558345364383905,0.646836356788651,0.6219791601280522,0.6434781244115246,0.6109440713075136,0.03492440252120199,427,0.548643415166151,0.5281922466324316,0.5977461996034369,0.5787379714973099,0.5863199023429957,0.5679279470484649,0.02567125977058964,427,0.5865921787709497,0.5558345364383905,0.6468363567886511,0.6219791601280522,0.6434781244115246,0.6109440713075136,0.03492440252120202,427
309,0.005777931213378907,0.006320841962149679,0.05409078598022461,0.011240425697953959,entropy,3,5,3,random,"{'criterion': 'entropy', 'max_depth': 3, 'min_samples_leaf': 5, 'min_samples_split': 3, 'splitter': 'random'}",0.5865921787709497,0.5546218487394958,0.6470588235294118,0.6218487394957983,0.6442577030812325,0.6108758587233776,0.03549132101973985,427,0.6448598130841121,0.9166666666666666,0.6280193236714976,0.6102564102564103,0.8227848101265823,0.7245174047610539,0.12271153836463138,163,0.5617529880478087,0.5285285285285285,0.6733333333333333,0.6358024691358025,0.5935251798561151,0.5985884997803177,0.051502546273191466,355,0.3854748603351955,0.12290502793296089,0.7262569832402235,0.6685393258426966,0.3651685393258427,0.45366894733538377,0.2201640492798182,343,0.7877094972067039,0.9887640449438202,0.5674157303370787,0.5754189944134078,0.9217877094972067,0.7682191952796436,0.17326115555922675,229,0.5959425190194421,0.5827814569536424,0.6491002570694088,0.6227327690447401,0.6390395042602633,0.6179193012694992,0.025136155283663007,427,0.5865921787709497,0.5558345364383905,0.646836356788651,0.6219791601280522,0.6434781244115246,0.6109440713075136,0.03492440252120199,427,0.548643415166151,0.5281922466324316,0.5977461996034369,0.5787379714973099,0.5863199023429957,0.5679279470484649,0.02567125977058964,427,0.5865921787709497,0.5558345364383905,0.6468363567886511,0.6219791601280522,0.6434781244115246,0.6109440713075136,0.03492440252120202,427
299,0.012033319473266602,0.009921299478866646,0.044476890563964845,0.004144638986784705,entropy,3,3,4,random,"{'criterion': 'entropy', 'max_depth': 3, 'min_samples_leaf': 3, 'min_samples_split': 4, 'splitter': 'random'}",0.5865921787709497,0.5546218487394958,0.6470588235294118,0.6218487394957983,0.6442577030812325,0.6108758587233776,0.03549132101973985,427,0.6448598130841121,0.9166666666666666,0.6280193236714976,0.6102564102564103,0.8227848101265823,0.7245174047610539,0.12271153836463138,163,0.5617529880478087,0.5285285285285285,0.6733333333333333,0.6358024691358025,0.5935251798561151,0.5985884997803177,0.051502546273191466,355,0.3854748603351955,0.12290502793296089,0.7262569832402235,0.6685393258426966,0.3651685393258427,0.45366894733538377,0.2201640492798182,343,0.7877094972067039,0.9887640449438202,0.5674157303370787,0.5754189944134078,0.9217877094972067,0.7682191952796436,0.17326115555922675,229,0.5959425190194421,0.5827814569536424,0.6491002570694088,0.6227327690447401,0.6390395042602633,0.6179193012694992,0.025136155283663007,427,0.5865921787709497,0.5558345364383905,0.646836356788651,0.6219791601280522,0.6434781244115246,0.6109440713075136,0.03492440252120199,427,0.548643415166151,0.5281922466324316,0.5977461996034369,0.5787379714973099,0.5863199023429957,0.5679279470484649,0.02567125977058964,427,0.5865921787709497,0.5558345364383905,0.6468363567886511,0.6219791601280522,0.6434781244115246,0.6109440713075136,0.03492440252120202,427
323,0.008156967163085938,0.0038041946982808675,0.04365506172180176,0.003463590504671002,entropy,3,7,4,random,"{'criterion': 'entropy', 'max_depth': 3, 'min_samples_leaf': 7, 'min_samples_split': 4, 'splitter': 'random'}",0.5865921787709497,0.5546218487394958,0.6470588235294118,0.6218487394957983,0.6442577030812325,0.6108758587233776,0.03549132101973985,427,0.6448598130841121,0.9166666666666666,0.6280193236714976,0.6102564102564103,0.8227848101265823,0.7245174047610539,0.12271153836463138,163,0.5617529880478087,0.5285285285285285,0.6733333333333333,0.6358024691358025,0.5935251798561151,0.5985884997803177,0.051502546273191466,355,0.3854748603351955,0.12290502793296089,0.7262569832402235,0.6685393258426966,0.3651685393258427,0.45366894733538377,0.2201640492798182,343,0.7877094972067039,0.9887640449438202,0.5674157303370787,0.5754189944134078,0.9217877094972067,0.7682191952796436,0.17326115555922675,229,0.5959425190194421,0.5827814569536424,0.6491002570694088,0.6227327690447401,0.6390395042602633,0.6179193012694992,0.025136155283663007,427,0.5865921787709497,0.5558345364383905,0.646836356788651,0.6219791601280522,0.6434781244115246,0.6109440713075136,0.03492440252120199,427,0.548643415166151,0.5281922466324316,0.5977461996034369,0.5787379714973099,0.5863199023429957,0.5679279470484649,0.02567125977058964,427,0.5865921787709497,0.5558345364383905,0.6468363567886511,0.6219791601280522,0.6434781244115246,0.6109440713075136,0.03492440252120202,427
301,0.00807347297668457,0.002644355921842548,0.044417715072631835,0.004201331570784287,entropy,3,4,2,random,"{'criterion': 'entropy', 'max_depth': 3, 'min_samples_leaf': 4, 'min_samples_split': 2, 'splitter': 'random'}",0.5865921787709497,0.5546218487394958,0.6470588235294118,0.6218487394957983,0.6442577030812325,0.6108758587233776,0.03549132101973985,427,0.6448598130841121,0.9166666666666666,0.6280193236714976,0.6102564102564103,0.8227848101265823,0.7245174047610539,0.12271153836463138,163,0.5617529880478087,0.5285285285285285,0.6733333333333333,0.6358024691358025,0.5935251798561151,0.5985884997803177,0.051502546273191466,355,0.3854748603351955,0.12290502793296089,0.7262569832402235,0.6685393258426966,0.3651685393258427,0.45366894733538377,0.2201640492798182,343,0.7877094972067039,0.9887640449438202,0.5674157303370787,0.5754189944134078,0.9217877094972067,0.7682191952796436,0.17326115555922675,229,0.5959425190194421,0.5827814569536424,0.6491002570694088,0.6227327690447401,0.6390395042602633,0.6179193012694992,0.025136155283663007,427,0.5865921787709497,0.5558345364383905,0.646836356788651,0.6219791601280522,0.6434781244115246,0.6109440713075136,0.03492440252120199,427,0.548643415166151,0.5281922466324316,0.5977461996034369,0.5787379714973099,0.5863199023429957,0.5679279470484649,0.02567125977058964,427,0.5865921787709497,0.5558345364383905,0.6468363567886511,0.6219791601280522,0.6434781244115246,0.6109440713075136,0.03492440252120202,427
297,0.009010076522827148,0.0036843270625754854,0.04639182090759277,0.010252160790296332,entropy,3,3,3,random,"{'criterion': 'entropy', 'max_depth': 3, 'min_samples_leaf': 3, 'min_samples_split': 3, 'splitter': 'random'}",0.5865921787709497,0.5546218487394958,0.6470588235294118,0.6218487394957983,0.6442577030812325,0.6108758587233776,0.03549132101973985,427,0.6448598130841121,0.9166666666666666,0.6280193236714976,0.6102564102564103,0.8227848101265823,0.7245174047610539,0.12271153836463138,163,0.5617529880478087,0.5285285285285285,0.6733333333333333,0.6358024691358025,0.5935251798561151,0.5985884997803177,0.051502546273191466,355,0.3854748603351955,0.12290502793296089,0.7262569832402235,0.6685393258426966,0.3651685393258427,0.45366894733538377,0.2201640492798182,343,0.7877094972067039,0.9887640449438202,0.5674157303370787,0.5754189944134078,0.9217877094972067,0.7682191952796436,0.17326115555922675,229,0.5959425190194421,0.5827814569536424,0.6491002570694088,0.6227327690447401,0.6390395042602633,0.6179193012694992,0.025136155283663007,427,0.5865921787709497,0.5558345364383905,0.646836356788651,0.6219791601280522,0.6434781244115246,0.6109440713075136,0.03492440252120199,427,0.548643415166151,0.5281922466324316,0.5977461996034369,0.5787379714973099,0.5863199023429957,0.5679279470484649,0.02567125977058964,427,0.5865921787709497,0.5558345364383905,0.6468363567886511,0.6219791601280522,0.6434781244115246,0.6109440713075136,0.03492440252120202,427
319,0.009851932525634766,0.00770113009500156,0.0456601619720459,0.00803335136034357,entropy,3,7,2,random,"{'criterion': 'entropy', 'max_depth': 3, 'min_samples_leaf': 7, 'min_samples_split': 2, 'splitter': 'random'}",0.5865921787709497,0.5546218487394958,0.6470588235294118,0.6218487394957983,0.6442577030812325,0.6108758587233776,0.03549132101973985,427,0.6448598130841121,0.9166666666666666,0.6280193236714976,0.6102564102564103,0.8227848101265823,0.7245174047610539,0.12271153836463138,163,0.5617529880478087,0.5285285285285285,0.6733333333333333,0.6358024691358025,0.5935251798561151,0.5985884997803177,0.051502546273191466,355,0.3854748603351955,0.12290502793296089,0.7262569832402235,0.6685393258426966,0.3651685393258427,0.45366894733538377,0.2201640492798182,343,0.7877094972067039,0.9887640449438202,0.5674157303370787,0.5754189944134078,0.9217877094972067,0.7682191952796436,0.17326115555922675,229,0.5959425190194421,0.5827814569536424,0.6491002570694088,0.6227327690447401,0.6390395042602633,0.6179193012694992,0.025136155283663007,427,0.5865921787709497,0.5558345364383905,0.646836356788651,0.6219791601280522,0.6434781244115246,0.6109440713075136,0.03492440252120199,427,0.548643415166151,0.5281922466324316,0.5977461996034369,0.5787379714973099,0.5863199023429957,0.5679279470484649,0.02567125977058964,427,0.5865921787709497,0.5558345364383905,0.6468363567886511,0.6219791601280522,0.6434781244115246,0.6109440713075136,0.03492440252120202,427
303,0.008307981491088866,0.0034781623247763277,0.03887209892272949,0.0020495411305877453,entropy,3,4,3,random,"{'criterion': 'entropy', 'max_depth': 3, 'min_samples_leaf': 4, 'min_samples_split': 3, 'splitter': 'random'}",0.5865921787709497,0.5546218487394958,0.6470588235294118,0.6218487394957983,0.6442577030812325,0.6108758587233776,0.03549132101973985,427,0.6448598130841121,0.9166666666666666,0.6280193236714976,0.6102564102564103,0.8227848101265823,0.7245174047610539,0.12271153836463138,163,0.5617529880478087,0.5285285285285285,0.6733333333333333,0.6358024691358025,0.5935251798561151,0.5985884997803177,0.051502546273191466,355,0.3854748603351955,0.12290502793296089,0.7262569832402235,0.6685393258426966,0.3651685393258427,0.45366894733538377,0.2201640492798182,343,0.7877094972067039,0.9887640449438202,0.5674157303370787,0.5754189944134078,0.9217877094972067,0.7682191952796436,0.17326115555922675,229,0.5959425190194421,0.5827814569536424,0.6491002570694088,0.6227327690447401,0.6390395042602633,0.6179193012694992,0.025136155283663007,427,0.5865921787709497,0.5558345364383905,0.646836356788651,0.6219791601280522,0.6434781244115246,0.6109440713075136,0.03492440252120199,427,0.548643415166151,0.5281922466324316,0.5977461996034369,0.5787379714973099,0.5863199023429957,0.5679279470484649,0.02567125977058964,427,0.5865921787709497,0.5558345364383905,0.6468363567886511,0.6219791601280522,0.6434781244115246,0.6109440713075136,0.03492440252120202,427
317,0.011863803863525391,0.0058497508035166975,0.03977222442626953,0.0029190031103713435,entropy,3,6,4,random,"{'criterion': 'entropy', 'max_depth': 3, 'min_samples_leaf': 6, 'min_samples_split': 4, 'splitter': 'random'}",0.5865921787709497,0.5546218487394958,0.6470588235294118,0.6218487394957983,0.6442577030812325,0.6108758587233776,0.03549132101973985,427,0.6448598130841121,0.9166666666666666,0.6280193236714976,0.6102564102564103,0.8227848101265823,0.7245174047610539,0.12271153836463138,163,0.5617529880478087,0.5285285285285285,0.6733333333333333,0.6358024691358025,0.5935251798561151,0.5985884997803177,0.051502546273191466,355,0.3854748603351955,0.12290502793296089,0.7262569832402235,0.6685393258426966,0.3651685393258427,0.45366894733538377,0.2201640492798182,343,0.7877094972067039,0.9887640449438202,0.5674157303370787,0.5754189944134078,0.9217877094972067,0.7682191952796436,0.17326115555922675,229,0.5959425190194421,0.5827814569536424,0.6491002570694088,0.6227327690447401,0.6390395042602633,0.6179193012694992,0.025136155283663007,427,0.5865921787709497,0.5558345364383905,0.646836356788651,0.6219791601280522,0.6434781244115246,0.6109440713075136,0.03492440252120199,427,0.548643415166151,0.5281922466324316,0.5977461996034369,0.5787379714973099,0.5863199023429957,0.5679279470484649,0.02567125977058964,427,0.5865921787709497,0.5558345364383905,0.6468363567886511,0.6219791601280522,0.6434781244115246,0.6109440713075136,0.03492440252120202,427
321,0.006086587905883789,0.0034247859681540223,0.049201679229736325,0.007130545217714488,entropy,3,7,3,random,"{'criterion': 'entropy', 'max_depth': 3, 'min_samples_leaf': 7, 'min_samples_split': 3, 'splitter': 'random'}",0.5865921787709497,0.5546218487394958,0.6470588235294118,0.6218487394957983,0.6442577030812325,0.6108758587233776,0.03549132101973985,427,0.6448598130841121,0.9166666666666666,0.6280193236714976,0.6102564102564103,0.8227848101265823,0.7245174047610539,0.12271153836463138,163,0.5617529880478087,0.5285285285285285,0.6733333333333333,0.6358024691358025,0.5935251798561151,0.5985884997803177,0.051502546273191466,355,0.3854748603351955,0.12290502793296089,0.7262569832402235,0.6685393258426966,0.3651685393258427,0.45366894733538377,0.2201640492798182,343,0.7877094972067039,0.9887640449438202,0.5674157303370787,0.5754189944134078,0.9217877094972067,0.7682191952796436,0.17326115555922675,229,0.5959425190194421,0.5827814569536424,0.6491002570694088,0.6227327690447401,0.6390395042602633,0.6179193012694992,0.025136155283663007,427,0.5865921787709497,0.5558345364383905,0.646836356788651,0.6219791601280522,0.6434781244115246,0.6109440713075136,0.03492440252120199,427,0.548643415166151,0.5281922466324316,0.5977461996034369,0.5787379714973099,0.5863199023429957,0.5679279470484649,0.02567125977058964,427,0.5865921787709497,0.5558345364383905,0.6468363567886511,0.6219791601280522,0.6434781244115246,0.6109440713075136,0.03492440252120202,427
305,0.009667110443115235,0.002450123797527658,0.04202265739440918,0.0042825891180816675,entropy,3,4,4,random,"{'criterion': 'entropy', 'max_depth': 3, 'min_samples_leaf': 4, 'min_samples_split': 4, 'splitter': 'random'}",0.5865921787709497,0.5546218487394958,0.6470588235294118,0.6218487394957983,0.6442577030812325,0.6108758587233776,0.03549132101973985,427,0.6448598130841121,0.9166666666666666,0.6280193236714976,0.6102564102564103,0.8227848101265823,0.7245174047610539,0.12271153836463138,163,0.5617529880478087,0.5285285285285285,0.6733333333333333,0.6358024691358025,0.5935251798561151,0.5985884997803177,0.051502546273191466,355,0.3854748603351955,0.12290502793296089,0.7262569832402235,0.6685393258426966,0.3651685393258427,0.45366894733538377,0.2201640492798182,343,0.7877094972067039,0.9887640449438202,0.5674157303370787,0.5754189944134078,0.9217877094972067,0.7682191952796436,0.17326115555922675,229,0.5959425190194421,0.5827814569536424,0.6491002570694088,0.6227327690447401,0.6390395042602633,0.6179193012694992,0.025136155283663007,427,0.5865921787709497,0.5558345364383905,0.646836356788651,0.6219791601280522,0.6434781244115246,0.6109440713075136,0.03492440252120199,427,0.548643415166151,0.5281922466324316,0.5977461996034369,0.5787379714973099,0.5863199023429957,0.5679279470484649,0.02567125977058964,427,0.5865921787709497,0.5558345364383905,0.6468363567886511,0.6219791601280522,0.6434781244115246,0.6109440713075136,0.03492440252120202,427
315,0.009010028839111329,0.0032313267870665934,0.03675756454467773,0.005949471561079669,entropy,3,6,3,random,"{'criterion': 'entropy', 'max_depth': 3, 'min_samples_leaf': 6, 'min_samples_split': 3, 'splitter': 'random'}",0.5865921787709497,0.5546218487394958,0.6470588235294118,0.6218487394957983,0.6442577030812325,0.6108758587233776,0.03549132101973985,427,0.6448598130841121,0.9166666666666666,0.6280193236714976,0.6102564102564103,0.8227848101265823,0.7245174047610539,0.12271153836463138,163,0.5617529880478087,0.5285285285285285,0.6733333333333333,0.6358024691358025,0.5935251798561151,0.5985884997803177,0.051502546273191466,355,0.3854748603351955,0.12290502793296089,0.7262569832402235,0.6685393258426966,0.3651685393258427,0.45366894733538377,0.2201640492798182,343,0.7877094972067039,0.9887640449438202,0.5674157303370787,0.5754189944134078,0.9217877094972067,0.7682191952796436,0.17326115555922675,229,0.5959425190194421,0.5827814569536424,0.6491002570694088,0.6227327690447401,0.6390395042602633,0.6179193012694992,0.025136155283663007,427,0.5865921787709497,0.5558345364383905,0.646836356788651,0.6219791601280522,0.6434781244115246,0.6109440713075136,0.03492440252120199,427,0.548643415166151,0.5281922466324316,0.5977461996034369,0.5787379714973099,0.5863199023429957,0.5679279470484649,0.02567125977058964,427,0.5865921787709497,0.5558345364383905,0.6468363567886511,0.6219791601280522,0.6434781244115246,0.6109440713075136,0.03492440252120202,427
307,0.012206554412841797,0.004699525376294896,0.04954099655151367,0.006416884784059951,entropy,3,5,2,random,"{'criterion': 'entropy', 'max_depth': 3, 'min_samples_leaf': 5, 'min_samples_split': 2, 'splitter': 'random'}",0.5865921787709497,0.5546218487394958,0.6470588235294118,0.6218487394957983,0.6442577030812325,0.6108758587233776,0.03549132101973985,427,0.6448598130841121,0.9166666666666666,0.6280193236714976,0.6102564102564103,0.8227848101265823,0.7245174047610539,0.12271153836463138,163,0.5617529880478087,0.5285285285285285,0.6733333333333333,0.6358024691358025,0.5935251798561151,0.5985884997803177,0.051502546273191466,355,0.3854748603351955,0.12290502793296089,0.7262569832402235,0.6685393258426966,0.3651685393258427,0.45366894733538377,0.2201640492798182,343,0.7877094972067039,0.9887640449438202,0.5674157303370787,0.5754189944134078,0.9217877094972067,0.7682191952796436,0.17326115555922675,229,0.5959425190194421,0.5827814569536424,0.6491002570694088,0.6227327690447401,0.6390395042602633,0.6179193012694992,0.025136155283663007,427,0.5865921787709497,0.5558345364383905,0.646836356788651,0.6219791601280522,0.6434781244115246,0.6109440713075136,0.03492440252120199,427,0.548643415166151,0.5281922466324316,0.5977461996034369,0.5787379714973099,0.5863199023429957,0.5679279470484649,0.02567125977058964,427,0.5865921787709497,0.5558345364383905,0.6468363567886511,0.6219791601280522,0.6434781244115246,0.6109440713075136,0.03492440252120202,427
313,0.00796504020690918,0.004886918172801677,0.045332145690917966,0.004426775657547183,entropy,3,6,2,random,"{'criterion': 'entropy', 'max_depth': 3, 'min_samples_leaf': 6, 'min_samples_split': 2, 'splitter': 'random'}",0.5865921787709497,0.5546218487394958,0.6470588235294118,0.6218487394957983,0.6442577030812325,0.6108758587233776,0.03549132101973985,427,0.6448598130841121,0.9166666666666666,0.6280193236714976,0.6102564102564103,0.8227848101265823,0.7245174047610539,0.12271153836463138,163,0.5617529880478087,0.5285285285285285,0.6733333333333333,0.6358024691358025,0.5935251798561151,0.5985884997803177,0.051502546273191466,355,0.3854748603351955,0.12290502793296089,0.7262569832402235,0.6685393258426966,0.3651685393258427,0.45366894733538377,0.2201640492798182,343,0.7877094972067039,0.9887640449438202,0.5674157303370787,0.5754189944134078,0.9217877094972067,0.7682191952796436,0.17326115555922675,229,0.5959425190194421,0.5827814569536424,0.6491002570694088,0.6227327690447401,0.6390395042602633,0.6179193012694992,0.025136155283663007,427,0.5865921787709497,0.5558345364383905,0.646836356788651,0.6219791601280522,0.6434781244115246,0.6109440713075136,0.03492440252120199,427,0.548643415166151,0.5281922466324316,0.5977461996034369,0.5787379714973099,0.5863199023429957,0.5679279470484649,0.02567125977058964,427,0.5865921787709497,0.5558345364383905,0.6468363567886511,0.6219791601280522,0.6434781244115246,0.6109440713075136,0.03492440252120202,427
295,0.013953447341918945,0.006056896669918474,0.051108694076538085,0.01653991932505845,entropy,3,3,2,random,"{'criterion': 'entropy', 'max_depth': 3, 'min_samples_leaf': 3, 'min_samples_split': 2, 'splitter': 'random'}",0.5865921787709497,0.5546218487394958,0.6470588235294118,0.6218487394957983,0.6442577030812325,0.6108758587233776,0.03549132101973985,427,0.6448598130841121,0.9166666666666666,0.6280193236714976,0.6102564102564103,0.8227848101265823,0.7245174047610539,0.12271153836463138,163,0.5617529880478087,0.5285285285285285,0.6733333333333333,0.6358024691358025,0.5935251798561151,0.5985884997803177,0.051502546273191466,355,0.3854748603351955,0.12290502793296089,0.7262569832402235,0.6685393258426966,0.3651685393258427,0.45366894733538377,0.2201640492798182,343,0.7877094972067039,0.9887640449438202,0.5674157303370787,0.5754189944134078,0.9217877094972067,0.7682191952796436,0.17326115555922675,229,0.5959425190194421,0.5827814569536424,0.6491002570694088,0.6227327690447401,0.6390395042602633,0.6179193012694992,0.025136155283663007,427,0.5865921787709497,0.5558345364383905,0.646836356788651,0.6219791601280522,0.6434781244115246,0.6109440713075136,0.03492440252120199,427,0.548643415166151,0.5281922466324316,0.5977461996034369,0.5787379714973099,0.5863199023429957,0.5679279470484649,0.02567125977058964,427,0.5865921787709497,0.5558345364383905,0.6468363567886511,0.6219791601280522,0.6434781244115246,0.6109440713075136,0.03492440252120202,427
243,0.014285039901733399,0.009079862578954736,0.06507058143615722,0.009749414998701326,entropy,2,2,3,random,"{'criterion': 'entropy', 'max_depth': 2, 'min_samples_leaf': 2, 'min_samples_split': 3, 'splitter': 'random'}",0.5782122905027933,0.5490196078431373,0.6526610644257703,0.6442577030812325,0.5938375350140056,0.6035976401733878,0.03944337094798463,457,0.6272727272727273,0.95,0.706766917293233,0.7524752475247525,0.8837209302325582,0.7840471644646542,0.11749251031751592,7,0.5564516129032258,0.5252225519287834,0.6205357142857143,0.6015625,0.554140127388535,0.5715825013012517,0.034576415316575154,457,0.3854748603351955,0.10614525139664804,0.5251396648044693,0.42696629213483145,0.21348314606741572,0.331441842947712,0.1511529965874149,457,0.770949720670391,0.9943820224719101,0.7808988764044944,0.8603351955307262,0.9720670391061452,0.8757265708367334,0.09334664045914232,73,0.5892399658411615,0.5799475753604194,0.6471135940409684,0.6400665004156276,0.6062717770034843,0.6125278825323323,0.026823457089271502,457,0.5782122905027933,0.550263636934279,0.6530192706044818,0.6436507438327789,0.5927750925867805,0.6035842068922228,0.039122390470482105,457,0.5435213551991349,0.5250729838829807,0.5938193395335662,0.5875734022659342,0.5526669551213718,0.5605308072005976,0.026259654202171856,457,0.5782122905027932,0.550263636934279,0.6530192706044818,0.6436507438327789,0.5927750925867804,0.6035842068922228,0.039122390470482125,457
251,0.0072686195373535155,0.006814791423879965,0.09363713264465331,0.03737638529288502,entropy,2,3,4,random,"{'criterion': 'entropy', 'max_depth': 2, 'min_samples_leaf': 3, 'min_samples_split': 4, 'splitter': 'random'}",0.5782122905027933,0.5490196078431373,0.6526610644257703,0.6442577030812325,0.5938375350140056,0.6035976401733878,0.03944337094798463,457,0.6272727272727273,0.95,0.706766917293233,0.7524752475247525,0.8837209302325582,0.7840471644646542,0.11749251031751592,7,0.5564516129032258,0.5252225519287834,0.6205357142857143,0.6015625,0.554140127388535,0.5715825013012517,0.034576415316575154,457,0.3854748603351955,0.10614525139664804,0.5251396648044693,0.42696629213483145,0.21348314606741572,0.331441842947712,0.1511529965874149,457,0.770949720670391,0.9943820224719101,0.7808988764044944,0.8603351955307262,0.9720670391061452,0.8757265708367334,0.09334664045914232,73,0.5892399658411615,0.5799475753604194,0.6471135940409684,0.6400665004156276,0.6062717770034843,0.6125278825323323,0.026823457089271502,457,0.5782122905027933,0.550263636934279,0.6530192706044818,0.6436507438327789,0.5927750925867805,0.6035842068922228,0.039122390470482105,457,0.5435213551991349,0.5250729838829807,0.5938193395335662,0.5875734022659342,0.5526669551213718,0.5605308072005976,0.026259654202171856,457,0.5782122905027932,0.550263636934279,0.6530192706044818,0.6436507438327789,0.5927750925867804,0.6035842068922228,0.039122390470482125,457
247,0.018451595306396486,0.02294740736736945,0.0831191062927246,0.02042052528103553,entropy,2,3,2,random,"{'criterion': 'entropy', 'max_depth': 2, 'min_samples_leaf': 3, 'min_samples_split': 2, 'splitter': 'random'}",0.5782122905027933,0.5490196078431373,0.6526610644257703,0.6442577030812325,0.5938375350140056,0.6035976401733878,0.03944337094798463,457,0.6272727272727273,0.95,0.706766917293233,0.7524752475247525,0.8837209302325582,0.7840471644646542,0.11749251031751592,7,0.5564516129032258,0.5252225519287834,0.6205357142857143,0.6015625,0.554140127388535,0.5715825013012517,0.034576415316575154,457,0.3854748603351955,0.10614525139664804,0.5251396648044693,0.42696629213483145,0.21348314606741572,0.331441842947712,0.1511529965874149,457,0.770949720670391,0.9943820224719101,0.7808988764044944,0.8603351955307262,0.9720670391061452,0.8757265708367334,0.09334664045914232,73,0.5892399658411615,0.5799475753604194,0.6471135940409684,0.6400665004156276,0.6062717770034843,0.6125278825323323,0.026823457089271502,457,0.5782122905027933,0.550263636934279,0.6530192706044818,0.6436507438327789,0.5927750925867805,0.6035842068922228,0.039122390470482105,457,0.5435213551991349,0.5250729838829807,0.5938193395335662,0.5875734022659342,0.5526669551213718,0.5605308072005976,0.026259654202171856,457,0.5782122905027932,0.550263636934279,0.6530192706044818,0.6436507438327789,0.5927750925867804,0.6035842068922228,0.039122390470482125,457
241,0.005076980590820313,0.0033414788234954105,0.061448097229003906,0.015443884616532191,entropy,2,2,2,random,"{'criterion': 'entropy', 'max_depth': 2, 'min_samples_leaf': 2, 'min_samples_split': 2, 'splitter': 'random'}",0.5782122905027933,0.5490196078431373,0.6526610644257703,0.6442577030812325,0.5938375350140056,0.6035976401733878,0.03944337094798463,457,0.6272727272727273,0.95,0.706766917293233,0.7524752475247525,0.8837209302325582,0.7840471644646542,0.11749251031751592,7,0.5564516129032258,0.5252225519287834,0.6205357142857143,0.6015625,0.554140127388535,0.5715825013012517,0.034576415316575154,457,0.3854748603351955,0.10614525139664804,0.5251396648044693,0.42696629213483145,0.21348314606741572,0.331441842947712,0.1511529965874149,457,0.770949720670391,0.9943820224719101,0.7808988764044944,0.8603351955307262,0.9720670391061452,0.8757265708367334,0.09334664045914232,73,0.5892399658411615,0.5799475753604194,0.6471135940409684,0.6400665004156276,0.6062717770034843,0.6125278825323323,0.026823457089271502,457,0.5782122905027933,0.550263636934279,0.6530192706044818,0.6436507438327789,0.5927750925867805,0.6035842068922228,0.039122390470482105,457,0.5435213551991349,0.5250729838829807,0.5938193395335662,0.5875734022659342,0.5526669551213718,0.5605308072005976,0.026259654202171856,457,0.5782122905027932,0.550263636934279,0.6530192706044818,0.6436507438327789,0.5927750925867804,0.6035842068922228,0.039122390470482125,457
249,0.025515985488891602,0.03446716572580538,0.10340609550476074,0.03371638316187265,entropy,2,3,3,random,"{'criterion': 'entropy', 'max_depth': 2, 'min_samples_leaf': 3, 'min_samples_split': 3, 'splitter': 'random'}",0.5782122905027933,0.5490196078431373,0.6526610644257703,0.6442577030812325,0.5938375350140056,0.6035976401733878,0.03944337094798463,457,0.6272727272727273,0.95,0.706766917293233,0.7524752475247525,0.8837209302325582,0.7840471644646542,0.11749251031751592,7,0.5564516129032258,0.5252225519287834,0.6205357142857143,0.6015625,0.554140127388535,0.5715825013012517,0.034576415316575154,457,0.3854748603351955,0.10614525139664804,0.5251396648044693,0.42696629213483145,0.21348314606741572,0.331441842947712,0.1511529965874149,457,0.770949720670391,0.9943820224719101,0.7808988764044944,0.8603351955307262,0.9720670391061452,0.8757265708367334,0.09334664045914232,73,0.5892399658411615,0.5799475753604194,0.6471135940409684,0.6400665004156276,0.6062717770034843,0.6125278825323323,0.026823457089271502,457,0.5782122905027933,0.550263636934279,0.6530192706044818,0.6436507438327789,0.5927750925867805,0.6035842068922228,0.039122390470482105,457,0.5435213551991349,0.5250729838829807,0.5938193395335662,0.5875734022659342,0.5526669551213718,0.5605308072005976,0.026259654202171856,457,0.5782122905027932,0.550263636934279,0.6530192706044818,0.6436507438327789,0.5927750925867804,0.6035842068922228,0.039122390470482125,457
245,0.006384658813476563,0.0037973979907932275,0.06778287887573242,0.02623061855945518,entropy,2,2,4,random,"{'criterion': 'entropy', 'max_depth': 2, 'min_samples_leaf': 2, 'min_samples_split': 4, 'splitter': 'random'}",0.5782122905027933,0.5490196078431373,0.6526610644257703,0.6442577030812325,0.5938375350140056,0.6035976401733878,0.03944337094798463,457,0.6272727272727273,0.95,0.706766917293233,0.7524752475247525,0.8837209302325582,0.7840471644646542,0.11749251031751592,7,0.5564516129032258,0.5252225519287834,0.6205357142857143,0.6015625,0.554140127388535,0.5715825013012517,0.034576415316575154,457,0.3854748603351955,0.10614525139664804,0.5251396648044693,0.42696629213483145,0.21348314606741572,0.331441842947712,0.1511529965874149,457,0.770949720670391,0.9943820224719101,0.7808988764044944,0.8603351955307262,0.9720670391061452,0.8757265708367334,0.09334664045914232,73,0.5892399658411615,0.5799475753604194,0.6471135940409684,0.6400665004156276,0.6062717770034843,0.6125278825323323,0.026823457089271502,457,0.5782122905027933,0.550263636934279,0.6530192706044818,0.6436507438327789,0.5927750925867805,0.6035842068922228,0.039122390470482105,457,0.5435213551991349,0.5250729838829807,0.5938193395335662,0.5875734022659342,0.5526669551213718,0.5605308072005976,0.026259654202171856,457,0.5782122905027932,0.550263636934279,0.6530192706044818,0.6436507438327789,0.5927750925867804,0.6035842068922228,0.039122390470482125,457
439,0.008096837997436523,0.006870611981591114,0.04495120048522949,0.011495307810820997,log_loss,2,3,2,random,"{'criterion': 'log_loss', 'max_depth': 2, 'min_samples_leaf': 3, 'min_samples_split': 2, 'splitter': 'random'}",0.5782122905027933,0.5490196078431373,0.6526610644257703,0.6442577030812325,0.5938375350140056,0.6035976401733878,0.03944337094798463,457,0.6272727272727273,0.95,0.706766917293233,0.7524752475247525,0.8837209302325582,0.7840471644646542,0.11749251031751592,7,0.5564516129032258,0.5252225519287834,0.6205357142857143,0.6015625,0.554140127388535,0.5715825013012517,0.034576415316575154,457,0.3854748603351955,0.10614525139664804,0.5251396648044693,0.42696629213483145,0.21348314606741572,0.331441842947712,0.1511529965874149,457,0.770949720670391,0.9943820224719101,0.7808988764044944,0.8603351955307262,0.9720670391061452,0.8757265708367334,0.09334664045914232,73,0.5892399658411615,0.5799475753604194,0.6471135940409684,0.6400665004156276,0.6062717770034843,0.6125278825323323,0.026823457089271502,457,0.5782122905027933,0.550263636934279,0.6530192706044818,0.6436507438327789,0.5927750925867805,0.6035842068922228,0.039122390470482105,457,0.5435213551991349,0.5250729838829807,0.5938193395335662,0.5875734022659342,0.5526669551213718,0.5605308072005976,0.026259654202171856,457,0.5782122905027932,0.550263636934279,0.6530192706044818,0.6436507438327789,0.5927750925867804,0.6035842068922228,0.039122390470482125,457
441,0.010557317733764648,0.0032327083778406983,0.03876643180847168,0.0024358125322750256,log_loss,2,3,3,random,"{'criterion': 'log_loss', 'max_depth': 2, 'min_samples_leaf': 3, 'min_samples_split': 3, 'splitter': 'random'}",0.5782122905027933,0.5490196078431373,0.6526610644257703,0.6442577030812325,0.5938375350140056,0.6035976401733878,0.03944337094798463,457,0.6272727272727273,0.95,0.706766917293233,0.7524752475247525,0.8837209302325582,0.7840471644646542,0.11749251031751592,7,0.5564516129032258,0.5252225519287834,0.6205357142857143,0.6015625,0.554140127388535,0.5715825013012517,0.034576415316575154,457,0.3854748603351955,0.10614525139664804,0.5251396648044693,0.42696629213483145,0.21348314606741572,0.331441842947712,0.1511529965874149,457,0.770949720670391,0.9943820224719101,0.7808988764044944,0.8603351955307262,0.9720670391061452,0.8757265708367334,0.09334664045914232,73,0.5892399658411615,0.5799475753604194,0.6471135940409684,0.6400665004156276,0.6062717770034843,0.6125278825323323,0.026823457089271502,457,0.5782122905027933,0.550263636934279,0.6530192706044818,0.6436507438327789,0.5927750925867805,0.6035842068922228,0.039122390470482105,457,0.5435213551991349,0.5250729838829807,0.5938193395335662,0.5875734022659342,0.5526669551213718,0.5605308072005976,0.026259654202171856,457,0.5782122905027932,0.550263636934279,0.6530192706044818,0.6436507438327789,0.5927750925867804,0.6035842068922228,0.039122390470482125,457
437,0.0063954353332519535,0.0037378536052536317,0.04287476539611816,0.003877728453465032,log_loss,2,2,4,random,"{'criterion': 'log_loss', 'max_depth': 2, 'min_samples_leaf': 2, 'min_samples_split': 4, 'splitter': 'random'}",0.5782122905027933,0.5490196078431373,0.6526610644257703,0.6442577030812325,0.5938375350140056,0.6035976401733878,0.03944337094798463,457,0.6272727272727273,0.95,0.706766917293233,0.7524752475247525,0.8837209302325582,0.7840471644646542,0.11749251031751592,7,0.5564516129032258,0.5252225519287834,0.6205357142857143,0.6015625,0.554140127388535,0.5715825013012517,0.034576415316575154,457,0.3854748603351955,0.10614525139664804,0.5251396648044693,0.42696629213483145,0.21348314606741572,0.331441842947712,0.1511529965874149,457,0.770949720670391,0.9943820224719101,0.7808988764044944,0.8603351955307262,0.9720670391061452,0.8757265708367334,0.09334664045914232,73,0.5892399658411615,0.5799475753604194,0.6471135940409684,0.6400665004156276,0.6062717770034843,0.6125278825323323,0.026823457089271502,457,0.5782122905027933,0.550263636934279,0.6530192706044818,0.6436507438327789,0.5927750925867805,0.6035842068922228,0.039122390470482105,457,0.5435213551991349,0.5250729838829807,0.5938193395335662,0.5875734022659342,0.5526669551213718,0.5605308072005976,0.026259654202171856,457,0.5782122905027932,0.550263636934279,0.6530192706044818,0.6436507438327789,0.5927750925867804,0.6035842068922228,0.039122390470482125,457
445,0.00923314094543457,0.004328239292655836,0.05989232063293457,0.010296156955990749,log_loss,2,4,2,random,"{'criterion': 'log_loss', 'max_depth': 2, 'min_samples_leaf': 4, 'min_samples_split': 2, 'splitter': 'random'}",0.5782122905027933,0.5490196078431373,0.6526610644257703,0.6442577030812325,0.5938375350140056,0.6035976401733878,0.03944337094798463,457,0.6272727272727273,0.95,0.706766917293233,0.7524752475247525,0.8837209302325582,0.7840471644646542,0.11749251031751592,7,0.5564516129032258,0.5252225519287834,0.6205357142857143,0.6015625,0.554140127388535,0.5715825013012517,0.034576415316575154,457,0.3854748603351955,0.10614525139664804,0.5251396648044693,0.42696629213483145,0.21348314606741572,0.331441842947712,0.1511529965874149,457,0.770949720670391,0.9943820224719101,0.7808988764044944,0.8603351955307262,0.9720670391061452,0.8757265708367334,0.09334664045914232,73,0.5892399658411615,0.5799475753604194,0.6471135940409684,0.6400665004156276,0.6062717770034843,0.6125278825323323,0.026823457089271502,457,0.5782122905027933,0.550263636934279,0.6530192706044818,0.6436507438327789,0.5927750925867805,0.6035842068922228,0.039122390470482105,457,0.5435213551991349,0.5250729838829807,0.5938193395335662,0.5875734022659342,0.5526669551213718,0.5605308072005976,0.026259654202171856,457,0.5782122905027932,0.550263636934279,0.6530192706044818,0.6436507438327789,0.5927750925867804,0.6035842068922228,0.039122390470482125,457
435,0.008225107192993164,0.0017313175267805883,0.04895172119140625,0.007887196284802068,log_loss,2,2,3,random,"{'criterion': 'log_loss', 'max_depth': 2, 'min_samples_leaf': 2, 'min_samples_split': 3, 'splitter': 'random'}",0.5782122905027933,0.5490196078431373,0.6526610644257703,0.6442577030812325,0.5938375350140056,0.6035976401733878,0.03944337094798463,457,0.6272727272727273,0.95,0.706766917293233,0.7524752475247525,0.8837209302325582,0.7840471644646542,0.11749251031751592,7,0.5564516129032258,0.5252225519287834,0.6205357142857143,0.6015625,0.554140127388535,0.5715825013012517,0.034576415316575154,457,0.3854748603351955,0.10614525139664804,0.5251396648044693,0.42696629213483145,0.21348314606741572,0.331441842947712,0.1511529965874149,457,0.770949720670391,0.9943820224719101,0.7808988764044944,0.8603351955307262,0.9720670391061452,0.8757265708367334,0.09334664045914232,73,0.5892399658411615,0.5799475753604194,0.6471135940409684,0.6400665004156276,0.6062717770034843,0.6125278825323323,0.026823457089271502,457,0.5782122905027933,0.550263636934279,0.6530192706044818,0.6436507438327789,0.5927750925867805,0.6035842068922228,0.039122390470482105,457,0.5435213551991349,0.5250729838829807,0.5938193395335662,0.5875734022659342,0.5526669551213718,0.5605308072005976,0.026259654202171856,457,0.5782122905027932,0.550263636934279,0.6530192706044818,0.6436507438327789,0.5927750925867804,0.6035842068922228,0.039122390470482125,457
447,0.006316423416137695,0.003537992345501932,0.04235687255859375,0.004028875976294315,log_loss,2,4,3,random,"{'criterion': 'log_loss', 'max_depth': 2, 'min_samples_leaf': 4, 'min_samples_split': 3, 'splitter': 'random'}",0.5782122905027933,0.5490196078431373,0.6526610644257703,0.6442577030812325,0.5938375350140056,0.6035976401733878,0.03944337094798463,457,0.6272727272727273,0.95,0.706766917293233,0.7524752475247525,0.8837209302325582,0.7840471644646542,0.11749251031751592,7,0.5564516129032258,0.5252225519287834,0.6205357142857143,0.6015625,0.554140127388535,0.5715825013012517,0.034576415316575154,457,0.3854748603351955,0.10614525139664804,0.5251396648044693,0.42696629213483145,0.21348314606741572,0.331441842947712,0.1511529965874149,457,0.770949720670391,0.9943820224719101,0.7808988764044944,0.8603351955307262,0.9720670391061452,0.8757265708367334,0.09334664045914232,73,0.5892399658411615,0.5799475753604194,0.6471135940409684,0.6400665004156276,0.6062717770034843,0.6125278825323323,0.026823457089271502,457,0.5782122905027933,0.550263636934279,0.6530192706044818,0.6436507438327789,0.5927750925867805,0.6035842068922228,0.039122390470482105,457,0.5435213551991349,0.5250729838829807,0.5938193395335662,0.5875734022659342,0.5526669551213718,0.5605308072005976,0.026259654202171856,457,0.5782122905027932,0.550263636934279,0.6530192706044818,0.6436507438327789,0.5927750925867804,0.6035842068922228,0.039122390470482125,457
433,0.006792545318603516,0.0019260470749941842,0.04499187469482422,0.005861677387457811,log_loss,2,2,2,random,"{'criterion': 'log_loss', 'max_depth': 2, 'min_samples_leaf': 2, 'min_samples_split': 2, 'splitter': 'random'}",0.5782122905027933,0.5490196078431373,0.6526610644257703,0.6442577030812325,0.5938375350140056,0.6035976401733878,0.03944337094798463,457,0.6272727272727273,0.95,0.706766917293233,0.7524752475247525,0.8837209302325582,0.7840471644646542,0.11749251031751592,7,0.5564516129032258,0.5252225519287834,0.6205357142857143,0.6015625,0.554140127388535,0.5715825013012517,0.034576415316575154,457,0.3854748603351955,0.10614525139664804,0.5251396648044693,0.42696629213483145,0.21348314606741572,0.331441842947712,0.1511529965874149,457,0.770949720670391,0.9943820224719101,0.7808988764044944,0.8603351955307262,0.9720670391061452,0.8757265708367334,0.09334664045914232,73,0.5892399658411615,0.5799475753604194,0.6471135940409684,0.6400665004156276,0.6062717770034843,0.6125278825323323,0.026823457089271502,457,0.5782122905027933,0.550263636934279,0.6530192706044818,0.6436507438327789,0.5927750925867805,0.6035842068922228,0.039122390470482105,457,0.5435213551991349,0.5250729838829807,0.5938193395335662,0.5875734022659342,0.5526669551213718,0.5605308072005976,0.026259654202171856,457,0.5782122905027932,0.550263636934279,0.6530192706044818,0.6436507438327789,0.5927750925867804,0.6035842068922228,0.039122390470482125,457
449,0.009622430801391602,0.006985533727068766,0.045436429977416995,0.007228716417792661,log_loss,2,4,4,random,"{'criterion': 'log_loss', 'max_depth': 2, 'min_samples_leaf': 4, 'min_samples_split': 4, 'splitter': 'random'}",0.5782122905027933,0.5490196078431373,0.6526610644257703,0.6442577030812325,0.5938375350140056,0.6035976401733878,0.03944337094798463,457,0.6272727272727273,0.95,0.706766917293233,0.7524752475247525,0.8837209302325582,0.7840471644646542,0.11749251031751592,7,0.5564516129032258,0.5252225519287834,0.6205357142857143,0.6015625,0.554140127388535,0.5715825013012517,0.034576415316575154,457,0.3854748603351955,0.10614525139664804,0.5251396648044693,0.42696629213483145,0.21348314606741572,0.331441842947712,0.1511529965874149,457,0.770949720670391,0.9943820224719101,0.7808988764044944,0.8603351955307262,0.9720670391061452,0.8757265708367334,0.09334664045914232,73,0.5892399658411615,0.5799475753604194,0.6471135940409684,0.6400665004156276,0.6062717770034843,0.6125278825323323,0.026823457089271502,457,0.5782122905027933,0.550263636934279,0.6530192706044818,0.6436507438327789,0.5927750925867805,0.6035842068922228,0.039122390470482105,457,0.5435213551991349,0.5250729838829807,0.5938193395335662,0.5875734022659342,0.5526669551213718,0.5605308072005976,0.026259654202171856,457,0.5782122905027932,0.550263636934279,0.6530192706044818,0.6436507438327789,0.5927750925867804,0.6035842068922228,0.039122390470482125,457
253,0.007125473022460938,0.0015192346949761092,0.0522346019744873,0.019303587240451028,entropy,2,4,2,random,"{'criterion': 'entropy', 'max_depth': 2, 'min_samples_leaf': 4, 'min_samples_split': 2, 'splitter': 'random'}",0.5782122905027933,0.5490196078431373,0.6526610644257703,0.6442577030812325,0.5938375350140056,0.6035976401733878,0.03944337094798463,457,0.6272727272727273,0.95,0.706766917293233,0.7524752475247525,0.8837209302325582,0.7840471644646542,0.11749251031751592,7,0.5564516129032258,0.5252225519287834,0.6205357142857143,0.6015625,0.554140127388535,0.5715825013012517,0.034576415316575154,457,0.3854748603351955,0.10614525139664804,0.5251396648044693,0.42696629213483145,0.21348314606741572,0.331441842947712,0.1511529965874149,457,0.770949720670391,0.9943820224719101,0.7808988764044944,0.8603351955307262,0.9720670391061452,0.8757265708367334,0.09334664045914232,73,0.5892399658411615,0.5799475753604194,0.6471135940409684,0.6400665004156276,0.6062717770034843,0.6125278825323323,0.026823457089271502,457,0.5782122905027933,0.550263636934279,0.6530192706044818,0.6436507438327789,0.5927750925867805,0.6035842068922228,0.039122390470482105,457,0.5435213551991349,0.5250729838829807,0.5938193395335662,0.5875734022659342,0.5526669551213718,0.5605308072005976,0.026259654202171856,457,0.5782122905027932,0.550263636934279,0.6530192706044818,0.6436507438327789,0.5927750925867804,0.6035842068922228,0.039122390470482125,457
451,0.011305570602416992,0.0036554698776840927,0.04011931419372559,0.0029367877070150426,log_loss,2,5,2,random,"{'criterion': 'log_loss', 'max_depth': 2, 'min_samples_leaf': 5, 'min_samples_split': 2, 'splitter': 'random'}",0.5782122905027933,0.5490196078431373,0.6526610644257703,0.6442577030812325,0.5938375350140056,0.6035976401733878,0.03944337094798463,457,0.6272727272727273,0.95,0.706766917293233,0.7524752475247525,0.8837209302325582,0.7840471644646542,0.11749251031751592,7,0.5564516129032258,0.5252225519287834,0.6205357142857143,0.6015625,0.554140127388535,0.5715825013012517,0.034576415316575154,457,0.3854748603351955,0.10614525139664804,0.5251396648044693,0.42696629213483145,0.21348314606741572,0.331441842947712,0.1511529965874149,457,0.770949720670391,0.9943820224719101,0.7808988764044944,0.8603351955307262,0.9720670391061452,0.8757265708367334,0.09334664045914232,73,0.5892399658411615,0.5799475753604194,0.6471135940409684,0.6400665004156276,0.6062717770034843,0.6125278825323323,0.026823457089271502,457,0.5782122905027933,0.550263636934279,0.6530192706044818,0.6436507438327789,0.5927750925867805,0.6035842068922228,0.039122390470482105,457,0.5435213551991349,0.5250729838829807,0.5938193395335662,0.5875734022659342,0.5526669551213718,0.5605308072005976,0.026259654202171856,457,0.5782122905027932,0.550263636934279,0.6530192706044818,0.6436507438327789,0.5927750925867804,0.6035842068922228,0.039122390470482125,457
453,0.012043571472167969,0.0020145683028570034,0.04132237434387207,0.004380697825142188,log_loss,2,5,3,random,"{'criterion': 'log_loss', 'max_depth': 2, 'min_samples_leaf': 5, 'min_samples_split': 3, 'splitter': 'random'}",0.5782122905027933,0.5490196078431373,0.6526610644257703,0.6442577030812325,0.5938375350140056,0.6035976401733878,0.03944337094798463,457,0.6272727272727273,0.95,0.706766917293233,0.7524752475247525,0.8837209302325582,0.7840471644646542,0.11749251031751592,7,0.5564516129032258,0.5252225519287834,0.6205357142857143,0.6015625,0.554140127388535,0.5715825013012517,0.034576415316575154,457,0.3854748603351955,0.10614525139664804,0.5251396648044693,0.42696629213483145,0.21348314606741572,0.331441842947712,0.1511529965874149,457,0.770949720670391,0.9943820224719101,0.7808988764044944,0.8603351955307262,0.9720670391061452,0.8757265708367334,0.09334664045914232,73,0.5892399658411615,0.5799475753604194,0.6471135940409684,0.6400665004156276,0.6062717770034843,0.6125278825323323,0.026823457089271502,457,0.5782122905027933,0.550263636934279,0.6530192706044818,0.6436507438327789,0.5927750925867805,0.6035842068922228,0.039122390470482105,457,0.5435213551991349,0.5250729838829807,0.5938193395335662,0.5875734022659342,0.5526669551213718,0.5605308072005976,0.026259654202171856,457,0.5782122905027932,0.550263636934279,0.6530192706044818,0.6436507438327789,0.5927750925867804,0.6035842068922228,0.039122390470482125,457
261,0.005559730529785156,0.0023918960373581263,0.0433441162109375,0.00509144585203973,entropy,2,5,3,random,"{'criterion': 'entropy', 'max_depth': 2, 'min_samples_leaf': 5, 'min_samples_split': 3, 'splitter': 'random'}",0.5782122905027933,0.5490196078431373,0.6526610644257703,0.6442577030812325,0.5938375350140056,0.6035976401733878,0.03944337094798463,457,0.6272727272727273,0.95,0.706766917293233,0.7524752475247525,0.8837209302325582,0.7840471644646542,0.11749251031751592,7,0.5564516129032258,0.5252225519287834,0.6205357142857143,0.6015625,0.554140127388535,0.5715825013012517,0.034576415316575154,457,0.3854748603351955,0.10614525139664804,0.5251396648044693,0.42696629213483145,0.21348314606741572,0.331441842947712,0.1511529965874149,457,0.770949720670391,0.9943820224719101,0.7808988764044944,0.8603351955307262,0.9720670391061452,0.8757265708367334,0.09334664045914232,73,0.5892399658411615,0.5799475753604194,0.6471135940409684,0.6400665004156276,0.6062717770034843,0.6125278825323323,0.026823457089271502,457,0.5782122905027933,0.550263636934279,0.6530192706044818,0.6436507438327789,0.5927750925867805,0.6035842068922228,0.039122390470482105,457,0.5435213551991349,0.5250729838829807,0.5938193395335662,0.5875734022659342,0.5526669551213718,0.5605308072005976,0.026259654202171856,457,0.5782122905027932,0.550263636934279,0.6530192706044818,0.6436507438327789,0.5927750925867804,0.6035842068922228,0.039122390470482125,457
455,0.008970260620117188,0.00986186102905222,0.05410647392272949,0.014146839002842061,log_loss,2,5,4,random,"{'criterion': 'log_loss', 'max_depth': 2, 'min_samples_leaf': 5, 'min_samples_split': 4, 'splitter': 'random'}",0.5782122905027933,0.5490196078431373,0.6526610644257703,0.6442577030812325,0.5938375350140056,0.6035976401733878,0.03944337094798463,457,0.6272727272727273,0.95,0.706766917293233,0.7524752475247525,0.8837209302325582,0.7840471644646542,0.11749251031751592,7,0.5564516129032258,0.5252225519287834,0.6205357142857143,0.6015625,0.554140127388535,0.5715825013012517,0.034576415316575154,457,0.3854748603351955,0.10614525139664804,0.5251396648044693,0.42696629213483145,0.21348314606741572,0.331441842947712,0.1511529965874149,457,0.770949720670391,0.9943820224719101,0.7808988764044944,0.8603351955307262,0.9720670391061452,0.8757265708367334,0.09334664045914232,73,0.5892399658411615,0.5799475753604194,0.6471135940409684,0.6400665004156276,0.6062717770034843,0.6125278825323323,0.026823457089271502,457,0.5782122905027933,0.550263636934279,0.6530192706044818,0.6436507438327789,0.5927750925867805,0.6035842068922228,0.039122390470482105,457,0.5435213551991349,0.5250729838829807,0.5938193395335662,0.5875734022659342,0.5526669551213718,0.5605308072005976,0.026259654202171856,457,0.5782122905027932,0.550263636934279,0.6530192706044818,0.6436507438327789,0.5927750925867804,0.6035842068922228,0.039122390470482125,457
259,0.004841899871826172,0.002509596657212465,0.052446413040161136,0.008255829217961148,entropy,2,5,2,random,"{'criterion': 'entropy', 'max_depth': 2, 'min_samples_leaf': 5, 'min_samples_split': 2, 'splitter': 'random'}",0.5782122905027933,0.5490196078431373,0.6526610644257703,0.6442577030812325,0.5938375350140056,0.6035976401733878,0.03944337094798463,457,0.6272727272727273,0.95,0.706766917293233,0.7524752475247525,0.8837209302325582,0.7840471644646542,0.11749251031751592,7,0.5564516129032258,0.5252225519287834,0.6205357142857143,0.6015625,0.554140127388535,0.5715825013012517,0.034576415316575154,457,0.3854748603351955,0.10614525139664804,0.5251396648044693,0.42696629213483145,0.21348314606741572,0.331441842947712,0.1511529965874149,457,0.770949720670391,0.9943820224719101,0.7808988764044944,0.8603351955307262,0.9720670391061452,0.8757265708367334,0.09334664045914232,73,0.5892399658411615,0.5799475753604194,0.6471135940409684,0.6400665004156276,0.6062717770034843,0.6125278825323323,0.026823457089271502,457,0.5782122905027933,0.550263636934279,0.6530192706044818,0.6436507438327789,0.5927750925867805,0.6035842068922228,0.039122390470482105,457,0.5435213551991349,0.5250729838829807,0.5938193395335662,0.5875734022659342,0.5526669551213718,0.5605308072005976,0.026259654202171856,457,0.5782122905027932,0.550263636934279,0.6530192706044818,0.6436507438327789,0.5927750925867804,0.6035842068922228,0.039122390470482125,457
257,0.004714393615722656,0.003968440050516281,0.08908195495605468,0.02469934410283814,entropy,2,4,4,random,"{'criterion': 'entropy', 'max_depth': 2, 'min_samples_leaf': 4, 'min_samples_split': 4, 'splitter': 'random'}",0.5782122905027933,0.5490196078431373,0.6526610644257703,0.6442577030812325,0.5938375350140056,0.6035976401733878,0.03944337094798463,457,0.6272727272727273,0.95,0.706766917293233,0.7524752475247525,0.8837209302325582,0.7840471644646542,0.11749251031751592,7,0.5564516129032258,0.5252225519287834,0.6205357142857143,0.6015625,0.554140127388535,0.5715825013012517,0.034576415316575154,457,0.3854748603351955,0.10614525139664804,0.5251396648044693,0.42696629213483145,0.21348314606741572,0.331441842947712,0.1511529965874149,457,0.770949720670391,0.9943820224719101,0.7808988764044944,0.8603351955307262,0.9720670391061452,0.8757265708367334,0.09334664045914232,73,0.5892399658411615,0.5799475753604194,0.6471135940409684,0.6400665004156276,0.6062717770034843,0.6125278825323323,0.026823457089271502,457,0.5782122905027933,0.550263636934279,0.6530192706044818,0.6436507438327789,0.5927750925867805,0.6035842068922228,0.039122390470482105,457,0.5435213551991349,0.5250729838829807,0.5938193395335662,0.5875734022659342,0.5526669551213718,0.5605308072005976,0.026259654202171856,457,0.5782122905027932,0.550263636934279,0.6530192706044818,0.6436507438327789,0.5927750925867804,0.6035842068922228,0.039122390470482125,457
255,0.014090728759765626,0.00855925712128545,0.058991861343383786,0.018891563929630952,entropy,2,4,3,random,"{'criterion': 'entropy', 'max_depth': 2, 'min_samples_leaf': 4, 'min_samples_split': 3, 'splitter': 'random'}",0.5782122905027933,0.5490196078431373,0.6526610644257703,0.6442577030812325,0.5938375350140056,0.6035976401733878,0.03944337094798463,457,0.6272727272727273,0.95,0.706766917293233,0.7524752475247525,0.8837209302325582,0.7840471644646542,0.11749251031751592,7,0.5564516129032258,0.5252225519287834,0.6205357142857143,0.6015625,0.554140127388535,0.5715825013012517,0.034576415316575154,457,0.3854748603351955,0.10614525139664804,0.5251396648044693,0.42696629213483145,0.21348314606741572,0.331441842947712,0.1511529965874149,457,0.770949720670391,0.9943820224719101,0.7808988764044944,0.8603351955307262,0.9720670391061452,0.8757265708367334,0.09334664045914232,73,0.5892399658411615,0.5799475753604194,0.6471135940409684,0.6400665004156276,0.6062717770034843,0.6125278825323323,0.026823457089271502,457,0.5782122905027933,0.550263636934279,0.6530192706044818,0.6436507438327789,0.5927750925867805,0.6035842068922228,0.039122390470482105,457,0.5435213551991349,0.5250729838829807,0.5938193395335662,0.5875734022659342,0.5526669551213718,0.5605308072005976,0.026259654202171856,457,0.5782122905027932,0.550263636934279,0.6530192706044818,0.6436507438327789,0.5927750925867804,0.6035842068922228,0.039122390470482125,457
263,0.009070825576782227,0.0018239951477765635,0.043387651443481445,0.002233117245583772,entropy,2,5,4,random,"{'criterion': 'entropy', 'max_depth': 2, 'min_samples_leaf': 5, 'min_samples_split': 4, 'splitter': 'random'}",0.5782122905027933,0.5490196078431373,0.6526610644257703,0.6442577030812325,0.5938375350140056,0.6035976401733878,0.03944337094798463,457,0.6272727272727273,0.95,0.706766917293233,0.7524752475247525,0.8837209302325582,0.7840471644646542,0.11749251031751592,7,0.5564516129032258,0.5252225519287834,0.6205357142857143,0.6015625,0.554140127388535,0.5715825013012517,0.034576415316575154,457,0.3854748603351955,0.10614525139664804,0.5251396648044693,0.42696629213483145,0.21348314606741572,0.331441842947712,0.1511529965874149,457,0.770949720670391,0.9943820224719101,0.7808988764044944,0.8603351955307262,0.9720670391061452,0.8757265708367334,0.09334664045914232,73,0.5892399658411615,0.5799475753604194,0.6471135940409684,0.6400665004156276,0.6062717770034843,0.6125278825323323,0.026823457089271502,457,0.5782122905027933,0.550263636934279,0.6530192706044818,0.6436507438327789,0.5927750925867805,0.6035842068922228,0.039122390470482105,457,0.5435213551991349,0.5250729838829807,0.5938193395335662,0.5875734022659342,0.5526669551213718,0.5605308072005976,0.026259654202171856,457,0.5782122905027932,0.550263636934279,0.6530192706044818,0.6436507438327789,0.5927750925867804,0.6035842068922228,0.039122390470482125,457
443,0.01201615333557129,0.010438135990676093,0.06647939682006836,0.011937318556223214,log_loss,2,3,4,random,"{'criterion': 'log_loss', 'max_depth': 2, 'min_samples_leaf': 3, 'min_samples_split': 4, 'splitter': 'random'}",0.5782122905027933,0.5490196078431373,0.6526610644257703,0.6442577030812325,0.5938375350140056,0.6035976401733878,0.03944337094798463,457,0.6272727272727273,0.95,0.706766917293233,0.7524752475247525,0.8837209302325582,0.7840471644646542,0.11749251031751592,7,0.5564516129032258,0.5252225519287834,0.6205357142857143,0.6015625,0.554140127388535,0.5715825013012517,0.034576415316575154,457,0.3854748603351955,0.10614525139664804,0.5251396648044693,0.42696629213483145,0.21348314606741572,0.331441842947712,0.1511529965874149,457,0.770949720670391,0.9943820224719101,0.7808988764044944,0.8603351955307262,0.9720670391061452,0.8757265708367334,0.09334664045914232,73,0.5892399658411615,0.5799475753604194,0.6471135940409684,0.6400665004156276,0.6062717770034843,0.6125278825323323,0.026823457089271502,457,0.5782122905027933,0.550263636934279,0.6530192706044818,0.6436507438327789,0.5927750925867805,0.6035842068922228,0.039122390470482105,457,0.5435213551991349,0.5250729838829807,0.5938193395335662,0.5875734022659342,0.5526669551213718,0.5605308072005976,0.026259654202171856,457,0.5782122905027932,0.550263636934279,0.6530192706044818,0.6436507438327789,0.5927750925867804,0.6035842068922228,0.039122390470482125,457
287,0.011302614212036132,0.007633588184606287,0.04511833190917969,0.008290929102180275,entropy,2,9,4,random,"{'criterion': 'entropy', 'max_depth': 2, 'min_samples_leaf': 9, 'min_samples_split': 4, 'splitter': 'random'}",0.5782122905027933,0.5490196078431373,0.6526610644257703,0.6442577030812325,0.5910364145658263,0.6030374160837519,0.03959760861362818,481,0.6272727272727273,0.95,0.706766917293233,0.7524752475247525,0.8636363636363636,0.7800302511454154,0.11431653684653466,31,0.5564516129032258,0.5252225519287834,0.6205357142857143,0.6015625,0.5527156549520766,0.57129760681396,0.03472451047841965,481,0.3854748603351955,0.10614525139664804,0.5251396648044693,0.42696629213483145,0.21348314606741572,0.331441842947712,0.1511529965874149,457,0.770949720670391,0.9943820224719101,0.7808988764044944,0.8603351955307262,0.9664804469273743,0.8746092524009793,0.09221335545539312,97,0.5892399658411615,0.5799475753604194,0.6471135940409684,0.6400665004156276,0.6044723969252271,0.6121680065166808,0.026916885738676895,481,0.5782122905027933,0.550263636934279,0.6530192706044818,0.6436507438327789,0.589981796497395,0.6030255476743457,0.0392923282499191,481,0.5435213551991349,0.5250729838829807,0.5938193395335662,0.5875734022659342,0.5509955959109151,0.5601965353585062,0.026368043501864447,481,0.5782122905027932,0.550263636934279,0.6530192706044818,0.6436507438327789,0.589981796497395,0.6030255476743457,0.03929232824991911,481
479,0.007901859283447266,0.004161407304415425,0.04584488868713379,0.004494503707475277,log_loss,2,9,4,random,"{'criterion': 'log_loss', 'max_depth': 2, 'min_samples_leaf': 9, 'min_samples_split': 4, 'splitter': 'random'}",0.5782122905027933,0.5490196078431373,0.6526610644257703,0.6442577030812325,0.5910364145658263,0.6030374160837519,0.03959760861362818,481,0.6272727272727273,0.95,0.706766917293233,0.7524752475247525,0.8636363636363636,0.7800302511454154,0.11431653684653466,31,0.5564516129032258,0.5252225519287834,0.6205357142857143,0.6015625,0.5527156549520766,0.57129760681396,0.03472451047841965,481,0.3854748603351955,0.10614525139664804,0.5251396648044693,0.42696629213483145,0.21348314606741572,0.331441842947712,0.1511529965874149,457,0.770949720670391,0.9943820224719101,0.7808988764044944,0.8603351955307262,0.9664804469273743,0.8746092524009793,0.09221335545539312,97,0.5892399658411615,0.5799475753604194,0.6471135940409684,0.6400665004156276,0.6044723969252271,0.6121680065166808,0.026916885738676895,481,0.5782122905027933,0.550263636934279,0.6530192706044818,0.6436507438327789,0.589981796497395,0.6030255476743457,0.0392923282499191,481,0.5435213551991349,0.5250729838829807,0.5938193395335662,0.5875734022659342,0.5509955959109151,0.5601965353585062,0.026368043501864447,481,0.5782122905027932,0.550263636934279,0.6530192706044818,0.6436507438327789,0.589981796497395,0.6030255476743457,0.03929232824991911,481
285,0.007598686218261719,0.00529401851695334,0.04258251190185547,0.004057441871102839,entropy,2,9,3,random,"{'criterion': 'entropy', 'max_depth': 2, 'min_samples_leaf': 9, 'min_samples_split': 3, 'splitter': 'random'}",0.5782122905027933,0.5490196078431373,0.6526610644257703,0.6442577030812325,0.5910364145658263,0.6030374160837519,0.03959760861362818,481,0.6272727272727273,0.95,0.706766917293233,0.7524752475247525,0.8636363636363636,0.7800302511454154,0.11431653684653466,31,0.5564516129032258,0.5252225519287834,0.6205357142857143,0.6015625,0.5527156549520766,0.57129760681396,0.03472451047841965,481,0.3854748603351955,0.10614525139664804,0.5251396648044693,0.42696629213483145,0.21348314606741572,0.331441842947712,0.1511529965874149,457,0.770949720670391,0.9943820224719101,0.7808988764044944,0.8603351955307262,0.9664804469273743,0.8746092524009793,0.09221335545539312,97,0.5892399658411615,0.5799475753604194,0.6471135940409684,0.6400665004156276,0.6044723969252271,0.6121680065166808,0.026916885738676895,481,0.5782122905027933,0.550263636934279,0.6530192706044818,0.6436507438327789,0.589981796497395,0.6030255476743457,0.0392923282499191,481,0.5435213551991349,0.5250729838829807,0.5938193395335662,0.5875734022659342,0.5509955959109151,0.5601965353585062,0.026368043501864447,481,0.5782122905027932,0.550263636934279,0.6530192706044818,0.6436507438327789,0.589981796497395,0.6030255476743457,0.03929232824991911,481
283,0.00598611831665039,0.0032827946486638647,0.045627927780151366,0.009375248367829039,entropy,2,9,2,random,"{'criterion': 'entropy', 'max_depth': 2, 'min_samples_leaf': 9, 'min_samples_split': 2, 'splitter': 'random'}",0.5782122905027933,0.5490196078431373,0.6526610644257703,0.6442577030812325,0.5910364145658263,0.6030374160837519,0.03959760861362818,481,0.6272727272727273,0.95,0.706766917293233,0.7524752475247525,0.8636363636363636,0.7800302511454154,0.11431653684653466,31,0.5564516129032258,0.5252225519287834,0.6205357142857143,0.6015625,0.5527156549520766,0.57129760681396,0.03472451047841965,481,0.3854748603351955,0.10614525139664804,0.5251396648044693,0.42696629213483145,0.21348314606741572,0.331441842947712,0.1511529965874149,457,0.770949720670391,0.9943820224719101,0.7808988764044944,0.8603351955307262,0.9664804469273743,0.8746092524009793,0.09221335545539312,97,0.5892399658411615,0.5799475753604194,0.6471135940409684,0.6400665004156276,0.6044723969252271,0.6121680065166808,0.026916885738676895,481,0.5782122905027933,0.550263636934279,0.6530192706044818,0.6436507438327789,0.589981796497395,0.6030255476743457,0.0392923282499191,481,0.5435213551991349,0.5250729838829807,0.5938193395335662,0.5875734022659342,0.5509955959109151,0.5601965353585062,0.026368043501864447,481,0.5782122905027932,0.550263636934279,0.6530192706044818,0.6436507438327789,0.589981796497395,0.6030255476743457,0.03929232824991911,481
281,0.00446467399597168,0.0037666366829253875,0.05083928108215332,0.0077819844300253465,entropy,2,8,4,random,"{'criterion': 'entropy', 'max_depth': 2, 'min_samples_leaf': 8, 'min_samples_split': 4, 'splitter': 'random'}",0.5782122905027933,0.5490196078431373,0.6526610644257703,0.6442577030812325,0.5910364145658263,0.6030374160837519,0.03959760861362818,481,0.6272727272727273,0.95,0.706766917293233,0.7524752475247525,0.8636363636363636,0.7800302511454154,0.11431653684653466,31,0.5564516129032258,0.5252225519287834,0.6205357142857143,0.6015625,0.5527156549520766,0.57129760681396,0.03472451047841965,481,0.3854748603351955,0.10614525139664804,0.5251396648044693,0.42696629213483145,0.21348314606741572,0.331441842947712,0.1511529965874149,457,0.770949720670391,0.9943820224719101,0.7808988764044944,0.8603351955307262,0.9664804469273743,0.8746092524009793,0.09221335545539312,97,0.5892399658411615,0.5799475753604194,0.6471135940409684,0.6400665004156276,0.6044723969252271,0.6121680065166808,0.026916885738676895,481,0.5782122905027933,0.550263636934279,0.6530192706044818,0.6436507438327789,0.589981796497395,0.6030255476743457,0.0392923282499191,481,0.5435213551991349,0.5250729838829807,0.5938193395335662,0.5875734022659342,0.5509955959109151,0.5601965353585062,0.026368043501864447,481,0.5782122905027932,0.550263636934279,0.6530192706044818,0.6436507438327789,0.589981796497395,0.6030255476743457,0.03929232824991911,481
279,0.0067446231842041016,0.0009808067552394238,0.06113667488098144,0.013115509003153726,entropy,2,8,3,random,"{'criterion': 'entropy', 'max_depth': 2, 'min_samples_leaf': 8, 'min_samples_split': 3, 'splitter': 'random'}",0.5782122905027933,0.5490196078431373,0.6526610644257703,0.6442577030812325,0.5910364145658263,0.6030374160837519,0.03959760861362818,481,0.6272727272727273,0.95,0.706766917293233,0.7524752475247525,0.8636363636363636,0.7800302511454154,0.11431653684653466,31,0.5564516129032258,0.5252225519287834,0.6205357142857143,0.6015625,0.5527156549520766,0.57129760681396,0.03472451047841965,481,0.3854748603351955,0.10614525139664804,0.5251396648044693,0.42696629213483145,0.21348314606741572,0.331441842947712,0.1511529965874149,457,0.770949720670391,0.9943820224719101,0.7808988764044944,0.8603351955307262,0.9664804469273743,0.8746092524009793,0.09221335545539312,97,0.5892399658411615,0.5799475753604194,0.6471135940409684,0.6400665004156276,0.6044723969252271,0.6121680065166808,0.026916885738676895,481,0.5782122905027933,0.550263636934279,0.6530192706044818,0.6436507438327789,0.589981796497395,0.6030255476743457,0.0392923282499191,481,0.5435213551991349,0.5250729838829807,0.5938193395335662,0.5875734022659342,0.5509955959109151,0.5601965353585062,0.026368043501864447,481,0.5782122905027932,0.550263636934279,0.6530192706044818,0.6436507438327789,0.589981796497395,0.6030255476743457,0.03929232824991911,481
277,0.02975802421569824,0.02082098010632468,0.052815580368041994,0.013665946325821757,entropy,2,8,2,random,"{'criterion': 'entropy', 'max_depth': 2, 'min_samples_leaf': 8, 'min_samples_split': 2, 'splitter': 'random'}",0.5782122905027933,0.5490196078431373,0.6526610644257703,0.6442577030812325,0.5910364145658263,0.6030374160837519,0.03959760861362818,481,0.6272727272727273,0.95,0.706766917293233,0.7524752475247525,0.8636363636363636,0.7800302511454154,0.11431653684653466,31,0.5564516129032258,0.5252225519287834,0.6205357142857143,0.6015625,0.5527156549520766,0.57129760681396,0.03472451047841965,481,0.3854748603351955,0.10614525139664804,0.5251396648044693,0.42696629213483145,0.21348314606741572,0.331441842947712,0.1511529965874149,457,0.770949720670391,0.9943820224719101,0.7808988764044944,0.8603351955307262,0.9664804469273743,0.8746092524009793,0.09221335545539312,97,0.5892399658411615,0.5799475753604194,0.6471135940409684,0.6400665004156276,0.6044723969252271,0.6121680065166808,0.026916885738676895,481,0.5782122905027933,0.550263636934279,0.6530192706044818,0.6436507438327789,0.589981796497395,0.6030255476743457,0.0392923282499191,481,0.5435213551991349,0.5250729838829807,0.5938193395335662,0.5875734022659342,0.5509955959109151,0.5601965353585062,0.026368043501864447,481,0.5782122905027932,0.550263636934279,0.6530192706044818,0.6436507438327789,0.589981796497395,0.6030255476743457,0.03929232824991911,481
275,0.0076828479766845705,0.0034918749881004112,0.04410853385925293,0.003783911849477131,entropy,2,7,4,random,"{'criterion': 'entropy', 'max_depth': 2, 'min_samples_leaf': 7, 'min_samples_split': 4, 'splitter': 'random'}",0.5782122905027933,0.5490196078431373,0.6526610644257703,0.6442577030812325,0.5910364145658263,0.6030374160837519,0.03959760861362818,481,0.6272727272727273,0.95,0.706766917293233,0.7524752475247525,0.8636363636363636,0.7800302511454154,0.11431653684653466,31,0.5564516129032258,0.5252225519287834,0.6205357142857143,0.6015625,0.5527156549520766,0.57129760681396,0.03472451047841965,481,0.3854748603351955,0.10614525139664804,0.5251396648044693,0.42696629213483145,0.21348314606741572,0.331441842947712,0.1511529965874149,457,0.770949720670391,0.9943820224719101,0.7808988764044944,0.8603351955307262,0.9664804469273743,0.8746092524009793,0.09221335545539312,97,0.5892399658411615,0.5799475753604194,0.6471135940409684,0.6400665004156276,0.6044723969252271,0.6121680065166808,0.026916885738676895,481,0.5782122905027933,0.550263636934279,0.6530192706044818,0.6436507438327789,0.589981796497395,0.6030255476743457,0.0392923282499191,481,0.5435213551991349,0.5250729838829807,0.5938193395335662,0.5875734022659342,0.5509955959109151,0.5601965353585062,0.026368043501864447,481,0.5782122905027932,0.550263636934279,0.6530192706044818,0.6436507438327789,0.589981796497395,0.6030255476743457,0.03929232824991911,481
273,0.010494327545166016,0.0038413078043435258,0.0510216236114502,0.01240238253255801,entropy,2,7,3,random,"{'criterion': 'entropy', 'max_depth': 2, 'min_samples_leaf': 7, 'min_samples_split': 3, 'splitter': 'random'}",0.5782122905027933,0.5490196078431373,0.6526610644257703,0.6442577030812325,0.5910364145658263,0.6030374160837519,0.03959760861362818,481,0.6272727272727273,0.95,0.706766917293233,0.7524752475247525,0.8636363636363636,0.7800302511454154,0.11431653684653466,31,0.5564516129032258,0.5252225519287834,0.6205357142857143,0.6015625,0.5527156549520766,0.57129760681396,0.03472451047841965,481,0.3854748603351955,0.10614525139664804,0.5251396648044693,0.42696629213483145,0.21348314606741572,0.331441842947712,0.1511529965874149,457,0.770949720670391,0.9943820224719101,0.7808988764044944,0.8603351955307262,0.9664804469273743,0.8746092524009793,0.09221335545539312,97,0.5892399658411615,0.5799475753604194,0.6471135940409684,0.6400665004156276,0.6044723969252271,0.6121680065166808,0.026916885738676895,481,0.5782122905027933,0.550263636934279,0.6530192706044818,0.6436507438327789,0.589981796497395,0.6030255476743457,0.0392923282499191,481,0.5435213551991349,0.5250729838829807,0.5938193395335662,0.5875734022659342,0.5509955959109151,0.5601965353585062,0.026368043501864447,481,0.5782122905027932,0.550263636934279,0.6530192706044818,0.6436507438327789,0.589981796497395,0.6030255476743457,0.03929232824991911,481
271,0.015072917938232422,0.00768304269211979,0.06352214813232422,0.023471626598941697,entropy,2,7,2,random,"{'criterion': 'entropy', 'max_depth': 2, 'min_samples_leaf': 7, 'min_samples_split': 2, 'splitter': 'random'}",0.5782122905027933,0.5490196078431373,0.6526610644257703,0.6442577030812325,0.5910364145658263,0.6030374160837519,0.03959760861362818,481,0.6272727272727273,0.95,0.706766917293233,0.7524752475247525,0.8636363636363636,0.7800302511454154,0.11431653684653466,31,0.5564516129032258,0.5252225519287834,0.6205357142857143,0.6015625,0.5527156549520766,0.57129760681396,0.03472451047841965,481,0.3854748603351955,0.10614525139664804,0.5251396648044693,0.42696629213483145,0.21348314606741572,0.331441842947712,0.1511529965874149,457,0.770949720670391,0.9943820224719101,0.7808988764044944,0.8603351955307262,0.9664804469273743,0.8746092524009793,0.09221335545539312,97,0.5892399658411615,0.5799475753604194,0.6471135940409684,0.6400665004156276,0.6044723969252271,0.6121680065166808,0.026916885738676895,481,0.5782122905027933,0.550263636934279,0.6530192706044818,0.6436507438327789,0.589981796497395,0.6030255476743457,0.0392923282499191,481,0.5435213551991349,0.5250729838829807,0.5938193395335662,0.5875734022659342,0.5509955959109151,0.5601965353585062,0.026368043501864447,481,0.5782122905027932,0.550263636934279,0.6530192706044818,0.6436507438327789,0.589981796497395,0.6030255476743457,0.03929232824991911,481
269,0.008004522323608399,0.003936934723443109,0.047013282775878906,0.011267592095526392,entropy,2,6,4,random,"{'criterion': 'entropy', 'max_depth': 2, 'min_samples_leaf': 6, 'min_samples_split': 4, 'splitter': 'random'}",0.5782122905027933,0.5490196078431373,0.6526610644257703,0.6442577030812325,0.5910364145658263,0.6030374160837519,0.03959760861362818,481,0.6272727272727273,0.95,0.706766917293233,0.7524752475247525,0.8636363636363636,0.7800302511454154,0.11431653684653466,31,0.5564516129032258,0.5252225519287834,0.6205357142857143,0.6015625,0.5527156549520766,0.57129760681396,0.03472451047841965,481,0.3854748603351955,0.10614525139664804,0.5251396648044693,0.42696629213483145,0.21348314606741572,0.331441842947712,0.1511529965874149,457,0.770949720670391,0.9943820224719101,0.7808988764044944,0.8603351955307262,0.9664804469273743,0.8746092524009793,0.09221335545539312,97,0.5892399658411615,0.5799475753604194,0.6471135940409684,0.6400665004156276,0.6044723969252271,0.6121680065166808,0.026916885738676895,481,0.5782122905027933,0.550263636934279,0.6530192706044818,0.6436507438327789,0.589981796497395,0.6030255476743457,0.0392923282499191,481,0.5435213551991349,0.5250729838829807,0.5938193395335662,0.5875734022659342,0.5509955959109151,0.5601965353585062,0.026368043501864447,481,0.5782122905027932,0.550263636934279,0.6530192706044818,0.6436507438327789,0.589981796497395,0.6030255476743457,0.03929232824991911,481
265,0.0066699981689453125,0.0038290058987507504,0.05913586616516113,0.022585244054157745,entropy,2,6,2,random,"{'criterion': 'entropy', 'max_depth': 2, 'min_samples_leaf': 6, 'min_samples_split': 2, 'splitter': 'random'}",0.5782122905027933,0.5490196078431373,0.6526610644257703,0.6442577030812325,0.5910364145658263,0.6030374160837519,0.03959760861362818,481,0.6272727272727273,0.95,0.706766917293233,0.7524752475247525,0.8636363636363636,0.7800302511454154,0.11431653684653466,31,0.5564516129032258,0.5252225519287834,0.6205357142857143,0.6015625,0.5527156549520766,0.57129760681396,0.03472451047841965,481,0.3854748603351955,0.10614525139664804,0.5251396648044693,0.42696629213483145,0.21348314606741572,0.331441842947712,0.1511529965874149,457,0.770949720670391,0.9943820224719101,0.7808988764044944,0.8603351955307262,0.9664804469273743,0.8746092524009793,0.09221335545539312,97,0.5892399658411615,0.5799475753604194,0.6471135940409684,0.6400665004156276,0.6044723969252271,0.6121680065166808,0.026916885738676895,481,0.5782122905027933,0.550263636934279,0.6530192706044818,0.6436507438327789,0.589981796497395,0.6030255476743457,0.0392923282499191,481,0.5435213551991349,0.5250729838829807,0.5938193395335662,0.5875734022659342,0.5509955959109151,0.5601965353585062,0.026368043501864447,481,0.5782122905027932,0.550263636934279,0.6530192706044818,0.6436507438327789,0.589981796497395,0.6030255476743457,0.03929232824991911,481
457,0.013405609130859374,0.010490036885336652,0.05384211540222168,0.015413756690942958,log_loss,2,6,2,random,"{'criterion': 'log_loss', 'max_depth': 2, 'min_samples_leaf': 6, 'min_samples_split': 2, 'splitter': 'random'}",0.5782122905027933,0.5490196078431373,0.6526610644257703,0.6442577030812325,0.5910364145658263,0.6030374160837519,0.03959760861362818,481,0.6272727272727273,0.95,0.706766917293233,0.7524752475247525,0.8636363636363636,0.7800302511454154,0.11431653684653466,31,0.5564516129032258,0.5252225519287834,0.6205357142857143,0.6015625,0.5527156549520766,0.57129760681396,0.03472451047841965,481,0.3854748603351955,0.10614525139664804,0.5251396648044693,0.42696629213483145,0.21348314606741572,0.331441842947712,0.1511529965874149,457,0.770949720670391,0.9943820224719101,0.7808988764044944,0.8603351955307262,0.9664804469273743,0.8746092524009793,0.09221335545539312,97,0.5892399658411615,0.5799475753604194,0.6471135940409684,0.6400665004156276,0.6044723969252271,0.6121680065166808,0.026916885738676895,481,0.5782122905027933,0.550263636934279,0.6530192706044818,0.6436507438327789,0.589981796497395,0.6030255476743457,0.0392923282499191,481,0.5435213551991349,0.5250729838829807,0.5938193395335662,0.5875734022659342,0.5509955959109151,0.5601965353585062,0.026368043501864447,481,0.5782122905027932,0.550263636934279,0.6530192706044818,0.6436507438327789,0.589981796497395,0.6030255476743457,0.03929232824991911,481
459,0.008666801452636718,0.005273475164533784,0.047092771530151366,0.0032218772385652766,log_loss,2,6,3,random,"{'criterion': 'log_loss', 'max_depth': 2, 'min_samples_leaf': 6, 'min_samples_split': 3, 'splitter': 'random'}",0.5782122905027933,0.5490196078431373,0.6526610644257703,0.6442577030812325,0.5910364145658263,0.6030374160837519,0.03959760861362818,481,0.6272727272727273,0.95,0.706766917293233,0.7524752475247525,0.8636363636363636,0.7800302511454154,0.11431653684653466,31,0.5564516129032258,0.5252225519287834,0.6205357142857143,0.6015625,0.5527156549520766,0.57129760681396,0.03472451047841965,481,0.3854748603351955,0.10614525139664804,0.5251396648044693,0.42696629213483145,0.21348314606741572,0.331441842947712,0.1511529965874149,457,0.770949720670391,0.9943820224719101,0.7808988764044944,0.8603351955307262,0.9664804469273743,0.8746092524009793,0.09221335545539312,97,0.5892399658411615,0.5799475753604194,0.6471135940409684,0.6400665004156276,0.6044723969252271,0.6121680065166808,0.026916885738676895,481,0.5782122905027933,0.550263636934279,0.6530192706044818,0.6436507438327789,0.589981796497395,0.6030255476743457,0.0392923282499191,481,0.5435213551991349,0.5250729838829807,0.5938193395335662,0.5875734022659342,0.5509955959109151,0.5601965353585062,0.026368043501864447,481,0.5782122905027932,0.550263636934279,0.6530192706044818,0.6436507438327789,0.589981796497395,0.6030255476743457,0.03929232824991911,481
461,0.005298757553100586,0.001886576695442028,0.05071868896484375,0.013106004188423528,log_loss,2,6,4,random,"{'criterion': 'log_loss', 'max_depth': 2, 'min_samples_leaf': 6, 'min_samples_split': 4, 'splitter': 'random'}",0.5782122905027933,0.5490196078431373,0.6526610644257703,0.6442577030812325,0.5910364145658263,0.6030374160837519,0.03959760861362818,481,0.6272727272727273,0.95,0.706766917293233,0.7524752475247525,0.8636363636363636,0.7800302511454154,0.11431653684653466,31,0.5564516129032258,0.5252225519287834,0.6205357142857143,0.6015625,0.5527156549520766,0.57129760681396,0.03472451047841965,481,0.3854748603351955,0.10614525139664804,0.5251396648044693,0.42696629213483145,0.21348314606741572,0.331441842947712,0.1511529965874149,457,0.770949720670391,0.9943820224719101,0.7808988764044944,0.8603351955307262,0.9664804469273743,0.8746092524009793,0.09221335545539312,97,0.5892399658411615,0.5799475753604194,0.6471135940409684,0.6400665004156276,0.6044723969252271,0.6121680065166808,0.026916885738676895,481,0.5782122905027933,0.550263636934279,0.6530192706044818,0.6436507438327789,0.589981796497395,0.6030255476743457,0.0392923282499191,481,0.5435213551991349,0.5250729838829807,0.5938193395335662,0.5875734022659342,0.5509955959109151,0.5601965353585062,0.026368043501864447,481,0.5782122905027932,0.550263636934279,0.6530192706044818,0.6436507438327789,0.589981796497395,0.6030255476743457,0.03929232824991911,481
463,0.009605169296264648,0.002046257042302841,0.04103212356567383,0.002814208532449775,log_loss,2,7,2,random,"{'criterion': 'log_loss', 'max_depth': 2, 'min_samples_leaf': 7, 'min_samples_split': 2, 'splitter': 'random'}",0.5782122905027933,0.5490196078431373,0.6526610644257703,0.6442577030812325,0.5910364145658263,0.6030374160837519,0.03959760861362818,481,0.6272727272727273,0.95,0.706766917293233,0.7524752475247525,0.8636363636363636,0.7800302511454154,0.11431653684653466,31,0.5564516129032258,0.5252225519287834,0.6205357142857143,0.6015625,0.5527156549520766,0.57129760681396,0.03472451047841965,481,0.3854748603351955,0.10614525139664804,0.5251396648044693,0.42696629213483145,0.21348314606741572,0.331441842947712,0.1511529965874149,457,0.770949720670391,0.9943820224719101,0.7808988764044944,0.8603351955307262,0.9664804469273743,0.8746092524009793,0.09221335545539312,97,0.5892399658411615,0.5799475753604194,0.6471135940409684,0.6400665004156276,0.6044723969252271,0.6121680065166808,0.026916885738676895,481,0.5782122905027933,0.550263636934279,0.6530192706044818,0.6436507438327789,0.589981796497395,0.6030255476743457,0.0392923282499191,481,0.5435213551991349,0.5250729838829807,0.5938193395335662,0.5875734022659342,0.5509955959109151,0.5601965353585062,0.026368043501864447,481,0.5782122905027932,0.550263636934279,0.6530192706044818,0.6436507438327789,0.589981796497395,0.6030255476743457,0.03929232824991911,481
465,0.0075130462646484375,0.0022916975736987414,0.03875179290771484,0.004285611450657377,log_loss,2,7,3,random,"{'criterion': 'log_loss', 'max_depth': 2, 'min_samples_leaf': 7, 'min_samples_split': 3, 'splitter': 'random'}",0.5782122905027933,0.5490196078431373,0.6526610644257703,0.6442577030812325,0.5910364145658263,0.6030374160837519,0.03959760861362818,481,0.6272727272727273,0.95,0.706766917293233,0.7524752475247525,0.8636363636363636,0.7800302511454154,0.11431653684653466,31,0.5564516129032258,0.5252225519287834,0.6205357142857143,0.6015625,0.5527156549520766,0.57129760681396,0.03472451047841965,481,0.3854748603351955,0.10614525139664804,0.5251396648044693,0.42696629213483145,0.21348314606741572,0.331441842947712,0.1511529965874149,457,0.770949720670391,0.9943820224719101,0.7808988764044944,0.8603351955307262,0.9664804469273743,0.8746092524009793,0.09221335545539312,97,0.5892399658411615,0.5799475753604194,0.6471135940409684,0.6400665004156276,0.6044723969252271,0.6121680065166808,0.026916885738676895,481,0.5782122905027933,0.550263636934279,0.6530192706044818,0.6436507438327789,0.589981796497395,0.6030255476743457,0.0392923282499191,481,0.5435213551991349,0.5250729838829807,0.5938193395335662,0.5875734022659342,0.5509955959109151,0.5601965353585062,0.026368043501864447,481,0.5782122905027932,0.550263636934279,0.6530192706044818,0.6436507438327789,0.589981796497395,0.6030255476743457,0.03929232824991911,481
267,0.010441923141479492,0.012456208449171207,0.05264883041381836,0.012837986631167943,entropy,2,6,3,random,"{'criterion': 'entropy', 'max_depth': 2, 'min_samples_leaf': 6, 'min_samples_split': 3, 'splitter': 'random'}",0.5782122905027933,0.5490196078431373,0.6526610644257703,0.6442577030812325,0.5910364145658263,0.6030374160837519,0.03959760861362818,481,0.6272727272727273,0.95,0.706766917293233,0.7524752475247525,0.8636363636363636,0.7800302511454154,0.11431653684653466,31,0.5564516129032258,0.5252225519287834,0.6205357142857143,0.6015625,0.5527156549520766,0.57129760681396,0.03472451047841965,481,0.3854748603351955,0.10614525139664804,0.5251396648044693,0.42696629213483145,0.21348314606741572,0.331441842947712,0.1511529965874149,457,0.770949720670391,0.9943820224719101,0.7808988764044944,0.8603351955307262,0.9664804469273743,0.8746092524009793,0.09221335545539312,97,0.5892399658411615,0.5799475753604194,0.6471135940409684,0.6400665004156276,0.6044723969252271,0.6121680065166808,0.026916885738676895,481,0.5782122905027933,0.550263636934279,0.6530192706044818,0.6436507438327789,0.589981796497395,0.6030255476743457,0.0392923282499191,481,0.5435213551991349,0.5250729838829807,0.5938193395335662,0.5875734022659342,0.5509955959109151,0.5601965353585062,0.026368043501864447,481,0.5782122905027932,0.550263636934279,0.6530192706044818,0.6436507438327789,0.589981796497395,0.6030255476743457,0.03929232824991911,481
467,0.005687904357910156,0.003983674381650401,0.05233078002929688,0.009272125804436314,log_loss,2,7,4,random,"{'criterion': 'log_loss', 'max_depth': 2, 'min_samples_leaf': 7, 'min_samples_split': 4, 'splitter': 'random'}",0.5782122905027933,0.5490196078431373,0.6526610644257703,0.6442577030812325,0.5910364145658263,0.6030374160837519,0.03959760861362818,481,0.6272727272727273,0.95,0.706766917293233,0.7524752475247525,0.8636363636363636,0.7800302511454154,0.11431653684653466,31,0.5564516129032258,0.5252225519287834,0.6205357142857143,0.6015625,0.5527156549520766,0.57129760681396,0.03472451047841965,481,0.3854748603351955,0.10614525139664804,0.5251396648044693,0.42696629213483145,0.21348314606741572,0.331441842947712,0.1511529965874149,457,0.770949720670391,0.9943820224719101,0.7808988764044944,0.8603351955307262,0.9664804469273743,0.8746092524009793,0.09221335545539312,97,0.5892399658411615,0.5799475753604194,0.6471135940409684,0.6400665004156276,0.6044723969252271,0.6121680065166808,0.026916885738676895,481,0.5782122905027933,0.550263636934279,0.6530192706044818,0.6436507438327789,0.589981796497395,0.6030255476743457,0.0392923282499191,481,0.5435213551991349,0.5250729838829807,0.5938193395335662,0.5875734022659342,0.5509955959109151,0.5601965353585062,0.026368043501864447,481,0.5782122905027932,0.550263636934279,0.6530192706044818,0.6436507438327789,0.589981796497395,0.6030255476743457,0.03929232824991911,481
475,0.009351015090942383,0.011937025961935088,0.04581642150878906,0.005174275241321208,log_loss,2,9,2,random,"{'criterion': 'log_loss', 'max_depth': 2, 'min_samples_leaf': 9, 'min_samples_split': 2, 'splitter': 'random'}",0.5782122905027933,0.5490196078431373,0.6526610644257703,0.6442577030812325,0.5910364145658263,0.6030374160837519,0.03959760861362818,481,0.6272727272727273,0.95,0.706766917293233,0.7524752475247525,0.8636363636363636,0.7800302511454154,0.11431653684653466,31,0.5564516129032258,0.5252225519287834,0.6205357142857143,0.6015625,0.5527156549520766,0.57129760681396,0.03472451047841965,481,0.3854748603351955,0.10614525139664804,0.5251396648044693,0.42696629213483145,0.21348314606741572,0.331441842947712,0.1511529965874149,457,0.770949720670391,0.9943820224719101,0.7808988764044944,0.8603351955307262,0.9664804469273743,0.8746092524009793,0.09221335545539312,97,0.5892399658411615,0.5799475753604194,0.6471135940409684,0.6400665004156276,0.6044723969252271,0.6121680065166808,0.026916885738676895,481,0.5782122905027933,0.550263636934279,0.6530192706044818,0.6436507438327789,0.589981796497395,0.6030255476743457,0.0392923282499191,481,0.5435213551991349,0.5250729838829807,0.5938193395335662,0.5875734022659342,0.5509955959109151,0.5601965353585062,0.026368043501864447,481,0.5782122905027932,0.550263636934279,0.6530192706044818,0.6436507438327789,0.589981796497395,0.6030255476743457,0.03929232824991911,481
469,0.003204965591430664,0.004127331351596568,0.053130578994750974,0.005660645365571648,log_loss,2,8,2,random,"{'criterion': 'log_loss', 'max_depth': 2, 'min_samples_leaf': 8, 'min_samples_split': 2, 'splitter': 'random'}",0.5782122905027933,0.5490196078431373,0.6526610644257703,0.6442577030812325,0.5910364145658263,0.6030374160837519,0.03959760861362818,481,0.6272727272727273,0.95,0.706766917293233,0.7524752475247525,0.8636363636363636,0.7800302511454154,0.11431653684653466,31,0.5564516129032258,0.5252225519287834,0.6205357142857143,0.6015625,0.5527156549520766,0.57129760681396,0.03472451047841965,481,0.3854748603351955,0.10614525139664804,0.5251396648044693,0.42696629213483145,0.21348314606741572,0.331441842947712,0.1511529965874149,457,0.770949720670391,0.9943820224719101,0.7808988764044944,0.8603351955307262,0.9664804469273743,0.8746092524009793,0.09221335545539312,97,0.5892399658411615,0.5799475753604194,0.6471135940409684,0.6400665004156276,0.6044723969252271,0.6121680065166808,0.026916885738676895,481,0.5782122905027933,0.550263636934279,0.6530192706044818,0.6436507438327789,0.589981796497395,0.6030255476743457,0.0392923282499191,481,0.5435213551991349,0.5250729838829807,0.5938193395335662,0.5875734022659342,0.5509955959109151,0.5601965353585062,0.026368043501864447,481,0.5782122905027932,0.550263636934279,0.6530192706044818,0.6436507438327789,0.589981796497395,0.6030255476743457,0.03929232824991911,481
477,0.006597566604614258,0.0019097121817417929,0.0661550521850586,0.011968700677046612,log_loss,2,9,3,random,"{'criterion': 'log_loss', 'max_depth': 2, 'min_samples_leaf': 9, 'min_samples_split': 3, 'splitter': 'random'}",0.5782122905027933,0.5490196078431373,0.6526610644257703,0.6442577030812325,0.5910364145658263,0.6030374160837519,0.03959760861362818,481,0.6272727272727273,0.95,0.706766917293233,0.7524752475247525,0.8636363636363636,0.7800302511454154,0.11431653684653466,31,0.5564516129032258,0.5252225519287834,0.6205357142857143,0.6015625,0.5527156549520766,0.57129760681396,0.03472451047841965,481,0.3854748603351955,0.10614525139664804,0.5251396648044693,0.42696629213483145,0.21348314606741572,0.331441842947712,0.1511529965874149,457,0.770949720670391,0.9943820224719101,0.7808988764044944,0.8603351955307262,0.9664804469273743,0.8746092524009793,0.09221335545539312,97,0.5892399658411615,0.5799475753604194,0.6471135940409684,0.6400665004156276,0.6044723969252271,0.6121680065166808,0.026916885738676895,481,0.5782122905027933,0.550263636934279,0.6530192706044818,0.6436507438327789,0.589981796497395,0.6030255476743457,0.0392923282499191,481,0.5435213551991349,0.5250729838829807,0.5938193395335662,0.5875734022659342,0.5509955959109151,0.5601965353585062,0.026368043501864447,481,0.5782122905027932,0.550263636934279,0.6530192706044818,0.6436507438327789,0.589981796497395,0.6030255476743457,0.03929232824991911,481
473,0.007088422775268555,0.0029150429680305802,0.05122208595275879,0.009188733649868849,log_loss,2,8,4,random,"{'criterion': 'log_loss', 'max_depth': 2, 'min_samples_leaf': 8, 'min_samples_split': 4, 'splitter': 'random'}",0.5782122905027933,0.5490196078431373,0.6526610644257703,0.6442577030812325,0.5910364145658263,0.6030374160837519,0.03959760861362818,481,0.6272727272727273,0.95,0.706766917293233,0.7524752475247525,0.8636363636363636,0.7800302511454154,0.11431653684653466,31,0.5564516129032258,0.5252225519287834,0.6205357142857143,0.6015625,0.5527156549520766,0.57129760681396,0.03472451047841965,481,0.3854748603351955,0.10614525139664804,0.5251396648044693,0.42696629213483145,0.21348314606741572,0.331441842947712,0.1511529965874149,457,0.770949720670391,0.9943820224719101,0.7808988764044944,0.8603351955307262,0.9664804469273743,0.8746092524009793,0.09221335545539312,97,0.5892399658411615,0.5799475753604194,0.6471135940409684,0.6400665004156276,0.6044723969252271,0.6121680065166808,0.026916885738676895,481,0.5782122905027933,0.550263636934279,0.6530192706044818,0.6436507438327789,0.589981796497395,0.6030255476743457,0.0392923282499191,481,0.5435213551991349,0.5250729838829807,0.5938193395335662,0.5875734022659342,0.5509955959109151,0.5601965353585062,0.026368043501864447,481,0.5782122905027932,0.550263636934279,0.6530192706044818,0.6436507438327789,0.589981796497395,0.6030255476743457,0.03929232824991911,481
471,0.006757974624633789,0.003492963329496064,0.05045485496520996,0.013013592050361535,log_loss,2,8,3,random,"{'criterion': 'log_loss', 'max_depth': 2, 'min_samples_leaf': 8, 'min_samples_split': 3, 'splitter': 'random'}",0.5782122905027933,0.5490196078431373,0.6526610644257703,0.6442577030812325,0.5910364145658263,0.6030374160837519,0.03959760861362818,481,0.6272727272727273,0.95,0.706766917293233,0.7524752475247525,0.8636363636363636,0.7800302511454154,0.11431653684653466,31,0.5564516129032258,0.5252225519287834,0.6205357142857143,0.6015625,0.5527156549520766,0.57129760681396,0.03472451047841965,481,0.3854748603351955,0.10614525139664804,0.5251396648044693,0.42696629213483145,0.21348314606741572,0.331441842947712,0.1511529965874149,457,0.770949720670391,0.9943820224719101,0.7808988764044944,0.8603351955307262,0.9664804469273743,0.8746092524009793,0.09221335545539312,97,0.5892399658411615,0.5799475753604194,0.6471135940409684,0.6400665004156276,0.6044723969252271,0.6121680065166808,0.026916885738676895,481,0.5782122905027933,0.550263636934279,0.6530192706044818,0.6436507438327789,0.589981796497395,0.6030255476743457,0.0392923282499191,481,0.5435213551991349,0.5250729838829807,0.5938193395335662,0.5875734022659342,0.5509955959109151,0.5601965353585062,0.026368043501864447,481,0.5782122905027932,0.550263636934279,0.6530192706044818,0.6436507438327789,0.589981796497395,0.6030255476743457,0.03929232824991911,481
19,0.006548738479614258,0.004228504846336275,0.044499874114990234,0.017266038955216386,gini,1,5,2,random,"{'criterion': 'gini', 'max_depth': 1, 'min_samples_leaf': 5, 'min_samples_split': 2, 'splitter': 'random'}",0.5083798882681564,0.5322128851540616,0.5154061624649859,0.5210084033613446,0.49859943977591037,0.5151213558048917,0.011360280921497275,505,0.5714285714285714,0.875,0.6,0.7058823529411765,0.0,0.5504621848739496,0.2950872493204877,553,0.5044510385756676,0.5161290322580645,0.5076452599388379,0.5117647058823529,0.5,0.5079980073309847,0.005603126335931025,505,0.0670391061452514,0.0782122905027933,0.1005586592178771,0.06741573033707865,0.0,0.06264515724060009,0.03360431564703829,505,0.9497206703910615,0.9887640449438202,0.9325842696629213,0.9720670391061452,0.994413407821229,0.9675098863850355,0.023377601552483897,49,0.5566470203012442,0.5706874189364461,0.5585464333781965,0.5653021442495126,0.5552089831565814,0.5612784000043962,0.005839028951593865,505,0.5083798882681564,0.5334881677233068,0.5165714644403991,0.5197413847216119,0.4972067039106145,0.5150775218128177,0.012059517338933741,505,0.5042272433400196,0.5159320705447819,0.5070354293660563,0.5114752046069825,0.5000078243587938,0.5077355544433267,0.005544079612140338,505,0.5083798882681565,0.5334881677233068,0.5165714644403991,0.5197413847216119,0.4972067039106145,0.5150775218128179,0.012059517338933727,505
17,0.004039764404296875,0.004947680793237405,0.04596071243286133,0.010655430817241627,gini,1,4,4,random,"{'criterion': 'gini', 'max_depth': 1, 'min_samples_leaf': 4, 'min_samples_split': 4, 'splitter': 'random'}",0.5083798882681564,0.5322128851540616,0.5154061624649859,0.5210084033613446,0.49859943977591037,0.5151213558048917,0.011360280921497275,505,0.5714285714285714,0.875,0.6,0.7058823529411765,0.0,0.5504621848739496,0.2950872493204877,553,0.5044510385756676,0.5161290322580645,0.5076452599388379,0.5117647058823529,0.5,0.5079980073309847,0.005603126335931025,505,0.0670391061452514,0.0782122905027933,0.1005586592178771,0.06741573033707865,0.0,0.06264515724060009,0.03360431564703829,505,0.9497206703910615,0.9887640449438202,0.9325842696629213,0.9720670391061452,0.994413407821229,0.9675098863850355,0.023377601552483897,49,0.5566470203012442,0.5706874189364461,0.5585464333781965,0.5653021442495126,0.5552089831565814,0.5612784000043962,0.005839028951593865,505,0.5083798882681564,0.5334881677233068,0.5165714644403991,0.5197413847216119,0.4972067039106145,0.5150775218128177,0.012059517338933741,505,0.5042272433400196,0.5159320705447819,0.5070354293660563,0.5114752046069825,0.5000078243587938,0.5077355544433267,0.005544079612140338,505,0.5083798882681565,0.5334881677233068,0.5165714644403991,0.5197413847216119,0.4972067039106145,0.5150775218128179,0.012059517338933727,505
7,0.002007579803466797,0.002458773068205294,0.04744596481323242,0.008243443494253076,gini,1,3,2,random,"{'criterion': 'gini', 'max_depth': 1, 'min_samples_leaf': 3, 'min_samples_split': 2, 'splitter': 'random'}",0.5083798882681564,0.5322128851540616,0.5154061624649859,0.5210084033613446,0.49859943977591037,0.5151213558048917,0.011360280921497275,505,0.5714285714285714,0.875,0.6,0.7058823529411765,0.0,0.5504621848739496,0.2950872493204877,553,0.5044510385756676,0.5161290322580645,0.5076452599388379,0.5117647058823529,0.5,0.5079980073309847,0.005603126335931025,505,0.0670391061452514,0.0782122905027933,0.1005586592178771,0.06741573033707865,0.0,0.06264515724060009,0.03360431564703829,505,0.9497206703910615,0.9887640449438202,0.9325842696629213,0.9720670391061452,0.994413407821229,0.9675098863850355,0.023377601552483897,49,0.5566470203012442,0.5706874189364461,0.5585464333781965,0.5653021442495126,0.5552089831565814,0.5612784000043962,0.005839028951593865,505,0.5083798882681564,0.5334881677233068,0.5165714644403991,0.5197413847216119,0.4972067039106145,0.5150775218128177,0.012059517338933741,505,0.5042272433400196,0.5159320705447819,0.5070354293660563,0.5114752046069825,0.5000078243587938,0.5077355544433267,0.005544079612140338,505,0.5083798882681565,0.5334881677233068,0.5165714644403991,0.5197413847216119,0.4972067039106145,0.5150775218128179,0.012059517338933727,505
41,0.006783723831176758,0.0035522014040671583,0.039539527893066403,0.0037835887243922468,gini,1,8,4,random,"{'criterion': 'gini', 'max_depth': 1, 'min_samples_leaf': 8, 'min_samples_split': 4, 'splitter': 'random'}",0.5083798882681564,0.5322128851540616,0.5154061624649859,0.5210084033613446,0.49859943977591037,0.5151213558048917,0.011360280921497275,505,0.5714285714285714,0.875,0.6,0.7058823529411765,0.0,0.5504621848739496,0.2950872493204877,553,0.5044510385756676,0.5161290322580645,0.5076452599388379,0.5117647058823529,0.5,0.5079980073309847,0.005603126335931025,505,0.0670391061452514,0.0782122905027933,0.1005586592178771,0.06741573033707865,0.0,0.06264515724060009,0.03360431564703829,505,0.9497206703910615,0.9887640449438202,0.9325842696629213,0.9720670391061452,0.994413407821229,0.9675098863850355,0.023377601552483897,49,0.5566470203012442,0.5706874189364461,0.5585464333781965,0.5653021442495126,0.5552089831565814,0.5612784000043962,0.005839028951593865,505,0.5083798882681564,0.5334881677233068,0.5165714644403991,0.5197413847216119,0.4972067039106145,0.5150775218128177,0.012059517338933741,505,0.5042272433400196,0.5159320705447819,0.5070354293660563,0.5114752046069825,0.5000078243587938,0.5077355544433267,0.005544079612140338,505,0.5083798882681565,0.5334881677233068,0.5165714644403991,0.5197413847216119,0.4972067039106145,0.5150775218128179,0.012059517338933727,505
43,0.005977725982666016,0.0034605854425369116,0.04227533340454102,0.00356361824070007,gini,1,9,2,random,"{'criterion': 'gini', 'max_depth': 1, 'min_samples_leaf': 9, 'min_samples_split': 2, 'splitter': 'random'}",0.5083798882681564,0.5322128851540616,0.5154061624649859,0.5210084033613446,0.49859943977591037,0.5151213558048917,0.011360280921497275,505,0.5714285714285714,0.875,0.6,0.7058823529411765,0.0,0.5504621848739496,0.2950872493204877,553,0.5044510385756676,0.5161290322580645,0.5076452599388379,0.5117647058823529,0.5,0.5079980073309847,0.005603126335931025,505,0.0670391061452514,0.0782122905027933,0.1005586592178771,0.06741573033707865,0.0,0.06264515724060009,0.03360431564703829,505,0.9497206703910615,0.9887640449438202,0.9325842696629213,0.9720670391061452,0.994413407821229,0.9675098863850355,0.023377601552483897,49,0.5566470203012442,0.5706874189364461,0.5585464333781965,0.5653021442495126,0.5552089831565814,0.5612784000043962,0.005839028951593865,505,0.5083798882681564,0.5334881677233068,0.5165714644403991,0.5197413847216119,0.4972067039106145,0.5150775218128177,0.012059517338933741,505,0.5042272433400196,0.5159320705447819,0.5070354293660563,0.5114752046069825,0.5000078243587938,0.5077355544433267,0.005544079612140338,505,0.5083798882681565,0.5334881677233068,0.5165714644403991,0.5197413847216119,0.4972067039106145,0.5150775218128179,0.012059517338933727,505
3,0.008333110809326172,0.0075291417866564835,0.051392745971679685,0.020521275220265752,gini,1,2,3,random,"{'criterion': 'gini', 'max_depth': 1, 'min_samples_leaf': 2, 'min_samples_split': 3, 'splitter': 'random'}",0.5083798882681564,0.5322128851540616,0.5154061624649859,0.5210084033613446,0.49859943977591037,0.5151213558048917,0.011360280921497275,505,0.5714285714285714,0.875,0.6,0.7058823529411765,0.0,0.5504621848739496,0.2950872493204877,553,0.5044510385756676,0.5161290322580645,0.5076452599388379,0.5117647058823529,0.5,0.5079980073309847,0.005603126335931025,505,0.0670391061452514,0.0782122905027933,0.1005586592178771,0.06741573033707865,0.0,0.06264515724060009,0.03360431564703829,505,0.9497206703910615,0.9887640449438202,0.9325842696629213,0.9720670391061452,0.994413407821229,0.9675098863850355,0.023377601552483897,49,0.5566470203012442,0.5706874189364461,0.5585464333781965,0.5653021442495126,0.5552089831565814,0.5612784000043962,0.005839028951593865,505,0.5083798882681564,0.5334881677233068,0.5165714644403991,0.5197413847216119,0.4972067039106145,0.5150775218128177,0.012059517338933741,505,0.5042272433400196,0.5159320705447819,0.5070354293660563,0.5114752046069825,0.5000078243587938,0.5077355544433267,0.005544079612140338,505,0.5083798882681565,0.5334881677233068,0.5165714644403991,0.5197413847216119,0.4972067039106145,0.5150775218128179,0.012059517338933727,505
45,0.004129219055175781,0.0023095254367681644,0.04439692497253418,0.004476546211145036,gini,1,9,3,random,"{'criterion': 'gini', 'max_depth': 1, 'min_samples_leaf': 9, 'min_samples_split': 3, 'splitter': 'random'}",0.5083798882681564,0.5322128851540616,0.5154061624649859,0.5210084033613446,0.49859943977591037,0.5151213558048917,0.011360280921497275,505,0.5714285714285714,0.875,0.6,0.7058823529411765,0.0,0.5504621848739496,0.2950872493204877,553,0.5044510385756676,0.5161290322580645,0.5076452599388379,0.5117647058823529,0.5,0.5079980073309847,0.005603126335931025,505,0.0670391061452514,0.0782122905027933,0.1005586592178771,0.06741573033707865,0.0,0.06264515724060009,0.03360431564703829,505,0.9497206703910615,0.9887640449438202,0.9325842696629213,0.9720670391061452,0.994413407821229,0.9675098863850355,0.023377601552483897,49,0.5566470203012442,0.5706874189364461,0.5585464333781965,0.5653021442495126,0.5552089831565814,0.5612784000043962,0.005839028951593865,505,0.5083798882681564,0.5334881677233068,0.5165714644403991,0.5197413847216119,0.4972067039106145,0.5150775218128177,0.012059517338933741,505,0.5042272433400196,0.5159320705447819,0.5070354293660563,0.5114752046069825,0.5000078243587938,0.5077355544433267,0.005544079612140338,505,0.5083798882681565,0.5334881677233068,0.5165714644403991,0.5197413847216119,0.4972067039106145,0.5150775218128179,0.012059517338933727,505
1,0.00683126449584961,0.005929833742683542,0.03894915580749512,0.009414151969841028,gini,1,2,2,random,"{'criterion': 'gini', 'max_depth': 1, 'min_samples_leaf': 2, 'min_samples_split': 2, 'splitter': 'random'}",0.5083798882681564,0.5322128851540616,0.5154061624649859,0.5210084033613446,0.49859943977591037,0.5151213558048917,0.011360280921497275,505,0.5714285714285714,0.875,0.6,0.7058823529411765,0.0,0.5504621848739496,0.2950872493204877,553,0.5044510385756676,0.5161290322580645,0.5076452599388379,0.5117647058823529,0.5,0.5079980073309847,0.005603126335931025,505,0.0670391061452514,0.0782122905027933,0.1005586592178771,0.06741573033707865,0.0,0.06264515724060009,0.03360431564703829,505,0.9497206703910615,0.9887640449438202,0.9325842696629213,0.9720670391061452,0.994413407821229,0.9675098863850355,0.023377601552483897,49,0.5566470203012442,0.5706874189364461,0.5585464333781965,0.5653021442495126,0.5552089831565814,0.5612784000043962,0.005839028951593865,505,0.5083798882681564,0.5334881677233068,0.5165714644403991,0.5197413847216119,0.4972067039106145,0.5150775218128177,0.012059517338933741,505,0.5042272433400196,0.5159320705447819,0.5070354293660563,0.5114752046069825,0.5000078243587938,0.5077355544433267,0.005544079612140338,505,0.5083798882681565,0.5334881677233068,0.5165714644403991,0.5197413847216119,0.4972067039106145,0.5150775218128179,0.012059517338933727,505
47,0.013327312469482423,0.004983287378574613,0.03894023895263672,0.005597178421348445,gini,1,9,4,random,"{'criterion': 'gini', 'max_depth': 1, 'min_samples_leaf': 9, 'min_samples_split': 4, 'splitter': 'random'}",0.5083798882681564,0.5322128851540616,0.5154061624649859,0.5210084033613446,0.49859943977591037,0.5151213558048917,0.011360280921497275,505,0.5714285714285714,0.875,0.6,0.7058823529411765,0.0,0.5504621848739496,0.2950872493204877,553,0.5044510385756676,0.5161290322580645,0.5076452599388379,0.5117647058823529,0.5,0.5079980073309847,0.005603126335931025,505,0.0670391061452514,0.0782122905027933,0.1005586592178771,0.06741573033707865,0.0,0.06264515724060009,0.03360431564703829,505,0.9497206703910615,0.9887640449438202,0.9325842696629213,0.9720670391061452,0.994413407821229,0.9675098863850355,0.023377601552483897,49,0.5566470203012442,0.5706874189364461,0.5585464333781965,0.5653021442495126,0.5552089831565814,0.5612784000043962,0.005839028951593865,505,0.5083798882681564,0.5334881677233068,0.5165714644403991,0.5197413847216119,0.4972067039106145,0.5150775218128177,0.012059517338933741,505,0.5042272433400196,0.5159320705447819,0.5070354293660563,0.5114752046069825,0.5000078243587938,0.5077355544433267,0.005544079612140338,505,0.5083798882681565,0.5334881677233068,0.5165714644403991,0.5197413847216119,0.4972067039106145,0.5150775218128179,0.012059517338933727,505
5,0.008523845672607422,0.0035338033487122174,0.03952779769897461,0.00911311090669357,gini,1,2,4,random,"{'criterion': 'gini', 'max_depth': 1, 'min_samples_leaf': 2, 'min_samples_split': 4, 'splitter': 'random'}",0.5083798882681564,0.5322128851540616,0.5154061624649859,0.5210084033613446,0.49859943977591037,0.5151213558048917,0.011360280921497275,505,0.5714285714285714,0.875,0.6,0.7058823529411765,0.0,0.5504621848739496,0.2950872493204877,553,0.5044510385756676,0.5161290322580645,0.5076452599388379,0.5117647058823529,0.5,0.5079980073309847,0.005603126335931025,505,0.0670391061452514,0.0782122905027933,0.1005586592178771,0.06741573033707865,0.0,0.06264515724060009,0.03360431564703829,505,0.9497206703910615,0.9887640449438202,0.9325842696629213,0.9720670391061452,0.994413407821229,0.9675098863850355,0.023377601552483897,49,0.5566470203012442,0.5706874189364461,0.5585464333781965,0.5653021442495126,0.5552089831565814,0.5612784000043962,0.005839028951593865,505,0.5083798882681564,0.5334881677233068,0.5165714644403991,0.5197413847216119,0.4972067039106145,0.5150775218128177,0.012059517338933741,505,0.5042272433400196,0.5159320705447819,0.5070354293660563,0.5114752046069825,0.5000078243587938,0.5077355544433267,0.005544079612140338,505,0.5083798882681565,0.5334881677233068,0.5165714644403991,0.5197413847216119,0.4972067039106145,0.5150775218128179,0.012059517338933727,505
37,0.007521963119506836,0.005171977793987588,0.05042767524719238,0.023487282975716835,gini,1,8,2,random,"{'criterion': 'gini', 'max_depth': 1, 'min_samples_leaf': 8, 'min_samples_split': 2, 'splitter': 'random'}",0.5083798882681564,0.5322128851540616,0.5154061624649859,0.5210084033613446,0.49859943977591037,0.5151213558048917,0.011360280921497275,505,0.5714285714285714,0.875,0.6,0.7058823529411765,0.0,0.5504621848739496,0.2950872493204877,553,0.5044510385756676,0.5161290322580645,0.5076452599388379,0.5117647058823529,0.5,0.5079980073309847,0.005603126335931025,505,0.0670391061452514,0.0782122905027933,0.1005586592178771,0.06741573033707865,0.0,0.06264515724060009,0.03360431564703829,505,0.9497206703910615,0.9887640449438202,0.9325842696629213,0.9720670391061452,0.994413407821229,0.9675098863850355,0.023377601552483897,49,0.5566470203012442,0.5706874189364461,0.5585464333781965,0.5653021442495126,0.5552089831565814,0.5612784000043962,0.005839028951593865,505,0.5083798882681564,0.5334881677233068,0.5165714644403991,0.5197413847216119,0.4972067039106145,0.5150775218128177,0.012059517338933741,505,0.5042272433400196,0.5159320705447819,0.5070354293660563,0.5114752046069825,0.5000078243587938,0.5077355544433267,0.005544079612140338,505,0.5083798882681565,0.5334881677233068,0.5165714644403991,0.5197413847216119,0.4972067039106145,0.5150775218128179,0.012059517338933727,505
39,0.015245819091796875,0.011588324464597528,0.039340782165527347,0.005817953994125099,gini,1,8,3,random,"{'criterion': 'gini', 'max_depth': 1, 'min_samples_leaf': 8, 'min_samples_split': 3, 'splitter': 'random'}",0.5083798882681564,0.5322128851540616,0.5154061624649859,0.5210084033613446,0.49859943977591037,0.5151213558048917,0.011360280921497275,505,0.5714285714285714,0.875,0.6,0.7058823529411765,0.0,0.5504621848739496,0.2950872493204877,553,0.5044510385756676,0.5161290322580645,0.5076452599388379,0.5117647058823529,0.5,0.5079980073309847,0.005603126335931025,505,0.0670391061452514,0.0782122905027933,0.1005586592178771,0.06741573033707865,0.0,0.06264515724060009,0.03360431564703829,505,0.9497206703910615,0.9887640449438202,0.9325842696629213,0.9720670391061452,0.994413407821229,0.9675098863850355,0.023377601552483897,49,0.5566470203012442,0.5706874189364461,0.5585464333781965,0.5653021442495126,0.5552089831565814,0.5612784000043962,0.005839028951593865,505,0.5083798882681564,0.5334881677233068,0.5165714644403991,0.5197413847216119,0.4972067039106145,0.5150775218128177,0.012059517338933741,505,0.5042272433400196,0.5159320705447819,0.5070354293660563,0.5114752046069825,0.5000078243587938,0.5077355544433267,0.005544079612140338,505,0.5083798882681565,0.5334881677233068,0.5165714644403991,0.5197413847216119,0.4972067039106145,0.5150775218128179,0.012059517338933727,505
35,0.01265401840209961,0.010499854838128727,0.05273313522338867,0.015897451020921965,gini,1,7,4,random,"{'criterion': 'gini', 'max_depth': 1, 'min_samples_leaf': 7, 'min_samples_split': 4, 'splitter': 'random'}",0.5083798882681564,0.5322128851540616,0.5154061624649859,0.5210084033613446,0.49859943977591037,0.5151213558048917,0.011360280921497275,505,0.5714285714285714,0.875,0.6,0.7058823529411765,0.0,0.5504621848739496,0.2950872493204877,553,0.5044510385756676,0.5161290322580645,0.5076452599388379,0.5117647058823529,0.5,0.5079980073309847,0.005603126335931025,505,0.0670391061452514,0.0782122905027933,0.1005586592178771,0.06741573033707865,0.0,0.06264515724060009,0.03360431564703829,505,0.9497206703910615,0.9887640449438202,0.9325842696629213,0.9720670391061452,0.994413407821229,0.9675098863850355,0.023377601552483897,49,0.5566470203012442,0.5706874189364461,0.5585464333781965,0.5653021442495126,0.5552089831565814,0.5612784000043962,0.005839028951593865,505,0.5083798882681564,0.5334881677233068,0.5165714644403991,0.5197413847216119,0.4972067039106145,0.5150775218128177,0.012059517338933741,505,0.5042272433400196,0.5159320705447819,0.5070354293660563,0.5114752046069825,0.5000078243587938,0.5077355544433267,0.005544079612140338,505,0.5083798882681565,0.5334881677233068,0.5165714644403991,0.5197413847216119,0.4972067039106145,0.5150775218128179,0.012059517338933727,505
9,0.008461713790893555,0.005143671715553003,0.040347623825073245,0.008542728232170553,gini,1,3,3,random,"{'criterion': 'gini', 'max_depth': 1, 'min_samples_leaf': 3, 'min_samples_split': 3, 'splitter': 'random'}",0.5083798882681564,0.5322128851540616,0.5154061624649859,0.5210084033613446,0.49859943977591037,0.5151213558048917,0.011360280921497275,505,0.5714285714285714,0.875,0.6,0.7058823529411765,0.0,0.5504621848739496,0.2950872493204877,553,0.5044510385756676,0.5161290322580645,0.5076452599388379,0.5117647058823529,0.5,0.5079980073309847,0.005603126335931025,505,0.0670391061452514,0.0782122905027933,0.1005586592178771,0.06741573033707865,0.0,0.06264515724060009,0.03360431564703829,505,0.9497206703910615,0.9887640449438202,0.9325842696629213,0.9720670391061452,0.994413407821229,0.9675098863850355,0.023377601552483897,49,0.5566470203012442,0.5706874189364461,0.5585464333781965,0.5653021442495126,0.5552089831565814,0.5612784000043962,0.005839028951593865,505,0.5083798882681564,0.5334881677233068,0.5165714644403991,0.5197413847216119,0.4972067039106145,0.5150775218128177,0.012059517338933741,505,0.5042272433400196,0.5159320705447819,0.5070354293660563,0.5114752046069825,0.5000078243587938,0.5077355544433267,0.005544079612140338,505,0.5083798882681565,0.5334881677233068,0.5165714644403991,0.5197413847216119,0.4972067039106145,0.5150775218128179,0.012059517338933727,505
15,0.012130165100097656,0.010797972068060917,0.04404296875,0.0028034299794390165,gini,1,4,3,random,"{'criterion': 'gini', 'max_depth': 1, 'min_samples_leaf': 4, 'min_samples_split': 3, 'splitter': 'random'}",0.5083798882681564,0.5322128851540616,0.5154061624649859,0.5210084033613446,0.49859943977591037,0.5151213558048917,0.011360280921497275,505,0.5714285714285714,0.875,0.6,0.7058823529411765,0.0,0.5504621848739496,0.2950872493204877,553,0.5044510385756676,0.5161290322580645,0.5076452599388379,0.5117647058823529,0.5,0.5079980073309847,0.005603126335931025,505,0.0670391061452514,0.0782122905027933,0.1005586592178771,0.06741573033707865,0.0,0.06264515724060009,0.03360431564703829,505,0.9497206703910615,0.9887640449438202,0.9325842696629213,0.9720670391061452,0.994413407821229,0.9675098863850355,0.023377601552483897,49,0.5566470203012442,0.5706874189364461,0.5585464333781965,0.5653021442495126,0.5552089831565814,0.5612784000043962,0.005839028951593865,505,0.5083798882681564,0.5334881677233068,0.5165714644403991,0.5197413847216119,0.4972067039106145,0.5150775218128177,0.012059517338933741,505,0.5042272433400196,0.5159320705447819,0.5070354293660563,0.5114752046069825,0.5000078243587938,0.5077355544433267,0.005544079612140338,505,0.5083798882681565,0.5334881677233068,0.5165714644403991,0.5197413847216119,0.4972067039106145,0.5150775218128179,0.012059517338933727,505
23,0.006734085083007812,0.0025132308172241945,0.054992389678955075,0.01472347501335019,gini,1,5,4,random,"{'criterion': 'gini', 'max_depth': 1, 'min_samples_leaf': 5, 'min_samples_split': 4, 'splitter': 'random'}",0.5083798882681564,0.5322128851540616,0.5154061624649859,0.5210084033613446,0.49859943977591037,0.5151213558048917,0.011360280921497275,505,0.5714285714285714,0.875,0.6,0.7058823529411765,0.0,0.5504621848739496,0.2950872493204877,553,0.5044510385756676,0.5161290322580645,0.5076452599388379,0.5117647058823529,0.5,0.5079980073309847,0.005603126335931025,505,0.0670391061452514,0.0782122905027933,0.1005586592178771,0.06741573033707865,0.0,0.06264515724060009,0.03360431564703829,505,0.9497206703910615,0.9887640449438202,0.9325842696629213,0.9720670391061452,0.994413407821229,0.9675098863850355,0.023377601552483897,49,0.5566470203012442,0.5706874189364461,0.5585464333781965,0.5653021442495126,0.5552089831565814,0.5612784000043962,0.005839028951593865,505,0.5083798882681564,0.5334881677233068,0.5165714644403991,0.5197413847216119,0.4972067039106145,0.5150775218128177,0.012059517338933741,505,0.5042272433400196,0.5159320705447819,0.5070354293660563,0.5114752046069825,0.5000078243587938,0.5077355544433267,0.005544079612140338,505,0.5083798882681565,0.5334881677233068,0.5165714644403991,0.5197413847216119,0.4972067039106145,0.5150775218128179,0.012059517338933727,505
25,0.011514949798583984,0.010521602192793078,0.09726276397705078,0.0317864738758246,gini,1,6,2,random,"{'criterion': 'gini', 'max_depth': 1, 'min_samples_leaf': 6, 'min_samples_split': 2, 'splitter': 'random'}",0.5083798882681564,0.5322128851540616,0.5154061624649859,0.5210084033613446,0.49859943977591037,0.5151213558048917,0.011360280921497275,505,0.5714285714285714,0.875,0.6,0.7058823529411765,0.0,0.5504621848739496,0.2950872493204877,553,0.5044510385756676,0.5161290322580645,0.5076452599388379,0.5117647058823529,0.5,0.5079980073309847,0.005603126335931025,505,0.0670391061452514,0.0782122905027933,0.1005586592178771,0.06741573033707865,0.0,0.06264515724060009,0.03360431564703829,505,0.9497206703910615,0.9887640449438202,0.9325842696629213,0.9720670391061452,0.994413407821229,0.9675098863850355,0.023377601552483897,49,0.5566470203012442,0.5706874189364461,0.5585464333781965,0.5653021442495126,0.5552089831565814,0.5612784000043962,0.005839028951593865,505,0.5083798882681564,0.5334881677233068,0.5165714644403991,0.5197413847216119,0.4972067039106145,0.5150775218128177,0.012059517338933741,505,0.5042272433400196,0.5159320705447819,0.5070354293660563,0.5114752046069825,0.5000078243587938,0.5077355544433267,0.005544079612140338,505,0.5083798882681565,0.5334881677233068,0.5165714644403991,0.5197413847216119,0.4972067039106145,0.5150775218128179,0.012059517338933727,505
13,0.012043428421020509,0.009373469145710413,0.0476280689239502,0.007243910896167042,gini,1,4,2,random,"{'criterion': 'gini', 'max_depth': 1, 'min_samples_leaf': 4, 'min_samples_split': 2, 'splitter': 'random'}",0.5083798882681564,0.5322128851540616,0.5154061624649859,0.5210084033613446,0.49859943977591037,0.5151213558048917,0.011360280921497275,505,0.5714285714285714,0.875,0.6,0.7058823529411765,0.0,0.5504621848739496,0.2950872493204877,553,0.5044510385756676,0.5161290322580645,0.5076452599388379,0.5117647058823529,0.5,0.5079980073309847,0.005603126335931025,505,0.0670391061452514,0.0782122905027933,0.1005586592178771,0.06741573033707865,0.0,0.06264515724060009,0.03360431564703829,505,0.9497206703910615,0.9887640449438202,0.9325842696629213,0.9720670391061452,0.994413407821229,0.9675098863850355,0.023377601552483897,49,0.5566470203012442,0.5706874189364461,0.5585464333781965,0.5653021442495126,0.5552089831565814,0.5612784000043962,0.005839028951593865,505,0.5083798882681564,0.5334881677233068,0.5165714644403991,0.5197413847216119,0.4972067039106145,0.5150775218128177,0.012059517338933741,505,0.5042272433400196,0.5159320705447819,0.5070354293660563,0.5114752046069825,0.5000078243587938,0.5077355544433267,0.005544079612140338,505,0.5083798882681565,0.5334881677233068,0.5165714644403991,0.5197413847216119,0.4972067039106145,0.5150775218128179,0.012059517338933727,505
21,0.006364059448242187,0.004967103272407155,0.07019882202148438,0.04153352683789522,gini,1,5,3,random,"{'criterion': 'gini', 'max_depth': 1, 'min_samples_leaf': 5, 'min_samples_split': 3, 'splitter': 'random'}",0.5083798882681564,0.5322128851540616,0.5154061624649859,0.5210084033613446,0.49859943977591037,0.5151213558048917,0.011360280921497275,505,0.5714285714285714,0.875,0.6,0.7058823529411765,0.0,0.5504621848739496,0.2950872493204877,553,0.5044510385756676,0.5161290322580645,0.5076452599388379,0.5117647058823529,0.5,0.5079980073309847,0.005603126335931025,505,0.0670391061452514,0.0782122905027933,0.1005586592178771,0.06741573033707865,0.0,0.06264515724060009,0.03360431564703829,505,0.9497206703910615,0.9887640449438202,0.9325842696629213,0.9720670391061452,0.994413407821229,0.9675098863850355,0.023377601552483897,49,0.5566470203012442,0.5706874189364461,0.5585464333781965,0.5653021442495126,0.5552089831565814,0.5612784000043962,0.005839028951593865,505,0.5083798882681564,0.5334881677233068,0.5165714644403991,0.5197413847216119,0.4972067039106145,0.5150775218128177,0.012059517338933741,505,0.5042272433400196,0.5159320705447819,0.5070354293660563,0.5114752046069825,0.5000078243587938,0.5077355544433267,0.005544079612140338,505,0.5083798882681565,0.5334881677233068,0.5165714644403991,0.5197413847216119,0.4972067039106145,0.5150775218128179,0.012059517338933727,505
29,0.012572860717773438,0.007678243333360083,0.05352783203125,0.010763194446685838,gini,1,6,4,random,"{'criterion': 'gini', 'max_depth': 1, 'min_samples_leaf': 6, 'min_samples_split': 4, 'splitter': 'random'}",0.5083798882681564,0.5322128851540616,0.5154061624649859,0.5210084033613446,0.49859943977591037,0.5151213558048917,0.011360280921497275,505,0.5714285714285714,0.875,0.6,0.7058823529411765,0.0,0.5504621848739496,0.2950872493204877,553,0.5044510385756676,0.5161290322580645,0.5076452599388379,0.5117647058823529,0.5,0.5079980073309847,0.005603126335931025,505,0.0670391061452514,0.0782122905027933,0.1005586592178771,0.06741573033707865,0.0,0.06264515724060009,0.03360431564703829,505,0.9497206703910615,0.9887640449438202,0.9325842696629213,0.9720670391061452,0.994413407821229,0.9675098863850355,0.023377601552483897,49,0.5566470203012442,0.5706874189364461,0.5585464333781965,0.5653021442495126,0.5552089831565814,0.5612784000043962,0.005839028951593865,505,0.5083798882681564,0.5334881677233068,0.5165714644403991,0.5197413847216119,0.4972067039106145,0.5150775218128177,0.012059517338933741,505,0.5042272433400196,0.5159320705447819,0.5070354293660563,0.5114752046069825,0.5000078243587938,0.5077355544433267,0.005544079612140338,505,0.5083798882681565,0.5334881677233068,0.5165714644403991,0.5197413847216119,0.4972067039106145,0.5150775218128179,0.012059517338933727,505
31,0.005805206298828125,0.002525382690541284,0.04381871223449707,0.003829048543630399,gini,1,7,2,random,"{'criterion': 'gini', 'max_depth': 1, 'min_samples_leaf': 7, 'min_samples_split': 2, 'splitter': 'random'}",0.5083798882681564,0.5322128851540616,0.5154061624649859,0.5210084033613446,0.49859943977591037,0.5151213558048917,0.011360280921497275,505,0.5714285714285714,0.875,0.6,0.7058823529411765,0.0,0.5504621848739496,0.2950872493204877,553,0.5044510385756676,0.5161290322580645,0.5076452599388379,0.5117647058823529,0.5,0.5079980073309847,0.005603126335931025,505,0.0670391061452514,0.0782122905027933,0.1005586592178771,0.06741573033707865,0.0,0.06264515724060009,0.03360431564703829,505,0.9497206703910615,0.9887640449438202,0.9325842696629213,0.9720670391061452,0.994413407821229,0.9675098863850355,0.023377601552483897,49,0.5566470203012442,0.5706874189364461,0.5585464333781965,0.5653021442495126,0.5552089831565814,0.5612784000043962,0.005839028951593865,505,0.5083798882681564,0.5334881677233068,0.5165714644403991,0.5197413847216119,0.4972067039106145,0.5150775218128177,0.012059517338933741,505,0.5042272433400196,0.5159320705447819,0.5070354293660563,0.5114752046069825,0.5000078243587938,0.5077355544433267,0.005544079612140338,505,0.5083798882681565,0.5334881677233068,0.5165714644403991,0.5197413847216119,0.4972067039106145,0.5150775218128179,0.012059517338933727,505
11,0.009878110885620118,0.006070921120191321,0.04796414375305176,0.006094031272880873,gini,1,3,4,random,"{'criterion': 'gini', 'max_depth': 1, 'min_samples_leaf': 3, 'min_samples_split': 4, 'splitter': 'random'}",0.5083798882681564,0.5322128851540616,0.5154061624649859,0.5210084033613446,0.49859943977591037,0.5151213558048917,0.011360280921497275,505,0.5714285714285714,0.875,0.6,0.7058823529411765,0.0,0.5504621848739496,0.2950872493204877,553,0.5044510385756676,0.5161290322580645,0.5076452599388379,0.5117647058823529,0.5,0.5079980073309847,0.005603126335931025,505,0.0670391061452514,0.0782122905027933,0.1005586592178771,0.06741573033707865,0.0,0.06264515724060009,0.03360431564703829,505,0.9497206703910615,0.9887640449438202,0.9325842696629213,0.9720670391061452,0.994413407821229,0.9675098863850355,0.023377601552483897,49,0.5566470203012442,0.5706874189364461,0.5585464333781965,0.5653021442495126,0.5552089831565814,0.5612784000043962,0.005839028951593865,505,0.5083798882681564,0.5334881677233068,0.5165714644403991,0.5197413847216119,0.4972067039106145,0.5150775218128177,0.012059517338933741,505,0.5042272433400196,0.5159320705447819,0.5070354293660563,0.5114752046069825,0.5000078243587938,0.5077355544433267,0.005544079612140338,505,0.5083798882681565,0.5334881677233068,0.5165714644403991,0.5197413847216119,0.4972067039106145,0.5150775218128179,0.012059517338933727,505
33,0.015555191040039062,0.010158191464171054,0.05079665184020996,0.01597663263354227,gini,1,7,3,random,"{'criterion': 'gini', 'max_depth': 1, 'min_samples_leaf': 7, 'min_samples_split': 3, 'splitter': 'random'}",0.5083798882681564,0.5322128851540616,0.5154061624649859,0.5210084033613446,0.49859943977591037,0.5151213558048917,0.011360280921497275,505,0.5714285714285714,0.875,0.6,0.7058823529411765,0.0,0.5504621848739496,0.2950872493204877,553,0.5044510385756676,0.5161290322580645,0.5076452599388379,0.5117647058823529,0.5,0.5079980073309847,0.005603126335931025,505,0.0670391061452514,0.0782122905027933,0.1005586592178771,0.06741573033707865,0.0,0.06264515724060009,0.03360431564703829,505,0.9497206703910615,0.9887640449438202,0.9325842696629213,0.9720670391061452,0.994413407821229,0.9675098863850355,0.023377601552483897,49,0.5566470203012442,0.5706874189364461,0.5585464333781965,0.5653021442495126,0.5552089831565814,0.5612784000043962,0.005839028951593865,505,0.5083798882681564,0.5334881677233068,0.5165714644403991,0.5197413847216119,0.4972067039106145,0.5150775218128177,0.012059517338933741,505,0.5042272433400196,0.5159320705447819,0.5070354293660563,0.5114752046069825,0.5000078243587938,0.5077355544433267,0.005544079612140338,505,0.5083798882681565,0.5334881677233068,0.5165714644403991,0.5197413847216119,0.4972067039106145,0.5150775218128179,0.012059517338933727,505
27,0.00647282600402832,0.003310160367360342,0.06257591247558594,0.021076578106487324,gini,1,6,3,random,"{'criterion': 'gini', 'max_depth': 1, 'min_samples_leaf': 6, 'min_samples_split': 3, 'splitter': 'random'}",0.5083798882681564,0.5322128851540616,0.5154061624649859,0.5210084033613446,0.49859943977591037,0.5151213558048917,0.011360280921497275,505,0.5714285714285714,0.875,0.6,0.7058823529411765,0.0,0.5504621848739496,0.2950872493204877,553,0.5044510385756676,0.5161290322580645,0.5076452599388379,0.5117647058823529,0.5,0.5079980073309847,0.005603126335931025,505,0.0670391061452514,0.0782122905027933,0.1005586592178771,0.06741573033707865,0.0,0.06264515724060009,0.03360431564703829,505,0.9497206703910615,0.9887640449438202,0.9325842696629213,0.9720670391061452,0.994413407821229,0.9675098863850355,0.023377601552483897,49,0.5566470203012442,0.5706874189364461,0.5585464333781965,0.5653021442495126,0.5552089831565814,0.5612784000043962,0.005839028951593865,505,0.5083798882681564,0.5334881677233068,0.5165714644403991,0.5197413847216119,0.4972067039106145,0.5150775218128177,0.012059517338933741,505,0.5042272433400196,0.5159320705447819,0.5070354293660563,0.5114752046069825,0.5000078243587938,0.5077355544433267,0.005544079612140338,505,0.5083798882681565,0.5334881677233068,0.5165714644403991,0.5197413847216119,0.4972067039106145,0.5150775218128179,0.012059517338933727,505
403,0.006043910980224609,0.0038067658672253416,0.0425628662109375,0.003018443860963174,log_loss,1,5,2,random,"{'criterion': 'log_loss', 'max_depth': 1, 'min_samples_leaf': 5, 'min_samples_split': 2, 'splitter': 'random'}",0.5083798882681564,0.5070028011204482,0.5154061624649859,0.5210084033613446,0.49859943977591037,0.510079338998169,0.007641476301750491,529,0.5714285714285714,1.0,0.6,0.7058823529411765,0.0,0.5754621848739496,0.3252743080352861,505,0.5044510385756676,0.5028248587570622,0.5076452599388379,0.5117647058823529,0.5,0.505337172630784,0.004055189686713689,529,0.0670391061452514,0.01675977653631285,0.1005586592178771,0.06741573033707865,0.0,0.050354654447304005,0.036753504269234814,529,0.9497206703910615,1.0,0.9325842696629213,0.9720670391061452,0.994413407821229,0.9697570773962714,0.02573394707851841,1,0.5566470203012442,0.5583437892095358,0.5585464333781965,0.5653021442495126,0.5552089831565814,0.5588096740590142,0.0034664263954216753,529,0.5083798882681564,0.5083798882681564,0.5165714644403991,0.5197413847216119,0.4972067039106145,0.5100558659217876,0.007835573559833376,529,0.5042272433400196,0.5028248587570622,0.5070354293660563,0.5114752046069825,0.5000078243587938,0.5051141120857828,0.0039052874281109958,529,0.5083798882681565,0.5083798882681565,0.5165714644403991,0.5197413847216119,0.4972067039106145,0.5100558659217878,0.007835573559833366,529
385,0.007187366485595703,0.0036808542243248737,0.04291200637817383,0.0032845010495215887,log_loss,1,2,2,random,"{'criterion': 'log_loss', 'max_depth': 1, 'min_samples_leaf': 2, 'min_samples_split': 2, 'splitter': 'random'}",0.5083798882681564,0.5070028011204482,0.5154061624649859,0.5210084033613446,0.49859943977591037,0.510079338998169,0.007641476301750491,529,0.5714285714285714,1.0,0.6,0.7058823529411765,0.0,0.5754621848739496,0.3252743080352861,505,0.5044510385756676,0.5028248587570622,0.5076452599388379,0.5117647058823529,0.5,0.505337172630784,0.004055189686713689,529,0.0670391061452514,0.01675977653631285,0.1005586592178771,0.06741573033707865,0.0,0.050354654447304005,0.036753504269234814,529,0.9497206703910615,1.0,0.9325842696629213,0.9720670391061452,0.994413407821229,0.9697570773962714,0.02573394707851841,1,0.5566470203012442,0.5583437892095358,0.5585464333781965,0.5653021442495126,0.5552089831565814,0.5588096740590142,0.0034664263954216753,529,0.5083798882681564,0.5083798882681564,0.5165714644403991,0.5197413847216119,0.4972067039106145,0.5100558659217876,0.007835573559833376,529,0.5042272433400196,0.5028248587570622,0.5070354293660563,0.5114752046069825,0.5000078243587938,0.5051141120857828,0.0039052874281109958,529,0.5083798882681565,0.5083798882681565,0.5165714644403991,0.5197413847216119,0.4972067039106145,0.5100558659217878,0.007835573559833366,529
387,0.0037204265594482423,0.003945682925201047,0.05421223640441895,0.015999327178034227,log_loss,1,2,3,random,"{'criterion': 'log_loss', 'max_depth': 1, 'min_samples_leaf': 2, 'min_samples_split': 3, 'splitter': 'random'}",0.5083798882681564,0.5070028011204482,0.5154061624649859,0.5210084033613446,0.49859943977591037,0.510079338998169,0.007641476301750491,529,0.5714285714285714,1.0,0.6,0.7058823529411765,0.0,0.5754621848739496,0.3252743080352861,505,0.5044510385756676,0.5028248587570622,0.5076452599388379,0.5117647058823529,0.5,0.505337172630784,0.004055189686713689,529,0.0670391061452514,0.01675977653631285,0.1005586592178771,0.06741573033707865,0.0,0.050354654447304005,0.036753504269234814,529,0.9497206703910615,1.0,0.9325842696629213,0.9720670391061452,0.994413407821229,0.9697570773962714,0.02573394707851841,1,0.5566470203012442,0.5583437892095358,0.5585464333781965,0.5653021442495126,0.5552089831565814,0.5588096740590142,0.0034664263954216753,529,0.5083798882681564,0.5083798882681564,0.5165714644403991,0.5197413847216119,0.4972067039106145,0.5100558659217876,0.007835573559833376,529,0.5042272433400196,0.5028248587570622,0.5070354293660563,0.5114752046069825,0.5000078243587938,0.5051141120857828,0.0039052874281109958,529,0.5083798882681565,0.5083798882681565,0.5165714644403991,0.5197413847216119,0.4972067039106145,0.5100558659217878,0.007835573559833366,529
389,0.007355546951293946,0.0037099405323138546,0.04615230560302734,0.006657126942572179,log_loss,1,2,4,random,"{'criterion': 'log_loss', 'max_depth': 1, 'min_samples_leaf': 2, 'min_samples_split': 4, 'splitter': 'random'}",0.5083798882681564,0.5070028011204482,0.5154061624649859,0.5210084033613446,0.49859943977591037,0.510079338998169,0.007641476301750491,529,0.5714285714285714,1.0,0.6,0.7058823529411765,0.0,0.5754621848739496,0.3252743080352861,505,0.5044510385756676,0.5028248587570622,0.5076452599388379,0.5117647058823529,0.5,0.505337172630784,0.004055189686713689,529,0.0670391061452514,0.01675977653631285,0.1005586592178771,0.06741573033707865,0.0,0.050354654447304005,0.036753504269234814,529,0.9497206703910615,1.0,0.9325842696629213,0.9720670391061452,0.994413407821229,0.9697570773962714,0.02573394707851841,1,0.5566470203012442,0.5583437892095358,0.5585464333781965,0.5653021442495126,0.5552089831565814,0.5588096740590142,0.0034664263954216753,529,0.5083798882681564,0.5083798882681564,0.5165714644403991,0.5197413847216119,0.4972067039106145,0.5100558659217876,0.007835573559833376,529,0.5042272433400196,0.5028248587570622,0.5070354293660563,0.5114752046069825,0.5000078243587938,0.5051141120857828,0.0039052874281109958,529,0.5083798882681565,0.5083798882681565,0.5165714644403991,0.5197413847216119,0.4972067039106145,0.5100558659217878,0.007835573559833366,529
391,0.009913444519042969,0.0022441693213242613,0.03875622749328613,0.0029874136254334454,log_loss,1,3,2,random,"{'criterion': 'log_loss', 'max_depth': 1, 'min_samples_leaf': 3, 'min_samples_split': 2, 'splitter': 'random'}",0.5083798882681564,0.5070028011204482,0.5154061624649859,0.5210084033613446,0.49859943977591037,0.510079338998169,0.007641476301750491,529,0.5714285714285714,1.0,0.6,0.7058823529411765,0.0,0.5754621848739496,0.3252743080352861,505,0.5044510385756676,0.5028248587570622,0.5076452599388379,0.5117647058823529,0.5,0.505337172630784,0.004055189686713689,529,0.0670391061452514,0.01675977653631285,0.1005586592178771,0.06741573033707865,0.0,0.050354654447304005,0.036753504269234814,529,0.9497206703910615,1.0,0.9325842696629213,0.9720670391061452,0.994413407821229,0.9697570773962714,0.02573394707851841,1,0.5566470203012442,0.5583437892095358,0.5585464333781965,0.5653021442495126,0.5552089831565814,0.5588096740590142,0.0034664263954216753,529,0.5083798882681564,0.5083798882681564,0.5165714644403991,0.5197413847216119,0.4972067039106145,0.5100558659217876,0.007835573559833376,529,0.5042272433400196,0.5028248587570622,0.5070354293660563,0.5114752046069825,0.5000078243587938,0.5051141120857828,0.0039052874281109958,529,0.5083798882681565,0.5083798882681565,0.5165714644403991,0.5197413847216119,0.4972067039106145,0.5100558659217878,0.007835573559833366,529
393,0.007390594482421875,0.003936727202124322,0.04371552467346192,0.005126022022552473,log_loss,1,3,3,random,"{'criterion': 'log_loss', 'max_depth': 1, 'min_samples_leaf': 3, 'min_samples_split': 3, 'splitter': 'random'}",0.5083798882681564,0.5070028011204482,0.5154061624649859,0.5210084033613446,0.49859943977591037,0.510079338998169,0.007641476301750491,529,0.5714285714285714,1.0,0.6,0.7058823529411765,0.0,0.5754621848739496,0.3252743080352861,505,0.5044510385756676,0.5028248587570622,0.5076452599388379,0.5117647058823529,0.5,0.505337172630784,0.004055189686713689,529,0.0670391061452514,0.01675977653631285,0.1005586592178771,0.06741573033707865,0.0,0.050354654447304005,0.036753504269234814,529,0.9497206703910615,1.0,0.9325842696629213,0.9720670391061452,0.994413407821229,0.9697570773962714,0.02573394707851841,1,0.5566470203012442,0.5583437892095358,0.5585464333781965,0.5653021442495126,0.5552089831565814,0.5588096740590142,0.0034664263954216753,529,0.5083798882681564,0.5083798882681564,0.5165714644403991,0.5197413847216119,0.4972067039106145,0.5100558659217876,0.007835573559833376,529,0.5042272433400196,0.5028248587570622,0.5070354293660563,0.5114752046069825,0.5000078243587938,0.5051141120857828,0.0039052874281109958,529,0.5083798882681565,0.5083798882681565,0.5165714644403991,0.5197413847216119,0.4972067039106145,0.5100558659217878,0.007835573559833366,529
395,0.004978084564208984,0.004916729006398657,0.04258518218994141,0.0031735857834647367,log_loss,1,3,4,random,"{'criterion': 'log_loss', 'max_depth': 1, 'min_samples_leaf': 3, 'min_samples_split': 4, 'splitter': 'random'}",0.5083798882681564,0.5070028011204482,0.5154061624649859,0.5210084033613446,0.49859943977591037,0.510079338998169,0.007641476301750491,529,0.5714285714285714,1.0,0.6,0.7058823529411765,0.0,0.5754621848739496,0.3252743080352861,505,0.5044510385756676,0.5028248587570622,0.5076452599388379,0.5117647058823529,0.5,0.505337172630784,0.004055189686713689,529,0.0670391061452514,0.01675977653631285,0.1005586592178771,0.06741573033707865,0.0,0.050354654447304005,0.036753504269234814,529,0.9497206703910615,1.0,0.9325842696629213,0.9720670391061452,0.994413407821229,0.9697570773962714,0.02573394707851841,1,0.5566470203012442,0.5583437892095358,0.5585464333781965,0.5653021442495126,0.5552089831565814,0.5588096740590142,0.0034664263954216753,529,0.5083798882681564,0.5083798882681564,0.5165714644403991,0.5197413847216119,0.4972067039106145,0.5100558659217876,0.007835573559833376,529,0.5042272433400196,0.5028248587570622,0.5070354293660563,0.5114752046069825,0.5000078243587938,0.5051141120857828,0.0039052874281109958,529,0.5083798882681565,0.5083798882681565,0.5165714644403991,0.5197413847216119,0.4972067039106145,0.5100558659217878,0.007835573559833366,529
397,0.006556510925292969,0.005425297090655581,0.04248514175415039,0.005403310468020576,log_loss,1,4,2,random,"{'criterion': 'log_loss', 'max_depth': 1, 'min_samples_leaf': 4, 'min_samples_split': 2, 'splitter': 'random'}",0.5083798882681564,0.5070028011204482,0.5154061624649859,0.5210084033613446,0.49859943977591037,0.510079338998169,0.007641476301750491,529,0.5714285714285714,1.0,0.6,0.7058823529411765,0.0,0.5754621848739496,0.3252743080352861,505,0.5044510385756676,0.5028248587570622,0.5076452599388379,0.5117647058823529,0.5,0.505337172630784,0.004055189686713689,529,0.0670391061452514,0.01675977653631285,0.1005586592178771,0.06741573033707865,0.0,0.050354654447304005,0.036753504269234814,529,0.9497206703910615,1.0,0.9325842696629213,0.9720670391061452,0.994413407821229,0.9697570773962714,0.02573394707851841,1,0.5566470203012442,0.5583437892095358,0.5585464333781965,0.5653021442495126,0.5552089831565814,0.5588096740590142,0.0034664263954216753,529,0.5083798882681564,0.5083798882681564,0.5165714644403991,0.5197413847216119,0.4972067039106145,0.5100558659217876,0.007835573559833376,529,0.5042272433400196,0.5028248587570622,0.5070354293660563,0.5114752046069825,0.5000078243587938,0.5051141120857828,0.0039052874281109958,529,0.5083798882681565,0.5083798882681565,0.5165714644403991,0.5197413847216119,0.4972067039106145,0.5100558659217878,0.007835573559833366,529
399,0.0066451549530029295,0.005486270856964491,0.047312450408935544,0.0033449364359157438,log_loss,1,4,3,random,"{'criterion': 'log_loss', 'max_depth': 1, 'min_samples_leaf': 4, 'min_samples_split': 3, 'splitter': 'random'}",0.5083798882681564,0.5070028011204482,0.5154061624649859,0.5210084033613446,0.49859943977591037,0.510079338998169,0.007641476301750491,529,0.5714285714285714,1.0,0.6,0.7058823529411765,0.0,0.5754621848739496,0.3252743080352861,505,0.5044510385756676,0.5028248587570622,0.5076452599388379,0.5117647058823529,0.5,0.505337172630784,0.004055189686713689,529,0.0670391061452514,0.01675977653631285,0.1005586592178771,0.06741573033707865,0.0,0.050354654447304005,0.036753504269234814,529,0.9497206703910615,1.0,0.9325842696629213,0.9720670391061452,0.994413407821229,0.9697570773962714,0.02573394707851841,1,0.5566470203012442,0.5583437892095358,0.5585464333781965,0.5653021442495126,0.5552089831565814,0.5588096740590142,0.0034664263954216753,529,0.5083798882681564,0.5083798882681564,0.5165714644403991,0.5197413847216119,0.4972067039106145,0.5100558659217876,0.007835573559833376,529,0.5042272433400196,0.5028248587570622,0.5070354293660563,0.5114752046069825,0.5000078243587938,0.5051141120857828,0.0039052874281109958,529,0.5083798882681565,0.5083798882681565,0.5165714644403991,0.5197413847216119,0.4972067039106145,0.5100558659217878,0.007835573559833366,529
401,0.007784700393676758,0.0036420723960416492,0.042215824127197266,0.006665300902962863,log_loss,1,4,4,random,"{'criterion': 'log_loss', 'max_depth': 1, 'min_samples_leaf': 4, 'min_samples_split': 4, 'splitter': 'random'}",0.5083798882681564,0.5070028011204482,0.5154061624649859,0.5210084033613446,0.49859943977591037,0.510079338998169,0.007641476301750491,529,0.5714285714285714,1.0,0.6,0.7058823529411765,0.0,0.5754621848739496,0.3252743080352861,505,0.5044510385756676,0.5028248587570622,0.5076452599388379,0.5117647058823529,0.5,0.505337172630784,0.004055189686713689,529,0.0670391061452514,0.01675977653631285,0.1005586592178771,0.06741573033707865,0.0,0.050354654447304005,0.036753504269234814,529,0.9497206703910615,1.0,0.9325842696629213,0.9720670391061452,0.994413407821229,0.9697570773962714,0.02573394707851841,1,0.5566470203012442,0.5583437892095358,0.5585464333781965,0.5653021442495126,0.5552089831565814,0.5588096740590142,0.0034664263954216753,529,0.5083798882681564,0.5083798882681564,0.5165714644403991,0.5197413847216119,0.4972067039106145,0.5100558659217876,0.007835573559833376,529,0.5042272433400196,0.5028248587570622,0.5070354293660563,0.5114752046069825,0.5000078243587938,0.5051141120857828,0.0039052874281109958,529,0.5083798882681565,0.5083798882681565,0.5165714644403991,0.5197413847216119,0.4972067039106145,0.5100558659217878,0.007835573559833366,529
405,0.004952383041381836,0.0036079140596069624,0.04164786338806152,0.0035440903271318383,log_loss,1,5,3,random,"{'criterion': 'log_loss', 'max_depth': 1, 'min_samples_leaf': 5, 'min_samples_split': 3, 'splitter': 'random'}",0.5083798882681564,0.5070028011204482,0.5154061624649859,0.5210084033613446,0.49859943977591037,0.510079338998169,0.007641476301750491,529,0.5714285714285714,1.0,0.6,0.7058823529411765,0.0,0.5754621848739496,0.3252743080352861,505,0.5044510385756676,0.5028248587570622,0.5076452599388379,0.5117647058823529,0.5,0.505337172630784,0.004055189686713689,529,0.0670391061452514,0.01675977653631285,0.1005586592178771,0.06741573033707865,0.0,0.050354654447304005,0.036753504269234814,529,0.9497206703910615,1.0,0.9325842696629213,0.9720670391061452,0.994413407821229,0.9697570773962714,0.02573394707851841,1,0.5566470203012442,0.5583437892095358,0.5585464333781965,0.5653021442495126,0.5552089831565814,0.5588096740590142,0.0034664263954216753,529,0.5083798882681564,0.5083798882681564,0.5165714644403991,0.5197413847216119,0.4972067039106145,0.5100558659217876,0.007835573559833376,529,0.5042272433400196,0.5028248587570622,0.5070354293660563,0.5114752046069825,0.5000078243587938,0.5051141120857828,0.0039052874281109958,529,0.5083798882681565,0.5083798882681565,0.5165714644403991,0.5197413847216119,0.4972067039106145,0.5100558659217878,0.007835573559833366,529
427,0.009689426422119141,0.004081632139002954,0.04417295455932617,0.01605895048915723,log_loss,1,9,2,random,"{'criterion': 'log_loss', 'max_depth': 1, 'min_samples_leaf': 9, 'min_samples_split': 2, 'splitter': 'random'}",0.5083798882681564,0.5070028011204482,0.5154061624649859,0.5210084033613446,0.49859943977591037,0.510079338998169,0.007641476301750491,529,0.5714285714285714,1.0,0.6,0.7058823529411765,0.0,0.5754621848739496,0.3252743080352861,505,0.5044510385756676,0.5028248587570622,0.5076452599388379,0.5117647058823529,0.5,0.505337172630784,0.004055189686713689,529,0.0670391061452514,0.01675977653631285,0.1005586592178771,0.06741573033707865,0.0,0.050354654447304005,0.036753504269234814,529,0.9497206703910615,1.0,0.9325842696629213,0.9720670391061452,0.994413407821229,0.9697570773962714,0.02573394707851841,1,0.5566470203012442,0.5583437892095358,0.5585464333781965,0.5653021442495126,0.5552089831565814,0.5588096740590142,0.0034664263954216753,529,0.5083798882681564,0.5083798882681564,0.5165714644403991,0.5197413847216119,0.4972067039106145,0.5100558659217876,0.007835573559833376,529,0.5042272433400196,0.5028248587570622,0.5070354293660563,0.5114752046069825,0.5000078243587938,0.5051141120857828,0.0039052874281109958,529,0.5083798882681565,0.5083798882681565,0.5165714644403991,0.5197413847216119,0.4972067039106145,0.5100558659217878,0.007835573559833366,529
409,0.006305265426635742,0.003239773414386079,0.04443359375,0.0038480023550790227,log_loss,1,6,2,random,"{'criterion': 'log_loss', 'max_depth': 1, 'min_samples_leaf': 6, 'min_samples_split': 2, 'splitter': 'random'}",0.5083798882681564,0.5070028011204482,0.5154061624649859,0.5210084033613446,0.49859943977591037,0.510079338998169,0.007641476301750491,529,0.5714285714285714,1.0,0.6,0.7058823529411765,0.0,0.5754621848739496,0.3252743080352861,505,0.5044510385756676,0.5028248587570622,0.5076452599388379,0.5117647058823529,0.5,0.505337172630784,0.004055189686713689,529,0.0670391061452514,0.01675977653631285,0.1005586592178771,0.06741573033707865,0.0,0.050354654447304005,0.036753504269234814,529,0.9497206703910615,1.0,0.9325842696629213,0.9720670391061452,0.994413407821229,0.9697570773962714,0.02573394707851841,1,0.5566470203012442,0.5583437892095358,0.5585464333781965,0.5653021442495126,0.5552089831565814,0.5588096740590142,0.0034664263954216753,529,0.5083798882681564,0.5083798882681564,0.5165714644403991,0.5197413847216119,0.4972067039106145,0.5100558659217876,0.007835573559833376,529,0.5042272433400196,0.5028248587570622,0.5070354293660563,0.5114752046069825,0.5000078243587938,0.5051141120857828,0.0039052874281109958,529,0.5083798882681565,0.5083798882681565,0.5165714644403991,0.5197413847216119,0.4972067039106145,0.5100558659217878,0.007835573559833366,529
209,0.009491825103759765,0.001118256200505865,0.0459294319152832,0.009847769173265004,entropy,1,4,4,random,"{'criterion': 'entropy', 'max_depth': 1, 'min_samples_leaf': 4, 'min_samples_split': 4, 'splitter': 'random'}",0.5083798882681564,0.5070028011204482,0.5154061624649859,0.5210084033613446,0.49859943977591037,0.510079338998169,0.007641476301750491,529,0.5714285714285714,1.0,0.6,0.7058823529411765,0.0,0.5754621848739496,0.3252743080352861,505,0.5044510385756676,0.5028248587570622,0.5076452599388379,0.5117647058823529,0.5,0.505337172630784,0.004055189686713689,529,0.0670391061452514,0.01675977653631285,0.1005586592178771,0.06741573033707865,0.0,0.050354654447304005,0.036753504269234814,529,0.9497206703910615,1.0,0.9325842696629213,0.9720670391061452,0.994413407821229,0.9697570773962714,0.02573394707851841,1,0.5566470203012442,0.5583437892095358,0.5585464333781965,0.5653021442495126,0.5552089831565814,0.5588096740590142,0.0034664263954216753,529,0.5083798882681564,0.5083798882681564,0.5165714644403991,0.5197413847216119,0.4972067039106145,0.5100558659217876,0.007835573559833376,529,0.5042272433400196,0.5028248587570622,0.5070354293660563,0.5114752046069825,0.5000078243587938,0.5051141120857828,0.0039052874281109958,529,0.5083798882681565,0.5083798882681565,0.5165714644403991,0.5197413847216119,0.4972067039106145,0.5100558659217878,0.007835573559833366,529
211,0.007318973541259766,0.004239539152919104,0.04076762199401855,0.0014395101944264465,entropy,1,5,2,random,"{'criterion': 'entropy', 'max_depth': 1, 'min_samples_leaf': 5, 'min_samples_split': 2, 'splitter': 'random'}",0.5083798882681564,0.5070028011204482,0.5154061624649859,0.5210084033613446,0.49859943977591037,0.510079338998169,0.007641476301750491,529,0.5714285714285714,1.0,0.6,0.7058823529411765,0.0,0.5754621848739496,0.3252743080352861,505,0.5044510385756676,0.5028248587570622,0.5076452599388379,0.5117647058823529,0.5,0.505337172630784,0.004055189686713689,529,0.0670391061452514,0.01675977653631285,0.1005586592178771,0.06741573033707865,0.0,0.050354654447304005,0.036753504269234814,529,0.9497206703910615,1.0,0.9325842696629213,0.9720670391061452,0.994413407821229,0.9697570773962714,0.02573394707851841,1,0.5566470203012442,0.5583437892095358,0.5585464333781965,0.5653021442495126,0.5552089831565814,0.5588096740590142,0.0034664263954216753,529,0.5083798882681564,0.5083798882681564,0.5165714644403991,0.5197413847216119,0.4972067039106145,0.5100558659217876,0.007835573559833376,529,0.5042272433400196,0.5028248587570622,0.5070354293660563,0.5114752046069825,0.5000078243587938,0.5051141120857828,0.0039052874281109958,529,0.5083798882681565,0.5083798882681565,0.5165714644403991,0.5197413847216119,0.4972067039106145,0.5100558659217878,0.007835573559833366,529
213,0.004848003387451172,0.0034168968591461375,0.04809603691101074,0.012034925009762353,entropy,1,5,3,random,"{'criterion': 'entropy', 'max_depth': 1, 'min_samples_leaf': 5, 'min_samples_split': 3, 'splitter': 'random'}",0.5083798882681564,0.5070028011204482,0.5154061624649859,0.5210084033613446,0.49859943977591037,0.510079338998169,0.007641476301750491,529,0.5714285714285714,1.0,0.6,0.7058823529411765,0.0,0.5754621848739496,0.3252743080352861,505,0.5044510385756676,0.5028248587570622,0.5076452599388379,0.5117647058823529,0.5,0.505337172630784,0.004055189686713689,529,0.0670391061452514,0.01675977653631285,0.1005586592178771,0.06741573033707865,0.0,0.050354654447304005,0.036753504269234814,529,0.9497206703910615,1.0,0.9325842696629213,0.9720670391061452,0.994413407821229,0.9697570773962714,0.02573394707851841,1,0.5566470203012442,0.5583437892095358,0.5585464333781965,0.5653021442495126,0.5552089831565814,0.5588096740590142,0.0034664263954216753,529,0.5083798882681564,0.5083798882681564,0.5165714644403991,0.5197413847216119,0.4972067039106145,0.5100558659217876,0.007835573559833376,529,0.5042272433400196,0.5028248587570622,0.5070354293660563,0.5114752046069825,0.5000078243587938,0.5051141120857828,0.0039052874281109958,529,0.5083798882681565,0.5083798882681565,0.5165714644403991,0.5197413847216119,0.4972067039106145,0.5100558659217878,0.007835573559833366,529
215,0.008920717239379882,0.00698357120016928,0.0393430233001709,0.004615972758885878,entropy,1,5,4,random,"{'criterion': 'entropy', 'max_depth': 1, 'min_samples_leaf': 5, 'min_samples_split': 4, 'splitter': 'random'}",0.5083798882681564,0.5070028011204482,0.5154061624649859,0.5210084033613446,0.49859943977591037,0.510079338998169,0.007641476301750491,529,0.5714285714285714,1.0,0.6,0.7058823529411765,0.0,0.5754621848739496,0.3252743080352861,505,0.5044510385756676,0.5028248587570622,0.5076452599388379,0.5117647058823529,0.5,0.505337172630784,0.004055189686713689,529,0.0670391061452514,0.01675977653631285,0.1005586592178771,0.06741573033707865,0.0,0.050354654447304005,0.036753504269234814,529,0.9497206703910615,1.0,0.9325842696629213,0.9720670391061452,0.994413407821229,0.9697570773962714,0.02573394707851841,1,0.5566470203012442,0.5583437892095358,0.5585464333781965,0.5653021442495126,0.5552089831565814,0.5588096740590142,0.0034664263954216753,529,0.5083798882681564,0.5083798882681564,0.5165714644403991,0.5197413847216119,0.4972067039106145,0.5100558659217876,0.007835573559833376,529,0.5042272433400196,0.5028248587570622,0.5070354293660563,0.5114752046069825,0.5000078243587938,0.5051141120857828,0.0039052874281109958,529,0.5083798882681565,0.5083798882681565,0.5165714644403991,0.5197413847216119,0.4972067039106145,0.5100558659217878,0.007835573559833366,529
217,0.007164812088012696,0.005171985342363304,0.0419891357421875,0.006332733262089104,entropy,1,6,2,random,"{'criterion': 'entropy', 'max_depth': 1, 'min_samples_leaf': 6, 'min_samples_split': 2, 'splitter': 'random'}",0.5083798882681564,0.5070028011204482,0.5154061624649859,0.5210084033613446,0.49859943977591037,0.510079338998169,0.007641476301750491,529,0.5714285714285714,1.0,0.6,0.7058823529411765,0.0,0.5754621848739496,0.3252743080352861,505,0.5044510385756676,0.5028248587570622,0.5076452599388379,0.5117647058823529,0.5,0.505337172630784,0.004055189686713689,529,0.0670391061452514,0.01675977653631285,0.1005586592178771,0.06741573033707865,0.0,0.050354654447304005,0.036753504269234814,529,0.9497206703910615,1.0,0.9325842696629213,0.9720670391061452,0.994413407821229,0.9697570773962714,0.02573394707851841,1,0.5566470203012442,0.5583437892095358,0.5585464333781965,0.5653021442495126,0.5552089831565814,0.5588096740590142,0.0034664263954216753,529,0.5083798882681564,0.5083798882681564,0.5165714644403991,0.5197413847216119,0.4972067039106145,0.5100558659217876,0.007835573559833376,529,0.5042272433400196,0.5028248587570622,0.5070354293660563,0.5114752046069825,0.5000078243587938,0.5051141120857828,0.0039052874281109958,529,0.5083798882681565,0.5083798882681565,0.5165714644403991,0.5197413847216119,0.4972067039106145,0.5100558659217878,0.007835573559833366,529
219,0.005354881286621094,0.004663786314082577,0.04338202476501465,0.013034989889423473,entropy,1,6,3,random,"{'criterion': 'entropy', 'max_depth': 1, 'min_samples_leaf': 6, 'min_samples_split': 3, 'splitter': 'random'}",0.5083798882681564,0.5070028011204482,0.5154061624649859,0.5210084033613446,0.49859943977591037,0.510079338998169,0.007641476301750491,529,0.5714285714285714,1.0,0.6,0.7058823529411765,0.0,0.5754621848739496,0.3252743080352861,505,0.5044510385756676,0.5028248587570622,0.5076452599388379,0.5117647058823529,0.5,0.505337172630784,0.004055189686713689,529,0.0670391061452514,0.01675977653631285,0.1005586592178771,0.06741573033707865,0.0,0.050354654447304005,0.036753504269234814,529,0.9497206703910615,1.0,0.9325842696629213,0.9720670391061452,0.994413407821229,0.9697570773962714,0.02573394707851841,1,0.5566470203012442,0.5583437892095358,0.5585464333781965,0.5653021442495126,0.5552089831565814,0.5588096740590142,0.0034664263954216753,529,0.5083798882681564,0.5083798882681564,0.5165714644403991,0.5197413847216119,0.4972067039106145,0.5100558659217876,0.007835573559833376,529,0.5042272433400196,0.5028248587570622,0.5070354293660563,0.5114752046069825,0.5000078243587938,0.5051141120857828,0.0039052874281109958,529,0.5083798882681565,0.5083798882681565,0.5165714644403991,0.5197413847216119,0.4972067039106145,0.5100558659217878,0.007835573559833366,529
207,0.006190013885498047,0.002356593429481507,0.040855789184570314,0.006046575531867241,entropy,1,4,3,random,"{'criterion': 'entropy', 'max_depth': 1, 'min_samples_leaf': 4, 'min_samples_split': 3, 'splitter': 'random'}",0.5083798882681564,0.5070028011204482,0.5154061624649859,0.5210084033613446,0.49859943977591037,0.510079338998169,0.007641476301750491,529,0.5714285714285714,1.0,0.6,0.7058823529411765,0.0,0.5754621848739496,0.3252743080352861,505,0.5044510385756676,0.5028248587570622,0.5076452599388379,0.5117647058823529,0.5,0.505337172630784,0.004055189686713689,529,0.0670391061452514,0.01675977653631285,0.1005586592178771,0.06741573033707865,0.0,0.050354654447304005,0.036753504269234814,529,0.9497206703910615,1.0,0.9325842696629213,0.9720670391061452,0.994413407821229,0.9697570773962714,0.02573394707851841,1,0.5566470203012442,0.5583437892095358,0.5585464333781965,0.5653021442495126,0.5552089831565814,0.5588096740590142,0.0034664263954216753,529,0.5083798882681564,0.5083798882681564,0.5165714644403991,0.5197413847216119,0.4972067039106145,0.5100558659217876,0.007835573559833376,529,0.5042272433400196,0.5028248587570622,0.5070354293660563,0.5114752046069825,0.5000078243587938,0.5051141120857828,0.0039052874281109958,529,0.5083798882681565,0.5083798882681565,0.5165714644403991,0.5197413847216119,0.4972067039106145,0.5100558659217878,0.007835573559833366,529
221,0.007408714294433594,0.004824403739957872,0.04352574348449707,0.006228104729304347,entropy,1,6,4,random,"{'criterion': 'entropy', 'max_depth': 1, 'min_samples_leaf': 6, 'min_samples_split': 4, 'splitter': 'random'}",0.5083798882681564,0.5070028011204482,0.5154061624649859,0.5210084033613446,0.49859943977591037,0.510079338998169,0.007641476301750491,529,0.5714285714285714,1.0,0.6,0.7058823529411765,0.0,0.5754621848739496,0.3252743080352861,505,0.5044510385756676,0.5028248587570622,0.5076452599388379,0.5117647058823529,0.5,0.505337172630784,0.004055189686713689,529,0.0670391061452514,0.01675977653631285,0.1005586592178771,0.06741573033707865,0.0,0.050354654447304005,0.036753504269234814,529,0.9497206703910615,1.0,0.9325842696629213,0.9720670391061452,0.994413407821229,0.9697570773962714,0.02573394707851841,1,0.5566470203012442,0.5583437892095358,0.5585464333781965,0.5653021442495126,0.5552089831565814,0.5588096740590142,0.0034664263954216753,529,0.5083798882681564,0.5083798882681564,0.5165714644403991,0.5197413847216119,0.4972067039106145,0.5100558659217876,0.007835573559833376,529,0.5042272433400196,0.5028248587570622,0.5070354293660563,0.5114752046069825,0.5000078243587938,0.5051141120857828,0.0039052874281109958,529,0.5083798882681565,0.5083798882681565,0.5165714644403991,0.5197413847216119,0.4972067039106145,0.5100558659217878,0.007835573559833366,529
225,0.008154344558715821,0.0049308835371830615,0.050998687744140625,0.013513381913188417,entropy,1,7,3,random,"{'criterion': 'entropy', 'max_depth': 1, 'min_samples_leaf': 7, 'min_samples_split': 3, 'splitter': 'random'}",0.5083798882681564,0.5070028011204482,0.5154061624649859,0.5210084033613446,0.49859943977591037,0.510079338998169,0.007641476301750491,529,0.5714285714285714,1.0,0.6,0.7058823529411765,0.0,0.5754621848739496,0.3252743080352861,505,0.5044510385756676,0.5028248587570622,0.5076452599388379,0.5117647058823529,0.5,0.505337172630784,0.004055189686713689,529,0.0670391061452514,0.01675977653631285,0.1005586592178771,0.06741573033707865,0.0,0.050354654447304005,0.036753504269234814,529,0.9497206703910615,1.0,0.9325842696629213,0.9720670391061452,0.994413407821229,0.9697570773962714,0.02573394707851841,1,0.5566470203012442,0.5583437892095358,0.5585464333781965,0.5653021442495126,0.5552089831565814,0.5588096740590142,0.0034664263954216753,529,0.5083798882681564,0.5083798882681564,0.5165714644403991,0.5197413847216119,0.4972067039106145,0.5100558659217876,0.007835573559833376,529,0.5042272433400196,0.5028248587570622,0.5070354293660563,0.5114752046069825,0.5000078243587938,0.5051141120857828,0.0039052874281109958,529,0.5083798882681565,0.5083798882681565,0.5165714644403991,0.5197413847216119,0.4972067039106145,0.5100558659217878,0.007835573559833366,529
227,0.008322572708129883,0.004776665961474897,0.04448580741882324,0.008589699307397964,entropy,1,7,4,random,"{'criterion': 'entropy', 'max_depth': 1, 'min_samples_leaf': 7, 'min_samples_split': 4, 'splitter': 'random'}",0.5083798882681564,0.5070028011204482,0.5154061624649859,0.5210084033613446,0.49859943977591037,0.510079338998169,0.007641476301750491,529,0.5714285714285714,1.0,0.6,0.7058823529411765,0.0,0.5754621848739496,0.3252743080352861,505,0.5044510385756676,0.5028248587570622,0.5076452599388379,0.5117647058823529,0.5,0.505337172630784,0.004055189686713689,529,0.0670391061452514,0.01675977653631285,0.1005586592178771,0.06741573033707865,0.0,0.050354654447304005,0.036753504269234814,529,0.9497206703910615,1.0,0.9325842696629213,0.9720670391061452,0.994413407821229,0.9697570773962714,0.02573394707851841,1,0.5566470203012442,0.5583437892095358,0.5585464333781965,0.5653021442495126,0.5552089831565814,0.5588096740590142,0.0034664263954216753,529,0.5083798882681564,0.5083798882681564,0.5165714644403991,0.5197413847216119,0.4972067039106145,0.5100558659217876,0.007835573559833376,529,0.5042272433400196,0.5028248587570622,0.5070354293660563,0.5114752046069825,0.5000078243587938,0.5051141120857828,0.0039052874281109958,529,0.5083798882681565,0.5083798882681565,0.5165714644403991,0.5197413847216119,0.4972067039106145,0.5100558659217878,0.007835573559833366,529
229,0.008807134628295899,0.003297929524294999,0.04459280967712402,0.014349611442101933,entropy,1,8,2,random,"{'criterion': 'entropy', 'max_depth': 1, 'min_samples_leaf': 8, 'min_samples_split': 2, 'splitter': 'random'}",0.5083798882681564,0.5070028011204482,0.5154061624649859,0.5210084033613446,0.49859943977591037,0.510079338998169,0.007641476301750491,529,0.5714285714285714,1.0,0.6,0.7058823529411765,0.0,0.5754621848739496,0.3252743080352861,505,0.5044510385756676,0.5028248587570622,0.5076452599388379,0.5117647058823529,0.5,0.505337172630784,0.004055189686713689,529,0.0670391061452514,0.01675977653631285,0.1005586592178771,0.06741573033707865,0.0,0.050354654447304005,0.036753504269234814,529,0.9497206703910615,1.0,0.9325842696629213,0.9720670391061452,0.994413407821229,0.9697570773962714,0.02573394707851841,1,0.5566470203012442,0.5583437892095358,0.5585464333781965,0.5653021442495126,0.5552089831565814,0.5588096740590142,0.0034664263954216753,529,0.5083798882681564,0.5083798882681564,0.5165714644403991,0.5197413847216119,0.4972067039106145,0.5100558659217876,0.007835573559833376,529,0.5042272433400196,0.5028248587570622,0.5070354293660563,0.5114752046069825,0.5000078243587938,0.5051141120857828,0.0039052874281109958,529,0.5083798882681565,0.5083798882681565,0.5165714644403991,0.5197413847216119,0.4972067039106145,0.5100558659217878,0.007835573559833366,529
239,0.010338115692138671,0.005599447930855882,0.054438114166259766,0.013761670810851489,entropy,1,9,4,random,"{'criterion': 'entropy', 'max_depth': 1, 'min_samples_leaf': 9, 'min_samples_split': 4, 'splitter': 'random'}",0.5083798882681564,0.5070028011204482,0.5154061624649859,0.5210084033613446,0.49859943977591037,0.510079338998169,0.007641476301750491,529,0.5714285714285714,1.0,0.6,0.7058823529411765,0.0,0.5754621848739496,0.3252743080352861,505,0.5044510385756676,0.5028248587570622,0.5076452599388379,0.5117647058823529,0.5,0.505337172630784,0.004055189686713689,529,0.0670391061452514,0.01675977653631285,0.1005586592178771,0.06741573033707865,0.0,0.050354654447304005,0.036753504269234814,529,0.9497206703910615,1.0,0.9325842696629213,0.9720670391061452,0.994413407821229,0.9697570773962714,0.02573394707851841,1,0.5566470203012442,0.5583437892095358,0.5585464333781965,0.5653021442495126,0.5552089831565814,0.5588096740590142,0.0034664263954216753,529,0.5083798882681564,0.5083798882681564,0.5165714644403991,0.5197413847216119,0.4972067039106145,0.5100558659217876,0.007835573559833376,529,0.5042272433400196,0.5028248587570622,0.5070354293660563,0.5114752046069825,0.5000078243587938,0.5051141120857828,0.0039052874281109958,529,0.5083798882681565,0.5083798882681565,0.5165714644403991,0.5197413847216119,0.4972067039106145,0.5100558659217878,0.007835573559833366,529
231,0.004184150695800781,0.003740435567921961,0.04817008972167969,0.0034567673551220528,entropy,1,8,3,random,"{'criterion': 'entropy', 'max_depth': 1, 'min_samples_leaf': 8, 'min_samples_split': 3, 'splitter': 'random'}",0.5083798882681564,0.5070028011204482,0.5154061624649859,0.5210084033613446,0.49859943977591037,0.510079338998169,0.007641476301750491,529,0.5714285714285714,1.0,0.6,0.7058823529411765,0.0,0.5754621848739496,0.3252743080352861,505,0.5044510385756676,0.5028248587570622,0.5076452599388379,0.5117647058823529,0.5,0.505337172630784,0.004055189686713689,529,0.0670391061452514,0.01675977653631285,0.1005586592178771,0.06741573033707865,0.0,0.050354654447304005,0.036753504269234814,529,0.9497206703910615,1.0,0.9325842696629213,0.9720670391061452,0.994413407821229,0.9697570773962714,0.02573394707851841,1,0.5566470203012442,0.5583437892095358,0.5585464333781965,0.5653021442495126,0.5552089831565814,0.5588096740590142,0.0034664263954216753,529,0.5083798882681564,0.5083798882681564,0.5165714644403991,0.5197413847216119,0.4972067039106145,0.5100558659217876,0.007835573559833376,529,0.5042272433400196,0.5028248587570622,0.5070354293660563,0.5114752046069825,0.5000078243587938,0.5051141120857828,0.0039052874281109958,529,0.5083798882681565,0.5083798882681565,0.5165714644403991,0.5197413847216119,0.4972067039106145,0.5100558659217878,0.007835573559833366,529
233,0.006119298934936524,0.0029560934479093497,0.048609018325805664,0.01226944229286828,entropy,1,8,4,random,"{'criterion': 'entropy', 'max_depth': 1, 'min_samples_leaf': 8, 'min_samples_split': 4, 'splitter': 'random'}",0.5083798882681564,0.5070028011204482,0.5154061624649859,0.5210084033613446,0.49859943977591037,0.510079338998169,0.007641476301750491,529,0.5714285714285714,1.0,0.6,0.7058823529411765,0.0,0.5754621848739496,0.3252743080352861,505,0.5044510385756676,0.5028248587570622,0.5076452599388379,0.5117647058823529,0.5,0.505337172630784,0.004055189686713689,529,0.0670391061452514,0.01675977653631285,0.1005586592178771,0.06741573033707865,0.0,0.050354654447304005,0.036753504269234814,529,0.9497206703910615,1.0,0.9325842696629213,0.9720670391061452,0.994413407821229,0.9697570773962714,0.02573394707851841,1,0.5566470203012442,0.5583437892095358,0.5585464333781965,0.5653021442495126,0.5552089831565814,0.5588096740590142,0.0034664263954216753,529,0.5083798882681564,0.5083798882681564,0.5165714644403991,0.5197413847216119,0.4972067039106145,0.5100558659217876,0.007835573559833376,529,0.5042272433400196,0.5028248587570622,0.5070354293660563,0.5114752046069825,0.5000078243587938,0.5051141120857828,0.0039052874281109958,529,0.5083798882681565,0.5083798882681565,0.5165714644403991,0.5197413847216119,0.4972067039106145,0.5100558659217878,0.007835573559833366,529
223,0.007380628585815429,0.0038210712277542045,0.047930908203125,0.00853273589214717,entropy,1,7,2,random,"{'criterion': 'entropy', 'max_depth': 1, 'min_samples_leaf': 7, 'min_samples_split': 2, 'splitter': 'random'}",0.5083798882681564,0.5070028011204482,0.5154061624649859,0.5210084033613446,0.49859943977591037,0.510079338998169,0.007641476301750491,529,0.5714285714285714,1.0,0.6,0.7058823529411765,0.0,0.5754621848739496,0.3252743080352861,505,0.5044510385756676,0.5028248587570622,0.5076452599388379,0.5117647058823529,0.5,0.505337172630784,0.004055189686713689,529,0.0670391061452514,0.01675977653631285,0.1005586592178771,0.06741573033707865,0.0,0.050354654447304005,0.036753504269234814,529,0.9497206703910615,1.0,0.9325842696629213,0.9720670391061452,0.994413407821229,0.9697570773962714,0.02573394707851841,1,0.5566470203012442,0.5583437892095358,0.5585464333781965,0.5653021442495126,0.5552089831565814,0.5588096740590142,0.0034664263954216753,529,0.5083798882681564,0.5083798882681564,0.5165714644403991,0.5197413847216119,0.4972067039106145,0.5100558659217876,0.007835573559833376,529,0.5042272433400196,0.5028248587570622,0.5070354293660563,0.5114752046069825,0.5000078243587938,0.5051141120857828,0.0039052874281109958,529,0.5083798882681565,0.5083798882681565,0.5165714644403991,0.5197413847216119,0.4972067039106145,0.5100558659217878,0.007835573559833366,529
205,0.00808854103088379,0.0010662834114287293,0.050396156311035153,0.011453249588580672,entropy,1,4,2,random,"{'criterion': 'entropy', 'max_depth': 1, 'min_samples_leaf': 4, 'min_samples_split': 2, 'splitter': 'random'}",0.5083798882681564,0.5070028011204482,0.5154061624649859,0.5210084033613446,0.49859943977591037,0.510079338998169,0.007641476301750491,529,0.5714285714285714,1.0,0.6,0.7058823529411765,0.0,0.5754621848739496,0.3252743080352861,505,0.5044510385756676,0.5028248587570622,0.5076452599388379,0.5117647058823529,0.5,0.505337172630784,0.004055189686713689,529,0.0670391061452514,0.01675977653631285,0.1005586592178771,0.06741573033707865,0.0,0.050354654447304005,0.036753504269234814,529,0.9497206703910615,1.0,0.9325842696629213,0.9720670391061452,0.994413407821229,0.9697570773962714,0.02573394707851841,1,0.5566470203012442,0.5583437892095358,0.5585464333781965,0.5653021442495126,0.5552089831565814,0.5588096740590142,0.0034664263954216753,529,0.5083798882681564,0.5083798882681564,0.5165714644403991,0.5197413847216119,0.4972067039106145,0.5100558659217876,0.007835573559833376,529,0.5042272433400196,0.5028248587570622,0.5070354293660563,0.5114752046069825,0.5000078243587938,0.5051141120857828,0.0039052874281109958,529,0.5083798882681565,0.5083798882681565,0.5165714644403991,0.5197413847216119,0.4972067039106145,0.5100558659217878,0.007835573559833366,529
203,0.005794143676757813,0.0017432475467608558,0.047178792953491214,0.006143684693688731,entropy,1,3,4,random,"{'criterion': 'entropy', 'max_depth': 1, 'min_samples_leaf': 3, 'min_samples_split': 4, 'splitter': 'random'}",0.5083798882681564,0.5070028011204482,0.5154061624649859,0.5210084033613446,0.49859943977591037,0.510079338998169,0.007641476301750491,529,0.5714285714285714,1.0,0.6,0.7058823529411765,0.0,0.5754621848739496,0.3252743080352861,505,0.5044510385756676,0.5028248587570622,0.5076452599388379,0.5117647058823529,0.5,0.505337172630784,0.004055189686713689,529,0.0670391061452514,0.01675977653631285,0.1005586592178771,0.06741573033707865,0.0,0.050354654447304005,0.036753504269234814,529,0.9497206703910615,1.0,0.9325842696629213,0.9720670391061452,0.994413407821229,0.9697570773962714,0.02573394707851841,1,0.5566470203012442,0.5583437892095358,0.5585464333781965,0.5653021442495126,0.5552089831565814,0.5588096740590142,0.0034664263954216753,529,0.5083798882681564,0.5083798882681564,0.5165714644403991,0.5197413847216119,0.4972067039106145,0.5100558659217876,0.007835573559833376,529,0.5042272433400196,0.5028248587570622,0.5070354293660563,0.5114752046069825,0.5000078243587938,0.5051141120857828,0.0039052874281109958,529,0.5083798882681565,0.5083798882681565,0.5165714644403991,0.5197413847216119,0.4972067039106145,0.5100558659217878,0.007835573559833366,529
201,0.008024930953979492,0.0010338682934777688,0.049370098114013675,0.00993791013931828,entropy,1,3,3,random,"{'criterion': 'entropy', 'max_depth': 1, 'min_samples_leaf': 3, 'min_samples_split': 3, 'splitter': 'random'}",0.5083798882681564,0.5070028011204482,0.5154061624649859,0.5210084033613446,0.49859943977591037,0.510079338998169,0.007641476301750491,529,0.5714285714285714,1.0,0.6,0.7058823529411765,0.0,0.5754621848739496,0.3252743080352861,505,0.5044510385756676,0.5028248587570622,0.5076452599388379,0.5117647058823529,0.5,0.505337172630784,0.004055189686713689,529,0.0670391061452514,0.01675977653631285,0.1005586592178771,0.06741573033707865,0.0,0.050354654447304005,0.036753504269234814,529,0.9497206703910615,1.0,0.9325842696629213,0.9720670391061452,0.994413407821229,0.9697570773962714,0.02573394707851841,1,0.5566470203012442,0.5583437892095358,0.5585464333781965,0.5653021442495126,0.5552089831565814,0.5588096740590142,0.0034664263954216753,529,0.5083798882681564,0.5083798882681564,0.5165714644403991,0.5197413847216119,0.4972067039106145,0.5100558659217876,0.007835573559833376,529,0.5042272433400196,0.5028248587570622,0.5070354293660563,0.5114752046069825,0.5000078243587938,0.5051141120857828,0.0039052874281109958,529,0.5083798882681565,0.5083798882681565,0.5165714644403991,0.5197413847216119,0.4972067039106145,0.5100558659217878,0.007835573559833366,529
411,0.006279611587524414,0.003678123759563262,0.04356298446655273,0.005249034881059514,log_loss,1,6,3,random,"{'criterion': 'log_loss', 'max_depth': 1, 'min_samples_leaf': 6, 'min_samples_split': 3, 'splitter': 'random'}",0.5083798882681564,0.5070028011204482,0.5154061624649859,0.5210084033613446,0.49859943977591037,0.510079338998169,0.007641476301750491,529,0.5714285714285714,1.0,0.6,0.7058823529411765,0.0,0.5754621848739496,0.3252743080352861,505,0.5044510385756676,0.5028248587570622,0.5076452599388379,0.5117647058823529,0.5,0.505337172630784,0.004055189686713689,529,0.0670391061452514,0.01675977653631285,0.1005586592178771,0.06741573033707865,0.0,0.050354654447304005,0.036753504269234814,529,0.9497206703910615,1.0,0.9325842696629213,0.9720670391061452,0.994413407821229,0.9697570773962714,0.02573394707851841,1,0.5566470203012442,0.5583437892095358,0.5585464333781965,0.5653021442495126,0.5552089831565814,0.5588096740590142,0.0034664263954216753,529,0.5083798882681564,0.5083798882681564,0.5165714644403991,0.5197413847216119,0.4972067039106145,0.5100558659217876,0.007835573559833376,529,0.5042272433400196,0.5028248587570622,0.5070354293660563,0.5114752046069825,0.5000078243587938,0.5051141120857828,0.0039052874281109958,529,0.5083798882681565,0.5083798882681565,0.5165714644403991,0.5197413847216119,0.4972067039106145,0.5100558659217878,0.007835573559833366,529
413,0.009110546112060547,0.0017888591055271186,0.043116426467895506,0.003923434629290097,log_loss,1,6,4,random,"{'criterion': 'log_loss', 'max_depth': 1, 'min_samples_leaf': 6, 'min_samples_split': 4, 'splitter': 'random'}",0.5083798882681564,0.5070028011204482,0.5154061624649859,0.5210084033613446,0.49859943977591037,0.510079338998169,0.007641476301750491,529,0.5714285714285714,1.0,0.6,0.7058823529411765,0.0,0.5754621848739496,0.3252743080352861,505,0.5044510385756676,0.5028248587570622,0.5076452599388379,0.5117647058823529,0.5,0.505337172630784,0.004055189686713689,529,0.0670391061452514,0.01675977653631285,0.1005586592178771,0.06741573033707865,0.0,0.050354654447304005,0.036753504269234814,529,0.9497206703910615,1.0,0.9325842696629213,0.9720670391061452,0.994413407821229,0.9697570773962714,0.02573394707851841,1,0.5566470203012442,0.5583437892095358,0.5585464333781965,0.5653021442495126,0.5552089831565814,0.5588096740590142,0.0034664263954216753,529,0.5083798882681564,0.5083798882681564,0.5165714644403991,0.5197413847216119,0.4972067039106145,0.5100558659217876,0.007835573559833376,529,0.5042272433400196,0.5028248587570622,0.5070354293660563,0.5114752046069825,0.5000078243587938,0.5051141120857828,0.0039052874281109958,529,0.5083798882681565,0.5083798882681565,0.5165714644403991,0.5197413847216119,0.4972067039106145,0.5100558659217878,0.007835573559833366,529
415,0.006847572326660156,0.004188735307242387,0.04343547821044922,0.004319001931411859,log_loss,1,7,2,random,"{'criterion': 'log_loss', 'max_depth': 1, 'min_samples_leaf': 7, 'min_samples_split': 2, 'splitter': 'random'}",0.5083798882681564,0.5070028011204482,0.5154061624649859,0.5210084033613446,0.49859943977591037,0.510079338998169,0.007641476301750491,529,0.5714285714285714,1.0,0.6,0.7058823529411765,0.0,0.5754621848739496,0.3252743080352861,505,0.5044510385756676,0.5028248587570622,0.5076452599388379,0.5117647058823529,0.5,0.505337172630784,0.004055189686713689,529,0.0670391061452514,0.01675977653631285,0.1005586592178771,0.06741573033707865,0.0,0.050354654447304005,0.036753504269234814,529,0.9497206703910615,1.0,0.9325842696629213,0.9720670391061452,0.994413407821229,0.9697570773962714,0.02573394707851841,1,0.5566470203012442,0.5583437892095358,0.5585464333781965,0.5653021442495126,0.5552089831565814,0.5588096740590142,0.0034664263954216753,529,0.5083798882681564,0.5083798882681564,0.5165714644403991,0.5197413847216119,0.4972067039106145,0.5100558659217876,0.007835573559833376,529,0.5042272433400196,0.5028248587570622,0.5070354293660563,0.5114752046069825,0.5000078243587938,0.5051141120857828,0.0039052874281109958,529,0.5083798882681565,0.5083798882681565,0.5165714644403991,0.5197413847216119,0.4972067039106145,0.5100558659217878,0.007835573559833366,529
417,0.008397054672241212,0.003114849144398675,0.042664384841918944,0.010397496614266867,log_loss,1,7,3,random,"{'criterion': 'log_loss', 'max_depth': 1, 'min_samples_leaf': 7, 'min_samples_split': 3, 'splitter': 'random'}",0.5083798882681564,0.5070028011204482,0.5154061624649859,0.5210084033613446,0.49859943977591037,0.510079338998169,0.007641476301750491,529,0.5714285714285714,1.0,0.6,0.7058823529411765,0.0,0.5754621848739496,0.3252743080352861,505,0.5044510385756676,0.5028248587570622,0.5076452599388379,0.5117647058823529,0.5,0.505337172630784,0.004055189686713689,529,0.0670391061452514,0.01675977653631285,0.1005586592178771,0.06741573033707865,0.0,0.050354654447304005,0.036753504269234814,529,0.9497206703910615,1.0,0.9325842696629213,0.9720670391061452,0.994413407821229,0.9697570773962714,0.02573394707851841,1,0.5566470203012442,0.5583437892095358,0.5585464333781965,0.5653021442495126,0.5552089831565814,0.5588096740590142,0.0034664263954216753,529,0.5083798882681564,0.5083798882681564,0.5165714644403991,0.5197413847216119,0.4972067039106145,0.5100558659217876,0.007835573559833376,529,0.5042272433400196,0.5028248587570622,0.5070354293660563,0.5114752046069825,0.5000078243587938,0.5051141120857828,0.0039052874281109958,529,0.5083798882681565,0.5083798882681565,0.5165714644403991,0.5197413847216119,0.4972067039106145,0.5100558659217878,0.007835573559833366,529
419,0.01048417091369629,0.0015614609897691794,0.04208197593688965,0.005141396870032791,log_loss,1,7,4,random,"{'criterion': 'log_loss', 'max_depth': 1, 'min_samples_leaf': 7, 'min_samples_split': 4, 'splitter': 'random'}",0.5083798882681564,0.5070028011204482,0.5154061624649859,0.5210084033613446,0.49859943977591037,0.510079338998169,0.007641476301750491,529,0.5714285714285714,1.0,0.6,0.7058823529411765,0.0,0.5754621848739496,0.3252743080352861,505,0.5044510385756676,0.5028248587570622,0.5076452599388379,0.5117647058823529,0.5,0.505337172630784,0.004055189686713689,529,0.0670391061452514,0.01675977653631285,0.1005586592178771,0.06741573033707865,0.0,0.050354654447304005,0.036753504269234814,529,0.9497206703910615,1.0,0.9325842696629213,0.9720670391061452,0.994413407821229,0.9697570773962714,0.02573394707851841,1,0.5566470203012442,0.5583437892095358,0.5585464333781965,0.5653021442495126,0.5552089831565814,0.5588096740590142,0.0034664263954216753,529,0.5083798882681564,0.5083798882681564,0.5165714644403991,0.5197413847216119,0.4972067039106145,0.5100558659217876,0.007835573559833376,529,0.5042272433400196,0.5028248587570622,0.5070354293660563,0.5114752046069825,0.5000078243587938,0.5051141120857828,0.0039052874281109958,529,0.5083798882681565,0.5083798882681565,0.5165714644403991,0.5197413847216119,0.4972067039106145,0.5100558659217878,0.007835573559833366,529
421,0.009054470062255859,0.002766472931622476,0.041535234451293944,0.0054447266675914045,log_loss,1,8,2,random,"{'criterion': 'log_loss', 'max_depth': 1, 'min_samples_leaf': 8, 'min_samples_split': 2, 'splitter': 'random'}",0.5083798882681564,0.5070028011204482,0.5154061624649859,0.5210084033613446,0.49859943977591037,0.510079338998169,0.007641476301750491,529,0.5714285714285714,1.0,0.6,0.7058823529411765,0.0,0.5754621848739496,0.3252743080352861,505,0.5044510385756676,0.5028248587570622,0.5076452599388379,0.5117647058823529,0.5,0.505337172630784,0.004055189686713689,529,0.0670391061452514,0.01675977653631285,0.1005586592178771,0.06741573033707865,0.0,0.050354654447304005,0.036753504269234814,529,0.9497206703910615,1.0,0.9325842696629213,0.9720670391061452,0.994413407821229,0.9697570773962714,0.02573394707851841,1,0.5566470203012442,0.5583437892095358,0.5585464333781965,0.5653021442495126,0.5552089831565814,0.5588096740590142,0.0034664263954216753,529,0.5083798882681564,0.5083798882681564,0.5165714644403991,0.5197413847216119,0.4972067039106145,0.5100558659217876,0.007835573559833376,529,0.5042272433400196,0.5028248587570622,0.5070354293660563,0.5114752046069825,0.5000078243587938,0.5051141120857828,0.0039052874281109958,529,0.5083798882681565,0.5083798882681565,0.5165714644403991,0.5197413847216119,0.4972067039106145,0.5100558659217878,0.007835573559833366,529
423,0.0053327083587646484,0.003243882691241198,0.04863958358764649,0.009543798386122472,log_loss,1,8,3,random,"{'criterion': 'log_loss', 'max_depth': 1, 'min_samples_leaf': 8, 'min_samples_split': 3, 'splitter': 'random'}",0.5083798882681564,0.5070028011204482,0.5154061624649859,0.5210084033613446,0.49859943977591037,0.510079338998169,0.007641476301750491,529,0.5714285714285714,1.0,0.6,0.7058823529411765,0.0,0.5754621848739496,0.3252743080352861,505,0.5044510385756676,0.5028248587570622,0.5076452599388379,0.5117647058823529,0.5,0.505337172630784,0.004055189686713689,529,0.0670391061452514,0.01675977653631285,0.1005586592178771,0.06741573033707865,0.0,0.050354654447304005,0.036753504269234814,529,0.9497206703910615,1.0,0.9325842696629213,0.9720670391061452,0.994413407821229,0.9697570773962714,0.02573394707851841,1,0.5566470203012442,0.5583437892095358,0.5585464333781965,0.5653021442495126,0.5552089831565814,0.5588096740590142,0.0034664263954216753,529,0.5083798882681564,0.5083798882681564,0.5165714644403991,0.5197413847216119,0.4972067039106145,0.5100558659217876,0.007835573559833376,529,0.5042272433400196,0.5028248587570622,0.5070354293660563,0.5114752046069825,0.5000078243587938,0.5051141120857828,0.0039052874281109958,529,0.5083798882681565,0.5083798882681565,0.5165714644403991,0.5197413847216119,0.4972067039106145,0.5100558659217878,0.007835573559833366,529
425,0.0041805744171142575,0.003684747021142091,0.04564785957336426,0.007580489492112571,log_loss,1,8,4,random,"{'criterion': 'log_loss', 'max_depth': 1, 'min_samples_leaf': 8, 'min_samples_split': 4, 'splitter': 'random'}",0.5083798882681564,0.5070028011204482,0.5154061624649859,0.5210084033613446,0.49859943977591037,0.510079338998169,0.007641476301750491,529,0.5714285714285714,1.0,0.6,0.7058823529411765,0.0,0.5754621848739496,0.3252743080352861,505,0.5044510385756676,0.5028248587570622,0.5076452599388379,0.5117647058823529,0.5,0.505337172630784,0.004055189686713689,529,0.0670391061452514,0.01675977653631285,0.1005586592178771,0.06741573033707865,0.0,0.050354654447304005,0.036753504269234814,529,0.9497206703910615,1.0,0.9325842696629213,0.9720670391061452,0.994413407821229,0.9697570773962714,0.02573394707851841,1,0.5566470203012442,0.5583437892095358,0.5585464333781965,0.5653021442495126,0.5552089831565814,0.5588096740590142,0.0034664263954216753,529,0.5083798882681564,0.5083798882681564,0.5165714644403991,0.5197413847216119,0.4972067039106145,0.5100558659217876,0.007835573559833376,529,0.5042272433400196,0.5028248587570622,0.5070354293660563,0.5114752046069825,0.5000078243587938,0.5051141120857828,0.0039052874281109958,529,0.5083798882681565,0.5083798882681565,0.5165714644403991,0.5197413847216119,0.4972067039106145,0.5100558659217878,0.007835573559833366,529
235,0.011070013046264648,0.011314680315625845,0.054868459701538086,0.005322069489123913,entropy,1,9,2,random,"{'criterion': 'entropy', 'max_depth': 1, 'min_samples_leaf': 9, 'min_samples_split': 2, 'splitter': 'random'}",0.5083798882681564,0.5070028011204482,0.5154061624649859,0.5210084033613446,0.49859943977591037,0.510079338998169,0.007641476301750491,529,0.5714285714285714,1.0,0.6,0.7058823529411765,0.0,0.5754621848739496,0.3252743080352861,505,0.5044510385756676,0.5028248587570622,0.5076452599388379,0.5117647058823529,0.5,0.505337172630784,0.004055189686713689,529,0.0670391061452514,0.01675977653631285,0.1005586592178771,0.06741573033707865,0.0,0.050354654447304005,0.036753504269234814,529,0.9497206703910615,1.0,0.9325842696629213,0.9720670391061452,0.994413407821229,0.9697570773962714,0.02573394707851841,1,0.5566470203012442,0.5583437892095358,0.5585464333781965,0.5653021442495126,0.5552089831565814,0.5588096740590142,0.0034664263954216753,529,0.5083798882681564,0.5083798882681564,0.5165714644403991,0.5197413847216119,0.4972067039106145,0.5100558659217876,0.007835573559833376,529,0.5042272433400196,0.5028248587570622,0.5070354293660563,0.5114752046069825,0.5000078243587938,0.5051141120857828,0.0039052874281109958,529,0.5083798882681565,0.5083798882681565,0.5165714644403991,0.5197413847216119,0.4972067039106145,0.5100558659217878,0.007835573559833366,529
429,0.013383913040161132,0.012185341990491977,0.04643969535827637,0.008063825634641855,log_loss,1,9,3,random,"{'criterion': 'log_loss', 'max_depth': 1, 'min_samples_leaf': 9, 'min_samples_split': 3, 'splitter': 'random'}",0.5083798882681564,0.5070028011204482,0.5154061624649859,0.5210084033613446,0.49859943977591037,0.510079338998169,0.007641476301750491,529,0.5714285714285714,1.0,0.6,0.7058823529411765,0.0,0.5754621848739496,0.3252743080352861,505,0.5044510385756676,0.5028248587570622,0.5076452599388379,0.5117647058823529,0.5,0.505337172630784,0.004055189686713689,529,0.0670391061452514,0.01675977653631285,0.1005586592178771,0.06741573033707865,0.0,0.050354654447304005,0.036753504269234814,529,0.9497206703910615,1.0,0.9325842696629213,0.9720670391061452,0.994413407821229,0.9697570773962714,0.02573394707851841,1,0.5566470203012442,0.5583437892095358,0.5585464333781965,0.5653021442495126,0.5552089831565814,0.5588096740590142,0.0034664263954216753,529,0.5083798882681564,0.5083798882681564,0.5165714644403991,0.5197413847216119,0.4972067039106145,0.5100558659217876,0.007835573559833376,529,0.5042272433400196,0.5028248587570622,0.5070354293660563,0.5114752046069825,0.5000078243587938,0.5051141120857828,0.0039052874281109958,529,0.5083798882681565,0.5083798882681565,0.5165714644403991,0.5197413847216119,0.4972067039106145,0.5100558659217878,0.007835573559833366,529
431,0.00826106071472168,0.004088985668594203,0.04493184089660644,0.004956732063228716,log_loss,1,9,4,random,"{'criterion': 'log_loss', 'max_depth': 1, 'min_samples_leaf': 9, 'min_samples_split': 4, 'splitter': 'random'}",0.5083798882681564,0.5070028011204482,0.5154061624649859,0.5210084033613446,0.49859943977591037,0.510079338998169,0.007641476301750491,529,0.5714285714285714,1.0,0.6,0.7058823529411765,0.0,0.5754621848739496,0.3252743080352861,505,0.5044510385756676,0.5028248587570622,0.5076452599388379,0.5117647058823529,0.5,0.505337172630784,0.004055189686713689,529,0.0670391061452514,0.01675977653631285,0.1005586592178771,0.06741573033707865,0.0,0.050354654447304005,0.036753504269234814,529,0.9497206703910615,1.0,0.9325842696629213,0.9720670391061452,0.994413407821229,0.9697570773962714,0.02573394707851841,1,0.5566470203012442,0.5583437892095358,0.5585464333781965,0.5653021442495126,0.5552089831565814,0.5588096740590142,0.0034664263954216753,529,0.5083798882681564,0.5083798882681564,0.5165714644403991,0.5197413847216119,0.4972067039106145,0.5100558659217876,0.007835573559833376,529,0.5042272433400196,0.5028248587570622,0.5070354293660563,0.5114752046069825,0.5000078243587938,0.5051141120857828,0.0039052874281109958,529,0.5083798882681565,0.5083798882681565,0.5165714644403991,0.5197413847216119,0.4972067039106145,0.5100558659217878,0.007835573559833366,529
193,0.006486272811889649,0.002239210949786122,0.06124205589294433,0.017804803708786225,entropy,1,2,2,random,"{'criterion': 'entropy', 'max_depth': 1, 'min_samples_leaf': 2, 'min_samples_split': 2, 'splitter': 'random'}",0.5083798882681564,0.5070028011204482,0.5154061624649859,0.5210084033613446,0.49859943977591037,0.510079338998169,0.007641476301750491,529,0.5714285714285714,1.0,0.6,0.7058823529411765,0.0,0.5754621848739496,0.3252743080352861,505,0.5044510385756676,0.5028248587570622,0.5076452599388379,0.5117647058823529,0.5,0.505337172630784,0.004055189686713689,529,0.0670391061452514,0.01675977653631285,0.1005586592178771,0.06741573033707865,0.0,0.050354654447304005,0.036753504269234814,529,0.9497206703910615,1.0,0.9325842696629213,0.9720670391061452,0.994413407821229,0.9697570773962714,0.02573394707851841,1,0.5566470203012442,0.5583437892095358,0.5585464333781965,0.5653021442495126,0.5552089831565814,0.5588096740590142,0.0034664263954216753,529,0.5083798882681564,0.5083798882681564,0.5165714644403991,0.5197413847216119,0.4972067039106145,0.5100558659217876,0.007835573559833376,529,0.5042272433400196,0.5028248587570622,0.5070354293660563,0.5114752046069825,0.5000078243587938,0.5051141120857828,0.0039052874281109958,529,0.5083798882681565,0.5083798882681565,0.5165714644403991,0.5197413847216119,0.4972067039106145,0.5100558659217878,0.007835573559833366,529
195,0.006300687789916992,0.0033694516096243405,0.04792208671569824,0.005647992410437287,entropy,1,2,3,random,"{'criterion': 'entropy', 'max_depth': 1, 'min_samples_leaf': 2, 'min_samples_split': 3, 'splitter': 'random'}",0.5083798882681564,0.5070028011204482,0.5154061624649859,0.5210084033613446,0.49859943977591037,0.510079338998169,0.007641476301750491,529,0.5714285714285714,1.0,0.6,0.7058823529411765,0.0,0.5754621848739496,0.3252743080352861,505,0.5044510385756676,0.5028248587570622,0.5076452599388379,0.5117647058823529,0.5,0.505337172630784,0.004055189686713689,529,0.0670391061452514,0.01675977653631285,0.1005586592178771,0.06741573033707865,0.0,0.050354654447304005,0.036753504269234814,529,0.9497206703910615,1.0,0.9325842696629213,0.9720670391061452,0.994413407821229,0.9697570773962714,0.02573394707851841,1,0.5566470203012442,0.5583437892095358,0.5585464333781965,0.5653021442495126,0.5552089831565814,0.5588096740590142,0.0034664263954216753,529,0.5083798882681564,0.5083798882681564,0.5165714644403991,0.5197413847216119,0.4972067039106145,0.5100558659217876,0.007835573559833376,529,0.5042272433400196,0.5028248587570622,0.5070354293660563,0.5114752046069825,0.5000078243587938,0.5051141120857828,0.0039052874281109958,529,0.5083798882681565,0.5083798882681565,0.5165714644403991,0.5197413847216119,0.4972067039106145,0.5100558659217878,0.007835573559833366,529
197,0.0019203662872314454,0.002880922499036833,0.04818854331970215,0.005500427850988364,entropy,1,2,4,random,"{'criterion': 'entropy', 'max_depth': 1, 'min_samples_leaf': 2, 'min_samples_split': 4, 'splitter': 'random'}",0.5083798882681564,0.5070028011204482,0.5154061624649859,0.5210084033613446,0.49859943977591037,0.510079338998169,0.007641476301750491,529,0.5714285714285714,1.0,0.6,0.7058823529411765,0.0,0.5754621848739496,0.3252743080352861,505,0.5044510385756676,0.5028248587570622,0.5076452599388379,0.5117647058823529,0.5,0.505337172630784,0.004055189686713689,529,0.0670391061452514,0.01675977653631285,0.1005586592178771,0.06741573033707865,0.0,0.050354654447304005,0.036753504269234814,529,0.9497206703910615,1.0,0.9325842696629213,0.9720670391061452,0.994413407821229,0.9697570773962714,0.02573394707851841,1,0.5566470203012442,0.5583437892095358,0.5585464333781965,0.5653021442495126,0.5552089831565814,0.5588096740590142,0.0034664263954216753,529,0.5083798882681564,0.5083798882681564,0.5165714644403991,0.5197413847216119,0.4972067039106145,0.5100558659217876,0.007835573559833376,529,0.5042272433400196,0.5028248587570622,0.5070354293660563,0.5114752046069825,0.5000078243587938,0.5051141120857828,0.0039052874281109958,529,0.5083798882681565,0.5083798882681565,0.5165714644403991,0.5197413847216119,0.4972067039106145,0.5100558659217878,0.007835573559833366,529
199,0.007034730911254883,0.005296962439206323,0.048906898498535155,0.0034433654295982757,entropy,1,3,2,random,"{'criterion': 'entropy', 'max_depth': 1, 'min_samples_leaf': 3, 'min_samples_split': 2, 'splitter': 'random'}",0.5083798882681564,0.5070028011204482,0.5154061624649859,0.5210084033613446,0.49859943977591037,0.510079338998169,0.007641476301750491,529,0.5714285714285714,1.0,0.6,0.7058823529411765,0.0,0.5754621848739496,0.3252743080352861,505,0.5044510385756676,0.5028248587570622,0.5076452599388379,0.5117647058823529,0.5,0.505337172630784,0.004055189686713689,529,0.0670391061452514,0.01675977653631285,0.1005586592178771,0.06741573033707865,0.0,0.050354654447304005,0.036753504269234814,529,0.9497206703910615,1.0,0.9325842696629213,0.9720670391061452,0.994413407821229,0.9697570773962714,0.02573394707851841,1,0.5566470203012442,0.5583437892095358,0.5585464333781965,0.5653021442495126,0.5552089831565814,0.5588096740590142,0.0034664263954216753,529,0.5083798882681564,0.5083798882681564,0.5165714644403991,0.5197413847216119,0.4972067039106145,0.5100558659217876,0.007835573559833376,529,0.5042272433400196,0.5028248587570622,0.5070354293660563,0.5114752046069825,0.5000078243587938,0.5051141120857828,0.0039052874281109958,529,0.5083798882681565,0.5083798882681565,0.5165714644403991,0.5197413847216119,0.4972067039106145,0.5100558659217878,0.007835573559833366,529
407,0.007100868225097656,0.004917776880168382,0.04200525283813476,0.003240590794352679,log_loss,1,5,4,random,"{'criterion': 'log_loss', 'max_depth': 1, 'min_samples_leaf': 5, 'min_samples_split': 4, 'splitter': 'random'}",0.5083798882681564,0.5070028011204482,0.5154061624649859,0.5210084033613446,0.49859943977591037,0.510079338998169,0.007641476301750491,529,0.5714285714285714,1.0,0.6,0.7058823529411765,0.0,0.5754621848739496,0.3252743080352861,505,0.5044510385756676,0.5028248587570622,0.5076452599388379,0.5117647058823529,0.5,0.505337172630784,0.004055189686713689,529,0.0670391061452514,0.01675977653631285,0.1005586592178771,0.06741573033707865,0.0,0.050354654447304005,0.036753504269234814,529,0.9497206703910615,1.0,0.9325842696629213,0.9720670391061452,0.994413407821229,0.9697570773962714,0.02573394707851841,1,0.5566470203012442,0.5583437892095358,0.5585464333781965,0.5653021442495126,0.5552089831565814,0.5588096740590142,0.0034664263954216753,529,0.5083798882681564,0.5083798882681564,0.5165714644403991,0.5197413847216119,0.4972067039106145,0.5100558659217876,0.007835573559833376,529,0.5042272433400196,0.5028248587570622,0.5070354293660563,0.5114752046069825,0.5000078243587938,0.5051141120857828,0.0039052874281109958,529,0.5083798882681565,0.5083798882681565,0.5165714644403991,0.5197413847216119,0.4972067039106145,0.5100558659217878,0.007835573559833366,529
237,0.009885454177856445,0.0032141727612110746,0.04632711410522461,0.013896780145785029,entropy,1,9,3,random,"{'criterion': 'entropy', 'max_depth': 1, 'min_samples_leaf': 9, 'min_samples_split': 3, 'splitter': 'random'}",0.5083798882681564,0.5070028011204482,0.5154061624649859,0.5210084033613446,0.49859943977591037,0.510079338998169,0.007641476301750491,529,0.5714285714285714,1.0,0.6,0.7058823529411765,0.0,0.5754621848739496,0.3252743080352861,505,0.5044510385756676,0.5028248587570622,0.5076452599388379,0.5117647058823529,0.5,0.505337172630784,0.004055189686713689,529,0.0670391061452514,0.01675977653631285,0.1005586592178771,0.06741573033707865,0.0,0.050354654447304005,0.036753504269234814,529,0.9497206703910615,1.0,0.9325842696629213,0.9720670391061452,0.994413407821229,0.9697570773962714,0.02573394707851841,1,0.5566470203012442,0.5583437892095358,0.5585464333781965,0.5653021442495126,0.5552089831565814,0.5588096740590142,0.0034664263954216753,529,0.5083798882681564,0.5083798882681564,0.5165714644403991,0.5197413847216119,0.4972067039106145,0.5100558659217876,0.007835573559833376,529,0.5042272433400196,0.5028248587570622,0.5070354293660563,0.5114752046069825,0.5000078243587938,0.5051141120857828,0.0039052874281109958,529,0.5083798882681565,0.5083798882681565,0.5165714644403991,0.5197413847216119,0.4972067039106145,0.5100558659217878,0.007835573559833366,529
