,mean_fit_time,std_fit_time,mean_score_time,std_score_time,param_C,param_dual,param_fit_intercept,param_max_iter,param_n_jobs,param_penalty,param_solver,params,split0_test_accuracy_score,split1_test_accuracy_score,split2_test_accuracy_score,split3_test_accuracy_score,split4_test_accuracy_score,mean_test_accuracy_score,std_test_accuracy_score,rank_test_accuracy_score,split0_test_precision_0,split1_test_precision_0,split2_test_precision_0,split3_test_precision_0,split4_test_precision_0,mean_test_precision_0,std_test_precision_0,rank_test_precision_0,split0_test_precision_1,split1_test_precision_1,split2_test_precision_1,split3_test_precision_1,split4_test_precision_1,mean_test_precision_1,std_test_precision_1,rank_test_precision_1,split0_test_recall_0,split1_test_recall_0,split2_test_recall_0,split3_test_recall_0,split4_test_recall_0,mean_test_recall_0,std_test_recall_0,rank_test_recall_0,split0_test_recall_1,split1_test_recall_1,split2_test_recall_1,split3_test_recall_1,split4_test_recall_1,mean_test_recall_1,std_test_recall_1,rank_test_recall_1,split0_test_fbeta_score,split1_test_fbeta_score,split2_test_fbeta_score,split3_test_fbeta_score,split4_test_fbeta_score,mean_test_fbeta_score,std_test_fbeta_score,rank_test_fbeta_score,split0_test_balanced_accuracy_score,split1_test_balanced_accuracy_score,split2_test_balanced_accuracy_score,split3_test_balanced_accuracy_score,split4_test_balanced_accuracy_score,mean_test_balanced_accuracy_score,std_test_balanced_accuracy_score,rank_test_balanced_accuracy_score,split0_test_average_precision_score,split1_test_average_precision_score,split2_test_average_precision_score,split3_test_average_precision_score,split4_test_average_precision_score,mean_test_average_precision_score,std_test_average_precision_score,rank_test_average_precision_score,split0_test_roc_auc,split1_test_roc_auc,split2_test_roc_auc,split3_test_roc_auc,split4_test_roc_auc,mean_test_roc_auc,std_test_roc_auc,rank_test_roc_auc
50,0.06430654525756836,0.02217269424417956,0.0459437370300293,0.0032243520893419433,1,False,False,500,-1,l2,lbfgs,"{'C': 1, 'dual': False, 'fit_intercept': False, 'max_iter': 500, 'n_jobs': -1, 'penalty': 'l2', 'solver': 'lbfgs'}",0.6983240223463687,0.7142857142857143,0.7394957983193278,0.7282913165266106,0.7366946778711485,0.723418305869834,0.015307653931548565,1,0.7591240875912408,0.7421383647798742,0.7792207792207793,0.8045112781954887,0.7592592592592593,0.7688507538093285,0.021351191805672444,1,0.6606334841628959,0.6919191919191919,0.7093596059113301,0.6830357142857143,0.717948717948718,0.6925793428455701,0.02018532612561813,55,0.5810055865921788,0.659217877094972,0.6703910614525139,0.601123595505618,0.6910112359550562,0.6405498713200677,0.042155173958390676,55,0.8156424581005587,0.7696629213483146,0.8089887640449438,0.8547486033519553,0.7821229050279329,0.8062331303747412,0.02955863067832946,1,0.6867356538099718,0.7061855670103093,0.7272727272727273,0.7116279069767442,0.7299270072992701,0.7123497724738045,0.015660493975332864,1,0.6983240223463687,0.7144403992216433,0.7396899127487289,0.7279360994287867,0.7365670704914946,0.7233915008474044,0.015286516548461908,1,0.6310194898758816,0.6473904849648406,0.6691020460877105,0.6566529544778805,0.670767834422123,0.6549865619656873,0.014718649711904765,1,0.6983240223463687,0.7144403992216435,0.7396899127487289,0.7279360994287867,0.7365670704914945,0.7233915008474044,0.015286516548461863,1
413,0.055524015426635744,0.009630306739018709,0.04574942588806152,0.004138997834081071,7,False,False,500,-1,l2,sag,"{'C': 7, 'dual': False, 'fit_intercept': False, 'max_iter': 500, 'n_jobs': -1, 'penalty': 'l2', 'solver': 'sag'}",0.6983240223463687,0.7142857142857143,0.7366946778711485,0.7282913165266106,0.7366946778711485,0.7228580817801982,0.014750107656156195,2,0.7591240875912408,0.7421383647798742,0.7777777777777778,0.8045112781954887,0.7592592592592593,0.7685621535207281,0.021218411047386667,2,0.6606334841628959,0.6919191919191919,0.7058823529411765,0.6830357142857143,0.717948717948718,0.6918838922515393,0.019647959412579304,56,0.5810055865921788,0.659217877094972,0.664804469273743,0.601123595505618,0.6910112359550562,0.6394325528843137,0.041417002180868044,56,0.8156424581005587,0.7696629213483146,0.8089887640449438,0.8547486033519553,0.7821229050279329,0.8062331303747412,0.02955863067832946,1,0.6867356538099718,0.7061855670103093,0.7243460764587525,0.7116279069767442,0.7299270072992701,0.7117644423110095,0.015137760931712345,51,0.6983240223463687,0.7144403992216433,0.7368966166593434,0.7279360994287867,0.7365670704914946,0.7228328416295273,0.014721259205054795,2,0.6310194898758816,0.6473904849648406,0.6662889875051144,0.6566529544778805,0.670767834422123,0.654423950249168,0.014213433913492918,2,0.6983240223463687,0.7144403992216435,0.7368966166593435,0.7279360994287867,0.7365670704914945,0.7228328416295273,0.01472125920505477,2
233,0.05267834663391113,0.0159580582425929,0.04247450828552246,0.00648529554775204,4,False,False,500,-1,l2,sag,"{'C': 4, 'dual': False, 'fit_intercept': False, 'max_iter': 500, 'n_jobs': -1, 'penalty': 'l2', 'solver': 'sag'}",0.6983240223463687,0.7142857142857143,0.7366946778711485,0.7282913165266106,0.7366946778711485,0.7228580817801982,0.014750107656156195,2,0.7591240875912408,0.7421383647798742,0.7777777777777778,0.8045112781954887,0.7592592592592593,0.7685621535207281,0.021218411047386667,2,0.6606334841628959,0.6919191919191919,0.7058823529411765,0.6830357142857143,0.717948717948718,0.6918838922515393,0.019647959412579304,56,0.5810055865921788,0.659217877094972,0.664804469273743,0.601123595505618,0.6910112359550562,0.6394325528843137,0.041417002180868044,56,0.8156424581005587,0.7696629213483146,0.8089887640449438,0.8547486033519553,0.7821229050279329,0.8062331303747412,0.02955863067832946,1,0.6867356538099718,0.7061855670103093,0.7243460764587525,0.7116279069767442,0.7299270072992701,0.7117644423110095,0.015137760931712345,51,0.6983240223463687,0.7144403992216433,0.7368966166593434,0.7279360994287867,0.7365670704914946,0.7228328416295273,0.014721259205054795,2,0.6310194898758816,0.6473904849648406,0.6662889875051144,0.6566529544778805,0.670767834422123,0.654423950249168,0.014213433913492918,2,0.6983240223463687,0.7144403992216435,0.7368966166593435,0.7279360994287867,0.7365670704914945,0.7228328416295273,0.01472125920505477,2
232,0.0360905647277832,0.007559055694586603,0.04256205558776856,0.0043343582956757,4,False,False,500,-1,l2,newton-cholesky,"{'C': 4, 'dual': False, 'fit_intercept': False, 'max_iter': 500, 'n_jobs': -1, 'penalty': 'l2', 'solver': 'newton-cholesky'}",0.6983240223463687,0.7142857142857143,0.7366946778711485,0.7282913165266106,0.7366946778711485,0.7228580817801982,0.014750107656156195,2,0.7591240875912408,0.7421383647798742,0.7777777777777778,0.8045112781954887,0.7592592592592593,0.7685621535207281,0.021218411047386667,2,0.6606334841628959,0.6919191919191919,0.7058823529411765,0.6830357142857143,0.717948717948718,0.6918838922515393,0.019647959412579304,56,0.5810055865921788,0.659217877094972,0.664804469273743,0.601123595505618,0.6910112359550562,0.6394325528843137,0.041417002180868044,56,0.8156424581005587,0.7696629213483146,0.8089887640449438,0.8547486033519553,0.7821229050279329,0.8062331303747412,0.02955863067832946,1,0.6867356538099718,0.7061855670103093,0.7243460764587525,0.7116279069767442,0.7299270072992701,0.7117644423110095,0.015137760931712345,51,0.6983240223463687,0.7144403992216433,0.7368966166593434,0.7279360994287867,0.7365670704914946,0.7228328416295273,0.014721259205054795,2,0.6310194898758816,0.6473904849648406,0.6662889875051144,0.6566529544778805,0.670767834422123,0.654423950249168,0.014213433913492918,2,0.6983240223463687,0.7144403992216435,0.7368966166593435,0.7279360994287867,0.7365670704914945,0.7228328416295273,0.01472125920505477,2
231,0.033023500442504884,0.0031195904127225486,0.043781709671020505,0.0020761140253998493,4,False,False,500,-1,l2,newton-cg,"{'C': 4, 'dual': False, 'fit_intercept': False, 'max_iter': 500, 'n_jobs': -1, 'penalty': 'l2', 'solver': 'newton-cg'}",0.6983240223463687,0.7142857142857143,0.7366946778711485,0.7282913165266106,0.7366946778711485,0.7228580817801982,0.014750107656156195,2,0.7591240875912408,0.7421383647798742,0.7777777777777778,0.8045112781954887,0.7592592592592593,0.7685621535207281,0.021218411047386667,2,0.6606334841628959,0.6919191919191919,0.7058823529411765,0.6830357142857143,0.717948717948718,0.6918838922515393,0.019647959412579304,56,0.5810055865921788,0.659217877094972,0.664804469273743,0.601123595505618,0.6910112359550562,0.6394325528843137,0.041417002180868044,56,0.8156424581005587,0.7696629213483146,0.8089887640449438,0.8547486033519553,0.7821229050279329,0.8062331303747412,0.02955863067832946,1,0.6867356538099718,0.7061855670103093,0.7243460764587525,0.7116279069767442,0.7299270072992701,0.7117644423110095,0.015137760931712345,51,0.6983240223463687,0.7144403992216433,0.7368966166593434,0.7279360994287867,0.7365670704914946,0.7228328416295273,0.014721259205054795,2,0.6310194898758816,0.6473904849648406,0.6662889875051144,0.6566529544778805,0.670767834422123,0.654423950249168,0.014213433913492918,2,0.6983240223463687,0.7144403992216435,0.7368966166593435,0.7279360994287867,0.7365670704914945,0.7228328416295273,0.01472125920505477,2
110,0.04240617752075195,0.005899775495217643,0.04496769905090332,0.0038956933015907025,2,False,False,500,-1,l2,lbfgs,"{'C': 2, 'dual': False, 'fit_intercept': False, 'max_iter': 500, 'n_jobs': -1, 'penalty': 'l2', 'solver': 'lbfgs'}",0.6983240223463687,0.7142857142857143,0.7366946778711485,0.7282913165266106,0.7366946778711485,0.7228580817801982,0.014750107656156195,2,0.7591240875912408,0.7421383647798742,0.7777777777777778,0.8045112781954887,0.7592592592592593,0.7685621535207281,0.021218411047386667,2,0.6606334841628959,0.6919191919191919,0.7058823529411765,0.6830357142857143,0.717948717948718,0.6918838922515393,0.019647959412579304,56,0.5810055865921788,0.659217877094972,0.664804469273743,0.601123595505618,0.6910112359550562,0.6394325528843137,0.041417002180868044,56,0.8156424581005587,0.7696629213483146,0.8089887640449438,0.8547486033519553,0.7821229050279329,0.8062331303747412,0.02955863067832946,1,0.6867356538099718,0.7061855670103093,0.7243460764587525,0.7116279069767442,0.7299270072992701,0.7117644423110095,0.015137760931712345,51,0.6983240223463687,0.7144403992216433,0.7368966166593434,0.7279360994287867,0.7365670704914946,0.7228328416295273,0.014721259205054795,2,0.6310194898758816,0.6473904849648406,0.6662889875051144,0.6566529544778805,0.670767834422123,0.654423950249168,0.014213433913492918,2,0.6983240223463687,0.7144403992216435,0.7368966166593435,0.7279360994287867,0.7365670704914945,0.7228328416295273,0.01472125920505477,2
111,0.04951801300048828,0.01696703823861391,0.04616589546203613,0.008980908448179711,2,False,False,500,-1,l2,newton-cg,"{'C': 2, 'dual': False, 'fit_intercept': False, 'max_iter': 500, 'n_jobs': -1, 'penalty': 'l2', 'solver': 'newton-cg'}",0.6983240223463687,0.7142857142857143,0.7366946778711485,0.7282913165266106,0.7366946778711485,0.7228580817801982,0.014750107656156195,2,0.7591240875912408,0.7421383647798742,0.7777777777777778,0.8045112781954887,0.7592592592592593,0.7685621535207281,0.021218411047386667,2,0.6606334841628959,0.6919191919191919,0.7058823529411765,0.6830357142857143,0.717948717948718,0.6918838922515393,0.019647959412579304,56,0.5810055865921788,0.659217877094972,0.664804469273743,0.601123595505618,0.6910112359550562,0.6394325528843137,0.041417002180868044,56,0.8156424581005587,0.7696629213483146,0.8089887640449438,0.8547486033519553,0.7821229050279329,0.8062331303747412,0.02955863067832946,1,0.6867356538099718,0.7061855670103093,0.7243460764587525,0.7116279069767442,0.7299270072992701,0.7117644423110095,0.015137760931712345,51,0.6983240223463687,0.7144403992216433,0.7368966166593434,0.7279360994287867,0.7365670704914946,0.7228328416295273,0.014721259205054795,2,0.6310194898758816,0.6473904849648406,0.6662889875051144,0.6566529544778805,0.670767834422123,0.654423950249168,0.014213433913492918,2,0.6983240223463687,0.7144403992216435,0.7368966166593435,0.7279360994287867,0.7365670704914945,0.7228328416295273,0.01472125920505477,2
112,0.07123832702636719,0.054516883647991975,0.055459117889404295,0.01916346208971129,2,False,False,500,-1,l2,newton-cholesky,"{'C': 2, 'dual': False, 'fit_intercept': False, 'max_iter': 500, 'n_jobs': -1, 'penalty': 'l2', 'solver': 'newton-cholesky'}",0.6983240223463687,0.7142857142857143,0.7366946778711485,0.7282913165266106,0.7366946778711485,0.7228580817801982,0.014750107656156195,2,0.7591240875912408,0.7421383647798742,0.7777777777777778,0.8045112781954887,0.7592592592592593,0.7685621535207281,0.021218411047386667,2,0.6606334841628959,0.6919191919191919,0.7058823529411765,0.6830357142857143,0.717948717948718,0.6918838922515393,0.019647959412579304,56,0.5810055865921788,0.659217877094972,0.664804469273743,0.601123595505618,0.6910112359550562,0.6394325528843137,0.041417002180868044,56,0.8156424581005587,0.7696629213483146,0.8089887640449438,0.8547486033519553,0.7821229050279329,0.8062331303747412,0.02955863067832946,1,0.6867356538099718,0.7061855670103093,0.7243460764587525,0.7116279069767442,0.7299270072992701,0.7117644423110095,0.015137760931712345,51,0.6983240223463687,0.7144403992216433,0.7368966166593434,0.7279360994287867,0.7365670704914946,0.7228328416295273,0.014721259205054795,2,0.6310194898758816,0.6473904849648406,0.6662889875051144,0.6566529544778805,0.670767834422123,0.654423950249168,0.014213433913492918,2,0.6983240223463687,0.7144403992216435,0.7368966166593435,0.7279360994287867,0.7365670704914945,0.7228328416295273,0.01472125920505477,2
54,0.05534834861755371,0.025759443162881885,0.05620880126953125,0.013434055564462267,1,False,False,500,-1,l2,saga,"{'C': 1, 'dual': False, 'fit_intercept': False, 'max_iter': 500, 'n_jobs': -1, 'penalty': 'l2', 'solver': 'saga'}",0.6983240223463687,0.7142857142857143,0.7366946778711485,0.7282913165266106,0.7366946778711485,0.7228580817801982,0.014750107656156195,2,0.7591240875912408,0.7421383647798742,0.7777777777777778,0.8045112781954887,0.7592592592592593,0.7685621535207281,0.021218411047386667,2,0.6606334841628959,0.6919191919191919,0.7058823529411765,0.6830357142857143,0.717948717948718,0.6918838922515393,0.019647959412579304,56,0.5810055865921788,0.659217877094972,0.664804469273743,0.601123595505618,0.6910112359550562,0.6394325528843137,0.041417002180868044,56,0.8156424581005587,0.7696629213483146,0.8089887640449438,0.8547486033519553,0.7821229050279329,0.8062331303747412,0.02955863067832946,1,0.6867356538099718,0.7061855670103093,0.7243460764587525,0.7116279069767442,0.7299270072992701,0.7117644423110095,0.015137760931712345,51,0.6983240223463687,0.7144403992216433,0.7368966166593434,0.7279360994287867,0.7365670704914946,0.7228328416295273,0.014721259205054795,2,0.6310194898758816,0.6473904849648406,0.6662889875051144,0.6566529544778805,0.670767834422123,0.654423950249168,0.014213433913492918,2,0.6983240223463687,0.7144403992216435,0.7368966166593435,0.7279360994287867,0.7365670704914945,0.7228328416295273,0.01472125920505477,2
410,0.04865221977233887,0.020765889546310874,0.046413087844848634,0.0038257387243922276,7,False,False,500,-1,l2,lbfgs,"{'C': 7, 'dual': False, 'fit_intercept': False, 'max_iter': 500, 'n_jobs': -1, 'penalty': 'l2', 'solver': 'lbfgs'}",0.6983240223463687,0.7142857142857143,0.7366946778711485,0.7282913165266106,0.7366946778711485,0.7228580817801982,0.014750107656156195,2,0.7591240875912408,0.7421383647798742,0.7777777777777778,0.8045112781954887,0.7592592592592593,0.7685621535207281,0.021218411047386667,2,0.6606334841628959,0.6919191919191919,0.7058823529411765,0.6830357142857143,0.717948717948718,0.6918838922515393,0.019647959412579304,56,0.5810055865921788,0.659217877094972,0.664804469273743,0.601123595505618,0.6910112359550562,0.6394325528843137,0.041417002180868044,56,0.8156424581005587,0.7696629213483146,0.8089887640449438,0.8547486033519553,0.7821229050279329,0.8062331303747412,0.02955863067832946,1,0.6867356538099718,0.7061855670103093,0.7243460764587525,0.7116279069767442,0.7299270072992701,0.7117644423110095,0.015137760931712345,51,0.6983240223463687,0.7144403992216433,0.7368966166593434,0.7279360994287867,0.7365670704914946,0.7228328416295273,0.014721259205054795,2,0.6310194898758816,0.6473904849648406,0.6662889875051144,0.6566529544778805,0.670767834422123,0.654423950249168,0.014213433913492918,2,0.6983240223463687,0.7144403992216435,0.7368966166593435,0.7279360994287867,0.7365670704914945,0.7228328416295273,0.01472125920505477,2
411,0.033554792404174805,0.011348241298876913,0.04127182960510254,0.005278522575053454,7,False,False,500,-1,l2,newton-cg,"{'C': 7, 'dual': False, 'fit_intercept': False, 'max_iter': 500, 'n_jobs': -1, 'penalty': 'l2', 'solver': 'newton-cg'}",0.6983240223463687,0.7142857142857143,0.7366946778711485,0.7282913165266106,0.7366946778711485,0.7228580817801982,0.014750107656156195,2,0.7591240875912408,0.7421383647798742,0.7777777777777778,0.8045112781954887,0.7592592592592593,0.7685621535207281,0.021218411047386667,2,0.6606334841628959,0.6919191919191919,0.7058823529411765,0.6830357142857143,0.717948717948718,0.6918838922515393,0.019647959412579304,56,0.5810055865921788,0.659217877094972,0.664804469273743,0.601123595505618,0.6910112359550562,0.6394325528843137,0.041417002180868044,56,0.8156424581005587,0.7696629213483146,0.8089887640449438,0.8547486033519553,0.7821229050279329,0.8062331303747412,0.02955863067832946,1,0.6867356538099718,0.7061855670103093,0.7243460764587525,0.7116279069767442,0.7299270072992701,0.7117644423110095,0.015137760931712345,51,0.6983240223463687,0.7144403992216433,0.7368966166593434,0.7279360994287867,0.7365670704914946,0.7228328416295273,0.014721259205054795,2,0.6310194898758816,0.6473904849648406,0.6662889875051144,0.6566529544778805,0.670767834422123,0.654423950249168,0.014213433913492918,2,0.6983240223463687,0.7144403992216435,0.7368966166593435,0.7279360994287867,0.7365670704914945,0.7228328416295273,0.01472125920505477,2
412,0.03683791160583496,0.012985541425777193,0.047080278396606445,0.0131718780840064,7,False,False,500,-1,l2,newton-cholesky,"{'C': 7, 'dual': False, 'fit_intercept': False, 'max_iter': 500, 'n_jobs': -1, 'penalty': 'l2', 'solver': 'newton-cholesky'}",0.6983240223463687,0.7142857142857143,0.7366946778711485,0.7282913165266106,0.7366946778711485,0.7228580817801982,0.014750107656156195,2,0.7591240875912408,0.7421383647798742,0.7777777777777778,0.8045112781954887,0.7592592592592593,0.7685621535207281,0.021218411047386667,2,0.6606334841628959,0.6919191919191919,0.7058823529411765,0.6830357142857143,0.717948717948718,0.6918838922515393,0.019647959412579304,56,0.5810055865921788,0.659217877094972,0.664804469273743,0.601123595505618,0.6910112359550562,0.6394325528843137,0.041417002180868044,56,0.8156424581005587,0.7696629213483146,0.8089887640449438,0.8547486033519553,0.7821229050279329,0.8062331303747412,0.02955863067832946,1,0.6867356538099718,0.7061855670103093,0.7243460764587525,0.7116279069767442,0.7299270072992701,0.7117644423110095,0.015137760931712345,51,0.6983240223463687,0.7144403992216433,0.7368966166593434,0.7279360994287867,0.7365670704914946,0.7228328416295273,0.014721259205054795,2,0.6310194898758816,0.6473904849648406,0.6662889875051144,0.6566529544778805,0.670767834422123,0.654423950249168,0.014213433913492918,2,0.6983240223463687,0.7144403992216435,0.7368966166593435,0.7279360994287867,0.7365670704914945,0.7228328416295273,0.01472125920505477,2
414,0.04524827003479004,0.01808695202050483,0.04206857681274414,0.005295340143035099,7,False,False,500,-1,l2,saga,"{'C': 7, 'dual': False, 'fit_intercept': False, 'max_iter': 500, 'n_jobs': -1, 'penalty': 'l2', 'solver': 'saga'}",0.6983240223463687,0.7142857142857143,0.7366946778711485,0.7282913165266106,0.7366946778711485,0.7228580817801982,0.014750107656156195,2,0.7591240875912408,0.7421383647798742,0.7777777777777778,0.8045112781954887,0.7592592592592593,0.7685621535207281,0.021218411047386667,2,0.6606334841628959,0.6919191919191919,0.7058823529411765,0.6830357142857143,0.717948717948718,0.6918838922515393,0.019647959412579304,56,0.5810055865921788,0.659217877094972,0.664804469273743,0.601123595505618,0.6910112359550562,0.6394325528843137,0.041417002180868044,56,0.8156424581005587,0.7696629213483146,0.8089887640449438,0.8547486033519553,0.7821229050279329,0.8062331303747412,0.02955863067832946,1,0.6867356538099718,0.7061855670103093,0.7243460764587525,0.7116279069767442,0.7299270072992701,0.7117644423110095,0.015137760931712345,51,0.6983240223463687,0.7144403992216433,0.7368966166593434,0.7279360994287867,0.7365670704914946,0.7228328416295273,0.014721259205054795,2,0.6310194898758816,0.6473904849648406,0.6662889875051144,0.6566529544778805,0.670767834422123,0.654423950249168,0.014213433913492918,2,0.6983240223463687,0.7144403992216435,0.7368966166593435,0.7279360994287867,0.7365670704914945,0.7228328416295273,0.01472125920505477,2
53,0.08115801811218262,0.026446555381618168,0.06419868469238281,0.027416238662460814,1,False,False,500,-1,l2,sag,"{'C': 1, 'dual': False, 'fit_intercept': False, 'max_iter': 500, 'n_jobs': -1, 'penalty': 'l2', 'solver': 'sag'}",0.6983240223463687,0.7142857142857143,0.7366946778711485,0.7282913165266106,0.7366946778711485,0.7228580817801982,0.014750107656156195,2,0.7591240875912408,0.7421383647798742,0.7777777777777778,0.8045112781954887,0.7592592592592593,0.7685621535207281,0.021218411047386667,2,0.6606334841628959,0.6919191919191919,0.7058823529411765,0.6830357142857143,0.717948717948718,0.6918838922515393,0.019647959412579304,56,0.5810055865921788,0.659217877094972,0.664804469273743,0.601123595505618,0.6910112359550562,0.6394325528843137,0.041417002180868044,56,0.8156424581005587,0.7696629213483146,0.8089887640449438,0.8547486033519553,0.7821229050279329,0.8062331303747412,0.02955863067832946,1,0.6867356538099718,0.7061855670103093,0.7243460764587525,0.7116279069767442,0.7299270072992701,0.7117644423110095,0.015137760931712345,51,0.6983240223463687,0.7144403992216433,0.7368966166593434,0.7279360994287867,0.7365670704914946,0.7228328416295273,0.014721259205054795,2,0.6310194898758816,0.6473904849648406,0.6662889875051144,0.6566529544778805,0.670767834422123,0.654423950249168,0.014213433913492918,2,0.6983240223463687,0.7144403992216435,0.7368966166593435,0.7279360994287867,0.7365670704914945,0.7228328416295273,0.01472125920505477,2
52,0.0869450569152832,0.05452270156309893,0.05545039176940918,0.009729103091014348,1,False,False,500,-1,l2,newton-cholesky,"{'C': 1, 'dual': False, 'fit_intercept': False, 'max_iter': 500, 'n_jobs': -1, 'penalty': 'l2', 'solver': 'newton-cholesky'}",0.6983240223463687,0.7142857142857143,0.7366946778711485,0.7282913165266106,0.7366946778711485,0.7228580817801982,0.014750107656156195,2,0.7591240875912408,0.7421383647798742,0.7777777777777778,0.8045112781954887,0.7592592592592593,0.7685621535207281,0.021218411047386667,2,0.6606334841628959,0.6919191919191919,0.7058823529411765,0.6830357142857143,0.717948717948718,0.6918838922515393,0.019647959412579304,56,0.5810055865921788,0.659217877094972,0.664804469273743,0.601123595505618,0.6910112359550562,0.6394325528843137,0.041417002180868044,56,0.8156424581005587,0.7696629213483146,0.8089887640449438,0.8547486033519553,0.7821229050279329,0.8062331303747412,0.02955863067832946,1,0.6867356538099718,0.7061855670103093,0.7243460764587525,0.7116279069767442,0.7299270072992701,0.7117644423110095,0.015137760931712345,51,0.6983240223463687,0.7144403992216433,0.7368966166593434,0.7279360994287867,0.7365670704914946,0.7228328416295273,0.014721259205054795,2,0.6310194898758816,0.6473904849648406,0.6662889875051144,0.6566529544778805,0.670767834422123,0.654423950249168,0.014213433913492918,2,0.6983240223463687,0.7144403992216435,0.7368966166593435,0.7279360994287867,0.7365670704914945,0.7228328416295273,0.01472125920505477,2
51,0.1067192554473877,0.07871424686448646,0.05140419006347656,0.011782502574693933,1,False,False,500,-1,l2,newton-cg,"{'C': 1, 'dual': False, 'fit_intercept': False, 'max_iter': 500, 'n_jobs': -1, 'penalty': 'l2', 'solver': 'newton-cg'}",0.6983240223463687,0.7142857142857143,0.7366946778711485,0.7282913165266106,0.7366946778711485,0.7228580817801982,0.014750107656156195,2,0.7591240875912408,0.7421383647798742,0.7777777777777778,0.8045112781954887,0.7592592592592593,0.7685621535207281,0.021218411047386667,2,0.6606334841628959,0.6919191919191919,0.7058823529411765,0.6830357142857143,0.717948717948718,0.6918838922515393,0.019647959412579304,56,0.5810055865921788,0.659217877094972,0.664804469273743,0.601123595505618,0.6910112359550562,0.6394325528843137,0.041417002180868044,56,0.8156424581005587,0.7696629213483146,0.8089887640449438,0.8547486033519553,0.7821229050279329,0.8062331303747412,0.02955863067832946,1,0.6867356538099718,0.7061855670103093,0.7243460764587525,0.7116279069767442,0.7299270072992701,0.7117644423110095,0.015137760931712345,51,0.6983240223463687,0.7144403992216433,0.7368966166593434,0.7279360994287867,0.7365670704914946,0.7228328416295273,0.014721259205054795,2,0.6310194898758816,0.6473904849648406,0.6662889875051144,0.6566529544778805,0.670767834422123,0.654423950249168,0.014213433913492918,2,0.6983240223463687,0.7144403992216435,0.7368966166593435,0.7279360994287867,0.7365670704914945,0.7228328416295273,0.01472125920505477,2
113,0.05414490699768067,0.0087828593031698,0.04061236381530762,0.005119600905882503,2,False,False,500,-1,l2,sag,"{'C': 2, 'dual': False, 'fit_intercept': False, 'max_iter': 500, 'n_jobs': -1, 'penalty': 'l2', 'solver': 'sag'}",0.6983240223463687,0.7142857142857143,0.7366946778711485,0.7282913165266106,0.7366946778711485,0.7228580817801982,0.014750107656156195,2,0.7591240875912408,0.7421383647798742,0.7777777777777778,0.8045112781954887,0.7592592592592593,0.7685621535207281,0.021218411047386667,2,0.6606334841628959,0.6919191919191919,0.7058823529411765,0.6830357142857143,0.717948717948718,0.6918838922515393,0.019647959412579304,56,0.5810055865921788,0.659217877094972,0.664804469273743,0.601123595505618,0.6910112359550562,0.6394325528843137,0.041417002180868044,56,0.8156424581005587,0.7696629213483146,0.8089887640449438,0.8547486033519553,0.7821229050279329,0.8062331303747412,0.02955863067832946,1,0.6867356538099718,0.7061855670103093,0.7243460764587525,0.7116279069767442,0.7299270072992701,0.7117644423110095,0.015137760931712345,51,0.6983240223463687,0.7144403992216433,0.7368966166593434,0.7279360994287867,0.7365670704914946,0.7228328416295273,0.014721259205054795,2,0.6310194898758816,0.6473904849648406,0.6662889875051144,0.6566529544778805,0.670767834422123,0.654423950249168,0.014213433913492918,2,0.6983240223463687,0.7144403992216435,0.7368966166593435,0.7279360994287867,0.7365670704914945,0.7228328416295273,0.01472125920505477,2
354,0.03977804183959961,0.004827848483149935,0.0401463508605957,0.0017992374990297322,6,False,False,500,-1,l2,saga,"{'C': 6, 'dual': False, 'fit_intercept': False, 'max_iter': 500, 'n_jobs': -1, 'penalty': 'l2', 'solver': 'saga'}",0.6983240223463687,0.7142857142857143,0.7366946778711485,0.7282913165266106,0.7366946778711485,0.7228580817801982,0.014750107656156195,2,0.7591240875912408,0.7421383647798742,0.7777777777777778,0.8045112781954887,0.7592592592592593,0.7685621535207281,0.021218411047386667,2,0.6606334841628959,0.6919191919191919,0.7058823529411765,0.6830357142857143,0.717948717948718,0.6918838922515393,0.019647959412579304,56,0.5810055865921788,0.659217877094972,0.664804469273743,0.601123595505618,0.6910112359550562,0.6394325528843137,0.041417002180868044,56,0.8156424581005587,0.7696629213483146,0.8089887640449438,0.8547486033519553,0.7821229050279329,0.8062331303747412,0.02955863067832946,1,0.6867356538099718,0.7061855670103093,0.7243460764587525,0.7116279069767442,0.7299270072992701,0.7117644423110095,0.015137760931712345,51,0.6983240223463687,0.7144403992216433,0.7368966166593434,0.7279360994287867,0.7365670704914946,0.7228328416295273,0.014721259205054795,2,0.6310194898758816,0.6473904849648406,0.6662889875051144,0.6566529544778805,0.670767834422123,0.654423950249168,0.014213433913492918,2,0.6983240223463687,0.7144403992216435,0.7368966166593435,0.7279360994287867,0.7365670704914945,0.7228328416295273,0.01472125920505477,2
353,0.047783851623535156,0.009314424664803735,0.04279317855834961,0.005455525324144049,6,False,False,500,-1,l2,sag,"{'C': 6, 'dual': False, 'fit_intercept': False, 'max_iter': 500, 'n_jobs': -1, 'penalty': 'l2', 'solver': 'sag'}",0.6983240223463687,0.7142857142857143,0.7366946778711485,0.7282913165266106,0.7366946778711485,0.7228580817801982,0.014750107656156195,2,0.7591240875912408,0.7421383647798742,0.7777777777777778,0.8045112781954887,0.7592592592592593,0.7685621535207281,0.021218411047386667,2,0.6606334841628959,0.6919191919191919,0.7058823529411765,0.6830357142857143,0.717948717948718,0.6918838922515393,0.019647959412579304,56,0.5810055865921788,0.659217877094972,0.664804469273743,0.601123595505618,0.6910112359550562,0.6394325528843137,0.041417002180868044,56,0.8156424581005587,0.7696629213483146,0.8089887640449438,0.8547486033519553,0.7821229050279329,0.8062331303747412,0.02955863067832946,1,0.6867356538099718,0.7061855670103093,0.7243460764587525,0.7116279069767442,0.7299270072992701,0.7117644423110095,0.015137760931712345,51,0.6983240223463687,0.7144403992216433,0.7368966166593434,0.7279360994287867,0.7365670704914946,0.7228328416295273,0.014721259205054795,2,0.6310194898758816,0.6473904849648406,0.6662889875051144,0.6566529544778805,0.670767834422123,0.654423950249168,0.014213433913492918,2,0.6983240223463687,0.7144403992216435,0.7368966166593435,0.7279360994287867,0.7365670704914945,0.7228328416295273,0.01472125920505477,2
352,0.0359229564666748,0.013422182140194989,0.04142818450927734,0.0032775538806986628,6,False,False,500,-1,l2,newton-cholesky,"{'C': 6, 'dual': False, 'fit_intercept': False, 'max_iter': 500, 'n_jobs': -1, 'penalty': 'l2', 'solver': 'newton-cholesky'}",0.6983240223463687,0.7142857142857143,0.7366946778711485,0.7282913165266106,0.7366946778711485,0.7228580817801982,0.014750107656156195,2,0.7591240875912408,0.7421383647798742,0.7777777777777778,0.8045112781954887,0.7592592592592593,0.7685621535207281,0.021218411047386667,2,0.6606334841628959,0.6919191919191919,0.7058823529411765,0.6830357142857143,0.717948717948718,0.6918838922515393,0.019647959412579304,56,0.5810055865921788,0.659217877094972,0.664804469273743,0.601123595505618,0.6910112359550562,0.6394325528843137,0.041417002180868044,56,0.8156424581005587,0.7696629213483146,0.8089887640449438,0.8547486033519553,0.7821229050279329,0.8062331303747412,0.02955863067832946,1,0.6867356538099718,0.7061855670103093,0.7243460764587525,0.7116279069767442,0.7299270072992701,0.7117644423110095,0.015137760931712345,51,0.6983240223463687,0.7144403992216433,0.7368966166593434,0.7279360994287867,0.7365670704914946,0.7228328416295273,0.014721259205054795,2,0.6310194898758816,0.6473904849648406,0.6662889875051144,0.6566529544778805,0.670767834422123,0.654423950249168,0.014213433913492918,2,0.6983240223463687,0.7144403992216435,0.7368966166593435,0.7279360994287867,0.7365670704914945,0.7228328416295273,0.01472125920505477,2
114,0.0394993782043457,0.010060668572436504,0.04685487747192383,0.0067382773040255885,2,False,False,500,-1,l2,saga,"{'C': 2, 'dual': False, 'fit_intercept': False, 'max_iter': 500, 'n_jobs': -1, 'penalty': 'l2', 'solver': 'saga'}",0.6983240223463687,0.7142857142857143,0.7366946778711485,0.7282913165266106,0.7366946778711485,0.7228580817801982,0.014750107656156195,2,0.7591240875912408,0.7421383647798742,0.7777777777777778,0.8045112781954887,0.7592592592592593,0.7685621535207281,0.021218411047386667,2,0.6606334841628959,0.6919191919191919,0.7058823529411765,0.6830357142857143,0.717948717948718,0.6918838922515393,0.019647959412579304,56,0.5810055865921788,0.659217877094972,0.664804469273743,0.601123595505618,0.6910112359550562,0.6394325528843137,0.041417002180868044,56,0.8156424581005587,0.7696629213483146,0.8089887640449438,0.8547486033519553,0.7821229050279329,0.8062331303747412,0.02955863067832946,1,0.6867356538099718,0.7061855670103093,0.7243460764587525,0.7116279069767442,0.7299270072992701,0.7117644423110095,0.015137760931712345,51,0.6983240223463687,0.7144403992216433,0.7368966166593434,0.7279360994287867,0.7365670704914946,0.7228328416295273,0.014721259205054795,2,0.6310194898758816,0.6473904849648406,0.6662889875051144,0.6566529544778805,0.670767834422123,0.654423950249168,0.014213433913492918,2,0.6983240223463687,0.7144403992216435,0.7368966166593435,0.7279360994287867,0.7365670704914945,0.7228328416295273,0.01472125920505477,2
171,0.030890941619873047,0.004201173150480493,0.045052099227905276,0.002284832600326479,3,False,False,500,-1,l2,newton-cg,"{'C': 3, 'dual': False, 'fit_intercept': False, 'max_iter': 500, 'n_jobs': -1, 'penalty': 'l2', 'solver': 'newton-cg'}",0.6983240223463687,0.7142857142857143,0.7366946778711485,0.7282913165266106,0.7366946778711485,0.7228580817801982,0.014750107656156195,2,0.7591240875912408,0.7421383647798742,0.7777777777777778,0.8045112781954887,0.7592592592592593,0.7685621535207281,0.021218411047386667,2,0.6606334841628959,0.6919191919191919,0.7058823529411765,0.6830357142857143,0.717948717948718,0.6918838922515393,0.019647959412579304,56,0.5810055865921788,0.659217877094972,0.664804469273743,0.601123595505618,0.6910112359550562,0.6394325528843137,0.041417002180868044,56,0.8156424581005587,0.7696629213483146,0.8089887640449438,0.8547486033519553,0.7821229050279329,0.8062331303747412,0.02955863067832946,1,0.6867356538099718,0.7061855670103093,0.7243460764587525,0.7116279069767442,0.7299270072992701,0.7117644423110095,0.015137760931712345,51,0.6983240223463687,0.7144403992216433,0.7368966166593434,0.7279360994287867,0.7365670704914946,0.7228328416295273,0.014721259205054795,2,0.6310194898758816,0.6473904849648406,0.6662889875051144,0.6566529544778805,0.670767834422123,0.654423950249168,0.014213433913492918,2,0.6983240223463687,0.7144403992216435,0.7368966166593435,0.7279360994287867,0.7365670704914945,0.7228328416295273,0.01472125920505477,2
170,0.05402255058288574,0.020405581409769825,0.04310302734375,0.0034374945747242254,3,False,False,500,-1,l2,lbfgs,"{'C': 3, 'dual': False, 'fit_intercept': False, 'max_iter': 500, 'n_jobs': -1, 'penalty': 'l2', 'solver': 'lbfgs'}",0.6983240223463687,0.7142857142857143,0.7366946778711485,0.7282913165266106,0.7366946778711485,0.7228580817801982,0.014750107656156195,2,0.7591240875912408,0.7421383647798742,0.7777777777777778,0.8045112781954887,0.7592592592592593,0.7685621535207281,0.021218411047386667,2,0.6606334841628959,0.6919191919191919,0.7058823529411765,0.6830357142857143,0.717948717948718,0.6918838922515393,0.019647959412579304,56,0.5810055865921788,0.659217877094972,0.664804469273743,0.601123595505618,0.6910112359550562,0.6394325528843137,0.041417002180868044,56,0.8156424581005587,0.7696629213483146,0.8089887640449438,0.8547486033519553,0.7821229050279329,0.8062331303747412,0.02955863067832946,1,0.6867356538099718,0.7061855670103093,0.7243460764587525,0.7116279069767442,0.7299270072992701,0.7117644423110095,0.015137760931712345,51,0.6983240223463687,0.7144403992216433,0.7368966166593434,0.7279360994287867,0.7365670704914946,0.7228328416295273,0.014721259205054795,2,0.6310194898758816,0.6473904849648406,0.6662889875051144,0.6566529544778805,0.670767834422123,0.654423950249168,0.014213433913492918,2,0.6983240223463687,0.7144403992216435,0.7368966166593435,0.7279360994287867,0.7365670704914945,0.7228328416295273,0.01472125920505477,2
173,0.051586341857910153,0.011729338275889836,0.04240126609802246,0.00615208618180685,3,False,False,500,-1,l2,sag,"{'C': 3, 'dual': False, 'fit_intercept': False, 'max_iter': 500, 'n_jobs': -1, 'penalty': 'l2', 'solver': 'sag'}",0.6983240223463687,0.7142857142857143,0.7366946778711485,0.7282913165266106,0.7366946778711485,0.7228580817801982,0.014750107656156195,2,0.7591240875912408,0.7421383647798742,0.7777777777777778,0.8045112781954887,0.7592592592592593,0.7685621535207281,0.021218411047386667,2,0.6606334841628959,0.6919191919191919,0.7058823529411765,0.6830357142857143,0.717948717948718,0.6918838922515393,0.019647959412579304,56,0.5810055865921788,0.659217877094972,0.664804469273743,0.601123595505618,0.6910112359550562,0.6394325528843137,0.041417002180868044,56,0.8156424581005587,0.7696629213483146,0.8089887640449438,0.8547486033519553,0.7821229050279329,0.8062331303747412,0.02955863067832946,1,0.6867356538099718,0.7061855670103093,0.7243460764587525,0.7116279069767442,0.7299270072992701,0.7117644423110095,0.015137760931712345,51,0.6983240223463687,0.7144403992216433,0.7368966166593434,0.7279360994287867,0.7365670704914946,0.7228328416295273,0.014721259205054795,2,0.6310194898758816,0.6473904849648406,0.6662889875051144,0.6566529544778805,0.670767834422123,0.654423950249168,0.014213433913492918,2,0.6983240223463687,0.7144403992216435,0.7368966166593435,0.7279360994287867,0.7365670704914945,0.7228328416295273,0.01472125920505477,2
470,0.04515690803527832,0.01476273431140837,0.04325823783874512,0.0031238179055217675,8,False,False,500,-1,l2,lbfgs,"{'C': 8, 'dual': False, 'fit_intercept': False, 'max_iter': 500, 'n_jobs': -1, 'penalty': 'l2', 'solver': 'lbfgs'}",0.6983240223463687,0.7142857142857143,0.7366946778711485,0.7282913165266106,0.7366946778711485,0.7228580817801982,0.014750107656156195,2,0.7591240875912408,0.7421383647798742,0.7777777777777778,0.8045112781954887,0.7592592592592593,0.7685621535207281,0.021218411047386667,2,0.6606334841628959,0.6919191919191919,0.7058823529411765,0.6830357142857143,0.717948717948718,0.6918838922515393,0.019647959412579304,56,0.5810055865921788,0.659217877094972,0.664804469273743,0.601123595505618,0.6910112359550562,0.6394325528843137,0.041417002180868044,56,0.8156424581005587,0.7696629213483146,0.8089887640449438,0.8547486033519553,0.7821229050279329,0.8062331303747412,0.02955863067832946,1,0.6867356538099718,0.7061855670103093,0.7243460764587525,0.7116279069767442,0.7299270072992701,0.7117644423110095,0.015137760931712345,51,0.6983240223463687,0.7144403992216433,0.7368966166593434,0.7279360994287867,0.7365670704914946,0.7228328416295273,0.014721259205054795,2,0.6310194898758816,0.6473904849648406,0.6662889875051144,0.6566529544778805,0.670767834422123,0.654423950249168,0.014213433913492918,2,0.6983240223463687,0.7144403992216435,0.7368966166593435,0.7279360994287867,0.7365670704914945,0.7228328416295273,0.01472125920505477,2
471,0.04257774353027344,0.00757329849421289,0.042313766479492185,0.003856021892634409,8,False,False,500,-1,l2,newton-cg,"{'C': 8, 'dual': False, 'fit_intercept': False, 'max_iter': 500, 'n_jobs': -1, 'penalty': 'l2', 'solver': 'newton-cg'}",0.6983240223463687,0.7142857142857143,0.7366946778711485,0.7282913165266106,0.7366946778711485,0.7228580817801982,0.014750107656156195,2,0.7591240875912408,0.7421383647798742,0.7777777777777778,0.8045112781954887,0.7592592592592593,0.7685621535207281,0.021218411047386667,2,0.6606334841628959,0.6919191919191919,0.7058823529411765,0.6830357142857143,0.717948717948718,0.6918838922515393,0.019647959412579304,56,0.5810055865921788,0.659217877094972,0.664804469273743,0.601123595505618,0.6910112359550562,0.6394325528843137,0.041417002180868044,56,0.8156424581005587,0.7696629213483146,0.8089887640449438,0.8547486033519553,0.7821229050279329,0.8062331303747412,0.02955863067832946,1,0.6867356538099718,0.7061855670103093,0.7243460764587525,0.7116279069767442,0.7299270072992701,0.7117644423110095,0.015137760931712345,51,0.6983240223463687,0.7144403992216433,0.7368966166593434,0.7279360994287867,0.7365670704914946,0.7228328416295273,0.014721259205054795,2,0.6310194898758816,0.6473904849648406,0.6662889875051144,0.6566529544778805,0.670767834422123,0.654423950249168,0.014213433913492918,2,0.6983240223463687,0.7144403992216435,0.7368966166593435,0.7279360994287867,0.7365670704914945,0.7228328416295273,0.01472125920505477,2
294,0.04187607765197754,0.005400954532142717,0.04492039680480957,0.00541699104064975,5,False,False,500,-1,l2,saga,"{'C': 5, 'dual': False, 'fit_intercept': False, 'max_iter': 500, 'n_jobs': -1, 'penalty': 'l2', 'solver': 'saga'}",0.6983240223463687,0.7142857142857143,0.7366946778711485,0.7282913165266106,0.7366946778711485,0.7228580817801982,0.014750107656156195,2,0.7591240875912408,0.7421383647798742,0.7777777777777778,0.8045112781954887,0.7592592592592593,0.7685621535207281,0.021218411047386667,2,0.6606334841628959,0.6919191919191919,0.7058823529411765,0.6830357142857143,0.717948717948718,0.6918838922515393,0.019647959412579304,56,0.5810055865921788,0.659217877094972,0.664804469273743,0.601123595505618,0.6910112359550562,0.6394325528843137,0.041417002180868044,56,0.8156424581005587,0.7696629213483146,0.8089887640449438,0.8547486033519553,0.7821229050279329,0.8062331303747412,0.02955863067832946,1,0.6867356538099718,0.7061855670103093,0.7243460764587525,0.7116279069767442,0.7299270072992701,0.7117644423110095,0.015137760931712345,51,0.6983240223463687,0.7144403992216433,0.7368966166593434,0.7279360994287867,0.7365670704914946,0.7228328416295273,0.014721259205054795,2,0.6310194898758816,0.6473904849648406,0.6662889875051144,0.6566529544778805,0.670767834422123,0.654423950249168,0.014213433913492918,2,0.6983240223463687,0.7144403992216435,0.7368966166593435,0.7279360994287867,0.7365670704914945,0.7228328416295273,0.01472125920505477,2
534,0.06550536155700684,0.02108015262504186,0.045754098892211915,0.011579473814223,9,False,False,500,-1,l2,saga,"{'C': 9, 'dual': False, 'fit_intercept': False, 'max_iter': 500, 'n_jobs': -1, 'penalty': 'l2', 'solver': 'saga'}",0.6983240223463687,0.7142857142857143,0.7366946778711485,0.7282913165266106,0.7366946778711485,0.7228580817801982,0.014750107656156195,2,0.7591240875912408,0.7421383647798742,0.7777777777777778,0.8045112781954887,0.7592592592592593,0.7685621535207281,0.021218411047386667,2,0.6606334841628959,0.6919191919191919,0.7058823529411765,0.6830357142857143,0.717948717948718,0.6918838922515393,0.019647959412579304,56,0.5810055865921788,0.659217877094972,0.664804469273743,0.601123595505618,0.6910112359550562,0.6394325528843137,0.041417002180868044,56,0.8156424581005587,0.7696629213483146,0.8089887640449438,0.8547486033519553,0.7821229050279329,0.8062331303747412,0.02955863067832946,1,0.6867356538099718,0.7061855670103093,0.7243460764587525,0.7116279069767442,0.7299270072992701,0.7117644423110095,0.015137760931712345,51,0.6983240223463687,0.7144403992216433,0.7368966166593434,0.7279360994287867,0.7365670704914946,0.7228328416295273,0.014721259205054795,2,0.6310194898758816,0.6473904849648406,0.6662889875051144,0.6566529544778805,0.670767834422123,0.654423950249168,0.014213433913492918,2,0.6983240223463687,0.7144403992216435,0.7368966166593435,0.7279360994287867,0.7365670704914945,0.7228328416295273,0.01472125920505477,2
533,0.05066204071044922,0.010604333954645957,0.05113544464111328,0.006146915264671086,9,False,False,500,-1,l2,sag,"{'C': 9, 'dual': False, 'fit_intercept': False, 'max_iter': 500, 'n_jobs': -1, 'penalty': 'l2', 'solver': 'sag'}",0.6983240223463687,0.7142857142857143,0.7366946778711485,0.7282913165266106,0.7366946778711485,0.7228580817801982,0.014750107656156195,2,0.7591240875912408,0.7421383647798742,0.7777777777777778,0.8045112781954887,0.7592592592592593,0.7685621535207281,0.021218411047386667,2,0.6606334841628959,0.6919191919191919,0.7058823529411765,0.6830357142857143,0.717948717948718,0.6918838922515393,0.019647959412579304,56,0.5810055865921788,0.659217877094972,0.664804469273743,0.601123595505618,0.6910112359550562,0.6394325528843137,0.041417002180868044,56,0.8156424581005587,0.7696629213483146,0.8089887640449438,0.8547486033519553,0.7821229050279329,0.8062331303747412,0.02955863067832946,1,0.6867356538099718,0.7061855670103093,0.7243460764587525,0.7116279069767442,0.7299270072992701,0.7117644423110095,0.015137760931712345,51,0.6983240223463687,0.7144403992216433,0.7368966166593434,0.7279360994287867,0.7365670704914946,0.7228328416295273,0.014721259205054795,2,0.6310194898758816,0.6473904849648406,0.6662889875051144,0.6566529544778805,0.670767834422123,0.654423950249168,0.014213433913492918,2,0.6983240223463687,0.7144403992216435,0.7368966166593435,0.7279360994287867,0.7365670704914945,0.7228328416295273,0.01472125920505477,2
532,0.05766611099243164,0.01304179595414661,0.051169967651367186,0.007974184447682576,9,False,False,500,-1,l2,newton-cholesky,"{'C': 9, 'dual': False, 'fit_intercept': False, 'max_iter': 500, 'n_jobs': -1, 'penalty': 'l2', 'solver': 'newton-cholesky'}",0.6983240223463687,0.7142857142857143,0.7366946778711485,0.7282913165266106,0.7366946778711485,0.7228580817801982,0.014750107656156195,2,0.7591240875912408,0.7421383647798742,0.7777777777777778,0.8045112781954887,0.7592592592592593,0.7685621535207281,0.021218411047386667,2,0.6606334841628959,0.6919191919191919,0.7058823529411765,0.6830357142857143,0.717948717948718,0.6918838922515393,0.019647959412579304,56,0.5810055865921788,0.659217877094972,0.664804469273743,0.601123595505618,0.6910112359550562,0.6394325528843137,0.041417002180868044,56,0.8156424581005587,0.7696629213483146,0.8089887640449438,0.8547486033519553,0.7821229050279329,0.8062331303747412,0.02955863067832946,1,0.6867356538099718,0.7061855670103093,0.7243460764587525,0.7116279069767442,0.7299270072992701,0.7117644423110095,0.015137760931712345,51,0.6983240223463687,0.7144403992216433,0.7368966166593434,0.7279360994287867,0.7365670704914946,0.7228328416295273,0.014721259205054795,2,0.6310194898758816,0.6473904849648406,0.6662889875051144,0.6566529544778805,0.670767834422123,0.654423950249168,0.014213433913492918,2,0.6983240223463687,0.7144403992216435,0.7368966166593435,0.7279360994287867,0.7365670704914945,0.7228328416295273,0.01472125920505477,2
531,0.04969034194946289,0.01838989848443396,0.04766635894775391,0.005376356872139669,9,False,False,500,-1,l2,newton-cg,"{'C': 9, 'dual': False, 'fit_intercept': False, 'max_iter': 500, 'n_jobs': -1, 'penalty': 'l2', 'solver': 'newton-cg'}",0.6983240223463687,0.7142857142857143,0.7366946778711485,0.7282913165266106,0.7366946778711485,0.7228580817801982,0.014750107656156195,2,0.7591240875912408,0.7421383647798742,0.7777777777777778,0.8045112781954887,0.7592592592592593,0.7685621535207281,0.021218411047386667,2,0.6606334841628959,0.6919191919191919,0.7058823529411765,0.6830357142857143,0.717948717948718,0.6918838922515393,0.019647959412579304,56,0.5810055865921788,0.659217877094972,0.664804469273743,0.601123595505618,0.6910112359550562,0.6394325528843137,0.041417002180868044,56,0.8156424581005587,0.7696629213483146,0.8089887640449438,0.8547486033519553,0.7821229050279329,0.8062331303747412,0.02955863067832946,1,0.6867356538099718,0.7061855670103093,0.7243460764587525,0.7116279069767442,0.7299270072992701,0.7117644423110095,0.015137760931712345,51,0.6983240223463687,0.7144403992216433,0.7368966166593434,0.7279360994287867,0.7365670704914946,0.7228328416295273,0.014721259205054795,2,0.6310194898758816,0.6473904849648406,0.6662889875051144,0.6566529544778805,0.670767834422123,0.654423950249168,0.014213433913492918,2,0.6983240223463687,0.7144403992216435,0.7368966166593435,0.7279360994287867,0.7365670704914945,0.7228328416295273,0.01472125920505477,2
530,0.04755182266235351,0.006394011725834579,0.057613468170166014,0.012472615175275007,9,False,False,500,-1,l2,lbfgs,"{'C': 9, 'dual': False, 'fit_intercept': False, 'max_iter': 500, 'n_jobs': -1, 'penalty': 'l2', 'solver': 'lbfgs'}",0.6983240223463687,0.7142857142857143,0.7366946778711485,0.7282913165266106,0.7366946778711485,0.7228580817801982,0.014750107656156195,2,0.7591240875912408,0.7421383647798742,0.7777777777777778,0.8045112781954887,0.7592592592592593,0.7685621535207281,0.021218411047386667,2,0.6606334841628959,0.6919191919191919,0.7058823529411765,0.6830357142857143,0.717948717948718,0.6918838922515393,0.019647959412579304,56,0.5810055865921788,0.659217877094972,0.664804469273743,0.601123595505618,0.6910112359550562,0.6394325528843137,0.041417002180868044,56,0.8156424581005587,0.7696629213483146,0.8089887640449438,0.8547486033519553,0.7821229050279329,0.8062331303747412,0.02955863067832946,1,0.6867356538099718,0.7061855670103093,0.7243460764587525,0.7116279069767442,0.7299270072992701,0.7117644423110095,0.015137760931712345,51,0.6983240223463687,0.7144403992216433,0.7368966166593434,0.7279360994287867,0.7365670704914946,0.7228328416295273,0.014721259205054795,2,0.6310194898758816,0.6473904849648406,0.6662889875051144,0.6566529544778805,0.670767834422123,0.654423950249168,0.014213433913492918,2,0.6983240223463687,0.7144403992216435,0.7368966166593435,0.7279360994287867,0.7365670704914945,0.7228328416295273,0.01472125920505477,2
472,0.05306529998779297,0.016309849995400416,0.04440178871154785,0.005093887334584362,8,False,False,500,-1,l2,newton-cholesky,"{'C': 8, 'dual': False, 'fit_intercept': False, 'max_iter': 500, 'n_jobs': -1, 'penalty': 'l2', 'solver': 'newton-cholesky'}",0.6983240223463687,0.7142857142857143,0.7366946778711485,0.7282913165266106,0.7366946778711485,0.7228580817801982,0.014750107656156195,2,0.7591240875912408,0.7421383647798742,0.7777777777777778,0.8045112781954887,0.7592592592592593,0.7685621535207281,0.021218411047386667,2,0.6606334841628959,0.6919191919191919,0.7058823529411765,0.6830357142857143,0.717948717948718,0.6918838922515393,0.019647959412579304,56,0.5810055865921788,0.659217877094972,0.664804469273743,0.601123595505618,0.6910112359550562,0.6394325528843137,0.041417002180868044,56,0.8156424581005587,0.7696629213483146,0.8089887640449438,0.8547486033519553,0.7821229050279329,0.8062331303747412,0.02955863067832946,1,0.6867356538099718,0.7061855670103093,0.7243460764587525,0.7116279069767442,0.7299270072992701,0.7117644423110095,0.015137760931712345,51,0.6983240223463687,0.7144403992216433,0.7368966166593434,0.7279360994287867,0.7365670704914946,0.7228328416295273,0.014721259205054795,2,0.6310194898758816,0.6473904849648406,0.6662889875051144,0.6566529544778805,0.670767834422123,0.654423950249168,0.014213433913492918,2,0.6983240223463687,0.7144403992216435,0.7368966166593435,0.7279360994287867,0.7365670704914945,0.7228328416295273,0.01472125920505477,2
172,0.030350542068481444,0.0026691237644558457,0.03734602928161621,0.0028285082748500277,3,False,False,500,-1,l2,newton-cholesky,"{'C': 3, 'dual': False, 'fit_intercept': False, 'max_iter': 500, 'n_jobs': -1, 'penalty': 'l2', 'solver': 'newton-cholesky'}",0.6983240223463687,0.7142857142857143,0.7366946778711485,0.7282913165266106,0.7366946778711485,0.7228580817801982,0.014750107656156195,2,0.7591240875912408,0.7421383647798742,0.7777777777777778,0.8045112781954887,0.7592592592592593,0.7685621535207281,0.021218411047386667,2,0.6606334841628959,0.6919191919191919,0.7058823529411765,0.6830357142857143,0.717948717948718,0.6918838922515393,0.019647959412579304,56,0.5810055865921788,0.659217877094972,0.664804469273743,0.601123595505618,0.6910112359550562,0.6394325528843137,0.041417002180868044,56,0.8156424581005587,0.7696629213483146,0.8089887640449438,0.8547486033519553,0.7821229050279329,0.8062331303747412,0.02955863067832946,1,0.6867356538099718,0.7061855670103093,0.7243460764587525,0.7116279069767442,0.7299270072992701,0.7117644423110095,0.015137760931712345,51,0.6983240223463687,0.7144403992216433,0.7368966166593434,0.7279360994287867,0.7365670704914946,0.7228328416295273,0.014721259205054795,2,0.6310194898758816,0.6473904849648406,0.6662889875051144,0.6566529544778805,0.670767834422123,0.654423950249168,0.014213433913492918,2,0.6983240223463687,0.7144403992216435,0.7368966166593435,0.7279360994287867,0.7365670704914945,0.7228328416295273,0.01472125920505477,2
293,0.05704154968261719,0.011674670186513459,0.04432311058044434,0.006798381740910696,5,False,False,500,-1,l2,sag,"{'C': 5, 'dual': False, 'fit_intercept': False, 'max_iter': 500, 'n_jobs': -1, 'penalty': 'l2', 'solver': 'sag'}",0.6983240223463687,0.7142857142857143,0.7366946778711485,0.7282913165266106,0.7366946778711485,0.7228580817801982,0.014750107656156195,2,0.7591240875912408,0.7421383647798742,0.7777777777777778,0.8045112781954887,0.7592592592592593,0.7685621535207281,0.021218411047386667,2,0.6606334841628959,0.6919191919191919,0.7058823529411765,0.6830357142857143,0.717948717948718,0.6918838922515393,0.019647959412579304,56,0.5810055865921788,0.659217877094972,0.664804469273743,0.601123595505618,0.6910112359550562,0.6394325528843137,0.041417002180868044,56,0.8156424581005587,0.7696629213483146,0.8089887640449438,0.8547486033519553,0.7821229050279329,0.8062331303747412,0.02955863067832946,1,0.6867356538099718,0.7061855670103093,0.7243460764587525,0.7116279069767442,0.7299270072992701,0.7117644423110095,0.015137760931712345,51,0.6983240223463687,0.7144403992216433,0.7368966166593434,0.7279360994287867,0.7365670704914946,0.7228328416295273,0.014721259205054795,2,0.6310194898758816,0.6473904849648406,0.6662889875051144,0.6566529544778805,0.670767834422123,0.654423950249168,0.014213433913492918,2,0.6983240223463687,0.7144403992216435,0.7368966166593435,0.7279360994287867,0.7365670704914945,0.7228328416295273,0.01472125920505477,2
291,0.03997993469238281,0.010717739065065342,0.040120697021484374,0.007413832615291461,5,False,False,500,-1,l2,newton-cg,"{'C': 5, 'dual': False, 'fit_intercept': False, 'max_iter': 500, 'n_jobs': -1, 'penalty': 'l2', 'solver': 'newton-cg'}",0.6983240223463687,0.7142857142857143,0.7366946778711485,0.7282913165266106,0.7366946778711485,0.7228580817801982,0.014750107656156195,2,0.7591240875912408,0.7421383647798742,0.7777777777777778,0.8045112781954887,0.7592592592592593,0.7685621535207281,0.021218411047386667,2,0.6606334841628959,0.6919191919191919,0.7058823529411765,0.6830357142857143,0.717948717948718,0.6918838922515393,0.019647959412579304,56,0.5810055865921788,0.659217877094972,0.664804469273743,0.601123595505618,0.6910112359550562,0.6394325528843137,0.041417002180868044,56,0.8156424581005587,0.7696629213483146,0.8089887640449438,0.8547486033519553,0.7821229050279329,0.8062331303747412,0.02955863067832946,1,0.6867356538099718,0.7061855670103093,0.7243460764587525,0.7116279069767442,0.7299270072992701,0.7117644423110095,0.015137760931712345,51,0.6983240223463687,0.7144403992216433,0.7368966166593434,0.7279360994287867,0.7365670704914946,0.7228328416295273,0.014721259205054795,2,0.6310194898758816,0.6473904849648406,0.6662889875051144,0.6566529544778805,0.670767834422123,0.654423950249168,0.014213433913492918,2,0.6983240223463687,0.7144403992216435,0.7368966166593435,0.7279360994287867,0.7365670704914945,0.7228328416295273,0.01472125920505477,2
290,0.05006499290466308,0.021185516269922416,0.04479379653930664,0.004578651304362254,5,False,False,500,-1,l2,lbfgs,"{'C': 5, 'dual': False, 'fit_intercept': False, 'max_iter': 500, 'n_jobs': -1, 'penalty': 'l2', 'solver': 'lbfgs'}",0.6983240223463687,0.7142857142857143,0.7366946778711485,0.7282913165266106,0.7366946778711485,0.7228580817801982,0.014750107656156195,2,0.7591240875912408,0.7421383647798742,0.7777777777777778,0.8045112781954887,0.7592592592592593,0.7685621535207281,0.021218411047386667,2,0.6606334841628959,0.6919191919191919,0.7058823529411765,0.6830357142857143,0.717948717948718,0.6918838922515393,0.019647959412579304,56,0.5810055865921788,0.659217877094972,0.664804469273743,0.601123595505618,0.6910112359550562,0.6394325528843137,0.041417002180868044,56,0.8156424581005587,0.7696629213483146,0.8089887640449438,0.8547486033519553,0.7821229050279329,0.8062331303747412,0.02955863067832946,1,0.6867356538099718,0.7061855670103093,0.7243460764587525,0.7116279069767442,0.7299270072992701,0.7117644423110095,0.015137760931712345,51,0.6983240223463687,0.7144403992216433,0.7368966166593434,0.7279360994287867,0.7365670704914946,0.7228328416295273,0.014721259205054795,2,0.6310194898758816,0.6473904849648406,0.6662889875051144,0.6566529544778805,0.670767834422123,0.654423950249168,0.014213433913492918,2,0.6983240223463687,0.7144403992216435,0.7368966166593435,0.7279360994287867,0.7365670704914945,0.7228328416295273,0.01472125920505477,2
473,0.05066313743591309,0.006758957630199997,0.046288347244262694,0.005650742551803648,8,False,False,500,-1,l2,sag,"{'C': 8, 'dual': False, 'fit_intercept': False, 'max_iter': 500, 'n_jobs': -1, 'penalty': 'l2', 'solver': 'sag'}",0.6983240223463687,0.7142857142857143,0.7366946778711485,0.7282913165266106,0.7366946778711485,0.7228580817801982,0.014750107656156195,2,0.7591240875912408,0.7421383647798742,0.7777777777777778,0.8045112781954887,0.7592592592592593,0.7685621535207281,0.021218411047386667,2,0.6606334841628959,0.6919191919191919,0.7058823529411765,0.6830357142857143,0.717948717948718,0.6918838922515393,0.019647959412579304,56,0.5810055865921788,0.659217877094972,0.664804469273743,0.601123595505618,0.6910112359550562,0.6394325528843137,0.041417002180868044,56,0.8156424581005587,0.7696629213483146,0.8089887640449438,0.8547486033519553,0.7821229050279329,0.8062331303747412,0.02955863067832946,1,0.6867356538099718,0.7061855670103093,0.7243460764587525,0.7116279069767442,0.7299270072992701,0.7117644423110095,0.015137760931712345,51,0.6983240223463687,0.7144403992216433,0.7368966166593434,0.7279360994287867,0.7365670704914946,0.7228328416295273,0.014721259205054795,2,0.6310194898758816,0.6473904849648406,0.6662889875051144,0.6566529544778805,0.670767834422123,0.654423950249168,0.014213433913492918,2,0.6983240223463687,0.7144403992216435,0.7368966166593435,0.7279360994287867,0.7365670704914945,0.7228328416295273,0.01472125920505477,2
474,0.04580855369567871,0.00928819027316043,0.04628438949584961,0.0051834609511688,8,False,False,500,-1,l2,saga,"{'C': 8, 'dual': False, 'fit_intercept': False, 'max_iter': 500, 'n_jobs': -1, 'penalty': 'l2', 'solver': 'saga'}",0.6983240223463687,0.7142857142857143,0.7366946778711485,0.7282913165266106,0.7366946778711485,0.7228580817801982,0.014750107656156195,2,0.7591240875912408,0.7421383647798742,0.7777777777777778,0.8045112781954887,0.7592592592592593,0.7685621535207281,0.021218411047386667,2,0.6606334841628959,0.6919191919191919,0.7058823529411765,0.6830357142857143,0.717948717948718,0.6918838922515393,0.019647959412579304,56,0.5810055865921788,0.659217877094972,0.664804469273743,0.601123595505618,0.6910112359550562,0.6394325528843137,0.041417002180868044,56,0.8156424581005587,0.7696629213483146,0.8089887640449438,0.8547486033519553,0.7821229050279329,0.8062331303747412,0.02955863067832946,1,0.6867356538099718,0.7061855670103093,0.7243460764587525,0.7116279069767442,0.7299270072992701,0.7117644423110095,0.015137760931712345,51,0.6983240223463687,0.7144403992216433,0.7368966166593434,0.7279360994287867,0.7365670704914946,0.7228328416295273,0.014721259205054795,2,0.6310194898758816,0.6473904849648406,0.6662889875051144,0.6566529544778805,0.670767834422123,0.654423950249168,0.014213433913492918,2,0.6983240223463687,0.7144403992216435,0.7368966166593435,0.7279360994287867,0.7365670704914945,0.7228328416295273,0.01472125920505477,2
350,0.038130331039428714,0.00744995458246508,0.05041270256042481,0.007960679191636563,6,False,False,500,-1,l2,lbfgs,"{'C': 6, 'dual': False, 'fit_intercept': False, 'max_iter': 500, 'n_jobs': -1, 'penalty': 'l2', 'solver': 'lbfgs'}",0.6983240223463687,0.7142857142857143,0.7366946778711485,0.7282913165266106,0.7366946778711485,0.7228580817801982,0.014750107656156195,2,0.7591240875912408,0.7421383647798742,0.7777777777777778,0.8045112781954887,0.7592592592592593,0.7685621535207281,0.021218411047386667,2,0.6606334841628959,0.6919191919191919,0.7058823529411765,0.6830357142857143,0.717948717948718,0.6918838922515393,0.019647959412579304,56,0.5810055865921788,0.659217877094972,0.664804469273743,0.601123595505618,0.6910112359550562,0.6394325528843137,0.041417002180868044,56,0.8156424581005587,0.7696629213483146,0.8089887640449438,0.8547486033519553,0.7821229050279329,0.8062331303747412,0.02955863067832946,1,0.6867356538099718,0.7061855670103093,0.7243460764587525,0.7116279069767442,0.7299270072992701,0.7117644423110095,0.015137760931712345,51,0.6983240223463687,0.7144403992216433,0.7368966166593434,0.7279360994287867,0.7365670704914946,0.7228328416295273,0.014721259205054795,2,0.6310194898758816,0.6473904849648406,0.6662889875051144,0.6566529544778805,0.670767834422123,0.654423950249168,0.014213433913492918,2,0.6983240223463687,0.7144403992216435,0.7368966166593435,0.7279360994287867,0.7365670704914945,0.7228328416295273,0.01472125920505477,2
351,0.03629283905029297,0.006911558504076079,0.04434466361999512,0.008409079384407088,6,False,False,500,-1,l2,newton-cg,"{'C': 6, 'dual': False, 'fit_intercept': False, 'max_iter': 500, 'n_jobs': -1, 'penalty': 'l2', 'solver': 'newton-cg'}",0.6983240223463687,0.7142857142857143,0.7366946778711485,0.7282913165266106,0.7366946778711485,0.7228580817801982,0.014750107656156195,2,0.7591240875912408,0.7421383647798742,0.7777777777777778,0.8045112781954887,0.7592592592592593,0.7685621535207281,0.021218411047386667,2,0.6606334841628959,0.6919191919191919,0.7058823529411765,0.6830357142857143,0.717948717948718,0.6918838922515393,0.019647959412579304,56,0.5810055865921788,0.659217877094972,0.664804469273743,0.601123595505618,0.6910112359550562,0.6394325528843137,0.041417002180868044,56,0.8156424581005587,0.7696629213483146,0.8089887640449438,0.8547486033519553,0.7821229050279329,0.8062331303747412,0.02955863067832946,1,0.6867356538099718,0.7061855670103093,0.7243460764587525,0.7116279069767442,0.7299270072992701,0.7117644423110095,0.015137760931712345,51,0.6983240223463687,0.7144403992216433,0.7368966166593434,0.7279360994287867,0.7365670704914946,0.7228328416295273,0.014721259205054795,2,0.6310194898758816,0.6473904849648406,0.6662889875051144,0.6566529544778805,0.670767834422123,0.654423950249168,0.014213433913492918,2,0.6983240223463687,0.7144403992216435,0.7368966166593435,0.7279360994287867,0.7365670704914945,0.7228328416295273,0.01472125920505477,2
234,0.052465295791625975,0.006161108342681025,0.04548764228820801,0.004887937569976901,4,False,False,500,-1,l2,saga,"{'C': 4, 'dual': False, 'fit_intercept': False, 'max_iter': 500, 'n_jobs': -1, 'penalty': 'l2', 'solver': 'saga'}",0.6983240223463687,0.7142857142857143,0.7366946778711485,0.7282913165266106,0.7366946778711485,0.7228580817801982,0.014750107656156195,2,0.7591240875912408,0.7421383647798742,0.7777777777777778,0.8045112781954887,0.7592592592592593,0.7685621535207281,0.021218411047386667,2,0.6606334841628959,0.6919191919191919,0.7058823529411765,0.6830357142857143,0.717948717948718,0.6918838922515393,0.019647959412579304,56,0.5810055865921788,0.659217877094972,0.664804469273743,0.601123595505618,0.6910112359550562,0.6394325528843137,0.041417002180868044,56,0.8156424581005587,0.7696629213483146,0.8089887640449438,0.8547486033519553,0.7821229050279329,0.8062331303747412,0.02955863067832946,1,0.6867356538099718,0.7061855670103093,0.7243460764587525,0.7116279069767442,0.7299270072992701,0.7117644423110095,0.015137760931712345,51,0.6983240223463687,0.7144403992216433,0.7368966166593434,0.7279360994287867,0.7365670704914946,0.7228328416295273,0.014721259205054795,2,0.6310194898758816,0.6473904849648406,0.6662889875051144,0.6566529544778805,0.670767834422123,0.654423950249168,0.014213433913492918,2,0.6983240223463687,0.7144403992216435,0.7368966166593435,0.7279360994287867,0.7365670704914945,0.7228328416295273,0.01472125920505477,2
174,0.03721718788146973,0.00600318194889663,0.04258460998535156,0.0032476348857820225,3,False,False,500,-1,l2,saga,"{'C': 3, 'dual': False, 'fit_intercept': False, 'max_iter': 500, 'n_jobs': -1, 'penalty': 'l2', 'solver': 'saga'}",0.6983240223463687,0.7142857142857143,0.7366946778711485,0.7282913165266106,0.7366946778711485,0.7228580817801982,0.014750107656156195,2,0.7591240875912408,0.7421383647798742,0.7777777777777778,0.8045112781954887,0.7592592592592593,0.7685621535207281,0.021218411047386667,2,0.6606334841628959,0.6919191919191919,0.7058823529411765,0.6830357142857143,0.717948717948718,0.6918838922515393,0.019647959412579304,56,0.5810055865921788,0.659217877094972,0.664804469273743,0.601123595505618,0.6910112359550562,0.6394325528843137,0.041417002180868044,56,0.8156424581005587,0.7696629213483146,0.8089887640449438,0.8547486033519553,0.7821229050279329,0.8062331303747412,0.02955863067832946,1,0.6867356538099718,0.7061855670103093,0.7243460764587525,0.7116279069767442,0.7299270072992701,0.7117644423110095,0.015137760931712345,51,0.6983240223463687,0.7144403992216433,0.7368966166593434,0.7279360994287867,0.7365670704914946,0.7228328416295273,0.014721259205054795,2,0.6310194898758816,0.6473904849648406,0.6662889875051144,0.6566529544778805,0.670767834422123,0.654423950249168,0.014213433913492918,2,0.6983240223463687,0.7144403992216435,0.7368966166593435,0.7279360994287867,0.7365670704914945,0.7228328416295273,0.01472125920505477,2
292,0.0370631217956543,0.012610617337520013,0.043090534210205075,0.0031501880985890514,5,False,False,500,-1,l2,newton-cholesky,"{'C': 5, 'dual': False, 'fit_intercept': False, 'max_iter': 500, 'n_jobs': -1, 'penalty': 'l2', 'solver': 'newton-cholesky'}",0.6983240223463687,0.7142857142857143,0.7366946778711485,0.7282913165266106,0.7366946778711485,0.7228580817801982,0.014750107656156195,2,0.7591240875912408,0.7421383647798742,0.7777777777777778,0.8045112781954887,0.7592592592592593,0.7685621535207281,0.021218411047386667,2,0.6606334841628959,0.6919191919191919,0.7058823529411765,0.6830357142857143,0.717948717948718,0.6918838922515393,0.019647959412579304,56,0.5810055865921788,0.659217877094972,0.664804469273743,0.601123595505618,0.6910112359550562,0.6394325528843137,0.041417002180868044,56,0.8156424581005587,0.7696629213483146,0.8089887640449438,0.8547486033519553,0.7821229050279329,0.8062331303747412,0.02955863067832946,1,0.6867356538099718,0.7061855670103093,0.7243460764587525,0.7116279069767442,0.7299270072992701,0.7117644423110095,0.015137760931712345,51,0.6983240223463687,0.7144403992216433,0.7368966166593434,0.7279360994287867,0.7365670704914946,0.7228328416295273,0.014721259205054795,2,0.6310194898758816,0.6473904849648406,0.6662889875051144,0.6566529544778805,0.670767834422123,0.654423950249168,0.014213433913492918,2,0.6983240223463687,0.7144403992216435,0.7368966166593435,0.7279360994287867,0.7365670704914945,0.7228328416295273,0.01472125920505477,2
230,0.03931927680969238,0.0038830531949465997,0.04225773811340332,0.004624270013614169,4,False,False,500,-1,l2,lbfgs,"{'C': 4, 'dual': False, 'fit_intercept': False, 'max_iter': 500, 'n_jobs': -1, 'penalty': 'l2', 'solver': 'lbfgs'}",0.6983240223463687,0.7142857142857143,0.7366946778711485,0.7282913165266106,0.7366946778711485,0.7228580817801982,0.014750107656156195,2,0.7591240875912408,0.7421383647798742,0.7777777777777778,0.8045112781954887,0.7592592592592593,0.7685621535207281,0.021218411047386667,2,0.6606334841628959,0.6919191919191919,0.7058823529411765,0.6830357142857143,0.717948717948718,0.6918838922515393,0.019647959412579304,56,0.5810055865921788,0.659217877094972,0.664804469273743,0.601123595505618,0.6910112359550562,0.6394325528843137,0.041417002180868044,56,0.8156424581005587,0.7696629213483146,0.8089887640449438,0.8547486033519553,0.7821229050279329,0.8062331303747412,0.02955863067832946,1,0.6867356538099718,0.7061855670103093,0.7243460764587525,0.7116279069767442,0.7299270072992701,0.7117644423110095,0.015137760931712345,51,0.6983240223463687,0.7144403992216433,0.7368966166593434,0.7279360994287867,0.7365670704914946,0.7228328416295273,0.014721259205054795,2,0.6310194898758816,0.6473904849648406,0.6662889875051144,0.6566529544778805,0.670767834422123,0.654423950249168,0.014213433913492918,2,0.6983240223463687,0.7144403992216435,0.7368966166593435,0.7279360994287867,0.7365670704914945,0.7228328416295273,0.01472125920505477,2
49,0.06537504196166992,0.011125017776153188,0.043965482711791994,0.007842688824657686,1,False,False,500,-1,l1,saga,"{'C': 1, 'dual': False, 'fit_intercept': False, 'max_iter': 500, 'n_jobs': -1, 'penalty': 'l1', 'solver': 'saga'}",0.6955307262569832,0.7142857142857143,0.7366946778711485,0.7282913165266106,0.7366946778711485,0.722299422562321,0.015691603909874244,46,0.7536231884057971,0.7421383647798742,0.7777777777777778,0.8045112781954887,0.7592592592592593,0.7674619736836394,0.021813520801215916,46,0.6590909090909091,0.6919191919191919,0.7058823529411765,0.6830357142857143,0.717948717948718,0.691575377237142,0.020142131846892005,100,0.5810055865921788,0.659217877094972,0.664804469273743,0.601123595505618,0.6910112359550562,0.6394325528843137,0.041417002180868044,56,0.8100558659217877,0.7696629213483146,0.8089887640449438,0.8547486033519553,0.7821229050279329,0.805115811938987,0.02928617111971393,46,0.6846081208687441,0.7061855670103093,0.7243460764587525,0.7116279069767442,0.7299270072992701,0.711338935722764,0.015848528583380525,95,0.6955307262569832,0.7144403992216433,0.7368966166593434,0.7279360994287867,0.7365670704914946,0.7222741824116502,0.01566358926596736,46,0.6288725241239208,0.6473904849648406,0.6662889875051144,0.6566529544778805,0.670767834422123,0.6539945570987759,0.014928450940049793,46,0.6955307262569833,0.7144403992216435,0.7368966166593435,0.7279360994287867,0.7365670704914945,0.7222741824116502,0.0156635892659673,46
109,0.10567283630371094,0.0955314044510845,0.04673762321472168,0.005451018118513303,2,False,False,500,-1,l1,saga,"{'C': 2, 'dual': False, 'fit_intercept': False, 'max_iter': 500, 'n_jobs': -1, 'penalty': 'l1', 'solver': 'saga'}",0.6955307262569832,0.7142857142857143,0.7366946778711485,0.7282913165266106,0.7366946778711485,0.722299422562321,0.015691603909874244,46,0.7536231884057971,0.7421383647798742,0.7777777777777778,0.8045112781954887,0.7592592592592593,0.7674619736836394,0.021813520801215916,46,0.6590909090909091,0.6919191919191919,0.7058823529411765,0.6830357142857143,0.717948717948718,0.691575377237142,0.020142131846892005,100,0.5810055865921788,0.659217877094972,0.664804469273743,0.601123595505618,0.6910112359550562,0.6394325528843137,0.041417002180868044,56,0.8100558659217877,0.7696629213483146,0.8089887640449438,0.8547486033519553,0.7821229050279329,0.805115811938987,0.02928617111971393,46,0.6846081208687441,0.7061855670103093,0.7243460764587525,0.7116279069767442,0.7299270072992701,0.711338935722764,0.015848528583380525,95,0.6955307262569832,0.7144403992216433,0.7368966166593434,0.7279360994287867,0.7365670704914946,0.7222741824116502,0.01566358926596736,46,0.6288725241239208,0.6473904849648406,0.6662889875051144,0.6566529544778805,0.670767834422123,0.6539945570987759,0.014928450940049793,46,0.6955307262569833,0.7144403992216435,0.7368966166593435,0.7279360994287867,0.7365670704914945,0.7222741824116502,0.0156635892659673,46
349,0.04086151123046875,0.00818852992191159,0.04536604881286621,0.0043602803109852,6,False,False,500,-1,l1,saga,"{'C': 6, 'dual': False, 'fit_intercept': False, 'max_iter': 500, 'n_jobs': -1, 'penalty': 'l1', 'solver': 'saga'}",0.6955307262569832,0.7142857142857143,0.7366946778711485,0.7282913165266106,0.7366946778711485,0.722299422562321,0.015691603909874244,46,0.7536231884057971,0.7421383647798742,0.7777777777777778,0.8045112781954887,0.7592592592592593,0.7674619736836394,0.021813520801215916,46,0.6590909090909091,0.6919191919191919,0.7058823529411765,0.6830357142857143,0.717948717948718,0.691575377237142,0.020142131846892005,100,0.5810055865921788,0.659217877094972,0.664804469273743,0.601123595505618,0.6910112359550562,0.6394325528843137,0.041417002180868044,56,0.8100558659217877,0.7696629213483146,0.8089887640449438,0.8547486033519553,0.7821229050279329,0.805115811938987,0.02928617111971393,46,0.6846081208687441,0.7061855670103093,0.7243460764587525,0.7116279069767442,0.7299270072992701,0.711338935722764,0.015848528583380525,95,0.6955307262569832,0.7144403992216433,0.7368966166593434,0.7279360994287867,0.7365670704914946,0.7222741824116502,0.01566358926596736,46,0.6288725241239208,0.6473904849648406,0.6662889875051144,0.6566529544778805,0.670767834422123,0.6539945570987759,0.014928450940049793,46,0.6955307262569833,0.7144403992216435,0.7368966166593435,0.7279360994287867,0.7365670704914945,0.7222741824116502,0.0156635892659673,46
469,0.04309115409851074,0.010619760361425359,0.04595460891723633,0.006416290397024865,8,False,False,500,-1,l1,saga,"{'C': 8, 'dual': False, 'fit_intercept': False, 'max_iter': 500, 'n_jobs': -1, 'penalty': 'l1', 'solver': 'saga'}",0.6955307262569832,0.7142857142857143,0.7366946778711485,0.7282913165266106,0.7366946778711485,0.722299422562321,0.015691603909874244,46,0.7536231884057971,0.7421383647798742,0.7777777777777778,0.8045112781954887,0.7592592592592593,0.7674619736836394,0.021813520801215916,46,0.6590909090909091,0.6919191919191919,0.7058823529411765,0.6830357142857143,0.717948717948718,0.691575377237142,0.020142131846892005,100,0.5810055865921788,0.659217877094972,0.664804469273743,0.601123595505618,0.6910112359550562,0.6394325528843137,0.041417002180868044,56,0.8100558659217877,0.7696629213483146,0.8089887640449438,0.8547486033519553,0.7821229050279329,0.805115811938987,0.02928617111971393,46,0.6846081208687441,0.7061855670103093,0.7243460764587525,0.7116279069767442,0.7299270072992701,0.711338935722764,0.015848528583380525,95,0.6955307262569832,0.7144403992216433,0.7368966166593434,0.7279360994287867,0.7365670704914946,0.7222741824116502,0.01566358926596736,46,0.6288725241239208,0.6473904849648406,0.6662889875051144,0.6566529544778805,0.670767834422123,0.6539945570987759,0.014928450940049793,46,0.6955307262569833,0.7144403992216435,0.7368966166593435,0.7279360994287867,0.7365670704914945,0.7222741824116502,0.0156635892659673,46
169,0.043954992294311525,0.011383856606722045,0.050442075729370116,0.005857735290875227,3,False,False,500,-1,l1,saga,"{'C': 3, 'dual': False, 'fit_intercept': False, 'max_iter': 500, 'n_jobs': -1, 'penalty': 'l1', 'solver': 'saga'}",0.6955307262569832,0.7142857142857143,0.7366946778711485,0.7282913165266106,0.7366946778711485,0.722299422562321,0.015691603909874244,46,0.7536231884057971,0.7421383647798742,0.7777777777777778,0.8045112781954887,0.7592592592592593,0.7674619736836394,0.021813520801215916,46,0.6590909090909091,0.6919191919191919,0.7058823529411765,0.6830357142857143,0.717948717948718,0.691575377237142,0.020142131846892005,100,0.5810055865921788,0.659217877094972,0.664804469273743,0.601123595505618,0.6910112359550562,0.6394325528843137,0.041417002180868044,56,0.8100558659217877,0.7696629213483146,0.8089887640449438,0.8547486033519553,0.7821229050279329,0.805115811938987,0.02928617111971393,46,0.6846081208687441,0.7061855670103093,0.7243460764587525,0.7116279069767442,0.7299270072992701,0.711338935722764,0.015848528583380525,95,0.6955307262569832,0.7144403992216433,0.7368966166593434,0.7279360994287867,0.7365670704914946,0.7222741824116502,0.01566358926596736,46,0.6288725241239208,0.6473904849648406,0.6662889875051144,0.6566529544778805,0.670767834422123,0.6539945570987759,0.014928450940049793,46,0.6955307262569833,0.7144403992216435,0.7368966166593435,0.7279360994287867,0.7365670704914945,0.7222741824116502,0.0156635892659673,46
409,0.05378060340881348,0.0038597351371951008,0.044877147674560545,0.002392239194609474,7,False,False,500,-1,l1,saga,"{'C': 7, 'dual': False, 'fit_intercept': False, 'max_iter': 500, 'n_jobs': -1, 'penalty': 'l1', 'solver': 'saga'}",0.6955307262569832,0.7142857142857143,0.7366946778711485,0.7282913165266106,0.7366946778711485,0.722299422562321,0.015691603909874244,46,0.7536231884057971,0.7421383647798742,0.7777777777777778,0.8045112781954887,0.7592592592592593,0.7674619736836394,0.021813520801215916,46,0.6590909090909091,0.6919191919191919,0.7058823529411765,0.6830357142857143,0.717948717948718,0.691575377237142,0.020142131846892005,100,0.5810055865921788,0.659217877094972,0.664804469273743,0.601123595505618,0.6910112359550562,0.6394325528843137,0.041417002180868044,56,0.8100558659217877,0.7696629213483146,0.8089887640449438,0.8547486033519553,0.7821229050279329,0.805115811938987,0.02928617111971393,46,0.6846081208687441,0.7061855670103093,0.7243460764587525,0.7116279069767442,0.7299270072992701,0.711338935722764,0.015848528583380525,95,0.6955307262569832,0.7144403992216433,0.7368966166593434,0.7279360994287867,0.7365670704914946,0.7222741824116502,0.01566358926596736,46,0.6288725241239208,0.6473904849648406,0.6662889875051144,0.6566529544778805,0.670767834422123,0.6539945570987759,0.014928450940049793,46,0.6955307262569833,0.7144403992216435,0.7368966166593435,0.7279360994287867,0.7365670704914945,0.7222741824116502,0.0156635892659673,46
289,0.04458870887756348,0.01077620046340865,0.041477394104003903,0.003295238510071963,5,False,False,500,-1,l1,saga,"{'C': 5, 'dual': False, 'fit_intercept': False, 'max_iter': 500, 'n_jobs': -1, 'penalty': 'l1', 'solver': 'saga'}",0.6955307262569832,0.7142857142857143,0.7366946778711485,0.7282913165266106,0.7366946778711485,0.722299422562321,0.015691603909874244,46,0.7536231884057971,0.7421383647798742,0.7777777777777778,0.8045112781954887,0.7592592592592593,0.7674619736836394,0.021813520801215916,46,0.6590909090909091,0.6919191919191919,0.7058823529411765,0.6830357142857143,0.717948717948718,0.691575377237142,0.020142131846892005,100,0.5810055865921788,0.659217877094972,0.664804469273743,0.601123595505618,0.6910112359550562,0.6394325528843137,0.041417002180868044,56,0.8100558659217877,0.7696629213483146,0.8089887640449438,0.8547486033519553,0.7821229050279329,0.805115811938987,0.02928617111971393,46,0.6846081208687441,0.7061855670103093,0.7243460764587525,0.7116279069767442,0.7299270072992701,0.711338935722764,0.015848528583380525,95,0.6955307262569832,0.7144403992216433,0.7368966166593434,0.7279360994287867,0.7365670704914946,0.7222741824116502,0.01566358926596736,46,0.6288725241239208,0.6473904849648406,0.6662889875051144,0.6566529544778805,0.670767834422123,0.6539945570987759,0.014928450940049793,46,0.6955307262569833,0.7144403992216435,0.7368966166593435,0.7279360994287867,0.7365670704914945,0.7222741824116502,0.0156635892659673,46
229,0.042237472534179685,0.008156536544607216,0.04483318328857422,0.006143909509433117,4,False,False,500,-1,l1,saga,"{'C': 4, 'dual': False, 'fit_intercept': False, 'max_iter': 500, 'n_jobs': -1, 'penalty': 'l1', 'solver': 'saga'}",0.6955307262569832,0.7142857142857143,0.7366946778711485,0.7282913165266106,0.7366946778711485,0.722299422562321,0.015691603909874244,46,0.7536231884057971,0.7421383647798742,0.7777777777777778,0.8045112781954887,0.7592592592592593,0.7674619736836394,0.021813520801215916,46,0.6590909090909091,0.6919191919191919,0.7058823529411765,0.6830357142857143,0.717948717948718,0.691575377237142,0.020142131846892005,100,0.5810055865921788,0.659217877094972,0.664804469273743,0.601123595505618,0.6910112359550562,0.6394325528843137,0.041417002180868044,56,0.8100558659217877,0.7696629213483146,0.8089887640449438,0.8547486033519553,0.7821229050279329,0.805115811938987,0.02928617111971393,46,0.6846081208687441,0.7061855670103093,0.7243460764587525,0.7116279069767442,0.7299270072992701,0.711338935722764,0.015848528583380525,95,0.6955307262569832,0.7144403992216433,0.7368966166593434,0.7279360994287867,0.7365670704914946,0.7222741824116502,0.01566358926596736,46,0.6288725241239208,0.6473904849648406,0.6662889875051144,0.6566529544778805,0.670767834422123,0.6539945570987759,0.014928450940049793,46,0.6955307262569833,0.7144403992216435,0.7368966166593435,0.7279360994287867,0.7365670704914945,0.7222741824116502,0.0156635892659673,46
529,0.08415765762329101,0.006513940783857896,0.061318063735961915,0.006152470155414463,9,False,False,500,-1,l1,saga,"{'C': 9, 'dual': False, 'fit_intercept': False, 'max_iter': 500, 'n_jobs': -1, 'penalty': 'l1', 'solver': 'saga'}",0.6955307262569832,0.7142857142857143,0.7366946778711485,0.7282913165266106,0.7366946778711485,0.722299422562321,0.015691603909874244,46,0.7536231884057971,0.7421383647798742,0.7777777777777778,0.8045112781954887,0.7592592592592593,0.7674619736836394,0.021813520801215916,46,0.6590909090909091,0.6919191919191919,0.7058823529411765,0.6830357142857143,0.717948717948718,0.691575377237142,0.020142131846892005,100,0.5810055865921788,0.659217877094972,0.664804469273743,0.601123595505618,0.6910112359550562,0.6394325528843137,0.041417002180868044,56,0.8100558659217877,0.7696629213483146,0.8089887640449438,0.8547486033519553,0.7821229050279329,0.805115811938987,0.02928617111971393,46,0.6846081208687441,0.7061855670103093,0.7243460764587525,0.7116279069767442,0.7299270072992701,0.711338935722764,0.015848528583380525,95,0.6955307262569832,0.7144403992216433,0.7368966166593434,0.7279360994287867,0.7365670704914946,0.7222741824116502,0.01566358926596736,46,0.6288725241239208,0.6473904849648406,0.6662889875051144,0.6566529544778805,0.670767834422123,0.6539945570987759,0.014928450940049793,46,0.6955307262569833,0.7144403992216435,0.7368966166593435,0.7279360994287867,0.7365670704914945,0.7222741824116502,0.0156635892659673,46
396,0.051822853088378903,0.008990015015855304,0.046157550811767575,0.004120007578432585,7,False,True,500,-1,l2,newton-cg,"{'C': 7, 'dual': False, 'fit_intercept': True, 'max_iter': 500, 'n_jobs': -1, 'penalty': 'l2', 'solver': 'newton-cg'}",0.6955307262569832,0.711484593837535,0.7142857142857143,0.7086834733893558,0.7254901960784313,0.711094940769604,0.009650038226573593,55,0.7108433734939759,0.7065217391304348,0.7037037037037037,0.7202380952380952,0.7127659574468085,0.7108145738026037,0.00568514532585169,55,0.6822916666666666,0.7167630057803468,0.7261904761904762,0.6984126984126984,0.7396449704142012,0.7126605634928779,0.02026483822292331,1,0.659217877094972,0.7262569832402235,0.7430167597765364,0.6797752808988764,0.7528089887640449,0.7122151779549306,0.036482401329511395,1,0.7318435754189944,0.6966292134831461,0.6853932584269663,0.7374301675977654,0.6983240223463687,0.7099240474546481,0.020737044893959743,55,0.6916578669482577,0.7126436781609196,0.7176470588235294,0.7058823529411765,0.7309941520467836,0.7117650217841334,0.012992561839214312,2,0.6955307262569832,0.7114430983616848,0.7142050091017513,0.7086027242483208,0.7255665055552067,0.7110696127047894,0.0096713249879522,55,0.6334089851024208,0.6505785531722593,0.6545888018128599,0.6466832543073094,0.6677723550495865,0.6506063898888872,0.011150537778011914,55,0.6955307262569832,0.7114430983616847,0.7142050091017512,0.7086027242483208,0.7255665055552069,0.7110696127047893,0.009671324987952224,55
395,0.03868732452392578,0.01107874235785717,0.048913002014160156,0.007837229161760157,7,False,True,500,-1,l2,lbfgs,"{'C': 7, 'dual': False, 'fit_intercept': True, 'max_iter': 500, 'n_jobs': -1, 'penalty': 'l2', 'solver': 'lbfgs'}",0.6955307262569832,0.711484593837535,0.7142857142857143,0.7086834733893558,0.7254901960784313,0.711094940769604,0.009650038226573593,55,0.7108433734939759,0.7065217391304348,0.7037037037037037,0.7202380952380952,0.7127659574468085,0.7108145738026037,0.00568514532585169,55,0.6822916666666666,0.7167630057803468,0.7261904761904762,0.6984126984126984,0.7396449704142012,0.7126605634928779,0.02026483822292331,1,0.659217877094972,0.7262569832402235,0.7430167597765364,0.6797752808988764,0.7528089887640449,0.7122151779549306,0.036482401329511395,1,0.7318435754189944,0.6966292134831461,0.6853932584269663,0.7374301675977654,0.6983240223463687,0.7099240474546481,0.020737044893959743,55,0.6916578669482577,0.7126436781609196,0.7176470588235294,0.7058823529411765,0.7309941520467836,0.7117650217841334,0.012992561839214312,2,0.6955307262569832,0.7114430983616848,0.7142050091017513,0.7086027242483208,0.7255665055552067,0.7110696127047894,0.0096713249879522,55,0.6334089851024208,0.6505785531722593,0.6545888018128599,0.6466832543073094,0.6677723550495865,0.6506063898888872,0.011150537778011914,55,0.6955307262569832,0.7114430983616847,0.7142050091017512,0.7086027242483208,0.7255665055552069,0.7110696127047893,0.009671324987952224,55
458,0.1644892692565918,0.06515130944051489,0.04766488075256348,0.01184437732869273,8,False,True,500,-1,l2,sag,"{'C': 8, 'dual': False, 'fit_intercept': True, 'max_iter': 500, 'n_jobs': -1, 'penalty': 'l2', 'solver': 'sag'}",0.6955307262569832,0.711484593837535,0.7142857142857143,0.7086834733893558,0.7254901960784313,0.711094940769604,0.009650038226573593,55,0.7108433734939759,0.7065217391304348,0.7037037037037037,0.7202380952380952,0.7127659574468085,0.7108145738026037,0.00568514532585169,55,0.6822916666666666,0.7167630057803468,0.7261904761904762,0.6984126984126984,0.7396449704142012,0.7126605634928779,0.02026483822292331,1,0.659217877094972,0.7262569832402235,0.7430167597765364,0.6797752808988764,0.7528089887640449,0.7122151779549306,0.036482401329511395,1,0.7318435754189944,0.6966292134831461,0.6853932584269663,0.7374301675977654,0.6983240223463687,0.7099240474546481,0.020737044893959743,55,0.6916578669482577,0.7126436781609196,0.7176470588235294,0.7058823529411765,0.7309941520467836,0.7117650217841334,0.012992561839214312,2,0.6955307262569832,0.7114430983616848,0.7142050091017513,0.7086027242483208,0.7255665055552067,0.7110696127047894,0.0096713249879522,55,0.6334089851024208,0.6505785531722593,0.6545888018128599,0.6466832543073094,0.6677723550495865,0.6506063898888872,0.011150537778011914,55,0.6955307262569832,0.7114430983616847,0.7142050091017512,0.7086027242483208,0.7255665055552069,0.7110696127047893,0.009671324987952224,55
456,0.05041136741638184,0.00802922707610304,0.04036846160888672,0.005200485133757913,8,False,True,500,-1,l2,newton-cg,"{'C': 8, 'dual': False, 'fit_intercept': True, 'max_iter': 500, 'n_jobs': -1, 'penalty': 'l2', 'solver': 'newton-cg'}",0.6955307262569832,0.711484593837535,0.7142857142857143,0.7086834733893558,0.7254901960784313,0.711094940769604,0.009650038226573593,55,0.7108433734939759,0.7065217391304348,0.7037037037037037,0.7202380952380952,0.7127659574468085,0.7108145738026037,0.00568514532585169,55,0.6822916666666666,0.7167630057803468,0.7261904761904762,0.6984126984126984,0.7396449704142012,0.7126605634928779,0.02026483822292331,1,0.659217877094972,0.7262569832402235,0.7430167597765364,0.6797752808988764,0.7528089887640449,0.7122151779549306,0.036482401329511395,1,0.7318435754189944,0.6966292134831461,0.6853932584269663,0.7374301675977654,0.6983240223463687,0.7099240474546481,0.020737044893959743,55,0.6916578669482577,0.7126436781609196,0.7176470588235294,0.7058823529411765,0.7309941520467836,0.7117650217841334,0.012992561839214312,2,0.6955307262569832,0.7114430983616848,0.7142050091017513,0.7086027242483208,0.7255665055552067,0.7110696127047894,0.0096713249879522,55,0.6334089851024208,0.6505785531722593,0.6545888018128599,0.6466832543073094,0.6677723550495865,0.6506063898888872,0.011150537778011914,55,0.6955307262569832,0.7114430983616847,0.7142050091017512,0.7086027242483208,0.7255665055552069,0.7110696127047893,0.009671324987952224,55
94,0.14487786293029786,0.028938206161316565,0.04671931266784668,0.004831088033422269,2,False,True,500,-1,l1,saga,"{'C': 2, 'dual': False, 'fit_intercept': True, 'max_iter': 500, 'n_jobs': -1, 'penalty': 'l1', 'solver': 'saga'}",0.6955307262569832,0.711484593837535,0.7142857142857143,0.7086834733893558,0.7254901960784313,0.711094940769604,0.009650038226573593,55,0.7108433734939759,0.7065217391304348,0.7037037037037037,0.7202380952380952,0.7127659574468085,0.7108145738026037,0.00568514532585169,55,0.6822916666666666,0.7167630057803468,0.7261904761904762,0.6984126984126984,0.7396449704142012,0.7126605634928779,0.02026483822292331,1,0.659217877094972,0.7262569832402235,0.7430167597765364,0.6797752808988764,0.7528089887640449,0.7122151779549306,0.036482401329511395,1,0.7318435754189944,0.6966292134831461,0.6853932584269663,0.7374301675977654,0.6983240223463687,0.7099240474546481,0.020737044893959743,55,0.6916578669482577,0.7126436781609196,0.7176470588235294,0.7058823529411765,0.7309941520467836,0.7117650217841334,0.012992561839214312,2,0.6955307262569832,0.7114430983616848,0.7142050091017513,0.7086027242483208,0.7255665055552067,0.7110696127047894,0.0096713249879522,55,0.6334089851024208,0.6505785531722593,0.6545888018128599,0.6466832543073094,0.6677723550495865,0.6506063898888872,0.011150537778011914,55,0.6955307262569832,0.7114430983616847,0.7142050091017512,0.7086027242483208,0.7255665055552069,0.7110696127047893,0.009671324987952224,55
95,0.041421699523925784,0.01052606713308708,0.04761505126953125,0.00688247389347208,2,False,True,500,-1,l2,lbfgs,"{'C': 2, 'dual': False, 'fit_intercept': True, 'max_iter': 500, 'n_jobs': -1, 'penalty': 'l2', 'solver': 'lbfgs'}",0.6955307262569832,0.711484593837535,0.7142857142857143,0.7086834733893558,0.7254901960784313,0.711094940769604,0.009650038226573593,55,0.7108433734939759,0.7065217391304348,0.7037037037037037,0.7202380952380952,0.7127659574468085,0.7108145738026037,0.00568514532585169,55,0.6822916666666666,0.7167630057803468,0.7261904761904762,0.6984126984126984,0.7396449704142012,0.7126605634928779,0.02026483822292331,1,0.659217877094972,0.7262569832402235,0.7430167597765364,0.6797752808988764,0.7528089887640449,0.7122151779549306,0.036482401329511395,1,0.7318435754189944,0.6966292134831461,0.6853932584269663,0.7374301675977654,0.6983240223463687,0.7099240474546481,0.020737044893959743,55,0.6916578669482577,0.7126436781609196,0.7176470588235294,0.7058823529411765,0.7309941520467836,0.7117650217841334,0.012992561839214312,2,0.6955307262569832,0.7114430983616848,0.7142050091017513,0.7086027242483208,0.7255665055552067,0.7110696127047894,0.0096713249879522,55,0.6334089851024208,0.6505785531722593,0.6545888018128599,0.6466832543073094,0.6677723550495865,0.6506063898888872,0.011150537778011914,55,0.6955307262569832,0.7114430983616847,0.7142050091017512,0.7086027242483208,0.7255665055552069,0.7110696127047893,0.009671324987952224,55
96,0.08941488265991211,0.04433182379145116,0.06327142715454101,0.037022324827450166,2,False,True,500,-1,l2,newton-cg,"{'C': 2, 'dual': False, 'fit_intercept': True, 'max_iter': 500, 'n_jobs': -1, 'penalty': 'l2', 'solver': 'newton-cg'}",0.6955307262569832,0.711484593837535,0.7142857142857143,0.7086834733893558,0.7254901960784313,0.711094940769604,0.009650038226573593,55,0.7108433734939759,0.7065217391304348,0.7037037037037037,0.7202380952380952,0.7127659574468085,0.7108145738026037,0.00568514532585169,55,0.6822916666666666,0.7167630057803468,0.7261904761904762,0.6984126984126984,0.7396449704142012,0.7126605634928779,0.02026483822292331,1,0.659217877094972,0.7262569832402235,0.7430167597765364,0.6797752808988764,0.7528089887640449,0.7122151779549306,0.036482401329511395,1,0.7318435754189944,0.6966292134831461,0.6853932584269663,0.7374301675977654,0.6983240223463687,0.7099240474546481,0.020737044893959743,55,0.6916578669482577,0.7126436781609196,0.7176470588235294,0.7058823529411765,0.7309941520467836,0.7117650217841334,0.012992561839214312,2,0.6955307262569832,0.7114430983616848,0.7142050091017513,0.7086027242483208,0.7255665055552067,0.7110696127047894,0.0096713249879522,55,0.6334089851024208,0.6505785531722593,0.6545888018128599,0.6466832543073094,0.6677723550495865,0.6506063898888872,0.011150537778011914,55,0.6955307262569832,0.7114430983616847,0.7142050091017512,0.7086027242483208,0.7255665055552069,0.7110696127047893,0.009671324987952224,55
97,0.03394479751586914,0.004518543985398964,0.045749473571777347,0.0055314504124905186,2,False,True,500,-1,l2,newton-cholesky,"{'C': 2, 'dual': False, 'fit_intercept': True, 'max_iter': 500, 'n_jobs': -1, 'penalty': 'l2', 'solver': 'newton-cholesky'}",0.6955307262569832,0.711484593837535,0.7142857142857143,0.7086834733893558,0.7254901960784313,0.711094940769604,0.009650038226573593,55,0.7108433734939759,0.7065217391304348,0.7037037037037037,0.7202380952380952,0.7127659574468085,0.7108145738026037,0.00568514532585169,55,0.6822916666666666,0.7167630057803468,0.7261904761904762,0.6984126984126984,0.7396449704142012,0.7126605634928779,0.02026483822292331,1,0.659217877094972,0.7262569832402235,0.7430167597765364,0.6797752808988764,0.7528089887640449,0.7122151779549306,0.036482401329511395,1,0.7318435754189944,0.6966292134831461,0.6853932584269663,0.7374301675977654,0.6983240223463687,0.7099240474546481,0.020737044893959743,55,0.6916578669482577,0.7126436781609196,0.7176470588235294,0.7058823529411765,0.7309941520467836,0.7117650217841334,0.012992561839214312,2,0.6955307262569832,0.7114430983616848,0.7142050091017513,0.7086027242483208,0.7255665055552067,0.7110696127047894,0.0096713249879522,55,0.6334089851024208,0.6505785531722593,0.6545888018128599,0.6466832543073094,0.6677723550495865,0.6506063898888872,0.011150537778011914,55,0.6955307262569832,0.7114430983616847,0.7142050091017512,0.7086027242483208,0.7255665055552069,0.7110696127047893,0.009671324987952224,55
394,0.2805882453918457,0.019899608290131845,0.04561538696289062,0.00853737641980187,7,False,True,500,-1,l1,saga,"{'C': 7, 'dual': False, 'fit_intercept': True, 'max_iter': 500, 'n_jobs': -1, 'penalty': 'l1', 'solver': 'saga'}",0.6955307262569832,0.711484593837535,0.7142857142857143,0.7086834733893558,0.7254901960784313,0.711094940769604,0.009650038226573593,55,0.7108433734939759,0.7065217391304348,0.7037037037037037,0.7202380952380952,0.7127659574468085,0.7108145738026037,0.00568514532585169,55,0.6822916666666666,0.7167630057803468,0.7261904761904762,0.6984126984126984,0.7396449704142012,0.7126605634928779,0.02026483822292331,1,0.659217877094972,0.7262569832402235,0.7430167597765364,0.6797752808988764,0.7528089887640449,0.7122151779549306,0.036482401329511395,1,0.7318435754189944,0.6966292134831461,0.6853932584269663,0.7374301675977654,0.6983240223463687,0.7099240474546481,0.020737044893959743,55,0.6916578669482577,0.7126436781609196,0.7176470588235294,0.7058823529411765,0.7309941520467836,0.7117650217841334,0.012992561839214312,2,0.6955307262569832,0.7114430983616848,0.7142050091017513,0.7086027242483208,0.7255665055552067,0.7110696127047894,0.0096713249879522,55,0.6334089851024208,0.6505785531722593,0.6545888018128599,0.6466832543073094,0.6677723550495865,0.6506063898888872,0.011150537778011914,55,0.6955307262569832,0.7114430983616847,0.7142050091017512,0.7086027242483208,0.7255665055552069,0.7110696127047893,0.009671324987952224,55
98,0.08484864234924316,0.016423662766553507,0.044887733459472653,0.005916472400437598,2,False,True,500,-1,l2,sag,"{'C': 2, 'dual': False, 'fit_intercept': True, 'max_iter': 500, 'n_jobs': -1, 'penalty': 'l2', 'solver': 'sag'}",0.6955307262569832,0.711484593837535,0.7142857142857143,0.7086834733893558,0.7254901960784313,0.711094940769604,0.009650038226573593,55,0.7108433734939759,0.7065217391304348,0.7037037037037037,0.7202380952380952,0.7127659574468085,0.7108145738026037,0.00568514532585169,55,0.6822916666666666,0.7167630057803468,0.7261904761904762,0.6984126984126984,0.7396449704142012,0.7126605634928779,0.02026483822292331,1,0.659217877094972,0.7262569832402235,0.7430167597765364,0.6797752808988764,0.7528089887640449,0.7122151779549306,0.036482401329511395,1,0.7318435754189944,0.6966292134831461,0.6853932584269663,0.7374301675977654,0.6983240223463687,0.7099240474546481,0.020737044893959743,55,0.6916578669482577,0.7126436781609196,0.7176470588235294,0.7058823529411765,0.7309941520467836,0.7117650217841334,0.012992561839214312,2,0.6955307262569832,0.7114430983616848,0.7142050091017513,0.7086027242483208,0.7255665055552067,0.7110696127047894,0.0096713249879522,55,0.6334089851024208,0.6505785531722593,0.6545888018128599,0.6466832543073094,0.6677723550495865,0.6506063898888872,0.011150537778011914,55,0.6955307262569832,0.7114430983616847,0.7142050091017512,0.7086027242483208,0.7255665055552069,0.7110696127047893,0.009671324987952224,55
99,0.1770630359649658,0.05327141616620557,0.061414337158203124,0.016822339346790022,2,False,True,500,-1,l2,saga,"{'C': 2, 'dual': False, 'fit_intercept': True, 'max_iter': 500, 'n_jobs': -1, 'penalty': 'l2', 'solver': 'saga'}",0.6955307262569832,0.711484593837535,0.7142857142857143,0.7086834733893558,0.7254901960784313,0.711094940769604,0.009650038226573593,55,0.7108433734939759,0.7065217391304348,0.7037037037037037,0.7202380952380952,0.7127659574468085,0.7108145738026037,0.00568514532585169,55,0.6822916666666666,0.7167630057803468,0.7261904761904762,0.6984126984126984,0.7396449704142012,0.7126605634928779,0.02026483822292331,1,0.659217877094972,0.7262569832402235,0.7430167597765364,0.6797752808988764,0.7528089887640449,0.7122151779549306,0.036482401329511395,1,0.7318435754189944,0.6966292134831461,0.6853932584269663,0.7374301675977654,0.6983240223463687,0.7099240474546481,0.020737044893959743,55,0.6916578669482577,0.7126436781609196,0.7176470588235294,0.7058823529411765,0.7309941520467836,0.7117650217841334,0.012992561839214312,2,0.6955307262569832,0.7114430983616848,0.7142050091017513,0.7086027242483208,0.7255665055552067,0.7110696127047894,0.0096713249879522,55,0.6334089851024208,0.6505785531722593,0.6545888018128599,0.6466832543073094,0.6677723550495865,0.6506063898888872,0.011150537778011914,55,0.6955307262569832,0.7114430983616847,0.7142050091017512,0.7086027242483208,0.7255665055552069,0.7110696127047893,0.009671324987952224,55
457,0.03711681365966797,0.007196699517870763,0.04039716720581055,0.0029683182306477094,8,False,True,500,-1,l2,newton-cholesky,"{'C': 8, 'dual': False, 'fit_intercept': True, 'max_iter': 500, 'n_jobs': -1, 'penalty': 'l2', 'solver': 'newton-cholesky'}",0.6955307262569832,0.711484593837535,0.7142857142857143,0.7086834733893558,0.7254901960784313,0.711094940769604,0.009650038226573593,55,0.7108433734939759,0.7065217391304348,0.7037037037037037,0.7202380952380952,0.7127659574468085,0.7108145738026037,0.00568514532585169,55,0.6822916666666666,0.7167630057803468,0.7261904761904762,0.6984126984126984,0.7396449704142012,0.7126605634928779,0.02026483822292331,1,0.659217877094972,0.7262569832402235,0.7430167597765364,0.6797752808988764,0.7528089887640449,0.7122151779549306,0.036482401329511395,1,0.7318435754189944,0.6966292134831461,0.6853932584269663,0.7374301675977654,0.6983240223463687,0.7099240474546481,0.020737044893959743,55,0.6916578669482577,0.7126436781609196,0.7176470588235294,0.7058823529411765,0.7309941520467836,0.7117650217841334,0.012992561839214312,2,0.6955307262569832,0.7114430983616848,0.7142050091017513,0.7086027242483208,0.7255665055552067,0.7110696127047894,0.0096713249879522,55,0.6334089851024208,0.6505785531722593,0.6545888018128599,0.6466832543073094,0.6677723550495865,0.6506063898888872,0.011150537778011914,55,0.6955307262569832,0.7114430983616847,0.7142050091017512,0.7086027242483208,0.7255665055552069,0.7110696127047893,0.009671324987952224,55
454,0.2905693054199219,0.023123995775649095,0.0404543399810791,0.0038286374352862066,8,False,True,500,-1,l1,saga,"{'C': 8, 'dual': False, 'fit_intercept': True, 'max_iter': 500, 'n_jobs': -1, 'penalty': 'l1', 'solver': 'saga'}",0.6955307262569832,0.711484593837535,0.7142857142857143,0.7086834733893558,0.7254901960784313,0.711094940769604,0.009650038226573593,55,0.7108433734939759,0.7065217391304348,0.7037037037037037,0.7202380952380952,0.7127659574468085,0.7108145738026037,0.00568514532585169,55,0.6822916666666666,0.7167630057803468,0.7261904761904762,0.6984126984126984,0.7396449704142012,0.7126605634928779,0.02026483822292331,1,0.659217877094972,0.7262569832402235,0.7430167597765364,0.6797752808988764,0.7528089887640449,0.7122151779549306,0.036482401329511395,1,0.7318435754189944,0.6966292134831461,0.6853932584269663,0.7374301675977654,0.6983240223463687,0.7099240474546481,0.020737044893959743,55,0.6916578669482577,0.7126436781609196,0.7176470588235294,0.7058823529411765,0.7309941520467836,0.7117650217841334,0.012992561839214312,2,0.6955307262569832,0.7114430983616848,0.7142050091017513,0.7086027242483208,0.7255665055552067,0.7110696127047894,0.0096713249879522,55,0.6334089851024208,0.6505785531722593,0.6545888018128599,0.6466832543073094,0.6677723550495865,0.6506063898888872,0.011150537778011914,55,0.6955307262569832,0.7114430983616847,0.7142050091017512,0.7086027242483208,0.7255665055552069,0.7110696127047893,0.009671324987952224,55
397,0.03416290283203125,0.01110851996378755,0.04038667678833008,0.0026996130468692624,7,False,True,500,-1,l2,newton-cholesky,"{'C': 7, 'dual': False, 'fit_intercept': True, 'max_iter': 500, 'n_jobs': -1, 'penalty': 'l2', 'solver': 'newton-cholesky'}",0.6955307262569832,0.711484593837535,0.7142857142857143,0.7086834733893558,0.7254901960784313,0.711094940769604,0.009650038226573593,55,0.7108433734939759,0.7065217391304348,0.7037037037037037,0.7202380952380952,0.7127659574468085,0.7108145738026037,0.00568514532585169,55,0.6822916666666666,0.7167630057803468,0.7261904761904762,0.6984126984126984,0.7396449704142012,0.7126605634928779,0.02026483822292331,1,0.659217877094972,0.7262569832402235,0.7430167597765364,0.6797752808988764,0.7528089887640449,0.7122151779549306,0.036482401329511395,1,0.7318435754189944,0.6966292134831461,0.6853932584269663,0.7374301675977654,0.6983240223463687,0.7099240474546481,0.020737044893959743,55,0.6916578669482577,0.7126436781609196,0.7176470588235294,0.7058823529411765,0.7309941520467836,0.7117650217841334,0.012992561839214312,2,0.6955307262569832,0.7114430983616848,0.7142050091017513,0.7086027242483208,0.7255665055552067,0.7110696127047894,0.0096713249879522,55,0.6334089851024208,0.6505785531722593,0.6545888018128599,0.6466832543073094,0.6677723550495865,0.6506063898888872,0.011150537778011914,55,0.6955307262569832,0.7114430983616847,0.7142050091017512,0.7086027242483208,0.7255665055552069,0.7110696127047893,0.009671324987952224,55
398,0.12532391548156738,0.022133610867669944,0.040009927749633786,0.005018751192725514,7,False,True,500,-1,l2,sag,"{'C': 7, 'dual': False, 'fit_intercept': True, 'max_iter': 500, 'n_jobs': -1, 'penalty': 'l2', 'solver': 'sag'}",0.6955307262569832,0.711484593837535,0.7142857142857143,0.7086834733893558,0.7254901960784313,0.711094940769604,0.009650038226573593,55,0.7108433734939759,0.7065217391304348,0.7037037037037037,0.7202380952380952,0.7127659574468085,0.7108145738026037,0.00568514532585169,55,0.6822916666666666,0.7167630057803468,0.7261904761904762,0.6984126984126984,0.7396449704142012,0.7126605634928779,0.02026483822292331,1,0.659217877094972,0.7262569832402235,0.7430167597765364,0.6797752808988764,0.7528089887640449,0.7122151779549306,0.036482401329511395,1,0.7318435754189944,0.6966292134831461,0.6853932584269663,0.7374301675977654,0.6983240223463687,0.7099240474546481,0.020737044893959743,55,0.6916578669482577,0.7126436781609196,0.7176470588235294,0.7058823529411765,0.7309941520467836,0.7117650217841334,0.012992561839214312,2,0.6955307262569832,0.7114430983616848,0.7142050091017513,0.7086027242483208,0.7255665055552067,0.7110696127047894,0.0096713249879522,55,0.6334089851024208,0.6505785531722593,0.6545888018128599,0.6466832543073094,0.6677723550495865,0.6506063898888872,0.011150537778011914,55,0.6955307262569832,0.7114430983616847,0.7142050091017512,0.7086027242483208,0.7255665055552069,0.7110696127047893,0.009671324987952224,55
399,0.2462467670440674,0.015479640231071309,0.04411358833312988,0.006498682744096955,7,False,True,500,-1,l2,saga,"{'C': 7, 'dual': False, 'fit_intercept': True, 'max_iter': 500, 'n_jobs': -1, 'penalty': 'l2', 'solver': 'saga'}",0.6955307262569832,0.711484593837535,0.7142857142857143,0.7086834733893558,0.7254901960784313,0.711094940769604,0.009650038226573593,55,0.7108433734939759,0.7065217391304348,0.7037037037037037,0.7202380952380952,0.7127659574468085,0.7108145738026037,0.00568514532585169,55,0.6822916666666666,0.7167630057803468,0.7261904761904762,0.6984126984126984,0.7396449704142012,0.7126605634928779,0.02026483822292331,1,0.659217877094972,0.7262569832402235,0.7430167597765364,0.6797752808988764,0.7528089887640449,0.7122151779549306,0.036482401329511395,1,0.7318435754189944,0.6966292134831461,0.6853932584269663,0.7374301675977654,0.6983240223463687,0.7099240474546481,0.020737044893959743,55,0.6916578669482577,0.7126436781609196,0.7176470588235294,0.7058823529411765,0.7309941520467836,0.7117650217841334,0.012992561839214312,2,0.6955307262569832,0.7114430983616848,0.7142050091017513,0.7086027242483208,0.7255665055552067,0.7110696127047894,0.0096713249879522,55,0.6334089851024208,0.6505785531722593,0.6545888018128599,0.6466832543073094,0.6677723550495865,0.6506063898888872,0.011150537778011914,55,0.6955307262569832,0.7114430983616847,0.7142050091017512,0.7086027242483208,0.7255665055552069,0.7110696127047893,0.009671324987952224,55
159,0.14867963790893554,0.01131064108252485,0.04426279067993164,0.008528832782412704,3,False,True,500,-1,l2,saga,"{'C': 3, 'dual': False, 'fit_intercept': True, 'max_iter': 500, 'n_jobs': -1, 'penalty': 'l2', 'solver': 'saga'}",0.6955307262569832,0.711484593837535,0.7142857142857143,0.7086834733893558,0.7254901960784313,0.711094940769604,0.009650038226573593,55,0.7108433734939759,0.7065217391304348,0.7037037037037037,0.7202380952380952,0.7127659574468085,0.7108145738026037,0.00568514532585169,55,0.6822916666666666,0.7167630057803468,0.7261904761904762,0.6984126984126984,0.7396449704142012,0.7126605634928779,0.02026483822292331,1,0.659217877094972,0.7262569832402235,0.7430167597765364,0.6797752808988764,0.7528089887640449,0.7122151779549306,0.036482401329511395,1,0.7318435754189944,0.6966292134831461,0.6853932584269663,0.7374301675977654,0.6983240223463687,0.7099240474546481,0.020737044893959743,55,0.6916578669482577,0.7126436781609196,0.7176470588235294,0.7058823529411765,0.7309941520467836,0.7117650217841334,0.012992561839214312,2,0.6955307262569832,0.7114430983616848,0.7142050091017513,0.7086027242483208,0.7255665055552067,0.7110696127047894,0.0096713249879522,55,0.6334089851024208,0.6505785531722593,0.6545888018128599,0.6466832543073094,0.6677723550495865,0.6506063898888872,0.011150537778011914,55,0.6955307262569832,0.7114430983616847,0.7142050091017512,0.7086027242483208,0.7255665055552069,0.7110696127047893,0.009671324987952224,55
158,0.07684006690979003,0.01677856610111529,0.0425412654876709,0.004055613799856917,3,False,True,500,-1,l2,sag,"{'C': 3, 'dual': False, 'fit_intercept': True, 'max_iter': 500, 'n_jobs': -1, 'penalty': 'l2', 'solver': 'sag'}",0.6955307262569832,0.711484593837535,0.7142857142857143,0.7086834733893558,0.7254901960784313,0.711094940769604,0.009650038226573593,55,0.7108433734939759,0.7065217391304348,0.7037037037037037,0.7202380952380952,0.7127659574468085,0.7108145738026037,0.00568514532585169,55,0.6822916666666666,0.7167630057803468,0.7261904761904762,0.6984126984126984,0.7396449704142012,0.7126605634928779,0.02026483822292331,1,0.659217877094972,0.7262569832402235,0.7430167597765364,0.6797752808988764,0.7528089887640449,0.7122151779549306,0.036482401329511395,1,0.7318435754189944,0.6966292134831461,0.6853932584269663,0.7374301675977654,0.6983240223463687,0.7099240474546481,0.020737044893959743,55,0.6916578669482577,0.7126436781609196,0.7176470588235294,0.7058823529411765,0.7309941520467836,0.7117650217841334,0.012992561839214312,2,0.6955307262569832,0.7114430983616848,0.7142050091017513,0.7086027242483208,0.7255665055552067,0.7110696127047894,0.0096713249879522,55,0.6334089851024208,0.6505785531722593,0.6545888018128599,0.6466832543073094,0.6677723550495865,0.6506063898888872,0.011150537778011914,55,0.6955307262569832,0.7114430983616847,0.7142050091017512,0.7086027242483208,0.7255665055552069,0.7110696127047893,0.009671324987952224,55
157,0.04930601119995117,0.021722488841531815,0.0492039680480957,0.003219479053746383,3,False,True,500,-1,l2,newton-cholesky,"{'C': 3, 'dual': False, 'fit_intercept': True, 'max_iter': 500, 'n_jobs': -1, 'penalty': 'l2', 'solver': 'newton-cholesky'}",0.6955307262569832,0.711484593837535,0.7142857142857143,0.7086834733893558,0.7254901960784313,0.711094940769604,0.009650038226573593,55,0.7108433734939759,0.7065217391304348,0.7037037037037037,0.7202380952380952,0.7127659574468085,0.7108145738026037,0.00568514532585169,55,0.6822916666666666,0.7167630057803468,0.7261904761904762,0.6984126984126984,0.7396449704142012,0.7126605634928779,0.02026483822292331,1,0.659217877094972,0.7262569832402235,0.7430167597765364,0.6797752808988764,0.7528089887640449,0.7122151779549306,0.036482401329511395,1,0.7318435754189944,0.6966292134831461,0.6853932584269663,0.7374301675977654,0.6983240223463687,0.7099240474546481,0.020737044893959743,55,0.6916578669482577,0.7126436781609196,0.7176470588235294,0.7058823529411765,0.7309941520467836,0.7117650217841334,0.012992561839214312,2,0.6955307262569832,0.7114430983616848,0.7142050091017513,0.7086027242483208,0.7255665055552067,0.7110696127047894,0.0096713249879522,55,0.6334089851024208,0.6505785531722593,0.6545888018128599,0.6466832543073094,0.6677723550495865,0.6506063898888872,0.011150537778011914,55,0.6955307262569832,0.7114430983616847,0.7142050091017512,0.7086027242483208,0.7255665055552069,0.7110696127047893,0.009671324987952224,55
156,0.04517998695373535,0.01697545012563911,0.04140777587890625,0.005268740855041088,3,False,True,500,-1,l2,newton-cg,"{'C': 3, 'dual': False, 'fit_intercept': True, 'max_iter': 500, 'n_jobs': -1, 'penalty': 'l2', 'solver': 'newton-cg'}",0.6955307262569832,0.711484593837535,0.7142857142857143,0.7086834733893558,0.7254901960784313,0.711094940769604,0.009650038226573593,55,0.7108433734939759,0.7065217391304348,0.7037037037037037,0.7202380952380952,0.7127659574468085,0.7108145738026037,0.00568514532585169,55,0.6822916666666666,0.7167630057803468,0.7261904761904762,0.6984126984126984,0.7396449704142012,0.7126605634928779,0.02026483822292331,1,0.659217877094972,0.7262569832402235,0.7430167597765364,0.6797752808988764,0.7528089887640449,0.7122151779549306,0.036482401329511395,1,0.7318435754189944,0.6966292134831461,0.6853932584269663,0.7374301675977654,0.6983240223463687,0.7099240474546481,0.020737044893959743,55,0.6916578669482577,0.7126436781609196,0.7176470588235294,0.7058823529411765,0.7309941520467836,0.7117650217841334,0.012992561839214312,2,0.6955307262569832,0.7114430983616848,0.7142050091017513,0.7086027242483208,0.7255665055552067,0.7110696127047894,0.0096713249879522,55,0.6334089851024208,0.6505785531722593,0.6545888018128599,0.6466832543073094,0.6677723550495865,0.6506063898888872,0.011150537778011914,55,0.6955307262569832,0.7114430983616847,0.7142050091017512,0.7086027242483208,0.7255665055552069,0.7110696127047893,0.009671324987952224,55
155,0.031088590621948242,0.005160082028233926,0.04200601577758789,0.005009504960509723,3,False,True,500,-1,l2,lbfgs,"{'C': 3, 'dual': False, 'fit_intercept': True, 'max_iter': 500, 'n_jobs': -1, 'penalty': 'l2', 'solver': 'lbfgs'}",0.6955307262569832,0.711484593837535,0.7142857142857143,0.7086834733893558,0.7254901960784313,0.711094940769604,0.009650038226573593,55,0.7108433734939759,0.7065217391304348,0.7037037037037037,0.7202380952380952,0.7127659574468085,0.7108145738026037,0.00568514532585169,55,0.6822916666666666,0.7167630057803468,0.7261904761904762,0.6984126984126984,0.7396449704142012,0.7126605634928779,0.02026483822292331,1,0.659217877094972,0.7262569832402235,0.7430167597765364,0.6797752808988764,0.7528089887640449,0.7122151779549306,0.036482401329511395,1,0.7318435754189944,0.6966292134831461,0.6853932584269663,0.7374301675977654,0.6983240223463687,0.7099240474546481,0.020737044893959743,55,0.6916578669482577,0.7126436781609196,0.7176470588235294,0.7058823529411765,0.7309941520467836,0.7117650217841334,0.012992561839214312,2,0.6955307262569832,0.7114430983616848,0.7142050091017513,0.7086027242483208,0.7255665055552067,0.7110696127047894,0.0096713249879522,55,0.6334089851024208,0.6505785531722593,0.6545888018128599,0.6466832543073094,0.6677723550495865,0.6506063898888872,0.011150537778011914,55,0.6955307262569832,0.7114430983616847,0.7142050091017512,0.7086027242483208,0.7255665055552069,0.7110696127047893,0.009671324987952224,55
154,0.15579910278320314,0.0074046974639938486,0.041271018981933597,0.002370252361355688,3,False,True,500,-1,l1,saga,"{'C': 3, 'dual': False, 'fit_intercept': True, 'max_iter': 500, 'n_jobs': -1, 'penalty': 'l1', 'solver': 'saga'}",0.6955307262569832,0.711484593837535,0.7142857142857143,0.7086834733893558,0.7254901960784313,0.711094940769604,0.009650038226573593,55,0.7108433734939759,0.7065217391304348,0.7037037037037037,0.7202380952380952,0.7127659574468085,0.7108145738026037,0.00568514532585169,55,0.6822916666666666,0.7167630057803468,0.7261904761904762,0.6984126984126984,0.7396449704142012,0.7126605634928779,0.02026483822292331,1,0.659217877094972,0.7262569832402235,0.7430167597765364,0.6797752808988764,0.7528089887640449,0.7122151779549306,0.036482401329511395,1,0.7318435754189944,0.6966292134831461,0.6853932584269663,0.7374301675977654,0.6983240223463687,0.7099240474546481,0.020737044893959743,55,0.6916578669482577,0.7126436781609196,0.7176470588235294,0.7058823529411765,0.7309941520467836,0.7117650217841334,0.012992561839214312,2,0.6955307262569832,0.7114430983616848,0.7142050091017513,0.7086027242483208,0.7255665055552067,0.7110696127047894,0.0096713249879522,55,0.6334089851024208,0.6505785531722593,0.6545888018128599,0.6466832543073094,0.6677723550495865,0.6506063898888872,0.011150537778011914,55,0.6955307262569832,0.7114430983616847,0.7142050091017512,0.7086027242483208,0.7255665055552069,0.7110696127047893,0.009671324987952224,55
214,0.19203791618347169,0.006621686371327081,0.04052400588989258,0.005886090189997546,4,False,True,500,-1,l1,saga,"{'C': 4, 'dual': False, 'fit_intercept': True, 'max_iter': 500, 'n_jobs': -1, 'penalty': 'l1', 'solver': 'saga'}",0.6955307262569832,0.711484593837535,0.7142857142857143,0.7086834733893558,0.7254901960784313,0.711094940769604,0.009650038226573593,55,0.7108433734939759,0.7065217391304348,0.7037037037037037,0.7202380952380952,0.7127659574468085,0.7108145738026037,0.00568514532585169,55,0.6822916666666666,0.7167630057803468,0.7261904761904762,0.6984126984126984,0.7396449704142012,0.7126605634928779,0.02026483822292331,1,0.659217877094972,0.7262569832402235,0.7430167597765364,0.6797752808988764,0.7528089887640449,0.7122151779549306,0.036482401329511395,1,0.7318435754189944,0.6966292134831461,0.6853932584269663,0.7374301675977654,0.6983240223463687,0.7099240474546481,0.020737044893959743,55,0.6916578669482577,0.7126436781609196,0.7176470588235294,0.7058823529411765,0.7309941520467836,0.7117650217841334,0.012992561839214312,2,0.6955307262569832,0.7114430983616848,0.7142050091017513,0.7086027242483208,0.7255665055552067,0.7110696127047894,0.0096713249879522,55,0.6334089851024208,0.6505785531722593,0.6545888018128599,0.6466832543073094,0.6677723550495865,0.6506063898888872,0.011150537778011914,55,0.6955307262569832,0.7114430983616847,0.7142050091017512,0.7086027242483208,0.7255665055552069,0.7110696127047893,0.009671324987952224,55
215,0.043967151641845705,0.011853720823083412,0.0441652774810791,0.006512359627546842,4,False,True,500,-1,l2,lbfgs,"{'C': 4, 'dual': False, 'fit_intercept': True, 'max_iter': 500, 'n_jobs': -1, 'penalty': 'l2', 'solver': 'lbfgs'}",0.6955307262569832,0.711484593837535,0.7142857142857143,0.7086834733893558,0.7254901960784313,0.711094940769604,0.009650038226573593,55,0.7108433734939759,0.7065217391304348,0.7037037037037037,0.7202380952380952,0.7127659574468085,0.7108145738026037,0.00568514532585169,55,0.6822916666666666,0.7167630057803468,0.7261904761904762,0.6984126984126984,0.7396449704142012,0.7126605634928779,0.02026483822292331,1,0.659217877094972,0.7262569832402235,0.7430167597765364,0.6797752808988764,0.7528089887640449,0.7122151779549306,0.036482401329511395,1,0.7318435754189944,0.6966292134831461,0.6853932584269663,0.7374301675977654,0.6983240223463687,0.7099240474546481,0.020737044893959743,55,0.6916578669482577,0.7126436781609196,0.7176470588235294,0.7058823529411765,0.7309941520467836,0.7117650217841334,0.012992561839214312,2,0.6955307262569832,0.7114430983616848,0.7142050091017513,0.7086027242483208,0.7255665055552067,0.7110696127047894,0.0096713249879522,55,0.6334089851024208,0.6505785531722593,0.6545888018128599,0.6466832543073094,0.6677723550495865,0.6506063898888872,0.011150537778011914,55,0.6955307262569832,0.7114430983616847,0.7142050091017512,0.7086027242483208,0.7255665055552069,0.7110696127047893,0.009671324987952224,55
216,0.04729456901550293,0.005625733290910163,0.03998088836669922,0.002203289456153371,4,False,True,500,-1,l2,newton-cg,"{'C': 4, 'dual': False, 'fit_intercept': True, 'max_iter': 500, 'n_jobs': -1, 'penalty': 'l2', 'solver': 'newton-cg'}",0.6955307262569832,0.711484593837535,0.7142857142857143,0.7086834733893558,0.7254901960784313,0.711094940769604,0.009650038226573593,55,0.7108433734939759,0.7065217391304348,0.7037037037037037,0.7202380952380952,0.7127659574468085,0.7108145738026037,0.00568514532585169,55,0.6822916666666666,0.7167630057803468,0.7261904761904762,0.6984126984126984,0.7396449704142012,0.7126605634928779,0.02026483822292331,1,0.659217877094972,0.7262569832402235,0.7430167597765364,0.6797752808988764,0.7528089887640449,0.7122151779549306,0.036482401329511395,1,0.7318435754189944,0.6966292134831461,0.6853932584269663,0.7374301675977654,0.6983240223463687,0.7099240474546481,0.020737044893959743,55,0.6916578669482577,0.7126436781609196,0.7176470588235294,0.7058823529411765,0.7309941520467836,0.7117650217841334,0.012992561839214312,2,0.6955307262569832,0.7114430983616848,0.7142050091017513,0.7086027242483208,0.7255665055552067,0.7110696127047894,0.0096713249879522,55,0.6334089851024208,0.6505785531722593,0.6545888018128599,0.6466832543073094,0.6677723550495865,0.6506063898888872,0.011150537778011914,55,0.6955307262569832,0.7114430983616847,0.7142050091017512,0.7086027242483208,0.7255665055552069,0.7110696127047893,0.009671324987952224,55
217,0.035786676406860354,0.016715154507252614,0.04102048873901367,0.003314801067409245,4,False,True,500,-1,l2,newton-cholesky,"{'C': 4, 'dual': False, 'fit_intercept': True, 'max_iter': 500, 'n_jobs': -1, 'penalty': 'l2', 'solver': 'newton-cholesky'}",0.6955307262569832,0.711484593837535,0.7142857142857143,0.7086834733893558,0.7254901960784313,0.711094940769604,0.009650038226573593,55,0.7108433734939759,0.7065217391304348,0.7037037037037037,0.7202380952380952,0.7127659574468085,0.7108145738026037,0.00568514532585169,55,0.6822916666666666,0.7167630057803468,0.7261904761904762,0.6984126984126984,0.7396449704142012,0.7126605634928779,0.02026483822292331,1,0.659217877094972,0.7262569832402235,0.7430167597765364,0.6797752808988764,0.7528089887640449,0.7122151779549306,0.036482401329511395,1,0.7318435754189944,0.6966292134831461,0.6853932584269663,0.7374301675977654,0.6983240223463687,0.7099240474546481,0.020737044893959743,55,0.6916578669482577,0.7126436781609196,0.7176470588235294,0.7058823529411765,0.7309941520467836,0.7117650217841334,0.012992561839214312,2,0.6955307262569832,0.7114430983616848,0.7142050091017513,0.7086027242483208,0.7255665055552067,0.7110696127047894,0.0096713249879522,55,0.6334089851024208,0.6505785531722593,0.6545888018128599,0.6466832543073094,0.6677723550495865,0.6506063898888872,0.011150537778011914,55,0.6955307262569832,0.7114430983616847,0.7142050091017512,0.7086027242483208,0.7255665055552069,0.7110696127047893,0.009671324987952224,55
218,0.10644259452819824,0.01051780175373619,0.0402106761932373,0.0030848079510967853,4,False,True,500,-1,l2,sag,"{'C': 4, 'dual': False, 'fit_intercept': True, 'max_iter': 500, 'n_jobs': -1, 'penalty': 'l2', 'solver': 'sag'}",0.6955307262569832,0.711484593837535,0.7142857142857143,0.7086834733893558,0.7254901960784313,0.711094940769604,0.009650038226573593,55,0.7108433734939759,0.7065217391304348,0.7037037037037037,0.7202380952380952,0.7127659574468085,0.7108145738026037,0.00568514532585169,55,0.6822916666666666,0.7167630057803468,0.7261904761904762,0.6984126984126984,0.7396449704142012,0.7126605634928779,0.02026483822292331,1,0.659217877094972,0.7262569832402235,0.7430167597765364,0.6797752808988764,0.7528089887640449,0.7122151779549306,0.036482401329511395,1,0.7318435754189944,0.6966292134831461,0.6853932584269663,0.7374301675977654,0.6983240223463687,0.7099240474546481,0.020737044893959743,55,0.6916578669482577,0.7126436781609196,0.7176470588235294,0.7058823529411765,0.7309941520467836,0.7117650217841334,0.012992561839214312,2,0.6955307262569832,0.7114430983616848,0.7142050091017513,0.7086027242483208,0.7255665055552067,0.7110696127047894,0.0096713249879522,55,0.6334089851024208,0.6505785531722593,0.6545888018128599,0.6466832543073094,0.6677723550495865,0.6506063898888872,0.011150537778011914,55,0.6955307262569832,0.7114430983616847,0.7142050091017512,0.7086027242483208,0.7255665055552069,0.7110696127047893,0.009671324987952224,55
455,0.04573864936828613,0.00960136770416746,0.045440673828125,0.006739251251512402,8,False,True,500,-1,l2,lbfgs,"{'C': 8, 'dual': False, 'fit_intercept': True, 'max_iter': 500, 'n_jobs': -1, 'penalty': 'l2', 'solver': 'lbfgs'}",0.6955307262569832,0.711484593837535,0.7142857142857143,0.7086834733893558,0.7254901960784313,0.711094940769604,0.009650038226573593,55,0.7108433734939759,0.7065217391304348,0.7037037037037037,0.7202380952380952,0.7127659574468085,0.7108145738026037,0.00568514532585169,55,0.6822916666666666,0.7167630057803468,0.7261904761904762,0.6984126984126984,0.7396449704142012,0.7126605634928779,0.02026483822292331,1,0.659217877094972,0.7262569832402235,0.7430167597765364,0.6797752808988764,0.7528089887640449,0.7122151779549306,0.036482401329511395,1,0.7318435754189944,0.6966292134831461,0.6853932584269663,0.7374301675977654,0.6983240223463687,0.7099240474546481,0.020737044893959743,55,0.6916578669482577,0.7126436781609196,0.7176470588235294,0.7058823529411765,0.7309941520467836,0.7117650217841334,0.012992561839214312,2,0.6955307262569832,0.7114430983616848,0.7142050091017513,0.7086027242483208,0.7255665055552067,0.7110696127047894,0.0096713249879522,55,0.6334089851024208,0.6505785531722593,0.6545888018128599,0.6466832543073094,0.6677723550495865,0.6506063898888872,0.011150537778011914,55,0.6955307262569832,0.7114430983616847,0.7142050091017512,0.7086027242483208,0.7255665055552069,0.7110696127047893,0.009671324987952224,55
219,0.16551651954650878,0.018672788969071926,0.04334840774536133,0.005041724913949305,4,False,True,500,-1,l2,saga,"{'C': 4, 'dual': False, 'fit_intercept': True, 'max_iter': 500, 'n_jobs': -1, 'penalty': 'l2', 'solver': 'saga'}",0.6955307262569832,0.711484593837535,0.7142857142857143,0.7086834733893558,0.7254901960784313,0.711094940769604,0.009650038226573593,55,0.7108433734939759,0.7065217391304348,0.7037037037037037,0.7202380952380952,0.7127659574468085,0.7108145738026037,0.00568514532585169,55,0.6822916666666666,0.7167630057803468,0.7261904761904762,0.6984126984126984,0.7396449704142012,0.7126605634928779,0.02026483822292331,1,0.659217877094972,0.7262569832402235,0.7430167597765364,0.6797752808988764,0.7528089887640449,0.7122151779549306,0.036482401329511395,1,0.7318435754189944,0.6966292134831461,0.6853932584269663,0.7374301675977654,0.6983240223463687,0.7099240474546481,0.020737044893959743,55,0.6916578669482577,0.7126436781609196,0.7176470588235294,0.7058823529411765,0.7309941520467836,0.7117650217841334,0.012992561839214312,2,0.6955307262569832,0.7114430983616848,0.7142050091017513,0.7086027242483208,0.7255665055552067,0.7110696127047894,0.0096713249879522,55,0.6334089851024208,0.6505785531722593,0.6545888018128599,0.6466832543073094,0.6677723550495865,0.6506063898888872,0.011150537778011914,55,0.6955307262569832,0.7114430983616847,0.7142050091017512,0.7086027242483208,0.7255665055552069,0.7110696127047893,0.009671324987952224,55
459,0.2869983196258545,0.052463301641389196,0.060859298706054686,0.04233929815742828,8,False,True,500,-1,l2,saga,"{'C': 8, 'dual': False, 'fit_intercept': True, 'max_iter': 500, 'n_jobs': -1, 'penalty': 'l2', 'solver': 'saga'}",0.6955307262569832,0.711484593837535,0.7142857142857143,0.7086834733893558,0.7254901960784313,0.711094940769604,0.009650038226573593,55,0.7108433734939759,0.7065217391304348,0.7037037037037037,0.7202380952380952,0.7127659574468085,0.7108145738026037,0.00568514532585169,55,0.6822916666666666,0.7167630057803468,0.7261904761904762,0.6984126984126984,0.7396449704142012,0.7126605634928779,0.02026483822292331,1,0.659217877094972,0.7262569832402235,0.7430167597765364,0.6797752808988764,0.7528089887640449,0.7122151779549306,0.036482401329511395,1,0.7318435754189944,0.6966292134831461,0.6853932584269663,0.7374301675977654,0.6983240223463687,0.7099240474546481,0.020737044893959743,55,0.6916578669482577,0.7126436781609196,0.7176470588235294,0.7058823529411765,0.7309941520467836,0.7117650217841334,0.012992561839214312,2,0.6955307262569832,0.7114430983616848,0.7142050091017513,0.7086027242483208,0.7255665055552067,0.7110696127047894,0.0096713249879522,55,0.6334089851024208,0.6505785531722593,0.6545888018128599,0.6466832543073094,0.6677723550495865,0.6506063898888872,0.011150537778011914,55,0.6955307262569832,0.7114430983616847,0.7142050091017512,0.7086027242483208,0.7255665055552069,0.7110696127047893,0.009671324987952224,55
517,0.035755062103271486,0.00802601380532225,0.04091830253601074,0.003420046412752859,9,False,True,500,-1,l2,newton-cholesky,"{'C': 9, 'dual': False, 'fit_intercept': True, 'max_iter': 500, 'n_jobs': -1, 'penalty': 'l2', 'solver': 'newton-cholesky'}",0.6955307262569832,0.711484593837535,0.7142857142857143,0.7086834733893558,0.7254901960784313,0.711094940769604,0.009650038226573593,55,0.7108433734939759,0.7065217391304348,0.7037037037037037,0.7202380952380952,0.7127659574468085,0.7108145738026037,0.00568514532585169,55,0.6822916666666666,0.7167630057803468,0.7261904761904762,0.6984126984126984,0.7396449704142012,0.7126605634928779,0.02026483822292331,1,0.659217877094972,0.7262569832402235,0.7430167597765364,0.6797752808988764,0.7528089887640449,0.7122151779549306,0.036482401329511395,1,0.7318435754189944,0.6966292134831461,0.6853932584269663,0.7374301675977654,0.6983240223463687,0.7099240474546481,0.020737044893959743,55,0.6916578669482577,0.7126436781609196,0.7176470588235294,0.7058823529411765,0.7309941520467836,0.7117650217841334,0.012992561839214312,2,0.6955307262569832,0.7114430983616848,0.7142050091017513,0.7086027242483208,0.7255665055552067,0.7110696127047894,0.0096713249879522,55,0.6334089851024208,0.6505785531722593,0.6545888018128599,0.6466832543073094,0.6677723550495865,0.6506063898888872,0.011150537778011914,55,0.6955307262569832,0.7114430983616847,0.7142050091017512,0.7086027242483208,0.7255665055552069,0.7110696127047893,0.009671324987952224,55
275,0.04238896369934082,0.010333512430589217,0.03711390495300293,0.0035459139450083085,5,False,True,500,-1,l2,lbfgs,"{'C': 5, 'dual': False, 'fit_intercept': True, 'max_iter': 500, 'n_jobs': -1, 'penalty': 'l2', 'solver': 'lbfgs'}",0.6955307262569832,0.711484593837535,0.7142857142857143,0.7086834733893558,0.7254901960784313,0.711094940769604,0.009650038226573593,55,0.7108433734939759,0.7065217391304348,0.7037037037037037,0.7202380952380952,0.7127659574468085,0.7108145738026037,0.00568514532585169,55,0.6822916666666666,0.7167630057803468,0.7261904761904762,0.6984126984126984,0.7396449704142012,0.7126605634928779,0.02026483822292331,1,0.659217877094972,0.7262569832402235,0.7430167597765364,0.6797752808988764,0.7528089887640449,0.7122151779549306,0.036482401329511395,1,0.7318435754189944,0.6966292134831461,0.6853932584269663,0.7374301675977654,0.6983240223463687,0.7099240474546481,0.020737044893959743,55,0.6916578669482577,0.7126436781609196,0.7176470588235294,0.7058823529411765,0.7309941520467836,0.7117650217841334,0.012992561839214312,2,0.6955307262569832,0.7114430983616848,0.7142050091017513,0.7086027242483208,0.7255665055552067,0.7110696127047894,0.0096713249879522,55,0.6334089851024208,0.6505785531722593,0.6545888018128599,0.6466832543073094,0.6677723550495865,0.6506063898888872,0.011150537778011914,55,0.6955307262569832,0.7114430983616847,0.7142050091017512,0.7086027242483208,0.7255665055552069,0.7110696127047893,0.009671324987952224,55
514,0.333694314956665,0.0641412063133943,0.04995670318603516,0.025988424013089907,9,False,True,500,-1,l1,saga,"{'C': 9, 'dual': False, 'fit_intercept': True, 'max_iter': 500, 'n_jobs': -1, 'penalty': 'l1', 'solver': 'saga'}",0.6955307262569832,0.711484593837535,0.7142857142857143,0.7086834733893558,0.7254901960784313,0.711094940769604,0.009650038226573593,55,0.7108433734939759,0.7065217391304348,0.7037037037037037,0.7202380952380952,0.7127659574468085,0.7108145738026037,0.00568514532585169,55,0.6822916666666666,0.7167630057803468,0.7261904761904762,0.6984126984126984,0.7396449704142012,0.7126605634928779,0.02026483822292331,1,0.659217877094972,0.7262569832402235,0.7430167597765364,0.6797752808988764,0.7528089887640449,0.7122151779549306,0.036482401329511395,1,0.7318435754189944,0.6966292134831461,0.6853932584269663,0.7374301675977654,0.6983240223463687,0.7099240474546481,0.020737044893959743,55,0.6916578669482577,0.7126436781609196,0.7176470588235294,0.7058823529411765,0.7309941520467836,0.7117650217841334,0.012992561839214312,2,0.6955307262569832,0.7114430983616848,0.7142050091017513,0.7086027242483208,0.7255665055552067,0.7110696127047894,0.0096713249879522,55,0.6334089851024208,0.6505785531722593,0.6545888018128599,0.6466832543073094,0.6677723550495865,0.6506063898888872,0.011150537778011914,55,0.6955307262569832,0.7114430983616847,0.7142050091017512,0.7086027242483208,0.7255665055552069,0.7110696127047893,0.009671324987952224,55
515,0.03401174545288086,0.009117562569129779,0.03592658042907715,0.007042919956589719,9,False,True,500,-1,l2,lbfgs,"{'C': 9, 'dual': False, 'fit_intercept': True, 'max_iter': 500, 'n_jobs': -1, 'penalty': 'l2', 'solver': 'lbfgs'}",0.6955307262569832,0.711484593837535,0.7142857142857143,0.7086834733893558,0.7254901960784313,0.711094940769604,0.009650038226573593,55,0.7108433734939759,0.7065217391304348,0.7037037037037037,0.7202380952380952,0.7127659574468085,0.7108145738026037,0.00568514532585169,55,0.6822916666666666,0.7167630057803468,0.7261904761904762,0.6984126984126984,0.7396449704142012,0.7126605634928779,0.02026483822292331,1,0.659217877094972,0.7262569832402235,0.7430167597765364,0.6797752808988764,0.7528089887640449,0.7122151779549306,0.036482401329511395,1,0.7318435754189944,0.6966292134831461,0.6853932584269663,0.7374301675977654,0.6983240223463687,0.7099240474546481,0.020737044893959743,55,0.6916578669482577,0.7126436781609196,0.7176470588235294,0.7058823529411765,0.7309941520467836,0.7117650217841334,0.012992561839214312,2,0.6955307262569832,0.7114430983616848,0.7142050091017513,0.7086027242483208,0.7255665055552067,0.7110696127047894,0.0096713249879522,55,0.6334089851024208,0.6505785531722593,0.6545888018128599,0.6466832543073094,0.6677723550495865,0.6506063898888872,0.011150537778011914,55,0.6955307262569832,0.7114430983616847,0.7142050091017512,0.7086027242483208,0.7255665055552069,0.7110696127047893,0.009671324987952224,55
516,0.042502212524414065,0.005596761281639615,0.04368801116943359,0.00429753167510987,9,False,True,500,-1,l2,newton-cg,"{'C': 9, 'dual': False, 'fit_intercept': True, 'max_iter': 500, 'n_jobs': -1, 'penalty': 'l2', 'solver': 'newton-cg'}",0.6955307262569832,0.711484593837535,0.7142857142857143,0.7086834733893558,0.7254901960784313,0.711094940769604,0.009650038226573593,55,0.7108433734939759,0.7065217391304348,0.7037037037037037,0.7202380952380952,0.7127659574468085,0.7108145738026037,0.00568514532585169,55,0.6822916666666666,0.7167630057803468,0.7261904761904762,0.6984126984126984,0.7396449704142012,0.7126605634928779,0.02026483822292331,1,0.659217877094972,0.7262569832402235,0.7430167597765364,0.6797752808988764,0.7528089887640449,0.7122151779549306,0.036482401329511395,1,0.7318435754189944,0.6966292134831461,0.6853932584269663,0.7374301675977654,0.6983240223463687,0.7099240474546481,0.020737044893959743,55,0.6916578669482577,0.7126436781609196,0.7176470588235294,0.7058823529411765,0.7309941520467836,0.7117650217841334,0.012992561839214312,2,0.6955307262569832,0.7114430983616848,0.7142050091017513,0.7086027242483208,0.7255665055552067,0.7110696127047894,0.0096713249879522,55,0.6334089851024208,0.6505785531722593,0.6545888018128599,0.6466832543073094,0.6677723550495865,0.6506063898888872,0.011150537778011914,55,0.6955307262569832,0.7114430983616847,0.7142050091017512,0.7086027242483208,0.7255665055552069,0.7110696127047893,0.009671324987952224,55
279,0.19662866592407227,0.008367923112146703,0.04210996627807617,0.003877464359423364,5,False,True,500,-1,l2,saga,"{'C': 5, 'dual': False, 'fit_intercept': True, 'max_iter': 500, 'n_jobs': -1, 'penalty': 'l2', 'solver': 'saga'}",0.6955307262569832,0.711484593837535,0.7142857142857143,0.7086834733893558,0.7254901960784313,0.711094940769604,0.009650038226573593,55,0.7108433734939759,0.7065217391304348,0.7037037037037037,0.7202380952380952,0.7127659574468085,0.7108145738026037,0.00568514532585169,55,0.6822916666666666,0.7167630057803468,0.7261904761904762,0.6984126984126984,0.7396449704142012,0.7126605634928779,0.02026483822292331,1,0.659217877094972,0.7262569832402235,0.7430167597765364,0.6797752808988764,0.7528089887640449,0.7122151779549306,0.036482401329511395,1,0.7318435754189944,0.6966292134831461,0.6853932584269663,0.7374301675977654,0.6983240223463687,0.7099240474546481,0.020737044893959743,55,0.6916578669482577,0.7126436781609196,0.7176470588235294,0.7058823529411765,0.7309941520467836,0.7117650217841334,0.012992561839214312,2,0.6955307262569832,0.7114430983616848,0.7142050091017513,0.7086027242483208,0.7255665055552067,0.7110696127047894,0.0096713249879522,55,0.6334089851024208,0.6505785531722593,0.6545888018128599,0.6466832543073094,0.6677723550495865,0.6506063898888872,0.011150537778011914,55,0.6955307262569832,0.7114430983616847,0.7142050091017512,0.7086027242483208,0.7255665055552069,0.7110696127047893,0.009671324987952224,55
518,0.1446782112121582,0.04430214310617337,0.043253755569458006,0.0037193772380204374,9,False,True,500,-1,l2,sag,"{'C': 9, 'dual': False, 'fit_intercept': True, 'max_iter': 500, 'n_jobs': -1, 'penalty': 'l2', 'solver': 'sag'}",0.6955307262569832,0.711484593837535,0.7142857142857143,0.7086834733893558,0.7254901960784313,0.711094940769604,0.009650038226573593,55,0.7108433734939759,0.7065217391304348,0.7037037037037037,0.7202380952380952,0.7127659574468085,0.7108145738026037,0.00568514532585169,55,0.6822916666666666,0.7167630057803468,0.7261904761904762,0.6984126984126984,0.7396449704142012,0.7126605634928779,0.02026483822292331,1,0.659217877094972,0.7262569832402235,0.7430167597765364,0.6797752808988764,0.7528089887640449,0.7122151779549306,0.036482401329511395,1,0.7318435754189944,0.6966292134831461,0.6853932584269663,0.7374301675977654,0.6983240223463687,0.7099240474546481,0.020737044893959743,55,0.6916578669482577,0.7126436781609196,0.7176470588235294,0.7058823529411765,0.7309941520467836,0.7117650217841334,0.012992561839214312,2,0.6955307262569832,0.7114430983616848,0.7142050091017513,0.7086027242483208,0.7255665055552067,0.7110696127047894,0.0096713249879522,55,0.6334089851024208,0.6505785531722593,0.6545888018128599,0.6466832543073094,0.6677723550495865,0.6506063898888872,0.011150537778011914,55,0.6955307262569832,0.7114430983616847,0.7142050091017512,0.7086027242483208,0.7255665055552069,0.7110696127047893,0.009671324987952224,55
334,0.24659504890441894,0.013637645341413734,0.04760699272155762,0.0067413732823132224,6,False,True,500,-1,l1,saga,"{'C': 6, 'dual': False, 'fit_intercept': True, 'max_iter': 500, 'n_jobs': -1, 'penalty': 'l1', 'solver': 'saga'}",0.6955307262569832,0.711484593837535,0.7142857142857143,0.7086834733893558,0.7254901960784313,0.711094940769604,0.009650038226573593,55,0.7108433734939759,0.7065217391304348,0.7037037037037037,0.7202380952380952,0.7127659574468085,0.7108145738026037,0.00568514532585169,55,0.6822916666666666,0.7167630057803468,0.7261904761904762,0.6984126984126984,0.7396449704142012,0.7126605634928779,0.02026483822292331,1,0.659217877094972,0.7262569832402235,0.7430167597765364,0.6797752808988764,0.7528089887640449,0.7122151779549306,0.036482401329511395,1,0.7318435754189944,0.6966292134831461,0.6853932584269663,0.7374301675977654,0.6983240223463687,0.7099240474546481,0.020737044893959743,55,0.6916578669482577,0.7126436781609196,0.7176470588235294,0.7058823529411765,0.7309941520467836,0.7117650217841334,0.012992561839214312,2,0.6955307262569832,0.7114430983616848,0.7142050091017513,0.7086027242483208,0.7255665055552067,0.7110696127047894,0.0096713249879522,55,0.6334089851024208,0.6505785531722593,0.6545888018128599,0.6466832543073094,0.6677723550495865,0.6506063898888872,0.011150537778011914,55,0.6955307262569832,0.7114430983616847,0.7142050091017512,0.7086027242483208,0.7255665055552069,0.7110696127047893,0.009671324987952224,55
335,0.04607057571411133,0.011472803236886731,0.04668450355529785,0.008916840337802672,6,False,True,500,-1,l2,lbfgs,"{'C': 6, 'dual': False, 'fit_intercept': True, 'max_iter': 500, 'n_jobs': -1, 'penalty': 'l2', 'solver': 'lbfgs'}",0.6955307262569832,0.711484593837535,0.7142857142857143,0.7086834733893558,0.7254901960784313,0.711094940769604,0.009650038226573593,55,0.7108433734939759,0.7065217391304348,0.7037037037037037,0.7202380952380952,0.7127659574468085,0.7108145738026037,0.00568514532585169,55,0.6822916666666666,0.7167630057803468,0.7261904761904762,0.6984126984126984,0.7396449704142012,0.7126605634928779,0.02026483822292331,1,0.659217877094972,0.7262569832402235,0.7430167597765364,0.6797752808988764,0.7528089887640449,0.7122151779549306,0.036482401329511395,1,0.7318435754189944,0.6966292134831461,0.6853932584269663,0.7374301675977654,0.6983240223463687,0.7099240474546481,0.020737044893959743,55,0.6916578669482577,0.7126436781609196,0.7176470588235294,0.7058823529411765,0.7309941520467836,0.7117650217841334,0.012992561839214312,2,0.6955307262569832,0.7114430983616848,0.7142050091017513,0.7086027242483208,0.7255665055552067,0.7110696127047894,0.0096713249879522,55,0.6334089851024208,0.6505785531722593,0.6545888018128599,0.6466832543073094,0.6677723550495865,0.6506063898888872,0.011150537778011914,55,0.6955307262569832,0.7114430983616847,0.7142050091017512,0.7086027242483208,0.7255665055552069,0.7110696127047893,0.009671324987952224,55
274,0.2194082260131836,0.029253880329459782,0.04700512886047363,0.004610883325760597,5,False,True,500,-1,l1,saga,"{'C': 5, 'dual': False, 'fit_intercept': True, 'max_iter': 500, 'n_jobs': -1, 'penalty': 'l1', 'solver': 'saga'}",0.6955307262569832,0.711484593837535,0.7142857142857143,0.7086834733893558,0.7254901960784313,0.711094940769604,0.009650038226573593,55,0.7108433734939759,0.7065217391304348,0.7037037037037037,0.7202380952380952,0.7127659574468085,0.7108145738026037,0.00568514532585169,55,0.6822916666666666,0.7167630057803468,0.7261904761904762,0.6984126984126984,0.7396449704142012,0.7126605634928779,0.02026483822292331,1,0.659217877094972,0.7262569832402235,0.7430167597765364,0.6797752808988764,0.7528089887640449,0.7122151779549306,0.036482401329511395,1,0.7318435754189944,0.6966292134831461,0.6853932584269663,0.7374301675977654,0.6983240223463687,0.7099240474546481,0.020737044893959743,55,0.6916578669482577,0.7126436781609196,0.7176470588235294,0.7058823529411765,0.7309941520467836,0.7117650217841334,0.012992561839214312,2,0.6955307262569832,0.7114430983616848,0.7142050091017513,0.7086027242483208,0.7255665055552067,0.7110696127047894,0.0096713249879522,55,0.6334089851024208,0.6505785531722593,0.6545888018128599,0.6466832543073094,0.6677723550495865,0.6506063898888872,0.011150537778011914,55,0.6955307262569832,0.7114430983616847,0.7142050091017512,0.7086027242483208,0.7255665055552069,0.7110696127047893,0.009671324987952224,55
337,0.02989339828491211,0.00393416939926587,0.04219264984130859,0.002973956628054026,6,False,True,500,-1,l2,newton-cholesky,"{'C': 6, 'dual': False, 'fit_intercept': True, 'max_iter': 500, 'n_jobs': -1, 'penalty': 'l2', 'solver': 'newton-cholesky'}",0.6955307262569832,0.711484593837535,0.7142857142857143,0.7086834733893558,0.7254901960784313,0.711094940769604,0.009650038226573593,55,0.7108433734939759,0.7065217391304348,0.7037037037037037,0.7202380952380952,0.7127659574468085,0.7108145738026037,0.00568514532585169,55,0.6822916666666666,0.7167630057803468,0.7261904761904762,0.6984126984126984,0.7396449704142012,0.7126605634928779,0.02026483822292331,1,0.659217877094972,0.7262569832402235,0.7430167597765364,0.6797752808988764,0.7528089887640449,0.7122151779549306,0.036482401329511395,1,0.7318435754189944,0.6966292134831461,0.6853932584269663,0.7374301675977654,0.6983240223463687,0.7099240474546481,0.020737044893959743,55,0.6916578669482577,0.7126436781609196,0.7176470588235294,0.7058823529411765,0.7309941520467836,0.7117650217841334,0.012992561839214312,2,0.6955307262569832,0.7114430983616848,0.7142050091017513,0.7086027242483208,0.7255665055552067,0.7110696127047894,0.0096713249879522,55,0.6334089851024208,0.6505785531722593,0.6545888018128599,0.6466832543073094,0.6677723550495865,0.6506063898888872,0.011150537778011914,55,0.6955307262569832,0.7114430983616847,0.7142050091017512,0.7086027242483208,0.7255665055552069,0.7110696127047893,0.009671324987952224,55
336,0.05790729522705078,0.014845507232602653,0.04405884742736817,0.0024828872154986684,6,False,True,500,-1,l2,newton-cg,"{'C': 6, 'dual': False, 'fit_intercept': True, 'max_iter': 500, 'n_jobs': -1, 'penalty': 'l2', 'solver': 'newton-cg'}",0.6955307262569832,0.711484593837535,0.7142857142857143,0.7086834733893558,0.7254901960784313,0.711094940769604,0.009650038226573593,55,0.7108433734939759,0.7065217391304348,0.7037037037037037,0.7202380952380952,0.7127659574468085,0.7108145738026037,0.00568514532585169,55,0.6822916666666666,0.7167630057803468,0.7261904761904762,0.6984126984126984,0.7396449704142012,0.7126605634928779,0.02026483822292331,1,0.659217877094972,0.7262569832402235,0.7430167597765364,0.6797752808988764,0.7528089887640449,0.7122151779549306,0.036482401329511395,1,0.7318435754189944,0.6966292134831461,0.6853932584269663,0.7374301675977654,0.6983240223463687,0.7099240474546481,0.020737044893959743,55,0.6916578669482577,0.7126436781609196,0.7176470588235294,0.7058823529411765,0.7309941520467836,0.7117650217841334,0.012992561839214312,2,0.6955307262569832,0.7114430983616848,0.7142050091017513,0.7086027242483208,0.7255665055552067,0.7110696127047894,0.0096713249879522,55,0.6334089851024208,0.6505785531722593,0.6545888018128599,0.6466832543073094,0.6677723550495865,0.6506063898888872,0.011150537778011914,55,0.6955307262569832,0.7114430983616847,0.7142050091017512,0.7086027242483208,0.7255665055552069,0.7110696127047893,0.009671324987952224,55
339,0.2372790813446045,0.038713644847044974,0.039827489852905275,0.004513712858126879,6,False,True,500,-1,l2,saga,"{'C': 6, 'dual': False, 'fit_intercept': True, 'max_iter': 500, 'n_jobs': -1, 'penalty': 'l2', 'solver': 'saga'}",0.6955307262569832,0.711484593837535,0.7142857142857143,0.7086834733893558,0.7254901960784313,0.711094940769604,0.009650038226573593,55,0.7108433734939759,0.7065217391304348,0.7037037037037037,0.7202380952380952,0.7127659574468085,0.7108145738026037,0.00568514532585169,55,0.6822916666666666,0.7167630057803468,0.7261904761904762,0.6984126984126984,0.7396449704142012,0.7126605634928779,0.02026483822292331,1,0.659217877094972,0.7262569832402235,0.7430167597765364,0.6797752808988764,0.7528089887640449,0.7122151779549306,0.036482401329511395,1,0.7318435754189944,0.6966292134831461,0.6853932584269663,0.7374301675977654,0.6983240223463687,0.7099240474546481,0.020737044893959743,55,0.6916578669482577,0.7126436781609196,0.7176470588235294,0.7058823529411765,0.7309941520467836,0.7117650217841334,0.012992561839214312,2,0.6955307262569832,0.7114430983616848,0.7142050091017513,0.7086027242483208,0.7255665055552067,0.7110696127047894,0.0096713249879522,55,0.6334089851024208,0.6505785531722593,0.6545888018128599,0.6466832543073094,0.6677723550495865,0.6506063898888872,0.011150537778011914,55,0.6955307262569832,0.7114430983616847,0.7142050091017512,0.7086027242483208,0.7255665055552069,0.7110696127047893,0.009671324987952224,55
519,0.28805055618286135,0.03812610217562993,0.11133861541748047,0.05484521063409373,9,False,True,500,-1,l2,saga,"{'C': 9, 'dual': False, 'fit_intercept': True, 'max_iter': 500, 'n_jobs': -1, 'penalty': 'l2', 'solver': 'saga'}",0.6955307262569832,0.711484593837535,0.7142857142857143,0.7086834733893558,0.7254901960784313,0.711094940769604,0.009650038226573593,55,0.7108433734939759,0.7065217391304348,0.7037037037037037,0.7202380952380952,0.7127659574468085,0.7108145738026037,0.00568514532585169,55,0.6822916666666666,0.7167630057803468,0.7261904761904762,0.6984126984126984,0.7396449704142012,0.7126605634928779,0.02026483822292331,1,0.659217877094972,0.7262569832402235,0.7430167597765364,0.6797752808988764,0.7528089887640449,0.7122151779549306,0.036482401329511395,1,0.7318435754189944,0.6966292134831461,0.6853932584269663,0.7374301675977654,0.6983240223463687,0.7099240474546481,0.020737044893959743,55,0.6916578669482577,0.7126436781609196,0.7176470588235294,0.7058823529411765,0.7309941520467836,0.7117650217841334,0.012992561839214312,2,0.6955307262569832,0.7114430983616848,0.7142050091017513,0.7086027242483208,0.7255665055552067,0.7110696127047894,0.0096713249879522,55,0.6334089851024208,0.6505785531722593,0.6545888018128599,0.6466832543073094,0.6677723550495865,0.6506063898888872,0.011150537778011914,55,0.6955307262569832,0.7114430983616847,0.7142050091017512,0.7086027242483208,0.7255665055552069,0.7110696127047893,0.009671324987952224,55
34,0.07297873497009277,0.008972989101730439,0.03939976692199707,0.0028426217781636763,1,False,True,500,-1,l1,saga,"{'C': 1, 'dual': False, 'fit_intercept': True, 'max_iter': 500, 'n_jobs': -1, 'penalty': 'l1', 'solver': 'saga'}",0.6955307262569832,0.711484593837535,0.7142857142857143,0.7086834733893558,0.7254901960784313,0.711094940769604,0.009650038226573593,55,0.7108433734939759,0.7065217391304348,0.7037037037037037,0.7202380952380952,0.7127659574468085,0.7108145738026037,0.00568514532585169,55,0.6822916666666666,0.7167630057803468,0.7261904761904762,0.6984126984126984,0.7396449704142012,0.7126605634928779,0.02026483822292331,1,0.659217877094972,0.7262569832402235,0.7430167597765364,0.6797752808988764,0.7528089887640449,0.7122151779549306,0.036482401329511395,1,0.7318435754189944,0.6966292134831461,0.6853932584269663,0.7374301675977654,0.6983240223463687,0.7099240474546481,0.020737044893959743,55,0.6916578669482577,0.7126436781609196,0.7176470588235294,0.7058823529411765,0.7309941520467836,0.7117650217841334,0.012992561839214312,2,0.6955307262569832,0.7114430983616848,0.7142050091017513,0.7086027242483208,0.7255665055552067,0.7110696127047894,0.0096713249879522,55,0.6334089851024208,0.6505785531722593,0.6545888018128599,0.6466832543073094,0.6677723550495865,0.6506063898888872,0.011150537778011914,55,0.6955307262569832,0.7114430983616847,0.7142050091017512,0.7086027242483208,0.7255665055552069,0.7110696127047893,0.009671324987952224,55
276,0.03677325248718262,0.001094201650417573,0.04469432830810547,0.004747984719888349,5,False,True,500,-1,l2,newton-cg,"{'C': 5, 'dual': False, 'fit_intercept': True, 'max_iter': 500, 'n_jobs': -1, 'penalty': 'l2', 'solver': 'newton-cg'}",0.6955307262569832,0.711484593837535,0.7142857142857143,0.7086834733893558,0.7254901960784313,0.711094940769604,0.009650038226573593,55,0.7108433734939759,0.7065217391304348,0.7037037037037037,0.7202380952380952,0.7127659574468085,0.7108145738026037,0.00568514532585169,55,0.6822916666666666,0.7167630057803468,0.7261904761904762,0.6984126984126984,0.7396449704142012,0.7126605634928779,0.02026483822292331,1,0.659217877094972,0.7262569832402235,0.7430167597765364,0.6797752808988764,0.7528089887640449,0.7122151779549306,0.036482401329511395,1,0.7318435754189944,0.6966292134831461,0.6853932584269663,0.7374301675977654,0.6983240223463687,0.7099240474546481,0.020737044893959743,55,0.6916578669482577,0.7126436781609196,0.7176470588235294,0.7058823529411765,0.7309941520467836,0.7117650217841334,0.012992561839214312,2,0.6955307262569832,0.7114430983616848,0.7142050091017513,0.7086027242483208,0.7255665055552067,0.7110696127047894,0.0096713249879522,55,0.6334089851024208,0.6505785531722593,0.6545888018128599,0.6466832543073094,0.6677723550495865,0.6506063898888872,0.011150537778011914,55,0.6955307262569832,0.7114430983616847,0.7142050091017512,0.7086027242483208,0.7255665055552069,0.7110696127047893,0.009671324987952224,55
277,0.03395848274230957,0.009534393884738479,0.045893621444702146,0.0046841466572459045,5,False,True,500,-1,l2,newton-cholesky,"{'C': 5, 'dual': False, 'fit_intercept': True, 'max_iter': 500, 'n_jobs': -1, 'penalty': 'l2', 'solver': 'newton-cholesky'}",0.6955307262569832,0.711484593837535,0.7142857142857143,0.7086834733893558,0.7254901960784313,0.711094940769604,0.009650038226573593,55,0.7108433734939759,0.7065217391304348,0.7037037037037037,0.7202380952380952,0.7127659574468085,0.7108145738026037,0.00568514532585169,55,0.6822916666666666,0.7167630057803468,0.7261904761904762,0.6984126984126984,0.7396449704142012,0.7126605634928779,0.02026483822292331,1,0.659217877094972,0.7262569832402235,0.7430167597765364,0.6797752808988764,0.7528089887640449,0.7122151779549306,0.036482401329511395,1,0.7318435754189944,0.6966292134831461,0.6853932584269663,0.7374301675977654,0.6983240223463687,0.7099240474546481,0.020737044893959743,55,0.6916578669482577,0.7126436781609196,0.7176470588235294,0.7058823529411765,0.7309941520467836,0.7117650217841334,0.012992561839214312,2,0.6955307262569832,0.7114430983616848,0.7142050091017513,0.7086027242483208,0.7255665055552067,0.7110696127047894,0.0096713249879522,55,0.6334089851024208,0.6505785531722593,0.6545888018128599,0.6466832543073094,0.6677723550495865,0.6506063898888872,0.011150537778011914,55,0.6955307262569832,0.7114430983616847,0.7142050091017512,0.7086027242483208,0.7255665055552069,0.7110696127047893,0.009671324987952224,55
278,0.13349990844726561,0.028215750592064135,0.0391939640045166,0.00398804298949111,5,False,True,500,-1,l2,sag,"{'C': 5, 'dual': False, 'fit_intercept': True, 'max_iter': 500, 'n_jobs': -1, 'penalty': 'l2', 'solver': 'sag'}",0.6955307262569832,0.711484593837535,0.7142857142857143,0.7086834733893558,0.7254901960784313,0.711094940769604,0.009650038226573593,55,0.7108433734939759,0.7065217391304348,0.7037037037037037,0.7202380952380952,0.7127659574468085,0.7108145738026037,0.00568514532585169,55,0.6822916666666666,0.7167630057803468,0.7261904761904762,0.6984126984126984,0.7396449704142012,0.7126605634928779,0.02026483822292331,1,0.659217877094972,0.7262569832402235,0.7430167597765364,0.6797752808988764,0.7528089887640449,0.7122151779549306,0.036482401329511395,1,0.7318435754189944,0.6966292134831461,0.6853932584269663,0.7374301675977654,0.6983240223463687,0.7099240474546481,0.020737044893959743,55,0.6916578669482577,0.7126436781609196,0.7176470588235294,0.7058823529411765,0.7309941520467836,0.7117650217841334,0.012992561839214312,2,0.6955307262569832,0.7114430983616848,0.7142050091017513,0.7086027242483208,0.7255665055552067,0.7110696127047894,0.0096713249879522,55,0.6334089851024208,0.6505785531722593,0.6545888018128599,0.6466832543073094,0.6677723550495865,0.6506063898888872,0.011150537778011914,55,0.6955307262569832,0.7114430983616847,0.7142050091017512,0.7086027242483208,0.7255665055552069,0.7110696127047893,0.009671324987952224,55
338,0.11867485046386719,0.010688846250861136,0.04162993431091309,0.00519517443507318,6,False,True,500,-1,l2,sag,"{'C': 6, 'dual': False, 'fit_intercept': True, 'max_iter': 500, 'n_jobs': -1, 'penalty': 'l2', 'solver': 'sag'}",0.6955307262569832,0.711484593837535,0.7142857142857143,0.7086834733893558,0.7254901960784313,0.711094940769604,0.009650038226573593,55,0.7108433734939759,0.7065217391304348,0.7037037037037037,0.7202380952380952,0.7127659574468085,0.7108145738026037,0.00568514532585169,55,0.6822916666666666,0.7167630057803468,0.7261904761904762,0.6984126984126984,0.7396449704142012,0.7126605634928779,0.02026483822292331,1,0.659217877094972,0.7262569832402235,0.7430167597765364,0.6797752808988764,0.7528089887640449,0.7122151779549306,0.036482401329511395,1,0.7318435754189944,0.6966292134831461,0.6853932584269663,0.7374301675977654,0.6983240223463687,0.7099240474546481,0.020737044893959743,55,0.6916578669482577,0.7126436781609196,0.7176470588235294,0.7058823529411765,0.7309941520467836,0.7117650217841334,0.012992561839214312,2,0.6955307262569832,0.7114430983616848,0.7142050091017513,0.7086027242483208,0.7255665055552067,0.7110696127047894,0.0096713249879522,55,0.6334089851024208,0.6505785531722593,0.6545888018128599,0.6466832543073094,0.6677723550495865,0.6506063898888872,0.011150537778011914,55,0.6955307262569832,0.7114430983616847,0.7142050091017512,0.7086027242483208,0.7255665055552069,0.7110696127047893,0.009671324987952224,55
37,0.02968916893005371,0.004387602614327156,0.04151144027709961,0.00388465865841575,1,False,True,500,-1,l2,newton-cholesky,"{'C': 1, 'dual': False, 'fit_intercept': True, 'max_iter': 500, 'n_jobs': -1, 'penalty': 'l2', 'solver': 'newton-cholesky'}",0.6955307262569832,0.711484593837535,0.7142857142857143,0.7086834733893558,0.7226890756302521,0.7105347166799681,0.008845874987576857,104,0.7108433734939759,0.7065217391304348,0.7037037037037037,0.7202380952380952,0.7112299465240641,0.7105073716180549,0.005612435431079308,104,0.6822916666666666,0.7167630057803468,0.7261904761904762,0.6984126984126984,0.7352941176470589,0.7117903929394493,0.019150205815085537,50,0.659217877094972,0.7262569832402235,0.7430167597765364,0.6797752808988764,0.7471910112359551,0.7110915824493127,0.035281630169912245,50,0.7318435754189944,0.6966292134831461,0.6853932584269663,0.7374301675977654,0.6983240223463687,0.7099240474546481,0.020737044893959743,55,0.6916578669482577,0.7126436781609196,0.7176470588235294,0.7058823529411765,0.7275902211874272,0.7110842356122621,0.012019928886362214,104,0.6955307262569832,0.7114430983616848,0.7142050091017513,0.7086027242483208,0.722757516791162,0.7105078149519805,0.008860493791582947,104,0.6334089851024208,0.6505785531722593,0.6545888018128599,0.6466832543073094,0.6647340500445988,0.6499987288878897,0.010244477788649127,104,0.6955307262569832,0.7114430983616847,0.7142050091017512,0.7086027242483208,0.7227575167911618,0.7105078149519803,0.008860493791582906,104
36,0.03790721893310547,0.011722758912726982,0.04551773071289063,0.005804380336600718,1,False,True,500,-1,l2,newton-cg,"{'C': 1, 'dual': False, 'fit_intercept': True, 'max_iter': 500, 'n_jobs': -1, 'penalty': 'l2', 'solver': 'newton-cg'}",0.6955307262569832,0.711484593837535,0.7142857142857143,0.7086834733893558,0.7226890756302521,0.7105347166799681,0.008845874987576857,104,0.7108433734939759,0.7065217391304348,0.7037037037037037,0.7202380952380952,0.7112299465240641,0.7105073716180549,0.005612435431079308,104,0.6822916666666666,0.7167630057803468,0.7261904761904762,0.6984126984126984,0.7352941176470589,0.7117903929394493,0.019150205815085537,50,0.659217877094972,0.7262569832402235,0.7430167597765364,0.6797752808988764,0.7471910112359551,0.7110915824493127,0.035281630169912245,50,0.7318435754189944,0.6966292134831461,0.6853932584269663,0.7374301675977654,0.6983240223463687,0.7099240474546481,0.020737044893959743,55,0.6916578669482577,0.7126436781609196,0.7176470588235294,0.7058823529411765,0.7275902211874272,0.7110842356122621,0.012019928886362214,104,0.6955307262569832,0.7114430983616848,0.7142050091017513,0.7086027242483208,0.722757516791162,0.7105078149519805,0.008860493791582947,104,0.6334089851024208,0.6505785531722593,0.6545888018128599,0.6466832543073094,0.6647340500445988,0.6499987288878897,0.010244477788649127,104,0.6955307262569832,0.7114430983616847,0.7142050091017512,0.7086027242483208,0.7227575167911618,0.7105078149519803,0.008860493791582906,104
38,0.06769261360168458,0.01239607816227748,0.04352335929870606,0.004765487436193035,1,False,True,500,-1,l2,sag,"{'C': 1, 'dual': False, 'fit_intercept': True, 'max_iter': 500, 'n_jobs': -1, 'penalty': 'l2', 'solver': 'sag'}",0.6955307262569832,0.711484593837535,0.7142857142857143,0.7086834733893558,0.7226890756302521,0.7105347166799681,0.008845874987576857,104,0.7108433734939759,0.7065217391304348,0.7037037037037037,0.7202380952380952,0.7112299465240641,0.7105073716180549,0.005612435431079308,104,0.6822916666666666,0.7167630057803468,0.7261904761904762,0.6984126984126984,0.7352941176470589,0.7117903929394493,0.019150205815085537,50,0.659217877094972,0.7262569832402235,0.7430167597765364,0.6797752808988764,0.7471910112359551,0.7110915824493127,0.035281630169912245,50,0.7318435754189944,0.6966292134831461,0.6853932584269663,0.7374301675977654,0.6983240223463687,0.7099240474546481,0.020737044893959743,55,0.6916578669482577,0.7126436781609196,0.7176470588235294,0.7058823529411765,0.7275902211874272,0.7110842356122621,0.012019928886362214,104,0.6955307262569832,0.7114430983616848,0.7142050091017513,0.7086027242483208,0.722757516791162,0.7105078149519805,0.008860493791582947,104,0.6334089851024208,0.6505785531722593,0.6545888018128599,0.6466832543073094,0.6647340500445988,0.6499987288878897,0.010244477788649127,104,0.6955307262569832,0.7114430983616847,0.7142050091017512,0.7086027242483208,0.7227575167911618,0.7105078149519803,0.008860493791582906,104
39,0.0904576301574707,0.027117594325020544,0.03825559616088867,0.0025918694237296452,1,False,True,500,-1,l2,saga,"{'C': 1, 'dual': False, 'fit_intercept': True, 'max_iter': 500, 'n_jobs': -1, 'penalty': 'l2', 'solver': 'saga'}",0.6955307262569832,0.711484593837535,0.7142857142857143,0.7086834733893558,0.7226890756302521,0.7105347166799681,0.008845874987576857,104,0.7108433734939759,0.7065217391304348,0.7037037037037037,0.7202380952380952,0.7112299465240641,0.7105073716180549,0.005612435431079308,104,0.6822916666666666,0.7167630057803468,0.7261904761904762,0.6984126984126984,0.7352941176470589,0.7117903929394493,0.019150205815085537,50,0.659217877094972,0.7262569832402235,0.7430167597765364,0.6797752808988764,0.7471910112359551,0.7110915824493127,0.035281630169912245,50,0.7318435754189944,0.6966292134831461,0.6853932584269663,0.7374301675977654,0.6983240223463687,0.7099240474546481,0.020737044893959743,55,0.6916578669482577,0.7126436781609196,0.7176470588235294,0.7058823529411765,0.7275902211874272,0.7110842356122621,0.012019928886362214,104,0.6955307262569832,0.7114430983616848,0.7142050091017513,0.7086027242483208,0.722757516791162,0.7105078149519805,0.008860493791582947,104,0.6334089851024208,0.6505785531722593,0.6545888018128599,0.6466832543073094,0.6647340500445988,0.6499987288878897,0.010244477788649127,104,0.6955307262569832,0.7114430983616847,0.7142050091017512,0.7086027242483208,0.7227575167911618,0.7105078149519803,0.008860493791582906,104
35,0.04151740074157715,0.00885705264886438,0.04653186798095703,0.004947464028297524,1,False,True,500,-1,l2,lbfgs,"{'C': 1, 'dual': False, 'fit_intercept': True, 'max_iter': 500, 'n_jobs': -1, 'penalty': 'l2', 'solver': 'lbfgs'}",0.6955307262569832,0.711484593837535,0.7142857142857143,0.7086834733893558,0.7226890756302521,0.7105347166799681,0.008845874987576857,104,0.7108433734939759,0.7065217391304348,0.7037037037037037,0.7202380952380952,0.7112299465240641,0.7105073716180549,0.005612435431079308,104,0.6822916666666666,0.7167630057803468,0.7261904761904762,0.6984126984126984,0.7352941176470589,0.7117903929394493,0.019150205815085537,50,0.659217877094972,0.7262569832402235,0.7430167597765364,0.6797752808988764,0.7471910112359551,0.7110915824493127,0.035281630169912245,50,0.7318435754189944,0.6966292134831461,0.6853932584269663,0.7374301675977654,0.6983240223463687,0.7099240474546481,0.020737044893959743,55,0.6916578669482577,0.7126436781609196,0.7176470588235294,0.7058823529411765,0.7275902211874272,0.7110842356122621,0.012019928886362214,104,0.6955307262569832,0.7114430983616848,0.7142050091017513,0.7086027242483208,0.722757516791162,0.7105078149519805,0.008860493791582947,104,0.6334089851024208,0.6505785531722593,0.6545888018128599,0.6466832543073094,0.6647340500445988,0.6499987288878897,0.010244477788649127,104,0.6955307262569832,0.7114430983616847,0.7142050091017512,0.7086027242483208,0.7227575167911618,0.7105078149519803,0.008860493791582906,104
377,0.002130746841430664,0.0023991302089463994,0.0,0.0,7,True,False,500,-1,l1,newton-cholesky,"{'C': 7, 'dual': True, 'fit_intercept': False, 'max_iter': 500, 'n_jobs': -1, 'penalty': 'l1', 'solver': 'newton-cholesky'}",,,,,,,,109,,,,,,,,109,,,,,,,,109,,,,,,,,109,,,,,,,,109,,,,,,,,109,,,,,,,,109,,,,,,,,109,,,,,,,,109
343,0.002520036697387695,0.0027331104072453923,0.0,0.0,6,False,True,500,-1,elasticnet,sag,"{'C': 6, 'dual': False, 'fit_intercept': True, 'max_iter': 500, 'n_jobs': -1, 'penalty': 'elasticnet', 'solver': 'sag'}",,,,,,,,109,,,,,,,,109,,,,,,,,109,,,,,,,,109,,,,,,,,109,,,,,,,,109,,,,,,,,109,,,,,,,,109,,,,,,,,109
375,0.0014251232147216796,0.001511919839400048,0.0,0.0,7,True,False,500,-1,l1,lbfgs,"{'C': 7, 'dual': True, 'fit_intercept': False, 'max_iter': 500, 'n_jobs': -1, 'penalty': 'l1', 'solver': 'lbfgs'}",,,,,,,,109,,,,,,,,109,,,,,,,,109,,,,,,,,109,,,,,,,,109,,,,,,,,109,,,,,,,,109,,,,,,,,109,,,,,,,,109
374,0.002945137023925781,0.002429212621334078,0.0,0.0,7,True,True,500,-1,elasticnet,saga,"{'C': 7, 'dual': True, 'fit_intercept': True, 'max_iter': 500, 'n_jobs': -1, 'penalty': 'elasticnet', 'solver': 'saga'}",,,,,,,,109,,,,,,,,109,,,,,,,,109,,,,,,,,109,,,,,,,,109,,,,,,,,109,,,,,,,,109,,,,,,,,109,,,,,,,,109
373,0.002122783660888672,0.002603895248340977,0.0,0.0,7,True,True,500,-1,elasticnet,sag,"{'C': 7, 'dual': True, 'fit_intercept': True, 'max_iter': 500, 'n_jobs': -1, 'penalty': 'elasticnet', 'solver': 'sag'}",,,,,,,,109,,,,,,,,109,,,,,,,,109,,,,,,,,109,,,,,,,,109,,,,,,,,109,,,,,,,,109,,,,,,,,109,,,,,,,,109
372,0.00239415168762207,0.0036065327854739614,0.0,0.0,7,True,True,500,-1,elasticnet,newton-cholesky,"{'C': 7, 'dual': True, 'fit_intercept': True, 'max_iter': 500, 'n_jobs': -1, 'penalty': 'elasticnet', 'solver': 'newton-cholesky'}",,,,,,,,109,,,,,,,,109,,,,,,,,109,,,,,,,,109,,,,,,,,109,,,,,,,,109,,,,,,,,109,,,,,,,,109,,,,,,,,109
371,0.002616262435913086,0.001543151021637665,0.0,0.0,7,True,True,500,-1,elasticnet,newton-cg,"{'C': 7, 'dual': True, 'fit_intercept': True, 'max_iter': 500, 'n_jobs': -1, 'penalty': 'elasticnet', 'solver': 'newton-cg'}",,,,,,,,109,,,,,,,,109,,,,,,,,109,,,,,,,,109,,,,,,,,109,,,,,,,,109,,,,,,,,109,,,,,,,,109,,,,,,,,109
376,0.0010240554809570312,0.0020481109619140624,0.0,0.0,7,True,False,500,-1,l1,newton-cg,"{'C': 7, 'dual': True, 'fit_intercept': False, 'max_iter': 500, 'n_jobs': -1, 'penalty': 'l1', 'solver': 'newton-cg'}",,,,,,,,109,,,,,,,,109,,,,,,,,109,,,,,,,,109,,,,,,,,109,,,,,,,,109,,,,,,,,109,,,,,,,,109,,,,,,,,109
312,0.004941177368164062,0.007083061337460349,0.0,0.0,6,True,True,500,-1,elasticnet,newton-cholesky,"{'C': 6, 'dual': True, 'fit_intercept': True, 'max_iter': 500, 'n_jobs': -1, 'penalty': 'elasticnet', 'solver': 'newton-cholesky'}",,,,,,,,109,,,,,,,,109,,,,,,,,109,,,,,,,,109,,,,,,,,109,,,,,,,,109,,,,,,,,109,,,,,,,,109,,,,,,,,109
379,0.0010240554809570312,0.0020481109619140624,0.0,0.0,7,True,False,500,-1,l1,saga,"{'C': 7, 'dual': True, 'fit_intercept': False, 'max_iter': 500, 'n_jobs': -1, 'penalty': 'l1', 'solver': 'saga'}",,,,,,,,109,,,,,,,,109,,,,,,,,109,,,,,,,,109,,,,,,,,109,,,,,,,,109,,,,,,,,109,,,,,,,,109,,,,,,,,109
310,0.00021915435791015626,0.0004383087158203126,0.0,0.0,6,True,True,500,-1,elasticnet,lbfgs,"{'C': 6, 'dual': True, 'fit_intercept': True, 'max_iter': 500, 'n_jobs': -1, 'penalty': 'elasticnet', 'solver': 'lbfgs'}",,,,,,,,109,,,,,,,,109,,,,,,,,109,,,,,,,,109,,,,,,,,109,,,,,,,,109,,,,,,,,109,,,,,,,,109,,,,,,,,109
387,0.004243087768554687,0.003928770236152152,0.0,0.0,7,True,False,500,-1,elasticnet,newton-cholesky,"{'C': 7, 'dual': True, 'fit_intercept': False, 'max_iter': 500, 'n_jobs': -1, 'penalty': 'elasticnet', 'solver': 'newton-cholesky'}",,,,,,,,109,,,,,,,,109,,,,,,,,109,,,,,,,,109,,,,,,,,109,,,,,,,,109,,,,,,,,109,,,,,,,,109,,,,,,,,109
302,0.0015166759490966796,0.0012780723609720622,0.0,0.0,6,True,True,500,-1,l1,newton-cholesky,"{'C': 6, 'dual': True, 'fit_intercept': True, 'max_iter': 500, 'n_jobs': -1, 'penalty': 'l1', 'solver': 'newton-cholesky'}",,,,,,,,109,,,,,,,,109,,,,,,,,109,,,,,,,,109,,,,,,,,109,,,,,,,,109,,,,,,,,109,,,,,,,,109,,,,,,,,109
303,0.003951215744018554,0.0024441886977411825,0.0,0.0,6,True,True,500,-1,l1,sag,"{'C': 6, 'dual': True, 'fit_intercept': True, 'max_iter': 500, 'n_jobs': -1, 'penalty': 'l1', 'solver': 'sag'}",,,,,,,,109,,,,,,,,109,,,,,,,,109,,,,,,,,109,,,,,,,,109,,,,,,,,109,,,,,,,,109,,,,,,,,109,,,,,,,,109
304,0.0022223949432373046,0.0019267866089619666,0.0,0.0,6,True,True,500,-1,l1,saga,"{'C': 6, 'dual': True, 'fit_intercept': True, 'max_iter': 500, 'n_jobs': -1, 'penalty': 'l1', 'solver': 'saga'}",,,,,,,,109,,,,,,,,109,,,,,,,,109,,,,,,,,109,,,,,,,,109,,,,,,,,109,,,,,,,,109,,,,,,,,109,,,,,,,,109
305,0.001078176498413086,0.0013239309153389041,0.0,0.0,6,True,True,500,-1,l2,lbfgs,"{'C': 6, 'dual': True, 'fit_intercept': True, 'max_iter': 500, 'n_jobs': -1, 'penalty': 'l2', 'solver': 'lbfgs'}",,,,,,,,109,,,,,,,,109,,,,,,,,109,,,,,,,,109,,,,,,,,109,,,,,,,,109,,,,,,,,109,,,,,,,,109,,,,,,,,109
306,0.0019136905670166016,0.0029256546182859907,0.0,0.0,6,True,True,500,-1,l2,newton-cg,"{'C': 6, 'dual': True, 'fit_intercept': True, 'max_iter': 500, 'n_jobs': -1, 'penalty': 'l2', 'solver': 'newton-cg'}",,,,,,,,109,,,,,,,,109,,,,,,,,109,,,,,,,,109,,,,,,,,109,,,,,,,,109,,,,,,,,109,,,,,,,,109,,,,,,,,109
307,0.00020723342895507814,0.00041446685791015627,0.0,0.0,6,True,True,500,-1,l2,newton-cholesky,"{'C': 6, 'dual': True, 'fit_intercept': True, 'max_iter': 500, 'n_jobs': -1, 'penalty': 'l2', 'solver': 'newton-cholesky'}",,,,,,,,109,,,,,,,,109,,,,,,,,109,,,,,,,,109,,,,,,,,109,,,,,,,,109,,,,,,,,109,,,,,,,,109,,,,,,,,109
386,0.0010239601135253907,0.0012918780649972142,0.0,0.0,7,True,False,500,-1,elasticnet,newton-cg,"{'C': 7, 'dual': True, 'fit_intercept': False, 'max_iter': 500, 'n_jobs': -1, 'penalty': 'elasticnet', 'solver': 'newton-cg'}",,,,,,,,109,,,,,,,,109,,,,,,,,109,,,,,,,,109,,,,,,,,109,,,,,,,,109,,,,,,,,109,,,,,,,,109,,,,,,,,109
311,0.00201416015625,0.0040283203125,0.0,0.0,6,True,True,500,-1,elasticnet,newton-cg,"{'C': 6, 'dual': True, 'fit_intercept': True, 'max_iter': 500, 'n_jobs': -1, 'penalty': 'elasticnet', 'solver': 'newton-cg'}",,,,,,,,109,,,,,,,,109,,,,,,,,109,,,,,,,,109,,,,,,,,109,,,,,,,,109,,,,,,,,109,,,,,,,,109,,,,,,,,109
385,0.0009058952331542969,0.0018117904663085937,0.0,0.0,7,True,False,500,-1,elasticnet,lbfgs,"{'C': 7, 'dual': True, 'fit_intercept': False, 'max_iter': 500, 'n_jobs': -1, 'penalty': 'elasticnet', 'solver': 'lbfgs'}",,,,,,,,109,,,,,,,,109,,,,,,,,109,,,,,,,,109,,,,,,,,109,,,,,,,,109,,,,,,,,109,,,,,,,,109,,,,,,,,109
383,0.002003192901611328,0.004006385803222656,0.0,0.0,7,True,False,500,-1,l2,sag,"{'C': 7, 'dual': True, 'fit_intercept': False, 'max_iter': 500, 'n_jobs': -1, 'penalty': 'l2', 'solver': 'sag'}",,,,,,,,109,,,,,,,,109,,,,,,,,109,,,,,,,,109,,,,,,,,109,,,,,,,,109,,,,,,,,109,,,,,,,,109,,,,,,,,109
382,0.002129936218261719,0.002611834771235625,0.0,0.0,7,True,False,500,-1,l2,newton-cholesky,"{'C': 7, 'dual': True, 'fit_intercept': False, 'max_iter': 500, 'n_jobs': -1, 'penalty': 'l2', 'solver': 'newton-cholesky'}",,,,,,,,109,,,,,,,,109,,,,,,,,109,,,,,,,,109,,,,,,,,109,,,,,,,,109,,,,,,,,109,,,,,,,,109,,,,,,,,109
381,0.0014209747314453125,0.001980202154612377,0.0,0.0,7,True,False,500,-1,l2,newton-cg,"{'C': 7, 'dual': True, 'fit_intercept': False, 'max_iter': 500, 'n_jobs': -1, 'penalty': 'l2', 'solver': 'newton-cg'}",,,,,,,,109,,,,,,,,109,,,,,,,,109,,,,,,,,109,,,,,,,,109,,,,,,,,109,,,,,,,,109,,,,,,,,109,,,,,,,,109
380,0.004026889801025391,0.0037532222085888954,0.0,0.0,7,True,False,500,-1,l2,lbfgs,"{'C': 7, 'dual': True, 'fit_intercept': False, 'max_iter': 500, 'n_jobs': -1, 'penalty': 'l2', 'solver': 'lbfgs'}",,,,,,,,109,,,,,,,,109,,,,,,,,109,,,,,,,,109,,,,,,,,109,,,,,,,,109,,,,,,,,109,,,,,,,,109,,,,,,,,109
370,0.001107168197631836,0.002214336395263672,0.0,0.0,7,True,True,500,-1,elasticnet,lbfgs,"{'C': 7, 'dual': True, 'fit_intercept': True, 'max_iter': 500, 'n_jobs': -1, 'penalty': 'elasticnet', 'solver': 'lbfgs'}",,,,,,,,109,,,,,,,,109,,,,,,,,109,,,,,,,,109,,,,,,,,109,,,,,,,,109,,,,,,,,109,,,,,,,,109,,,,,,,,109
378,0.0014251232147216796,0.001511919839400048,0.0,0.0,7,True,False,500,-1,l1,sag,"{'C': 7, 'dual': True, 'fit_intercept': False, 'max_iter': 500, 'n_jobs': -1, 'penalty': 'l1', 'solver': 'sag'}",,,,,,,,109,,,,,,,,109,,,,,,,,109,,,,,,,,109,,,,,,,,109,,,,,,,,109,,,,,,,,109,,,,,,,,109,,,,,,,,109
308,0.0021219253540039062,0.0024085330291171467,0.0,0.0,6,True,True,500,-1,l2,sag,"{'C': 6, 'dual': True, 'fit_intercept': True, 'max_iter': 500, 'n_jobs': -1, 'penalty': 'l2', 'solver': 'sag'}",,,,,,,,109,,,,,,,,109,,,,,,,,109,,,,,,,,109,,,,,,,,109,,,,,,,,109,,,,,,,,109,,,,,,,,109,,,,,,,,109
309,0.0017188549041748046,0.0021114891216730794,0.0,0.0,6,True,True,500,-1,l2,saga,"{'C': 6, 'dual': True, 'fit_intercept': True, 'max_iter': 500, 'n_jobs': -1, 'penalty': 'l2', 'solver': 'saga'}",,,,,,,,109,,,,,,,,109,,,,,,,,109,,,,,,,,109,,,,,,,,109,,,,,,,,109,,,,,,,,109,,,,,,,,109,,,,,,,,109
384,0.003218841552734375,0.0037287423760737344,0.0,0.0,7,True,False,500,-1,l2,saga,"{'C': 7, 'dual': True, 'fit_intercept': False, 'max_iter': 500, 'n_jobs': -1, 'penalty': 'l2', 'solver': 'saga'}",,,,,,,,109,,,,,,,,109,,,,,,,,109,,,,,,,,109,,,,,,,,109,,,,,,,,109,,,,,,,,109,,,,,,,,109,,,,,,,,109
369,0.002193641662597656,0.0037048557247862583,0.0,0.0,7,True,True,500,-1,l2,saga,"{'C': 7, 'dual': True, 'fit_intercept': True, 'max_iter': 500, 'n_jobs': -1, 'penalty': 'l2', 'solver': 'saga'}",,,,,,,,109,,,,,,,,109,,,,,,,,109,,,,,,,,109,,,,,,,,109,,,,,,,,109,,,,,,,,109,,,,,,,,109,,,,,,,,109
362,0.0022265434265136717,0.0035131482582489034,0.0,0.0,7,True,True,500,-1,l1,newton-cholesky,"{'C': 7, 'dual': True, 'fit_intercept': True, 'max_iter': 500, 'n_jobs': -1, 'penalty': 'l1', 'solver': 'newton-cholesky'}",,,,,,,,109,,,,,,,,109,,,,,,,,109,,,,,,,,109,,,,,,,,109,,,,,,,,109,,,,,,,,109,,,,,,,,109,,,,,,,,109
367,0.0022298812866210936,0.002533173468532811,0.0,0.0,7,True,True,500,-1,l2,newton-cholesky,"{'C': 7, 'dual': True, 'fit_intercept': True, 'max_iter': 500, 'n_jobs': -1, 'penalty': 'l2', 'solver': 'newton-cholesky'}",,,,,,,,109,,,,,,,,109,,,,,,,,109,,,,,,,,109,,,,,,,,109,,,,,,,,109,,,,,,,,109,,,,,,,,109,,,,,,,,109
324,0.002165985107421875,0.0005700721424067114,0.0,0.0,6,True,False,500,-1,l2,saga,"{'C': 6, 'dual': True, 'fit_intercept': False, 'max_iter': 500, 'n_jobs': -1, 'penalty': 'l2', 'solver': 'saga'}",,,,,,,,109,,,,,,,,109,,,,,,,,109,,,,,,,,109,,,,,,,,109,,,,,,,,109,,,,,,,,109,,,,,,,,109,,,,,,,,109
325,0.0019719600677490234,0.00022309788432146126,0.0,0.0,6,True,False,500,-1,elasticnet,lbfgs,"{'C': 6, 'dual': True, 'fit_intercept': False, 'max_iter': 500, 'n_jobs': -1, 'penalty': 'elasticnet', 'solver': 'lbfgs'}",,,,,,,,109,,,,,,,,109,,,,,,,,109,,,,,,,,109,,,,,,,,109,,,,,,,,109,,,,,,,,109,,,,,,,,109,,,,,,,,109
326,0.0015590190887451172,0.00042365233246255743,0.0,0.0,6,True,False,500,-1,elasticnet,newton-cg,"{'C': 6, 'dual': True, 'fit_intercept': False, 'max_iter': 500, 'n_jobs': -1, 'penalty': 'elasticnet', 'solver': 'newton-cg'}",,,,,,,,109,,,,,,,,109,,,,,,,,109,,,,,,,,109,,,,,,,,109,,,,,,,,109,,,,,,,,109,,,,,,,,109,,,,,,,,109
327,0.0017722129821777343,0.0006718596031229714,0.0,0.0,6,True,False,500,-1,elasticnet,newton-cholesky,"{'C': 6, 'dual': True, 'fit_intercept': False, 'max_iter': 500, 'n_jobs': -1, 'penalty': 'elasticnet', 'solver': 'newton-cholesky'}",,,,,,,,109,,,,,,,,109,,,,,,,,109,,,,,,,,109,,,,,,,,109,,,,,,,,109,,,,,,,,109,,,,,,,,109,,,,,,,,109
328,0.0012100696563720702,0.0010421566608964001,0.0,0.0,6,True,False,500,-1,elasticnet,sag,"{'C': 6, 'dual': True, 'fit_intercept': False, 'max_iter': 500, 'n_jobs': -1, 'penalty': 'elasticnet', 'solver': 'sag'}",,,,,,,,109,,,,,,,,109,,,,,,,,109,,,,,,,,109,,,,,,,,109,,,,,,,,109,,,,,,,,109,,,,,,,,109,,,,,,,,109
329,0.001258707046508789,0.001062641547090028,0.0,0.0,6,True,False,500,-1,elasticnet,saga,"{'C': 6, 'dual': True, 'fit_intercept': False, 'max_iter': 500, 'n_jobs': -1, 'penalty': 'elasticnet', 'solver': 'saga'}",,,,,,,,109,,,,,,,,109,,,,,,,,109,,,,,,,,109,,,,,,,,109,,,,,,,,109,,,,,,,,109,,,,,,,,109,,,,,,,,109
330,0.0017828941345214844,0.00046295441681374965,0.0,0.0,6,False,True,500,-1,l1,lbfgs,"{'C': 6, 'dual': False, 'fit_intercept': True, 'max_iter': 500, 'n_jobs': -1, 'penalty': 'l1', 'solver': 'lbfgs'}",,,,,,,,109,,,,,,,,109,,,,,,,,109,,,,,,,,109,,,,,,,,109,,,,,,,,109,,,,,,,,109,,,,,,,,109,,,,,,,,109
331,0.002426433563232422,0.0022047822545594982,0.0,0.0,6,False,True,500,-1,l1,newton-cg,"{'C': 6, 'dual': False, 'fit_intercept': True, 'max_iter': 500, 'n_jobs': -1, 'penalty': 'l1', 'solver': 'newton-cg'}",,,,,,,,109,,,,,,,,109,,,,,,,,109,,,,,,,,109,,,,,,,,109,,,,,,,,109,,,,,,,,109,,,,,,,,109,,,,,,,,109
323,0.002344989776611328,0.0014414162216867925,0.0,0.0,6,True,False,500,-1,l2,sag,"{'C': 6, 'dual': True, 'fit_intercept': False, 'max_iter': 500, 'n_jobs': -1, 'penalty': 'l2', 'solver': 'sag'}",,,,,,,,109,,,,,,,,109,,,,,,,,109,,,,,,,,109,,,,,,,,109,,,,,,,,109,,,,,,,,109,,,,,,,,109,,,,,,,,109
332,0.0014258384704589843,0.0011692721380889132,0.0,0.0,6,False,True,500,-1,l1,newton-cholesky,"{'C': 6, 'dual': False, 'fit_intercept': True, 'max_iter': 500, 'n_jobs': -1, 'penalty': 'l1', 'solver': 'newton-cholesky'}",,,,,,,,109,,,,,,,,109,,,,,,,,109,,,,,,,,109,,,,,,,,109,,,,,,,,109,,,,,,,,109,,,,,,,,109,,,,,,,,109
340,0.0033348560333251952,0.002775711274854644,0.0,0.0,6,False,True,500,-1,elasticnet,lbfgs,"{'C': 6, 'dual': False, 'fit_intercept': True, 'max_iter': 500, 'n_jobs': -1, 'penalty': 'elasticnet', 'solver': 'lbfgs'}",,,,,,,,109,,,,,,,,109,,,,,,,,109,,,,,,,,109,,,,,,,,109,,,,,,,,109,,,,,,,,109,,,,,,,,109,,,,,,,,109
388,0.0009058952331542969,0.0018117904663085937,0.0,0.0,7,True,False,500,-1,elasticnet,sag,"{'C': 7, 'dual': True, 'fit_intercept': False, 'max_iter': 500, 'n_jobs': -1, 'penalty': 'elasticnet', 'solver': 'sag'}",,,,,,,,109,,,,,,,,109,,,,,,,,109,,,,,,,,109,,,,,,,,109,,,,,,,,109,,,,,,,,109,,,,,,,,109,,,,,,,,109
341,0.0022292137145996094,0.0030102955110197075,0.0,0.0,6,False,True,500,-1,elasticnet,newton-cg,"{'C': 6, 'dual': False, 'fit_intercept': True, 'max_iter': 500, 'n_jobs': -1, 'penalty': 'elasticnet', 'solver': 'newton-cg'}",,,,,,,,109,,,,,,,,109,,,,,,,,109,,,,,,,,109,,,,,,,,109,,,,,,,,109,,,,,,,,109,,,,,,,,109,,,,,,,,109
348,0.0003188133239746094,0.0006376266479492188,0.0,0.0,6,False,False,500,-1,l1,sag,"{'C': 6, 'dual': False, 'fit_intercept': False, 'max_iter': 500, 'n_jobs': -1, 'penalty': 'l1', 'solver': 'sag'}",,,,,,,,109,,,,,,,,109,,,,,,,,109,,,,,,,,109,,,,,,,,109,,,,,,,,109,,,,,,,,109,,,,,,,,109,,,,,,,,109
347,0.001512289047241211,0.003024578094482422,0.0,0.0,6,False,False,500,-1,l1,newton-cholesky,"{'C': 6, 'dual': False, 'fit_intercept': False, 'max_iter': 500, 'n_jobs': -1, 'penalty': 'l1', 'solver': 'newton-cholesky'}",,,,,,,,109,,,,,,,,109,,,,,,,,109,,,,,,,,109,,,,,,,,109,,,,,,,,109,,,,,,,,109,,,,,,,,109,,,,,,,,109
346,0.00044932365417480467,0.0006713757053468949,0.0,0.0,6,False,False,500,-1,l1,newton-cg,"{'C': 6, 'dual': False, 'fit_intercept': False, 'max_iter': 500, 'n_jobs': -1, 'penalty': 'l1', 'solver': 'newton-cg'}",,,,,,,,109,,,,,,,,109,,,,,,,,109,,,,,,,,109,,,,,,,,109,,,,,,,,109,,,,,,,,109,,,,,,,,109,,,,,,,,109
345,0.002149009704589844,0.0006580244215470474,0.0,0.0,6,False,False,500,-1,l1,lbfgs,"{'C': 6, 'dual': False, 'fit_intercept': False, 'max_iter': 500, 'n_jobs': -1, 'penalty': 'l1', 'solver': 'lbfgs'}",,,,,,,,109,,,,,,,,109,,,,,,,,109,,,,,,,,109,,,,,,,,109,,,,,,,,109,,,,,,,,109,,,,,,,,109,,,,,,,,109
344,0.0021704673767089845,0.0015346215887017214,0.0,0.0,6,False,True,500,-1,elasticnet,saga,"{'C': 6, 'dual': False, 'fit_intercept': True, 'max_iter': 500, 'n_jobs': -1, 'penalty': 'elasticnet', 'solver': 'saga'}",,,,,,,,109,,,,,,,,109,,,,,,,,109,,,,,,,,109,,,,,,,,109,,,,,,,,109,,,,,,,,109,,,,,,,,109,,,,,,,,109
333,0.002191448211669922,0.00235420441296708,0.0,0.0,6,False,True,500,-1,l1,sag,"{'C': 6, 'dual': False, 'fit_intercept': True, 'max_iter': 500, 'n_jobs': -1, 'penalty': 'l1', 'solver': 'sag'}",,,,,,,,109,,,,,,,,109,,,,,,,,109,,,,,,,,109,,,,,,,,109,,,,,,,,109,,,,,,,,109,,,,,,,,109,,,,,,,,109
322,0.001443958282470703,0.0008719644932220137,0.0,0.0,6,True,False,500,-1,l2,newton-cholesky,"{'C': 6, 'dual': True, 'fit_intercept': False, 'max_iter': 500, 'n_jobs': -1, 'penalty': 'l2', 'solver': 'newton-cholesky'}",,,,,,,,109,,,,,,,,109,,,,,,,,109,,,,,,,,109,,,,,,,,109,,,,,,,,109,,,,,,,,109,,,,,,,,109,,,,,,,,109
321,0.0018714427947998046,0.00015749741494503998,0.0,0.0,6,True,False,500,-1,l2,newton-cg,"{'C': 6, 'dual': True, 'fit_intercept': False, 'max_iter': 500, 'n_jobs': -1, 'penalty': 'l2', 'solver': 'newton-cg'}",,,,,,,,109,,,,,,,,109,,,,,,,,109,,,,,,,,109,,,,,,,,109,,,,,,,,109,,,,,,,,109,,,,,,,,109,,,,,,,,109
320,0.0013358116149902344,0.0011033956759190873,0.0,0.0,6,True,False,500,-1,l2,lbfgs,"{'C': 6, 'dual': True, 'fit_intercept': False, 'max_iter': 500, 'n_jobs': -1, 'penalty': 'l2', 'solver': 'lbfgs'}",,,,,,,,109,,,,,,,,109,,,,,,,,109,,,,,,,,109,,,,,,,,109,,,,,,,,109,,,,,,,,109,,,,,,,,109,,,,,,,,109
366,0.0005031108856201171,0.0007750231703907332,0.0,0.0,7,True,True,500,-1,l2,newton-cg,"{'C': 7, 'dual': True, 'fit_intercept': True, 'max_iter': 500, 'n_jobs': -1, 'penalty': 'l2', 'solver': 'newton-cg'}",,,,,,,,109,,,,,,,,109,,,,,,,,109,,,,,,,,109,,,,,,,,109,,,,,,,,109,,,,,,,,109,,,,,,,,109,,,,,,,,109
365,0.0021663665771484374,0.00029668341258690177,0.0,0.0,7,True,True,500,-1,l2,lbfgs,"{'C': 7, 'dual': True, 'fit_intercept': True, 'max_iter': 500, 'n_jobs': -1, 'penalty': 'l2', 'solver': 'lbfgs'}",,,,,,,,109,,,,,,,,109,,,,,,,,109,,,,,,,,109,,,,,,,,109,,,,,,,,109,,,,,,,,109,,,,,,,,109,,,,,,,,109
364,0.0025907516479492187,0.0029556956151633768,0.0,0.0,7,True,True,500,-1,l1,saga,"{'C': 7, 'dual': True, 'fit_intercept': True, 'max_iter': 500, 'n_jobs': -1, 'penalty': 'l1', 'solver': 'saga'}",,,,,,,,109,,,,,,,,109,,,,,,,,109,,,,,,,,109,,,,,,,,109,,,,,,,,109,,,,,,,,109,,,,,,,,109,,,,,,,,109
363,0.0019091129302978515,0.0031099267095073095,0.0,0.0,7,True,True,500,-1,l1,sag,"{'C': 7, 'dual': True, 'fit_intercept': True, 'max_iter': 500, 'n_jobs': -1, 'penalty': 'l1', 'solver': 'sag'}",,,,,,,,109,,,,,,,,109,,,,,,,,109,,,,,,,,109,,,,,,,,109,,,,,,,,109,,,,,,,,109,,,,,,,,109,,,,,,,,109
342,0.0007125377655029297,0.00088873962582767,0.0,0.0,6,False,True,500,-1,elasticnet,newton-cholesky,"{'C': 6, 'dual': False, 'fit_intercept': True, 'max_iter': 500, 'n_jobs': -1, 'penalty': 'elasticnet', 'solver': 'newton-cholesky'}",,,,,,,,109,,,,,,,,109,,,,,,,,109,,,,,,,,109,,,,,,,,109,,,,,,,,109,,,,,,,,109,,,,,,,,109,,,,,,,,109
361,0.00030646324157714846,0.0006129264831542969,0.0,0.0,7,True,True,500,-1,l1,newton-cg,"{'C': 7, 'dual': True, 'fit_intercept': True, 'max_iter': 500, 'n_jobs': -1, 'penalty': 'l1', 'solver': 'newton-cg'}",,,,,,,,109,,,,,,,,109,,,,,,,,109,,,,,,,,109,,,,,,,,109,,,,,,,,109,,,,,,,,109,,,,,,,,109,,,,,,,,109
360,0.00030698776245117185,0.0006139755249023437,0.0,0.0,7,True,True,500,-1,l1,lbfgs,"{'C': 7, 'dual': True, 'fit_intercept': True, 'max_iter': 500, 'n_jobs': -1, 'penalty': 'l1', 'solver': 'lbfgs'}",,,,,,,,109,,,,,,,,109,,,,,,,,109,,,,,,,,109,,,,,,,,109,,,,,,,,109,,,,,,,,109,,,,,,,,109,,,,,,,,109
359,0.004021072387695312,0.004358225073295816,0.0,0.0,6,False,False,500,-1,elasticnet,saga,"{'C': 6, 'dual': False, 'fit_intercept': False, 'max_iter': 500, 'n_jobs': -1, 'penalty': 'elasticnet', 'solver': 'saga'}",,,,,,,,109,,,,,,,,109,,,,,,,,109,,,,,,,,109,,,,,,,,109,,,,,,,,109,,,,,,,,109,,,,,,,,109,,,,,,,,109
358,0.0006983280181884766,0.0013966560363769531,0.0,0.0,6,False,False,500,-1,elasticnet,sag,"{'C': 6, 'dual': False, 'fit_intercept': False, 'max_iter': 500, 'n_jobs': -1, 'penalty': 'elasticnet', 'solver': 'sag'}",,,,,,,,109,,,,,,,,109,,,,,,,,109,,,,,,,,109,,,,,,,,109,,,,,,,,109,,,,,,,,109,,,,,,,,109,,,,,,,,109
357,0.0017198562622070313,0.0022467530093858395,0.0,0.0,6,False,False,500,-1,elasticnet,newton-cholesky,"{'C': 6, 'dual': False, 'fit_intercept': False, 'max_iter': 500, 'n_jobs': -1, 'penalty': 'elasticnet', 'solver': 'newton-cholesky'}",,,,,,,,109,,,,,,,,109,,,,,,,,109,,,,,,,,109,,,,,,,,109,,,,,,,,109,,,,,,,,109,,,,,,,,109,,,,,,,,109
356,0.0012211799621582031,0.0006219343750327724,0.0,0.0,6,False,False,500,-1,elasticnet,newton-cg,"{'C': 6, 'dual': False, 'fit_intercept': False, 'max_iter': 500, 'n_jobs': -1, 'penalty': 'elasticnet', 'solver': 'newton-cg'}",,,,,,,,109,,,,,,,,109,,,,,,,,109,,,,,,,,109,,,,,,,,109,,,,,,,,109,,,,,,,,109,,,,,,,,109,,,,,,,,109
355,0.0024016380310058595,0.001630048073105919,0.0,0.0,6,False,False,500,-1,elasticnet,lbfgs,"{'C': 6, 'dual': False, 'fit_intercept': False, 'max_iter': 500, 'n_jobs': -1, 'penalty': 'elasticnet', 'solver': 'lbfgs'}",,,,,,,,109,,,,,,,,109,,,,,,,,109,,,,,,,,109,,,,,,,,109,,,,,,,,109,,,,,,,,109,,,,,,,,109,,,,,,,,109
313,0.000812530517578125,0.0010464327620747622,0.0,0.0,6,True,True,500,-1,elasticnet,sag,"{'C': 6, 'dual': True, 'fit_intercept': True, 'max_iter': 500, 'n_jobs': -1, 'penalty': 'elasticnet', 'solver': 'sag'}",,,,,,,,109,,,,,,,,109,,,,,,,,109,,,,,,,,109,,,,,,,,109,,,,,,,,109,,,,,,,,109,,,,,,,,109,,,,,,,,109
314,0.0005745410919189454,0.0009145894611097138,0.0,0.0,6,True,True,500,-1,elasticnet,saga,"{'C': 6, 'dual': True, 'fit_intercept': True, 'max_iter': 500, 'n_jobs': -1, 'penalty': 'elasticnet', 'solver': 'saga'}",,,,,,,,109,,,,,,,,109,,,,,,,,109,,,,,,,,109,,,,,,,,109,,,,,,,,109,,,,,,,,109,,,,,,,,109,,,,,,,,109
315,0.002140665054321289,0.0022390847042928225,0.0,0.0,6,True,False,500,-1,l1,lbfgs,"{'C': 6, 'dual': True, 'fit_intercept': False, 'max_iter': 500, 'n_jobs': -1, 'penalty': 'l1', 'solver': 'lbfgs'}",,,,,,,,109,,,,,,,,109,,,,,,,,109,,,,,,,,109,,,,,,,,109,,,,,,,,109,,,,,,,,109,,,,,,,,109,,,,,,,,109
316,0.00298924446105957,0.0019055724361368798,0.0,0.0,6,True,False,500,-1,l1,newton-cg,"{'C': 6, 'dual': True, 'fit_intercept': False, 'max_iter': 500, 'n_jobs': -1, 'penalty': 'l1', 'solver': 'newton-cg'}",,,,,,,,109,,,,,,,,109,,,,,,,,109,,,,,,,,109,,,,,,,,109,,,,,,,,109,,,,,,,,109,,,,,,,,109,,,,,,,,109
317,0.0011728763580322265,0.0010299564246097933,0.0,0.0,6,True,False,500,-1,l1,newton-cholesky,"{'C': 6, 'dual': True, 'fit_intercept': False, 'max_iter': 500, 'n_jobs': -1, 'penalty': 'l1', 'solver': 'newton-cholesky'}",,,,,,,,109,,,,,,,,109,,,,,,,,109,,,,,,,,109,,,,,,,,109,,,,,,,,109,,,,,,,,109,,,,,,,,109,,,,,,,,109
318,0.0029106616973876955,0.0019464481022937283,0.0,0.0,6,True,False,500,-1,l1,sag,"{'C': 6, 'dual': True, 'fit_intercept': False, 'max_iter': 500, 'n_jobs': -1, 'penalty': 'l1', 'solver': 'sag'}",,,,,,,,109,,,,,,,,109,,,,,,,,109,,,,,,,,109,,,,,,,,109,,,,,,,,109,,,,,,,,109,,,,,,,,109,,,,,,,,109
319,0.004857397079467774,0.0034687332818406145,0.0,0.0,6,True,False,500,-1,l1,saga,"{'C': 6, 'dual': True, 'fit_intercept': False, 'max_iter': 500, 'n_jobs': -1, 'penalty': 'l1', 'solver': 'saga'}",,,,,,,,109,,,,,,,,109,,,,,,,,109,,,,,,,,109,,,,,,,,109,,,,,,,,109,,,,,,,,109,,,,,,,,109,,,,,,,,109
368,0.0019712448120117188,0.0003338262669947065,0.0,0.0,7,True,True,500,-1,l2,sag,"{'C': 7, 'dual': True, 'fit_intercept': True, 'max_iter': 500, 'n_jobs': -1, 'penalty': 'l2', 'solver': 'sag'}",,,,,,,,109,,,,,,,,109,,,,,,,,109,,,,,,,,109,,,,,,,,109,,,,,,,,109,,,,,,,,109,,,,,,,,109,,,,,,,,109
389,0.00040998458862304685,0.0005021723683476529,0.0,0.0,7,True,False,500,-1,elasticnet,saga,"{'C': 7, 'dual': True, 'fit_intercept': False, 'max_iter': 500, 'n_jobs': -1, 'penalty': 'elasticnet', 'solver': 'saga'}",,,,,,,,109,,,,,,,,109,,,,,,,,109,,,,,,,,109,,,,,,,,109,,,,,,,,109,,,,,,,,109,,,,,,,,109,,,,,,,,109
0,0.0030997276306152345,0.0017401937940992361,0.0,0.0,1,True,True,500,-1,l1,lbfgs,"{'C': 1, 'dual': True, 'fit_intercept': True, 'max_iter': 500, 'n_jobs': -1, 'penalty': 'l1', 'solver': 'lbfgs'}",,,,,,,,109,,,,,,,,109,,,,,,,,109,,,,,,,,109,,,,,,,,109,,,,,,,,109,,,,,,,,109,,,,,,,,109,,,,,,,,109
391,0.0004073143005371094,0.0008146286010742189,0.0,0.0,7,False,True,500,-1,l1,newton-cg,"{'C': 7, 'dual': False, 'fit_intercept': True, 'max_iter': 500, 'n_jobs': -1, 'penalty': 'l1', 'solver': 'newton-cg'}",,,,,,,,109,,,,,,,,109,,,,,,,,109,,,,,,,,109,,,,,,,,109,,,,,,,,109,,,,,,,,109,,,,,,,,109,,,,,,,,109
496,0.0023193836212158205,0.004135683346670938,0.0,0.0,9,True,False,500,-1,l1,newton-cg,"{'C': 9, 'dual': True, 'fit_intercept': False, 'max_iter': 500, 'n_jobs': -1, 'penalty': 'l1', 'solver': 'newton-cg'}",,,,,,,,109,,,,,,,,109,,,,,,,,109,,,,,,,,109,,,,,,,,109,,,,,,,,109,,,,,,,,109,,,,,,,,109,,,,,,,,109
495,0.002744245529174805,0.002326856206070496,0.0,0.0,9,True,False,500,-1,l1,lbfgs,"{'C': 9, 'dual': True, 'fit_intercept': False, 'max_iter': 500, 'n_jobs': -1, 'penalty': 'l1', 'solver': 'lbfgs'}",,,,,,,,109,,,,,,,,109,,,,,,,,109,,,,,,,,109,,,,,,,,109,,,,,,,,109,,,,,,,,109,,,,,,,,109,,,,,,,,109
494,0.002110195159912109,0.004220390319824218,0.0,0.0,9,True,True,500,-1,elasticnet,saga,"{'C': 9, 'dual': True, 'fit_intercept': True, 'max_iter': 500, 'n_jobs': -1, 'penalty': 'elasticnet', 'solver': 'saga'}",,,,,,,,109,,,,,,,,109,,,,,,,,109,,,,,,,,109,,,,,,,,109,,,,,,,,109,,,,,,,,109,,,,,,,,109,,,,,,,,109
493,0.002560710906982422,0.002582817580587999,0.0,0.0,9,True,True,500,-1,elasticnet,sag,"{'C': 9, 'dual': True, 'fit_intercept': True, 'max_iter': 500, 'n_jobs': -1, 'penalty': 'elasticnet', 'solver': 'sag'}",,,,,,,,109,,,,,,,,109,,,,,,,,109,,,,,,,,109,,,,,,,,109,,,,,,,,109,,,,,,,,109,,,,,,,,109,,,,,,,,109
492,0.001740264892578125,0.00091593850360557,0.0,0.0,9,True,True,500,-1,elasticnet,newton-cholesky,"{'C': 9, 'dual': True, 'fit_intercept': True, 'max_iter': 500, 'n_jobs': -1, 'penalty': 'elasticnet', 'solver': 'newton-cholesky'}",,,,,,,,109,,,,,,,,109,,,,,,,,109,,,,,,,,109,,,,,,,,109,,,,,,,,109,,,,,,,,109,,,,,,,,109,,,,,,,,109
491,0.000999307632446289,0.001126539877165643,0.0,0.0,9,True,True,500,-1,elasticnet,newton-cg,"{'C': 9, 'dual': True, 'fit_intercept': True, 'max_iter': 500, 'n_jobs': -1, 'penalty': 'elasticnet', 'solver': 'newton-cg'}",,,,,,,,109,,,,,,,,109,,,,,,,,109,,,,,,,,109,,,,,,,,109,,,,,,,,109,,,,,,,,109,,,,,,,,109,,,,,,,,109
490,0.0008744239807128906,0.0010793784498865629,0.0,0.0,9,True,True,500,-1,elasticnet,lbfgs,"{'C': 9, 'dual': True, 'fit_intercept': True, 'max_iter': 500, 'n_jobs': -1, 'penalty': 'elasticnet', 'solver': 'lbfgs'}",,,,,,,,109,,,,,,,,109,,,,,,,,109,,,,,,,,109,,,,,,,,109,,,,,,,,109,,,,,,,,109,,,,,,,,109,,,,,,,,109
489,0.002656698226928711,0.0006850436520026098,0.0,0.0,9,True,True,500,-1,l2,saga,"{'C': 9, 'dual': True, 'fit_intercept': True, 'max_iter': 500, 'n_jobs': -1, 'penalty': 'l2', 'solver': 'saga'}",,,,,,,,109,,,,,,,,109,,,,,,,,109,,,,,,,,109,,,,,,,,109,,,,,,,,109,,,,,,,,109,,,,,,,,109,,,,,,,,109
488,0.0015565872192382813,0.0016975243934680615,0.0,0.0,9,True,True,500,-1,l2,sag,"{'C': 9, 'dual': True, 'fit_intercept': True, 'max_iter': 500, 'n_jobs': -1, 'penalty': 'l2', 'solver': 'sag'}",,,,,,,,109,,,,,,,,109,,,,,,,,109,,,,,,,,109,,,,,,,,109,,,,,,,,109,,,,,,,,109,,,,,,,,109,,,,,,,,109
487,0.0015422344207763673,0.0010156128158993335,0.0,0.0,9,True,True,500,-1,l2,newton-cholesky,"{'C': 9, 'dual': True, 'fit_intercept': True, 'max_iter': 500, 'n_jobs': -1, 'penalty': 'l2', 'solver': 'newton-cholesky'}",,,,,,,,109,,,,,,,,109,,,,,,,,109,,,,,,,,109,,,,,,,,109,,,,,,,,109,,,,,,,,109,,,,,,,,109,,,,,,,,109
486,0.0011243820190429688,0.0009323774257654412,0.0,0.0,9,True,True,500,-1,l2,newton-cg,"{'C': 9, 'dual': True, 'fit_intercept': True, 'max_iter': 500, 'n_jobs': -1, 'penalty': 'l2', 'solver': 'newton-cg'}",,,,,,,,109,,,,,,,,109,,,,,,,,109,,,,,,,,109,,,,,,,,109,,,,,,,,109,,,,,,,,109,,,,,,,,109,,,,,,,,109
497,0.0004074573516845703,0.0008149147033691406,0.0,0.0,9,True,False,500,-1,l1,newton-cholesky,"{'C': 9, 'dual': True, 'fit_intercept': False, 'max_iter': 500, 'n_jobs': -1, 'penalty': 'l1', 'solver': 'newton-cholesky'}",,,,,,,,109,,,,,,,,109,,,,,,,,109,,,,,,,,109,,,,,,,,109,,,,,,,,109,,,,,,,,109,,,,,,,,109,,,,,,,,109
485,0.0023444652557373046,0.0030421567165659683,0.0,0.0,9,True,True,500,-1,l2,lbfgs,"{'C': 9, 'dual': True, 'fit_intercept': True, 'max_iter': 500, 'n_jobs': -1, 'penalty': 'l2', 'solver': 'lbfgs'}",,,,,,,,109,,,,,,,,109,,,,,,,,109,,,,,,,,109,,,,,,,,109,,,,,,,,109,,,,,,,,109,,,,,,,,109,,,,,,,,109
483,0.002021169662475586,0.0012527634178707676,0.0,0.0,9,True,True,500,-1,l1,sag,"{'C': 9, 'dual': True, 'fit_intercept': True, 'max_iter': 500, 'n_jobs': -1, 'penalty': 'l1', 'solver': 'sag'}",,,,,,,,109,,,,,,,,109,,,,,,,,109,,,,,,,,109,,,,,,,,109,,,,,,,,109,,,,,,,,109,,,,,,,,109,,,,,,,,109
482,0.002104949951171875,0.001450275021612784,0.0,0.0,9,True,True,500,-1,l1,newton-cholesky,"{'C': 9, 'dual': True, 'fit_intercept': True, 'max_iter': 500, 'n_jobs': -1, 'penalty': 'l1', 'solver': 'newton-cholesky'}",,,,,,,,109,,,,,,,,109,,,,,,,,109,,,,,,,,109,,,,,,,,109,,,,,,,,109,,,,,,,,109,,,,,,,,109,,,,,,,,109
481,0.002012968063354492,0.0005503934700402081,0.0,0.0,9,True,True,500,-1,l1,newton-cg,"{'C': 9, 'dual': True, 'fit_intercept': True, 'max_iter': 500, 'n_jobs': -1, 'penalty': 'l1', 'solver': 'newton-cg'}",,,,,,,,109,,,,,,,,109,,,,,,,,109,,,,,,,,109,,,,,,,,109,,,,,,,,109,,,,,,,,109,,,,,,,,109,,,,,,,,109
480,0.002131938934326172,0.0003951803016058504,0.0,0.0,9,True,True,500,-1,l1,lbfgs,"{'C': 9, 'dual': True, 'fit_intercept': True, 'max_iter': 500, 'n_jobs': -1, 'penalty': 'l1', 'solver': 'lbfgs'}",,,,,,,,109,,,,,,,,109,,,,,,,,109,,,,,,,,109,,,,,,,,109,,,,,,,,109,,,,,,,,109,,,,,,,,109,,,,,,,,109
479,0.0026215553283691407,0.0016430390532582025,0.0,0.0,8,False,False,500,-1,elasticnet,saga,"{'C': 8, 'dual': False, 'fit_intercept': False, 'max_iter': 500, 'n_jobs': -1, 'penalty': 'elasticnet', 'solver': 'saga'}",,,,,,,,109,,,,,,,,109,,,,,,,,109,,,,,,,,109,,,,,,,,109,,,,,,,,109,,,,,,,,109,,,,,,,,109,,,,,,,,109
478,0.0020028114318847655,0.0005881038493751456,0.0,0.0,8,False,False,500,-1,elasticnet,sag,"{'C': 8, 'dual': False, 'fit_intercept': False, 'max_iter': 500, 'n_jobs': -1, 'penalty': 'elasticnet', 'solver': 'sag'}",,,,,,,,109,,,,,,,,109,,,,,,,,109,,,,,,,,109,,,,,,,,109,,,,,,,,109,,,,,,,,109,,,,,,,,109,,,,,,,,109
477,0.00154266357421875,0.0010519971247538384,0.0,0.0,8,False,False,500,-1,elasticnet,newton-cholesky,"{'C': 8, 'dual': False, 'fit_intercept': False, 'max_iter': 500, 'n_jobs': -1, 'penalty': 'elasticnet', 'solver': 'newton-cholesky'}",,,,,,,,109,,,,,,,,109,,,,,,,,109,,,,,,,,109,,,,,,,,109,,,,,,,,109,,,,,,,,109,,,,,,,,109,,,,,,,,109
476,0.000907278060913086,0.001814556121826172,0.0,0.0,8,False,False,500,-1,elasticnet,newton-cg,"{'C': 8, 'dual': False, 'fit_intercept': False, 'max_iter': 500, 'n_jobs': -1, 'penalty': 'elasticnet', 'solver': 'newton-cg'}",,,,,,,,109,,,,,,,,109,,,,,,,,109,,,,,,,,109,,,,,,,,109,,,,,,,,109,,,,,,,,109,,,,,,,,109,,,,,,,,109
475,0.0033142566680908203,0.004204444713021967,0.0,0.0,8,False,False,500,-1,elasticnet,lbfgs,"{'C': 8, 'dual': False, 'fit_intercept': False, 'max_iter': 500, 'n_jobs': -1, 'penalty': 'elasticnet', 'solver': 'lbfgs'}",,,,,,,,109,,,,,,,,109,,,,,,,,109,,,,,,,,109,,,,,,,,109,,,,,,,,109,,,,,,,,109,,,,,,,,109,,,,,,,,109
468,0.0005071640014648437,0.0010143280029296874,0.0,0.0,8,False,False,500,-1,l1,sag,"{'C': 8, 'dual': False, 'fit_intercept': False, 'max_iter': 500, 'n_jobs': -1, 'penalty': 'l1', 'solver': 'sag'}",,,,,,,,109,,,,,,,,109,,,,,,,,109,,,,,,,,109,,,,,,,,109,,,,,,,,109,,,,,,,,109,,,,,,,,109,,,,,,,,109
467,0.002245473861694336,0.0006858045905758073,0.0,0.0,8,False,False,500,-1,l1,newton-cholesky,"{'C': 8, 'dual': False, 'fit_intercept': False, 'max_iter': 500, 'n_jobs': -1, 'penalty': 'l1', 'solver': 'newton-cholesky'}",,,,,,,,109,,,,,,,,109,,,,,,,,109,,,,,,,,109,,,,,,,,109,,,,,,,,109,,,,,,,,109,,,,,,,,109,,,,,,,,109
484,0.0013142108917236328,0.001952574152120264,0.0,0.0,9,True,True,500,-1,l1,saga,"{'C': 9, 'dual': True, 'fit_intercept': True, 'max_iter': 500, 'n_jobs': -1, 'penalty': 'l1', 'solver': 'saga'}",,,,,,,,109,,,,,,,,109,,,,,,,,109,,,,,,,,109,,,,,,,,109,,,,,,,,109,,,,,,,,109,,,,,,,,109,,,,,,,,109
498,0.0018546581268310547,0.0010899804165004402,0.0,0.0,9,True,False,500,-1,l1,sag,"{'C': 9, 'dual': True, 'fit_intercept': False, 'max_iter': 500, 'n_jobs': -1, 'penalty': 'l1', 'solver': 'sag'}",,,,,,,,109,,,,,,,,109,,,,,,,,109,,,,,,,,109,,,,,,,,109,,,,,,,,109,,,,,,,,109,,,,,,,,109,,,,,,,,109
499,0.002534961700439453,0.0007976696627508017,0.0,0.0,9,True,False,500,-1,l1,saga,"{'C': 9, 'dual': True, 'fit_intercept': False, 'max_iter': 500, 'n_jobs': -1, 'penalty': 'l1', 'solver': 'saga'}",,,,,,,,109,,,,,,,,109,,,,,,,,109,,,,,,,,109,,,,,,,,109,,,,,,,,109,,,,,,,,109,,,,,,,,109,,,,,,,,109
500,0.002532291412353516,0.0022644894246849653,0.0,0.0,9,True,False,500,-1,l2,lbfgs,"{'C': 9, 'dual': True, 'fit_intercept': False, 'max_iter': 500, 'n_jobs': -1, 'penalty': 'l2', 'solver': 'lbfgs'}",,,,,,,,109,,,,,,,,109,,,,,,,,109,,,,,,,,109,,,,,,,,109,,,,,,,,109,,,,,,,,109,,,,,,,,109,,,,,,,,109
537,0.002715778350830078,0.004508361573355827,0.0,0.0,9,False,False,500,-1,elasticnet,newton-cholesky,"{'C': 9, 'dual': False, 'fit_intercept': False, 'max_iter': 500, 'n_jobs': -1, 'penalty': 'elasticnet', 'solver': 'newton-cholesky'}",,,,,,,,109,,,,,,,,109,,,,,,,,109,,,,,,,,109,,,,,,,,109,,,,,,,,109,,,,,,,,109,,,,,,,,109,,,,,,,,109
536,0.002073049545288086,0.0006323451702122366,0.0,0.0,9,False,False,500,-1,elasticnet,newton-cg,"{'C': 9, 'dual': False, 'fit_intercept': False, 'max_iter': 500, 'n_jobs': -1, 'penalty': 'elasticnet', 'solver': 'newton-cg'}",,,,,,,,109,,,,,,,,109,,,,,,,,109,,,,,,,,109,,,,,,,,109,,,,,,,,109,,,,,,,,109,,,,,,,,109,,,,,,,,109
535,0.0033119678497314452,0.0006396692117700904,0.0,0.0,9,False,False,500,-1,elasticnet,lbfgs,"{'C': 9, 'dual': False, 'fit_intercept': False, 'max_iter': 500, 'n_jobs': -1, 'penalty': 'elasticnet', 'solver': 'lbfgs'}",,,,,,,,109,,,,,,,,109,,,,,,,,109,,,,,,,,109,,,,,,,,109,,,,,,,,109,,,,,,,,109,,,,,,,,109,,,,,,,,109
528,0.0025139808654785155,0.0014259196542107926,0.0,0.0,9,False,False,500,-1,l1,sag,"{'C': 9, 'dual': False, 'fit_intercept': False, 'max_iter': 500, 'n_jobs': -1, 'penalty': 'l1', 'solver': 'sag'}",,,,,,,,109,,,,,,,,109,,,,,,,,109,,,,,,,,109,,,,,,,,109,,,,,,,,109,,,,,,,,109,,,,,,,,109,,,,,,,,109
527,0.0035671710968017576,0.0021014103652220026,0.0,0.0,9,False,False,500,-1,l1,newton-cholesky,"{'C': 9, 'dual': False, 'fit_intercept': False, 'max_iter': 500, 'n_jobs': -1, 'penalty': 'l1', 'solver': 'newton-cholesky'}",,,,,,,,109,,,,,,,,109,,,,,,,,109,,,,,,,,109,,,,,,,,109,,,,,,,,109,,,,,,,,109,,,,,,,,109,,,,,,,,109
526,0.0025491237640380858,0.0018525832112336878,0.0,0.0,9,False,False,500,-1,l1,newton-cg,"{'C': 9, 'dual': False, 'fit_intercept': False, 'max_iter': 500, 'n_jobs': -1, 'penalty': 'l1', 'solver': 'newton-cg'}",,,,,,,,109,,,,,,,,109,,,,,,,,109,,,,,,,,109,,,,,,,,109,,,,,,,,109,,,,,,,,109,,,,,,,,109,,,,,,,,109
525,0.004814052581787109,0.0029191869631482524,0.0,0.0,9,False,False,500,-1,l1,lbfgs,"{'C': 9, 'dual': False, 'fit_intercept': False, 'max_iter': 500, 'n_jobs': -1, 'penalty': 'l1', 'solver': 'lbfgs'}",,,,,,,,109,,,,,,,,109,,,,,,,,109,,,,,,,,109,,,,,,,,109,,,,,,,,109,,,,,,,,109,,,,,,,,109,,,,,,,,109
524,0.0040018558502197266,0.0022036111040350786,0.0,0.0,9,False,True,500,-1,elasticnet,saga,"{'C': 9, 'dual': False, 'fit_intercept': True, 'max_iter': 500, 'n_jobs': -1, 'penalty': 'elasticnet', 'solver': 'saga'}",,,,,,,,109,,,,,,,,109,,,,,,,,109,,,,,,,,109,,,,,,,,109,,,,,,,,109,,,,,,,,109,,,,,,,,109,,,,,,,,109
523,0.0031826972961425783,0.0015140155300705266,0.0,0.0,9,False,True,500,-1,elasticnet,sag,"{'C': 9, 'dual': False, 'fit_intercept': True, 'max_iter': 500, 'n_jobs': -1, 'penalty': 'elasticnet', 'solver': 'sag'}",,,,,,,,109,,,,,,,,109,,,,,,,,109,,,,,,,,109,,,,,,,,109,,,,,,,,109,,,,,,,,109,,,,,,,,109,,,,,,,,109
522,0.01990537643432617,0.03711741380432654,0.0,0.0,9,False,True,500,-1,elasticnet,newton-cholesky,"{'C': 9, 'dual': False, 'fit_intercept': True, 'max_iter': 500, 'n_jobs': -1, 'penalty': 'elasticnet', 'solver': 'newton-cholesky'}",,,,,,,,109,,,,,,,,109,,,,,,,,109,,,,,,,,109,,,,,,,,109,,,,,,,,109,,,,,,,,109,,,,,,,,109,,,,,,,,109
521,0.003146982192993164,0.001732328123670282,0.0,0.0,9,False,True,500,-1,elasticnet,newton-cg,"{'C': 9, 'dual': False, 'fit_intercept': True, 'max_iter': 500, 'n_jobs': -1, 'penalty': 'elasticnet', 'solver': 'newton-cg'}",,,,,,,,109,,,,,,,,109,,,,,,,,109,,,,,,,,109,,,,,,,,109,,,,,,,,109,,,,,,,,109,,,,,,,,109,,,,,,,,109
520,0.005881690979003906,0.009449513051715822,0.0,0.0,9,False,True,500,-1,elasticnet,lbfgs,"{'C': 9, 'dual': False, 'fit_intercept': True, 'max_iter': 500, 'n_jobs': -1, 'penalty': 'elasticnet', 'solver': 'lbfgs'}",,,,,,,,109,,,,,,,,109,,,,,,,,109,,,,,,,,109,,,,,,,,109,,,,,,,,109,,,,,,,,109,,,,,,,,109,,,,,,,,109
513,0.000611257553100586,0.0008142965113700402,0.0,0.0,9,False,True,500,-1,l1,sag,"{'C': 9, 'dual': False, 'fit_intercept': True, 'max_iter': 500, 'n_jobs': -1, 'penalty': 'l1', 'solver': 'sag'}",,,,,,,,109,,,,,,,,109,,,,,,,,109,,,,,,,,109,,,,,,,,109,,,,,,,,109,,,,,,,,109,,,,,,,,109,,,,,,,,109
512,0.0,0.0,0.0,0.0,9,False,True,500,-1,l1,newton-cholesky,"{'C': 9, 'dual': False, 'fit_intercept': True, 'max_iter': 500, 'n_jobs': -1, 'penalty': 'l1', 'solver': 'newton-cholesky'}",,,,,,,,109,,,,,,,,109,,,,,,,,109,,,,,,,,109,,,,,,,,109,,,,,,,,109,,,,,,,,109,,,,,,,,109,,,,,,,,109
511,0.00443882942199707,0.0032111916271766947,0.0,0.0,9,False,True,500,-1,l1,newton-cg,"{'C': 9, 'dual': False, 'fit_intercept': True, 'max_iter': 500, 'n_jobs': -1, 'penalty': 'l1', 'solver': 'newton-cg'}",,,,,,,,109,,,,,,,,109,,,,,,,,109,,,,,,,,109,,,,,,,,109,,,,,,,,109,,,,,,,,109,,,,,,,,109,,,,,,,,109
510,0.0034152507781982423,0.004230269682960508,0.0,0.0,9,False,True,500,-1,l1,lbfgs,"{'C': 9, 'dual': False, 'fit_intercept': True, 'max_iter': 500, 'n_jobs': -1, 'penalty': 'l1', 'solver': 'lbfgs'}",,,,,,,,109,,,,,,,,109,,,,,,,,109,,,,,,,,109,,,,,,,,109,,,,,,,,109,,,,,,,,109,,,,,,,,109,,,,,,,,109
509,0.0020188331604003907,0.0019831175097750225,0.0,0.0,9,True,False,500,-1,elasticnet,saga,"{'C': 9, 'dual': True, 'fit_intercept': False, 'max_iter': 500, 'n_jobs': -1, 'penalty': 'elasticnet', 'solver': 'saga'}",,,,,,,,109,,,,,,,,109,,,,,,,,109,,,,,,,,109,,,,,,,,109,,,,,,,,109,,,,,,,,109,,,,,,,,109,,,,,,,,109
508,0.0006178379058837891,0.0009899010041848778,0.0,0.0,9,True,False,500,-1,elasticnet,sag,"{'C': 9, 'dual': True, 'fit_intercept': False, 'max_iter': 500, 'n_jobs': -1, 'penalty': 'elasticnet', 'solver': 'sag'}",,,,,,,,109,,,,,,,,109,,,,,,,,109,,,,,,,,109,,,,,,,,109,,,,,,,,109,,,,,,,,109,,,,,,,,109,,,,,,,,109
507,0.0013110637664794922,0.0019454733646280908,0.0,0.0,9,True,False,500,-1,elasticnet,newton-cholesky,"{'C': 9, 'dual': True, 'fit_intercept': False, 'max_iter': 500, 'n_jobs': -1, 'penalty': 'elasticnet', 'solver': 'newton-cholesky'}",,,,,,,,109,,,,,,,,109,,,,,,,,109,,,,,,,,109,,,,,,,,109,,,,,,,,109,,,,,,,,109,,,,,,,,109,,,,,,,,109
506,0.0006065845489501953,0.0012131690979003905,0.0,0.0,9,True,False,500,-1,elasticnet,newton-cg,"{'C': 9, 'dual': True, 'fit_intercept': False, 'max_iter': 500, 'n_jobs': -1, 'penalty': 'elasticnet', 'solver': 'newton-cg'}",,,,,,,,109,,,,,,,,109,,,,,,,,109,,,,,,,,109,,,,,,,,109,,,,,,,,109,,,,,,,,109,,,,,,,,109,,,,,,,,109
505,0.0025421142578125,0.002607523441003876,0.0,0.0,9,True,False,500,-1,elasticnet,lbfgs,"{'C': 9, 'dual': True, 'fit_intercept': False, 'max_iter': 500, 'n_jobs': -1, 'penalty': 'elasticnet', 'solver': 'lbfgs'}",,,,,,,,109,,,,,,,,109,,,,,,,,109,,,,,,,,109,,,,,,,,109,,,,,,,,109,,,,,,,,109,,,,,,,,109,,,,,,,,109
504,0.0016256332397460937,0.0013974536407098056,0.0,0.0,9,True,False,500,-1,l2,saga,"{'C': 9, 'dual': True, 'fit_intercept': False, 'max_iter': 500, 'n_jobs': -1, 'penalty': 'l2', 'solver': 'saga'}",,,,,,,,109,,,,,,,,109,,,,,,,,109,,,,,,,,109,,,,,,,,109,,,,,,,,109,,,,,,,,109,,,,,,,,109,,,,,,,,109
503,0.0019115447998046876,0.0023459863152870543,0.0,0.0,9,True,False,500,-1,l2,sag,"{'C': 9, 'dual': True, 'fit_intercept': False, 'max_iter': 500, 'n_jobs': -1, 'penalty': 'l2', 'solver': 'sag'}",,,,,,,,109,,,,,,,,109,,,,,,,,109,,,,,,,,109,,,,,,,,109,,,,,,,,109,,,,,,,,109,,,,,,,,109,,,,,,,,109
502,0.0034404277801513674,0.0022462627624915115,0.0,0.0,9,True,False,500,-1,l2,newton-cholesky,"{'C': 9, 'dual': True, 'fit_intercept': False, 'max_iter': 500, 'n_jobs': -1, 'penalty': 'l2', 'solver': 'newton-cholesky'}",,,,,,,,109,,,,,,,,109,,,,,,,,109,,,,,,,,109,,,,,,,,109,,,,,,,,109,,,,,,,,109,,,,,,,,109,,,,,,,,109
501,0.0023189067840576174,0.0028826449909784583,0.0,0.0,9,True,False,500,-1,l2,newton-cg,"{'C': 9, 'dual': True, 'fit_intercept': False, 'max_iter': 500, 'n_jobs': -1, 'penalty': 'l2', 'solver': 'newton-cg'}",,,,,,,,109,,,,,,,,109,,,,,,,,109,,,,,,,,109,,,,,,,,109,,,,,,,,109,,,,,,,,109,,,,,,,,109,,,,,,,,109
466,0.0028305530548095705,0.0015116356542184673,0.0,0.0,8,False,False,500,-1,l1,newton-cg,"{'C': 8, 'dual': False, 'fit_intercept': False, 'max_iter': 500, 'n_jobs': -1, 'penalty': 'l1', 'solver': 'newton-cg'}",,,,,,,,109,,,,,,,,109,,,,,,,,109,,,,,,,,109,,,,,,,,109,,,,,,,,109,,,,,,,,109,,,,,,,,109,,,,,,,,109
465,0.0025341033935546873,0.0021291596363867274,0.0,0.0,8,False,False,500,-1,l1,lbfgs,"{'C': 8, 'dual': False, 'fit_intercept': False, 'max_iter': 500, 'n_jobs': -1, 'penalty': 'l1', 'solver': 'lbfgs'}",,,,,,,,109,,,,,,,,109,,,,,,,,109,,,,,,,,109,,,,,,,,109,,,,,,,,109,,,,,,,,109,,,,,,,,109,,,,,,,,109
464,0.0005103111267089844,0.0006465975443209561,0.0,0.0,8,False,True,500,-1,elasticnet,saga,"{'C': 8, 'dual': False, 'fit_intercept': True, 'max_iter': 500, 'n_jobs': -1, 'penalty': 'elasticnet', 'solver': 'saga'}",,,,,,,,109,,,,,,,,109,,,,,,,,109,,,,,,,,109,,,,,,,,109,,,,,,,,109,,,,,,,,109,,,,,,,,109,,,,,,,,109
463,0.0024431228637695314,0.0016069348940738817,0.0,0.0,8,False,True,500,-1,elasticnet,sag,"{'C': 8, 'dual': False, 'fit_intercept': True, 'max_iter': 500, 'n_jobs': -1, 'penalty': 'elasticnet', 'solver': 'sag'}",,,,,,,,109,,,,,,,,109,,,,,,,,109,,,,,,,,109,,,,,,,,109,,,,,,,,109,,,,,,,,109,,,,,,,,109,,,,,,,,109
427,0.001909160614013672,0.0005878200005905833,0.0,0.0,8,True,True,500,-1,l2,newton-cholesky,"{'C': 8, 'dual': True, 'fit_intercept': True, 'max_iter': 500, 'n_jobs': -1, 'penalty': 'l2', 'solver': 'newton-cholesky'}",,,,,,,,109,,,,,,,,109,,,,,,,,109,,,,,,,,109,,,,,,,,109,,,,,,,,109,,,,,,,,109,,,,,,,,109,,,,,,,,109
426,0.0024738311767578125,0.003040589703109704,0.0,0.0,8,True,True,500,-1,l2,newton-cg,"{'C': 8, 'dual': True, 'fit_intercept': True, 'max_iter': 500, 'n_jobs': -1, 'penalty': 'l2', 'solver': 'newton-cg'}",,,,,,,,109,,,,,,,,109,,,,,,,,109,,,,,,,,109,,,,,,,,109,,,,,,,,109,,,,,,,,109,,,,,,,,109,,,,,,,,109
425,0.0012038707733154296,0.001031281922732019,0.0,0.0,8,True,True,500,-1,l2,lbfgs,"{'C': 8, 'dual': True, 'fit_intercept': True, 'max_iter': 500, 'n_jobs': -1, 'penalty': 'l2', 'solver': 'lbfgs'}",,,,,,,,109,,,,,,,,109,,,,,,,,109,,,,,,,,109,,,,,,,,109,,,,,,,,109,,,,,,,,109,,,,,,,,109,,,,,,,,109
424,0.003096485137939453,0.0027103520823728152,0.0,0.0,8,True,True,500,-1,l1,saga,"{'C': 8, 'dual': True, 'fit_intercept': True, 'max_iter': 500, 'n_jobs': -1, 'penalty': 'l1', 'solver': 'saga'}",,,,,,,,109,,,,,,,,109,,,,,,,,109,,,,,,,,109,,,,,,,,109,,,,,,,,109,,,,,,,,109,,,,,,,,109,,,,,,,,109
423,0.0018026351928710938,0.0036052703857421876,0.0,0.0,8,True,True,500,-1,l1,sag,"{'C': 8, 'dual': True, 'fit_intercept': True, 'max_iter': 500, 'n_jobs': -1, 'penalty': 'l1', 'solver': 'sag'}",,,,,,,,109,,,,,,,,109,,,,,,,,109,,,,,,,,109,,,,,,,,109,,,,,,,,109,,,,,,,,109,,,,,,,,109,,,,,,,,109
422,0.0035513877868652345,0.004354569354352586,0.0,0.0,8,True,True,500,-1,l1,newton-cholesky,"{'C': 8, 'dual': True, 'fit_intercept': True, 'max_iter': 500, 'n_jobs': -1, 'penalty': 'l1', 'solver': 'newton-cholesky'}",,,,,,,,109,,,,,,,,109,,,,,,,,109,,,,,,,,109,,,,,,,,109,,,,,,,,109,,,,,,,,109,,,,,,,,109,,,,,,,,109
421,0.0027152538299560548,0.0027621201766120426,0.0,0.0,8,True,True,500,-1,l1,newton-cg,"{'C': 8, 'dual': True, 'fit_intercept': True, 'max_iter': 500, 'n_jobs': -1, 'penalty': 'l1', 'solver': 'newton-cg'}",,,,,,,,109,,,,,,,,109,,,,,,,,109,,,,,,,,109,,,,,,,,109,,,,,,,,109,,,,,,,,109,,,,,,,,109,,,,,,,,109
420,0.0028390407562255858,0.002910390719701568,0.0,0.0,8,True,True,500,-1,l1,lbfgs,"{'C': 8, 'dual': True, 'fit_intercept': True, 'max_iter': 500, 'n_jobs': -1, 'penalty': 'l1', 'solver': 'lbfgs'}",,,,,,,,109,,,,,,,,109,,,,,,,,109,,,,,,,,109,,,,,,,,109,,,,,,,,109,,,,,,,,109,,,,,,,,109,,,,,,,,109
419,0.002423810958862305,0.0024167342538276957,0.0,0.0,7,False,False,500,-1,elasticnet,saga,"{'C': 7, 'dual': False, 'fit_intercept': False, 'max_iter': 500, 'n_jobs': -1, 'penalty': 'elasticnet', 'solver': 'saga'}",,,,,,,,109,,,,,,,,109,,,,,,,,109,,,,,,,,109,,,,,,,,109,,,,,,,,109,,,,,,,,109,,,,,,,,109,,,,,,,,109
418,0.002434396743774414,0.002466162191148436,0.0,0.0,7,False,False,500,-1,elasticnet,sag,"{'C': 7, 'dual': False, 'fit_intercept': False, 'max_iter': 500, 'n_jobs': -1, 'penalty': 'elasticnet', 'solver': 'sag'}",,,,,,,,109,,,,,,,,109,,,,,,,,109,,,,,,,,109,,,,,,,,109,,,,,,,,109,,,,,,,,109,,,,,,,,109,,,,,,,,109
417,0.00384669303894043,0.00236215163568601,0.0,0.0,7,False,False,500,-1,elasticnet,newton-cholesky,"{'C': 7, 'dual': False, 'fit_intercept': False, 'max_iter': 500, 'n_jobs': -1, 'penalty': 'elasticnet', 'solver': 'newton-cholesky'}",,,,,,,,109,,,,,,,,109,,,,,,,,109,,,,,,,,109,,,,,,,,109,,,,,,,,109,,,,,,,,109,,,,,,,,109,,,,,,,,109
416,0.002111482620239258,0.003121735489180809,0.0,0.0,7,False,False,500,-1,elasticnet,newton-cg,"{'C': 7, 'dual': False, 'fit_intercept': False, 'max_iter': 500, 'n_jobs': -1, 'penalty': 'elasticnet', 'solver': 'newton-cg'}",,,,,,,,109,,,,,,,,109,,,,,,,,109,,,,,,,,109,,,,,,,,109,,,,,,,,109,,,,,,,,109,,,,,,,,109,,,,,,,,109
415,0.00011582374572753907,0.00020697184826120005,0.0,0.0,7,False,False,500,-1,elasticnet,lbfgs,"{'C': 7, 'dual': False, 'fit_intercept': False, 'max_iter': 500, 'n_jobs': -1, 'penalty': 'elasticnet', 'solver': 'lbfgs'}",,,,,,,,109,,,,,,,,109,,,,,,,,109,,,,,,,,109,,,,,,,,109,,,,,,,,109,,,,,,,,109,,,,,,,,109,,,,,,,,109
301,0.0003180503845214844,0.0006361007690429688,0.0,0.0,6,True,True,500,-1,l1,newton-cg,"{'C': 6, 'dual': True, 'fit_intercept': True, 'max_iter': 500, 'n_jobs': -1, 'penalty': 'l1', 'solver': 'newton-cg'}",,,,,,,,109,,,,,,,,109,,,,,,,,109,,,,,,,,109,,,,,,,,109,,,,,,,,109,,,,,,,,109,,,,,,,,109,,,,,,,,109
408,0.0012053966522216797,0.002410793304443359,0.0,0.0,7,False,False,500,-1,l1,sag,"{'C': 7, 'dual': False, 'fit_intercept': False, 'max_iter': 500, 'n_jobs': -1, 'penalty': 'l1', 'solver': 'sag'}",,,,,,,,109,,,,,,,,109,,,,,,,,109,,,,,,,,109,,,,,,,,109,,,,,,,,109,,,,,,,,109,,,,,,,,109,,,,,,,,109
407,0.0026711463928222657,0.0027507589727633706,0.0,0.0,7,False,False,500,-1,l1,newton-cholesky,"{'C': 7, 'dual': False, 'fit_intercept': False, 'max_iter': 500, 'n_jobs': -1, 'penalty': 'l1', 'solver': 'newton-cholesky'}",,,,,,,,109,,,,,,,,109,,,,,,,,109,,,,,,,,109,,,,,,,,109,,,,,,,,109,,,,,,,,109,,,,,,,,109,,,,,,,,109
406,0.0022096157073974608,0.0027249689984027293,0.0,0.0,7,False,False,500,-1,l1,newton-cg,"{'C': 7, 'dual': False, 'fit_intercept': False, 'max_iter': 500, 'n_jobs': -1, 'penalty': 'l1', 'solver': 'newton-cg'}",,,,,,,,109,,,,,,,,109,,,,,,,,109,,,,,,,,109,,,,,,,,109,,,,,,,,109,,,,,,,,109,,,,,,,,109,,,,,,,,109
405,0.0032590389251708984,0.0027630223844227033,0.0,0.0,7,False,False,500,-1,l1,lbfgs,"{'C': 7, 'dual': False, 'fit_intercept': False, 'max_iter': 500, 'n_jobs': -1, 'penalty': 'l1', 'solver': 'lbfgs'}",,,,,,,,109,,,,,,,,109,,,,,,,,109,,,,,,,,109,,,,,,,,109,,,,,,,,109,,,,,,,,109,,,,,,,,109,,,,,,,,109
404,0.0023351669311523437,0.0014462677479045842,0.0,0.0,7,False,True,500,-1,elasticnet,saga,"{'C': 7, 'dual': False, 'fit_intercept': True, 'max_iter': 500, 'n_jobs': -1, 'penalty': 'elasticnet', 'solver': 'saga'}",,,,,,,,109,,,,,,,,109,,,,,,,,109,,,,,,,,109,,,,,,,,109,,,,,,,,109,,,,,,,,109,,,,,,,,109,,,,,,,,109
403,0.0011132240295410156,0.0022264480590820307,0.0,0.0,7,False,True,500,-1,elasticnet,sag,"{'C': 7, 'dual': False, 'fit_intercept': True, 'max_iter': 500, 'n_jobs': -1, 'penalty': 'elasticnet', 'solver': 'sag'}",,,,,,,,109,,,,,,,,109,,,,,,,,109,,,,,,,,109,,,,,,,,109,,,,,,,,109,,,,,,,,109,,,,,,,,109,,,,,,,,109
402,0.0018267154693603516,0.0016383445665165894,0.0,0.0,7,False,True,500,-1,elasticnet,newton-cholesky,"{'C': 7, 'dual': False, 'fit_intercept': True, 'max_iter': 500, 'n_jobs': -1, 'penalty': 'elasticnet', 'solver': 'newton-cholesky'}",,,,,,,,109,,,,,,,,109,,,,,,,,109,,,,,,,,109,,,,,,,,109,,,,,,,,109,,,,,,,,109,,,,,,,,109,,,,,,,,109
401,0.001418733596801758,0.0015085329612956409,0.0,0.0,7,False,True,500,-1,elasticnet,newton-cg,"{'C': 7, 'dual': False, 'fit_intercept': True, 'max_iter': 500, 'n_jobs': -1, 'penalty': 'elasticnet', 'solver': 'newton-cg'}",,,,,,,,109,,,,,,,,109,,,,,,,,109,,,,,,,,109,,,,,,,,109,,,,,,,,109,,,,,,,,109,,,,,,,,109,,,,,,,,109
400,0.0009144306182861328,0.0015772731670511185,0.0,0.0,7,False,True,500,-1,elasticnet,lbfgs,"{'C': 7, 'dual': False, 'fit_intercept': True, 'max_iter': 500, 'n_jobs': -1, 'penalty': 'elasticnet', 'solver': 'lbfgs'}",,,,,,,,109,,,,,,,,109,,,,,,,,109,,,,,,,,109,,,,,,,,109,,,,,,,,109,,,,,,,,109,,,,,,,,109,,,,,,,,109
393,0.0021337032318115234,0.0013366283408647553,0.0,0.0,7,False,True,500,-1,l1,sag,"{'C': 7, 'dual': False, 'fit_intercept': True, 'max_iter': 500, 'n_jobs': -1, 'penalty': 'l1', 'solver': 'sag'}",,,,,,,,109,,,,,,,,109,,,,,,,,109,,,,,,,,109,,,,,,,,109,,,,,,,,109,,,,,,,,109,,,,,,,,109,,,,,,,,109
392,0.001327657699584961,0.000759379853824462,0.0,0.0,7,False,True,500,-1,l1,newton-cholesky,"{'C': 7, 'dual': False, 'fit_intercept': True, 'max_iter': 500, 'n_jobs': -1, 'penalty': 'l1', 'solver': 'newton-cholesky'}",,,,,,,,109,,,,,,,,109,,,,,,,,109,,,,,,,,109,,,,,,,,109,,,,,,,,109,,,,,,,,109,,,,,,,,109,,,,,,,,109
428,0.0032377719879150392,0.0037295137951044027,0.0,0.0,8,True,True,500,-1,l2,sag,"{'C': 8, 'dual': True, 'fit_intercept': True, 'max_iter': 500, 'n_jobs': -1, 'penalty': 'l2', 'solver': 'sag'}",,,,,,,,109,,,,,,,,109,,,,,,,,109,,,,,,,,109,,,,,,,,109,,,,,,,,109,,,,,,,,109,,,,,,,,109,,,,,,,,109
390,0.0019154548645019531,0.0027440225369544788,0.0,0.0,7,False,True,500,-1,l1,lbfgs,"{'C': 7, 'dual': False, 'fit_intercept': True, 'max_iter': 500, 'n_jobs': -1, 'penalty': 'l1', 'solver': 'lbfgs'}",,,,,,,,109,,,,,,,,109,,,,,,,,109,,,,,,,,109,,,,,,,,109,,,,,,,,109,,,,,,,,109,,,,,,,,109,,,,,,,,109
429,0.0008224964141845704,0.0010602594295153662,0.0,0.0,8,True,True,500,-1,l2,saga,"{'C': 8, 'dual': True, 'fit_intercept': True, 'max_iter': 500, 'n_jobs': -1, 'penalty': 'l2', 'solver': 'saga'}",,,,,,,,109,,,,,,,,109,,,,,,,,109,,,,,,,,109,,,,,,,,109,,,,,,,,109,,,,,,,,109,,,,,,,,109,,,,,,,,109
431,0.001420307159423828,0.0019761111801750012,0.0,0.0,8,True,True,500,-1,elasticnet,newton-cg,"{'C': 8, 'dual': True, 'fit_intercept': True, 'max_iter': 500, 'n_jobs': -1, 'penalty': 'elasticnet', 'solver': 'newton-cg'}",,,,,,,,109,,,,,,,,109,,,,,,,,109,,,,,,,,109,,,,,,,,109,,,,,,,,109,,,,,,,,109,,,,,,,,109,,,,,,,,109
462,0.002085113525390625,0.0004329144291185658,0.0,0.0,8,False,True,500,-1,elasticnet,newton-cholesky,"{'C': 8, 'dual': False, 'fit_intercept': True, 'max_iter': 500, 'n_jobs': -1, 'penalty': 'elasticnet', 'solver': 'newton-cholesky'}",,,,,,,,109,,,,,,,,109,,,,,,,,109,,,,,,,,109,,,,,,,,109,,,,,,,,109,,,,,,,,109,,,,,,,,109,,,,,,,,109
461,0.0018342018127441406,0.000251167354532749,0.0,0.0,8,False,True,500,-1,elasticnet,newton-cg,"{'C': 8, 'dual': False, 'fit_intercept': True, 'max_iter': 500, 'n_jobs': -1, 'penalty': 'elasticnet', 'solver': 'newton-cg'}",,,,,,,,109,,,,,,,,109,,,,,,,,109,,,,,,,,109,,,,,,,,109,,,,,,,,109,,,,,,,,109,,,,,,,,109,,,,,,,,109
460,0.0016262531280517578,0.0007793499655200636,0.0,0.0,8,False,True,500,-1,elasticnet,lbfgs,"{'C': 8, 'dual': False, 'fit_intercept': True, 'max_iter': 500, 'n_jobs': -1, 'penalty': 'elasticnet', 'solver': 'lbfgs'}",,,,,,,,109,,,,,,,,109,,,,,,,,109,,,,,,,,109,,,,,,,,109,,,,,,,,109,,,,,,,,109,,,,,,,,109,,,,,,,,109
453,0.0015080928802490234,0.0030161857604980467,0.0,0.0,8,False,True,500,-1,l1,sag,"{'C': 8, 'dual': False, 'fit_intercept': True, 'max_iter': 500, 'n_jobs': -1, 'penalty': 'l1', 'solver': 'sag'}",,,,,,,,109,,,,,,,,109,,,,,,,,109,,,,,,,,109,,,,,,,,109,,,,,,,,109,,,,,,,,109,,,,,,,,109,,,,,,,,109
452,0.0006182670593261718,0.0012365341186523437,0.0,0.0,8,False,True,500,-1,l1,newton-cholesky,"{'C': 8, 'dual': False, 'fit_intercept': True, 'max_iter': 500, 'n_jobs': -1, 'penalty': 'l1', 'solver': 'newton-cholesky'}",,,,,,,,109,,,,,,,,109,,,,,,,,109,,,,,,,,109,,,,,,,,109,,,,,,,,109,,,,,,,,109,,,,,,,,109,,,,,,,,109
451,0.0027480125427246094,0.00231094387605583,0.0,0.0,8,False,True,500,-1,l1,newton-cg,"{'C': 8, 'dual': False, 'fit_intercept': True, 'max_iter': 500, 'n_jobs': -1, 'penalty': 'l1', 'solver': 'newton-cg'}",,,,,,,,109,,,,,,,,109,,,,,,,,109,,,,,,,,109,,,,,,,,109,,,,,,,,109,,,,,,,,109,,,,,,,,109,,,,,,,,109
450,0.005931949615478516,0.008786640050447332,0.0,0.0,8,False,True,500,-1,l1,lbfgs,"{'C': 8, 'dual': False, 'fit_intercept': True, 'max_iter': 500, 'n_jobs': -1, 'penalty': 'l1', 'solver': 'lbfgs'}",,,,,,,,109,,,,,,,,109,,,,,,,,109,,,,,,,,109,,,,,,,,109,,,,,,,,109,,,,,,,,109,,,,,,,,109,,,,,,,,109
449,0.0009065628051757813,0.0018131256103515625,0.0,0.0,8,True,False,500,-1,elasticnet,saga,"{'C': 8, 'dual': True, 'fit_intercept': False, 'max_iter': 500, 'n_jobs': -1, 'penalty': 'elasticnet', 'solver': 'saga'}",,,,,,,,109,,,,,,,,109,,,,,,,,109,,,,,,,,109,,,,,,,,109,,,,,,,,109,,,,,,,,109,,,,,,,,109,,,,,,,,109
448,0.004118967056274414,0.0038011710817738653,0.0,0.0,8,True,False,500,-1,elasticnet,sag,"{'C': 8, 'dual': True, 'fit_intercept': False, 'max_iter': 500, 'n_jobs': -1, 'penalty': 'elasticnet', 'solver': 'sag'}",,,,,,,,109,,,,,,,,109,,,,,,,,109,,,,,,,,109,,,,,,,,109,,,,,,,,109,,,,,,,,109,,,,,,,,109,,,,,,,,109
447,0.0036457538604736327,0.006082720590710062,0.0,0.0,8,True,False,500,-1,elasticnet,newton-cholesky,"{'C': 8, 'dual': True, 'fit_intercept': False, 'max_iter': 500, 'n_jobs': -1, 'penalty': 'elasticnet', 'solver': 'newton-cholesky'}",,,,,,,,109,,,,,,,,109,,,,,,,,109,,,,,,,,109,,,,,,,,109,,,,,,,,109,,,,,,,,109,,,,,,,,109,,,,,,,,109
446,0.005021858215332031,0.0061505442044964605,0.0,0.0,8,True,False,500,-1,elasticnet,newton-cg,"{'C': 8, 'dual': True, 'fit_intercept': False, 'max_iter': 500, 'n_jobs': -1, 'penalty': 'elasticnet', 'solver': 'newton-cg'}",,,,,,,,109,,,,,,,,109,,,,,,,,109,,,,,,,,109,,,,,,,,109,,,,,,,,109,,,,,,,,109,,,,,,,,109,,,,,,,,109
445,0.0022218704223632814,0.0027968818677320275,0.0,0.0,8,True,False,500,-1,elasticnet,lbfgs,"{'C': 8, 'dual': True, 'fit_intercept': False, 'max_iter': 500, 'n_jobs': -1, 'penalty': 'elasticnet', 'solver': 'lbfgs'}",,,,,,,,109,,,,,,,,109,,,,,,,,109,,,,,,,,109,,,,,,,,109,,,,,,,,109,,,,,,,,109,,,,,,,,109,,,,,,,,109
444,0.004352664947509766,0.005817554062954586,0.0,0.0,8,True,False,500,-1,l2,saga,"{'C': 8, 'dual': True, 'fit_intercept': False, 'max_iter': 500, 'n_jobs': -1, 'penalty': 'l2', 'solver': 'saga'}",,,,,,,,109,,,,,,,,109,,,,,,,,109,,,,,,,,109,,,,,,,,109,,,,,,,,109,,,,,,,,109,,,,,,,,109,,,,,,,,109
443,0.005021858215332031,0.004996897932778336,0.0,0.0,8,True,False,500,-1,l2,sag,"{'C': 8, 'dual': True, 'fit_intercept': False, 'max_iter': 500, 'n_jobs': -1, 'penalty': 'l2', 'solver': 'sag'}",,,,,,,,109,,,,,,,,109,,,,,,,,109,,,,,,,,109,,,,,,,,109,,,,,,,,109,,,,,,,,109,,,,,,,,109,,,,,,,,109
442,0.0015175342559814453,0.0020126502607244515,0.0,0.0,8,True,False,500,-1,l2,newton-cholesky,"{'C': 8, 'dual': True, 'fit_intercept': False, 'max_iter': 500, 'n_jobs': -1, 'penalty': 'l2', 'solver': 'newton-cholesky'}",,,,,,,,109,,,,,,,,109,,,,,,,,109,,,,,,,,109,,,,,,,,109,,,,,,,,109,,,,,,,,109,,,,,,,,109,,,,,,,,109
441,0.0007069110870361328,0.0014138221740722656,0.0,0.0,8,True,False,500,-1,l2,newton-cg,"{'C': 8, 'dual': True, 'fit_intercept': False, 'max_iter': 500, 'n_jobs': -1, 'penalty': 'l2', 'solver': 'newton-cg'}",,,,,,,,109,,,,,,,,109,,,,,,,,109,,,,,,,,109,,,,,,,,109,,,,,,,,109,,,,,,,,109,,,,,,,,109,,,,,,,,109
440,0.0017132282257080079,0.0022425049407291905,0.0,0.0,8,True,False,500,-1,l2,lbfgs,"{'C': 8, 'dual': True, 'fit_intercept': False, 'max_iter': 500, 'n_jobs': -1, 'penalty': 'l2', 'solver': 'lbfgs'}",,,,,,,,109,,,,,,,,109,,,,,,,,109,,,,,,,,109,,,,,,,,109,,,,,,,,109,,,,,,,,109,,,,,,,,109,,,,,,,,109
439,0.0005041122436523438,0.0010082244873046875,0.0,0.0,8,True,False,500,-1,l1,saga,"{'C': 8, 'dual': True, 'fit_intercept': False, 'max_iter': 500, 'n_jobs': -1, 'penalty': 'l1', 'solver': 'saga'}",,,,,,,,109,,,,,,,,109,,,,,,,,109,,,,,,,,109,,,,,,,,109,,,,,,,,109,,,,,,,,109,,,,,,,,109,,,,,,,,109
438,0.002023601531982422,0.0031272647342966654,0.0,0.0,8,True,False,500,-1,l1,sag,"{'C': 8, 'dual': True, 'fit_intercept': False, 'max_iter': 500, 'n_jobs': -1, 'penalty': 'l1', 'solver': 'sag'}",,,,,,,,109,,,,,,,,109,,,,,,,,109,,,,,,,,109,,,,,,,,109,,,,,,,,109,,,,,,,,109,,,,,,,,109,,,,,,,,109
437,0.0027220726013183595,0.003121073510334272,0.0,0.0,8,True,False,500,-1,l1,newton-cholesky,"{'C': 8, 'dual': True, 'fit_intercept': False, 'max_iter': 500, 'n_jobs': -1, 'penalty': 'l1', 'solver': 'newton-cholesky'}",,,,,,,,109,,,,,,,,109,,,,,,,,109,,,,,,,,109,,,,,,,,109,,,,,,,,109,,,,,,,,109,,,,,,,,109,,,,,,,,109
436,0.0024214267730712892,0.0032293443931352807,0.0,0.0,8,True,False,500,-1,l1,newton-cg,"{'C': 8, 'dual': True, 'fit_intercept': False, 'max_iter': 500, 'n_jobs': -1, 'penalty': 'l1', 'solver': 'newton-cg'}",,,,,,,,109,,,,,,,,109,,,,,,,,109,,,,,,,,109,,,,,,,,109,,,,,,,,109,,,,,,,,109,,,,,,,,109,,,,,,,,109
435,0.002505207061767578,0.004100460816409276,0.0,0.0,8,True,False,500,-1,l1,lbfgs,"{'C': 8, 'dual': True, 'fit_intercept': False, 'max_iter': 500, 'n_jobs': -1, 'penalty': 'l1', 'solver': 'lbfgs'}",,,,,,,,109,,,,,,,,109,,,,,,,,109,,,,,,,,109,,,,,,,,109,,,,,,,,109,,,,,,,,109,,,,,,,,109,,,,,,,,109
434,0.0011091232299804688,0.0019644363425597427,0.0,0.0,8,True,True,500,-1,elasticnet,saga,"{'C': 8, 'dual': True, 'fit_intercept': True, 'max_iter': 500, 'n_jobs': -1, 'penalty': 'elasticnet', 'solver': 'saga'}",,,,,,,,109,,,,,,,,109,,,,,,,,109,,,,,,,,109,,,,,,,,109,,,,,,,,109,,,,,,,,109,,,,,,,,109,,,,,,,,109
433,0.0025133132934570313,0.003178072399609338,0.0,0.0,8,True,True,500,-1,elasticnet,sag,"{'C': 8, 'dual': True, 'fit_intercept': True, 'max_iter': 500, 'n_jobs': -1, 'penalty': 'elasticnet', 'solver': 'sag'}",,,,,,,,109,,,,,,,,109,,,,,,,,109,,,,,,,,109,,,,,,,,109,,,,,,,,109,,,,,,,,109,,,,,,,,109,,,,,,,,109
432,0.002274894714355469,0.003938183492893743,0.0,0.0,8,True,True,500,-1,elasticnet,newton-cholesky,"{'C': 8, 'dual': True, 'fit_intercept': True, 'max_iter': 500, 'n_jobs': -1, 'penalty': 'elasticnet', 'solver': 'newton-cholesky'}",,,,,,,,109,,,,,,,,109,,,,,,,,109,,,,,,,,109,,,,,,,,109,,,,,,,,109,,,,,,,,109,,,,,,,,109,,,,,,,,109
430,0.0023851394653320312,0.004156994736980805,0.0,0.0,8,True,True,500,-1,elasticnet,lbfgs,"{'C': 8, 'dual': True, 'fit_intercept': True, 'max_iter': 500, 'n_jobs': -1, 'penalty': 'elasticnet', 'solver': 'lbfgs'}",,,,,,,,109,,,,,,,,109,,,,,,,,109,,,,,,,,109,,,,,,,,109,,,,,,,,109,,,,,,,,109,,,,,,,,109,,,,,,,,109
300,0.0005082130432128906,0.0010164260864257812,0.0,0.0,6,True,True,500,-1,l1,lbfgs,"{'C': 6, 'dual': True, 'fit_intercept': True, 'max_iter': 500, 'n_jobs': -1, 'penalty': 'l1', 'solver': 'lbfgs'}",,,,,,,,109,,,,,,,,109,,,,,,,,109,,,,,,,,109,,,,,,,,109,,,,,,,,109,,,,,,,,109,,,,,,,,109,,,,,,,,109
269,0.002027463912963867,0.0024994011599673853,0.0,0.0,5,True,False,500,-1,elasticnet,saga,"{'C': 5, 'dual': True, 'fit_intercept': False, 'max_iter': 500, 'n_jobs': -1, 'penalty': 'elasticnet', 'solver': 'saga'}",,,,,,,,109,,,,,,,,109,,,,,,,,109,,,,,,,,109,,,,,,,,109,,,,,,,,109,,,,,,,,109,,,,,,,,109,,,,,,,,109
298,0.002843904495239258,0.0019785335511830326,0.0,0.0,5,False,False,500,-1,elasticnet,sag,"{'C': 5, 'dual': False, 'fit_intercept': False, 'max_iter': 500, 'n_jobs': -1, 'penalty': 'elasticnet', 'solver': 'sag'}",,,,,,,,109,,,,,,,,109,,,,,,,,109,,,,,,,,109,,,,,,,,109,,,,,,,,109,,,,,,,,109,,,,,,,,109,,,,,,,,109
104,0.0037018299102783204,0.003595020027148127,0.0,0.0,2,False,True,500,-1,elasticnet,saga,"{'C': 2, 'dual': False, 'fit_intercept': True, 'max_iter': 500, 'n_jobs': -1, 'penalty': 'elasticnet', 'solver': 'saga'}",,,,,,,,109,,,,,,,,109,,,,,,,,109,,,,,,,,109,,,,,,,,109,,,,,,,,109,,,,,,,,109,,,,,,,,109,,,,,,,,109
103,0.0029760360717773437,0.0024732071775933656,0.0,0.0,2,False,True,500,-1,elasticnet,sag,"{'C': 2, 'dual': False, 'fit_intercept': True, 'max_iter': 500, 'n_jobs': -1, 'penalty': 'elasticnet', 'solver': 'sag'}",,,,,,,,109,,,,,,,,109,,,,,,,,109,,,,,,,,109,,,,,,,,109,,,,,,,,109,,,,,,,,109,,,,,,,,109,,,,,,,,109
102,0.001768350601196289,0.0017653820725034425,0.0,0.0,2,False,True,500,-1,elasticnet,newton-cholesky,"{'C': 2, 'dual': False, 'fit_intercept': True, 'max_iter': 500, 'n_jobs': -1, 'penalty': 'elasticnet', 'solver': 'newton-cholesky'}",,,,,,,,109,,,,,,,,109,,,,,,,,109,,,,,,,,109,,,,,,,,109,,,,,,,,109,,,,,,,,109,,,,,,,,109,,,,,,,,109
101,0.0027461528778076174,0.0019660890726793706,0.0,0.0,2,False,True,500,-1,elasticnet,newton-cg,"{'C': 2, 'dual': False, 'fit_intercept': True, 'max_iter': 500, 'n_jobs': -1, 'penalty': 'elasticnet', 'solver': 'newton-cg'}",,,,,,,,109,,,,,,,,109,,,,,,,,109,,,,,,,,109,,,,,,,,109,,,,,,,,109,,,,,,,,109,,,,,,,,109,,,,,,,,109
100,0.002520847320556641,0.0022047376978741743,0.0,0.0,2,False,True,500,-1,elasticnet,lbfgs,"{'C': 2, 'dual': False, 'fit_intercept': True, 'max_iter': 500, 'n_jobs': -1, 'penalty': 'elasticnet', 'solver': 'lbfgs'}",,,,,,,,109,,,,,,,,109,,,,,,,,109,,,,,,,,109,,,,,,,,109,,,,,,,,109,,,,,,,,109,,,,,,,,109,,,,,,,,109
93,0.0020809173583984375,0.00020918118416602384,0.0,0.0,2,False,True,500,-1,l1,sag,"{'C': 2, 'dual': False, 'fit_intercept': True, 'max_iter': 500, 'n_jobs': -1, 'penalty': 'l1', 'solver': 'sag'}",,,,,,,,109,,,,,,,,109,,,,,,,,109,,,,,,,,109,,,,,,,,109,,,,,,,,109,,,,,,,,109,,,,,,,,109,,,,,,,,109
92,0.0022258758544921875,0.004451751708984375,0.0,0.0,2,False,True,500,-1,l1,newton-cholesky,"{'C': 2, 'dual': False, 'fit_intercept': True, 'max_iter': 500, 'n_jobs': -1, 'penalty': 'l1', 'solver': 'newton-cholesky'}",,,,,,,,109,,,,,,,,109,,,,,,,,109,,,,,,,,109,,,,,,,,109,,,,,,,,109,,,,,,,,109,,,,,,,,109,,,,,,,,109
91,0.0,0.0,0.0,0.0,2,False,True,500,-1,l1,newton-cg,"{'C': 2, 'dual': False, 'fit_intercept': True, 'max_iter': 500, 'n_jobs': -1, 'penalty': 'l1', 'solver': 'newton-cg'}",,,,,,,,109,,,,,,,,109,,,,,,,,109,,,,,,,,109,,,,,,,,109,,,,,,,,109,,,,,,,,109,,,,,,,,109,,,,,,,,109
90,0.0022837638854980467,0.0028533710251584265,0.0,0.0,2,False,True,500,-1,l1,lbfgs,"{'C': 2, 'dual': False, 'fit_intercept': True, 'max_iter': 500, 'n_jobs': -1, 'penalty': 'l1', 'solver': 'lbfgs'}",,,,,,,,109,,,,,,,,109,,,,,,,,109,,,,,,,,109,,,,,,,,109,,,,,,,,109,,,,,,,,109,,,,,,,,109,,,,,,,,109
89,0.003131246566772461,0.004098743310205649,0.0,0.0,2,True,False,500,-1,elasticnet,saga,"{'C': 2, 'dual': True, 'fit_intercept': False, 'max_iter': 500, 'n_jobs': -1, 'penalty': 'elasticnet', 'solver': 'saga'}",,,,,,,,109,,,,,,,,109,,,,,,,,109,,,,,,,,109,,,,,,,,109,,,,,,,,109,,,,,,,,109,,,,,,,,109,,,,,,,,109
88,0.0020209312438964843,0.0024927257496988914,0.0,0.0,2,True,False,500,-1,elasticnet,sag,"{'C': 2, 'dual': True, 'fit_intercept': False, 'max_iter': 500, 'n_jobs': -1, 'penalty': 'elasticnet', 'solver': 'sag'}",,,,,,,,109,,,,,,,,109,,,,,,,,109,,,,,,,,109,,,,,,,,109,,,,,,,,109,,,,,,,,109,,,,,,,,109,,,,,,,,109
87,0.002184343338012695,0.00026974073241077203,0.0,0.0,2,True,False,500,-1,elasticnet,newton-cholesky,"{'C': 2, 'dual': True, 'fit_intercept': False, 'max_iter': 500, 'n_jobs': -1, 'penalty': 'elasticnet', 'solver': 'newton-cholesky'}",,,,,,,,109,,,,,,,,109,,,,,,,,109,,,,,,,,109,,,,,,,,109,,,,,,,,109,,,,,,,,109,,,,,,,,109,,,,,,,,109
105,0.0032453060150146483,0.0028151704413176357,0.0,0.0,2,False,False,500,-1,l1,lbfgs,"{'C': 2, 'dual': False, 'fit_intercept': False, 'max_iter': 500, 'n_jobs': -1, 'penalty': 'l1', 'solver': 'lbfgs'}",,,,,,,,109,,,,,,,,109,,,,,,,,109,,,,,,,,109,,,,,,,,109,,,,,,,,109,,,,,,,,109,,,,,,,,109,,,,,,,,109
86,0.002025127410888672,0.0024986228870042294,0.0,0.0,2,True,False,500,-1,elasticnet,newton-cg,"{'C': 2, 'dual': True, 'fit_intercept': False, 'max_iter': 500, 'n_jobs': -1, 'penalty': 'elasticnet', 'solver': 'newton-cg'}",,,,,,,,109,,,,,,,,109,,,,,,,,109,,,,,,,,109,,,,,,,,109,,,,,,,,109,,,,,,,,109,,,,,,,,109,,,,,,,,109
84,0.0026626110076904295,0.0005513035120896183,0.0,0.0,2,True,False,500,-1,l2,saga,"{'C': 2, 'dual': True, 'fit_intercept': False, 'max_iter': 500, 'n_jobs': -1, 'penalty': 'l2', 'solver': 'saga'}",,,,,,,,109,,,,,,,,109,,,,,,,,109,,,,,,,,109,,,,,,,,109,,,,,,,,109,,,,,,,,109,,,,,,,,109,,,,,,,,109
83,0.0011096000671386719,0.0014414944160483626,0.0,0.0,2,True,False,500,-1,l2,sag,"{'C': 2, 'dual': True, 'fit_intercept': False, 'max_iter': 500, 'n_jobs': -1, 'penalty': 'l2', 'solver': 'sag'}",,,,,,,,109,,,,,,,,109,,,,,,,,109,,,,,,,,109,,,,,,,,109,,,,,,,,109,,,,,,,,109,,,,,,,,109,,,,,,,,109
82,0.003138446807861328,0.004081328234491304,0.0,0.0,2,True,False,500,-1,l2,newton-cholesky,"{'C': 2, 'dual': True, 'fit_intercept': False, 'max_iter': 500, 'n_jobs': -1, 'penalty': 'l2', 'solver': 'newton-cholesky'}",,,,,,,,109,,,,,,,,109,,,,,,,,109,,,,,,,,109,,,,,,,,109,,,,,,,,109,,,,,,,,109,,,,,,,,109,,,,,,,,109
81,0.0028125286102294923,0.003928664950926941,0.0,0.0,2,True,False,500,-1,l2,newton-cg,"{'C': 2, 'dual': True, 'fit_intercept': False, 'max_iter': 500, 'n_jobs': -1, 'penalty': 'l2', 'solver': 'newton-cg'}",,,,,,,,109,,,,,,,,109,,,,,,,,109,,,,,,,,109,,,,,,,,109,,,,,,,,109,,,,,,,,109,,,,,,,,109,,,,,,,,109
80,0.002082204818725586,0.003970522945146734,0.0,0.0,2,True,False,500,-1,l2,lbfgs,"{'C': 2, 'dual': True, 'fit_intercept': False, 'max_iter': 500, 'n_jobs': -1, 'penalty': 'l2', 'solver': 'lbfgs'}",,,,,,,,109,,,,,,,,109,,,,,,,,109,,,,,,,,109,,,,,,,,109,,,,,,,,109,,,,,,,,109,,,,,,,,109,,,,,,,,109
79,0.0011353492736816406,0.0022706985473632812,0.0,0.0,2,True,False,500,-1,l1,saga,"{'C': 2, 'dual': True, 'fit_intercept': False, 'max_iter': 500, 'n_jobs': -1, 'penalty': 'l1', 'solver': 'saga'}",,,,,,,,109,,,,,,,,109,,,,,,,,109,,,,,,,,109,,,,,,,,109,,,,,,,,109,,,,,,,,109,,,,,,,,109,,,,,,,,109
78,0.0008088588714599609,0.0016177177429199218,0.0,0.0,2,True,False,500,-1,l1,sag,"{'C': 2, 'dual': True, 'fit_intercept': False, 'max_iter': 500, 'n_jobs': -1, 'penalty': 'l1', 'solver': 'sag'}",,,,,,,,109,,,,,,,,109,,,,,,,,109,,,,,,,,109,,,,,,,,109,,,,,,,,109,,,,,,,,109,,,,,,,,109,,,,,,,,109
77,0.0010961055755615234,0.00200121193896522,0.0,0.0,2,True,False,500,-1,l1,newton-cholesky,"{'C': 2, 'dual': True, 'fit_intercept': False, 'max_iter': 500, 'n_jobs': -1, 'penalty': 'l1', 'solver': 'newton-cholesky'}",,,,,,,,109,,,,,,,,109,,,,,,,,109,,,,,,,,109,,,,,,,,109,,,,,,,,109,,,,,,,,109,,,,,,,,109,,,,,,,,109
76,0.0020212650299072264,0.002475625927911183,0.0,0.0,2,True,False,500,-1,l1,newton-cg,"{'C': 2, 'dual': True, 'fit_intercept': False, 'max_iter': 500, 'n_jobs': -1, 'penalty': 'l1', 'solver': 'newton-cg'}",,,,,,,,109,,,,,,,,109,,,,,,,,109,,,,,,,,109,,,,,,,,109,,,,,,,,109,,,,,,,,109,,,,,,,,109,,,,,,,,109
75,0.0010038852691650391,0.0020077705383300783,0.0,0.0,2,True,False,500,-1,l1,lbfgs,"{'C': 2, 'dual': True, 'fit_intercept': False, 'max_iter': 500, 'n_jobs': -1, 'penalty': 'l1', 'solver': 'lbfgs'}",,,,,,,,109,,,,,,,,109,,,,,,,,109,,,,,,,,109,,,,,,,,109,,,,,,,,109,,,,,,,,109,,,,,,,,109,,,,,,,,109
74,0.000824594497680664,0.001649188995361328,0.0,0.0,2,True,True,500,-1,elasticnet,saga,"{'C': 2, 'dual': True, 'fit_intercept': True, 'max_iter': 500, 'n_jobs': -1, 'penalty': 'elasticnet', 'solver': 'saga'}",,,,,,,,109,,,,,,,,109,,,,,,,,109,,,,,,,,109,,,,,,,,109,,,,,,,,109,,,,,,,,109,,,,,,,,109,,,,,,,,109
73,0.002426004409790039,0.0030349509882441846,0.0,0.0,2,True,True,500,-1,elasticnet,sag,"{'C': 2, 'dual': True, 'fit_intercept': True, 'max_iter': 500, 'n_jobs': -1, 'penalty': 'elasticnet', 'solver': 'sag'}",,,,,,,,109,,,,,,,,109,,,,,,,,109,,,,,,,,109,,,,,,,,109,,,,,,,,109,,,,,,,,109,,,,,,,,109,,,,,,,,109
85,0.002075386047363281,0.004150772094726562,0.0,0.0,2,True,False,500,-1,elasticnet,lbfgs,"{'C': 2, 'dual': True, 'fit_intercept': False, 'max_iter': 500, 'n_jobs': -1, 'penalty': 'elasticnet', 'solver': 'lbfgs'}",,,,,,,,109,,,,,,,,109,,,,,,,,109,,,,,,,,109,,,,,,,,109,,,,,,,,109,,,,,,,,109,,,,,,,,109,,,,,,,,109
72,0.0,0.0,0.0,0.0,2,True,True,500,-1,elasticnet,newton-cholesky,"{'C': 2, 'dual': True, 'fit_intercept': True, 'max_iter': 500, 'n_jobs': -1, 'penalty': 'elasticnet', 'solver': 'newton-cholesky'}",,,,,,,,109,,,,,,,,109,,,,,,,,109,,,,,,,,109,,,,,,,,109,,,,,,,,109,,,,,,,,109,,,,,,,,109,,,,,,,,109
106,0.0027565956115722656,0.0019075438101565812,0.0,0.0,2,False,False,500,-1,l1,newton-cg,"{'C': 2, 'dual': False, 'fit_intercept': False, 'max_iter': 500, 'n_jobs': -1, 'penalty': 'l1', 'solver': 'newton-cg'}",,,,,,,,109,,,,,,,,109,,,,,,,,109,,,,,,,,109,,,,,,,,109,,,,,,,,109,,,,,,,,109,,,,,,,,109,,,,,,,,109
108,0.0020986080169677736,0.0013652007761240756,0.0,0.0,2,False,False,500,-1,l1,sag,"{'C': 2, 'dual': False, 'fit_intercept': False, 'max_iter': 500, 'n_jobs': -1, 'penalty': 'l1', 'solver': 'sag'}",,,,,,,,109,,,,,,,,109,,,,,,,,109,,,,,,,,109,,,,,,,,109,,,,,,,,109,,,,,,,,109,,,,,,,,109,,,,,,,,109
140,0.0020845413208007814,0.0018598403444443628,0.0,0.0,3,True,False,500,-1,l2,lbfgs,"{'C': 3, 'dual': True, 'fit_intercept': False, 'max_iter': 500, 'n_jobs': -1, 'penalty': 'l2', 'solver': 'lbfgs'}",,,,,,,,109,,,,,,,,109,,,,,,,,109,,,,,,,,109,,,,,,,,109,,,,,,,,109,,,,,,,,109,,,,,,,,109,,,,,,,,109
139,0.0019161701202392578,0.0033416831261931846,0.0,0.0,3,True,False,500,-1,l1,saga,"{'C': 3, 'dual': True, 'fit_intercept': False, 'max_iter': 500, 'n_jobs': -1, 'penalty': 'l1', 'solver': 'saga'}",,,,,,,,109,,,,,,,,109,,,,,,,,109,,,,,,,,109,,,,,,,,109,,,,,,,,109,,,,,,,,109,,,,,,,,109,,,,,,,,109
138,0.00038595199584960936,0.0007719039916992187,0.0,0.0,3,True,False,500,-1,l1,sag,"{'C': 3, 'dual': True, 'fit_intercept': False, 'max_iter': 500, 'n_jobs': -1, 'penalty': 'l1', 'solver': 'sag'}",,,,,,,,109,,,,,,,,109,,,,,,,,109,,,,,,,,109,,,,,,,,109,,,,,,,,109,,,,,,,,109,,,,,,,,109,,,,,,,,109
137,0.0004116058349609375,0.000823211669921875,0.0,0.0,3,True,False,500,-1,l1,newton-cholesky,"{'C': 3, 'dual': True, 'fit_intercept': False, 'max_iter': 500, 'n_jobs': -1, 'penalty': 'l1', 'solver': 'newton-cholesky'}",,,,,,,,109,,,,,,,,109,,,,,,,,109,,,,,,,,109,,,,,,,,109,,,,,,,,109,,,,,,,,109,,,,,,,,109,,,,,,,,109
136,0.00041074752807617186,0.0008214950561523437,0.0,0.0,3,True,False,500,-1,l1,newton-cg,"{'C': 3, 'dual': True, 'fit_intercept': False, 'max_iter': 500, 'n_jobs': -1, 'penalty': 'l1', 'solver': 'newton-cg'}",,,,,,,,109,,,,,,,,109,,,,,,,,109,,,,,,,,109,,,,,,,,109,,,,,,,,109,,,,,,,,109,,,,,,,,109,,,,,,,,109
135,0.0005321502685546875,0.001064300537109375,0.0,0.0,3,True,False,500,-1,l1,lbfgs,"{'C': 3, 'dual': True, 'fit_intercept': False, 'max_iter': 500, 'n_jobs': -1, 'penalty': 'l1', 'solver': 'lbfgs'}",,,,,,,,109,,,,,,,,109,,,,,,,,109,,,,,,,,109,,,,,,,,109,,,,,,,,109,,,,,,,,109,,,,,,,,109,,,,,,,,109
134,0.0016614913940429688,0.002210326065554783,0.0,0.0,3,True,True,500,-1,elasticnet,saga,"{'C': 3, 'dual': True, 'fit_intercept': True, 'max_iter': 500, 'n_jobs': -1, 'penalty': 'elasticnet', 'solver': 'saga'}",,,,,,,,109,,,,,,,,109,,,,,,,,109,,,,,,,,109,,,,,,,,109,,,,,,,,109,,,,,,,,109,,,,,,,,109,,,,,,,,109
133,0.0018091201782226562,0.002238889853390182,0.0,0.0,3,True,True,500,-1,elasticnet,sag,"{'C': 3, 'dual': True, 'fit_intercept': True, 'max_iter': 500, 'n_jobs': -1, 'penalty': 'elasticnet', 'solver': 'sag'}",,,,,,,,109,,,,,,,,109,,,,,,,,109,,,,,,,,109,,,,,,,,109,,,,,,,,109,,,,,,,,109,,,,,,,,109,,,,,,,,109
132,0.0013376235961914062,0.001483427773890635,0.0,0.0,3,True,True,500,-1,elasticnet,newton-cholesky,"{'C': 3, 'dual': True, 'fit_intercept': True, 'max_iter': 500, 'n_jobs': -1, 'penalty': 'elasticnet', 'solver': 'newton-cholesky'}",,,,,,,,109,,,,,,,,109,,,,,,,,109,,,,,,,,109,,,,,,,,109,,,,,,,,109,,,,,,,,109,,,,,,,,109,,,,,,,,109
131,0.0009148120880126953,0.0008120957070819354,0.0,0.0,3,True,True,500,-1,elasticnet,newton-cg,"{'C': 3, 'dual': True, 'fit_intercept': True, 'max_iter': 500, 'n_jobs': -1, 'penalty': 'elasticnet', 'solver': 'newton-cg'}",,,,,,,,109,,,,,,,,109,,,,,,,,109,,,,,,,,109,,,,,,,,109,,,,,,,,109,,,,,,,,109,,,,,,,,109,,,,,,,,109
130,0.002104043960571289,0.0012856364311530344,0.0,0.0,3,True,True,500,-1,elasticnet,lbfgs,"{'C': 3, 'dual': True, 'fit_intercept': True, 'max_iter': 500, 'n_jobs': -1, 'penalty': 'elasticnet', 'solver': 'lbfgs'}",,,,,,,,109,,,,,,,,109,,,,,,,,109,,,,,,,,109,,,,,,,,109,,,,,,,,109,,,,,,,,109,,,,,,,,109,,,,,,,,109
129,0.0016202449798583985,0.003240489959716797,0.0,0.0,3,True,True,500,-1,l2,saga,"{'C': 3, 'dual': True, 'fit_intercept': True, 'max_iter': 500, 'n_jobs': -1, 'penalty': 'l2', 'solver': 'saga'}",,,,,,,,109,,,,,,,,109,,,,,,,,109,,,,,,,,109,,,,,,,,109,,,,,,,,109,,,,,,,,109,,,,,,,,109,,,,,,,,109
107,0.004337835311889649,0.003962034711996143,0.0,0.0,2,False,False,500,-1,l1,newton-cholesky,"{'C': 2, 'dual': False, 'fit_intercept': False, 'max_iter': 500, 'n_jobs': -1, 'penalty': 'l1', 'solver': 'newton-cholesky'}",,,,,,,,109,,,,,,,,109,,,,,,,,109,,,,,,,,109,,,,,,,,109,,,,,,,,109,,,,,,,,109,,,,,,,,109,,,,,,,,109
128,0.0008159160614013671,0.0010486942322536078,0.0,0.0,3,True,True,500,-1,l2,sag,"{'C': 3, 'dual': True, 'fit_intercept': True, 'max_iter': 500, 'n_jobs': -1, 'penalty': 'l2', 'solver': 'sag'}",,,,,,,,109,,,,,,,,109,,,,,,,,109,,,,,,,,109,,,,,,,,109,,,,,,,,109,,,,,,,,109,,,,,,,,109,,,,,,,,109
126,0.0021378040313720704,0.0019395316539515008,0.0,0.0,3,True,True,500,-1,l2,newton-cg,"{'C': 3, 'dual': True, 'fit_intercept': True, 'max_iter': 500, 'n_jobs': -1, 'penalty': 'l2', 'solver': 'newton-cg'}",,,,,,,,109,,,,,,,,109,,,,,,,,109,,,,,,,,109,,,,,,,,109,,,,,,,,109,,,,,,,,109,,,,,,,,109,,,,,,,,109
125,0.0,0.0,0.0,0.0,3,True,True,500,-1,l2,lbfgs,"{'C': 3, 'dual': True, 'fit_intercept': True, 'max_iter': 500, 'n_jobs': -1, 'penalty': 'l2', 'solver': 'lbfgs'}",,,,,,,,109,,,,,,,,109,,,,,,,,109,,,,,,,,109,,,,,,,,109,,,,,,,,109,,,,,,,,109,,,,,,,,109,,,,,,,,109
124,0.0018713951110839843,0.0020239314303819715,0.0,0.0,3,True,True,500,-1,l1,saga,"{'C': 3, 'dual': True, 'fit_intercept': True, 'max_iter': 500, 'n_jobs': -1, 'penalty': 'l1', 'solver': 'saga'}",,,,,,,,109,,,,,,,,109,,,,,,,,109,,,,,,,,109,,,,,,,,109,,,,,,,,109,,,,,,,,109,,,,,,,,109,,,,,,,,109
123,0.002115821838378906,0.002207945907165195,0.0,0.0,3,True,True,500,-1,l1,sag,"{'C': 3, 'dual': True, 'fit_intercept': True, 'max_iter': 500, 'n_jobs': -1, 'penalty': 'l1', 'solver': 'sag'}",,,,,,,,109,,,,,,,,109,,,,,,,,109,,,,,,,,109,,,,,,,,109,,,,,,,,109,,,,,,,,109,,,,,,,,109,,,,,,,,109
122,0.0027204036712646486,0.002782063177379272,0.0,0.0,3,True,True,500,-1,l1,newton-cholesky,"{'C': 3, 'dual': True, 'fit_intercept': True, 'max_iter': 500, 'n_jobs': -1, 'penalty': 'l1', 'solver': 'newton-cholesky'}",,,,,,,,109,,,,,,,,109,,,,,,,,109,,,,,,,,109,,,,,,,,109,,,,,,,,109,,,,,,,,109,,,,,,,,109,,,,,,,,109
121,0.0012123584747314453,0.0011421361741676724,0.0,0.0,3,True,True,500,-1,l1,newton-cg,"{'C': 3, 'dual': True, 'fit_intercept': True, 'max_iter': 500, 'n_jobs': -1, 'penalty': 'l1', 'solver': 'newton-cg'}",,,,,,,,109,,,,,,,,109,,,,,,,,109,,,,,,,,109,,,,,,,,109,,,,,,,,109,,,,,,,,109,,,,,,,,109,,,,,,,,109
120,0.0011699199676513672,0.0015375601855293938,0.0,0.0,3,True,True,500,-1,l1,lbfgs,"{'C': 3, 'dual': True, 'fit_intercept': True, 'max_iter': 500, 'n_jobs': -1, 'penalty': 'l1', 'solver': 'lbfgs'}",,,,,,,,109,,,,,,,,109,,,,,,,,109,,,,,,,,109,,,,,,,,109,,,,,,,,109,,,,,,,,109,,,,,,,,109,,,,,,,,109
119,0.0003857135772705078,0.0006213252286075191,0.0,0.0,2,False,False,500,-1,elasticnet,saga,"{'C': 2, 'dual': False, 'fit_intercept': False, 'max_iter': 500, 'n_jobs': -1, 'penalty': 'elasticnet', 'solver': 'saga'}",,,,,,,,109,,,,,,,,109,,,,,,,,109,,,,,,,,109,,,,,,,,109,,,,,,,,109,,,,,,,,109,,,,,,,,109,,,,,,,,109
118,0.0023590087890625,0.0033190653590736163,0.0,0.0,2,False,False,500,-1,elasticnet,sag,"{'C': 2, 'dual': False, 'fit_intercept': False, 'max_iter': 500, 'n_jobs': -1, 'penalty': 'elasticnet', 'solver': 'sag'}",,,,,,,,109,,,,,,,,109,,,,,,,,109,,,,,,,,109,,,,,,,,109,,,,,,,,109,,,,,,,,109,,,,,,,,109,,,,,,,,109
117,0.00016627311706542968,0.00021599626408027052,0.0,0.0,2,False,False,500,-1,elasticnet,newton-cholesky,"{'C': 2, 'dual': False, 'fit_intercept': False, 'max_iter': 500, 'n_jobs': -1, 'penalty': 'elasticnet', 'solver': 'newton-cholesky'}",,,,,,,,109,,,,,,,,109,,,,,,,,109,,,,,,,,109,,,,,,,,109,,,,,,,,109,,,,,,,,109,,,,,,,,109,,,,,,,,109
116,0.0029105663299560545,0.0024078893074105773,0.0,0.0,2,False,False,500,-1,elasticnet,newton-cg,"{'C': 2, 'dual': False, 'fit_intercept': False, 'max_iter': 500, 'n_jobs': -1, 'penalty': 'elasticnet', 'solver': 'newton-cg'}",,,,,,,,109,,,,,,,,109,,,,,,,,109,,,,,,,,109,,,,,,,,109,,,,,,,,109,,,,,,,,109,,,,,,,,109,,,,,,,,109
115,0.0022257328033447265,0.0027275914132927634,0.0,0.0,2,False,False,500,-1,elasticnet,lbfgs,"{'C': 2, 'dual': False, 'fit_intercept': False, 'max_iter': 500, 'n_jobs': -1, 'penalty': 'elasticnet', 'solver': 'lbfgs'}",,,,,,,,109,,,,,,,,109,,,,,,,,109,,,,,,,,109,,,,,,,,109,,,,,,,,109,,,,,,,,109,,,,,,,,109,,,,,,,,109
127,0.001163148880004883,0.0010144554780241717,0.0,0.0,3,True,True,500,-1,l2,newton-cholesky,"{'C': 3, 'dual': True, 'fit_intercept': True, 'max_iter': 500, 'n_jobs': -1, 'penalty': 'l2', 'solver': 'newton-cholesky'}",,,,,,,,109,,,,,,,,109,,,,,,,,109,,,,,,,,109,,,,,,,,109,,,,,,,,109,,,,,,,,109,,,,,,,,109,,,,,,,,109
141,0.003430747985839844,0.0030553311073714326,0.0,0.0,3,True,False,500,-1,l2,newton-cg,"{'C': 3, 'dual': True, 'fit_intercept': False, 'max_iter': 500, 'n_jobs': -1, 'penalty': 'l2', 'solver': 'newton-cg'}",,,,,,,,109,,,,,,,,109,,,,,,,,109,,,,,,,,109,,,,,,,,109,,,,,,,,109,,,,,,,,109,,,,,,,,109,,,,,,,,109
71,0.0002033233642578125,0.000406646728515625,0.0,0.0,2,True,True,500,-1,elasticnet,newton-cg,"{'C': 2, 'dual': True, 'fit_intercept': True, 'max_iter': 500, 'n_jobs': -1, 'penalty': 'elasticnet', 'solver': 'newton-cg'}",,,,,,,,109,,,,,,,,109,,,,,,,,109,,,,,,,,109,,,,,,,,109,,,,,,,,109,,,,,,,,109,,,,,,,,109,,,,,,,,109
69,0.002029895782470703,0.0027803829282953348,0.0,0.0,2,True,True,500,-1,l2,saga,"{'C': 2, 'dual': True, 'fit_intercept': True, 'max_iter': 500, 'n_jobs': -1, 'penalty': 'l2', 'solver': 'saga'}",,,,,,,,109,,,,,,,,109,,,,,,,,109,,,,,,,,109,,,,,,,,109,,,,,,,,109,,,,,,,,109,,,,,,,,109,,,,,,,,109
26,0.0,0.0,0.0,0.0,1,True,False,500,-1,elasticnet,newton-cg,"{'C': 1, 'dual': True, 'fit_intercept': False, 'max_iter': 500, 'n_jobs': -1, 'penalty': 'elasticnet', 'solver': 'newton-cg'}",,,,,,,,109,,,,,,,,109,,,,,,,,109,,,,,,,,109,,,,,,,,109,,,,,,,,109,,,,,,,,109,,,,,,,,109,,,,,,,,109
25,0.006251335144042969,0.0076562906570166265,0.0,0.0,1,True,False,500,-1,elasticnet,lbfgs,"{'C': 1, 'dual': True, 'fit_intercept': False, 'max_iter': 500, 'n_jobs': -1, 'penalty': 'elasticnet', 'solver': 'lbfgs'}",,,,,,,,109,,,,,,,,109,,,,,,,,109,,,,,,,,109,,,,,,,,109,,,,,,,,109,,,,,,,,109,,,,,,,,109,,,,,,,,109
24,0.0,0.0,0.0,0.0,1,True,False,500,-1,l2,saga,"{'C': 1, 'dual': True, 'fit_intercept': False, 'max_iter': 500, 'n_jobs': -1, 'penalty': 'l2', 'solver': 'saga'}",,,,,,,,109,,,,,,,,109,,,,,,,,109,,,,,,,,109,,,,,,,,109,,,,,,,,109,,,,,,,,109,,,,,,,,109,,,,,,,,109
23,0.00040354728698730467,0.0008070945739746093,0.0,0.0,1,True,False,500,-1,l2,sag,"{'C': 1, 'dual': True, 'fit_intercept': False, 'max_iter': 500, 'n_jobs': -1, 'penalty': 'l2', 'solver': 'sag'}",,,,,,,,109,,,,,,,,109,,,,,,,,109,,,,,,,,109,,,,,,,,109,,,,,,,,109,,,,,,,,109,,,,,,,,109,,,,,,,,109
22,0.0026595592498779297,0.0037550671349523435,0.0,0.0,1,True,False,500,-1,l2,newton-cholesky,"{'C': 1, 'dual': True, 'fit_intercept': False, 'max_iter': 500, 'n_jobs': -1, 'penalty': 'l2', 'solver': 'newton-cholesky'}",,,,,,,,109,,,,,,,,109,,,,,,,,109,,,,,,,,109,,,,,,,,109,,,,,,,,109,,,,,,,,109,,,,,,,,109,,,,,,,,109
21,0.002389812469482422,0.002947868688537411,0.0,0.0,1,True,False,500,-1,l2,newton-cg,"{'C': 1, 'dual': True, 'fit_intercept': False, 'max_iter': 500, 'n_jobs': -1, 'penalty': 'l2', 'solver': 'newton-cg'}",,,,,,,,109,,,,,,,,109,,,,,,,,109,,,,,,,,109,,,,,,,,109,,,,,,,,109,,,,,,,,109,,,,,,,,109,,,,,,,,109
20,0.0019866466522216798,0.0031051014705371113,0.0,0.0,1,True,False,500,-1,l2,lbfgs,"{'C': 1, 'dual': True, 'fit_intercept': False, 'max_iter': 500, 'n_jobs': -1, 'penalty': 'l2', 'solver': 'lbfgs'}",,,,,,,,109,,,,,,,,109,,,,,,,,109,,,,,,,,109,,,,,,,,109,,,,,,,,109,,,,,,,,109,,,,,,,,109,,,,,,,,109
19,0.0,0.0,0.0,0.0,1,True,False,500,-1,l1,saga,"{'C': 1, 'dual': True, 'fit_intercept': False, 'max_iter': 500, 'n_jobs': -1, 'penalty': 'l1', 'solver': 'saga'}",,,,,,,,109,,,,,,,,109,,,,,,,,109,,,,,,,,109,,,,,,,,109,,,,,,,,109,,,,,,,,109,,,,,,,,109,,,,,,,,109
18,0.006203937530517578,0.00583519603910766,0.0,0.0,1,True,False,500,-1,l1,sag,"{'C': 1, 'dual': True, 'fit_intercept': False, 'max_iter': 500, 'n_jobs': -1, 'penalty': 'l1', 'solver': 'sag'}",,,,,,,,109,,,,,,,,109,,,,,,,,109,,,,,,,,109,,,,,,,,109,,,,,,,,109,,,,,,,,109,,,,,,,,109,,,,,,,,109
17,0.0031256675720214844,0.006251335144042969,0.0,0.0,1,True,False,500,-1,l1,newton-cholesky,"{'C': 1, 'dual': True, 'fit_intercept': False, 'max_iter': 500, 'n_jobs': -1, 'penalty': 'l1', 'solver': 'newton-cholesky'}",,,,,,,,109,,,,,,,,109,,,,,,,,109,,,,,,,,109,,,,,,,,109,,,,,,,,109,,,,,,,,109,,,,,,,,109,,,,,,,,109
16,0.0031289100646972657,0.006257820129394531,0.0,0.0,1,True,False,500,-1,l1,newton-cg,"{'C': 1, 'dual': True, 'fit_intercept': False, 'max_iter': 500, 'n_jobs': -1, 'penalty': 'l1', 'solver': 'newton-cg'}",,,,,,,,109,,,,,,,,109,,,,,,,,109,,,,,,,,109,,,,,,,,109,,,,,,,,109,,,,,,,,109,,,,,,,,109,,,,,,,,109
15,0.0,0.0,0.0,0.0,1,True,False,500,-1,l1,lbfgs,"{'C': 1, 'dual': True, 'fit_intercept': False, 'max_iter': 500, 'n_jobs': -1, 'penalty': 'l1', 'solver': 'lbfgs'}",,,,,,,,109,,,,,,,,109,,,,,,,,109,,,,,,,,109,,,,,,,,109,,,,,,,,109,,,,,,,,109,,,,,,,,109,,,,,,,,109
27,0.0,0.0,0.0,0.0,1,True,False,500,-1,elasticnet,newton-cholesky,"{'C': 1, 'dual': True, 'fit_intercept': False, 'max_iter': 500, 'n_jobs': -1, 'penalty': 'elasticnet', 'solver': 'newton-cholesky'}",,,,,,,,109,,,,,,,,109,,,,,,,,109,,,,,,,,109,,,,,,,,109,,,,,,,,109,,,,,,,,109,,,,,,,,109,,,,,,,,109
14,0.0,0.0,0.0,0.0,1,True,True,500,-1,elasticnet,saga,"{'C': 1, 'dual': True, 'fit_intercept': True, 'max_iter': 500, 'n_jobs': -1, 'penalty': 'elasticnet', 'solver': 'saga'}",,,,,,,,109,,,,,,,,109,,,,,,,,109,,,,,,,,109,,,,,,,,109,,,,,,,,109,,,,,,,,109,,,,,,,,109,,,,,,,,109
12,0.004314851760864258,0.005340794202066518,0.0,0.0,1,True,True,500,-1,elasticnet,newton-cholesky,"{'C': 1, 'dual': True, 'fit_intercept': True, 'max_iter': 500, 'n_jobs': -1, 'penalty': 'elasticnet', 'solver': 'newton-cholesky'}",,,,,,,,109,,,,,,,,109,,,,,,,,109,,,,,,,,109,,,,,,,,109,,,,,,,,109,,,,,,,,109,,,,,,,,109,,,,,,,,109
11,0.0006061553955078125,0.0007423857119145335,0.0,0.0,1,True,True,500,-1,elasticnet,newton-cg,"{'C': 1, 'dual': True, 'fit_intercept': True, 'max_iter': 500, 'n_jobs': -1, 'penalty': 'elasticnet', 'solver': 'newton-cg'}",,,,,,,,109,,,,,,,,109,,,,,,,,109,,,,,,,,109,,,,,,,,109,,,,,,,,109,,,,,,,,109,,,,,,,,109,,,,,,,,109
10,0.00034165382385253906,0.0006833076477050781,0.0,0.0,1,True,True,500,-1,elasticnet,lbfgs,"{'C': 1, 'dual': True, 'fit_intercept': True, 'max_iter': 500, 'n_jobs': -1, 'penalty': 'elasticnet', 'solver': 'lbfgs'}",,,,,,,,109,,,,,,,,109,,,,,,,,109,,,,,,,,109,,,,,,,,109,,,,,,,,109,,,,,,,,109,,,,,,,,109,,,,,,,,109
9,0.0031298160552978515,0.006259632110595704,0.0,0.0,1,True,True,500,-1,l2,saga,"{'C': 1, 'dual': True, 'fit_intercept': True, 'max_iter': 500, 'n_jobs': -1, 'penalty': 'l2', 'solver': 'saga'}",,,,,,,,109,,,,,,,,109,,,,,,,,109,,,,,,,,109,,,,,,,,109,,,,,,,,109,,,,,,,,109,,,,,,,,109,,,,,,,,109
8,0.0005051612854003907,0.0010103225708007811,0.0,0.0,1,True,True,500,-1,l2,sag,"{'C': 1, 'dual': True, 'fit_intercept': True, 'max_iter': 500, 'n_jobs': -1, 'penalty': 'l2', 'solver': 'sag'}",,,,,,,,109,,,,,,,,109,,,,,,,,109,,,,,,,,109,,,,,,,,109,,,,,,,,109,,,,,,,,109,,,,,,,,109,,,,,,,,109
7,0.0026003837585449217,0.0038840402119967843,0.0,0.0,1,True,True,500,-1,l2,newton-cholesky,"{'C': 1, 'dual': True, 'fit_intercept': True, 'max_iter': 500, 'n_jobs': -1, 'penalty': 'l2', 'solver': 'newton-cholesky'}",,,,,,,,109,,,,,,,,109,,,,,,,,109,,,,,,,,109,,,,,,,,109,,,,,,,,109,,,,,,,,109,,,,,,,,109,,,,,,,,109
6,0.0009977340698242188,0.0012616162127454254,0.0,0.0,1,True,True,500,-1,l2,newton-cg,"{'C': 1, 'dual': True, 'fit_intercept': True, 'max_iter': 500, 'n_jobs': -1, 'penalty': 'l2', 'solver': 'newton-cg'}",,,,,,,,109,,,,,,,,109,,,,,,,,109,,,,,,,,109,,,,,,,,109,,,,,,,,109,,,,,,,,109,,,,,,,,109,,,,,,,,109
5,0.0011454105377197265,0.0010579878903638359,0.0,0.0,1,True,True,500,-1,l2,lbfgs,"{'C': 1, 'dual': True, 'fit_intercept': True, 'max_iter': 500, 'n_jobs': -1, 'penalty': 'l2', 'solver': 'lbfgs'}",,,,,,,,109,,,,,,,,109,,,,,,,,109,,,,,,,,109,,,,,,,,109,,,,,,,,109,,,,,,,,109,,,,,,,,109,,,,,,,,109
4,0.0024831295013427734,0.0006169647453372181,0.0,0.0,1,True,True,500,-1,l1,saga,"{'C': 1, 'dual': True, 'fit_intercept': True, 'max_iter': 500, 'n_jobs': -1, 'penalty': 'l1', 'solver': 'saga'}",,,,,,,,109,,,,,,,,109,,,,,,,,109,,,,,,,,109,,,,,,,,109,,,,,,,,109,,,,,,,,109,,,,,,,,109,,,,,,,,109
3,0.002707815170288086,0.0009920723258116534,0.0,0.0,1,True,True,500,-1,l1,sag,"{'C': 1, 'dual': True, 'fit_intercept': True, 'max_iter': 500, 'n_jobs': -1, 'penalty': 'l1', 'solver': 'sag'}",,,,,,,,109,,,,,,,,109,,,,,,,,109,,,,,,,,109,,,,,,,,109,,,,,,,,109,,,,,,,,109,,,,,,,,109,,,,,,,,109
2,0.0042171478271484375,0.0027034219541912452,0.0,0.0,1,True,True,500,-1,l1,newton-cholesky,"{'C': 1, 'dual': True, 'fit_intercept': True, 'max_iter': 500, 'n_jobs': -1, 'penalty': 'l1', 'solver': 'newton-cholesky'}",,,,,,,,109,,,,,,,,109,,,,,,,,109,,,,,,,,109,,,,,,,,109,,,,,,,,109,,,,,,,,109,,,,,,,,109,,,,,,,,109
1,0.002104377746582031,0.0020693972931817186,0.0,0.0,1,True,True,500,-1,l1,newton-cg,"{'C': 1, 'dual': True, 'fit_intercept': True, 'max_iter': 500, 'n_jobs': -1, 'penalty': 'l1', 'solver': 'newton-cg'}",,,,,,,,109,,,,,,,,109,,,,,,,,109,,,,,,,,109,,,,,,,,109,,,,,,,,109,,,,,,,,109,,,,,,,,109,,,,,,,,109
13,0.0,0.0,0.0,0.0,1,True,True,500,-1,elasticnet,sag,"{'C': 1, 'dual': True, 'fit_intercept': True, 'max_iter': 500, 'n_jobs': -1, 'penalty': 'elasticnet', 'solver': 'sag'}",,,,,,,,109,,,,,,,,109,,,,,,,,109,,,,,,,,109,,,,,,,,109,,,,,,,,109,,,,,,,,109,,,,,,,,109,,,,,,,,109
70,0.002723550796508789,0.0037732713835262007,0.0,0.0,2,True,True,500,-1,elasticnet,lbfgs,"{'C': 2, 'dual': True, 'fit_intercept': True, 'max_iter': 500, 'n_jobs': -1, 'penalty': 'elasticnet', 'solver': 'lbfgs'}",,,,,,,,109,,,,,,,,109,,,,,,,,109,,,,,,,,109,,,,,,,,109,,,,,,,,109,,,,,,,,109,,,,,,,,109,,,,,,,,109
28,0.0,0.0,0.0,0.0,1,True,False,500,-1,elasticnet,sag,"{'C': 1, 'dual': True, 'fit_intercept': False, 'max_iter': 500, 'n_jobs': -1, 'penalty': 'elasticnet', 'solver': 'sag'}",,,,,,,,109,,,,,,,,109,,,,,,,,109,,,,,,,,109,,,,,,,,109,,,,,,,,109,,,,,,,,109,,,,,,,,109,,,,,,,,109
30,0.001990795135498047,0.0022625520831230225,0.0,0.0,1,False,True,500,-1,l1,lbfgs,"{'C': 1, 'dual': False, 'fit_intercept': True, 'max_iter': 500, 'n_jobs': -1, 'penalty': 'l1', 'solver': 'lbfgs'}",,,,,,,,109,,,,,,,,109,,,,,,,,109,,,,,,,,109,,,,,,,,109,,,,,,,,109,,,,,,,,109,,,,,,,,109,,,,,,,,109
68,0.0019031524658203124,0.0001924762270412335,0.0,0.0,2,True,True,500,-1,l2,sag,"{'C': 2, 'dual': True, 'fit_intercept': True, 'max_iter': 500, 'n_jobs': -1, 'penalty': 'l2', 'solver': 'sag'}",,,,,,,,109,,,,,,,,109,,,,,,,,109,,,,,,,,109,,,,,,,,109,,,,,,,,109,,,,,,,,109,,,,,,,,109,,,,,,,,109
67,0.0019202709197998046,0.0005138186981117153,0.0,0.0,2,True,True,500,-1,l2,newton-cholesky,"{'C': 2, 'dual': True, 'fit_intercept': True, 'max_iter': 500, 'n_jobs': -1, 'penalty': 'l2', 'solver': 'newton-cholesky'}",,,,,,,,109,,,,,,,,109,,,,,,,,109,,,,,,,,109,,,,,,,,109,,,,,,,,109,,,,,,,,109,,,,,,,,109,,,,,,,,109
66,0.0016540050506591796,0.0005425784715610443,0.0,0.0,2,True,True,500,-1,l2,newton-cg,"{'C': 2, 'dual': True, 'fit_intercept': True, 'max_iter': 500, 'n_jobs': -1, 'penalty': 'l2', 'solver': 'newton-cg'}",,,,,,,,109,,,,,,,,109,,,,,,,,109,,,,,,,,109,,,,,,,,109,,,,,,,,109,,,,,,,,109,,,,,,,,109,,,,,,,,109
65,0.0023519039154052735,0.0023272043959354193,0.0,0.0,2,True,True,500,-1,l2,lbfgs,"{'C': 2, 'dual': True, 'fit_intercept': True, 'max_iter': 500, 'n_jobs': -1, 'penalty': 'l2', 'solver': 'lbfgs'}",,,,,,,,109,,,,,,,,109,,,,,,,,109,,,,,,,,109,,,,,,,,109,,,,,,,,109,,,,,,,,109,,,,,,,,109,,,,,,,,109
64,0.0032543182373046876,0.003759210044592401,0.0,0.0,2,True,True,500,-1,l1,saga,"{'C': 2, 'dual': True, 'fit_intercept': True, 'max_iter': 500, 'n_jobs': -1, 'penalty': 'l1', 'solver': 'saga'}",,,,,,,,109,,,,,,,,109,,,,,,,,109,,,,,,,,109,,,,,,,,109,,,,,,,,109,,,,,,,,109,,,,,,,,109,,,,,,,,109
63,0.000461578369140625,0.00092315673828125,0.0,0.0,2,True,True,500,-1,l1,sag,"{'C': 2, 'dual': True, 'fit_intercept': True, 'max_iter': 500, 'n_jobs': -1, 'penalty': 'l1', 'solver': 'sag'}",,,,,,,,109,,,,,,,,109,,,,,,,,109,,,,,,,,109,,,,,,,,109,,,,,,,,109,,,,,,,,109,,,,,,,,109,,,,,,,,109
62,0.0016178131103515626,0.0016730766391235116,0.0,0.0,2,True,True,500,-1,l1,newton-cholesky,"{'C': 2, 'dual': True, 'fit_intercept': True, 'max_iter': 500, 'n_jobs': -1, 'penalty': 'l1', 'solver': 'newton-cholesky'}",,,,,,,,109,,,,,,,,109,,,,,,,,109,,,,,,,,109,,,,,,,,109,,,,,,,,109,,,,,,,,109,,,,,,,,109,,,,,,,,109
61,0.0010191440582275391,0.0020382881164550783,0.0,0.0,2,True,True,500,-1,l1,newton-cg,"{'C': 2, 'dual': True, 'fit_intercept': True, 'max_iter': 500, 'n_jobs': -1, 'penalty': 'l1', 'solver': 'newton-cg'}",,,,,,,,109,,,,,,,,109,,,,,,,,109,,,,,,,,109,,,,,,,,109,,,,,,,,109,,,,,,,,109,,,,,,,,109,,,,,,,,109
60,0.002153444290161133,0.001708311956870785,0.0,0.0,2,True,True,500,-1,l1,lbfgs,"{'C': 2, 'dual': True, 'fit_intercept': True, 'max_iter': 500, 'n_jobs': -1, 'penalty': 'l1', 'solver': 'lbfgs'}",,,,,,,,109,,,,,,,,109,,,,,,,,109,,,,,,,,109,,,,,,,,109,,,,,,,,109,,,,,,,,109,,,,,,,,109,,,,,,,,109
59,0.0010038375854492187,0.002007675170898437,0.0,0.0,1,False,False,500,-1,elasticnet,saga,"{'C': 1, 'dual': False, 'fit_intercept': False, 'max_iter': 500, 'n_jobs': -1, 'penalty': 'elasticnet', 'solver': 'saga'}",,,,,,,,109,,,,,,,,109,,,,,,,,109,,,,,,,,109,,,,,,,,109,,,,,,,,109,,,,,,,,109,,,,,,,,109,,,,,,,,109
58,0.004022359848022461,0.004218878071898033,0.0,0.0,1,False,False,500,-1,elasticnet,sag,"{'C': 1, 'dual': False, 'fit_intercept': False, 'max_iter': 500, 'n_jobs': -1, 'penalty': 'elasticnet', 'solver': 'sag'}",,,,,,,,109,,,,,,,,109,,,,,,,,109,,,,,,,,109,,,,,,,,109,,,,,,,,109,,,,,,,,109,,,,,,,,109,,,,,,,,109
57,0.006241559982299805,0.006018505561904202,0.0,0.0,1,False,False,500,-1,elasticnet,newton-cholesky,"{'C': 1, 'dual': False, 'fit_intercept': False, 'max_iter': 500, 'n_jobs': -1, 'penalty': 'elasticnet', 'solver': 'newton-cholesky'}",,,,,,,,109,,,,,,,,109,,,,,,,,109,,,,,,,,109,,,,,,,,109,,,,,,,,109,,,,,,,,109,,,,,,,,109,,,,,,,,109
29,0.002071380615234375,0.002790677240875324,0.0,0.0,1,True,False,500,-1,elasticnet,saga,"{'C': 1, 'dual': True, 'fit_intercept': False, 'max_iter': 500, 'n_jobs': -1, 'penalty': 'elasticnet', 'solver': 'saga'}",,,,,,,,109,,,,,,,,109,,,,,,,,109,,,,,,,,109,,,,,,,,109,,,,,,,,109,,,,,,,,109,,,,,,,,109,,,,,,,,109
56,0.003139019012451172,0.004082292446165637,0.0,0.0,1,False,False,500,-1,elasticnet,newton-cg,"{'C': 1, 'dual': False, 'fit_intercept': False, 'max_iter': 500, 'n_jobs': -1, 'penalty': 'elasticnet', 'solver': 'newton-cg'}",,,,,,,,109,,,,,,,,109,,,,,,,,109,,,,,,,,109,,,,,,,,109,,,,,,,,109,,,,,,,,109,,,,,,,,109,,,,,,,,109
48,0.0017116069793701172,0.002242945102136584,0.0,0.0,1,False,False,500,-1,l1,sag,"{'C': 1, 'dual': False, 'fit_intercept': False, 'max_iter': 500, 'n_jobs': -1, 'penalty': 'l1', 'solver': 'sag'}",,,,,,,,109,,,,,,,,109,,,,,,,,109,,,,,,,,109,,,,,,,,109,,,,,,,,109,,,,,,,,109,,,,,,,,109,,,,,,,,109
47,0.002795982360839844,0.003923907752199865,0.0,0.0,1,False,False,500,-1,l1,newton-cholesky,"{'C': 1, 'dual': False, 'fit_intercept': False, 'max_iter': 500, 'n_jobs': -1, 'penalty': 'l1', 'solver': 'newton-cholesky'}",,,,,,,,109,,,,,,,,109,,,,,,,,109,,,,,,,,109,,,,,,,,109,,,,,,,,109,,,,,,,,109,,,,,,,,109,,,,,,,,109
46,0.0017148494720458985,0.0022448417642660767,0.0,0.0,1,False,False,500,-1,l1,newton-cg,"{'C': 1, 'dual': False, 'fit_intercept': False, 'max_iter': 500, 'n_jobs': -1, 'penalty': 'l1', 'solver': 'newton-cg'}",,,,,,,,109,,,,,,,,109,,,,,,,,109,,,,,,,,109,,,,,,,,109,,,,,,,,109,,,,,,,,109,,,,,,,,109,,,,,,,,109
45,0.0017116069793701172,0.002242945102136584,0.0,0.0,1,False,False,500,-1,l1,lbfgs,"{'C': 1, 'dual': False, 'fit_intercept': False, 'max_iter': 500, 'n_jobs': -1, 'penalty': 'l1', 'solver': 'lbfgs'}",,,,,,,,109,,,,,,,,109,,,,,,,,109,,,,,,,,109,,,,,,,,109,,,,,,,,109,,,,,,,,109,,,,,,,,109,,,,,,,,109
44,0.0020321369171142577,0.003991953576201705,0.0,0.0,1,False,True,500,-1,elasticnet,saga,"{'C': 1, 'dual': False, 'fit_intercept': True, 'max_iter': 500, 'n_jobs': -1, 'penalty': 'elasticnet', 'solver': 'saga'}",,,,,,,,109,,,,,,,,109,,,,,,,,109,,,,,,,,109,,,,,,,,109,,,,,,,,109,,,,,,,,109,,,,,,,,109,,,,,,,,109
43,0.0007274150848388672,0.0014548301696777344,0.0,0.0,1,False,True,500,-1,elasticnet,sag,"{'C': 1, 'dual': False, 'fit_intercept': True, 'max_iter': 500, 'n_jobs': -1, 'penalty': 'elasticnet', 'solver': 'sag'}",,,,,,,,109,,,,,,,,109,,,,,,,,109,,,,,,,,109,,,,,,,,109,,,,,,,,109,,,,,,,,109,,,,,,,,109,,,,,,,,109
42,0.0042188167572021484,0.004252563263602116,0.0,0.0,1,False,True,500,-1,elasticnet,newton-cholesky,"{'C': 1, 'dual': False, 'fit_intercept': True, 'max_iter': 500, 'n_jobs': -1, 'penalty': 'elasticnet', 'solver': 'newton-cholesky'}",,,,,,,,109,,,,,,,,109,,,,,,,,109,,,,,,,,109,,,,,,,,109,,,,,,,,109,,,,,,,,109,,,,,,,,109,,,,,,,,109
41,0.001703023910522461,0.003406047821044922,0.0,0.0,1,False,True,500,-1,elasticnet,newton-cg,"{'C': 1, 'dual': False, 'fit_intercept': True, 'max_iter': 500, 'n_jobs': -1, 'penalty': 'elasticnet', 'solver': 'newton-cg'}",,,,,,,,109,,,,,,,,109,,,,,,,,109,,,,,,,,109,,,,,,,,109,,,,,,,,109,,,,,,,,109,,,,,,,,109,,,,,,,,109
40,0.002916574478149414,0.002861599748801382,0.0,0.0,1,False,True,500,-1,elasticnet,lbfgs,"{'C': 1, 'dual': False, 'fit_intercept': True, 'max_iter': 500, 'n_jobs': -1, 'penalty': 'elasticnet', 'solver': 'lbfgs'}",,,,,,,,109,,,,,,,,109,,,,,,,,109,,,,,,,,109,,,,,,,,109,,,,,,,,109,,,,,,,,109,,,,,,,,109,,,,,,,,109
33,0.0009203910827636719,0.0018407821655273438,0.0,0.0,1,False,True,500,-1,l1,sag,"{'C': 1, 'dual': False, 'fit_intercept': True, 'max_iter': 500, 'n_jobs': -1, 'penalty': 'l1', 'solver': 'sag'}",,,,,,,,109,,,,,,,,109,,,,,,,,109,,,,,,,,109,,,,,,,,109,,,,,,,,109,,,,,,,,109,,,,,,,,109,,,,,,,,109
32,0.0013100624084472657,0.001993514775379438,0.0,0.0,1,False,True,500,-1,l1,newton-cholesky,"{'C': 1, 'dual': False, 'fit_intercept': True, 'max_iter': 500, 'n_jobs': -1, 'penalty': 'l1', 'solver': 'newton-cholesky'}",,,,,,,,109,,,,,,,,109,,,,,,,,109,,,,,,,,109,,,,,,,,109,,,,,,,,109,,,,,,,,109,,,,,,,,109,,,,,,,,109
31,0.003076648712158203,0.003769752606981777,0.0,0.0,1,False,True,500,-1,l1,newton-cg,"{'C': 1, 'dual': False, 'fit_intercept': True, 'max_iter': 500, 'n_jobs': -1, 'penalty': 'l1', 'solver': 'newton-cg'}",,,,,,,,109,,,,,,,,109,,,,,,,,109,,,,,,,,109,,,,,,,,109,,,,,,,,109,,,,,,,,109,,,,,,,,109,,,,,,,,109
55,0.00200347900390625,0.0040069580078125,0.0,0.0,1,False,False,500,-1,elasticnet,lbfgs,"{'C': 1, 'dual': False, 'fit_intercept': False, 'max_iter': 500, 'n_jobs': -1, 'penalty': 'elasticnet', 'solver': 'lbfgs'}",,,,,,,,109,,,,,,,,109,,,,,,,,109,,,,,,,,109,,,,,,,,109,,,,,,,,109,,,,,,,,109,,,,,,,,109,,,,,,,,109
142,0.0023269176483154295,0.003333602609625699,0.0,0.0,3,True,False,500,-1,l2,newton-cholesky,"{'C': 3, 'dual': True, 'fit_intercept': False, 'max_iter': 500, 'n_jobs': -1, 'penalty': 'l2', 'solver': 'newton-cholesky'}",,,,,,,,109,,,,,,,,109,,,,,,,,109,,,,,,,,109,,,,,,,,109,,,,,,,,109,,,,,,,,109,,,,,,,,109,,,,,,,,109
143,0.00342411994934082,0.003092455860919719,0.0,0.0,3,True,False,500,-1,l2,sag,"{'C': 3, 'dual': True, 'fit_intercept': False, 'max_iter': 500, 'n_jobs': -1, 'penalty': 'l2', 'solver': 'sag'}",,,,,,,,109,,,,,,,,109,,,,,,,,109,,,,,,,,109,,,,,,,,109,,,,,,,,109,,,,,,,,109,,,,,,,,109,,,,,,,,109
144,0.002016592025756836,0.00031680087580422613,0.0,0.0,3,True,False,500,-1,l2,saga,"{'C': 3, 'dual': True, 'fit_intercept': False, 'max_iter': 500, 'n_jobs': -1, 'penalty': 'l2', 'solver': 'saga'}",,,,,,,,109,,,,,,,,109,,,,,,,,109,,,,,,,,109,,,,,,,,109,,,,,,,,109,,,,,,,,109,,,,,,,,109,,,,,,,,109
255,0.002356815338134766,0.004128269161362927,0.0,0.0,5,True,False,500,-1,l1,lbfgs,"{'C': 5, 'dual': True, 'fit_intercept': False, 'max_iter': 500, 'n_jobs': -1, 'penalty': 'l1', 'solver': 'lbfgs'}",,,,,,,,109,,,,,,,,109,,,,,,,,109,,,,,,,,109,,,,,,,,109,,,,,,,,109,,,,,,,,109,,,,,,,,109,,,,,,,,109
254,0.004053354263305664,0.004964909995256736,0.0,0.0,5,True,True,500,-1,elasticnet,saga,"{'C': 5, 'dual': True, 'fit_intercept': True, 'max_iter': 500, 'n_jobs': -1, 'penalty': 'elasticnet', 'solver': 'saga'}",,,,,,,,109,,,,,,,,109,,,,,,,,109,,,,,,,,109,,,,,,,,109,,,,,,,,109,,,,,,,,109,,,,,,,,109,,,,,,,,109
253,0.00270695686340332,0.0036278236561163493,0.0,0.0,5,True,True,500,-1,elasticnet,sag,"{'C': 5, 'dual': True, 'fit_intercept': True, 'max_iter': 500, 'n_jobs': -1, 'penalty': 'elasticnet', 'solver': 'sag'}",,,,,,,,109,,,,,,,,109,,,,,,,,109,,,,,,,,109,,,,,,,,109,,,,,,,,109,,,,,,,,109,,,,,,,,109,,,,,,,,109
252,0.001819276809692383,0.003638553619384766,0.0,0.0,5,True,True,500,-1,elasticnet,newton-cholesky,"{'C': 5, 'dual': True, 'fit_intercept': True, 'max_iter': 500, 'n_jobs': -1, 'penalty': 'elasticnet', 'solver': 'newton-cholesky'}",,,,,,,,109,,,,,,,,109,,,,,,,,109,,,,,,,,109,,,,,,,,109,,,,,,,,109,,,,,,,,109,,,,,,,,109,,,,,,,,109
251,0.0011106014251708984,0.0013685442627053227,0.0,0.0,5,True,True,500,-1,elasticnet,newton-cg,"{'C': 5, 'dual': True, 'fit_intercept': True, 'max_iter': 500, 'n_jobs': -1, 'penalty': 'elasticnet', 'solver': 'newton-cg'}",,,,,,,,109,,,,,,,,109,,,,,,,,109,,,,,,,,109,,,,,,,,109,,,,,,,,109,,,,,,,,109,,,,,,,,109,,,,,,,,109
250,0.002593660354614258,0.003922821748881959,0.0,0.0,5,True,True,500,-1,elasticnet,lbfgs,"{'C': 5, 'dual': True, 'fit_intercept': True, 'max_iter': 500, 'n_jobs': -1, 'penalty': 'elasticnet', 'solver': 'lbfgs'}",,,,,,,,109,,,,,,,,109,,,,,,,,109,,,,,,,,109,,,,,,,,109,,,,,,,,109,,,,,,,,109,,,,,,,,109,,,,,,,,109
249,0.001836252212524414,0.0014996973949910019,0.0,0.0,5,True,True,500,-1,l2,saga,"{'C': 5, 'dual': True, 'fit_intercept': True, 'max_iter': 500, 'n_jobs': -1, 'penalty': 'l2', 'solver': 'saga'}",,,,,,,,109,,,,,,,,109,,,,,,,,109,,,,,,,,109,,,,,,,,109,,,,,,,,109,,,,,,,,109,,,,,,,,109,,,,,,,,109
248,0.0014033317565917969,0.0028066635131835938,0.0,0.0,5,True,True,500,-1,l2,sag,"{'C': 5, 'dual': True, 'fit_intercept': True, 'max_iter': 500, 'n_jobs': -1, 'penalty': 'l2', 'solver': 'sag'}",,,,,,,,109,,,,,,,,109,,,,,,,,109,,,,,,,,109,,,,,,,,109,,,,,,,,109,,,,,,,,109,,,,,,,,109,,,,,,,,109
247,0.002875661849975586,0.0037266936019622735,0.0,0.0,5,True,True,500,-1,l2,newton-cholesky,"{'C': 5, 'dual': True, 'fit_intercept': True, 'max_iter': 500, 'n_jobs': -1, 'penalty': 'l2', 'solver': 'newton-cholesky'}",,,,,,,,109,,,,,,,,109,,,,,,,,109,,,,,,,,109,,,,,,,,109,,,,,,,,109,,,,,,,,109,,,,,,,,109,,,,,,,,109
246,0.0020132064819335938,0.0029353819277878838,0.0,0.0,5,True,True,500,-1,l2,newton-cg,"{'C': 5, 'dual': True, 'fit_intercept': True, 'max_iter': 500, 'n_jobs': -1, 'penalty': 'l2', 'solver': 'newton-cg'}",,,,,,,,109,,,,,,,,109,,,,,,,,109,,,,,,,,109,,,,,,,,109,,,,,,,,109,,,,,,,,109,,,,,,,,109,,,,,,,,109
245,0.0,0.0,0.0,0.0,5,True,True,500,-1,l2,lbfgs,"{'C': 5, 'dual': True, 'fit_intercept': True, 'max_iter': 500, 'n_jobs': -1, 'penalty': 'l2', 'solver': 'lbfgs'}",,,,,,,,109,,,,,,,,109,,,,,,,,109,,,,,,,,109,,,,,,,,109,,,,,,,,109,,,,,,,,109,,,,,,,,109,,,,,,,,109
244,0.004327058792114258,0.003430533971747812,0.0,0.0,5,True,True,500,-1,l1,saga,"{'C': 5, 'dual': True, 'fit_intercept': True, 'max_iter': 500, 'n_jobs': -1, 'penalty': 'l1', 'solver': 'saga'}",,,,,,,,109,,,,,,,,109,,,,,,,,109,,,,,,,,109,,,,,,,,109,,,,,,,,109,,,,,,,,109,,,,,,,,109,,,,,,,,109
256,0.0008876800537109375,0.001775360107421875,0.0,0.0,5,True,False,500,-1,l1,newton-cg,"{'C': 5, 'dual': True, 'fit_intercept': False, 'max_iter': 500, 'n_jobs': -1, 'penalty': 'l1', 'solver': 'newton-cg'}",,,,,,,,109,,,,,,,,109,,,,,,,,109,,,,,,,,109,,,,,,,,109,,,,,,,,109,,,,,,,,109,,,,,,,,109,,,,,,,,109
243,0.00046558380126953124,0.0006302328849991193,0.0,0.0,5,True,True,500,-1,l1,sag,"{'C': 5, 'dual': True, 'fit_intercept': True, 'max_iter': 500, 'n_jobs': -1, 'penalty': 'l1', 'solver': 'sag'}",,,,,,,,109,,,,,,,,109,,,,,,,,109,,,,,,,,109,,,,,,,,109,,,,,,,,109,,,,,,,,109,,,,,,,,109,,,,,,,,109
241,0.003631877899169922,0.0033134601946473064,0.0,0.0,5,True,True,500,-1,l1,newton-cg,"{'C': 5, 'dual': True, 'fit_intercept': True, 'max_iter': 500, 'n_jobs': -1, 'penalty': 'l1', 'solver': 'newton-cg'}",,,,,,,,109,,,,,,,,109,,,,,,,,109,,,,,,,,109,,,,,,,,109,,,,,,,,109,,,,,,,,109,,,,,,,,109,,,,,,,,109
240,0.0015113353729248047,0.0030226707458496094,0.0,0.0,5,True,True,500,-1,l1,lbfgs,"{'C': 5, 'dual': True, 'fit_intercept': True, 'max_iter': 500, 'n_jobs': -1, 'penalty': 'l1', 'solver': 'lbfgs'}",,,,,,,,109,,,,,,,,109,,,,,,,,109,,,,,,,,109,,,,,,,,109,,,,,,,,109,,,,,,,,109,,,,,,,,109,,,,,,,,109
239,0.002447223663330078,0.002450955890925866,0.0,0.0,4,False,False,500,-1,elasticnet,saga,"{'C': 4, 'dual': False, 'fit_intercept': False, 'max_iter': 500, 'n_jobs': -1, 'penalty': 'elasticnet', 'solver': 'saga'}",,,,,,,,109,,,,,,,,109,,,,,,,,109,,,,,,,,109,,,,,,,,109,,,,,,,,109,,,,,,,,109,,,,,,,,109,,,,,,,,109
238,0.001924610137939453,0.0009202024012283851,0.0,0.0,4,False,False,500,-1,elasticnet,sag,"{'C': 4, 'dual': False, 'fit_intercept': False, 'max_iter': 500, 'n_jobs': -1, 'penalty': 'elasticnet', 'solver': 'sag'}",,,,,,,,109,,,,,,,,109,,,,,,,,109,,,,,,,,109,,,,,,,,109,,,,,,,,109,,,,,,,,109,,,,,,,,109,,,,,,,,109
237,0.0015748500823974609,0.00034276627768260363,0.0,0.0,4,False,False,500,-1,elasticnet,newton-cholesky,"{'C': 4, 'dual': False, 'fit_intercept': False, 'max_iter': 500, 'n_jobs': -1, 'penalty': 'elasticnet', 'solver': 'newton-cholesky'}",,,,,,,,109,,,,,,,,109,,,,,,,,109,,,,,,,,109,,,,,,,,109,,,,,,,,109,,,,,,,,109,,,,,,,,109,,,,,,,,109
236,0.0029285907745361327,0.0024337716685511883,0.0,0.0,4,False,False,500,-1,elasticnet,newton-cg,"{'C': 4, 'dual': False, 'fit_intercept': False, 'max_iter': 500, 'n_jobs': -1, 'penalty': 'elasticnet', 'solver': 'newton-cg'}",,,,,,,,109,,,,,,,,109,,,,,,,,109,,,,,,,,109,,,,,,,,109,,,,,,,,109,,,,,,,,109,,,,,,,,109,,,,,,,,109
235,0.0021100521087646486,0.003119777358331519,0.0,0.0,4,False,False,500,-1,elasticnet,lbfgs,"{'C': 4, 'dual': False, 'fit_intercept': False, 'max_iter': 500, 'n_jobs': -1, 'penalty': 'elasticnet', 'solver': 'lbfgs'}",,,,,,,,109,,,,,,,,109,,,,,,,,109,,,,,,,,109,,,,,,,,109,,,,,,,,109,,,,,,,,109,,,,,,,,109,,,,,,,,109
228,0.002611732482910156,0.0032620936156863866,0.0,0.0,4,False,False,500,-1,l1,sag,"{'C': 4, 'dual': False, 'fit_intercept': False, 'max_iter': 500, 'n_jobs': -1, 'penalty': 'l1', 'solver': 'sag'}",,,,,,,,109,,,,,,,,109,,,,,,,,109,,,,,,,,109,,,,,,,,109,,,,,,,,109,,,,,,,,109,,,,,,,,109,,,,,,,,109
227,0.00040493011474609377,0.0008098602294921877,0.0,0.0,4,False,False,500,-1,l1,newton-cholesky,"{'C': 4, 'dual': False, 'fit_intercept': False, 'max_iter': 500, 'n_jobs': -1, 'penalty': 'l1', 'solver': 'newton-cholesky'}",,,,,,,,109,,,,,,,,109,,,,,,,,109,,,,,,,,109,,,,,,,,109,,,,,,,,109,,,,,,,,109,,,,,,,,109,,,,,,,,109
226,0.003041791915893555,0.001811793156955262,0.0,0.0,4,False,False,500,-1,l1,newton-cg,"{'C': 4, 'dual': False, 'fit_intercept': False, 'max_iter': 500, 'n_jobs': -1, 'penalty': 'l1', 'solver': 'newton-cg'}",,,,,,,,109,,,,,,,,109,,,,,,,,109,,,,,,,,109,,,,,,,,109,,,,,,,,109,,,,,,,,109,,,,,,,,109,,,,,,,,109
225,0.004132843017578125,0.0039303274999278395,0.0,0.0,4,False,False,500,-1,l1,lbfgs,"{'C': 4, 'dual': False, 'fit_intercept': False, 'max_iter': 500, 'n_jobs': -1, 'penalty': 'l1', 'solver': 'lbfgs'}",,,,,,,,109,,,,,,,,109,,,,,,,,109,,,,,,,,109,,,,,,,,109,,,,,,,,109,,,,,,,,109,,,,,,,,109,,,,,,,,109
224,0.0011081695556640625,0.002216339111328125,0.0,0.0,4,False,True,500,-1,elasticnet,saga,"{'C': 4, 'dual': False, 'fit_intercept': True, 'max_iter': 500, 'n_jobs': -1, 'penalty': 'elasticnet', 'solver': 'saga'}",,,,,,,,109,,,,,,,,109,,,,,,,,109,,,,,,,,109,,,,,,,,109,,,,,,,,109,,,,,,,,109,,,,,,,,109,,,,,,,,109
242,0.0009077548980712891,0.0018155097961425782,0.0,0.0,5,True,True,500,-1,l1,newton-cholesky,"{'C': 5, 'dual': True, 'fit_intercept': True, 'max_iter': 500, 'n_jobs': -1, 'penalty': 'l1', 'solver': 'newton-cholesky'}",,,,,,,,109,,,,,,,,109,,,,,,,,109,,,,,,,,109,,,,,,,,109,,,,,,,,109,,,,,,,,109,,,,,,,,109,,,,,,,,109
223,0.0036553382873535157,0.0023353956950660855,0.0,0.0,4,False,True,500,-1,elasticnet,sag,"{'C': 4, 'dual': False, 'fit_intercept': True, 'max_iter': 500, 'n_jobs': -1, 'penalty': 'elasticnet', 'solver': 'sag'}",,,,,,,,109,,,,,,,,109,,,,,,,,109,,,,,,,,109,,,,,,,,109,,,,,,,,109,,,,,,,,109,,,,,,,,109,,,,,,,,109
257,0.004014301300048828,0.0037628153373768006,0.0,0.0,5,True,False,500,-1,l1,newton-cholesky,"{'C': 5, 'dual': True, 'fit_intercept': False, 'max_iter': 500, 'n_jobs': -1, 'penalty': 'l1', 'solver': 'newton-cholesky'}",,,,,,,,109,,,,,,,,109,,,,,,,,109,,,,,,,,109,,,,,,,,109,,,,,,,,109,,,,,,,,109,,,,,,,,109,,,,,,,,109
259,0.0010242938995361328,0.0012895897315749149,0.0,0.0,5,True,False,500,-1,l1,saga,"{'C': 5, 'dual': True, 'fit_intercept': False, 'max_iter': 500, 'n_jobs': -1, 'penalty': 'l1', 'solver': 'saga'}",,,,,,,,109,,,,,,,,109,,,,,,,,109,,,,,,,,109,,,,,,,,109,,,,,,,,109,,,,,,,,109,,,,,,,,109,,,,,,,,109
297,0.0015969276428222656,0.002071183323246003,0.0,0.0,5,False,False,500,-1,elasticnet,newton-cholesky,"{'C': 5, 'dual': False, 'fit_intercept': False, 'max_iter': 500, 'n_jobs': -1, 'penalty': 'elasticnet', 'solver': 'newton-cholesky'}",,,,,,,,109,,,,,,,,109,,,,,,,,109,,,,,,,,109,,,,,,,,109,,,,,,,,109,,,,,,,,109,,,,,,,,109,,,,,,,,109
296,0.0027385711669921874,0.003545097451973277,0.0,0.0,5,False,False,500,-1,elasticnet,newton-cg,"{'C': 5, 'dual': False, 'fit_intercept': False, 'max_iter': 500, 'n_jobs': -1, 'penalty': 'elasticnet', 'solver': 'newton-cg'}",,,,,,,,109,,,,,,,,109,,,,,,,,109,,,,,,,,109,,,,,,,,109,,,,,,,,109,,,,,,,,109,,,,,,,,109,,,,,,,,109
295,0.0020056247711181642,0.0024766954055489235,0.0,0.0,5,False,False,500,-1,elasticnet,lbfgs,"{'C': 5, 'dual': False, 'fit_intercept': False, 'max_iter': 500, 'n_jobs': -1, 'penalty': 'elasticnet', 'solver': 'lbfgs'}",,,,,,,,109,,,,,,,,109,,,,,,,,109,,,,,,,,109,,,,,,,,109,,,,,,,,109,,,,,,,,109,,,,,,,,109,,,,,,,,109
288,0.003130197525024414,0.0023057801855809208,0.0,0.0,5,False,False,500,-1,l1,sag,"{'C': 5, 'dual': False, 'fit_intercept': False, 'max_iter': 500, 'n_jobs': -1, 'penalty': 'l1', 'solver': 'sag'}",,,,,,,,109,,,,,,,,109,,,,,,,,109,,,,,,,,109,,,,,,,,109,,,,,,,,109,,,,,,,,109,,,,,,,,109,,,,,,,,109
287,0.0010102748870849609,0.0012373604301770258,0.0,0.0,5,False,False,500,-1,l1,newton-cholesky,"{'C': 5, 'dual': False, 'fit_intercept': False, 'max_iter': 500, 'n_jobs': -1, 'penalty': 'l1', 'solver': 'newton-cholesky'}",,,,,,,,109,,,,,,,,109,,,,,,,,109,,,,,,,,109,,,,,,,,109,,,,,,,,109,,,,,,,,109,,,,,,,,109,,,,,,,,109
286,0.003513145446777344,0.003928270566501925,0.0,0.0,5,False,False,500,-1,l1,newton-cg,"{'C': 5, 'dual': False, 'fit_intercept': False, 'max_iter': 500, 'n_jobs': -1, 'penalty': 'l1', 'solver': 'newton-cg'}",,,,,,,,109,,,,,,,,109,,,,,,,,109,,,,,,,,109,,,,,,,,109,,,,,,,,109,,,,,,,,109,,,,,,,,109,,,,,,,,109
285,0.0016062736511230468,0.0032125473022460937,0.0,0.0,5,False,False,500,-1,l1,lbfgs,"{'C': 5, 'dual': False, 'fit_intercept': False, 'max_iter': 500, 'n_jobs': -1, 'penalty': 'l1', 'solver': 'lbfgs'}",,,,,,,,109,,,,,,,,109,,,,,,,,109,,,,,,,,109,,,,,,,,109,,,,,,,,109,,,,,,,,109,,,,,,,,109,,,,,,,,109
284,0.002321672439575195,0.0020310229446567998,0.0,0.0,5,False,True,500,-1,elasticnet,saga,"{'C': 5, 'dual': False, 'fit_intercept': True, 'max_iter': 500, 'n_jobs': -1, 'penalty': 'elasticnet', 'solver': 'saga'}",,,,,,,,109,,,,,,,,109,,,,,,,,109,,,,,,,,109,,,,,,,,109,,,,,,,,109,,,,,,,,109,,,,,,,,109,,,,,,,,109
283,0.0023333072662353516,0.0020482787295175546,0.0,0.0,5,False,True,500,-1,elasticnet,sag,"{'C': 5, 'dual': False, 'fit_intercept': True, 'max_iter': 500, 'n_jobs': -1, 'penalty': 'elasticnet', 'solver': 'sag'}",,,,,,,,109,,,,,,,,109,,,,,,,,109,,,,,,,,109,,,,,,,,109,,,,,,,,109,,,,,,,,109,,,,,,,,109,,,,,,,,109
282,0.0004034519195556641,0.0008069038391113283,0.0,0.0,5,False,True,500,-1,elasticnet,newton-cholesky,"{'C': 5, 'dual': False, 'fit_intercept': True, 'max_iter': 500, 'n_jobs': -1, 'penalty': 'elasticnet', 'solver': 'newton-cholesky'}",,,,,,,,109,,,,,,,,109,,,,,,,,109,,,,,,,,109,,,,,,,,109,,,,,,,,109,,,,,,,,109,,,,,,,,109,,,,,,,,109
281,0.0019091129302978515,0.0031099267095073095,0.0,0.0,5,False,True,500,-1,elasticnet,newton-cg,"{'C': 5, 'dual': False, 'fit_intercept': True, 'max_iter': 500, 'n_jobs': -1, 'penalty': 'elasticnet', 'solver': 'newton-cg'}",,,,,,,,109,,,,,,,,109,,,,,,,,109,,,,,,,,109,,,,,,,,109,,,,,,,,109,,,,,,,,109,,,,,,,,109,,,,,,,,109
280,0.0018136978149414062,0.003627395629882812,0.0,0.0,5,False,True,500,-1,elasticnet,lbfgs,"{'C': 5, 'dual': False, 'fit_intercept': True, 'max_iter': 500, 'n_jobs': -1, 'penalty': 'elasticnet', 'solver': 'lbfgs'}",,,,,,,,109,,,,,,,,109,,,,,,,,109,,,,,,,,109,,,,,,,,109,,,,,,,,109,,,,,,,,109,,,,,,,,109,,,,,,,,109
258,0.0004535675048828125,0.0005585140853166068,0.0,0.0,5,True,False,500,-1,l1,sag,"{'C': 5, 'dual': True, 'fit_intercept': False, 'max_iter': 500, 'n_jobs': -1, 'penalty': 'l1', 'solver': 'sag'}",,,,,,,,109,,,,,,,,109,,,,,,,,109,,,,,,,,109,,,,,,,,109,,,,,,,,109,,,,,,,,109,,,,,,,,109,,,,,,,,109
273,0.0017117023468017577,0.0021512300655634957,0.0,0.0,5,False,True,500,-1,l1,sag,"{'C': 5, 'dual': False, 'fit_intercept': True, 'max_iter': 500, 'n_jobs': -1, 'penalty': 'l1', 'solver': 'sag'}",,,,,,,,109,,,,,,,,109,,,,,,,,109,,,,,,,,109,,,,,,,,109,,,,,,,,109,,,,,,,,109,,,,,,,,109,,,,,,,,109
271,0.0020417690277099608,0.0029874324581670303,0.0,0.0,5,False,True,500,-1,l1,newton-cg,"{'C': 5, 'dual': False, 'fit_intercept': True, 'max_iter': 500, 'n_jobs': -1, 'penalty': 'l1', 'solver': 'newton-cg'}",,,,,,,,109,,,,,,,,109,,,,,,,,109,,,,,,,,109,,,,,,,,109,,,,,,,,109,,,,,,,,109,,,,,,,,109,,,,,,,,109
270,0.00231022834777832,0.003898475062439971,0.0,0.0,5,False,True,500,-1,l1,lbfgs,"{'C': 5, 'dual': False, 'fit_intercept': True, 'max_iter': 500, 'n_jobs': -1, 'penalty': 'l1', 'solver': 'lbfgs'}",,,,,,,,109,,,,,,,,109,,,,,,,,109,,,,,,,,109,,,,,,,,109,,,,,,,,109,,,,,,,,109,,,,,,,,109,,,,,,,,109
538,0.0019216537475585938,0.0003771982657857554,0.0,0.0,9,False,False,500,-1,elasticnet,sag,"{'C': 9, 'dual': False, 'fit_intercept': False, 'max_iter': 500, 'n_jobs': -1, 'penalty': 'elasticnet', 'solver': 'sag'}",,,,,,,,109,,,,,,,,109,,,,,,,,109,,,,,,,,109,,,,,,,,109,,,,,,,,109,,,,,,,,109,,,,,,,,109,,,,,,,,109
268,0.003812837600708008,0.003952506685847948,0.0,0.0,5,True,False,500,-1,elasticnet,sag,"{'C': 5, 'dual': True, 'fit_intercept': False, 'max_iter': 500, 'n_jobs': -1, 'penalty': 'elasticnet', 'solver': 'sag'}",,,,,,,,109,,,,,,,,109,,,,,,,,109,,,,,,,,109,,,,,,,,109,,,,,,,,109,,,,,,,,109,,,,,,,,109,,,,,,,,109
267,0.0022524356842041015,0.001391495788011895,0.0,0.0,5,True,False,500,-1,elasticnet,newton-cholesky,"{'C': 5, 'dual': True, 'fit_intercept': False, 'max_iter': 500, 'n_jobs': -1, 'penalty': 'elasticnet', 'solver': 'newton-cholesky'}",,,,,,,,109,,,,,,,,109,,,,,,,,109,,,,,,,,109,,,,,,,,109,,,,,,,,109,,,,,,,,109,,,,,,,,109,,,,,,,,109
266,0.0029268741607666017,0.003970296209974795,0.0,0.0,5,True,False,500,-1,elasticnet,newton-cg,"{'C': 5, 'dual': True, 'fit_intercept': False, 'max_iter': 500, 'n_jobs': -1, 'penalty': 'elasticnet', 'solver': 'newton-cg'}",,,,,,,,109,,,,,,,,109,,,,,,,,109,,,,,,,,109,,,,,,,,109,,,,,,,,109,,,,,,,,109,,,,,,,,109,,,,,,,,109
265,0.005017709732055664,0.003395986169679983,0.0,0.0,5,True,False,500,-1,elasticnet,lbfgs,"{'C': 5, 'dual': True, 'fit_intercept': False, 'max_iter': 500, 'n_jobs': -1, 'penalty': 'elasticnet', 'solver': 'lbfgs'}",,,,,,,,109,,,,,,,,109,,,,,,,,109,,,,,,,,109,,,,,,,,109,,,,,,,,109,,,,,,,,109,,,,,,,,109,,,,,,,,109
264,0.0037516117095947265,0.0034247453288845085,0.0,0.0,5,True,False,500,-1,l2,saga,"{'C': 5, 'dual': True, 'fit_intercept': False, 'max_iter': 500, 'n_jobs': -1, 'penalty': 'l2', 'solver': 'saga'}",,,,,,,,109,,,,,,,,109,,,,,,,,109,,,,,,,,109,,,,,,,,109,,,,,,,,109,,,,,,,,109,,,,,,,,109,,,,,,,,109
263,0.002027463912963867,0.0024994011599673853,0.0,0.0,5,True,False,500,-1,l2,sag,"{'C': 5, 'dual': True, 'fit_intercept': False, 'max_iter': 500, 'n_jobs': -1, 'penalty': 'l2', 'solver': 'sag'}",,,,,,,,109,,,,,,,,109,,,,,,,,109,,,,,,,,109,,,,,,,,109,,,,,,,,109,,,,,,,,109,,,,,,,,109,,,,,,,,109
262,0.0031873226165771485,0.0034515372888372733,0.0,0.0,5,True,False,500,-1,l2,newton-cholesky,"{'C': 5, 'dual': True, 'fit_intercept': False, 'max_iter': 500, 'n_jobs': -1, 'penalty': 'l2', 'solver': 'newton-cholesky'}",,,,,,,,109,,,,,,,,109,,,,,,,,109,,,,,,,,109,,,,,,,,109,,,,,,,,109,,,,,,,,109,,,,,,,,109,,,,,,,,109
261,0.001817798614501953,0.0018404363260487973,0.0,0.0,5,True,False,500,-1,l2,newton-cg,"{'C': 5, 'dual': True, 'fit_intercept': False, 'max_iter': 500, 'n_jobs': -1, 'penalty': 'l2', 'solver': 'newton-cg'}",,,,,,,,109,,,,,,,,109,,,,,,,,109,,,,,,,,109,,,,,,,,109,,,,,,,,109,,,,,,,,109,,,,,,,,109,,,,,,,,109
260,0.0014317989349365234,0.001336502521681928,0.0,0.0,5,True,False,500,-1,l2,lbfgs,"{'C': 5, 'dual': True, 'fit_intercept': False, 'max_iter': 500, 'n_jobs': -1, 'penalty': 'l2', 'solver': 'lbfgs'}",,,,,,,,109,,,,,,,,109,,,,,,,,109,,,,,,,,109,,,,,,,,109,,,,,,,,109,,,,,,,,109,,,,,,,,109,,,,,,,,109
272,0.00311131477355957,0.003813624101127649,0.0,0.0,5,False,True,500,-1,l1,newton-cholesky,"{'C': 5, 'dual': False, 'fit_intercept': True, 'max_iter': 500, 'n_jobs': -1, 'penalty': 'l1', 'solver': 'newton-cholesky'}",,,,,,,,109,,,,,,,,109,,,,,,,,109,,,,,,,,109,,,,,,,,109,,,,,,,,109,,,,,,,,109,,,,,,,,109,,,,,,,,109
222,0.0014152050018310547,0.0019775775108014136,0.0,0.0,4,False,True,500,-1,elasticnet,newton-cholesky,"{'C': 4, 'dual': False, 'fit_intercept': True, 'max_iter': 500, 'n_jobs': -1, 'penalty': 'elasticnet', 'solver': 'newton-cholesky'}",,,,,,,,109,,,,,,,,109,,,,,,,,109,,,,,,,,109,,,,,,,,109,,,,,,,,109,,,,,,,,109,,,,,,,,109,,,,,,,,109
221,0.0009093761444091796,0.0012079590509652812,0.0,0.0,4,False,True,500,-1,elasticnet,newton-cg,"{'C': 4, 'dual': False, 'fit_intercept': True, 'max_iter': 500, 'n_jobs': -1, 'penalty': 'elasticnet', 'solver': 'newton-cg'}",,,,,,,,109,,,,,,,,109,,,,,,,,109,,,,,,,,109,,,,,,,,109,,,,,,,,109,,,,,,,,109,,,,,,,,109,,,,,,,,109
220,0.0035362720489501955,0.00201469924311426,0.0,0.0,4,False,True,500,-1,elasticnet,lbfgs,"{'C': 4, 'dual': False, 'fit_intercept': True, 'max_iter': 500, 'n_jobs': -1, 'penalty': 'elasticnet', 'solver': 'lbfgs'}",,,,,,,,109,,,,,,,,109,,,,,,,,109,,,,,,,,109,,,,,,,,109,,,,,,,,109,,,,,,,,109,,,,,,,,109,,,,,,,,109
182,0.0025814056396484377,0.001968592818152734,0.0,0.0,4,True,True,500,-1,l1,newton-cholesky,"{'C': 4, 'dual': True, 'fit_intercept': True, 'max_iter': 500, 'n_jobs': -1, 'penalty': 'l1', 'solver': 'newton-cholesky'}",,,,,,,,109,,,,,,,,109,,,,,,,,109,,,,,,,,109,,,,,,,,109,,,,,,,,109,,,,,,,,109,,,,,,,,109,,,,,,,,109
181,0.00048074722290039065,0.0007283234168516164,0.0,0.0,4,True,True,500,-1,l1,newton-cg,"{'C': 4, 'dual': True, 'fit_intercept': True, 'max_iter': 500, 'n_jobs': -1, 'penalty': 'l1', 'solver': 'newton-cg'}",,,,,,,,109,,,,,,,,109,,,,,,,,109,,,,,,,,109,,,,,,,,109,,,,,,,,109,,,,,,,,109,,,,,,,,109,,,,,,,,109
180,0.0013350486755371095,0.0005309400418340577,0.0,0.0,4,True,True,500,-1,l1,lbfgs,"{'C': 4, 'dual': True, 'fit_intercept': True, 'max_iter': 500, 'n_jobs': -1, 'penalty': 'l1', 'solver': 'lbfgs'}",,,,,,,,109,,,,,,,,109,,,,,,,,109,,,,,,,,109,,,,,,,,109,,,,,,,,109,,,,,,,,109,,,,,,,,109,,,,,,,,109
179,0.0025543212890625,0.0018373054897537434,0.0,0.0,3,False,False,500,-1,elasticnet,saga,"{'C': 3, 'dual': False, 'fit_intercept': False, 'max_iter': 500, 'n_jobs': -1, 'penalty': 'elasticnet', 'solver': 'saga'}",,,,,,,,109,,,,,,,,109,,,,,,,,109,,,,,,,,109,,,,,,,,109,,,,,,,,109,,,,,,,,109,,,,,,,,109,,,,,,,,109
178,0.0023067474365234377,0.0017274909808062196,0.0,0.0,3,False,False,500,-1,elasticnet,sag,"{'C': 3, 'dual': False, 'fit_intercept': False, 'max_iter': 500, 'n_jobs': -1, 'penalty': 'elasticnet', 'solver': 'sag'}",,,,,,,,109,,,,,,,,109,,,,,,,,109,,,,,,,,109,,,,,,,,109,,,,,,,,109,,,,,,,,109,,,,,,,,109,,,,,,,,109
177,0.0025854587554931642,0.0021190744836703103,0.0,0.0,3,False,False,500,-1,elasticnet,newton-cholesky,"{'C': 3, 'dual': False, 'fit_intercept': False, 'max_iter': 500, 'n_jobs': -1, 'penalty': 'elasticnet', 'solver': 'newton-cholesky'}",,,,,,,,109,,,,,,,,109,,,,,,,,109,,,,,,,,109,,,,,,,,109,,,,,,,,109,,,,,,,,109,,,,,,,,109,,,,,,,,109
176,0.0019208908081054688,0.0006559150233935051,0.0,0.0,3,False,False,500,-1,elasticnet,newton-cg,"{'C': 3, 'dual': False, 'fit_intercept': False, 'max_iter': 500, 'n_jobs': -1, 'penalty': 'elasticnet', 'solver': 'newton-cg'}",,,,,,,,109,,,,,,,,109,,,,,,,,109,,,,,,,,109,,,,,,,,109,,,,,,,,109,,,,,,,,109,,,,,,,,109,,,,,,,,109
175,0.0020255565643310545,0.0022714807400010394,0.0,0.0,3,False,False,500,-1,elasticnet,lbfgs,"{'C': 3, 'dual': False, 'fit_intercept': False, 'max_iter': 500, 'n_jobs': -1, 'penalty': 'elasticnet', 'solver': 'lbfgs'}",,,,,,,,109,,,,,,,,109,,,,,,,,109,,,,,,,,109,,,,,,,,109,,,,,,,,109,,,,,,,,109,,,,,,,,109,,,,,,,,109
168,0.001142740249633789,0.0012833499993135477,0.0,0.0,3,False,False,500,-1,l1,sag,"{'C': 3, 'dual': False, 'fit_intercept': False, 'max_iter': 500, 'n_jobs': -1, 'penalty': 'l1', 'solver': 'sag'}",,,,,,,,109,,,,,,,,109,,,,,,,,109,,,,,,,,109,,,,,,,,109,,,,,,,,109,,,,,,,,109,,,,,,,,109,,,,,,,,109
167,0.002227640151977539,0.003946468421074033,0.0,0.0,3,False,False,500,-1,l1,newton-cholesky,"{'C': 3, 'dual': False, 'fit_intercept': False, 'max_iter': 500, 'n_jobs': -1, 'penalty': 'l1', 'solver': 'newton-cholesky'}",,,,,,,,109,,,,,,,,109,,,,,,,,109,,,,,,,,109,,,,,,,,109,,,,,,,,109,,,,,,,,109,,,,,,,,109,,,,,,,,109
166,0.003557157516479492,0.0011359168744276159,0.0,0.0,3,False,False,500,-1,l1,newton-cg,"{'C': 3, 'dual': False, 'fit_intercept': False, 'max_iter': 500, 'n_jobs': -1, 'penalty': 'l1', 'solver': 'newton-cg'}",,,,,,,,109,,,,,,,,109,,,,,,,,109,,,,,,,,109,,,,,,,,109,,,,,,,,109,,,,,,,,109,,,,,,,,109,,,,,,,,109
165,0.0032433509826660157,0.0026889619910879926,0.0,0.0,3,False,False,500,-1,l1,lbfgs,"{'C': 3, 'dual': False, 'fit_intercept': False, 'max_iter': 500, 'n_jobs': -1, 'penalty': 'l1', 'solver': 'lbfgs'}",,,,,,,,109,,,,,,,,109,,,,,,,,109,,,,,,,,109,,,,,,,,109,,,,,,,,109,,,,,,,,109,,,,,,,,109,,,,,,,,109
183,0.0015070915222167968,0.0018881735714170174,0.0,0.0,4,True,True,500,-1,l1,sag,"{'C': 4, 'dual': True, 'fit_intercept': True, 'max_iter': 500, 'n_jobs': -1, 'penalty': 'l1', 'solver': 'sag'}",,,,,,,,109,,,,,,,,109,,,,,,,,109,,,,,,,,109,,,,,,,,109,,,,,,,,109,,,,,,,,109,,,,,,,,109,,,,,,,,109
164,0.0016142368316650391,0.001977048638506758,0.0,0.0,3,False,True,500,-1,elasticnet,saga,"{'C': 3, 'dual': False, 'fit_intercept': True, 'max_iter': 500, 'n_jobs': -1, 'penalty': 'elasticnet', 'solver': 'saga'}",,,,,,,,109,,,,,,,,109,,,,,,,,109,,,,,,,,109,,,,,,,,109,,,,,,,,109,,,,,,,,109,,,,,,,,109,,,,,,,,109
162,0.0027524471282958985,0.0028930415755903426,0.0,0.0,3,False,True,500,-1,elasticnet,newton-cholesky,"{'C': 3, 'dual': False, 'fit_intercept': True, 'max_iter': 500, 'n_jobs': -1, 'penalty': 'elasticnet', 'solver': 'newton-cholesky'}",,,,,,,,109,,,,,,,,109,,,,,,,,109,,,,,,,,109,,,,,,,,109,,,,,,,,109,,,,,,,,109,,,,,,,,109,,,,,,,,109
161,0.0015445232391357421,0.001994341281154754,0.0,0.0,3,False,True,500,-1,elasticnet,newton-cg,"{'C': 3, 'dual': False, 'fit_intercept': True, 'max_iter': 500, 'n_jobs': -1, 'penalty': 'elasticnet', 'solver': 'newton-cg'}",,,,,,,,109,,,,,,,,109,,,,,,,,109,,,,,,,,109,,,,,,,,109,,,,,,,,109,,,,,,,,109,,,,,,,,109,,,,,,,,109
160,0.0018477439880371094,0.0021402856907085754,0.0,0.0,3,False,True,500,-1,elasticnet,lbfgs,"{'C': 3, 'dual': False, 'fit_intercept': True, 'max_iter': 500, 'n_jobs': -1, 'penalty': 'elasticnet', 'solver': 'lbfgs'}",,,,,,,,109,,,,,,,,109,,,,,,,,109,,,,,,,,109,,,,,,,,109,,,,,,,,109,,,,,,,,109,,,,,,,,109,,,,,,,,109
153,0.0016234874725341796,0.001248792752784121,0.0,0.0,3,False,True,500,-1,l1,sag,"{'C': 3, 'dual': False, 'fit_intercept': True, 'max_iter': 500, 'n_jobs': -1, 'penalty': 'l1', 'solver': 'sag'}",,,,,,,,109,,,,,,,,109,,,,,,,,109,,,,,,,,109,,,,,,,,109,,,,,,,,109,,,,,,,,109,,,,,,,,109,,,,,,,,109
152,0.0020926952362060546,0.0005771345629465064,0.0,0.0,3,False,True,500,-1,l1,newton-cholesky,"{'C': 3, 'dual': False, 'fit_intercept': True, 'max_iter': 500, 'n_jobs': -1, 'penalty': 'l1', 'solver': 'newton-cholesky'}",,,,,,,,109,,,,,,,,109,,,,,,,,109,,,,,,,,109,,,,,,,,109,,,,,,,,109,,,,,,,,109,,,,,,,,109,,,,,,,,109
151,0.0018033504486083985,0.0009868600721450965,0.0,0.0,3,False,True,500,-1,l1,newton-cg,"{'C': 3, 'dual': False, 'fit_intercept': True, 'max_iter': 500, 'n_jobs': -1, 'penalty': 'l1', 'solver': 'newton-cg'}",,,,,,,,109,,,,,,,,109,,,,,,,,109,,,,,,,,109,,,,,,,,109,,,,,,,,109,,,,,,,,109,,,,,,,,109,,,,,,,,109
150,0.001220846176147461,0.0009971968566968934,0.0,0.0,3,False,True,500,-1,l1,lbfgs,"{'C': 3, 'dual': False, 'fit_intercept': True, 'max_iter': 500, 'n_jobs': -1, 'penalty': 'l1', 'solver': 'lbfgs'}",,,,,,,,109,,,,,,,,109,,,,,,,,109,,,,,,,,109,,,,,,,,109,,,,,,,,109,,,,,,,,109,,,,,,,,109,,,,,,,,109
149,0.001954460144042969,0.00026528194084965136,0.0,0.0,3,True,False,500,-1,elasticnet,saga,"{'C': 3, 'dual': True, 'fit_intercept': False, 'max_iter': 500, 'n_jobs': -1, 'penalty': 'elasticnet', 'solver': 'saga'}",,,,,,,,109,,,,,,,,109,,,,,,,,109,,,,,,,,109,,,,,,,,109,,,,,,,,109,,,,,,,,109,,,,,,,,109,,,,,,,,109
148,0.0022758007049560546,0.0021744807881758097,0.0,0.0,3,True,False,500,-1,elasticnet,sag,"{'C': 3, 'dual': True, 'fit_intercept': False, 'max_iter': 500, 'n_jobs': -1, 'penalty': 'elasticnet', 'solver': 'sag'}",,,,,,,,109,,,,,,,,109,,,,,,,,109,,,,,,,,109,,,,,,,,109,,,,,,,,109,,,,,,,,109,,,,,,,,109,,,,,,,,109
147,0.002517223358154297,0.0005638977727637695,0.0,0.0,3,True,False,500,-1,elasticnet,newton-cholesky,"{'C': 3, 'dual': True, 'fit_intercept': False, 'max_iter': 500, 'n_jobs': -1, 'penalty': 'elasticnet', 'solver': 'newton-cholesky'}",,,,,,,,109,,,,,,,,109,,,,,,,,109,,,,,,,,109,,,,,,,,109,,,,,,,,109,,,,,,,,109,,,,,,,,109,,,,,,,,109
146,0.0023256778717041016,0.0010074194693886786,0.0,0.0,3,True,False,500,-1,elasticnet,newton-cg,"{'C': 3, 'dual': True, 'fit_intercept': False, 'max_iter': 500, 'n_jobs': -1, 'penalty': 'elasticnet', 'solver': 'newton-cg'}",,,,,,,,109,,,,,,,,109,,,,,,,,109,,,,,,,,109,,,,,,,,109,,,,,,,,109,,,,,,,,109,,,,,,,,109,,,,,,,,109
145,0.0007024288177490234,0.0007431908502713448,0.0,0.0,3,True,False,500,-1,elasticnet,lbfgs,"{'C': 3, 'dual': True, 'fit_intercept': False, 'max_iter': 500, 'n_jobs': -1, 'penalty': 'elasticnet', 'solver': 'lbfgs'}",,,,,,,,109,,,,,,,,109,,,,,,,,109,,,,,,,,109,,,,,,,,109,,,,,,,,109,,,,,,,,109,,,,,,,,109,,,,,,,,109
163,0.001790332794189453,0.002405185449815459,0.0,0.0,3,False,True,500,-1,elasticnet,sag,"{'C': 3, 'dual': False, 'fit_intercept': True, 'max_iter': 500, 'n_jobs': -1, 'penalty': 'elasticnet', 'solver': 'sag'}",,,,,,,,109,,,,,,,,109,,,,,,,,109,,,,,,,,109,,,,,,,,109,,,,,,,,109,,,,,,,,109,,,,,,,,109,,,,,,,,109
184,0.0029026031494140624,0.004277117292347146,0.0,0.0,4,True,True,500,-1,l1,saga,"{'C': 4, 'dual': True, 'fit_intercept': True, 'max_iter': 500, 'n_jobs': -1, 'penalty': 'l1', 'solver': 'saga'}",,,,,,,,109,,,,,,,,109,,,,,,,,109,,,,,,,,109,,,,,,,,109,,,,,,,,109,,,,,,,,109,,,,,,,,109,,,,,,,,109
185,0.0029758453369140626,0.0020563030240487294,0.0,0.0,4,True,True,500,-1,l2,lbfgs,"{'C': 4, 'dual': True, 'fit_intercept': True, 'max_iter': 500, 'n_jobs': -1, 'penalty': 'l2', 'solver': 'lbfgs'}",,,,,,,,109,,,,,,,,109,,,,,,,,109,,,,,,,,109,,,,,,,,109,,,,,,,,109,,,,,,,,109,,,,,,,,109,,,,,,,,109
186,0.00244140625,0.0012137875765805591,0.0,0.0,4,True,True,500,-1,l2,newton-cg,"{'C': 4, 'dual': True, 'fit_intercept': True, 'max_iter': 500, 'n_jobs': -1, 'penalty': 'l2', 'solver': 'newton-cg'}",,,,,,,,109,,,,,,,,109,,,,,,,,109,,,,,,,,109,,,,,,,,109,,,,,,,,109,,,,,,,,109,,,,,,,,109,,,,,,,,109
213,0.002016448974609375,0.0003111664293344575,0.0,0.0,4,False,True,500,-1,l1,sag,"{'C': 4, 'dual': False, 'fit_intercept': True, 'max_iter': 500, 'n_jobs': -1, 'penalty': 'l1', 'solver': 'sag'}",,,,,,,,109,,,,,,,,109,,,,,,,,109,,,,,,,,109,,,,,,,,109,,,,,,,,109,,,,,,,,109,,,,,,,,109,,,,,,,,109
212,0.0011199951171875,0.0007958697239071206,0.0,0.0,4,False,True,500,-1,l1,newton-cholesky,"{'C': 4, 'dual': False, 'fit_intercept': True, 'max_iter': 500, 'n_jobs': -1, 'penalty': 'l1', 'solver': 'newton-cholesky'}",,,,,,,,109,,,,,,,,109,,,,,,,,109,,,,,,,,109,,,,,,,,109,,,,,,,,109,,,,,,,,109,,,,,,,,109,,,,,,,,109
211,0.0014012813568115234,0.0012396834558554802,0.0,0.0,4,False,True,500,-1,l1,newton-cg,"{'C': 4, 'dual': False, 'fit_intercept': True, 'max_iter': 500, 'n_jobs': -1, 'penalty': 'l1', 'solver': 'newton-cg'}",,,,,,,,109,,,,,,,,109,,,,,,,,109,,,,,,,,109,,,,,,,,109,,,,,,,,109,,,,,,,,109,,,,,,,,109,,,,,,,,109
210,0.002632761001586914,0.004518958144281231,0.0,0.0,4,False,True,500,-1,l1,lbfgs,"{'C': 4, 'dual': False, 'fit_intercept': True, 'max_iter': 500, 'n_jobs': -1, 'penalty': 'l1', 'solver': 'lbfgs'}",,,,,,,,109,,,,,,,,109,,,,,,,,109,,,,,,,,109,,,,,,,,109,,,,,,,,109,,,,,,,,109,,,,,,,,109,,,,,,,,109
209,0.004039859771728516,0.00382697385876083,0.0,0.0,4,True,False,500,-1,elasticnet,saga,"{'C': 4, 'dual': True, 'fit_intercept': False, 'max_iter': 500, 'n_jobs': -1, 'penalty': 'elasticnet', 'solver': 'saga'}",,,,,,,,109,,,,,,,,109,,,,,,,,109,,,,,,,,109,,,,,,,,109,,,,,,,,109,,,,,,,,109,,,,,,,,109,,,,,,,,109
208,0.0,0.0,0.0,0.0,4,True,False,500,-1,elasticnet,sag,"{'C': 4, 'dual': True, 'fit_intercept': False, 'max_iter': 500, 'n_jobs': -1, 'penalty': 'elasticnet', 'solver': 'sag'}",,,,,,,,109,,,,,,,,109,,,,,,,,109,,,,,,,,109,,,,,,,,109,,,,,,,,109,,,,,,,,109,,,,,,,,109,,,,,,,,109
207,0.0018033027648925782,0.003606605529785157,0.0,0.0,4,True,False,500,-1,elasticnet,newton-cholesky,"{'C': 4, 'dual': True, 'fit_intercept': False, 'max_iter': 500, 'n_jobs': -1, 'penalty': 'elasticnet', 'solver': 'newton-cholesky'}",,,,,,,,109,,,,,,,,109,,,,,,,,109,,,,,,,,109,,,,,,,,109,,,,,,,,109,,,,,,,,109,,,,,,,,109,,,,,,,,109
206,0.0011200904846191406,0.0013824410637778884,0.0,0.0,4,True,False,500,-1,elasticnet,newton-cg,"{'C': 4, 'dual': True, 'fit_intercept': False, 'max_iter': 500, 'n_jobs': -1, 'penalty': 'elasticnet', 'solver': 'newton-cg'}",,,,,,,,109,,,,,,,,109,,,,,,,,109,,,,,,,,109,,,,,,,,109,,,,,,,,109,,,,,,,,109,,,,,,,,109,,,,,,,,109
205,0.0024169445037841796,0.0036942359944696452,0.0,0.0,4,True,False,500,-1,elasticnet,lbfgs,"{'C': 4, 'dual': True, 'fit_intercept': False, 'max_iter': 500, 'n_jobs': -1, 'penalty': 'elasticnet', 'solver': 'lbfgs'}",,,,,,,,109,,,,,,,,109,,,,,,,,109,,,,,,,,109,,,,,,,,109,,,,,,,,109,,,,,,,,109,,,,,,,,109,,,,,,,,109
204,0.0018033027648925782,0.003606605529785157,0.0,0.0,4,True,False,500,-1,l2,saga,"{'C': 4, 'dual': True, 'fit_intercept': False, 'max_iter': 500, 'n_jobs': -1, 'penalty': 'l2', 'solver': 'saga'}",,,,,,,,109,,,,,,,,109,,,,,,,,109,,,,,,,,109,,,,,,,,109,,,,,,,,109,,,,,,,,109,,,,,,,,109,,,,,,,,109
203,0.0012230396270751954,0.0014979340538756362,0.0,0.0,4,True,False,500,-1,l2,sag,"{'C': 4, 'dual': True, 'fit_intercept': False, 'max_iter': 500, 'n_jobs': -1, 'penalty': 'l2', 'solver': 'sag'}",,,,,,,,109,,,,,,,,109,,,,,,,,109,,,,,,,,109,,,,,,,,109,,,,,,,,109,,,,,,,,109,,,,,,,,109,,,,,,,,109
202,0.0009094715118408203,0.0011255927681260577,0.0,0.0,4,True,False,500,-1,l2,newton-cholesky,"{'C': 4, 'dual': True, 'fit_intercept': False, 'max_iter': 500, 'n_jobs': -1, 'penalty': 'l2', 'solver': 'newton-cholesky'}",,,,,,,,109,,,,,,,,109,,,,,,,,109,,,,,,,,109,,,,,,,,109,,,,,,,,109,,,,,,,,109,,,,,,,,109,,,,,,,,109
201,0.0023324966430664064,0.0021118617337177615,0.0,0.0,4,True,False,500,-1,l2,newton-cg,"{'C': 4, 'dual': True, 'fit_intercept': False, 'max_iter': 500, 'n_jobs': -1, 'penalty': 'l2', 'solver': 'newton-cg'}",,,,,,,,109,,,,,,,,109,,,,,,,,109,,,,,,,,109,,,,,,,,109,,,,,,,,109,,,,,,,,109,,,,,,,,109,,,,,,,,109
200,0.0,0.0,0.0,0.0,4,True,False,500,-1,l2,lbfgs,"{'C': 4, 'dual': True, 'fit_intercept': False, 'max_iter': 500, 'n_jobs': -1, 'penalty': 'l2', 'solver': 'lbfgs'}",,,,,,,,109,,,,,,,,109,,,,,,,,109,,,,,,,,109,,,,,,,,109,,,,,,,,109,,,,,,,,109,,,,,,,,109,,,,,,,,109
199,0.001626443862915039,0.0031929097095737737,0.0,0.0,4,True,False,500,-1,l1,saga,"{'C': 4, 'dual': True, 'fit_intercept': False, 'max_iter': 500, 'n_jobs': -1, 'penalty': 'l1', 'solver': 'saga'}",,,,,,,,109,,,,,,,,109,,,,,,,,109,,,,,,,,109,,,,,,,,109,,,,,,,,109,,,,,,,,109,,,,,,,,109,,,,,,,,109
198,0.0014259815216064453,0.0019735613938315485,0.0,0.0,4,True,False,500,-1,l1,sag,"{'C': 4, 'dual': True, 'fit_intercept': False, 'max_iter': 500, 'n_jobs': -1, 'penalty': 'l1', 'solver': 'sag'}",,,,,,,,109,,,,,,,,109,,,,,,,,109,,,,,,,,109,,,,,,,,109,,,,,,,,109,,,,,,,,109,,,,,,,,109,,,,,,,,109
197,0.0020246505737304688,0.003103176467171835,0.0,0.0,4,True,False,500,-1,l1,newton-cholesky,"{'C': 4, 'dual': True, 'fit_intercept': False, 'max_iter': 500, 'n_jobs': -1, 'penalty': 'l1', 'solver': 'newton-cholesky'}",,,,,,,,109,,,,,,,,109,,,,,,,,109,,,,,,,,109,,,,,,,,109,,,,,,,,109,,,,,,,,109,,,,,,,,109,,,,,,,,109
196,0.0013194084167480469,0.0010923201049189868,0.0,0.0,4,True,False,500,-1,l1,newton-cg,"{'C': 4, 'dual': True, 'fit_intercept': False, 'max_iter': 500, 'n_jobs': -1, 'penalty': 'l1', 'solver': 'newton-cg'}",,,,,,,,109,,,,,,,,109,,,,,,,,109,,,,,,,,109,,,,,,,,109,,,,,,,,109,,,,,,,,109,,,,,,,,109,,,,,,,,109
195,0.004140377044677734,0.0038114728741296404,0.0,0.0,4,True,False,500,-1,l1,lbfgs,"{'C': 4, 'dual': True, 'fit_intercept': False, 'max_iter': 500, 'n_jobs': -1, 'penalty': 'l1', 'solver': 'lbfgs'}",,,,,,,,109,,,,,,,,109,,,,,,,,109,,,,,,,,109,,,,,,,,109,,,,,,,,109,,,,,,,,109,,,,,,,,109,,,,,,,,109
194,0.0019316673278808594,0.001945085347853398,0.0,0.0,4,True,True,500,-1,elasticnet,saga,"{'C': 4, 'dual': True, 'fit_intercept': True, 'max_iter': 500, 'n_jobs': -1, 'penalty': 'elasticnet', 'solver': 'saga'}",,,,,,,,109,,,,,,,,109,,,,,,,,109,,,,,,,,109,,,,,,,,109,,,,,,,,109,,,,,,,,109,,,,,,,,109,,,,,,,,109
193,0.0022321701049804687,0.003956242144294854,0.0,0.0,4,True,True,500,-1,elasticnet,sag,"{'C': 4, 'dual': True, 'fit_intercept': True, 'max_iter': 500, 'n_jobs': -1, 'penalty': 'elasticnet', 'solver': 'sag'}",,,,,,,,109,,,,,,,,109,,,,,,,,109,,,,,,,,109,,,,,,,,109,,,,,,,,109,,,,,,,,109,,,,,,,,109,,,,,,,,109
192,0.0023850440979003907,0.003718154625580644,0.0,0.0,4,True,True,500,-1,elasticnet,newton-cholesky,"{'C': 4, 'dual': True, 'fit_intercept': True, 'max_iter': 500, 'n_jobs': -1, 'penalty': 'elasticnet', 'solver': 'newton-cholesky'}",,,,,,,,109,,,,,,,,109,,,,,,,,109,,,,,,,,109,,,,,,,,109,,,,,,,,109,,,,,,,,109,,,,,,,,109,,,,,,,,109
191,0.0002865314483642578,0.0005730628967285156,0.0,0.0,4,True,True,500,-1,elasticnet,newton-cg,"{'C': 4, 'dual': True, 'fit_intercept': True, 'max_iter': 500, 'n_jobs': -1, 'penalty': 'elasticnet', 'solver': 'newton-cg'}",,,,,,,,109,,,,,,,,109,,,,,,,,109,,,,,,,,109,,,,,,,,109,,,,,,,,109,,,,,,,,109,,,,,,,,109,,,,,,,,109
190,0.0017919063568115235,0.0010217651605194484,0.0,0.0,4,True,True,500,-1,elasticnet,lbfgs,"{'C': 4, 'dual': True, 'fit_intercept': True, 'max_iter': 500, 'n_jobs': -1, 'penalty': 'elasticnet', 'solver': 'lbfgs'}",,,,,,,,109,,,,,,,,109,,,,,,,,109,,,,,,,,109,,,,,,,,109,,,,,,,,109,,,,,,,,109,,,,,,,,109,,,,,,,,109
189,0.0017217159271240234,0.0004913686397320207,0.0,0.0,4,True,True,500,-1,l2,saga,"{'C': 4, 'dual': True, 'fit_intercept': True, 'max_iter': 500, 'n_jobs': -1, 'penalty': 'l2', 'solver': 'saga'}",,,,,,,,109,,,,,,,,109,,,,,,,,109,,,,,,,,109,,,,,,,,109,,,,,,,,109,,,,,,,,109,,,,,,,,109,,,,,,,,109
188,0.0016844749450683593,0.0014897345199252788,0.0,0.0,4,True,True,500,-1,l2,sag,"{'C': 4, 'dual': True, 'fit_intercept': True, 'max_iter': 500, 'n_jobs': -1, 'penalty': 'l2', 'solver': 'sag'}",,,,,,,,109,,,,,,,,109,,,,,,,,109,,,,,,,,109,,,,,,,,109,,,,,,,,109,,,,,,,,109,,,,,,,,109,,,,,,,,109
187,0.0012639522552490234,0.0010993015841631987,0.0,0.0,4,True,True,500,-1,l2,newton-cholesky,"{'C': 4, 'dual': True, 'fit_intercept': True, 'max_iter': 500, 'n_jobs': -1, 'penalty': 'l2', 'solver': 'newton-cholesky'}",,,,,,,,109,,,,,,,,109,,,,,,,,109,,,,,,,,109,,,,,,,,109,,,,,,,,109,,,,,,,,109,,,,,,,,109,,,,,,,,109
299,0.002232933044433594,0.001226650003482182,0.0,0.0,5,False,False,500,-1,elasticnet,saga,"{'C': 5, 'dual': False, 'fit_intercept': False, 'max_iter': 500, 'n_jobs': -1, 'penalty': 'elasticnet', 'solver': 'saga'}",,,,,,,,109,,,,,,,,109,,,,,,,,109,,,,,,,,109,,,,,,,,109,,,,,,,,109,,,,,,,,109,,,,,,,,109,,,,,,,,109
539,0.0020310401916503905,0.0003138303820108611,0.0,0.0,9,False,False,500,-1,elasticnet,saga,"{'C': 9, 'dual': False, 'fit_intercept': False, 'max_iter': 500, 'n_jobs': -1, 'penalty': 'elasticnet', 'solver': 'saga'}",,,,,,,,109,,,,,,,,109,,,,,,,,109,,,,,,,,109,,,,,,,,109,,,,,,,,109,,,,,,,,109,,,,,,,,109,,,,,,,,109
