,mean_fit_time,std_fit_time,mean_score_time,std_score_time,param_criterion,param_max_depth,param_min_samples_leaf,params,split0_test_accuracy_score,split1_test_accuracy_score,split2_test_accuracy_score,split3_test_accuracy_score,split4_test_accuracy_score,mean_test_accuracy_score,std_test_accuracy_score,rank_test_accuracy_score,split0_test_precision_0,split1_test_precision_0,split2_test_precision_0,split3_test_precision_0,split4_test_precision_0,mean_test_precision_0,std_test_precision_0,rank_test_precision_0,split0_test_precision_1,split1_test_precision_1,split2_test_precision_1,split3_test_precision_1,split4_test_precision_1,mean_test_precision_1,std_test_precision_1,rank_test_precision_1,split0_test_recall_0,split1_test_recall_0,split2_test_recall_0,split3_test_recall_0,split4_test_recall_0,mean_test_recall_0,std_test_recall_0,rank_test_recall_0,split0_test_recall_1,split1_test_recall_1,split2_test_recall_1,split3_test_recall_1,split4_test_recall_1,mean_test_recall_1,std_test_recall_1,rank_test_recall_1,split0_test_fbeta_score,split1_test_fbeta_score,split2_test_fbeta_score,split3_test_fbeta_score,split4_test_fbeta_score,mean_test_fbeta_score,std_test_fbeta_score,rank_test_fbeta_score,split0_test_balanced_accuracy_score,split1_test_balanced_accuracy_score,split2_test_balanced_accuracy_score,split3_test_balanced_accuracy_score,split4_test_balanced_accuracy_score,mean_test_balanced_accuracy_score,std_test_balanced_accuracy_score,rank_test_balanced_accuracy_score,split0_test_average_precision_score,split1_test_average_precision_score,split2_test_average_precision_score,split3_test_average_precision_score,split4_test_average_precision_score,mean_test_average_precision_score,std_test_average_precision_score,rank_test_average_precision_score,split0_test_roc_auc,split1_test_roc_auc,split2_test_roc_auc,split3_test_roc_auc,split4_test_roc_auc,mean_test_roc_auc,std_test_roc_auc,rank_test_roc_auc
27,0.5246877670288086,0.021731804211006657,0.05798006057739258,0.004340302701224156,gini,4,1,"{'criterion': 'gini', 'max_depth': 4, 'min_samples_leaf': 1}",0.7374301675977654,0.7450980392156863,0.7927170868347339,0.773109243697479,0.7815126050420168,0.7659734284775361,0.021251394062348914,1,0.7348066298342542,0.7291666666666666,0.8,0.8050314465408805,0.7941176470588235,0.7726244780201249,0.03340765821408103,1,0.7401129943502824,0.7636363636363637,0.7857142857142857,0.7474747474747475,0.7700534759358288,0.7613983734223015,0.016236487995107313,17,0.7430167597765364,0.7821229050279329,0.7821229050279329,0.7191011235955056,0.7584269662921348,0.7569581319440085,0.024067422055898027,65,0.7318435754189944,0.7078651685393258,0.8033707865168539,0.8268156424581006,0.8044692737430168,0.7748728893352583,0.04631993570404686,1,0.7384441939120632,0.7517899761336515,0.7891832229580574,0.7621009268795057,0.7766990291262136,0.7636434698018983,0.01789198075524827,2,0.7374301675977654,0.7449940367836294,0.7927468457723934,0.7729583830268031,0.7814481200175758,0.7659155106396334,0.021259856006457526,1,0.6757251522898715,0.6862098465535346,0.7292591193780883,0.7048585474480973,0.7175235762156564,0.7027152483770496,0.019643578941497368,1,0.7374301675977653,0.7449940367836294,0.7927468457723935,0.7729583830268031,0.7814481200175758,0.7659155106396334,0.02125985600645758,1
100,0.6434402942657471,0.060914251542694316,0.06612873077392578,0.009060193505242944,log_loss,4,2,"{'criterion': 'log_loss', 'max_depth': 4, 'min_samples_leaf': 2}",0.7597765363128491,0.7170868347338936,0.803921568627451,0.7619047619047619,0.7815126050420168,0.7648404613241945,0.028705274234272885,2,0.7540983606557377,0.696969696969697,0.807909604519774,0.7852760736196319,0.7976190476190477,0.7683745566767776,0.04001596005598051,3,0.7657142857142857,0.7421383647798742,0.8,0.7422680412371134,0.7671957671957672,0.7634632917854081,0.02125050846973477,10,0.770949720670391,0.770949720670391,0.7988826815642458,0.7191011235955056,0.7528089887640449,0.7625384470529156,0.026244488403050183,57,0.7486033519553073,0.6629213483146067,0.8089887640449438,0.8044692737430168,0.8100558659217877,0.7670077207959325,0.0569062605852859,3,0.7622298065984073,0.7248157248157249,0.8017817371937639,0.7539267015706806,0.7754010695187166,0.7636310079394587,0.025285472601822994,3,0.7597765363128491,0.7169355344924988,0.8039357228045948,0.7617851986692612,0.7814324273429163,0.764773083924424,0.028752634972045842,2,0.6989146049481245,0.6600465923066279,0.7424291064740504,0.6951710477429468,0.7167095267653927,0.7026541756474284,0.027073920173129738,2,0.7597765363128491,0.7169355344924989,0.8039357228045948,0.7617851986692612,0.7814324273429164,0.764773083924424,0.02875263497204582,2
64,0.5999139308929443,0.04192137716738966,0.061538410186767575,0.0016260190960889248,entropy,4,2,"{'criterion': 'entropy', 'max_depth': 4, 'min_samples_leaf': 2}",0.7541899441340782,0.7170868347338936,0.7899159663865546,0.7647058823529411,0.7871148459383753,0.7626026947091685,0.02643388600792037,3,0.7513812154696132,0.693069306930693,0.7857142857142857,0.7640449438202247,0.7965116279069767,0.7581442759683588,0.03618692469893834,6,0.7570621468926554,0.7483870967741936,0.7942857142857143,0.7653631284916201,0.7783783783783784,0.7686952929645124,0.016170887709936615,1,0.7597765363128491,0.7821229050279329,0.7988826815642458,0.7640449438202247,0.7696629213483146,0.7748979976147135,0.014151450408869103,13,0.7486033519553073,0.651685393258427,0.7808988764044944,0.7653631284916201,0.8044692737430168,0.7502040047705731,0.052583595344899654,7,0.7553551296505073,0.7268170426065163,0.7915717539863326,0.7653631284916201,0.7834602829162133,0.764513467530238,0.022789252764005667,1,0.7541899441340782,0.71690414914318,0.7898907789843701,0.7647040361559224,0.7870660975456657,0.7625510011926433,0.0264825653425579,3,0.6924375848246694,0.6613824072579376,0.7295005193088471,0.7034277772780096,0.7242207044375957,0.7021937986214118,0.024466784220783817,3,0.7541899441340782,0.71690414914318,0.7898907789843701,0.7647040361559224,0.7870660975456656,0.7625510011926433,0.026482565342557877,3
30,0.5251489162445069,0.022424855792190484,0.06889352798461915,0.015039072683464626,gini,4,4,"{'criterion': 'gini', 'max_depth': 4, 'min_samples_leaf': 4}",0.7374301675977654,0.7338935574229691,0.7843137254901961,0.7675070028011205,0.7787114845938375,0.7603711875811776,0.020918349703381137,5,0.7135678391959799,0.7210526315789474,0.7802197802197802,0.7777777777777778,0.7861271676300579,0.7557490392805086,0.031591161776306054,9,0.7672955974842768,0.7485029940119761,0.7885714285714286,0.7580645161290323,0.7717391304347826,0.7668347333262993,0.013488653030788335,3,0.7932960893854749,0.7653631284916201,0.7932960893854749,0.7471910112359551,0.7640449438202247,0.77263825246375,0.018043430499367307,24,0.6815642458100558,0.702247191011236,0.7752808988764045,0.7877094972067039,0.7932960893854749,0.7480195844579749,0.04664730297225084,9,0.7484662576687117,0.7387706855791962,0.785876993166287,0.7638136511375948,0.7759562841530054,0.762576774340959,0.01725849290766474,4,0.7374301675977654,0.7338051597514281,0.7842884941309397,0.7674502542213295,0.7786705166028498,0.7603289184608626,0.02092391683634831,5,0.6821791223077194,0.6740935087619115,0.7234091838982785,0.7035771958810556,0.715859090782293,0.6998236203262517,0.018978258100477475,4,0.7374301675977653,0.7338051597514281,0.7842884941309396,0.7674502542213294,0.7786705166028497,0.7603289184608625,0.020923916836348283,5
33,0.5599397182464599,0.04208670189387469,0.0598027229309082,0.004771467196804626,gini,4,7,"{'criterion': 'gini', 'max_depth': 4, 'min_samples_leaf': 7}",0.7513966480446927,0.7198879551820728,0.7899159663865546,0.773109243697479,0.7759103641456583,0.7620440354912914,0.02442154950572464,4,0.7368421052631579,0.7068062827225131,0.8132530120481928,0.8089171974522293,0.7848837209302325,0.7701404636832652,0.04171256332090087,2,0.7678571428571429,0.7349397590361446,0.7696335078534031,0.745,0.7675675675675676,0.7569995954628517,0.014281532036603258,43,0.7821229050279329,0.7541899441340782,0.7541899441340782,0.7134831460674157,0.7584269662921348,0.752482581131128,0.02209375761515592,84,0.7206703910614525,0.6853932584269663,0.8258426966292135,0.8324022346368715,0.7932960893854749,0.7715209340279957,0.058541093722618696,2,0.7579318448883666,0.7244655581947743,0.7802547770700637,0.7609805924412666,0.7725788900979326,0.7592423325384807,0.01914967128622962,7,0.7513966480446927,0.7197916012805223,0.7900163203816459,0.7729426903521436,0.7758615278388048,0.7620017575795618,0.024457222301810886,4,0.6930367118914605,0.6605855012913519,0.7224309454354129,0.7041732782498474,0.7125498062731057,0.6985552486282357,0.021305467650699815,5,0.7513966480446927,0.7197916012805223,0.7900163203816459,0.7729426903521436,0.7758615278388048,0.7620017575795618,0.024457222301810886,4
103,0.5914420127868653,0.02720033090478118,0.060956287384033206,0.005784382997155835,log_loss,4,5,"{'criterion': 'log_loss', 'max_depth': 4, 'min_samples_leaf': 5}",0.729050279329609,0.7170868347338936,0.7927170868347339,0.7647058823529411,0.7843137254901961,0.7575747617482746,0.029845356110212804,8,0.6952380952380952,0.695,0.7932960893854749,0.7865853658536586,0.8023952095808383,0.7545029520116133,0.04874583401029984,14,0.777027027027027,0.7452229299363057,0.7921348314606742,0.7461139896373057,0.7684210526315789,0.7657839661385782,0.01809636942487608,5,0.8156424581005587,0.776536312849162,0.7932960893854749,0.7247191011235955,0.7528089887640449,0.7726005900445672,0.03156181387452187,27,0.6424581005586593,0.6573033707865169,0.7921348314606742,0.8044692737430168,0.8156424581005587,0.7424016069298852,0.07605317274979169,19,0.7457846952010376,0.7258064516129032,0.7921348314606742,0.7570977917981072,0.777422790202343,0.7596493120550131,0.02330357292580802,5,0.729050279329609,0.7169198418178395,0.7927154604230746,0.7645941874333062,0.7842257234323018,0.7575010984872262,0.02986923594405109,8,0.6779782575871961,0.6607058911734736,0.7311190477958638,0.6982649950593025,0.7191938110145557,0.6974524005260784,0.025831533330784445,6,0.729050279329609,0.7169198418178395,0.7927154604230745,0.7645941874333062,0.784225723432302,0.7575010984872262,0.029869235944051106,8
107,0.5737922191619873,0.05370989721403977,0.04633021354675293,0.013997401388689438,log_loss,4,9,"{'criterion': 'log_loss', 'max_depth': 4, 'min_samples_leaf': 9}",0.7541899441340782,0.7142857142857143,0.7927170868347339,0.7703081232492998,0.7675070028011205,0.7598015742609893,0.025908979410981314,6,0.7486338797814208,0.6994818652849741,0.7932960893854749,0.7891566265060241,0.7844311377245509,0.762999919736489,0.03550282989896898,5,0.76,0.7317073170731707,0.7921348314606742,0.7539267015706806,0.7526315789473684,0.7580800858103787,0.019523685770606567,35,0.7653631284916201,0.7541899441340782,0.7932960893854749,0.7359550561797753,0.7359550561797753,0.7569518548741447,0.021358895888329264,66,0.7430167597765364,0.6741573033707865,0.7921348314606742,0.8044692737430168,0.7988826815642458,0.762532169983052,0.04928968698381347,5,0.7565415244596132,0.7194244604316546,0.7921348314606742,0.7635206786850477,0.7614483493077743,0.7586139688689528,0.023220122049512442,10,0.7541899441340782,0.7141736237524323,0.7927154604230746,0.770212164961396,0.7674188688720105,0.7597420124285984,0.025934957105984927,6,0.6931843575418994,0.6557508177291196,0.7311190477958638,0.7045500817543081,0.7021046701538598,0.6973417949950101,0.024341901571833642,7,0.7541899441340782,0.7141736237524323,0.7927154604230745,0.770212164961396,0.7674188688720106,0.7597420124285983,0.025934957105984903,6
28,0.5207247734069824,0.017420799906292365,0.05993056297302246,0.004885476008035437,gini,4,2,"{'criterion': 'gini', 'max_depth': 4, 'min_samples_leaf': 2}",0.7430167597765364,0.7142857142857143,0.7927170868347339,0.7591036414565826,0.7815126050420168,0.7581271614791167,0.02790946847043984,7,0.7253886010362695,0.6915422885572139,0.8,0.7738095238095238,0.7906976744186046,0.7562876175643224,0.0413486358663091,8,0.7636363636363637,0.7435897435897436,0.7857142857142857,0.746031746031746,0.772972972972973,0.7623890223890224,0.015991354867834207,13,0.7821229050279329,0.776536312849162,0.7821229050279329,0.7303370786516854,0.7640449438202247,0.7670328290753876,0.019499961773307282,41,0.7039106145251397,0.651685393258427,0.8033707865168539,0.7877094972067039,0.7988826815642458,0.749111794614274,0.06073880538516659,8,0.7508939213349225,0.7231920199501247,0.7891832229580574,0.7540106951871658,0.7780195865070729,0.7590598891874686,0.02300246419214263,8,0.7430167597765363,0.7141108530537945,0.7927468457723934,0.7590232879291947,0.7814638126922353,0.7580723118448308,0.027963080937614716,7,0.685576434738446,0.6582560422613298,0.7292591193780883,0.6940988685977184,0.7183550575597897,0.6971091045070745,0.025046510397332838,8,0.7430167597765364,0.7141108530537945,0.7927468457723935,0.7590232879291946,0.7814638126922352,0.7580723118448309,0.027963080937614713,7
104,0.6273198127746582,0.023361749411765765,0.0657383918762207,0.0024298671042461847,log_loss,4,6,"{'criterion': 'log_loss', 'max_depth': 4, 'min_samples_leaf': 6}",0.7262569832402235,0.7310924369747899,0.7983193277310925,0.7647058823529411,0.7619047619047619,0.7564558784407618,0.02609819425312869,9,0.6901408450704225,0.7128205128205128,0.8092485549132948,0.7582417582417582,0.7852760736196319,0.751145548933124,0.04423028485612295,17,0.7793103448275862,0.7530864197530864,0.7880434782608695,0.7714285714285715,0.7422680412371134,0.7668273711014454,0.016846918459119283,4,0.8212290502793296,0.776536312849162,0.7821229050279329,0.7752808988764045,0.7191011235955056,0.7748540581256669,0.03260330632082127,14,0.6312849162011173,0.6853932584269663,0.8146067415730337,0.7541899441340782,0.8044692737430168,0.7379888268156425,0.07029146355335122,25,0.7444005270092227,0.738498789346247,0.7932166301969366,0.7679180887372014,0.7539267015706806,0.7595921473720576,0.01953325115303779,6,0.7262569832402235,0.7309647856380641,0.7983648233004833,0.7647354215052413,0.7617851986692612,0.7564214424706547,0.02613455682095374,9,0.6763244076285879,0.6730231002097052,0.7343825048338827,0.7050529709090341,0.6951710477429468,0.6967908062648313,0.022216210783317897,9,0.7262569832402234,0.7309647856380642,0.7983648233004834,0.7647354215052413,0.7617851986692612,0.7564214424706547,0.026134556820953777,9
34,0.49598126411437987,0.007151197699058416,0.06385340690612792,0.0023158824859214264,gini,4,8,"{'criterion': 'gini', 'max_depth': 4, 'min_samples_leaf': 8}",0.7486033519553073,0.7170868347338936,0.7815126050420168,0.7591036414565826,0.773109243697479,0.7558831353770559,0.022459422845855035,11,0.7305699481865285,0.695,0.7700534759358288,0.7674418604651163,0.783625730994152,0.7493382031163252,0.0323647561905926,23,0.7696969696969697,0.7452229299363057,0.7941176470588235,0.7513513513513513,0.7634408602150538,0.7647659516517008,0.01702629747500783,6,0.7877094972067039,0.776536312849162,0.8044692737430168,0.7415730337078652,0.7528089887640449,0.7726194212541586,0.022863932079599154,26,0.7094972067039106,0.6573033707865169,0.7584269662921348,0.776536312849162,0.7932960893854749,0.7390119892034399,0.04955643337164916,24,0.7568533969010727,0.7258064516129032,0.7867132867132867,0.7562568008705114,0.7692307692307693,0.7589721410657086,0.019933066596787723,9,0.7486033519553073,0.7169198418178395,0.7814481200175758,0.7590546732785136,0.7730525390747599,0.7558157052287993,0.022492337687265426,11,0.6913492466565092,0.6607058911734736,0.7227284172095804,0.6954964259597844,0.7092761054683182,0.6959112172935332,0.020775856480179697,10,0.7486033519553074,0.7169198418178395,0.7814481200175758,0.7590546732785136,0.7730525390747599,0.7558157052287993,0.02249233768726542,11
69,0.5909806728363037,0.022913436935783186,0.06239161491394043,0.005163755975811347,entropy,4,7,"{'criterion': 'entropy', 'max_depth': 4, 'min_samples_leaf': 7}",0.7374301675977654,0.7142857142857143,0.7899159663865546,0.7563025210084033,0.7759103641456583,0.7547689466848191,0.0269226660718555,13,0.7093596059113301,0.6878048780487804,0.7988505747126436,0.7692307692307693,0.788235294117647,0.7506962244042341,0.044126160121474134,21,0.7741935483870968,0.75,0.7814207650273224,0.7446808510638298,0.7647058823529411,0.763000209366238,0.013943610449339096,12,0.8044692737430168,0.7877094972067039,0.776536312849162,0.7303370786516854,0.7528089887640449,0.7703722302429226,0.026124570541067257,34,0.6703910614525139,0.6404494382022472,0.8033707865168539,0.7821229050279329,0.7988826815642458,0.7390433745527587,0.0692943127805993,23,0.7509386733416771,0.7251908396946565,0.7857142857142857,0.7518796992481203,0.7713052858683926,0.7570057567734265,0.020513074280251134,11,0.7374301675977654,0.7140794677044755,0.7899535496830079,0.7562299918398092,0.7758458351641453,0.7547078023978406,0.026983604043408858,12,0.6838169039466571,0.6596087873351588,0.7258098302868762,0.6916756480317077,0.7117506220365241,0.6945323583273847,0.02287962597807125,11,0.7374301675977654,0.7140794677044755,0.789953549683008,0.7562299918398091,0.7758458351641454,0.7547078023978406,0.026983604043408903,12
65,0.6912771224975586,0.06516985373493496,0.06770663261413574,0.008796841229780372,entropy,4,3,"{'criterion': 'entropy', 'max_depth': 4, 'min_samples_leaf': 3}",0.7318435754189944,0.7226890756302521,0.7899159663865546,0.7759103641456583,0.7535014005602241,0.7547720764283367,0.02545022563720295,12,0.7128205128205128,0.6923076923076923,0.7795698924731183,0.8024691358024691,0.7884615384615384,0.7551257543730662,0.0440136990899121,12,0.754601226993865,0.7651006711409396,0.8011695906432749,0.7538461538461538,0.7263681592039801,0.7602171603656427,0.024161264596401468,23,0.776536312849162,0.8044692737430168,0.8100558659217877,0.7303370786516854,0.6910112359550562,0.7624819534241416,0.04553041547454602,60,0.6871508379888268,0.6404494382022472,0.7696629213483146,0.8212290502793296,0.8156424581005587,0.7468269411838554,0.07165213413372312,13,0.740072202166065,0.7364341085271318,0.7946635730858469,0.7664233576642335,0.7426246185147508,0.7560435719916054,0.021995128819861952,13,0.7318435754189945,0.722459355972632,0.7898593936350511,0.7757830644655075,0.7533268470278074,0.7546544473039984,0.02547323699027018,13,0.6749494464818178,0.6692800036838504,0.7314764660052865,0.708716215321539,0.6848936856490283,0.6938631634283043,0.023142539379578945,12,0.7318435754189944,0.722459355972632,0.7898593936350511,0.7757830644655075,0.7533268470278075,0.7546544473039984,0.0254732369902702,13
63,0.5884114265441894,0.017464019082570788,0.064658784866333,0.008302877259088244,entropy,4,1,"{'criterion': 'entropy', 'max_depth': 4, 'min_samples_leaf': 1}",0.723463687150838,0.7170868347338936,0.7815126050420168,0.7619047619047619,0.7843137254901961,0.7536563228643411,0.028400029058368435,14,0.696078431372549,0.6893203883495146,0.7759562841530054,0.7818181818181819,0.8023952095808383,0.7491136990548177,0.04694040169137433,26,0.7597402597402597,0.7549668874172185,0.7873563218390804,0.7447916666666666,0.7684210526315789,0.7630552376589608,0.014347844272048474,11,0.7932960893854749,0.7932960893854749,0.7932960893854749,0.7247191011235955,0.7528089887640449,0.771483271608813,0.02815320066710164,30,0.6536312849162011,0.6404494382022472,0.7696629213483146,0.7988826815642458,0.8156424581005587,0.7356537568263135,0.07395168789075471,32,0.7358490566037735,0.7289002557544757,0.7837528604118993,0.7550158394931362,0.777422790202343,0.7561881604931255,0.021773403083000704,12,0.723463687150838,0.716872763793861,0.7814795053668948,0.7618008913439207,0.7842257234323018,0.7535685142175632,0.028423717732910896,14,0.6697743597184938,0.6627898275911303,0.7208449051840806,0.6958415000078243,0.7191938110145557,0.6936888807032169,0.024162949748796826,13,0.723463687150838,0.716872763793861,0.7814795053668947,0.7618008913439206,0.784225723432302,0.7535685142175632,0.028423717732910914,14
29,0.5286478519439697,0.00831381377061147,0.057350444793701175,0.004125240032769572,gini,4,3,"{'criterion': 'gini', 'max_depth': 4, 'min_samples_leaf': 3}",0.7402234636871509,0.7142857142857143,0.7899159663865546,0.7647058823529411,0.7703081232492998,0.7558878299923321,0.026152343583414894,10,0.7216494845360825,0.6994818652849741,0.8095238095238095,0.7901234567901234,0.8,0.7641557232269978,0.044736756357103384,4,0.7621951219512195,0.7317073170731707,0.7724867724867724,0.7435897435897436,0.7461928934010152,0.7512343697003843,0.014401147801849866,63,0.7821229050279329,0.7541899441340782,0.7597765363128491,0.7191011235955056,0.7191011235955056,0.7468583265331743,0.024515904579747456,93,0.6983240223463687,0.6741573033707865,0.8202247191011236,0.8100558659217877,0.8212290502793296,0.7647981922038791,0.06471380786830191,4,0.7485029940119761,0.7194244604316546,0.7815845824411135,0.7559958289885297,0.7600827300930714,0.7531181191932691,0.020118094192419833,19,0.7402234636871508,0.7141736237524323,0.7900006277069864,0.7645784947586467,0.7701650869374176,0.7558282593685268,0.02618579889386257,10,0.6830971522005723,0.6557508177291196,0.7232486003140333,0.6975873288722451,0.7024311355146374,0.6924230069261216,0.022400317379836852,14,0.7402234636871509,0.7141736237524323,0.7900006277069863,0.7645784947586467,0.7701650869374176,0.7558282593685268,0.026185798893862525,10
56,0.5520697116851807,0.03891310713117035,0.06157441139221191,0.0035212629262164285,entropy,3,3,"{'criterion': 'entropy', 'max_depth': 3, 'min_samples_leaf': 3}",0.7262569832402235,0.7142857142857143,0.7787114845938375,0.7478991596638656,0.7815126050420168,0.7497331893651314,0.02705805707583791,23,0.6919431279620853,0.6915422885572139,0.7688172043010753,0.7471910112359551,0.7808988764044944,0.7360785016921648,0.03777719418094655,52,0.7755102040816326,0.7435897435897436,0.7894736842105263,0.7486033519553073,0.7821229050279329,0.7678599777730285,0.01837917989254748,2,0.8156424581005587,0.776536312849162,0.7988826815642458,0.7471910112359551,0.7808988764044944,0.7838302680308832,0.022990522254848503,4,0.6368715083798883,0.651685393258427,0.7584269662921348,0.7486033519553073,0.7821229050279329,0.715542024982738,0.05938333557088843,65,0.7431551499348109,0.7231920199501247,0.7830626450116009,0.7486033519553073,0.7821229050279329,0.7560272143759554,0.02328455861492031,14,0.7262569832402235,0.7141108530537945,0.7786548239281903,0.7478971815956312,0.7815108907162136,0.7496861465068105,0.02709142375967686,23,0.6754645992475202,0.6582560422613298,0.719206310554973,0.6864573987267888,0.7209599360483246,0.6920688573677873,0.02458305153571974,15,0.7262569832402235,0.7141108530537945,0.7786548239281903,0.7478971815956311,0.7815108907162137,0.7496861465068105,0.027091423759676887,23
35,0.7160786151885986,0.044609476434354846,0.07575383186340331,0.012554529211366083,gini,4,9,"{'criterion': 'gini', 'max_depth': 4, 'min_samples_leaf': 9}",0.723463687150838,0.7198879551820728,0.7787114845938375,0.7591036414565826,0.7787114845938375,0.7519756505954336,0.02577972129137016,16,0.6923076923076923,0.6926829268292682,0.7976190476190477,0.7705882352941177,0.7928994082840237,0.7492194620668299,0.047206803336357746,25,0.7666666666666667,0.756578947368421,0.7619047619047619,0.7486631016042781,0.7659574468085106,0.7599541848705277,0.006690024006638897,27,0.8044692737430168,0.7932960893854749,0.7486033519553073,0.7359550561797753,0.7528089887640449,0.7670265520055237,0.026829227580134455,42,0.6424581005586593,0.6460674157303371,0.8089887640449438,0.7821229050279329,0.8044692737430168,0.736821291820978,0.07612792858755354,28,0.7381258023106547,0.7315521628498728,0.7708779443254818,0.7551240560949298,0.7733619763694952,0.7538083883900869,0.016832864317431445,15,0.723463687150838,0.719681752557906,0.7787960580001255,0.7590389806038541,0.7786391312535308,0.7519239219132509,0.025830139820014968,16,0.6713221601489758,0.6652715935575886,0.7116104868913857,0.6947902573929521,0.7142284466383725,0.6914445889258549,0.020134045479932923,16,0.723463687150838,0.7196817525579059,0.7787960580001255,0.7590389806038541,0.7786391312535309,0.7519239219132509,0.025830139820015016,16
102,0.5877015590667725,0.01727635539629582,0.06275768280029297,0.00528020783579273,log_loss,4,4,"{'criterion': 'log_loss', 'max_depth': 4, 'min_samples_leaf': 4}",0.723463687150838,0.7058823529411765,0.7899159663865546,0.7535014005602241,0.7815126050420168,0.7508552024161619,0.03238973380799017,19,0.6923076923076923,0.6761904761904762,0.7988505747126436,0.7678571428571429,0.7941176470588235,0.7458647066253556,0.05165727034631928,30,0.7666666666666667,0.7482993197278912,0.7814207650273224,0.7407407407407407,0.7700534759358288,0.76143619361969,0.014845051179917046,16,0.8044692737430168,0.7932960893854749,0.776536312849162,0.7247191011235955,0.7584269662921348,0.7714895486786768,0.028095420034649776,29,0.6424581005586593,0.6179775280898876,0.8033707865168539,0.7821229050279329,0.8044692737430168,0.7300797187872701,0.08229013169231114,40,0.7381258023106547,0.7180156657963447,0.7857142857142857,0.7486631016042781,0.7766990291262136,0.7534435769103554,0.024879062495253405,18,0.723463687150838,0.7056368087376812,0.7899535496830079,0.7534210030757642,0.7814481200175758,0.7507846337329733,0.03245354845032482,20,0.6713221601489758,0.6529083543529771,0.7258098302868762,0.6885939974996826,0.7175235762156564,0.6912315837008336,0.027418737834367372,17,0.723463687150838,0.7056368087376812,0.789953549683008,0.7534210030757642,0.7814481200175758,0.7507846337329734,0.032453548450324846,20
67,0.6069360733032226,0.03491855600250129,0.06015863418579102,0.005027932519825333,entropy,4,5,"{'criterion': 'entropy', 'max_depth': 4, 'min_samples_leaf': 5}",0.7318435754189944,0.7086834733893558,0.7843137254901961,0.7619047619047619,0.7675070028011205,0.7508505078008857,0.02705085790595567,21,0.7024390243902439,0.6811594202898551,0.7865168539325843,0.7597765363128491,0.7987421383647799,0.7457267946580626,0.04629174382563336,31,0.7712418300653595,0.7466666666666667,0.7821229050279329,0.7640449438202247,0.7424242424242424,0.7613001176008852,0.01490232695830455,18,0.8044692737430168,0.7877094972067039,0.7821229050279329,0.7640449438202247,0.7134831460674157,0.7703659531730588,0.031233539069143456,35,0.659217877094972,0.6292134831460674,0.7865168539325843,0.7597765363128491,0.8212290502793296,0.7311907601531604,0.07424887589973964,35,0.7458912768647282,0.7197943444730077,0.7829977628635347,0.7631874298540965,0.756951596292482,0.7537644820695698,0.020830227826528974,16,0.7318435754189945,0.7084614901763857,0.7843198794802586,0.7619107400665369,0.7673560981733727,0.7507783566631095,0.027103609932011052,21,0.6788074633950414,0.6546866836622289,0.7215954236819955,0.7009516002747844,0.6993362098521481,0.6910754761732397,0.022679916675577103,18,0.7318435754189945,0.7084614901763856,0.7843198794802587,0.7619107400665369,0.7673560981733727,0.7507783566631098,0.027103609932011115,21
66,0.5680721759796142,0.020080857564789518,0.06099233627319336,0.001209151266211807,entropy,4,4,"{'criterion': 'entropy', 'max_depth': 4, 'min_samples_leaf': 4}",0.7178770949720671,0.7058823529411765,0.7983193277310925,0.7535014005602241,0.7759103641456583,0.7502981080700437,0.03462995141712406,22,0.6857142857142857,0.685,0.8022598870056498,0.7586206896551724,0.7916666666666666,0.7446523058083548,0.050509775462721854,32,0.7635135135135135,0.732484076433121,0.7944444444444444,0.7486338797814208,0.7619047619047619,0.7601961352154524,0.020437783841002484,25,0.8044692737430168,0.7653631284916201,0.7932960893854749,0.7415730337078652,0.7471910112359551,0.7703785073127865,0.02481920720931923,33,0.6312849162011173,0.6460674157303371,0.8033707865168539,0.7653631284916201,0.8044692737430168,0.7301111041365891,0.07611672701001748,39,0.7328145265888456,0.7133995037220844,0.7962138084632516,0.75192096597146,0.7700534759358288,0.7528804561362941,0.028757606946476336,20,0.717877094972067,0.7057152721109786,0.7983334379511644,0.7534680810997427,0.775830142489486,0.7502448057246877,0.03466428586930553,22,0.6663521062962403,0.6497046825600633,0.7362726738635529,0.6906238271478571,0.7109681861571444,0.6907842952049716,0.03085797863399569,19,0.717877094972067,0.7057152721109787,0.7983334379511644,0.7534680810997427,0.7758301424894859,0.7502448057246878,0.034664285869305485,22
99,0.6353086471557617,0.07134386576430961,0.06447162628173828,0.007484524371634938,log_loss,4,1,"{'criterion': 'log_loss', 'max_depth': 4, 'min_samples_leaf': 1}",0.7374301675977654,0.7058823529411765,0.7787114845938375,0.7675070028011205,0.773109243697479,0.7525280503262757,0.02733969244631824,15,0.7202072538860104,0.6761904761904762,0.7976190476190477,0.7914110429447853,0.7904191616766467,0.7551693964633932,0.04861686339447553,11,0.7575757575757576,0.7482993197278912,0.7619047619047619,0.7474226804123711,0.7578947368421053,0.7546194512925775,0.005732025245653612,50,0.776536312849162,0.7932960893854749,0.7486033519553073,0.7247191011235955,0.7415730337078652,0.7569455778042811,0.024696599908390397,68,0.6983240223463687,0.6179775280898876,0.8089887640449438,0.8100558659217877,0.8044692737430168,0.7479630908292009,0.07763102196689425,11,0.7449344457687723,0.7180156657963447,0.7708779443254818,0.7591623036649214,0.7667731629392971,0.7519527044989636,0.019135138162624406,25,0.7374301675977654,0.7056368087376812,0.7787960580001255,0.7673874835226916,0.773021153725441,0.7524543343167409,0.027413448157262293,15,0.6798713390892162,0.6529083543529771,0.7116104868913857,0.7006922218291222,0.7077422442072978,0.6905649292739998,0.021784894785443175,20,0.7374301675977654,0.7056368087376812,0.7787960580001255,0.7673874835226916,0.773021153725441,0.7524543343167409,0.027413448157262293,15
68,0.5833867073059082,0.015390428987774773,0.05833792686462402,0.003966401966415257,entropy,4,6,"{'criterion': 'entropy', 'max_depth': 4, 'min_samples_leaf': 6}",0.7262569832402235,0.711484593837535,0.7815126050420168,0.7591036414565826,0.7787114845938375,0.751413861634039,0.028062224591076015,17,0.6919431279620853,0.69,0.7988165680473372,0.7738095238095238,0.8,0.7509138439637892,0.04983247049230577,19,0.7755102040816326,0.7388535031847133,0.7659574468085106,0.746031746031746,0.7604166666666666,0.7573539133546539,0.013292921334668417,40,0.8156424581005587,0.770949720670391,0.7541899441340782,0.7303370786516854,0.7415730337078652,0.7625384470529156,0.029789124518329293,57,0.6368715083798883,0.651685393258427,0.8089887640449438,0.7877094972067039,0.8156424581005587,0.7401795241981043,0.0789838231016071,20,0.7431551499348109,0.7196029776674938,0.7741935483870968,0.7540106951871658,0.7708553326293559,0.7523635407611847,0.019896018058763,23,0.7262569832402235,0.711317556964409,0.781589354089511,0.7590232879291947,0.778607745904212,0.7513589856255101,0.028101737230892584,17,0.6754645992475202,0.6551695035704113,0.7148890634427331,0.6940988685977184,0.7126650939705491,0.6904574257657864,0.02268641819433968,21,0.7262569832402235,0.711317556964409,0.781589354089511,0.7590232879291946,0.778607745904212,0.7513589856255101,0.028101737230892578,17
91,0.5431563854217529,0.0169664163075419,0.06471219062805175,0.006730583693881424,log_loss,3,2,"{'criterion': 'log_loss', 'max_depth': 3, 'min_samples_leaf': 2}",0.7262569832402235,0.7058823529411765,0.7759103641456583,0.7619047619047619,0.7759103641456583,0.7491729652754956,0.02825276974391914,26,0.6956521739130435,0.6761904761904762,0.7734806629834254,0.7657142857142857,0.788235294117647,0.7398545785837756,0.04504908912001926,42,0.7682119205298014,0.7482993197278912,0.7784090909090909,0.7582417582417582,0.7647058823529411,0.7635735943522965,0.010046094221570706,9,0.8044692737430168,0.7932960893854749,0.7821229050279329,0.7528089887640449,0.7528089887640449,0.7771012491369028,0.02105576632398353,10,0.6480446927374302,0.6179775280898876,0.7696629213483146,0.770949720670391,0.7988826815642458,0.7211035088820538,0.07330050423106597,55,0.7407407407407407,0.7180156657963447,0.7766439909297053,0.7607497243660419,0.7713052858683926,0.7534910815402451,0.021573906912843204,17,0.7262569832402235,0.7056368087376812,0.7758929131881238,0.761879354717218,0.7758458351641453,0.7491023790094783,0.02831029559653646,30,0.6738133116282512,0.6529083543529771,0.7139585532885269,0.6994122100924598,0.7117506220365241,0.6903686102797477,0.02354914530523879,22,0.7262569832402235,0.7056368087376812,0.7758929131881238,0.7618793547172181,0.7758458351641454,0.7491023790094784,0.02831029559653649,30
57,0.5325207233428955,0.031164646781380784,0.06130237579345703,0.005767878480572975,entropy,3,4,"{'criterion': 'entropy', 'max_depth': 3, 'min_samples_leaf': 4}",0.7318435754189944,0.7002801120448179,0.7843137254901961,0.7563025210084033,0.773109243697479,0.7491698355319781,0.030164442043469495,28,0.7024390243902439,0.6747572815533981,0.7865168539325843,0.7570621468926554,0.783625730994152,0.7408802075526068,0.0447698656096419,40,0.7712418300653595,0.7350993377483444,0.7821229050279329,0.7555555555555555,0.7634408602150538,0.7614920977224491,0.01585121748028833,15,0.8044692737430168,0.776536312849162,0.7821229050279329,0.7528089887640449,0.7528089887640449,0.7737492938296403,0.019486378616223203,17,0.659217877094972,0.6235955056179775,0.7865168539325843,0.7597765363128491,0.7932960893854749,0.7244805724687715,0.06966619951022943,49,0.7458912768647282,0.7097186700767263,0.7829977628635347,0.7563959955506118,0.7692307692307693,0.752846894917274,0.024893881541971547,21,0.7318435754189945,0.7000659092335697,0.7843198794802586,0.756292762538447,0.7730525390747599,0.7491149331492059,0.030225899501196182,29,0.6788074633950414,0.6460797132306304,0.7215954236819955,0.6945015622636391,0.7092761054683182,0.6900520536079249,0.026246348394206986,23,0.7318435754189945,0.7000659092335698,0.7843198794802587,0.7562927625384471,0.7730525390747599,0.7491149331492061,0.03022589950119618,29
32,0.5719221115112305,0.0660898265162078,0.07339801788330078,0.011100619384733409,gini,4,6,"{'criterion': 'gini', 'max_depth': 4, 'min_samples_leaf': 6}",0.7346368715083799,0.6974789915966386,0.7871148459383753,0.7591036414565826,0.7787114845938375,0.7514091670187628,0.032463181318853084,18,0.7058823529411765,0.6748768472906403,0.8121212121212121,0.7674418604651163,0.8113207547169812,0.7543286055070253,0.05553317779089691,15,0.7727272727272727,0.7272727272727273,0.765625,0.7513513513513513,0.7525252525252525,0.7539003207753208,0.015552099641390978,55,0.8044692737430168,0.7653631284916201,0.7486033519553073,0.7415730337078652,0.7247191011235955,0.7569455778042811,0.02710649545261666,68,0.664804469273743,0.6292134831460674,0.8258426966292135,0.776536312849162,0.8324022346368715,0.7457598393070115,0.08367100465596389,15,0.7484276729559748,0.7052896725440806,0.7769556025369979,0.7562568008705114,0.7672502574665293,0.7508360012748188,0.024743946939883344,30,0.73463687150838,0.6972883058188437,0.7872230242922604,0.7590546732785136,0.7785606678802335,0.7513527085556463,0.03252276652968815,18,0.68131030980193,0.6424837555042446,0.719120548500299,0.6954964259597844,0.7104373152680744,0.6897696710068665,0.026940452290745886,24,0.73463687150838,0.6972883058188437,0.7872230242922604,0.7590546732785136,0.7785606678802335,0.7513527085556463,0.03252276652968815,18
25,0.4925882339477539,0.013577310572249937,0.05770549774169922,0.0044088336639057715,gini,3,8,"{'criterion': 'gini', 'max_depth': 3, 'min_samples_leaf': 8}",0.7458100558659218,0.6974789915966386,0.7703081232492998,0.7507002801120448,0.7787114845938375,0.7486017870835485,0.02829663078347046,34,0.7315789473684211,0.6714975845410628,0.7740112994350282,0.7486033519553073,0.7704918032786885,0.7392365973157016,0.0372051538208162,45,0.7619047619047619,0.7333333333333333,0.7666666666666667,0.7528089887640449,0.7873563218390804,0.7604140145015774,0.01765449302920246,22,0.776536312849162,0.776536312849162,0.7653631284916201,0.7528089887640449,0.7921348314606742,0.7726759148829327,0.013089128141424477,22,0.7150837988826816,0.6179775280898876,0.7752808988764045,0.7486033519553073,0.7653631284916201,0.7244617412591803,0.05703535935359033,50,0.7520564042303173,0.7069408740359897,0.7683741648106904,0.7519640852974186,0.7828571428571428,0.7524385342463118,0.025493702285354462,22,0.7458100558659218,0.6972569204695248,0.7703220136840123,0.750706170359676,0.7787489799761471,0.7485688280710565,0.02838708710372631,32,0.6872838520883213,0.6436597110754414,0.7064268403990811,0.6896057525389164,0.7202605565439429,0.6894473425291406,0.025841712344950453,25,0.7458100558659218,0.6972569204695248,0.7703220136840123,0.7507061703596761,0.7787489799761472,0.7485688280710565,0.02838708710372634,32
94,0.5984304904937744,0.029204499049571585,0.0614621639251709,0.007216693282288733,log_loss,3,5,"{'criterion': 'log_loss', 'max_depth': 3, 'min_samples_leaf': 5}",0.7262569832402235,0.7170868347338936,0.7899159663865546,0.7450980392156863,0.7675070028011205,0.7491729652754956,0.02671103180220985,26,0.6956521739130435,0.7052631578947368,0.7954545454545454,0.7377049180327869,0.7777777777777778,0.742370514614578,0.039122667820661004,36,0.7682119205298014,0.7305389221556886,0.7845303867403315,0.7528735632183908,0.7580645161290323,0.7588438617546489,0.017804378905043616,31,0.8044692737430168,0.7486033519553073,0.7821229050279329,0.7584269662921348,0.7471910112359551,0.7681627016508694,0.02204640087523985,38,0.6480446927374302,0.6853932584269663,0.797752808988764,0.7318435754189944,0.7877094972067039,0.7301487665557718,0.057672438978890246,38,0.7407407407407407,0.7210401891252955,0.7871396895787139,0.7485714285714286,0.7638136511375948,0.7522611398307547,0.02223085728143942,24,0.7262569832402235,0.7169983051911368,0.7899378570083484,0.7451352708555645,0.7674502542213295,0.7491557341033206,0.026730088533515658,26,0.6738133116282512,0.6575691973620506,0.7267016558935946,0.6854394618567905,0.7035771958810556,0.6894201645243484,0.023934222760606475,26,0.7262569832402235,0.7169983051911368,0.7899378570083485,0.7451352708555645,0.7674502542213294,0.7491557341033206,0.026730088533515682,26
31,0.5291853427886963,0.05015924235788413,0.06418585777282715,0.012458981052158286,gini,4,5,"{'criterion': 'gini', 'max_depth': 4, 'min_samples_leaf': 5}",0.729050279329609,0.7058823529411765,0.7815126050420168,0.7675070028011205,0.7703081232492998,0.7508520726726444,0.028613237260045644,20,0.6971153846153846,0.6778846153846154,0.8176100628930818,0.802547770700637,0.7790697674418605,0.7548455202071159,0.05667002047176754,13,0.7733333333333333,0.7449664429530202,0.7525252525252525,0.74,0.7621621621621621,0.7545974381947536,0.01198660952890157,51,0.8100558659217877,0.7877094972067039,0.7262569832402235,0.7078651685393258,0.7528089887640449,0.7569393007344172,0.03777541269856815,70,0.6480446927374302,0.6235955056179775,0.8370786516853933,0.8268156424581006,0.7877094972067039,0.7446487979411212,0.09070297100622916,17,0.7445442875481386,0.7170542635658915,0.7680412371134021,0.7558733401430031,0.7671381936887922,0.7505302644118454,0.018801491907520295,32,0.729050279329609,0.7056525014123407,0.7816678174628084,0.7673404054987132,0.7702592429853744,0.7507940493377692,0.028692912391229283,19,0.6771322160148976,0.652232795689726,0.7111553167402472,0.6986783093125518,0.7068049505775433,0.6892007176669932,0.02188156378177818,27,0.729050279329609,0.7056525014123408,0.7816678174628083,0.7673404054987132,0.7702592429853744,0.7507940493377692,0.02869291239122922,19
21,0.5290879726409912,0.07319188921222472,0.05745711326599121,0.005327785187507786,gini,3,4,"{'criterion': 'gini', 'max_depth': 3, 'min_samples_leaf': 4}",0.7541899441340782,0.7002801120448179,0.7675070028011205,0.7619047619047619,0.7647058823529411,0.7497175406475439,0.02511455933342119,25,0.7382198952879581,0.6730769230769231,0.7758620689655172,0.7657142857142857,0.7797619047619048,0.7465270155613177,0.039489692041158514,28,0.7724550898203593,0.738255033557047,0.7595628415300546,0.7582417582417582,0.7513227513227513,0.7559674948943941,0.01118252661181509,45,0.7877094972067039,0.7821229050279329,0.7541899441340782,0.7528089887640449,0.7359550561797753,0.7625572782625071,0.01943279453317171,55,0.7206703910614525,0.6179775280898876,0.7808988764044944,0.770949720670391,0.7932960893854749,0.73675852112234,0.0643143187023071,29,0.7615112160566706,0.710594315245478,0.7637362637362637,0.7607497243660419,0.7593582887700535,0.7511899616349015,0.020347260880497937,28,0.7541899441340782,0.7000502165589102,0.7675444102692863,0.761879354717218,0.7646255727826251,0.7496578996924236,0.0251983496045699,25,0.6963503161275215,0.6467012112136914,0.7023854669884162,0.6994122100924598,0.6996628570733072,0.6889024122990792,0.021187016919045842,28,0.7541899441340782,0.7000502165589104,0.7675444102692863,0.7618793547172181,0.7646255727826251,0.7496578996924237,0.025198349604569823,25
105,0.601701021194458,0.045689012358077936,0.06002764701843262,0.005189660126829027,log_loss,4,7,"{'criterion': 'log_loss', 'max_depth': 4, 'min_samples_leaf': 7}",0.723463687150838,0.6974789915966386,0.7871148459383753,0.7619047619047619,0.773109243697479,0.7486143060576185,0.033185249054761286,31,0.698019801980198,0.6698564593301436,0.7877094972067039,0.7719298245614035,0.7904191616766467,0.7435869489510192,0.04991177014295092,34,0.7564102564102564,0.7364864864864865,0.7865168539325843,0.7526881720430108,0.7578947368421053,0.7579993011428887,0.01616660818307083,36,0.7877094972067039,0.7821229050279329,0.7877094972067039,0.7415730337078652,0.7415730337078652,0.7681375933714143,0.021785589006690285,39,0.659217877094972,0.6123595505617978,0.7865168539325843,0.7821229050279329,0.8044692737430168,0.7289372920720607,0.07784646718389283,43,0.7347447073474471,0.7077922077922078,0.7865168539325843,0.7583965330444203,0.7667731629392971,0.7508446930111914,0.027188142742171174,29,0.723463687150838,0.6972412277948654,0.7871131755696441,0.761847969367899,0.773021153725441,0.7485374427217376,0.033240650634779025,33,0.6690302248961466,0.6442718447840722,0.7250513385508224,0.6979383571774358,0.7077422442072978,0.6888068019231548,0.028740487530651074,29,0.723463687150838,0.6972412277948654,0.7871131755696441,0.761847969367899,0.773021153725441,0.7485374427217376,0.033240650634779025,33
95,0.6034479141235352,0.06866858674214997,0.06318764686584473,0.006281895427796137,log_loss,3,6,"{'criterion': 'log_loss', 'max_depth': 3, 'min_samples_leaf': 6}",0.7402234636871509,0.6946778711484594,0.7899159663865546,0.7394957983193278,0.773109243697479,0.7474844686477943,0.03274794308903551,39,0.7287234042553191,0.6650943396226415,0.7921348314606742,0.7272727272727273,0.7771428571428571,0.7380736319508439,0.044674558885556014,49,0.7529411764705882,0.7379310344827587,0.7877094972067039,0.7529411764705882,0.7692307692307693,0.7601507307722816,0.01696822297974321,26,0.7653631284916201,0.7877094972067039,0.7877094972067039,0.7640449438202247,0.7640449438202247,0.7737744021090955,0.011388134103676253,16,0.7150837988826816,0.601123595505618,0.7921348314606742,0.7150837988826816,0.7821229050279329,0.7211097859519177,0.0681710623755239,54,0.7450523864959255,0.7058047493403694,0.7885906040268457,0.7450523864959255,0.7717750826901875,0.7512550418098507,0.028134289524485632,27,0.7402234636871509,0.6944165463561609,0.7899221643336891,0.7395643713514531,0.7730839244240788,0.7474420940305067,0.0328266223778885,37,0.6808741373644429,0.6424673085041843,0.7276135863924379,0.6812731796629266,0.7108767013466324,0.6886209826541247,0.029188715693198124,30,0.7402234636871509,0.6944165463561609,0.789922164333689,0.7395643713514531,0.7730839244240788,0.7474420940305067,0.03282662237788847,37
93,0.5754558086395264,0.04057191782073041,0.06641278266906739,0.007661374316343157,log_loss,3,4,"{'criterion': 'log_loss', 'max_depth': 3, 'min_samples_leaf': 4}",0.729050279329609,0.6946778711484594,0.7787114845938375,0.7619047619047619,0.773109243697479,0.7474907281348293,0.03152160008066819,37,0.705,0.6650943396226415,0.7688172043010753,0.7784431137724551,0.7771428571428571,0.7388995029678058,0.04586436216707993,46,0.759493670886076,0.7379310344827587,0.7894736842105263,0.7473684210526316,0.7692307692307693,0.7606995159725523,0.017879099213498773,21,0.7877094972067039,0.7877094972067039,0.7988826815642458,0.7303370786516854,0.7640449438202247,0.7737367396899127,0.024495941636957563,20,0.6703910614525139,0.601123595505618,0.7584269662921348,0.7932960893854749,0.7821229050279329,0.7210721235327349,0.07388518508023502,56,0.7398273736128237,0.7058047493403694,0.7830626450116009,0.7561235356762513,0.7717750826901875,0.7513186772662466,0.027028867421052042,26,0.729050279329609,0.6944165463561609,0.7786548239281903,0.7618165840185802,0.7730839244240788,0.7474044316113237,0.03158583352670333,38,0.6739622374655257,0.6424673085041843,0.719206310554973,0.6965259023338827,0.7108767013466324,0.6886076920410396,0.02770670177883696,31,0.729050279329609,0.6944165463561609,0.7786548239281903,0.7618165840185801,0.7730839244240788,0.7474044316113237,0.031585833526703314,39
55,0.5976037502288818,0.08079964211780641,0.07277369499206543,0.014724085539928083,entropy,3,2,"{'criterion': 'entropy', 'max_depth': 3, 'min_samples_leaf': 2}",0.7318435754189944,0.7002801120448179,0.7927170868347339,0.7450980392156863,0.7675070028011205,0.7474891632630706,0.031386224304620076,38,0.7024390243902439,0.6730769230769231,0.7868852459016393,0.7351351351351352,0.8145695364238411,0.7424211729855565,0.052235473916402764,35,0.7712418300653595,0.738255033557047,0.7988505747126436,0.7558139534883721,0.7330097087378641,0.7594342201122573,0.023887183750839487,29,0.8044692737430168,0.7821229050279329,0.8044692737430168,0.7640449438202247,0.6910112359550562,0.7692235264578494,0.041940194264457394,37,0.659217877094972,0.6179775280898876,0.7808988764044944,0.7262569832402235,0.8435754189944135,0.7255853367647982,0.08119824933070138,45,0.7458912768647282,0.710594315245478,0.7951945080091534,0.7497116493656286,0.752741774675972,0.7508267048321919,0.026893926530087823,31,0.7318435754189945,0.7000502165589102,0.7926840750737556,0.745150963530224,0.7672933274747349,0.7474044316113237,0.031418002284714655,38,0.6788074633950414,0.6467012112136914,0.7330652136871796,0.686170063712116,0.6967803447245362,0.688304859346513,0.02793186206938025,32,0.7318435754189945,0.7000502165589104,0.7926840750737556,0.7451509635302241,0.7672933274747348,0.747404431611324,0.03141800228471458,38
70,0.5719101428985596,0.023896523219276,0.06198320388793945,0.004271592900852178,entropy,4,8,"{'criterion': 'entropy', 'max_depth': 4, 'min_samples_leaf': 8}",0.7318435754189944,0.711484593837535,0.7871148459383753,0.7591036414565826,0.7591036414565826,0.749730059621614,0.025907498107518325,24,0.7085427135678392,0.6862745098039216,0.8011695906432749,0.7705882352941177,0.7875,0.7508150098618307,0.04522118072938959,20,0.7610062893081762,0.7450980392156863,0.7741935483870968,0.7486631016042781,0.7360406091370558,0.7530003175304586,0.013282603446554148,59,0.7877094972067039,0.7821229050279329,0.7653631284916201,0.7359550561797753,0.7078651685393258,0.7558031510890716,0.029980442226177257,76,0.6759776536312849,0.6404494382022472,0.8089887640449438,0.7821229050279329,0.8100558659217877,0.7435189253656393,0.0712585069344733,18,0.7423312883435583,0.7215189873417721,0.7809110629067245,0.7551240560949298,0.749741468459152,0.7499253726292274,0.019244562732005737,36,0.7318435754189945,0.71128617161509,0.7871759462682819,0.7590389806038541,0.7589605172305567,0.7496610382273554,0.025968776662382734,24,0.6764344190295493,0.6564693293047557,0.721551977079342,0.6947902573929521,0.6914721082262131,0.6881436182065623,0.021502283709687594,33,0.7318435754189945,0.7112861716150901,0.787175946268282,0.7590389806038541,0.7589605172305568,0.7496610382273554,0.025968776662382745,24
22,0.5341991424560547,0.0554737884222383,0.0653876781463623,0.013292411341330013,gini,3,5,"{'criterion': 'gini', 'max_depth': 3, 'min_samples_leaf': 5}",0.7430167597765364,0.7058823529411765,0.7815126050420168,0.7591036414565826,0.7563025210084033,0.7491635760449431,0.024929006142355815,30,0.7230769230769231,0.6887755102040817,0.791907514450867,0.7613636363636364,0.7660818713450293,0.7462410910881074,0.0361846426693689,29,0.7668711656441718,0.7267080745341615,0.7717391304347826,0.7569060773480663,0.7473118279569892,0.7539072551836343,0.015989538905671178,54,0.7877094972067039,0.7541899441340782,0.7653631284916201,0.7528089887640449,0.7359550561797753,0.7592053229552445,0.01707072663782757,63,0.6983240223463687,0.6573033707865169,0.797752808988764,0.7653631284916201,0.776536312849162,0.7390559286924864,0.05269675631967657,22,0.7521058965102286,0.7116788321167883,0.7768052516411379,0.7585825027685493,0.752979414951246,0.75043037959759,0.02132171830703882,33,0.7430167597765363,0.7057466574602975,0.7815579687401921,0.7590860586278325,0.7562456845144687,0.7491306258238655,0.024983255753059173,27,0.6863625458409021,0.6485360143080193,0.7164973952453477,0.6969550621569657,0.6923595893574586,0.6881421213817387,0.022231901060209034,34,0.7430167597765364,0.7057466574602975,0.781557968740192,0.7590860586278327,0.7562456845144687,0.7491306258238655,0.024983255753059156,27
106,0.612128496170044,0.024542909211666904,0.06815519332885742,0.013287067822829917,log_loss,4,8,"{'criterion': 'log_loss', 'max_depth': 4, 'min_samples_leaf': 8}",0.7262569832402235,0.7226890756302521,0.773109243697479,0.7478991596638656,0.773109243697479,0.7486127411858597,0.021782942034330205,32,0.6956521739130435,0.702020202020202,0.7916666666666666,0.7444444444444445,0.8012422360248447,0.7470051446138403,0.04382611888385307,27,0.7682119205298014,0.7484276729559748,0.7566137566137566,0.751412429378531,0.75,0.7549331558956128,0.007186137482130796,48,0.8044692737430168,0.776536312849162,0.7430167597765364,0.7528089887640449,0.7247191011235955,0.7603100872512711,0.027696093933875607,62,0.6480446927374302,0.6685393258426966,0.8033707865168539,0.7430167597765364,0.8212290502793296,0.7368401230305693,0.06947747606966746,27,0.7407407407407407,0.730958230958231,0.765524625267666,0.7497181510710259,0.7632398753894081,0.7500363246854144,0.013150695659954036,35,0.7262569832402235,0.7225378193459293,0.7731937731466951,0.7479128742702906,0.7729740757014625,0.7485751051409202,0.02180764061178184,31,0.6738133116282512,0.6656194383625826,0.7058806044265397,0.6871635691488981,0.7055576420512338,0.6876069131235011,0.0163099080642859,35,0.7262569832402235,0.7225378193459293,0.773193773146695,0.7479128742702906,0.7729740757014626,0.7485751051409202,0.02180764061178184,31
98,0.5780735015869141,0.06973280228595884,0.07448606491088867,0.016732751248802406,log_loss,3,9,"{'criterion': 'log_loss', 'max_depth': 3, 'min_samples_leaf': 9}",0.7262569832402235,0.6946778711484594,0.773109243697479,0.7647058823529411,0.7843137254901961,0.7486127411858597,0.03329377787965492,32,0.7014925373134329,0.6666666666666666,0.7784090909090909,0.8012820512820513,0.7988165680473372,0.7493333828437158,0.05498214079947076,24,0.7579617834394905,0.7346938775510204,0.7679558011049724,0.736318407960199,0.7712765957446809,0.7536412931600727,0.015450971368299078,56,0.7877094972067039,0.7821229050279329,0.7653631284916201,0.702247191011236,0.7584269662921348,0.7591739376059256,0.0303988545681745,64,0.664804469273743,0.6067415730337079,0.7808988764044944,0.8268156424581006,0.8100558659217877,0.7378632854183668,0.0866104458703817,26,0.7372986369268897,0.7049608355091384,0.770509977827051,0.7527975584944049,0.7787325456498388,0.7488599108814645,0.0262198270378531,39,0.7262569832402235,0.6944322390308204,0.7731310024480573,0.7645314167346683,0.7842414161069613,0.7485186115121462,0.033344307665032956,34,0.6714941465323987,0.6418477503360895,0.7089395196901779,0.6956343114248952,0.7200152258692613,0.6875861907705645,0.028011919036686744,36,0.7262569832402235,0.6944322390308205,0.7731310024480573,0.7645314167346683,0.7842414161069613,0.7485186115121463,0.03334430766503292,34
71,0.5695272922515869,0.01999686134056241,0.05890722274780273,0.004192673975193959,entropy,4,9,"{'criterion': 'entropy', 'max_depth': 4, 'min_samples_leaf': 9}",0.7318435754189944,0.6974789915966386,0.7787114845938375,0.7647058823529411,0.773109243697479,0.7491698355319781,0.030526433396917046,28,0.7106598984771574,0.6682464454976303,0.8246753246753247,0.7865853658536586,0.7869822485207101,0.7554298566048961,0.05721267405655774,10,0.7577639751552795,0.7397260273972602,0.7438423645320197,0.7461139896373057,0.7606382978723404,0.7496169309188411,0.008139914574061371,68,0.7821229050279329,0.7877094972067039,0.7094972067039106,0.7247191011235955,0.7471910112359551,0.7502479442596196,0.030793084794797296,87,0.6815642458100558,0.6067415730337079,0.848314606741573,0.8044692737430168,0.7988826815642458,0.7479944761785198,0.08967552504129941,10,0.741190765492102,0.7086614173228346,0.7626262626262627,0.7570977917981072,0.7679914070891515,0.7475135288656916,0.021396542815265457,43,0.7318435754189944,0.6972255351202059,0.7789059067227417,0.7645941874333062,0.7730368464001005,0.7491212102190697,0.030627362217086767,28,0.6756827093237101,0.6449009648495383,0.7066425950465425,0.6982649950593025,0.7085010992391726,0.6867984727036532,0.02398014047055145,37,0.7318435754189945,0.6972255351202059,0.7789059067227417,0.7645941874333062,0.7730368464001004,0.7491212102190697,0.03062736221708674,28
101,0.6382736682891845,0.026744613783868408,0.06388282775878906,0.004845988025529419,log_loss,4,3,"{'criterion': 'log_loss', 'max_depth': 4, 'min_samples_leaf': 3}",0.7178770949720671,0.7058823529411765,0.7759103641456583,0.7507002801120448,0.7787114845938375,0.7458163153529569,0.029620663170459575,40,0.6875,0.6778846153846154,0.7861271676300579,0.7486033519553073,0.7861271676300579,0.7372484605200077,0.04670367225471072,50,0.76,0.7449664429530202,0.7663043478260869,0.7528089887640449,0.7717391304347826,0.7591637819955869,0.009505515895552773,30,0.7988826815642458,0.7877094972067039,0.7597765363128491,0.7528089887640449,0.7640449438202247,0.7726445295336137,0.017597617307843753,23,0.6368715083798883,0.6235955056179775,0.7921348314606742,0.7486033519553073,0.7932960893854749,0.7189002573598644,0.0742859715677978,60,0.7317073170731707,0.7170542635658915,0.7713347921225383,0.7519640852974186,0.7759562841530054,0.749603348442405,0.022592108394550347,37,0.717877094972067,0.7056525014123407,0.7759556838867616,0.750706170359676,0.7786705166028498,0.745772393446739,0.029683035887357746,40,0.6655865921787709,0.652232795689726,0.7106578219954323,0.6896057525389164,0.715859090782293,0.6867884106370278,0.0247644837960344,38,0.717877094972067,0.7056525014123408,0.7759556838867617,0.7507061703596761,0.7786705166028497,0.7457723934467391,0.02968303588735772,40
23,0.4817932605743408,0.031055578286650266,0.05739774703979492,0.004591253201770542,gini,3,6,"{'criterion': 'gini', 'max_depth': 3, 'min_samples_leaf': 6}",0.7206703910614525,0.7030812324929971,0.7759103641456583,0.7647058823529411,0.7591036414565826,0.7446943023019263,0.02789742209687756,43,0.6872037914691943,0.6729857819905213,0.7796610169491526,0.7764705882352941,0.7613636363636364,0.7355369630015597,0.04590916375790362,53,0.7687074829931972,0.7465753424657534,0.7722222222222223,0.7540106951871658,0.7569060773480663,0.7596843640432809,0.00949073659174381,28,0.8100558659217877,0.7932960893854749,0.770949720670391,0.7415730337078652,0.7528089887640449,0.7737367396899126,0.025226530903356862,21,0.6312849162011173,0.6123595505617978,0.7808988764044944,0.7877094972067039,0.7653631284916201,0.7155231937731468,0.07708136748215973,67,0.7366362451108214,0.7152230971128609,0.7739420935412027,0.7605177993527508,0.7585825027685493,0.7489803475772371,0.020689764445135168,38,0.7206703910614525,0.7028278199736364,0.7759242985374427,0.7646412654572845,0.7590860586278325,0.7446299667315296,0.027965144779324606,44,0.6696309808839737,0.6504498520972188,0.7122711631469066,0.7003839626251719,0.6969550621569657,0.6859382041820473,0.022577973734910658,39,0.7206703910614525,0.7028278199736362,0.7759242985374427,0.7646412654572846,0.7590860586278327,0.7446299667315298,0.02796514477932471,44
24,0.49832634925842284,0.023439273015122438,0.05744976997375488,0.004619125079427998,gini,3,7,"{'criterion': 'gini', 'max_depth': 3, 'min_samples_leaf': 7}",0.7374301675977654,0.7002801120448179,0.7787114845938375,0.7535014005602241,0.7703081232492998,0.7480462576091889,0.027784929086186013,35,0.7135678391959799,0.6714285714285714,0.8205128205128205,0.7616279069767442,0.8,0.7534274276228231,0.05486219373191285,16,0.7672955974842768,0.7414965986394558,0.746268656716418,0.745945945945946,0.7461928934010152,0.7494399384374223,0.009107464190392397,69,0.7932960893854749,0.7877094972067039,0.7150837988826816,0.7359550561797753,0.7191011235955056,0.7502291130500283,0.03366730515543973,88,0.6815642458100558,0.6123595505617978,0.8426966292134831,0.770949720670391,0.8212290502793296,0.7457598393070116,0.08676817899090608,14,0.7484662576687117,0.7114882506527415,0.7637474541751528,0.750816104461371,0.7600827300930714,0.7469201594102097,0.0185978497786802,46,0.7374301675977654,0.7000345238842509,0.7788902140480823,0.7534523884250832,0.7701650869374176,0.74799447617852,0.02788416412904074,35,0.6821791223077194,0.6473398348103288,0.707309454051619,0.6899327570375878,0.7024311355146374,0.6858384607443785,0.02120669058750866,40,0.7374301675977653,0.7000345238842509,0.7788902140480825,0.7534523884250832,0.7701650869374176,0.74799447617852,0.02788416412904077,35
81,0.5077313899993896,0.0310871641982707,0.062305259704589847,0.008825635855288089,log_loss,2,1,"{'criterion': 'log_loss', 'max_depth': 2, 'min_samples_leaf': 1}",0.7262569832402235,0.7058823529411765,0.7675070028011205,0.7394957983193278,0.773109243697479,0.7424502761998654,0.025203081255539002,51,0.6901408450704225,0.6907216494845361,0.7608695652173914,0.7272727272727273,0.7593582887700535,0.7256726151630262,0.031177514160127984,80,0.7793103448275862,0.7239263803680982,0.7745664739884393,0.7529411764705882,0.788235294117647,0.7637959339544718,0.023071154569111383,7,0.8212290502793296,0.7486033519553073,0.7821229050279329,0.7640449438202247,0.797752808988764,0.7827506120143117,0.025384985852114884,5,0.6312849162011173,0.6629213483146067,0.7528089887640449,0.7150837988826816,0.7486033519553073,0.7021404808235515,0.04785870237651646,85,0.7444005270092227,0.7108433734939759,0.7701149425287356,0.7450523864959255,0.779976717112922,0.7500775893281563,0.024051023919058778,34,0.7262569832402235,0.705762350134957,0.7674659468959889,0.7395643713514531,0.7731780804720356,0.7424455464189317,0.025244946926173628,50,0.6763244076285879,0.6479734790448888,0.7063499037336568,0.6812731796629266,0.7161260034740152,0.6856093947088151,0.024012113688737107,41,0.7262569832402234,0.7057623501349569,0.767465946895989,0.7395643713514531,0.7731780804720356,0.7424455464189317,0.0252449469261737,50
96,0.6022209644317627,0.07045361125224474,0.06416034698486328,0.00493204010332729,log_loss,3,7,"{'criterion': 'log_loss', 'max_depth': 3, 'min_samples_leaf': 7}",0.7597765363128491,0.6918767507002801,0.7675070028011205,0.7478991596638656,0.773109243697479,0.7480337386351188,0.029324077731872733,36,0.7486631016042781,0.6650717703349283,0.8116883116883117,0.7933333333333333,0.770949720670391,0.7579412475262485,0.051032128709073844,7,0.7719298245614035,0.7297297297297297,0.7339901477832512,0.714975845410628,0.7752808988764045,0.7451812892722833,0.024074184586141387,84,0.7821229050279329,0.776536312849162,0.6983240223463687,0.6685393258426966,0.7752808988764045,0.740160692988513,0.047323079070049234,98,0.7374301675977654,0.6067415730337079,0.8370786516853933,0.8268156424581006,0.770949720670391,0.7558031510890716,0.0829877341206855,6,0.764774044032445,0.7012987012987013,0.7525252525252525,0.7348560079443893,0.7744107744107744,0.7455729560423124,0.02578254674883638,55,0.7597765363128491,0.6916389429414349,0.767701337015881,0.7476774841503986,0.7731153097733978,0.7479819220387922,0.029442416367966722,36,0.7005292561011467,0.6388357954782278,0.6956399762539653,0.6779879468587694,0.7125485308052039,0.6851083010994626,0.02566527795293847,42,0.7597765363128491,0.6916389429414349,0.767701337015881,0.7476774841503986,0.7731153097733977,0.7479819220387922,0.0294424163679667,36
20,0.4894863128662109,0.025548877184963847,0.061518287658691405,0.006929870155764686,gini,3,3,"{'criterion': 'gini', 'max_depth': 3, 'min_samples_leaf': 3}",0.7262569832402235,0.7086834733893558,0.7843137254901961,0.7366946778711485,0.7591036414565826,0.7430105002895012,0.026320563545436635,49,0.6956521739130435,0.6811594202898551,0.7897727272727273,0.7258064516129032,0.7674418604651163,0.731966526710729,0.04132335159588771,63,0.7682119205298014,0.7466666666666667,0.7790055248618785,0.7485380116959064,0.7513513513513513,0.7587546950211208,0.012687361969455078,33,0.8044692737430168,0.7877094972067039,0.776536312849162,0.7584269662921348,0.7415730337078652,0.7737430167597765,0.02198389027813373,18,0.6480446927374302,0.6292134831460674,0.7921348314606742,0.7150837988826816,0.776536312849162,0.7122026238152032,0.06563492991197317,71,0.7407407407407407,0.7197943444730077,0.7815964523281597,0.7415990730011588,0.7562568008705114,0.7479974822827156,0.020426081626704947,41,0.7262569832402235,0.7084614901763857,0.7843355721549181,0.7367553825874082,0.7590546732785136,0.7429728202874898,0.026376545958309638,48,0.6738133116282512,0.6546866836622289,0.7207188667260311,0.6781245478687408,0.6954964259597844,0.6845679671690073,0.022254842719801767,43,0.7262569832402235,0.7084614901763856,0.7843355721549181,0.7367553825874082,0.7590546732785136,0.7429728202874898,0.02637654595830967,49
19,0.5055200099945069,0.02662003926829666,0.0579317569732666,0.012179423921972628,gini,3,2,"{'criterion': 'gini', 'max_depth': 3, 'min_samples_leaf': 2}",0.7430167597765364,0.7030812324929971,0.7675070028011205,0.7535014005602241,0.7619047619047619,0.745802231507128,0.02290200164075922,41,0.7377049180327869,0.6729857819905213,0.7758620689655172,0.7472527472527473,0.7888198757763976,0.7445250784035939,0.04028861315033675,33,0.7485714285714286,0.7465753424657534,0.7595628415300546,0.76,0.7397959183673469,0.7509011061869167,0.007813838414603796,66,0.7541899441340782,0.7932960893854749,0.7541899441340782,0.7640449438202247,0.7134831460674157,0.7558408135082544,0.025572751809785195,73,0.7318435754189944,0.6123595505617978,0.7808988764044944,0.7430167597765364,0.8100558659217877,0.7356349256167222,0.06760619128988864,33,0.745164960182025,0.7152230971128609,0.7637362637362637,0.7565415244596132,0.7528556593977155,0.7467043009776957,0.016841221443342456,48,0.7430167597765363,0.7028278199736364,0.7675444102692863,0.7535308517983805,0.7617695059946017,0.7457378695624882,0.022986717689146348,41,0.6819154030327215,0.6504498520972188,0.7023854669884162,0.6935442780464142,0.6945141184965606,0.6845618237322663,0.018264966831904806,44,0.7430167597765363,0.7028278199736362,0.7675444102692863,0.7535308517983804,0.7617695059946018,0.7457378695624881,0.022986717689146438,41
60,0.5317919731140137,0.022083517429233132,0.06465187072753906,0.007992022905585955,entropy,3,7,"{'criterion': 'entropy', 'max_depth': 3, 'min_samples_leaf': 7}",0.7206703910614525,0.6946778711484594,0.7759103641456583,0.7507002801120448,0.7787114845938375,0.7441340782122905,0.03238797745780084,45,0.6889952153110048,0.6682692307692307,0.8113207547169812,0.7633136094674556,0.7734806629834254,0.7410758946496196,0.053837037070651975,39,0.7651006711409396,0.7315436241610739,0.7474747474747475,0.7393617021276596,0.7840909090909091,0.7535143307990659,0.018913782476119086,57,0.8044692737430168,0.776536312849162,0.7206703910614525,0.7247191011235955,0.7865168539325843,0.7625823865419623,0.033800372352636464,53,0.6368715083798883,0.6123595505617978,0.8314606741573034,0.776536312849162,0.770949720670391,0.7256355533237084,0.08550289557499337,44,0.7354838709677419,0.7041343669250646,0.7628865979381443,0.7465091299677766,0.7814269535673839,0.7460881838732223,0.026091250498682297,53,0.7206703910614525,0.6944479317054799,0.7760655326093779,0.7506277069863787,0.7787332873014876,0.7441089699328354,0.032490444384301924,45,0.6688350643020509,0.6412450358319937,0.7055294708962918,0.6861860279592642,0.7193406057191795,0.684227240941756,0.027477115173954667,45,0.7206703910614525,0.6944479317054799,0.7760655326093778,0.7506277069863788,0.7787332873014877,0.7441089699328354,0.032490444384301924,45
53,0.5033834934234619,0.02108895643722355,0.07210283279418946,0.016303177990605704,entropy,2,9,"{'criterion': 'entropy', 'max_depth': 2, 'min_samples_leaf': 9}",0.7486033519553073,0.7002801120448179,0.7591036414565826,0.7338935574229691,0.7703081232492998,0.7424377572257953,0.024260230647388765,53,0.7354497354497355,0.6747572815533981,0.7540983606557377,0.7243243243243244,0.7580645161290323,0.7293388436224456,0.02993270206744089,70,0.7633136094674556,0.7350993377483444,0.764367816091954,0.7441860465116279,0.783625730994152,0.7581185081627069,0.016974433940243186,34,0.776536312849162,0.776536312849162,0.770949720670391,0.7528089887640449,0.7921348314606742,0.7737932333186869,0.012648219453608611,15,0.7206703910614525,0.6235955056179775,0.7471910112359551,0.7150837988826816,0.7486033519553073,0.7110288117506748,0.04576797294340982,75,0.7543859649122807,0.7097186700767263,0.7608695652173914,0.7381776239907728,0.776361529548088,0.7479026707490519,0.022683361925862587,42,0.7486033519553073,0.7000659092335697,0.759070365953173,0.7339463938233632,0.7703690917079907,0.7424110225346807,0.024340463670163702,51,0.6897623219067138,0.6460797132306304,0.6971791816300329,0.6750125280721617,0.7126752690687174,0.6841418027816513,0.022573384764088072,46,0.7486033519553073,0.7000659092335698,0.7590703659531731,0.7339463938233635,0.7703690917079908,0.7424110225346808,0.02434046367016369,51
58,0.5476577758789063,0.020402023686275392,0.0636507511138916,0.007629815076025884,entropy,3,5,"{'criterion': 'entropy', 'max_depth': 3, 'min_samples_leaf': 5}",0.7402234636871509,0.6946778711484594,0.7759103641456583,0.7450980392156863,0.7647058823529411,0.7441231241099792,0.027910820186012063,46,0.7415730337078652,0.6650943396226415,0.7734806629834254,0.7377049180327869,0.7732558139534884,0.7382217536600415,0.039571941949167334,48,0.7388888888888889,0.7379310344827587,0.7784090909090909,0.7528735632183908,0.7567567567567568,0.7529718668511771,0.014737328995413294,60,0.7374301675977654,0.7877094972067039,0.7821229050279329,0.7584269662921348,0.7471910112359551,0.7625761094720984,0.01949358574059972,54,0.7430167597765364,0.601123595505618,0.7696629213483146,0.7318435754189944,0.7821229050279329,0.7255539514154792,0.06476584016155283,46,0.7397107897664071,0.7058047493403694,0.7766439909297053,0.7485714285714286,0.7616974972796517,0.7464856911775124,0.023858376756165905,49,0.7402234636871509,0.6944165463561609,0.7758929131881238,0.7451352708555645,0.764656958131944,0.7440650304437889,0.02799255839606482,46,0.6774984481688393,0.6424673085041843,0.7139585532885269,0.6854394618567905,0.7011204904731031,0.6840968524582889,0.02433058115510091,47,0.7402234636871509,0.6944165463561609,0.7758929131881238,0.7451352708555645,0.7646569581319438,0.7440650304437888,0.027992558396064793,46
52,0.4874842643737793,0.013387004918254359,0.058845901489257814,0.004507910534691961,entropy,2,8,"{'criterion': 'entropy', 'max_depth': 2, 'min_samples_leaf': 8}",0.723463687150838,0.7058823529411765,0.7703081232492998,0.7310924369747899,0.7703081232492998,0.7402109447130807,0.02589884300100491,62,0.6886792452830188,0.6813725490196079,0.7593582887700535,0.7228260869565217,0.7580645161290323,0.7220601372316467,0.03303881919423849,88,0.773972602739726,0.738562091503268,0.7823529411764706,0.7398843930635838,0.783625730994152,0.7636795518954401,0.02024642597569978,8,0.8156424581005587,0.776536312849162,0.7932960893854749,0.7471910112359551,0.7921348314606742,0.784960140606365,0.022626695937317667,1,0.6312849162011173,0.6348314606741573,0.7471910112359551,0.7150837988826816,0.7486033519553073,0.6953989077898437,0.052306116971567056,96,0.7404980340760158,0.7151898734177216,0.7750582750582751,0.7347876004592423,0.776361529548088,0.7483790625118686,0.023846004135666794,40,0.723463687150838,0.7056838867616597,0.770243550310715,0.7311374050593183,0.7703690917079907,0.7401795241981043,0.025947577079146043,61,0.6729547715619499,0.6509352804792329,0.7106175054291379,0.6719364853830576,0.7126752690687174,0.6838238623844193,0.024047489109195182,48,0.723463687150838,0.7056838867616596,0.770243550310715,0.7311374050593182,0.7703690917079908,0.7401795241981043,0.02594757707914611,61
97,0.5799546718597413,0.06851974084520863,0.07545418739318847,0.015933895366513604,log_loss,3,8,"{'criterion': 'log_loss', 'max_depth': 3, 'min_samples_leaf': 8}",0.7262569832402235,0.6974789915966386,0.7675070028011205,0.7478991596638656,0.773109243697479,0.7424502761998654,0.027864462466501084,51,0.697560975609756,0.6682464454976303,0.7637362637362637,0.7391304347826086,0.793939393939394,0.7325227027131305,0.04504157652594548,61,0.7647058823529411,0.7397260273972602,0.7714285714285715,0.7572254335260116,0.7552083333333334,0.7576588496076235,0.010649365253185075,37,0.7988826815642458,0.7877094972067039,0.776536312849162,0.7640449438202247,0.7359550561797753,0.7726256983240223,0.021682289577905123,25,0.6536312849162011,0.6067415730337079,0.7584269662921348,0.7318435754189944,0.8100558659217877,0.7121398531165652,0.07300729974413903,74,0.7395701643489254,0.7086614173228346,0.7687927107061503,0.7520091848450058,0.7655755015839493,0.746921795761373,0.02177191875701278,45,0.7262569832402235,0.6972255351202059,0.7674816395706484,0.7479442596196095,0.7730054610507815,0.7423827757202937,0.0279207789587453,53,0.6730200460072298,0.6449009648495383,0.7055204104113556,0.6886243501824794,0.7069990356477787,0.6838129614196763,0.023076340012397622,49,0.7262569832402235,0.6972255351202059,0.7674816395706484,0.7479442596196094,0.7730054610507815,0.7423827757202937,0.027920778958745295,53
51,0.5054581165313721,0.018916107362349405,0.06063036918640137,0.003219407979422252,entropy,2,7,"{'criterion': 'entropy', 'max_depth': 2, 'min_samples_leaf': 7}",0.7178770949720671,0.6918767507002801,0.7647058823529411,0.7647058823529411,0.773109243697479,0.7424549708151417,0.03191275264033403,50,0.6839622641509434,0.6682926829268293,0.7595628415300546,0.8051948051948052,0.7593582887700535,0.7352741765145372,0.051338700529065855,56,0.7671232876712328,0.7236842105263158,0.7701149425287356,0.7339901477832512,0.788235294117647,0.7566295765254365,0.024036785679293366,44,0.8100558659217877,0.7653631284916201,0.776536312849162,0.6966292134831461,0.797752808988764,0.769267465946896,0.039546185778063,36,0.6256983240223464,0.6179775280898876,0.7528089887640449,0.8324022346368715,0.7486033519553073,0.7154980854936915,0.08213269572331618,69,0.7339449541284404,0.6997455470737913,0.7665903890160183,0.751765893037336,0.779976717112922,0.7464047000737015,0.027912744701445915,50,0.717877094972067,0.6916703282907539,0.7646726508066035,0.7645157240600088,0.7731780804720356,0.7423827757202938,0.03196040500854861,52,0.6671385934032295,0.637696770014925,0.7029987508370259,0.695008652661604,0.7161260034740152,0.6837937540781599,0.02807955312527129,50,0.7178770949720671,0.6916703282907539,0.7646726508066034,0.7645157240600087,0.7731780804720356,0.7423827757202938,0.03196040500854856,52
90,0.53288893699646,0.02174850908992744,0.062174510955810544,0.004427954369858717,log_loss,3,1,"{'criterion': 'log_loss', 'max_depth': 3, 'min_samples_leaf': 1}",0.7206703910614525,0.7142857142857143,0.7675070028011205,0.7478991596638656,0.7647058823529411,0.7430136300330188,0.021994822076875226,48,0.6908212560386473,0.7015706806282722,0.7580645161290323,0.7444444444444445,0.7764705882352941,0.7342742970951381,0.032886552606927376,59,0.7615894039735099,0.7289156626506024,0.7777777777777778,0.751412429378531,0.7540106951871658,0.7547411937935173,0.015850265258924034,49,0.7988826815642458,0.7486033519553073,0.7877094972067039,0.7528089887640449,0.7415730337078652,0.7659155106396334,0.022916632154042597,46,0.6424581005586593,0.6797752808988764,0.7471910112359551,0.7430167597765364,0.7877094972067039,0.7200301299353462,0.051931624259789026,57,0.7343550446998723,0.7185273159144893,0.771461716937355,0.7497181510710259,0.7605177993527508,0.7469160055950986,0.018756589233571642,47,0.7206703910614525,0.7141893164270918,0.7674502542213295,0.7479128742702906,0.7646412654572845,0.7429728202874898,0.02199526706034197,48,0.668060231603093,0.6551627148761223,0.707198984462699,0.6871635691488981,0.7003839626251719,0.6835938925431969,0.019501158399920428,51,0.7206703910614525,0.7141893164270918,0.7674502542213295,0.7479128742702906,0.7646412654572846,0.7429728202874899,0.02199526706034199,48
59,0.544304084777832,0.023363989188038246,0.06580004692077637,0.004792613201643122,entropy,3,6,"{'criterion': 'entropy', 'max_depth': 3, 'min_samples_leaf': 6}",0.723463687150838,0.7002801120448179,0.7675070028011205,0.7394957983193278,0.773109243697479,0.7407711688027165,0.027207561727802306,58,0.6923076923076923,0.6714285714285714,0.7580645161290323,0.7248677248677249,0.783625730994152,0.7260588471454346,0.04114203498418997,79,0.7666666666666667,0.7414965986394558,0.7777777777777778,0.7559523809523809,0.7634408602150538,0.761066856850267,0.012044928479233599,19,0.8044692737430168,0.7877094972067039,0.7877094972067039,0.7696629213483146,0.7528089887640449,0.7804720356537567,0.01767885884701793,7,0.6424581005586593,0.6123595505617978,0.7471910112359551,0.7094972067039106,0.7932960893854749,0.7009603916891596,0.0663455433007158,88,0.7381258023106547,0.7114882506527415,0.771461716937355,0.7461809635722679,0.7692307692307693,0.7472975005407576,0.022057410139262917,44,0.723463687150838,0.7000345238842509,0.7674502542213295,0.7395800640261125,0.7730525390747599,0.7407162136714581,0.027255411411366615,58,0.6713221601489758,0.6473398348103288,0.707198984462699,0.6820043659922069,0.7092761054683182,0.6834282901765057,0.023169454103409332,52,0.723463687150838,0.7000345238842509,0.7674502542213295,0.7395800640261126,0.7730525390747599,0.7407162136714581,0.027255411411366615,58
11,0.5094329833984375,0.05259276869990828,0.06829876899719238,0.01443093345589928,gini,2,3,"{'criterion': 'gini', 'max_depth': 2, 'min_samples_leaf': 3}",0.7513966480446927,0.6918767507002801,0.7507002801120448,0.7619047619047619,0.7647058823529411,0.7441168646229441,0.026704617764039398,47,0.7419354838709677,0.6635071090047393,0.7472527472527473,0.8,0.7582417582417582,0.7421874196740426,0.044308799426160624,37,0.7616279069767442,0.7328767123287672,0.7542857142857143,0.7326732673267327,0.7714285714285715,0.750578434469306,0.01552101127307264,67,0.770949720670391,0.7821229050279329,0.7597765363128491,0.6966292134831461,0.7752808988764045,0.7569518548741447,0.031023461303820363,66,0.7318435754189944,0.601123595505618,0.7415730337078652,0.8268156424581006,0.7541899441340782,0.7311091582449312,0.07307356892427189,36,0.7554786620530565,0.7020997375328084,0.7517084282460137,0.7497467071935157,0.7679180887372014,0.7453903247525192,0.022548818777013892,57,0.7513966480446927,0.6916232502667754,0.7506747850103572,0.7617224279706234,0.7647354215052413,0.7440305065595381,0.026782922076470574,47,0.6914707028712486,0.6394290361981333,0.6882094860416077,0.6926204521301855,0.7050529709090341,0.6833565296300419,0.022696129611864083,53,0.7513966480446926,0.6916232502667755,0.7506747850103572,0.7617224279706233,0.7647354215052413,0.7440305065595381,0.02678292207647051,47
26,0.48745293617248536,0.010361184987166363,0.05680227279663086,0.005240739793441038,gini,3,9,"{'criterion': 'gini', 'max_depth': 3, 'min_samples_leaf': 9}",0.723463687150838,0.7198879551820728,0.7647058823529411,0.7619047619047619,0.7563025210084033,0.7452529615198034,0.019472788058889263,42,0.6886792452830188,0.700507614213198,0.8187919463087249,0.7784431137724551,0.7692307692307693,0.7511305377616332,0.0492229737317847,18,0.773972602739726,0.74375,0.7259615384615384,0.7473684210526316,0.7446808510638298,0.7471466826635452,0.015401995125967544,75,0.8156424581005587,0.770949720670391,0.6815642458100558,0.7303370786516854,0.7303370786516854,0.7457661163768753,0.044977566969383015,95,0.6312849162011173,0.6685393258426966,0.848314606741573,0.7932960893854749,0.7821229050279329,0.744711568639759,0.08143889648876264,16,0.7404980340760158,0.7273838630806846,0.7475247524752475,0.7561235356762513,0.7518796992481203,0.744681976911264,0.010074998426427943,61,0.723463687150838,0.7197445232565438,0.7649394262758145,0.7618165840185802,0.7562299918398092,0.7452388425083172,0.019533855650854647,42,0.6729547715619499,0.6624922300380827,0.6914740291103477,0.6965259023338827,0.6916756480317077,0.6830245162151941,0.013049891264208434,54,0.723463687150838,0.7197445232565438,0.7649394262758145,0.7618165840185801,0.7562299918398091,0.7452388425083172,0.01953385565085462,42
82,0.5050475597381592,0.005827873341405044,0.059947538375854495,0.0028279008853519414,log_loss,2,2,"{'criterion': 'log_loss', 'max_depth': 2, 'min_samples_leaf': 2}",0.7318435754189944,0.7030812324929971,0.7675070028011205,0.7282913165266106,0.7759103641456583,0.7413266982770762,0.026847736364335937,57,0.7024390243902439,0.681592039800995,0.7696629213483146,0.7189189189189189,0.7784090909090909,0.7302043990735128,0.03779446219417991,67,0.7712418300653595,0.7307692307692307,0.7653631284916201,0.7383720930232558,0.7734806629834254,0.7558453890665783,0.017735672724119595,46,0.8044692737430168,0.7653631284916201,0.7653631284916201,0.7471910112359551,0.7696629213483146,0.7704098926621054,0.018711790494899128,32,0.659217877094972,0.6404494382022472,0.7696629213483146,0.7094972067039106,0.7821229050279329,0.7121900696754755,0.05683969219091393,72,0.7458912768647282,0.7107231920199502,0.7662192393736018,0.7324106113033448,0.7751937984496124,0.7460876236022475,0.02319566169099507,54,0.7318435754189945,0.7029062833469337,0.7675130249199673,0.7283441089699328,0.7758929131881238,0.7412999811687904,0.026889212985765437,56,0.6788074633950414,0.6472924519851155,0.703917559742496,0.6695312008134422,0.7142006405945199,0.6827498633061231,0.024019684998801277,55,0.7318435754189945,0.7029062833469337,0.7675130249199673,0.7283441089699327,0.7758929131881237,0.7412999811687903,0.026889212985765423,56
47,0.5556774616241456,0.04509314660380146,0.06154799461364746,0.004046166150206196,entropy,2,3,"{'criterion': 'entropy', 'max_depth': 2, 'min_samples_leaf': 3}",0.7262569832402235,0.6918767507002801,0.7647058823529411,0.7507002801120448,0.773109243697479,0.7413298280205937,0.029383580637945925,56,0.6956521739130435,0.6619718309859155,0.7567567567567568,0.8068965517241379,0.7593582887700535,0.7361271204299815,0.05120704977090614,51,0.7682119205298014,0.7361111111111112,0.7732558139534884,0.7122641509433962,0.788235294117647,0.7556156581310888,0.027545097950998115,47,0.8044692737430168,0.7877094972067039,0.7821229050279329,0.6573033707865169,0.797752808988764,0.7658715711505868,0.05483475352187942,47,0.6480446927374302,0.5955056179775281,0.7471910112359551,0.8435754189944135,0.7486033519553073,0.7165840185801268,0.08654069536103957,64,0.7407407407407407,0.7029177718832891,0.7678983833718245,0.7351509250243428,0.779976717112922,0.7453369076266239,0.026956255889409548,58,0.7262569832402235,0.691607557592116,0.764656958131944,0.7504393948904652,0.7731780804720356,0.741227794865357,0.02946487116724343,57,0.6738133116282512,0.6400389743912547,0.7038202137400558,0.6792799021157951,0.7161260034740152,0.6826156810698745,0.026358903596336372,56,0.7262569832402235,0.6916075575921159,0.7646569581319441,0.7504393948904651,0.7731780804720356,0.741227794865357,0.02946487116724348,57
18,0.4748693466186523,0.016365456500099178,0.05728082656860352,0.005235555796905847,gini,3,1,"{'criterion': 'gini', 'max_depth': 3, 'min_samples_leaf': 1}",0.7206703910614525,0.7030812324929971,0.773109243697479,0.7535014005602241,0.773109243697479,0.7446943023019263,0.02828843812927705,43,0.6872037914691943,0.6994535519125683,0.80625,0.7678571428571429,0.7904191616766467,0.7502367295831104,0.04819683744248285,22,0.7687074829931972,0.7068965517241379,0.7461928934010152,0.7407407407407407,0.7578947368421053,0.7440864811402392,0.020955111353458667,85,0.8100558659217877,0.7150837988826816,0.7206703910614525,0.7247191011235955,0.7415730337078652,0.7424204381394766,0.034954149714931264,97,0.6312849162011173,0.6910112359550562,0.8258426966292135,0.7821229050279329,0.8044692737430168,0.7469462055112673,0.07386097012975791,12,0.7366362451108214,0.7036613272311213,0.7608695652173914,0.7486631016042781,0.7667731629392971,0.7433206804205819,0.022378872754556203,66,0.7206703910614525,0.7030475174188688,0.7732565438453329,0.7534210030757642,0.773021153725441,0.7446833218253719,0.028305370018713357,43,0.6696309808839737,0.6425350845491238,0.7030726851854071,0.6885939974996826,0.7077422442072978,0.6823149984650969,0.023917266006170612,57,0.7206703910614525,0.703047517418869,0.7732565438453329,0.7534210030757642,0.773021153725441,0.7446833218253719,0.028305370018713322,43
61,0.534885835647583,0.02654889396608949,0.05936026573181152,0.007512271338577579,entropy,3,8,"{'criterion': 'entropy', 'max_depth': 3, 'min_samples_leaf': 8}",0.7206703910614525,0.6918767507002801,0.773109243697479,0.7535014005602241,0.7619047619047619,0.7402125095848395,0.029824766663539566,61,0.6908212560386473,0.6666666666666666,0.7606382978723404,0.7445652173913043,0.7784431137724551,0.7282269103482827,0.04249223924689414,74,0.7615894039735099,0.7266666666666667,0.7869822485207101,0.7630057803468208,0.7473684210526316,0.7571225041120678,0.01984374279518399,41,0.7988826815642458,0.770949720670391,0.7988826815642458,0.7696629213483146,0.7303370786516854,0.7737430167597765,0.025189405064888645,18,0.6424581005586593,0.6123595505617978,0.7471910112359551,0.7374301675977654,0.7932960893854749,0.7065469838679305,0.06798495842861728,82,0.7343550446998723,0.7005141388174807,0.7786885245901639,0.7577497129735936,0.7561235356762513,0.7454861913514723,0.02650407487256553,56,0.7206703910614525,0.6916546356160944,0.7730368464001005,0.75354654447304,0.7618165840185802,0.7401450003138536,0.029872088441012454,62,0.668060231603093,0.6382585843326094,0.7140764822650023,0.6943161415436455,0.6965259023338827,0.6822474684156465,0.026453401596379825,58,0.7206703910614525,0.6916546356160944,0.7730368464001005,0.7535465444730399,0.7618165840185801,0.7401450003138536,0.02987208844101243,62
54,0.5435134887695312,0.05397860858997628,0.061740541458129884,0.0015305995532644023,entropy,3,1,"{'criterion': 'entropy', 'max_depth': 3, 'min_samples_leaf': 1}",0.7178770949720671,0.7058823529411765,0.7647058823529411,0.7366946778711485,0.7815126050420168,0.7413345226358701,0.028245828608714812,55,0.6857142857142857,0.6778846153846154,0.802547770700637,0.7282608695652174,0.7808988764044944,0.7350612835538499,0.049811753783388125,57,0.7635135135135135,0.7449664429530202,0.735,0.7456647398843931,0.7821229050279329,0.7542535202757719,0.01669230408329939,52,0.8044692737430168,0.7877094972067039,0.7039106145251397,0.7528089887640449,0.7808988764044944,0.7659594501286799,0.0352200231516449,43,0.6312849162011173,0.6235955056179775,0.8258426966292135,0.7206703910614525,0.7821229050279329,0.7167032829075387,0.08021500120998083,62,0.7328145265888456,0.7170542635658915,0.7515337423312883,0.7405281285878301,0.7821229050279329,0.7448107132203576,0.021771854767866933,60,0.717877094972067,0.7056525014123407,0.7648766555771767,0.7367396899127487,0.7815108907162136,0.7413313665181094,0.028329993168726406,55,0.6663521062962403,0.652232795689726,0.6938291159160294,0.6774345221021855,0.7209599360483246,0.6821616952105012,0.023704263294977546,59,0.717877094972067,0.7056525014123408,0.7648766555771767,0.7367396899127487,0.7815108907162137,0.7413313665181094,0.02832999316872641,55
62,0.5308500766754151,0.02858506146990568,0.05892024040222168,0.004566195957243174,entropy,3,9,"{'criterion': 'entropy', 'max_depth': 3, 'min_samples_leaf': 9}",0.7374301675977654,0.6918767507002801,0.7759103641456583,0.7450980392156863,0.7591036414565826,0.7418837926231945,0.02823190097149915,54,0.7157360406091371,0.6666666666666666,0.7828571428571428,0.7377049180327869,0.7738095238095238,0.7353548583950514,0.042056430651660495,54,0.7639751552795031,0.7266666666666667,0.7692307692307693,0.7528735632183908,0.746031746031746,0.7517555800854152,0.014954370549661321,62,0.7877094972067039,0.770949720670391,0.7653631284916201,0.7584269662921348,0.7303370786516854,0.7625572782625071,0.01879436480878495,55,0.6871508379888268,0.6123595505617978,0.7865168539325843,0.7318435754189944,0.7877094972067039,0.7211160630217814,0.06604338568627495,53,0.74726609963548,0.7005141388174807,0.7726269315673289,0.7485714285714286,0.7540106951871658,0.7445978587557768,0.02383490525439308,63,0.7374301675977654,0.6916546356160944,0.7759399912121022,0.7451352708555645,0.7590232879291947,0.7418366706421443,0.02830883593322993,54,0.6813907491585411,0.6382585843326094,0.7114555415943387,0.6854394618567905,0.6940988685977184,0.6821286411079998,0.02424640731459782,60,0.7374301675977653,0.6916546356160944,0.7759399912121023,0.7451352708555645,0.7590232879291946,0.7418366706421443,0.028308835933229942,54
89,0.5556406021118164,0.04418895752987258,0.057150077819824216,0.00802948312253975,log_loss,2,9,"{'criterion': 'log_loss', 'max_depth': 2, 'min_samples_leaf': 9}",0.723463687150838,0.6946778711484594,0.7619047619047619,0.7366946778711485,0.7759103641456583,0.7385302724441731,0.028625312268664573,67,0.696078431372549,0.6650943396226415,0.7526881720430108,0.7282608695652174,0.7606382978723404,0.7205520220951518,0.035703162763408146,92,0.7597402597402597,0.7379310344827587,0.7719298245614035,0.7456647398843931,0.7928994082840237,0.7616330533905677,0.019513912212615687,14,0.7932960893854749,0.7877094972067039,0.7821229050279329,0.7528089887640449,0.8033707865168539,0.7838616533802021,0.017039436529359776,2,0.6536312849162011,0.601123595505618,0.7415730337078652,0.7206703910614525,0.7486033519553073,0.6931203314292887,0.056934734434517464,100,0.7358490566037735,0.7058047493403694,0.765661252900232,0.7405281285878301,0.783625730994152,0.7462937836852714,0.026647589603406022,51,0.723463687150838,0.6944165463561609,0.761847969367899,0.7367396899127487,0.7759870692360806,0.7384909924047455,0.028715667879054652,67,0.6697743597184938,0.6424673085041843,0.7012938824258266,0.6774345221021855,0.719617574972867,0.6821175295447114,0.026534544825804158,61,0.723463687150838,0.6944165463561609,0.7618479693678991,0.7367396899127487,0.7759870692360805,0.7384909924047455,0.028715667879054642,67
17,0.458330774307251,0.02423236330094903,0.057314491271972655,0.003645875559905701,gini,2,9,"{'criterion': 'gini', 'max_depth': 2, 'min_samples_leaf': 9}",0.7206703910614525,0.7002801120448179,0.7675070028011205,0.7394957983193278,0.7647058823529411,0.738531837315932,0.02572079243657924,65,0.6872037914691943,0.6818181818181818,0.7580645161290323,0.7272727272727273,0.75,0.7208718433378272,0.03140522864033242,89,0.7687074829931972,0.7232704402515723,0.7777777777777778,0.7529411764705882,0.7810650887573964,0.7607523932501064,0.021126593090550733,20,0.8100558659217877,0.7541899441340782,0.7877094972067039,0.7640449438202247,0.7921348314606742,0.7816270165086937,0.02008747095067769,6,0.6312849162011173,0.6460674157303371,0.7471910112359551,0.7150837988826816,0.7374301675977654,0.6954114619295713,0.047708999058825224,94,0.7366362451108214,0.7063882063882064,0.771461716937355,0.7450523864959255,0.7719298245614035,0.7462936758987423,0.02440449005259767,52,0.7206703910614525,0.7001286799322077,0.7674502542213295,0.7395643713514531,0.7647824995292198,0.7385192392191327,0.025769249873698573,65,0.6696309808839737,0.6437520524427707,0.707198984462699,0.6812731796629266,0.7076336203715561,0.6818977635647853,0.024118231460439003,62,0.7206703910614525,0.7001286799322077,0.7674502542213295,0.7395643713514531,0.7647824995292198,0.7385192392191327,0.025769249873698573,65
49,0.4812901020050049,0.015952772644126173,0.06395292282104492,0.0050084038835944734,entropy,2,5,"{'criterion': 'entropy', 'max_depth': 2, 'min_samples_leaf': 5}",0.7402234636871509,0.6862745098039216,0.7647058823529411,0.7310924369747899,0.773109243697479,0.7390811073032565,0.030555535452654936,64,0.715,0.6618357487922706,0.7624309392265194,0.7228260869565217,0.7593582887700535,0.7242902127490731,0.03653353735249745,84,0.7721518987341772,0.72,0.7670454545454546,0.7398843930635838,0.788235294117647,0.7574634080921725,0.024359823711980828,39,0.7988826815642458,0.7653631284916201,0.770949720670391,0.7471910112359551,0.797752808988764,0.7760278701901953,0.019826266018262456,11,0.6815642458100558,0.6067415730337079,0.7584269662921348,0.7150837988826816,0.7486033519553073,0.7020839871947775,0.05480659343503519,86,0.752157829839704,0.6940874035989717,0.7653061224489796,0.7347876004592423,0.779976717112922,0.7452631346919639,0.02960737494026776,59,0.7402234636871508,0.686052350762664,0.7646883434812629,0.7311374050593183,0.7731780804720356,0.7390559286924864,0.03064241295272304,63,0.6854890036065342,0.6329323639568187,0.7021961363707894,0.6719364853830576,0.7161260034740152,0.6817359985582431,0.02861188540829735,63,0.7402234636871508,0.686052350762664,0.7646883434812629,0.7311374050593182,0.7731780804720356,0.7390559286924864,0.030642412952723047,63
13,0.45641379356384276,0.012841795027404608,0.0569915771484375,0.004267059036734476,gini,2,5,"{'criterion': 'gini', 'max_depth': 2, 'min_samples_leaf': 5}",0.7262569832402235,0.6918767507002801,0.7675070028011205,0.7366946778711485,0.7703081232492998,0.7385287075724144,0.02891379192757743,68,0.69377990430622,0.6650717703349283,0.7580645161290323,0.7386363636363636,0.7666666666666667,0.7244438442146423,0.03893549612066531,82,0.7718120805369127,0.7297297297297297,0.7777777777777778,0.7348066298342542,0.7740112994350282,0.7576275034627404,0.020855419461768426,38,0.8100558659217877,0.776536312849162,0.7877094972067039,0.7303370786516854,0.7752808988764045,0.7759839307011487,0.026010844512876767,12,0.6424581005586593,0.6067415730337079,0.7471910112359551,0.7430167597765364,0.7653631284916201,0.7009541146192958,0.06380191916763502,89,0.7419354838709677,0.7012987012987013,0.771461716937355,0.7364341085271318,0.7722660653889515,0.7446792152046214,0.026213414636985906,62,0.7262569832402235,0.6916389429414349,0.7674502542213295,0.7366769192141109,0.7703220136840123,0.7384690226602222,0.028982500678807258,68,0.6746278729706423,0.6388357954782278,0.707198984462699,0.6748251817780108,0.7100467684469868,0.6811069206273133,0.02602536036212988,64,0.7262569832402235,0.6916389429414349,0.7674502542213295,0.7366769192141108,0.7703220136840123,0.7384690226602222,0.02898250067880726,68
14,0.4652856826782227,0.022535282674869206,0.055000591278076175,0.004993811762632684,gini,2,6,"{'criterion': 'gini', 'max_depth': 2, 'min_samples_leaf': 6}",0.729050279329609,0.6890756302521008,0.7759103641456583,0.7310924369747899,0.7619047619047619,0.737406694521384,0.0300941162909942,72,0.6915887850467289,0.660377358490566,0.8,0.7228260869565217,0.743455497382199,0.723649545575203,0.047441770047265734,85,0.7847222222222222,0.7310344827586207,0.7552083333333334,0.7398843930635838,0.7831325301204819,0.7587963922996483,0.021934711143863705,32,0.8268156424581006,0.7821229050279329,0.7374301675977654,0.7471910112359551,0.797752808988764,0.7782625070617036,0.03281737130677682,9,0.6312849162011173,0.5955056179775281,0.8146067415730337,0.7150837988826816,0.7262569832402235,0.696547611574917,0.0769842828870364,92,0.7483443708609272,0.6992084432717678,0.766384778012685,0.7347876004592423,0.7710557532621589,0.7439561891733562,0.025857717965557685,65,0.729050279329609,0.6888142615027305,0.7760184545853995,0.7311374050593183,0.7620048961144937,0.7374050593183104,0.030220184431521087,70,0.6797408441961514,0.6370158136869626,0.7076347744153841,0.6719364853830576,0.7060103707633689,0.680467657688985,0.025891521115488664,65,0.7290502793296089,0.6888142615027305,0.7760184545853994,0.7311374050593182,0.7620048961144937,0.7374050593183101,0.03022018443152107,70
9,0.5539964199066162,0.08791911939062383,0.05725936889648438,0.005350925402562489,gini,2,1,"{'criterion': 'gini', 'max_depth': 2, 'min_samples_leaf': 1}",0.7262569832402235,0.6862745098039216,0.7675070028011205,0.7310924369747899,0.7703081232492998,0.736287811213871,0.030857606179328933,74,0.6995073891625616,0.6558139534883721,0.7553191489361702,0.7204301075268817,0.7580645161290323,0.7178270230486035,0.037980840390303285,96,0.7612903225806451,0.7323943661971831,0.7810650887573964,0.7426900584795322,0.783625730994152,0.7602131134017818,0.020322677324674986,24,0.7932960893854749,0.7877094972067039,0.7932960893854749,0.7528089887640449,0.7921348314606742,0.7838490992404745,0.015655898152906772,3,0.659217877094972,0.5842696629213483,0.7415730337078652,0.7094972067039106,0.7486033519553073,0.6886322264766807,0.0609776368560398,107,0.7384230287859824,0.6970509383378016,0.7728337236533958,0.7358053302433372,0.776361529548088,0.7440949101137211,0.028917388492280503,64,0.7262569832402235,0.6859895800640261,0.76743456154667,0.7311530977339777,0.7703690917079907,0.7362406628585776,0.03094684950277259,74,0.6722472517570732,0.6351987226287888,0.708068348009372,0.6725947852433143,0.7126752690687174,0.6801568753414532,0.02820453539531383,66,0.7262569832402235,0.6859895800640262,0.76743456154667,0.7311530977339779,0.7703690917079908,0.7362406628585776,0.030946849502772576,74
77,0.49724273681640624,0.05419165194207183,0.06122426986694336,0.007251729234018938,log_loss,1,6,"{'criterion': 'log_loss', 'max_depth': 1, 'min_samples_leaf': 6}",0.7486033519553073,0.6974789915966386,0.7507002801120448,0.7394957983193278,0.7675070028011205,0.7407570849568877,0.02345452344115205,60,0.7486033519553073,0.6714975845410628,0.7393617021276596,0.7891156462585034,0.7540106951871658,0.7405177960139397,0.038403936611257475,41,0.7486033519553073,0.7333333333333333,0.7633136094674556,0.7047619047619048,0.7823529411764706,0.7464730281388944,0.026412046537837342,77,0.7486033519553073,0.776536312849162,0.776536312849162,0.651685393258427,0.7921348314606742,0.7490992404745466,0.050689942804019894,90,0.7486033519553073,0.6179775280898876,0.7247191011235955,0.8268156424581006,0.7430167597765364,0.7322264766806854,0.0669939183469282,34,0.7486033519553073,0.7069408740359897,0.7552693208430913,0.7262021589793916,0.7741559953434226,0.7422343402314405,0.02337574249841564,69,0.7486033519553073,0.6972569204695248,0.7506277069863787,0.7392505178582638,0.7675757956186053,0.7406628585776162,0.023548783358865986,60,0.6861053025810679,0.6436597110754414,0.6904428548894459,0.6695429009592665,0.7101528879708308,0.6799807314952104,0.022295695790540433,67,0.7486033519553073,0.6972569204695248,0.7506277069863788,0.7392505178582638,0.7675757956186052,0.740662858577616,0.023548783358865972,60
83,0.5083245754241943,0.023249902191860457,0.06328306198120118,0.004472272076522392,log_loss,2,3,"{'criterion': 'log_loss', 'max_depth': 2, 'min_samples_leaf': 3}",0.7458100558659218,0.6918767507002801,0.7815126050420168,0.7282913165266106,0.7563025210084033,0.7407586498286466,0.02990949000501189,59,0.7444444444444445,0.6635071090047393,0.7853107344632768,0.7213114754098361,0.782608695652174,0.7394364917948941,0.04491581526786486,44,0.7471910112359551,0.7328767123287672,0.7777777777777778,0.735632183908046,0.7346938775510204,0.7456343125603133,0.016841126603586283,81,0.7486033519553073,0.7821229050279329,0.776536312849162,0.7415730337078652,0.7078651685393258,0.7513401544159187,0.026740924690962387,86,0.7430167597765364,0.601123595505618,0.7865168539325843,0.7150837988826816,0.8044692737430168,0.7300420563680874,0.07175078451530809,41,0.7463524130190797,0.7020997375328084,0.779510022271715,0.7314285714285714,0.7476635514018691,0.7414108591308087,0.025139895371968663,72,0.7458100558659218,0.6916232502667754,0.7815265833908731,0.7283284162952735,0.7561672211411713,0.7406911053920029,0.029979127953711437,59,0.6836670642144247,0.6394290361981333,0.7181779078672668,0.6688957995064719,0.6890778657831849,0.6798495347138962,0.025778288654032012,68,0.7458100558659218,0.6916232502667755,0.7815265833908732,0.7283284162952735,0.7561672211411713,0.7406911053920031,0.029979127953711427,59
92,0.5616037845611572,0.029731544030580415,0.059754228591918944,0.0025207955242128126,log_loss,3,3,"{'criterion': 'log_loss', 'max_depth': 3, 'min_samples_leaf': 3}",0.7262569832402235,0.711484593837535,0.7647058823529411,0.7394957983193278,0.7535014005602241,0.7390889316620503,0.018924964094801083,63,0.6956521739130435,0.6958762886597938,0.7567567567567568,0.7297297297297297,0.7777777777777778,0.7311585453674203,0.03266864803823273,65,0.7682119205298014,0.7300613496932515,0.7732558139534884,0.75,0.7333333333333333,0.750972483501975,0.017567617169369214,65,0.8044692737430168,0.7541899441340782,0.7821229050279329,0.7584269662921348,0.7078651685393258,0.7614148515472976,0.03228374837358874,61,0.6480446927374302,0.6685393258426966,0.7471910112359551,0.7206703910614525,0.7988826815642458,0.716665620488356,0.054281589441194426,63,0.7407407407407407,0.7168674698795181,0.7678983833718245,0.7439446366782007,0.7455683003128258,0.7430039061966219,0.016219934069456578,67,0.7262569832402235,0.7113646349883874,0.764656958131944,0.7395486786767936,0.7533739250517858,0.7390402360178269,0.018927651999381248,64,0.6738133116282512,0.6533408289903126,0.7038202137400558,0.6805588157050529,0.686687635948234,0.6796441612023812,0.016497228481618966,69,0.7262569832402235,0.7113646349883874,0.7646569581319441,0.7395486786767936,0.7533739250517858,0.7390402360178269,0.018927651999381276,64
45,0.536273193359375,0.06868636177033953,0.06762886047363281,0.007804240225934439,entropy,2,1,"{'criterion': 'entropy', 'max_depth': 2, 'min_samples_leaf': 1}",0.729050279329609,0.6946778711484594,0.7703081232492998,0.7366946778711485,0.7619047619047619,0.7385271427006557,0.026730025389619848,69,0.6971153846153846,0.6699029126213593,0.7679558011049724,0.7258064516129032,0.7924528301886793,0.7306466760286598,0.0448320233206823,66,0.7733333333333333,0.7284768211920529,0.7727272727272727,0.7485380116959064,0.7373737373737373,0.7520898352644605,0.018242496849986783,61,0.8100558659217877,0.770949720670391,0.776536312849162,0.7584269662921348,0.7078651685393258,0.7647668068545602,0.03318384723663158,50,0.6480446927374302,0.6179775280898876,0.7640449438202247,0.7150837988826816,0.8156424581005587,0.7121586843261566,0.07265029354584329,73,0.7445442875481386,0.7033248081841432,0.7709750566893424,0.7415990730011588,0.7518022657054583,0.7424490982256483,0.02207729367748201,68,0.729050279329609,0.6944636243801393,0.7702906283346933,0.7367553825874082,0.7617538133199422,0.7384627455903584,0.026769087518166663,69,0.6771322160148976,0.6406584957072344,0.708045424502794,0.6781245478687408,0.6938703024802269,0.6795661973147787,0.02252769703403312,70,0.729050279329609,0.6944636243801393,0.7702906283346933,0.7367553825874082,0.7617538133199422,0.7384627455903584,0.026769087518166663,69
85,0.5905049800872803,0.05269851257125957,0.06952457427978516,0.007297635469102162,log_loss,2,5,"{'criterion': 'log_loss', 'max_depth': 2, 'min_samples_leaf': 5}",0.7206703910614525,0.6974789915966386,0.773109243697479,0.7394957983193278,0.7563025210084033,0.7374113891366603,0.02649684447299407,70,0.6889952153110048,0.6731707317073171,0.7663043478260869,0.7297297297297297,0.7757575757575758,0.726791520066343,0.04067264643702438,77,0.7651006711409396,0.7302631578947368,0.7803468208092486,0.75,0.7395833333333334,0.7530587966356517,0.017889821120271772,58,0.8044692737430168,0.770949720670391,0.7877094972067039,0.7584269662921348,0.7191011235955056,0.7681313163015504,0.029016650143171847,40,0.6368715083798883,0.6235955056179775,0.7584269662921348,0.7206703910614525,0.7932960893854749,0.7065720921473856,0.06656129053946076,80,0.7354838709677419,0.7061068702290076,0.7758620689655172,0.7439446366782007,0.7497360084477297,0.7422266910576394,0.022542346423046825,70,0.7206703910614525,0.6972726131441842,0.7730682317494193,0.7395486786767936,0.7561986064904902,0.7373517042244679,0.026534138429103165,71,0.6688350643020509,0.6430638932095606,0.7122842512337793,0.6805588157050529,0.6903500226906405,0.6790184094282168,0.022951349834533827,71,0.7206703910614525,0.6972726131441843,0.7730682317494193,0.7395486786767936,0.7561986064904902,0.7373517042244679,0.026534138429103134,71
87,0.5741259574890136,0.05371240392768078,0.07476534843444824,0.017977313604635017,log_loss,2,7,"{'criterion': 'log_loss', 'max_depth': 2, 'min_samples_leaf': 7}",0.7206703910614525,0.7086834733893558,0.7703081232492998,0.7282913165266106,0.7647058823529411,0.738531837315932,0.024534210151337856,65,0.6854460093896714,0.6984126984126984,0.7740112994350282,0.7165775401069518,0.7974683544303798,0.7343831803549458,0.04371702210314885,58,0.7724137931034483,0.7202380952380952,0.7666666666666667,0.7411764705882353,0.7386934673366834,0.7478376985866257,0.019226239826103154,73,0.8156424581005587,0.7374301675977654,0.7653631284916201,0.7528089887640449,0.7078651685393258,0.7558219822986629,0.035543538821620244,74,0.6256983240223464,0.6797752808988764,0.7752808988764045,0.7039106145251397,0.8212290502793296,0.7211788337204194,0.06937730551160606,52,0.7378129117259552,0.711764705882353,0.7683741648106904,0.7334109429569267,0.7538461538461538,0.7410417758444158,0.019166708544927132,74,0.7206703910614525,0.7086027242483208,0.7703220136840123,0.7283598016445922,0.7645471094093277,0.7385004080095412,0.02451798579661505,66,0.6704488537853979,0.6492639190507664,0.7064268403990811,0.6701813686368403,0.6962723889701862,0.6785186741684545,0.020418293235016934,72,0.7206703910614525,0.7086027242483209,0.7703220136840123,0.7283598016445924,0.7645471094093277,0.7385004080095412,0.024517985796615016,66
50,0.4966714859008789,0.024945854988823946,0.061219215393066406,0.0019392942485319876,entropy,2,6,"{'criterion': 'entropy', 'max_depth': 2, 'min_samples_leaf': 6}",0.723463687150838,0.6834733893557423,0.7591036414565826,0.7366946778711485,0.773109243697479,0.735168927906358,0.031061575475816516,78,0.696078431372549,0.6527777777777778,0.7597765363128491,0.7258064516129032,0.7593582887700535,0.7187594971692266,0.040616097759418504,94,0.7597402597402597,0.7304964539007093,0.7584269662921348,0.7485380116959064,0.788235294117647,0.7570873971493314,0.018757365835565407,42,0.7932960893854749,0.7877094972067039,0.7597765363128491,0.7584269662921348,0.797752808988764,0.7793923796371853,0.016875561154864847,8,0.6536312849162011,0.5786516853932584,0.7584269662921348,0.7150837988826816,0.7486033519553073,0.6908794174879167,0.06702695468204946,106,0.7358490566037735,0.6940700808625337,0.7584269662921348,0.7415990730011588,0.779976717112922,0.7419843787745045,0.0284511758624154,71,0.723463687150838,0.6831805912999811,0.759101751302492,0.7367553825874082,0.7731780804720356,0.7351358985625511,0.031176231018137514,76,0.6697743597184938,0.6327870378368895,0.6956596424707997,0.6781245478687408,0.7161260034740152,0.6784943182737877,0.027842851786745188,73,0.723463687150838,0.6831805912999812,0.7591017513024919,0.7367553825874082,0.7731780804720356,0.7351358985625511,0.031176231018137462,76
16,0.45857882499694824,0.008343085999328776,0.059880828857421874,0.004189753848730007,gini,2,8,"{'criterion': 'gini', 'max_depth': 2, 'min_samples_leaf': 8}",0.723463687150838,0.6890756302521008,0.7619047619047619,0.7450980392156863,0.7591036414565826,0.7357291519959939,0.027004807269633082,75,0.6869158878504673,0.6634615384615384,0.7582417582417582,0.7403314917127072,0.7674418604651163,0.7232785073463175,0.04089974281297181,86,0.7777777777777778,0.7248322147651006,0.7657142857142857,0.75,0.7513513513513513,0.7539351259217031,0.01775590717360467,53,0.8212290502793296,0.770949720670391,0.770949720670391,0.7528089887640449,0.7415730337078652,0.7715021028184043,0.027271088158448042,28,0.6256983240223464,0.6067415730337079,0.7528089887640449,0.7374301675977654,0.776536312849162,0.6998430732534052,0.06966399938062573,90,0.7417218543046358,0.6976744186046512,0.7630979498861048,0.7474518686296716,0.7562568008705114,0.741240578459115,0.022978484100100876,73,0.723463687150838,0.6888456468520494,0.761879354717218,0.7451195781809051,0.7590546732785136,0.7356725880359049,0.02707242816756112,75,0.6738050900062074,0.6358642695446326,0.6996858968306423,0.6847252867627498,0.6954964259597844,0.6779153938208033,0.022867504387634015,74,0.723463687150838,0.6888456468520495,0.7618793547172179,0.7451195781809051,0.7590546732785136,0.7356725880359049,0.02707242816756106,75
88,0.5373651504516601,0.06190761333350848,0.06676945686340333,0.014287186991441709,log_loss,2,8,"{'criterion': 'log_loss', 'max_depth': 2, 'min_samples_leaf': 8}",0.723463687150838,0.6918767507002801,0.7619047619047619,0.7478991596638656,0.7619047619047619,0.7374098242649014,0.026749899535208507,71,0.6923076923076923,0.6650717703349283,0.7582417582417582,0.7528735632183908,0.8079470198675497,0.7352883607940639,0.05078008660153066,55,0.7666666666666667,0.7297297297297297,0.7657142857142857,0.7431693989071039,0.7281553398058253,0.7466870841647222,0.016760487127460536,76,0.8044692737430168,0.776536312849162,0.770949720670391,0.7359550561797753,0.6853932584269663,0.7546607243738623,0.04092101715021309,79,0.6424581005586593,0.6067415730337079,0.7528089887640449,0.7597765363128491,0.8379888268156425,0.7199548050969807,0.08416670728150404,58,0.7381258023106547,0.7012987012987013,0.7630979498861048,0.7464324917672887,0.7477567298105683,0.7393423350146635,0.020660104639679863,75,0.723463687150838,0.6916389429414349,0.761879354717218,0.7478657962463122,0.7616910426213044,0.7373077647354215,0.02678461899037409,72,0.6713221601489758,0.6388357954782278,0.6996858968306423,0.6850908510670501,0.6914185319406279,0.6772706470931048,0.021337216183144162,75,0.723463687150838,0.6916389429414349,0.7618793547172179,0.7478657962463122,0.7616910426213044,0.7373077647354215,0.02678461899037407,72
8,0.4793712615966797,0.08366580948654302,0.06456832885742188,0.010297205593355705,gini,1,9,"{'criterion': 'gini', 'max_depth': 1, 'min_samples_leaf': 9}",0.7374301675977654,0.6666666666666666,0.7619047619047619,0.7282913165266106,0.773109243697479,0.7334804312786567,0.037107928575427516,82,0.717948717948718,0.6515151515151515,0.7526881720430108,0.7213114754098361,0.7593582887700535,0.720564361137354,0.038241603435919855,91,0.7607361963190185,0.6855345911949685,0.7719298245614035,0.735632183908046,0.788235294117647,0.7484136180202168,0.035798773346807714,72,0.7821229050279329,0.7206703910614525,0.7821229050279329,0.7415730337078652,0.797752808988764,0.7648484087627895,0.02888929327147709,48,0.6927374301675978,0.6123595505617978,0.7415730337078652,0.7150837988826816,0.7486033519553073,0.7020714330550499,0.04905153018101021,87,0.7460890493381468,0.6695331695331695,0.765661252900232,0.7314285714285714,0.779976717112922,0.7385377520626084,0.03826765493735602,77,0.7374301675977654,0.6665149708116251,0.761847969367899,0.7283284162952735,0.7731780804720356,0.7334599209089196,0.03716755315134402,82,0.6806217225897111,0.6130709650830864,0.7012938824258266,0.6688957995064719,0.7161260034740152,0.6760016746158223,0.035445084423285395,76,0.7374301675977654,0.6665149708116251,0.7618479693678991,0.7283284162952735,0.7731780804720356,0.7334599209089199,0.03716755315134404,82
84,0.5195860862731934,0.012980425704599168,0.06806893348693847,0.012577770491751688,log_loss,2,4,"{'criterion': 'log_loss', 'max_depth': 2, 'min_samples_leaf': 4}",0.723463687150838,0.6918767507002801,0.7619047619047619,0.7282913165266106,0.7675070028011205,0.7346087038167222,0.027631552468199844,80,0.6869158878504673,0.6716417910447762,0.7554347826086957,0.7262569832402235,0.7878787878787878,0.72562564652459,0.0428418927165204,81,0.7777777777777778,0.717948717948718,0.7687861271676301,0.7303370786516854,0.75,0.7489699403091622,0.022508369796488466,71,0.8212290502793296,0.7541899441340782,0.776536312849162,0.7303370786516854,0.7303370786516854,0.7625258929131882,0.034011998237996215,59,0.6256983240223464,0.6292134831460674,0.7471910112359551,0.7262569832402235,0.8044692737430168,0.7065658150775219,0.06949269062280154,81,0.7417218543046358,0.6982543640897756,0.764367816091954,0.7295173961840629,0.7602956705385427,0.7388314202417943,0.02389319858453964,76,0.723463687150838,0.6917017136400728,0.7618636620425585,0.7282970309459544,0.7674031761973511,0.734545853995355,0.027652662920757534,79,0.6738050900062074,0.6366169631205982,0.7004805039506223,0.6676673054508351,0.7013911709935371,0.67599220670436,0.02395529735401773,77,0.723463687150838,0.6917017136400728,0.7618636620425586,0.7282970309459544,0.7674031761973512,0.734545853995355,0.027652662920757583,79
46,0.4980569839477539,0.06258726428512439,0.06281518936157227,0.010866984316950322,entropy,2,2,"{'criterion': 'entropy', 'max_depth': 2, 'min_samples_leaf': 2}",0.7206703910614525,0.7002801120448179,0.7675070028011205,0.7366946778711485,0.7507002801120448,0.7351704927781169,0.02330982167589807,77,0.6908212560386473,0.6875,0.7553191489361702,0.7258064516129032,0.7870967741935484,0.7293087261562539,0.038098612717499154,71,0.7615894039735099,0.7151515151515152,0.7810650887573964,0.7485380116959064,0.7227722772277227,0.7458232593612101,0.024372244072091105,80,0.7988826815642458,0.7374301675977654,0.7932960893854749,0.7584269662921348,0.6853932584269663,0.7546858326533175,0.04136986410155541,78,0.6424581005586593,0.6629213483146067,0.7415730337078652,0.7150837988826816,0.8156424581005587,0.7155357479128743,0.06133207239611288,66,0.7343550446998723,0.7040572792362768,0.7728337236533958,0.7415990730011588,0.7396149949341438,0.7384920231049695,0.0218775382388925,78,0.7206703910614525,0.700175757956186,0.76743456154667,0.7367553825874082,0.7505178582637625,0.7351107902830959,0.023297597428365104,77,0.668060231603093,0.6421564335642327,0.708068348009372,0.6781245478687408,0.6819607316348743,0.6756740585360625,0.021336910232828493,78,0.7206703910614525,0.700175757956186,0.76743456154667,0.7367553825874082,0.7505178582637626,0.7351107902830959,0.023297597428365117,77
48,0.5072178363800048,0.02096132674690602,0.06156821250915527,0.008656779584012553,entropy,2,4,"{'criterion': 'entropy', 'max_depth': 2, 'min_samples_leaf': 4}",0.7206703910614525,0.6778711484593838,0.7647058823529411,0.742296918767507,0.7647058823529411,0.7340500445988452,0.03250432343733278,81,0.6872037914691943,0.6495327102803738,0.7540106951871658,0.7336956521739131,0.8133333333333334,0.727555236488796,0.056233853876667336,75,0.7687074829931972,0.7202797202797203,0.7764705882352941,0.7514450867052023,0.7294685990338164,0.7492742954494461,0.02170230611645318,70,0.8100558659217877,0.776536312849162,0.7877094972067039,0.7584269662921348,0.6853932584269663,0.763624380139351,0.042543660532428536,52,0.6312849162011173,0.5786516853932584,0.7415730337078652,0.7262569832402235,0.8435754189944135,0.7042684075073755,0.09207358679459943,84,0.7366362451108214,0.6866666666666666,0.7692307692307693,0.746268656716418,0.7497517378351539,0.7377108151119659,0.027634716469677238,80,0.7206703910614525,0.6775939991212102,0.7646412654572845,0.7423419747661791,0.7644843387106899,0.7339463938233631,0.03254864556301287,81,0.6696309808839737,0.6268751077078902,0.7046611903188242,0.6829971437019926,0.6937931516222391,0.675591514846984,0.026981494553640687,79,0.7206703910614525,0.6775939991212102,0.7646412654572846,0.7423419747661791,0.7644843387106899,0.7339463938233634,0.03254864556301288,81
10,0.5150988101959229,0.04746053254340744,0.06494932174682617,0.005981139748021883,gini,2,2,"{'criterion': 'gini', 'max_depth': 2, 'min_samples_leaf': 2}",0.7178770949720671,0.680672268907563,0.7591036414565826,0.7507002801120448,0.7675070028011205,0.7351720576498756,0.03202729392642956,76,0.6857142857142857,0.6600985221674877,0.7569060773480663,0.7834394904458599,0.7745664739884393,0.7321449699328278,0.04978016342688515,62,0.7635135135135135,0.7077922077922078,0.7613636363636364,0.725,0.7608695652173914,0.7437077845773498,0.022971428233050626,86,0.8044692737430168,0.7486033519553073,0.7653631284916201,0.6910112359550562,0.7528089887640449,0.752451195781809,0.03650315335015666,85,0.6312849162011173,0.6123595505617978,0.7528089887640449,0.8100558659217877,0.7821229050279329,0.7177264452953361,0.08059371098724422,61,0.7328145265888456,0.6863979848866498,0.7596371882086168,0.7405515832482125,0.7650273224043715,0.7368857210673392,0.027887644782429586,82,0.717877094972067,0.6804814512585525,0.7590860586278325,0.7505335509384219,0.7674659468959889,0.7350888205385726,0.03206522640138984,78,0.6663521062962403,0.6267006291791486,0.696410688892513,0.6825285980313913,0.704337212174158,0.6752658469146903,0.027506476763166893,80,0.717877094972067,0.6804814512585525,0.7590860586278325,0.750533550938422,0.767465946895989,0.7350888205385726,0.032065226401389875,78
86,0.5483982563018799,0.06616685304167594,0.0661231517791748,0.01775379580680182,log_loss,2,6,"{'criterion': 'log_loss', 'max_depth': 2, 'min_samples_leaf': 6}",0.7262569832402235,0.680672268907563,0.7535014005602241,0.7254901960784313,0.773109243697479,0.7318060184967842,0.03118328965009894,85,0.6919431279620853,0.6616915422885572,0.7570621468926554,0.7150537634408602,0.7593582887700535,0.7170217738708422,0.03765596377243769,99,0.7755102040816326,0.7051282051282052,0.75,0.7368421052631579,0.788235294117647,0.7511431617181286,0.02930113412106363,64,0.8156424581005587,0.7430167597765364,0.7486033519553073,0.7471910112359551,0.797752808988764,0.7704412780114243,0.030194835736447278,31,0.6368715083798883,0.6179775280898876,0.7584269662921348,0.7039106145251397,0.7486033519553073,0.6931579938484715,0.05704404654115255,98,0.7431551499348109,0.685785536159601,0.7516703786191536,0.7300115874855156,0.779976717112922,0.7381198738624006,0.03087261803588139,79,0.7262569832402235,0.6804971439332119,0.753515159123721,0.7255508128805475,0.7731780804720356,0.7317996359299478,0.03125845195693067,85,0.6754645992475202,0.6262295756677779,0.6892684039908098,0.6671303628772884,0.7161260034740152,0.6748437890514823,0.02944661214923184,81,0.7262569832402235,0.6804971439332119,0.753515159123721,0.7255508128805473,0.7731780804720356,0.7317996359299478,0.03125845195693068,85
15,0.45380215644836425,0.013712121982808863,0.05495638847351074,0.004922782030930972,gini,2,7,"{'criterion': 'gini', 'max_depth': 2, 'min_samples_leaf': 7}",0.7178770949720671,0.7086834733893558,0.7591036414565826,0.7478991596638656,0.7394957983193278,0.7346118335602398,0.018722105317239453,79,0.6839622641509434,0.6847290640394089,0.7513513513513513,0.7784810126582279,0.7514792899408284,0.730000596428152,0.038565734667798286,69,0.7671232876712328,0.7402597402597403,0.7674418604651163,0.7236180904522613,0.7287234042553191,0.7454332766207339,0.018637177912538522,83,0.8100558659217877,0.776536312849162,0.776536312849162,0.6910112359550562,0.7134831460674157,0.7535245747285166,0.04419524997207778,82,0.6256983240223464,0.6404494382022472,0.7415730337078652,0.8044692737430168,0.7653631284916201,0.7155106396334191,0.0703968658515533,68,0.7339449541284404,0.7178841309823678,0.7621247113163973,0.7384615384615385,0.7357679914070892,0.7376366652591667,0.014195971956124157,81,0.717877094972067,0.7084928755257046,0.7590546732785136,0.7477402548490365,0.7394231372795179,0.7345176071809679,0.018735866960885646,80,0.6671385934032295,0.6533706434565655,0.6979657292757709,0.6801677353797138,0.6753850833094441,0.6748055569649447,0.014722229701857758,82,0.7178770949720671,0.7084928755257046,0.7590546732785136,0.7477402548490365,0.739423137279518,0.7345176071809679,0.01873586696088563,80
36,0.6516064643859864,0.08700195932486716,0.09550313949584961,0.03886365342669341,entropy,1,1,"{'criterion': 'entropy', 'max_depth': 1, 'min_samples_leaf': 1}",0.7486033519553073,0.6890756302521008,0.7535014005602241,0.7338935574229691,0.7591036414565826,0.7368355163294368,0.025305196658066843,73,0.7486033519553073,0.6666666666666666,0.7513812154696132,0.782312925170068,0.7613636363636364,0.7420655591250582,0.039514006202460254,38,0.7486033519553073,0.7189542483660131,0.7556818181818182,0.7,0.7569060773480663,0.736029099170241,0.022670844415212478,95,0.7486033519553073,0.7597765363128491,0.7597765363128491,0.6460674157303371,0.7528089887640449,0.7334065658150776,0.043877725900310735,103,0.7486033519553073,0.6179775280898876,0.7471910112359551,0.8212290502793296,0.7653631284916201,0.74007281401042,0.06671826188575421,21,0.7486033519553073,0.6962025316455697,0.753968253968254,0.7212953876349362,0.7585825027685493,0.7357304055945233,0.023627834301856398,85,0.7486033519553073,0.6888770322013684,0.7534837737744021,0.7336482330048333,0.7590860586278325,0.7367396899127486,0.02538055210269017,73,0.6861053025810679,0.6347737596911424,0.6906890820679652,0.6644961895372674,0.6969550621569657,0.6746038792068817,0.02271209229057472,83,0.7486033519553073,0.6888770322013684,0.7534837737744021,0.7336482330048333,0.7590860586278327,0.7367396899127487,0.025380552102690208,73
75,0.5237414360046386,0.06307864890278096,0.06436219215393066,0.008515040508091903,log_loss,1,4,"{'criterion': 'log_loss', 'max_depth': 1, 'min_samples_leaf': 4}",0.7430167597765364,0.6694677871148459,0.7535014005602241,0.7310924369747899,0.7675070028011205,0.7329170774455033,0.033915549925359015,84,0.7377049180327869,0.6532663316582915,0.7513812154696132,0.7228260869565217,0.7567567567567568,0.7243870617747941,0.03745515098600206,83,0.7485714285714286,0.689873417721519,0.7556818181818182,0.7398843930635838,0.7790697674418605,0.742616164996042,0.029408507465208997,88,0.7541899441340782,0.7262569832402235,0.7597765363128491,0.7471910112359551,0.7865168539325843,0.754786265771138,0.019512542006763615,77,0.7318435754189944,0.6123595505617978,0.7471910112359551,0.7150837988826816,0.7486033519553073,0.7110162576109473,0.050803288015517645,76,0.745164960182025,0.6728395061728395,0.753968253968254,0.7347876004592423,0.7727797001153403,0.7359080041795403,0.03391246544668328,84,0.7430167597765363,0.6693082669010106,0.7534837737744021,0.7311374050593183,0.7675601029439458,0.7329012616910426,0.03398346232730127,83,0.6819154030327215,0.6157278869448505,0.6906890820679652,0.6719364853830576,0.7092646594820857,0.6739067033821362,0.03157413183294543,84,0.7430167597765363,0.6693082669010106,0.7534837737744021,0.7311374050593182,0.7675601029439457,0.7329012616910426,0.03398346232730125,83
44,0.48205113410949707,0.05489448464206901,0.05826668739318848,0.004841299148504879,entropy,1,9,"{'criterion': 'entropy', 'max_depth': 1, 'min_samples_leaf': 9}",0.723463687150838,0.6834733893557423,0.7591036414565826,0.7254901960784313,0.7647058823529411,0.731247359278907,0.02922850630871032,86,0.7,0.6617647058823529,0.7513513513513513,0.7197802197802198,0.7554347826086957,0.717666211924524,0.0346487979603596,97,0.7531645569620253,0.7124183006535948,0.7674418604651163,0.7314285714285714,0.7745664739884393,0.7478039526995495,0.02302569663525227,74,0.7821229050279329,0.7541899441340782,0.776536312849162,0.7359550561797753,0.7808988764044944,0.7659406189190886,0.018083677232600463,45,0.664804469273743,0.6123595505617978,0.7415730337078652,0.7150837988826816,0.7486033519553073,0.6964848408762789,0.05133403546226914,93,0.7336621454993835,0.689873417721519,0.7621247113163973,0.7281001137656428,0.7692307692307693,0.7365982315067423,0.028215352272232073,83,0.723463687150838,0.683274747347938,0.7590546732785136,0.7255194275312284,0.7647511141799008,0.7312127298976838,0.029293373167837998,88,0.6683049289300615,0.6295334613246049,0.6979657292757709,0.6658898643256186,0.7058934789080161,0.6735174925528143,0.027077176020817245,85,0.7234636871508381,0.683274747347938,0.7590546732785136,0.7255194275312284,0.7647511141799008,0.7312127298976838,0.02929337316783799,88
43,0.475675106048584,0.05436929018211189,0.06757712364196777,0.01884234931445012,entropy,1,8,"{'criterion': 'entropy', 'max_depth': 1, 'min_samples_leaf': 8}",0.7122905027932961,0.6862745098039216,0.7703081232492998,0.7282913165266106,0.7563025210084033,0.7306933946763062,0.030141757791497255,89,0.6881188118811881,0.6666666666666666,0.7566137566137566,0.7213114754098361,0.7791411042944786,0.7223703629731852,0.041647854339643214,87,0.7435897435897436,0.7115384615384616,0.7857142857142857,0.735632183908046,0.7371134020618557,0.7427176153624785,0.024096574228644276,87,0.776536312849162,0.7486033519553073,0.7988826815642458,0.7415730337078652,0.7134831460674157,0.7558157052287993,0.029431361938523554,75,0.6480446927374302,0.6235955056179775,0.7415730337078652,0.7150837988826816,0.7988826815642458,0.7054359425020401,0.06343954002644982,83,0.7222914072229141,0.6920199501246883,0.7764705882352941,0.7314285714285714,0.7486910994764397,0.7341803232975815,0.028019438479996505,86,0.7122905027932961,0.6860994287866424,0.7702278576360555,0.7283284162952735,0.7561829138158307,0.7306258238654196,0.03015144396070133,89,0.6578570405386048,0.631387256717726,0.7115160671009977,0.6688957995064719,0.6897074673905731,0.6718727262508748,0.027327814575722146,86,0.7122905027932962,0.6860994287866424,0.7702278576360555,0.7283284162952735,0.7561829138158309,0.7306258238654196,0.030151443960701352,89
12,0.4702582836151123,0.024719183823148763,0.05857186317443848,0.005583227590424575,gini,2,4,"{'criterion': 'gini', 'max_depth': 2, 'min_samples_leaf': 4}",0.7262569832402235,0.6694677871148459,0.7563025210084033,0.7394957983193278,0.7647058823529411,0.7312457944071483,0.03363596295552786,87,0.6901408450704225,0.6502463054187192,0.7911392405063291,0.7607361963190185,0.7526881720430108,0.7289901518715001,0.05126749205755311,73,0.7793103448275862,0.6948051948051948,0.7286432160804021,0.7216494845360825,0.7777777777777778,0.7404372036054087,0.03310527554548457,91,0.8212290502793296,0.7374301675977654,0.6983240223463687,0.6966292134831461,0.7865168539325843,0.7480258615278388,0.04912111626948045,91,0.6312849162011173,0.601123595505618,0.8146067415730337,0.7821229050279329,0.7430167597765364,0.7144309836168475,0.08388844739576808,70,0.7444005270092227,0.6738035264483627,0.74435318275154,0.7329842931937173,0.7705677867902665,0.7332218632386218,0.03216887312346207,89,0.7262569832402235,0.6692768815516916,0.7564653819597011,0.7393760592555395,0.7647668068545603,0.7312284225723433,0.033736686164377826,87,0.6763244076285879,0.6165433486980083,0.6859946508104682,0.6736622887362628,0.7067534648868858,0.6718556321520426,0.030001510766576128,87,0.7262569832402234,0.6692768815516916,0.7564653819597011,0.7393760592555394,0.7647668068545603,0.7312284225723432,0.03373668616437782,87
3,0.40299463272094727,0.00848277626702194,0.05584163665771484,0.003903468110479791,gini,1,4,"{'criterion': 'gini', 'max_depth': 1, 'min_samples_leaf': 4}",0.7318435754189944,0.6722689075630253,0.7507002801120448,0.742296918767507,0.7675070028011205,0.7329233369325384,0.03249627479327861,83,0.7371428571428571,0.6597938144329897,0.7528089887640449,0.7986111111111112,0.7435897435897436,0.7383893030081492,0.044811700575618826,47,0.726775956284153,0.6871165644171779,0.7486033519553073,0.704225352112676,0.7962962962962963,0.7326035042131221,0.03800291676864789,100,0.7206703910614525,0.7150837988826816,0.7486033519553073,0.6460674157303371,0.8146067415730337,0.7290063398405624,0.05450442547522074,104,0.7430167597765364,0.6292134831460674,0.7528089887640449,0.8379888268156425,0.7206703910614525,0.7367396899127486,0.0668866491946359,30,0.7299670691547749,0.6746987951807228,0.7494407158836689,0.7274490785645005,0.7799274486094316,0.7322966214786197,0.034377465720180675,91,0.7318435754189945,0.6721486410143744,0.750706170359676,0.7420281212729898,0.7676385663172431,0.7328730148766556,0.03255453977908766,84,0.6684983362334769,0.6172169564041237,0.6868046320907372,0.671365469627933,0.7139231856616017,0.6715617160035745,0.03158992341429825,88,0.7318435754189945,0.6721486410143744,0.750706170359676,0.7420281212729898,0.7676385663172431,0.7328730148766556,0.03255453977908766,84
37,0.6416527271270752,0.046713104419842534,0.10630407333374023,0.018981250676220775,entropy,1,2,"{'criterion': 'entropy', 'max_depth': 1, 'min_samples_leaf': 2}",0.7178770949720671,0.6722689075630253,0.7563025210084033,0.7226890756302521,0.773109243697479,0.7284493685742454,0.034846809581069026,90,0.6893203883495146,0.6519607843137255,0.7527472527472527,0.7158469945355191,0.7650273224043715,0.7149805484700767,0.041380402979452516,100,0.756578947368421,0.6993464052287581,0.76,0.7298850574712644,0.7816091954022989,0.7454839210941485,0.028322593508438805,82,0.7932960893854749,0.7430167597765364,0.7653631284916201,0.7359550561797753,0.7865168539325843,0.7648295775531981,0.022761818614333212,49,0.6424581005586593,0.601123595505618,0.7471910112359551,0.7094972067039106,0.7597765363128491,0.6920092900633985,0.06108809884226176,103,0.7306226175349428,0.6772151898734177,0.7574031890660592,0.7257142857142858,0.7771428571428571,0.7336196278663125,0.03380197154238798,88,0.7178770949720671,0.6720701776410771,0.7562770698637876,0.722726131441843,0.7731466951227167,0.7284194338082983,0.034915237538534025,90,0.664841223169656,0.6192731774357683,0.6939155887073931,0.6635096727961075,0.7142965065047402,0.671167233722733,0.032153604936274824,89,0.717877094972067,0.6720701776410771,0.7562770698637876,0.722726131441843,0.7731466951227168,0.7284194338082983,0.03491523753853406,90
38,0.5605293273925781,0.09016455450753655,0.0640993595123291,0.009200296555247171,entropy,1,3,"{'criterion': 'entropy', 'max_depth': 1, 'min_samples_leaf': 3}",0.723463687150838,0.6778711484593838,0.7535014005602241,0.711484593837535,0.773109243697479,0.7278860147410919,0.03314012331314748,93,0.6869158878504673,0.6584158415841584,0.7570621468926554,0.711864406779661,0.7593582887700535,0.714723314375399,0.039336536433327456,101,0.7777777777777778,0.7032258064516129,0.75,0.7111111111111111,0.788235294117647,0.7460699978916298,0.034224228063726804,79,0.8212290502793296,0.7430167597765364,0.7486033519553073,0.7078651685393258,0.797752808988764,0.7636934279078526,0.040601524165168046,51,0.6256983240223464,0.6123595505617978,0.7584269662921348,0.7150837988826816,0.7486033519553073,0.6920343983428536,0.06146194038938821,101,0.7417218543046358,0.6829573934837093,0.7516703786191536,0.7119021134593994,0.779976717112922,0.733645691395964,0.03340288738277454,87,0.723463687150838,0.6776881551691671,0.753515159123721,0.7114744837110036,0.7731780804720356,0.727863913125353,0.03321729144654764,92,0.6738050900062074,0.6239043497065373,0.6892684039908098,0.6513611776181609,0.7161260034740152,0.6708930049591462,0.031564491712260834,90,0.723463687150838,0.677688155169167,0.753515159123721,0.7114744837110037,0.7731780804720356,0.727863913125353,0.03321729144654766,92
0,0.4047832012176514,0.024208459370175257,0.05724411010742188,0.006418239211955746,gini,1,1,"{'criterion': 'gini', 'max_depth': 1, 'min_samples_leaf': 1}",0.7346368715083799,0.6666666666666666,0.7647058823529411,0.7198879551820728,0.7703081232492998,0.731241099791872,0.03729988355264964,88,0.7307692307692307,0.6515151515151515,0.7987421383647799,0.7142857142857143,0.7608695652173914,0.7312363600304537,0.04914910100139162,64,0.7386363636363636,0.6855345911949685,0.7373737373737373,0.7257142857142858,0.7803468208092486,0.7335211597457209,0.030322626016484337,99,0.7430167597765364,0.7206703910614525,0.7094972067039106,0.7303370786516854,0.7865168539325843,0.7380076580252338,0.026647692718798317,99,0.7262569832402235,0.6123595505617978,0.8202247191011236,0.7094972067039106,0.7541899441340782,0.7245056807482267,0.06759935749001288,48,0.7361268403171007,0.6695331695331695,0.7525773195876289,0.7224118316268487,0.7749712973593571,0.731124091684821,0.03543216361895274,93,0.73463687150838,0.6665149708116251,0.7648609629025171,0.7199171426777979,0.7703533990333313,0.7312566693867303,0.037387968595552594,86,0.6733113255459624,0.6130709650830864,0.6944480209516561,0.6605505218847316,0.7117790249112207,0.6706319716753315,0.03371162482019029,91,0.7346368715083799,0.6665149708116251,0.7648609629025171,0.7199171426777979,0.7703533990333312,0.7312566693867303,0.037387968595552566,86
41,0.5074159622192382,0.04216087037823434,0.059108304977416995,0.009679835196582534,entropy,1,6,"{'criterion': 'entropy', 'max_depth': 1, 'min_samples_leaf': 6}",0.7262569832402235,0.6750700280112045,0.7338935574229691,0.7310924369747899,0.7675070028011205,0.7267640016900615,0.0296718116700592,97,0.6883720930232559,0.6536585365853659,0.7386363636363636,0.7228260869565217,0.7595628415300546,0.7126111843463123,0.03754746471044012,104,0.7832167832167832,0.7039473684210527,0.7292817679558011,0.7398843930635838,0.7758620689655172,0.7464384763245476,0.029533691141032478,78,0.8268156424581006,0.7486033519553073,0.7262569832402235,0.7471910112359551,0.7808988764044944,0.7659531730588162,0.035089704258031526,44,0.6256983240223464,0.601123595505618,0.7415730337078652,0.7150837988826816,0.7541899441340782,0.6875337392505179,0.06230992264337597,108,0.7456724367509987,0.6806615776081425,0.7317073170731707,0.7347876004592423,0.7714285714285715,0.732851500664025,0.029602069177693126,90,0.7262569832402235,0.6748634737304626,0.7339150084740443,0.7311374050593183,0.7675444102692863,0.7267434561546671,0.02975642800653925,96,0.6772082665937414,0.6220389249727094,0.6696672337070654,0.6719364853830576,0.7083966701687417,0.669849516165063,0.027677700725416525,92,0.7262569832402235,0.6748634737304626,0.7339150084740443,0.7311374050593182,0.7675444102692863,0.7267434561546671,0.029756428006539246,96
39,0.47980475425720215,0.0345383080028836,0.06727666854858398,0.009000017923856263,entropy,1,4,"{'criterion': 'entropy', 'max_depth': 1, 'min_samples_leaf': 4}",0.7206703910614525,0.680672268907563,0.7647058823529411,0.7170868347338936,0.7535014005602241,0.7273273555232149,0.02969213852370898,94,0.6854460093896714,0.6616915422885572,0.7513227513227513,0.7175141242937854,0.7710843373493976,0.7174117529288326,0.04039124470515729,98,0.7724137931034483,0.7051282051282052,0.7797619047619048,0.7166666666666667,0.7382198952879581,0.7424380929896366,0.029548593405873565,89,0.8156424581005587,0.7430167597765364,0.7932960893854749,0.7134831460674157,0.7191011235955056,0.7569079153850982,0.04069858477866956,71,0.6256983240223464,0.6179775280898876,0.7359550561797753,0.7206703910614525,0.7877094972067039,0.6976021593120331,0.06577638449061492,91,0.7378129117259552,0.685785536159601,0.7705882352941177,0.7174638487208009,0.7476139978791092,0.7318529059559168,0.028683120312807828,92,0.7206703910614525,0.6804971439332119,0.7646255727826251,0.7170767685644341,0.7534053104011047,0.7272550373485658,0.029710769152482882,95,0.6704488537853979,0.6262295756677779,0.705522377490322,0.6565364693363379,0.6879453995760754,0.6693365351711822,0.02712561119860477,93,0.7206703910614525,0.6804971439332119,0.764625572782625,0.7170767685644341,0.7534053104011047,0.7272550373485656,0.029710769152482854,95
76,0.48474879264831544,0.05444648656290426,0.06715779304504395,0.008195650038139069,log_loss,1,5,"{'criterion': 'log_loss', 'max_depth': 1, 'min_samples_leaf': 5}",0.7206703910614525,0.6554621848739496,0.7619047619047619,0.7170868347338936,0.773109243697479,0.7256466832543074,0.041451758020204184,99,0.6889952153110048,0.648936170212766,0.7526881720430108,0.7150837988826816,0.7621621621621621,0.713573103722325,0.041653746870954626,103,0.7651006711409396,0.6627218934911243,0.7719298245614035,0.7191011235955056,0.7848837209302325,0.7407474467438411,0.04487756943102794,90,0.8044692737430168,0.6815642458100558,0.7821229050279329,0.7191011235955056,0.7921348314606742,0.7558784759274371,0.047412102780206064,72,0.6368715083798883,0.6292134831460674,0.7415730337078652,0.7150837988826816,0.7541899441340782,0.6953863536501161,0.05250123222362809,97,0.7354838709677419,0.6557377049180327,0.765661252900232,0.7182940516273849,0.7785467128027682,0.7307447186432319,0.04314562733815614,94,0.7206703910614525,0.6553888644780617,0.761847969367899,0.7170924612390936,0.7731623877973762,0.7256324147887765,0.04147860550700039,99,0.6688350643020509,0.6018675005405394,0.7012938824258266,0.6570747060986217,0.7152007093600075,0.6688543725454092,0.039563383760281484,94,0.7206703910614525,0.6553888644780617,0.7618479693678991,0.7170924612390936,0.7731623877973762,0.7256324147887766,0.04147860550700041,99
4,0.43417019844055177,0.018599186146767116,0.054548120498657225,0.004567528254364424,gini,1,5,"{'criterion': 'gini', 'max_depth': 1, 'min_samples_leaf': 5}",0.6983240223463687,0.6890756302521008,0.7478991596638656,0.7338935574229691,0.7703081232492998,0.7279000985869208,0.030385549775549903,91,0.6766169154228856,0.6868131868131868,0.751412429378531,0.7243243243243244,0.7637362637362637,0.7205806239350383,0.03435133837882582,90,0.7261146496815286,0.6914285714285714,0.7444444444444445,0.7441860465116279,0.7771428571428571,0.736663313841806,0.027975657857847072,94,0.7597765363128491,0.6983240223463687,0.7430167597765364,0.7528089887640449,0.7808988764044944,0.7469650367208587,0.027317865740799484,92,0.6368715083798883,0.6797752808988764,0.7528089887640449,0.7150837988826816,0.7597765363128491,0.7088632226476681,0.04602392142139731,78,0.7063197026022305,0.6890660592255126,0.7461024498886414,0.7381776239907728,0.7736063708759955,0.7306544413166305,0.02987266487113938,95,0.6983240223463687,0.6890496516226225,0.7479128742702906,0.7339463938233632,0.7703377063586718,0.7279141296842633,0.03040434166622368,91,0.6440059780094651,0.6296799169105844,0.6836737691331214,0.6750125280721617,0.7109030874919801,0.6686550559234625,0.028905064861001112,95,0.6983240223463687,0.6890496516226225,0.7479128742702905,0.7339463938233635,0.7703377063586718,0.7279141296842633,0.03040434166622367,91
5,0.4468384265899658,0.020268115884220592,0.07042765617370605,0.01332851561750506,gini,1,6,"{'criterion': 'gini', 'max_depth': 1, 'min_samples_leaf': 6}",0.7067039106145251,0.6610644257703081,0.7478991596638656,0.7535014005602241,0.7703081232492998,0.7278954039716445,0.039421098659641496,92,0.6868686868686869,0.6510416666666666,0.7458563535911602,0.8082191780821918,0.7580645161290323,0.7300100802675475,0.05523044251455612,68,0.73125,0.6727272727272727,0.75,0.7156398104265402,0.783625730994152,0.7306485628295929,0.03677379145472875,103,0.7597765363128491,0.6983240223463687,0.7541899441340782,0.6629213483146067,0.7921348314606742,0.7334693365137154,0.04642254707717643,102,0.6536312849162011,0.6235955056179775,0.7415730337078652,0.8435754189944135,0.7486033519553073,0.7221957190383529,0.07775468947212852,51,0.7142857142857143,0.662291169451074,0.7482993197278912,0.7380254154447703,0.776361529548088,0.7278526296915075,0.03835891638513107,98,0.7067039106145252,0.6609597639821732,0.7478814889209717,0.7532483836545101,0.7703690917079907,0.7278325277760341,0.039435189475267494,93,0.6511522346368714,0.6071847738073779,0.6850313158971454,0.6821275254786708,0.7126752690687174,0.6676342237777566,0.035964433367059116,96,0.7067039106145252,0.6609597639821732,0.7478814889209717,0.7532483836545102,0.7703690917079908,0.7278325277760341,0.039435189475267536,93
6,0.47433996200561523,0.013937706728234677,0.06731038093566895,0.0033203534334292246,gini,1,7,"{'criterion': 'gini', 'max_depth': 1, 'min_samples_leaf': 7}",0.7206703910614525,0.6890756302521008,0.7563025210084033,0.7310924369747899,0.7366946778711485,0.7267671314335791,0.022124299709188798,96,0.6889952153110048,0.6868131868131868,0.75,0.7228260869565217,0.7837837837837838,0.7264836545728994,0.0369562720015596,78,0.7651006711409396,0.6914285714285714,0.7630057803468208,0.7398843930635838,0.7033492822966507,0.7325537396553132,0.030280514533578287,101,0.8044692737430168,0.6983240223463687,0.770949720670391,0.7471910112359551,0.651685393258427,0.7345238842508317,0.0539486807400072,101,0.6368715083798883,0.6797752808988764,0.7415730337078652,0.7150837988826816,0.8212290502793296,0.7189065344297282,0.062063324513393706,59,0.7354838709677419,0.6890660592255126,0.7586206896551724,0.7347876004592423,0.7241379310344828,0.7284192302684304,0.022669781783027216,96,0.7206703910614525,0.6890496516226225,0.7562613771891281,0.7311374050593183,0.7364572217688783,0.72671520934028,0.022102817566522975,97,0.6688350643020509,0.6296799169105844,0.6946760518846754,0.6719364853830576,0.6672467174568633,0.6664748471874462,0.020905361708302414,97,0.7206703910614525,0.6890496516226225,0.7562613771891281,0.7311374050593182,0.7364572217688783,0.72671520934028,0.022102817566522968,97
1,0.4244084358215332,0.026303736676383877,0.05169434547424316,0.001184842754237281,gini,1,2,"{'criterion': 'gini', 'max_depth': 1, 'min_samples_leaf': 2}",0.7150837988826816,0.6890756302521008,0.742296918767507,0.7086834733893558,0.773109243697479,0.7256498129978248,0.02921195601239736,98,0.6859903381642513,0.6827956989247311,0.757396449704142,0.7102272727272727,0.7621621621621621,0.7197143843365119,0.03409415727703231,93,0.7549668874172185,0.695906432748538,0.7287234042553191,0.7071823204419889,0.7848837209302325,0.7343325531586594,0.03233066881809293,98,0.7932960893854749,0.7094972067039106,0.7150837988826816,0.702247191011236,0.7921348314606742,0.7424518234887956,0.041243105282316235,96,0.6368715083798883,0.6685393258426966,0.7696629213483146,0.7150837988826816,0.7541899441340782,0.708869499717532,0.05019688036369435,77,0.7279693486590039,0.6902552204176334,0.7365591397849462,0.70874861572536,0.7785467128027682,0.7284158074779424,0.029741048036161122,97,0.7150837988826816,0.6890182662733035,0.742373360115498,0.7086654949469589,0.7731623877973762,0.7256606616031636,0.02925439841522631,98,0.6623811461763291,0.6305069238418806,0.6757173225493879,0.6485517630614701,0.7152007093600075,0.666471572997815,0.02860531343656863,98,0.7150837988826815,0.6890182662733035,0.7423733601154981,0.7086654949469589,0.7731623877973762,0.7256606616031636,0.02925439841522633,98
72,0.47217683792114257,0.02290739645298161,0.057900857925415036,0.004249561275448698,log_loss,1,1,"{'criterion': 'log_loss', 'max_depth': 1, 'min_samples_leaf': 1}",0.7206703910614525,0.6554621848739496,0.7394957983193278,0.742296918767507,0.7787114845938375,0.7273273555232149,0.04054973605942888,94,0.6837209302325581,0.6428571428571429,0.8028169014084507,0.7866666666666666,0.7828571428571428,0.7397837568043923,0.06413159931949654,43,0.7762237762237763,0.6708074534161491,0.6976744186046512,0.7101449275362319,0.7747252747252747,0.7259151701012165,0.04241811687780878,105,0.8212290502793296,0.7039106145251397,0.6368715083798883,0.6629213483146067,0.7696629213483146,0.7189190885694557,0.06802216028900669,105,0.6201117318435754,0.6067415730337079,0.8426966292134831,0.8212290502793296,0.7877094972067039,0.7356976963153599,0.10144891177229357,31,0.7390146471371505,0.656934306569343,0.7225433526011561,0.7298907646474677,0.7772877618522602,0.7251341665614756,0.03896979262978384,103,0.7206703910614525,0.6553260937794239,0.7397840687966857,0.7420751992969681,0.7786862092775093,0.7273083924424079,0.04059284550523257,94,0.6712896042504981,0.603085200860999,0.6663592533956358,0.6728274987429997,0.716701033657984,0.6660525181816233,0.03634164742855415,99,0.7206703910614525,0.6553260937794239,0.7397840687966857,0.7420751992969682,0.7786862092775092,0.7273083924424079,0.04059284550523256,94
78,0.46116089820861816,0.010518526508879463,0.05736546516418457,0.005877095056380389,log_loss,1,7,"{'criterion': 'log_loss', 'max_depth': 1, 'min_samples_leaf': 7}",0.7150837988826816,0.6582633053221288,0.7563025210084033,0.7198879551820728,0.7647058823529411,0.7228486925496456,0.03771343198258249,101,0.7015706806282722,0.6403940886699507,0.7527472527472527,0.7166666666666667,0.7447916666666666,0.7112340710757618,0.03997662765012452,106,0.7305389221556886,0.6818181818181818,0.76,0.7231638418079096,0.7878787878787878,0.7366799467321135,0.035764106989609884,93,0.7486033519553073,0.7262569832402235,0.7653631284916201,0.7247191011235955,0.8033707865168539,0.75366267026552,0.029059236472153787,81,0.6815642458100558,0.5898876404494382,0.7471910112359551,0.7150837988826816,0.7262569832402235,0.691996735923671,0.05529609258898777,104,0.7201889020070839,0.6612090680100756,0.7574031890660592,0.7215332581736189,0.7747318235995232,0.7270132481712721,0.03900616122132655,99,0.7150837988826815,0.6580723118448308,0.7562770698637876,0.7199014500031385,0.7648138848785386,0.7228297030945954,0.03779812504228989,101,0.6571270866089051,0.6066779112053401,0.6939155887073931,0.6599798900717375,0.7094573736045967,0.6654315700395944,0.03549729112184802,100,0.7150837988826815,0.6580723118448308,0.7562770698637876,0.7199014500031385,0.7648138848785387,0.7228297030945954,0.037798125042289916,101
80,0.4886439323425293,0.0283022999763062,0.06104893684387207,0.004584634779768503,log_loss,1,9,"{'criterion': 'log_loss', 'max_depth': 1, 'min_samples_leaf': 9}",0.6955307262569832,0.6778711484593838,0.7478991596638656,0.7254901960784313,0.7675070028011205,0.7228596466519569,0.032857627038016264,100,0.6767676767676768,0.6584158415841584,0.751412429378531,0.7197802197802198,0.7513227513227513,0.7115397837666675,0.03813573080330557,105,0.71875,0.7032258064516129,0.7444444444444445,0.7314285714285714,0.7857142857142857,0.7367126216077828,0.028045990516322845,92,0.7486033519553073,0.7430167597765364,0.7430167597765364,0.7359550561797753,0.797752808988764,0.7536689473353838,0.02240431768333725,80,0.6424581005586593,0.6123595505617978,0.7528089887640449,0.7150837988826816,0.7374301675977654,0.6920281212729897,0.05493904266779258,102,0.702075702075702,0.6829573934837093,0.7461024498886414,0.7281001137656428,0.7755581668625147,0.726958765215242,0.032511452521607934,100,0.6955307262569832,0.6776881551691671,0.7479128742702906,0.7255194275312284,0.7675914882932646,0.7228485343041868,0.03293329385396487,100,0.6405377094972067,0.6239043497065373,0.6836737691331214,0.6658898643256186,0.71106207846267,0.6650135542250307,0.030849543904430243,101,0.6955307262569832,0.677688155169167,0.7479128742702905,0.7255194275312284,0.7675914882932646,0.7228485343041868,0.03293329385396489,100
42,0.4841343879699707,0.06659902857993655,0.06604032516479492,0.012242262377797845,entropy,1,7,"{'criterion': 'entropy', 'max_depth': 1, 'min_samples_leaf': 7}",0.7011173184357542,0.6526610644257703,0.7535014005602241,0.7310924369747899,0.773109243697479,0.7222962928188035,0.04226275160808393,103,0.6894736842105263,0.6354679802955665,0.745945945945946,0.7228260869565217,0.7621621621621621,0.7111751719141445,0.04504876725054553,107,0.7142857142857143,0.6753246753246753,0.7616279069767442,0.7398843930635838,0.7848837209302325,0.7352012821161901,0.037977129366801886,96,0.7318435754189944,0.7206703910614525,0.770949720670391,0.7471910112359551,0.7921348314606742,0.7525579059694936,0.025997278840576305,83,0.6703910614525139,0.5842696629213483,0.7359550561797753,0.7150837988826816,0.7541899441340782,0.6919779047140795,0.06067168564865116,105,0.7050528789659224,0.654911838790932,0.75635103926097,0.7347876004592423,0.7785467128027682,0.725930014055967,0.04301592399558507,101,0.7011173184357542,0.6524700269914003,0.7534523884250832,0.7311374050593183,0.7731623877973762,0.7222679053417865,0.04233315368247204,103,0.6436552274541101,0.6018546335796832,0.6921765701315802,0.6719364853830576,0.7152007093600075,0.6649647251816877,0.039369334278501145,102,0.7011173184357543,0.6524700269914004,0.7534523884250831,0.7311374050593182,0.7731623877973762,0.7222679053417864,0.042333153682471966,103
7,0.49048895835876466,0.025144155512874748,0.07533025741577148,0.014154089521850014,gini,1,8,"{'criterion': 'gini', 'max_depth': 1, 'min_samples_leaf': 8}",0.6983240223463687,0.6750700280112045,0.7507002801120448,0.7170868347338936,0.7703081232492998,0.7222978576905623,0.034479125963448334,102,0.6731707317073171,0.6521739130434783,0.7777777777777778,0.7150837988826816,0.7553191489361702,0.7147050740694849,0.047461690145954756,102,0.7320261437908496,0.7066666666666667,0.7282051282051282,0.7191011235955056,0.7869822485207101,0.7345962621557721,0.02761124876639653,97,0.770949720670391,0.7541899441340782,0.7039106145251397,0.7191011235955056,0.797752808988764,0.7491808423827757,0.0340951436859641,89,0.6256983240223464,0.5955056179775281,0.797752808988764,0.7150837988826816,0.7430167597765364,0.6954114619295713,0.07479052853781268,94,0.7079646017699115,0.6812339331619537,0.7411273486430062,0.7182940516273849,0.7777777777777778,0.7252795425960068,0.03254485404485593,102,0.6983240223463687,0.6748477810558031,0.7508317117569518,0.7170924612390936,0.7703847843826501,0.7222961521561734,0.03458289761717486,102,0.6451783692993025,0.6225046423063607,0.6817680226801177,0.6570747060986217,0.7135925409137573,0.664023656259632,0.031302390113624706,103,0.6983240223463687,0.6748477810558031,0.7508317117569518,0.7170924612390936,0.7703847843826501,0.7222961521561734,0.03458289761717486,102
73,0.4630087375640869,0.011636155111852222,0.06222548484802246,0.002173590949726944,log_loss,1,2,"{'criterion': 'log_loss', 'max_depth': 1, 'min_samples_leaf': 2}",0.7011173184357542,0.6638655462184874,0.7478991596638656,0.7226890756302521,0.7703081232492998,0.7211758446395318,0.036924845331797185,104,0.6894736842105263,0.6482412060301508,0.7834394904458599,0.7182320441988951,0.7526315789473684,0.7184036007665602,0.047246063487801075,95,0.7142857142857143,0.6835443037974683,0.72,0.7272727272727273,0.7904191616766467,0.7271043814065113,0.03498874265878965,104,0.7318435754189944,0.7206703910614525,0.6871508379888268,0.7303370786516854,0.8033707865168539,0.7346745339275625,0.0379489674622407,100,0.6703910614525139,0.6067415730337079,0.8089887640449438,0.7150837988826816,0.7374301675977654,0.7077270730023225,0.06750166557855349,79,0.7050528789659224,0.6666666666666666,0.7361963190184049,0.72480181200453,0.7792207792207793,0.7223876911752607,0.03696440007818008,105,0.7011173184357542,0.6637059820475801,0.7480698010168854,0.7227104387671834,0.7704004770573096,0.7212008034649425,0.03702385925459303,104,0.6436552274541101,0.6108131774968557,0.6777100053504548,0.6629180874990932,0.7145315959321206,0.6619256187465268,0.034536385273555736,104,0.7011173184357543,0.6637059820475802,0.7480698010168854,0.7227104387671835,0.7704004770573096,0.7212008034649426,0.03702385925459299,104
74,0.46329197883605955,0.010581339376921706,0.06425166130065918,0.011743723788162392,log_loss,1,3,"{'criterion': 'log_loss', 'max_depth': 1, 'min_samples_leaf': 3}",0.6955307262569832,0.6666666666666666,0.7563025210084033,0.7142857142857143,0.7647058823529411,0.7194983021141417,0.03685396398722079,105,0.6804123711340206,0.654639175257732,0.75,0.7134831460674157,0.7473684210526316,0.70918062270236,0.03727042527465799,108,0.7134146341463414,0.6809815950920245,0.7630057803468208,0.7150837988826816,0.7844311377245509,0.7313833892384839,0.03726374349782929,102,0.7374301675977654,0.7094972067039106,0.770949720670391,0.7134831460674157,0.797752808988764,0.7458226100056493,0.03395269120172949,94,0.6536312849162011,0.6235955056179775,0.7415730337078652,0.7150837988826816,0.7318435754189944,0.693145439708744,0.046309029210805895,99,0.7005988023952096,0.6686746987951807,0.7586206896551724,0.7150837988826816,0.7733175914994097,0.7232591162455309,0.038251996248355784,104,0.6955307262569832,0.666546356160944,0.7562613771891281,0.7142834724750486,0.7647981922038791,0.7194840248571968,0.03690298208214297,106,0.6394944815369941,0.612332132135959,0.6946760518846754,0.6542019822816303,0.70853467001493,0.6618478635708378,0.03540420509625254,105,0.6955307262569832,0.666546356160944,0.7562613771891281,0.7142834724750488,0.7647981922038791,0.7194840248571968,0.03690298208214297,106
2,0.39457015991210936,0.010094122264416234,0.06134276390075684,0.011126992303910448,gini,1,3,"{'criterion': 'gini', 'max_depth': 1, 'min_samples_leaf': 3}",0.6983240223463687,0.680672268907563,0.7507002801120448,0.7226890756302521,0.7450980392156863,0.719496737242383,0.026813809771381206,106,0.6748768472906403,0.6737967914438503,0.8082191780821918,0.7135135135135136,0.7668711656441718,0.7274554991948736,0.05275323138419425,76,0.7290322580645161,0.6882352941176471,0.7109004739336493,0.7325581395348837,0.7268041237113402,0.7175060578724073,0.01640904525892059,107,0.7653631284916201,0.7039106145251397,0.659217877094972,0.7415730337078652,0.702247191011236,0.7144623689661667,0.036437287054240645,106,0.6312849162011173,0.6573033707865169,0.8426966292134831,0.7039106145251397,0.7877094972067039,0.7245810055865921,0.07949114731156931,47,0.7071339173967459,0.6818181818181818,0.7338551859099804,0.726643598615917,0.7382198952879581,0.7175341558057566,0.02078967795202925,107,0.6983240223463687,0.6806069926558282,0.7509572531542276,0.7227418241165025,0.7449783441089699,0.7195216872763793,0.026871173834865068,105,0.6445846098396106,0.6232477260567149,0.6775048056391735,0.6641148339288945,0.6789530878872311,0.657681012670325,0.02118511270591716,106,0.6983240223463687,0.6806069926558282,0.7509572531542277,0.7227418241165025,0.74497834410897,0.7195216872763793,0.026871173834865113,105
40,0.45111961364746095,0.008591145928896562,0.0655019760131836,0.004827633370835308,entropy,1,5,"{'criterion': 'entropy', 'max_depth': 1, 'min_samples_leaf': 5}",0.7262569832402235,0.6890756302521008,0.7058823529411765,0.711484593837535,0.7591036414565826,0.7183606403455237,0.023592133684530586,107,0.6883720930232559,0.6683168316831684,0.8032786885245902,0.7142857142857143,0.7911392405063291,0.7330785136046115,0.054488570103982385,60,0.7832167832167832,0.7161290322580646,0.6553191489361702,0.7087912087912088,0.7336683417085427,0.7194249029821539,0.04124503715212848,106,0.8268156424581006,0.7541899441340782,0.547486033519553,0.702247191011236,0.702247191011236,0.7065972004268408,0.0917297679670418,107,0.6256983240223464,0.6235955056179775,0.8651685393258427,0.7206703910614525,0.8156424581005587,0.7301550436256357,0.0978701610295458,37,0.7456724367509987,0.6954887218045113,0.6887298747763864,0.7111356119073869,0.7487179487179487,0.7179489187914464,0.024979835000311482,106,0.7262569832402235,0.6888927248760279,0.7063272864226979,0.7114587910363442,0.7589448245558974,0.7183761220262382,0.023538148667029822,107,0.6772082665937414,0.6342499159866919,0.6341884016336632,0.6508608600294438,0.6908480244516324,0.6574710937390347,0.022928486795534338,107,0.7262569832402235,0.6888927248760279,0.7063272864226979,0.7114587910363442,0.7589448245558974,0.7183761220262382,0.023538148667029822,107
79,0.4576860904693604,0.006293726710720983,0.058181047439575195,0.004063282509780494,log_loss,1,8,"{'criterion': 'log_loss', 'max_depth': 1, 'min_samples_leaf': 8}",0.7206703910614525,0.6582633053221288,0.7535014005602241,0.7254901960784313,0.6722689075630253,0.7060388401170524,0.03540633345954101,108,0.6908212560386473,0.654054054054054,0.7486338797814208,0.717391304347826,0.8351648351648352,0.7292130658773568,0.06142557707413326,72,0.7615894039735099,0.6627906976744186,0.7586206896551724,0.7341040462427746,0.6165413533834586,0.7067292381858669,0.057473803683765624,108,0.7988826815642458,0.6759776536312849,0.7653631284916201,0.7415730337078652,0.42696629213483145,0.6817525579059696,0.13359496506381452,108,0.6424581005586593,0.6404494382022472,0.7415730337078652,0.7094972067039106,0.9162011173184358,0.7300357792982236,0.10090395097128704,42,0.7343550446998723,0.6581986143187067,0.7551487414187643,0.7290470723306545,0.6596942880128721,0.707288752156174,0.040426876978270555,108,0.7206703910614525,0.6582135459167661,0.7534680810997427,0.725535120205888,0.6715837047266336,0.7058941686020965,0.03554723784322726,108,0.668060231603093,0.6037556386547303,0.6914241868773856,0.6665030335446092,0.6068926835656344,0.6473271548490904,0.03542752184555144,108,0.7206703910614525,0.6582135459167661,0.7534680810997426,0.725535120205888,0.6715837047266338,0.7058941686020965,0.03554723784322721,108
