,mean_fit_time,std_fit_time,mean_score_time,std_score_time,param_criterion,param_max_depth,param_min_samples_leaf,param_min_samples_split,param_splitter,params,split0_test_accuracy_score,split1_test_accuracy_score,split2_test_accuracy_score,split3_test_accuracy_score,split4_test_accuracy_score,mean_test_accuracy_score,std_test_accuracy_score,rank_test_accuracy_score,split0_test_precision_0,split1_test_precision_0,split2_test_precision_0,split3_test_precision_0,split4_test_precision_0,mean_test_precision_0,std_test_precision_0,rank_test_precision_0,split0_test_precision_1,split1_test_precision_1,split2_test_precision_1,split3_test_precision_1,split4_test_precision_1,mean_test_precision_1,std_test_precision_1,rank_test_precision_1,split0_test_recall_0,split1_test_recall_0,split2_test_recall_0,split3_test_recall_0,split4_test_recall_0,mean_test_recall_0,std_test_recall_0,rank_test_recall_0,split0_test_recall_1,split1_test_recall_1,split2_test_recall_1,split3_test_recall_1,split4_test_recall_1,mean_test_recall_1,std_test_recall_1,rank_test_recall_1,split0_test_fbeta_score,split1_test_fbeta_score,split2_test_fbeta_score,split3_test_fbeta_score,split4_test_fbeta_score,mean_test_fbeta_score,std_test_fbeta_score,rank_test_fbeta_score,split0_test_balanced_accuracy_score,split1_test_balanced_accuracy_score,split2_test_balanced_accuracy_score,split3_test_balanced_accuracy_score,split4_test_balanced_accuracy_score,mean_test_balanced_accuracy_score,std_test_balanced_accuracy_score,rank_test_balanced_accuracy_score,split0_test_average_precision_score,split1_test_average_precision_score,split2_test_average_precision_score,split3_test_average_precision_score,split4_test_average_precision_score,mean_test_average_precision_score,std_test_average_precision_score,rank_test_average_precision_score,split0_test_roc_auc,split1_test_roc_auc,split2_test_roc_auc,split3_test_roc_auc,split4_test_roc_auc,mean_test_roc_auc,std_test_roc_auc,rank_test_roc_auc
70,0.011705446243286132,0.001388679703987244,0.038826274871826175,0.0012653831395754841,gini,2,5,4,best,"{'criterion': 'gini', 'max_depth': 2, 'min_samples_leaf': 5, 'min_samples_split': 4, 'splitter': 'best'}",0.9311111111111111,0.9577777777777777,0.9466666666666667,0.9555555555555556,0.9444444444444444,0.9471111111111112,0.009469900334516673,73,0.9145299145299145,0.9517543859649122,0.9240506329113924,0.9596412556053812,0.9464285714285714,0.9392809520880343,0.01712187756446351,304,0.9490740740740741,0.963963963963964,0.971830985915493,0.9515418502202643,0.9424778761061947,0.9557777500559979,0.0106253399557586,1,0.9511111111111111,0.9644444444444444,0.9733333333333334,0.9511111111111111,0.9422222222222222,0.9564444444444445,0.01103082101865856,1,0.9111111111111111,0.9511111111111111,0.92,0.96,0.9466666666666667,0.9377777777777778,0.01885618083164126,328,0.9412304866850322,0.9613656783468104,0.9610027855153204,0.9532215357458076,0.9433126660761736,0.9520266304738287,0.008505373235122772,1,0.9311111111111111,0.9577777777777778,0.9466666666666668,0.9555555555555555,0.9444444444444444,0.9471111111111112,0.009469900334516676,73,0.909156378600823,0.9412812812812814,0.9340845070422537,0.9334801762114537,0.9188790560471976,0.9273762798366019,0.01165997033909497,1,0.9311111111111111,0.9577777777777777,0.9466666666666667,0.9555555555555555,0.9444444444444444,0.9471111111111112,0.009469900334516652,73
52,0.012049341201782226,0.0019210396571115308,0.03746390342712402,0.004407261458444614,gini,2,2,4,best,"{'criterion': 'gini', 'max_depth': 2, 'min_samples_leaf': 2, 'min_samples_split': 4, 'splitter': 'best'}",0.9311111111111111,0.9577777777777777,0.9466666666666667,0.9555555555555556,0.9444444444444444,0.9471111111111112,0.009469900334516673,73,0.9145299145299145,0.9517543859649122,0.9240506329113924,0.9596412556053812,0.9464285714285714,0.9392809520880343,0.01712187756446351,304,0.9490740740740741,0.963963963963964,0.971830985915493,0.9515418502202643,0.9424778761061947,0.9557777500559979,0.0106253399557586,1,0.9511111111111111,0.9644444444444444,0.9733333333333334,0.9511111111111111,0.9422222222222222,0.9564444444444445,0.01103082101865856,1,0.9111111111111111,0.9511111111111111,0.92,0.96,0.9466666666666667,0.9377777777777778,0.01885618083164126,328,0.9412304866850322,0.9613656783468104,0.9610027855153204,0.9532215357458076,0.9433126660761736,0.9520266304738287,0.008505373235122772,1,0.9311111111111111,0.9577777777777778,0.9466666666666668,0.9555555555555555,0.9444444444444444,0.9471111111111112,0.009469900334516676,73,0.909156378600823,0.9412812812812814,0.9340845070422537,0.9334801762114537,0.9188790560471976,0.9273762798366019,0.01165997033909497,1,0.9311111111111111,0.9577777777777777,0.9466666666666667,0.9555555555555555,0.9444444444444444,0.9471111111111112,0.009469900334516652,73
58,0.00804586410522461,0.004900032523802936,0.04462242126464844,0.00983950577836313,gini,2,3,4,best,"{'criterion': 'gini', 'max_depth': 2, 'min_samples_leaf': 3, 'min_samples_split': 4, 'splitter': 'best'}",0.9311111111111111,0.9577777777777777,0.9466666666666667,0.9555555555555556,0.9444444444444444,0.9471111111111112,0.009469900334516673,73,0.9145299145299145,0.9517543859649122,0.9240506329113924,0.9596412556053812,0.9464285714285714,0.9392809520880343,0.01712187756446351,304,0.9490740740740741,0.963963963963964,0.971830985915493,0.9515418502202643,0.9424778761061947,0.9557777500559979,0.0106253399557586,1,0.9511111111111111,0.9644444444444444,0.9733333333333334,0.9511111111111111,0.9422222222222222,0.9564444444444445,0.01103082101865856,1,0.9111111111111111,0.9511111111111111,0.92,0.96,0.9466666666666667,0.9377777777777778,0.01885618083164126,328,0.9412304866850322,0.9613656783468104,0.9610027855153204,0.9532215357458076,0.9433126660761736,0.9520266304738287,0.008505373235122772,1,0.9311111111111111,0.9577777777777778,0.9466666666666668,0.9555555555555555,0.9444444444444444,0.9471111111111112,0.009469900334516676,73,0.909156378600823,0.9412812812812814,0.9340845070422537,0.9334801762114537,0.9188790560471976,0.9273762798366019,0.01165997033909497,1,0.9311111111111111,0.9577777777777777,0.9466666666666667,0.9555555555555555,0.9444444444444444,0.9471111111111112,0.009469900334516652,73
60,0.012402963638305665,0.0024102886811819433,0.039878463745117186,0.0025922404156705344,gini,2,4,2,best,"{'criterion': 'gini', 'max_depth': 2, 'min_samples_leaf': 4, 'min_samples_split': 2, 'splitter': 'best'}",0.9311111111111111,0.9577777777777777,0.9466666666666667,0.9555555555555556,0.9444444444444444,0.9471111111111112,0.009469900334516673,73,0.9145299145299145,0.9517543859649122,0.9240506329113924,0.9596412556053812,0.9464285714285714,0.9392809520880343,0.01712187756446351,304,0.9490740740740741,0.963963963963964,0.971830985915493,0.9515418502202643,0.9424778761061947,0.9557777500559979,0.0106253399557586,1,0.9511111111111111,0.9644444444444444,0.9733333333333334,0.9511111111111111,0.9422222222222222,0.9564444444444445,0.01103082101865856,1,0.9111111111111111,0.9511111111111111,0.92,0.96,0.9466666666666667,0.9377777777777778,0.01885618083164126,328,0.9412304866850322,0.9613656783468104,0.9610027855153204,0.9532215357458076,0.9433126660761736,0.9520266304738287,0.008505373235122772,1,0.9311111111111111,0.9577777777777778,0.9466666666666668,0.9555555555555555,0.9444444444444444,0.9471111111111112,0.009469900334516676,73,0.909156378600823,0.9412812812812814,0.9340845070422537,0.9334801762114537,0.9188790560471976,0.9273762798366019,0.01165997033909497,1,0.9311111111111111,0.9577777777777777,0.9466666666666667,0.9555555555555555,0.9444444444444444,0.9471111111111112,0.009469900334516652,73
62,0.009333324432373048,0.0024392610555891794,0.04183950424194336,0.0024695747009870614,gini,2,4,3,best,"{'criterion': 'gini', 'max_depth': 2, 'min_samples_leaf': 4, 'min_samples_split': 3, 'splitter': 'best'}",0.9311111111111111,0.9577777777777777,0.9466666666666667,0.9555555555555556,0.9444444444444444,0.9471111111111112,0.009469900334516673,73,0.9145299145299145,0.9517543859649122,0.9240506329113924,0.9596412556053812,0.9464285714285714,0.9392809520880343,0.01712187756446351,304,0.9490740740740741,0.963963963963964,0.971830985915493,0.9515418502202643,0.9424778761061947,0.9557777500559979,0.0106253399557586,1,0.9511111111111111,0.9644444444444444,0.9733333333333334,0.9511111111111111,0.9422222222222222,0.9564444444444445,0.01103082101865856,1,0.9111111111111111,0.9511111111111111,0.92,0.96,0.9466666666666667,0.9377777777777778,0.01885618083164126,328,0.9412304866850322,0.9613656783468104,0.9610027855153204,0.9532215357458076,0.9433126660761736,0.9520266304738287,0.008505373235122772,1,0.9311111111111111,0.9577777777777778,0.9466666666666668,0.9555555555555555,0.9444444444444444,0.9471111111111112,0.009469900334516676,73,0.909156378600823,0.9412812812812814,0.9340845070422537,0.9334801762114537,0.9188790560471976,0.9273762798366019,0.01165997033909497,1,0.9311111111111111,0.9577777777777777,0.9466666666666667,0.9555555555555555,0.9444444444444444,0.9471111111111112,0.009469900334516652,73
50,0.009441471099853516,0.002586886140114415,0.04066734313964844,0.001818980460500944,gini,2,2,3,best,"{'criterion': 'gini', 'max_depth': 2, 'min_samples_leaf': 2, 'min_samples_split': 3, 'splitter': 'best'}",0.9311111111111111,0.9577777777777777,0.9466666666666667,0.9555555555555556,0.9444444444444444,0.9471111111111112,0.009469900334516673,73,0.9145299145299145,0.9517543859649122,0.9240506329113924,0.9596412556053812,0.9464285714285714,0.9392809520880343,0.01712187756446351,304,0.9490740740740741,0.963963963963964,0.971830985915493,0.9515418502202643,0.9424778761061947,0.9557777500559979,0.0106253399557586,1,0.9511111111111111,0.9644444444444444,0.9733333333333334,0.9511111111111111,0.9422222222222222,0.9564444444444445,0.01103082101865856,1,0.9111111111111111,0.9511111111111111,0.92,0.96,0.9466666666666667,0.9377777777777778,0.01885618083164126,328,0.9412304866850322,0.9613656783468104,0.9610027855153204,0.9532215357458076,0.9433126660761736,0.9520266304738287,0.008505373235122772,1,0.9311111111111111,0.9577777777777778,0.9466666666666668,0.9555555555555555,0.9444444444444444,0.9471111111111112,0.009469900334516676,73,0.909156378600823,0.9412812812812814,0.9340845070422537,0.9334801762114537,0.9188790560471976,0.9273762798366019,0.01165997033909497,1,0.9311111111111111,0.9577777777777777,0.9466666666666667,0.9555555555555555,0.9444444444444444,0.9471111111111112,0.009469900334516652,73
64,0.011147356033325196,0.002281776874951829,0.04321436882019043,0.01449698325982056,gini,2,4,4,best,"{'criterion': 'gini', 'max_depth': 2, 'min_samples_leaf': 4, 'min_samples_split': 4, 'splitter': 'best'}",0.9311111111111111,0.9577777777777777,0.9466666666666667,0.9555555555555556,0.9444444444444444,0.9471111111111112,0.009469900334516673,73,0.9145299145299145,0.9517543859649122,0.9240506329113924,0.9596412556053812,0.9464285714285714,0.9392809520880343,0.01712187756446351,304,0.9490740740740741,0.963963963963964,0.971830985915493,0.9515418502202643,0.9424778761061947,0.9557777500559979,0.0106253399557586,1,0.9511111111111111,0.9644444444444444,0.9733333333333334,0.9511111111111111,0.9422222222222222,0.9564444444444445,0.01103082101865856,1,0.9111111111111111,0.9511111111111111,0.92,0.96,0.9466666666666667,0.9377777777777778,0.01885618083164126,328,0.9412304866850322,0.9613656783468104,0.9610027855153204,0.9532215357458076,0.9433126660761736,0.9520266304738287,0.008505373235122772,1,0.9311111111111111,0.9577777777777778,0.9466666666666668,0.9555555555555555,0.9444444444444444,0.9471111111111112,0.009469900334516676,73,0.909156378600823,0.9412812812812814,0.9340845070422537,0.9334801762114537,0.9188790560471976,0.9273762798366019,0.01165997033909497,1,0.9311111111111111,0.9577777777777777,0.9466666666666667,0.9555555555555555,0.9444444444444444,0.9471111111111112,0.009469900334516652,73
48,0.010081195831298828,0.00625307769479697,0.04218072891235351,0.0032551825750220934,gini,2,2,2,best,"{'criterion': 'gini', 'max_depth': 2, 'min_samples_leaf': 2, 'min_samples_split': 2, 'splitter': 'best'}",0.9311111111111111,0.9577777777777777,0.9466666666666667,0.9555555555555556,0.9444444444444444,0.9471111111111112,0.009469900334516673,73,0.9145299145299145,0.9517543859649122,0.9240506329113924,0.9596412556053812,0.9464285714285714,0.9392809520880343,0.01712187756446351,304,0.9490740740740741,0.963963963963964,0.971830985915493,0.9515418502202643,0.9424778761061947,0.9557777500559979,0.0106253399557586,1,0.9511111111111111,0.9644444444444444,0.9733333333333334,0.9511111111111111,0.9422222222222222,0.9564444444444445,0.01103082101865856,1,0.9111111111111111,0.9511111111111111,0.92,0.96,0.9466666666666667,0.9377777777777778,0.01885618083164126,328,0.9412304866850322,0.9613656783468104,0.9610027855153204,0.9532215357458076,0.9433126660761736,0.9520266304738287,0.008505373235122772,1,0.9311111111111111,0.9577777777777778,0.9466666666666668,0.9555555555555555,0.9444444444444444,0.9471111111111112,0.009469900334516676,73,0.909156378600823,0.9412812812812814,0.9340845070422537,0.9334801762114537,0.9188790560471976,0.9273762798366019,0.01165997033909497,1,0.9311111111111111,0.9577777777777777,0.9466666666666667,0.9555555555555555,0.9444444444444444,0.9471111111111112,0.009469900334516652,73
66,0.009430932998657226,0.004756862778842949,0.0424400806427002,0.010195213863247109,gini,2,5,2,best,"{'criterion': 'gini', 'max_depth': 2, 'min_samples_leaf': 5, 'min_samples_split': 2, 'splitter': 'best'}",0.9311111111111111,0.9577777777777777,0.9466666666666667,0.9555555555555556,0.9444444444444444,0.9471111111111112,0.009469900334516673,73,0.9145299145299145,0.9517543859649122,0.9240506329113924,0.9596412556053812,0.9464285714285714,0.9392809520880343,0.01712187756446351,304,0.9490740740740741,0.963963963963964,0.971830985915493,0.9515418502202643,0.9424778761061947,0.9557777500559979,0.0106253399557586,1,0.9511111111111111,0.9644444444444444,0.9733333333333334,0.9511111111111111,0.9422222222222222,0.9564444444444445,0.01103082101865856,1,0.9111111111111111,0.9511111111111111,0.92,0.96,0.9466666666666667,0.9377777777777778,0.01885618083164126,328,0.9412304866850322,0.9613656783468104,0.9610027855153204,0.9532215357458076,0.9433126660761736,0.9520266304738287,0.008505373235122772,1,0.9311111111111111,0.9577777777777778,0.9466666666666668,0.9555555555555555,0.9444444444444444,0.9471111111111112,0.009469900334516676,73,0.909156378600823,0.9412812812812814,0.9340845070422537,0.9334801762114537,0.9188790560471976,0.9273762798366019,0.01165997033909497,1,0.9311111111111111,0.9577777777777777,0.9466666666666667,0.9555555555555555,0.9444444444444444,0.9471111111111112,0.009469900334516652,73
68,0.008771562576293945,0.0035566574811488937,0.04970703125,0.01016884047423289,gini,2,5,3,best,"{'criterion': 'gini', 'max_depth': 2, 'min_samples_leaf': 5, 'min_samples_split': 3, 'splitter': 'best'}",0.9311111111111111,0.9577777777777777,0.9466666666666667,0.9555555555555556,0.9444444444444444,0.9471111111111112,0.009469900334516673,73,0.9145299145299145,0.9517543859649122,0.9240506329113924,0.9596412556053812,0.9464285714285714,0.9392809520880343,0.01712187756446351,304,0.9490740740740741,0.963963963963964,0.971830985915493,0.9515418502202643,0.9424778761061947,0.9557777500559979,0.0106253399557586,1,0.9511111111111111,0.9644444444444444,0.9733333333333334,0.9511111111111111,0.9422222222222222,0.9564444444444445,0.01103082101865856,1,0.9111111111111111,0.9511111111111111,0.92,0.96,0.9466666666666667,0.9377777777777778,0.01885618083164126,328,0.9412304866850322,0.9613656783468104,0.9610027855153204,0.9532215357458076,0.9433126660761736,0.9520266304738287,0.008505373235122772,1,0.9311111111111111,0.9577777777777778,0.9466666666666668,0.9555555555555555,0.9444444444444444,0.9471111111111112,0.009469900334516676,73,0.909156378600823,0.9412812812812814,0.9340845070422537,0.9334801762114537,0.9188790560471976,0.9273762798366019,0.01165997033909497,1,0.9311111111111111,0.9577777777777777,0.9466666666666667,0.9555555555555555,0.9444444444444444,0.9471111111111112,0.009469900334516652,73
56,0.012957906723022461,0.002137808220298325,0.03821883201599121,0.004800510813828645,gini,2,3,3,best,"{'criterion': 'gini', 'max_depth': 2, 'min_samples_leaf': 3, 'min_samples_split': 3, 'splitter': 'best'}",0.9311111111111111,0.9577777777777777,0.9466666666666667,0.9555555555555556,0.9444444444444444,0.9471111111111112,0.009469900334516673,73,0.9145299145299145,0.9517543859649122,0.9240506329113924,0.9596412556053812,0.9464285714285714,0.9392809520880343,0.01712187756446351,304,0.9490740740740741,0.963963963963964,0.971830985915493,0.9515418502202643,0.9424778761061947,0.9557777500559979,0.0106253399557586,1,0.9511111111111111,0.9644444444444444,0.9733333333333334,0.9511111111111111,0.9422222222222222,0.9564444444444445,0.01103082101865856,1,0.9111111111111111,0.9511111111111111,0.92,0.96,0.9466666666666667,0.9377777777777778,0.01885618083164126,328,0.9412304866850322,0.9613656783468104,0.9610027855153204,0.9532215357458076,0.9433126660761736,0.9520266304738287,0.008505373235122772,1,0.9311111111111111,0.9577777777777778,0.9466666666666668,0.9555555555555555,0.9444444444444444,0.9471111111111112,0.009469900334516676,73,0.909156378600823,0.9412812812812814,0.9340845070422537,0.9334801762114537,0.9188790560471976,0.9273762798366019,0.01165997033909497,1,0.9311111111111111,0.9577777777777777,0.9466666666666667,0.9555555555555555,0.9444444444444444,0.9471111111111112,0.009469900334516652,73
72,0.01414957046508789,0.013859221223245644,0.05131092071533203,0.010436716251772914,gini,2,6,2,best,"{'criterion': 'gini', 'max_depth': 2, 'min_samples_leaf': 6, 'min_samples_split': 2, 'splitter': 'best'}",0.9311111111111111,0.9577777777777777,0.9466666666666667,0.9555555555555556,0.9444444444444444,0.9471111111111112,0.009469900334516673,73,0.9145299145299145,0.9517543859649122,0.9240506329113924,0.9596412556053812,0.9464285714285714,0.9392809520880343,0.01712187756446351,304,0.9490740740740741,0.963963963963964,0.971830985915493,0.9515418502202643,0.9424778761061947,0.9557777500559979,0.0106253399557586,1,0.9511111111111111,0.9644444444444444,0.9733333333333334,0.9511111111111111,0.9422222222222222,0.9564444444444445,0.01103082101865856,1,0.9111111111111111,0.9511111111111111,0.92,0.96,0.9466666666666667,0.9377777777777778,0.01885618083164126,328,0.9412304866850322,0.9613656783468104,0.9610027855153204,0.9532215357458076,0.9433126660761736,0.9520266304738287,0.008505373235122772,1,0.9311111111111111,0.9577777777777778,0.9466666666666668,0.9555555555555555,0.9444444444444444,0.9471111111111112,0.009469900334516676,73,0.909156378600823,0.9412812812812814,0.9340845070422537,0.9334801762114537,0.9188790560471976,0.9273762798366019,0.01165997033909497,1,0.9311111111111111,0.9577777777777777,0.9466666666666667,0.9555555555555555,0.9444444444444444,0.9471111111111112,0.009469900334516652,73
54,0.007580757141113281,0.005494845928817963,0.0414787769317627,0.0018957071374249496,gini,2,3,2,best,"{'criterion': 'gini', 'max_depth': 2, 'min_samples_leaf': 3, 'min_samples_split': 2, 'splitter': 'best'}",0.9311111111111111,0.9577777777777777,0.9466666666666667,0.9555555555555556,0.9444444444444444,0.9471111111111112,0.009469900334516673,73,0.9145299145299145,0.9517543859649122,0.9240506329113924,0.9596412556053812,0.9464285714285714,0.9392809520880343,0.01712187756446351,304,0.9490740740740741,0.963963963963964,0.971830985915493,0.9515418502202643,0.9424778761061947,0.9557777500559979,0.0106253399557586,1,0.9511111111111111,0.9644444444444444,0.9733333333333334,0.9511111111111111,0.9422222222222222,0.9564444444444445,0.01103082101865856,1,0.9111111111111111,0.9511111111111111,0.92,0.96,0.9466666666666667,0.9377777777777778,0.01885618083164126,328,0.9412304866850322,0.9613656783468104,0.9610027855153204,0.9532215357458076,0.9433126660761736,0.9520266304738287,0.008505373235122772,1,0.9311111111111111,0.9577777777777778,0.9466666666666668,0.9555555555555555,0.9444444444444444,0.9471111111111112,0.009469900334516676,73,0.909156378600823,0.9412812812812814,0.9340845070422537,0.9334801762114537,0.9188790560471976,0.9273762798366019,0.01165997033909497,1,0.9311111111111111,0.9577777777777777,0.9466666666666667,0.9555555555555555,0.9444444444444444,0.9471111111111112,0.009469900334516652,73
76,0.006784582138061523,0.004877667066631549,0.04895262718200684,0.011067473541294582,gini,2,6,4,best,"{'criterion': 'gini', 'max_depth': 2, 'min_samples_leaf': 6, 'min_samples_split': 4, 'splitter': 'best'}",0.9311111111111111,0.9577777777777777,0.9466666666666667,0.9555555555555556,0.9444444444444444,0.9471111111111112,0.009469900334516673,73,0.9145299145299145,0.9517543859649122,0.9240506329113924,0.9596412556053812,0.9464285714285714,0.9392809520880343,0.01712187756446351,304,0.9490740740740741,0.963963963963964,0.971830985915493,0.9515418502202643,0.9424778761061947,0.9557777500559979,0.0106253399557586,1,0.9511111111111111,0.9644444444444444,0.9733333333333334,0.9511111111111111,0.9422222222222222,0.9564444444444445,0.01103082101865856,1,0.9111111111111111,0.9511111111111111,0.92,0.96,0.9466666666666667,0.9377777777777778,0.01885618083164126,328,0.9412304866850322,0.9613656783468104,0.9610027855153204,0.9532215357458076,0.9433126660761736,0.9520266304738287,0.008505373235122772,1,0.9311111111111111,0.9577777777777778,0.9466666666666668,0.9555555555555555,0.9444444444444444,0.9471111111111112,0.009469900334516676,73,0.909156378600823,0.9412812812812814,0.9340845070422537,0.9334801762114537,0.9188790560471976,0.9273762798366019,0.01165997033909497,1,0.9311111111111111,0.9577777777777777,0.9466666666666667,0.9555555555555555,0.9444444444444444,0.9471111111111112,0.009469900334516652,73
78,0.012079429626464844,0.007552618440317547,0.0410344123840332,0.005264975312553419,gini,2,7,2,best,"{'criterion': 'gini', 'max_depth': 2, 'min_samples_leaf': 7, 'min_samples_split': 2, 'splitter': 'best'}",0.9311111111111111,0.9577777777777777,0.9466666666666667,0.9555555555555556,0.9444444444444444,0.9471111111111112,0.009469900334516673,73,0.9145299145299145,0.9517543859649122,0.9240506329113924,0.9596412556053812,0.9464285714285714,0.9392809520880343,0.01712187756446351,304,0.9490740740740741,0.963963963963964,0.971830985915493,0.9515418502202643,0.9424778761061947,0.9557777500559979,0.0106253399557586,1,0.9511111111111111,0.9644444444444444,0.9733333333333334,0.9511111111111111,0.9422222222222222,0.9564444444444445,0.01103082101865856,1,0.9111111111111111,0.9511111111111111,0.92,0.96,0.9466666666666667,0.9377777777777778,0.01885618083164126,328,0.9412304866850322,0.9613656783468104,0.9610027855153204,0.9532215357458076,0.9433126660761736,0.9520266304738287,0.008505373235122772,1,0.9311111111111111,0.9577777777777778,0.9466666666666668,0.9555555555555555,0.9444444444444444,0.9471111111111112,0.009469900334516676,73,0.909156378600823,0.9412812812812814,0.9340845070422537,0.9334801762114537,0.9188790560471976,0.9273762798366019,0.01165997033909497,1,0.9311111111111111,0.9577777777777777,0.9466666666666667,0.9555555555555555,0.9444444444444444,0.9471111111111112,0.009469900334516652,73
80,0.009607505798339844,0.004923648883419359,0.040154218673706055,0.0059114451207299915,gini,2,7,3,best,"{'criterion': 'gini', 'max_depth': 2, 'min_samples_leaf': 7, 'min_samples_split': 3, 'splitter': 'best'}",0.9311111111111111,0.9577777777777777,0.9466666666666667,0.9555555555555556,0.9444444444444444,0.9471111111111112,0.009469900334516673,73,0.9145299145299145,0.9517543859649122,0.9240506329113924,0.9596412556053812,0.9464285714285714,0.9392809520880343,0.01712187756446351,304,0.9490740740740741,0.963963963963964,0.971830985915493,0.9515418502202643,0.9424778761061947,0.9557777500559979,0.0106253399557586,1,0.9511111111111111,0.9644444444444444,0.9733333333333334,0.9511111111111111,0.9422222222222222,0.9564444444444445,0.01103082101865856,1,0.9111111111111111,0.9511111111111111,0.92,0.96,0.9466666666666667,0.9377777777777778,0.01885618083164126,328,0.9412304866850322,0.9613656783468104,0.9610027855153204,0.9532215357458076,0.9433126660761736,0.9520266304738287,0.008505373235122772,1,0.9311111111111111,0.9577777777777778,0.9466666666666668,0.9555555555555555,0.9444444444444444,0.9471111111111112,0.009469900334516676,73,0.909156378600823,0.9412812812812814,0.9340845070422537,0.9334801762114537,0.9188790560471976,0.9273762798366019,0.01165997033909497,1,0.9311111111111111,0.9577777777777777,0.9466666666666667,0.9555555555555555,0.9444444444444444,0.9471111111111112,0.009469900334516652,73
82,0.01104736328125,0.002677822769390751,0.043133211135864255,0.003967751602229845,gini,2,7,4,best,"{'criterion': 'gini', 'max_depth': 2, 'min_samples_leaf': 7, 'min_samples_split': 4, 'splitter': 'best'}",0.9311111111111111,0.9577777777777777,0.9466666666666667,0.9555555555555556,0.9444444444444444,0.9471111111111112,0.009469900334516673,73,0.9145299145299145,0.9517543859649122,0.9240506329113924,0.9596412556053812,0.9464285714285714,0.9392809520880343,0.01712187756446351,304,0.9490740740740741,0.963963963963964,0.971830985915493,0.9515418502202643,0.9424778761061947,0.9557777500559979,0.0106253399557586,1,0.9511111111111111,0.9644444444444444,0.9733333333333334,0.9511111111111111,0.9422222222222222,0.9564444444444445,0.01103082101865856,1,0.9111111111111111,0.9511111111111111,0.92,0.96,0.9466666666666667,0.9377777777777778,0.01885618083164126,328,0.9412304866850322,0.9613656783468104,0.9610027855153204,0.9532215357458076,0.9433126660761736,0.9520266304738287,0.008505373235122772,1,0.9311111111111111,0.9577777777777778,0.9466666666666668,0.9555555555555555,0.9444444444444444,0.9471111111111112,0.009469900334516676,73,0.909156378600823,0.9412812812812814,0.9340845070422537,0.9334801762114537,0.9188790560471976,0.9273762798366019,0.01165997033909497,1,0.9311111111111111,0.9577777777777777,0.9466666666666667,0.9555555555555555,0.9444444444444444,0.9471111111111112,0.009469900334516652,73
84,0.0160550594329834,0.004722703591021448,0.04703502655029297,0.009597242898127772,gini,2,8,2,best,"{'criterion': 'gini', 'max_depth': 2, 'min_samples_leaf': 8, 'min_samples_split': 2, 'splitter': 'best'}",0.9311111111111111,0.9577777777777777,0.9466666666666667,0.9555555555555556,0.9444444444444444,0.9471111111111112,0.009469900334516673,73,0.9145299145299145,0.9517543859649122,0.9240506329113924,0.9596412556053812,0.9464285714285714,0.9392809520880343,0.01712187756446351,304,0.9490740740740741,0.963963963963964,0.971830985915493,0.9515418502202643,0.9424778761061947,0.9557777500559979,0.0106253399557586,1,0.9511111111111111,0.9644444444444444,0.9733333333333334,0.9511111111111111,0.9422222222222222,0.9564444444444445,0.01103082101865856,1,0.9111111111111111,0.9511111111111111,0.92,0.96,0.9466666666666667,0.9377777777777778,0.01885618083164126,328,0.9412304866850322,0.9613656783468104,0.9610027855153204,0.9532215357458076,0.9433126660761736,0.9520266304738287,0.008505373235122772,1,0.9311111111111111,0.9577777777777778,0.9466666666666668,0.9555555555555555,0.9444444444444444,0.9471111111111112,0.009469900334516676,73,0.909156378600823,0.9412812812812814,0.9340845070422537,0.9334801762114537,0.9188790560471976,0.9273762798366019,0.01165997033909497,1,0.9311111111111111,0.9577777777777777,0.9466666666666667,0.9555555555555555,0.9444444444444444,0.9471111111111112,0.009469900334516652,73
86,0.011295461654663086,0.0024171784034493515,0.048830699920654294,0.008244262962851629,gini,2,8,3,best,"{'criterion': 'gini', 'max_depth': 2, 'min_samples_leaf': 8, 'min_samples_split': 3, 'splitter': 'best'}",0.9311111111111111,0.9577777777777777,0.9466666666666667,0.9555555555555556,0.9444444444444444,0.9471111111111112,0.009469900334516673,73,0.9145299145299145,0.9517543859649122,0.9240506329113924,0.9596412556053812,0.9464285714285714,0.9392809520880343,0.01712187756446351,304,0.9490740740740741,0.963963963963964,0.971830985915493,0.9515418502202643,0.9424778761061947,0.9557777500559979,0.0106253399557586,1,0.9511111111111111,0.9644444444444444,0.9733333333333334,0.9511111111111111,0.9422222222222222,0.9564444444444445,0.01103082101865856,1,0.9111111111111111,0.9511111111111111,0.92,0.96,0.9466666666666667,0.9377777777777778,0.01885618083164126,328,0.9412304866850322,0.9613656783468104,0.9610027855153204,0.9532215357458076,0.9433126660761736,0.9520266304738287,0.008505373235122772,1,0.9311111111111111,0.9577777777777778,0.9466666666666668,0.9555555555555555,0.9444444444444444,0.9471111111111112,0.009469900334516676,73,0.909156378600823,0.9412812812812814,0.9340845070422537,0.9334801762114537,0.9188790560471976,0.9273762798366019,0.01165997033909497,1,0.9311111111111111,0.9577777777777777,0.9466666666666667,0.9555555555555555,0.9444444444444444,0.9471111111111112,0.009469900334516652,73
88,0.011719942092895508,0.0024819488048749877,0.04202470779418945,0.005662646501937146,gini,2,8,4,best,"{'criterion': 'gini', 'max_depth': 2, 'min_samples_leaf': 8, 'min_samples_split': 4, 'splitter': 'best'}",0.9311111111111111,0.9577777777777777,0.9466666666666667,0.9555555555555556,0.9444444444444444,0.9471111111111112,0.009469900334516673,73,0.9145299145299145,0.9517543859649122,0.9240506329113924,0.9596412556053812,0.9464285714285714,0.9392809520880343,0.01712187756446351,304,0.9490740740740741,0.963963963963964,0.971830985915493,0.9515418502202643,0.9424778761061947,0.9557777500559979,0.0106253399557586,1,0.9511111111111111,0.9644444444444444,0.9733333333333334,0.9511111111111111,0.9422222222222222,0.9564444444444445,0.01103082101865856,1,0.9111111111111111,0.9511111111111111,0.92,0.96,0.9466666666666667,0.9377777777777778,0.01885618083164126,328,0.9412304866850322,0.9613656783468104,0.9610027855153204,0.9532215357458076,0.9433126660761736,0.9520266304738287,0.008505373235122772,1,0.9311111111111111,0.9577777777777778,0.9466666666666668,0.9555555555555555,0.9444444444444444,0.9471111111111112,0.009469900334516676,73,0.909156378600823,0.9412812812812814,0.9340845070422537,0.9334801762114537,0.9188790560471976,0.9273762798366019,0.01165997033909497,1,0.9311111111111111,0.9577777777777777,0.9466666666666667,0.9555555555555555,0.9444444444444444,0.9471111111111112,0.009469900334516652,73
90,0.014934587478637695,0.006755944604881016,0.05224003791809082,0.009648852107352389,gini,2,9,2,best,"{'criterion': 'gini', 'max_depth': 2, 'min_samples_leaf': 9, 'min_samples_split': 2, 'splitter': 'best'}",0.9311111111111111,0.9577777777777777,0.9466666666666667,0.9555555555555556,0.9444444444444444,0.9471111111111112,0.009469900334516673,73,0.9145299145299145,0.9517543859649122,0.9240506329113924,0.9596412556053812,0.9464285714285714,0.9392809520880343,0.01712187756446351,304,0.9490740740740741,0.963963963963964,0.971830985915493,0.9515418502202643,0.9424778761061947,0.9557777500559979,0.0106253399557586,1,0.9511111111111111,0.9644444444444444,0.9733333333333334,0.9511111111111111,0.9422222222222222,0.9564444444444445,0.01103082101865856,1,0.9111111111111111,0.9511111111111111,0.92,0.96,0.9466666666666667,0.9377777777777778,0.01885618083164126,328,0.9412304866850322,0.9613656783468104,0.9610027855153204,0.9532215357458076,0.9433126660761736,0.9520266304738287,0.008505373235122772,1,0.9311111111111111,0.9577777777777778,0.9466666666666668,0.9555555555555555,0.9444444444444444,0.9471111111111112,0.009469900334516676,73,0.909156378600823,0.9412812812812814,0.9340845070422537,0.9334801762114537,0.9188790560471976,0.9273762798366019,0.01165997033909497,1,0.9311111111111111,0.9577777777777777,0.9466666666666667,0.9555555555555555,0.9444444444444444,0.9471111111111112,0.009469900334516652,73
92,0.013741159439086914,0.002664054793058303,0.04106936454772949,0.005169216230794903,gini,2,9,3,best,"{'criterion': 'gini', 'max_depth': 2, 'min_samples_leaf': 9, 'min_samples_split': 3, 'splitter': 'best'}",0.9311111111111111,0.9577777777777777,0.9466666666666667,0.9555555555555556,0.9444444444444444,0.9471111111111112,0.009469900334516673,73,0.9145299145299145,0.9517543859649122,0.9240506329113924,0.9596412556053812,0.9464285714285714,0.9392809520880343,0.01712187756446351,304,0.9490740740740741,0.963963963963964,0.971830985915493,0.9515418502202643,0.9424778761061947,0.9557777500559979,0.0106253399557586,1,0.9511111111111111,0.9644444444444444,0.9733333333333334,0.9511111111111111,0.9422222222222222,0.9564444444444445,0.01103082101865856,1,0.9111111111111111,0.9511111111111111,0.92,0.96,0.9466666666666667,0.9377777777777778,0.01885618083164126,328,0.9412304866850322,0.9613656783468104,0.9610027855153204,0.9532215357458076,0.9433126660761736,0.9520266304738287,0.008505373235122772,1,0.9311111111111111,0.9577777777777778,0.9466666666666668,0.9555555555555555,0.9444444444444444,0.9471111111111112,0.009469900334516676,73,0.909156378600823,0.9412812812812814,0.9340845070422537,0.9334801762114537,0.9188790560471976,0.9273762798366019,0.01165997033909497,1,0.9311111111111111,0.9577777777777777,0.9466666666666667,0.9555555555555555,0.9444444444444444,0.9471111111111112,0.009469900334516652,73
94,0.00968623161315918,0.001166640134444515,0.04320392608642578,0.0068059136111785065,gini,2,9,4,best,"{'criterion': 'gini', 'max_depth': 2, 'min_samples_leaf': 9, 'min_samples_split': 4, 'splitter': 'best'}",0.9311111111111111,0.9577777777777777,0.9466666666666667,0.9555555555555556,0.9444444444444444,0.9471111111111112,0.009469900334516673,73,0.9145299145299145,0.9517543859649122,0.9240506329113924,0.9596412556053812,0.9464285714285714,0.9392809520880343,0.01712187756446351,304,0.9490740740740741,0.963963963963964,0.971830985915493,0.9515418502202643,0.9424778761061947,0.9557777500559979,0.0106253399557586,1,0.9511111111111111,0.9644444444444444,0.9733333333333334,0.9511111111111111,0.9422222222222222,0.9564444444444445,0.01103082101865856,1,0.9111111111111111,0.9511111111111111,0.92,0.96,0.9466666666666667,0.9377777777777778,0.01885618083164126,328,0.9412304866850322,0.9613656783468104,0.9610027855153204,0.9532215357458076,0.9433126660761736,0.9520266304738287,0.008505373235122772,1,0.9311111111111111,0.9577777777777778,0.9466666666666668,0.9555555555555555,0.9444444444444444,0.9471111111111112,0.009469900334516676,73,0.909156378600823,0.9412812812812814,0.9340845070422537,0.9334801762114537,0.9188790560471976,0.9273762798366019,0.01165997033909497,1,0.9311111111111111,0.9577777777777777,0.9466666666666667,0.9555555555555555,0.9444444444444444,0.9471111111111112,0.009469900334516652,73
74,0.009708833694458009,0.0013507355112514392,0.04063296318054199,0.00041479688632401965,gini,2,6,3,best,"{'criterion': 'gini', 'max_depth': 2, 'min_samples_leaf': 6, 'min_samples_split': 3, 'splitter': 'best'}",0.9311111111111111,0.9577777777777777,0.9466666666666667,0.9555555555555556,0.9444444444444444,0.9471111111111112,0.009469900334516673,73,0.9145299145299145,0.9517543859649122,0.9240506329113924,0.9596412556053812,0.9464285714285714,0.9392809520880343,0.01712187756446351,304,0.9490740740740741,0.963963963963964,0.971830985915493,0.9515418502202643,0.9424778761061947,0.9557777500559979,0.0106253399557586,1,0.9511111111111111,0.9644444444444444,0.9733333333333334,0.9511111111111111,0.9422222222222222,0.9564444444444445,0.01103082101865856,1,0.9111111111111111,0.9511111111111111,0.92,0.96,0.9466666666666667,0.9377777777777778,0.01885618083164126,328,0.9412304866850322,0.9613656783468104,0.9610027855153204,0.9532215357458076,0.9433126660761736,0.9520266304738287,0.008505373235122772,1,0.9311111111111111,0.9577777777777778,0.9466666666666668,0.9555555555555555,0.9444444444444444,0.9471111111111112,0.009469900334516676,73,0.909156378600823,0.9412812812812814,0.9340845070422537,0.9334801762114537,0.9188790560471976,0.9273762798366019,0.01165997033909497,1,0.9311111111111111,0.9577777777777777,0.9466666666666667,0.9555555555555555,0.9444444444444444,0.9471111111111112,0.009469900334516652,73
172,0.014909648895263672,0.004591766617503051,0.04047470092773438,0.005279418784636021,gini,4,6,4,best,"{'criterion': 'gini', 'max_depth': 4, 'min_samples_leaf': 6, 'min_samples_split': 4, 'splitter': 'best'}",0.9244444444444444,0.9733333333333334,0.96,0.96,0.9533333333333334,0.9542222222222222,0.0162450372288863,1,0.9569377990430622,0.9819004524886877,0.9641255605381166,0.9859154929577465,0.9857142857142858,0.9749187181483798,0.012050092553574481,13,0.8962655601659751,0.9650655021834061,0.9559471365638766,0.9367088607594937,0.925,0.9357974119345502,0.024260315979600548,139,0.8888888888888888,0.9644444444444444,0.9555555555555556,0.9333333333333333,0.92,0.9324444444444444,0.02687327370281064,139,0.96,0.9822222222222222,0.9644444444444444,0.9866666666666667,0.9866666666666667,0.976,0.011452532201533465,13,0.9083263246425568,0.9684487291849255,0.9576345984112974,0.9462915601023018,0.9367088607594937,0.943482014620115,0.020558813978250167,67,0.9244444444444444,0.9733333333333334,0.96,0.96,0.9533333333333334,0.9542222222222222,0.0162450372288863,1,0.8804149377593361,0.9567976710334789,0.9397356828193832,0.9308860759493671,0.9193333333333333,0.9254335401789797,0.025619825222157794,25,0.9244444444444444,0.9733333333333333,0.96,0.9600000000000001,0.9533333333333334,0.9542222222222222,0.016245037228886282,1
170,0.020460033416748048,0.006403226986080846,0.04647583961486816,0.003510089821770089,gini,4,6,3,best,"{'criterion': 'gini', 'max_depth': 4, 'min_samples_leaf': 6, 'min_samples_split': 3, 'splitter': 'best'}",0.9244444444444444,0.9733333333333334,0.96,0.96,0.9533333333333334,0.9542222222222222,0.0162450372288863,1,0.9569377990430622,0.9819004524886877,0.9641255605381166,0.9859154929577465,0.9857142857142858,0.9749187181483798,0.012050092553574481,13,0.8962655601659751,0.9650655021834061,0.9559471365638766,0.9367088607594937,0.925,0.9357974119345502,0.024260315979600548,139,0.8888888888888888,0.9644444444444444,0.9555555555555556,0.9333333333333333,0.92,0.9324444444444444,0.02687327370281064,139,0.96,0.9822222222222222,0.9644444444444444,0.9866666666666667,0.9866666666666667,0.976,0.011452532201533465,13,0.9083263246425568,0.9684487291849255,0.9576345984112974,0.9462915601023018,0.9367088607594937,0.943482014620115,0.020558813978250167,67,0.9244444444444444,0.9733333333333334,0.96,0.96,0.9533333333333334,0.9542222222222222,0.0162450372288863,1,0.8804149377593361,0.9567976710334789,0.9397356828193832,0.9308860759493671,0.9193333333333333,0.9254335401789797,0.025619825222157794,25,0.9244444444444444,0.9733333333333333,0.96,0.9600000000000001,0.9533333333333334,0.9542222222222222,0.016245037228886282,1
176,0.020752382278442384,0.009986186146351637,0.052925491333007814,0.010214859817011278,gini,4,7,3,best,"{'criterion': 'gini', 'max_depth': 4, 'min_samples_leaf': 7, 'min_samples_split': 3, 'splitter': 'best'}",0.9244444444444444,0.9733333333333334,0.96,0.96,0.9533333333333334,0.9542222222222222,0.0162450372288863,1,0.9569377990430622,0.9819004524886877,0.9641255605381166,0.9859154929577465,0.9857142857142858,0.9749187181483798,0.012050092553574481,13,0.8962655601659751,0.9650655021834061,0.9559471365638766,0.9367088607594937,0.925,0.9357974119345502,0.024260315979600548,139,0.8888888888888888,0.9644444444444444,0.9555555555555556,0.9333333333333333,0.92,0.9324444444444444,0.02687327370281064,139,0.96,0.9822222222222222,0.9644444444444444,0.9866666666666667,0.9866666666666667,0.976,0.011452532201533465,13,0.9083263246425568,0.9684487291849255,0.9576345984112974,0.9462915601023018,0.9367088607594937,0.943482014620115,0.020558813978250167,67,0.9244444444444444,0.9733333333333334,0.96,0.96,0.9533333333333334,0.9542222222222222,0.0162450372288863,1,0.8804149377593361,0.9567976710334789,0.9397356828193832,0.9308860759493671,0.9193333333333333,0.9254335401789797,0.025619825222157794,25,0.9244444444444444,0.9733333333333333,0.96,0.9600000000000001,0.9533333333333334,0.9542222222222222,0.016245037228886282,1
158,0.01657414436340332,0.007597322248392972,0.04290494918823242,0.002245313216677429,gini,4,4,3,best,"{'criterion': 'gini', 'max_depth': 4, 'min_samples_leaf': 4, 'min_samples_split': 3, 'splitter': 'best'}",0.9244444444444444,0.9733333333333334,0.96,0.96,0.9533333333333334,0.9542222222222222,0.0162450372288863,1,0.9569377990430622,0.9819004524886877,0.9641255605381166,0.9859154929577465,0.9857142857142858,0.9749187181483798,0.012050092553574481,13,0.8962655601659751,0.9650655021834061,0.9559471365638766,0.9367088607594937,0.925,0.9357974119345502,0.024260315979600548,139,0.8888888888888888,0.9644444444444444,0.9555555555555556,0.9333333333333333,0.92,0.9324444444444444,0.02687327370281064,139,0.96,0.9822222222222222,0.9644444444444444,0.9866666666666667,0.9866666666666667,0.976,0.011452532201533465,13,0.9083263246425568,0.9684487291849255,0.9576345984112974,0.9462915601023018,0.9367088607594937,0.943482014620115,0.020558813978250167,67,0.9244444444444444,0.9733333333333334,0.96,0.96,0.9533333333333334,0.9542222222222222,0.0162450372288863,1,0.8804149377593361,0.9567976710334789,0.9397356828193832,0.9308860759493671,0.9193333333333333,0.9254335401789797,0.025619825222157794,25,0.9244444444444444,0.9733333333333333,0.96,0.9600000000000001,0.9533333333333334,0.9542222222222222,0.016245037228886282,1
164,0.01609644889831543,0.005283422111617312,0.05387277603149414,0.007993836854235055,gini,4,5,3,best,"{'criterion': 'gini', 'max_depth': 4, 'min_samples_leaf': 5, 'min_samples_split': 3, 'splitter': 'best'}",0.9244444444444444,0.9733333333333334,0.96,0.96,0.9533333333333334,0.9542222222222222,0.0162450372288863,1,0.9569377990430622,0.9819004524886877,0.9641255605381166,0.9859154929577465,0.9857142857142858,0.9749187181483798,0.012050092553574481,13,0.8962655601659751,0.9650655021834061,0.9559471365638766,0.9367088607594937,0.925,0.9357974119345502,0.024260315979600548,139,0.8888888888888888,0.9644444444444444,0.9555555555555556,0.9333333333333333,0.92,0.9324444444444444,0.02687327370281064,139,0.96,0.9822222222222222,0.9644444444444444,0.9866666666666667,0.9866666666666667,0.976,0.011452532201533465,13,0.9083263246425568,0.9684487291849255,0.9576345984112974,0.9462915601023018,0.9367088607594937,0.943482014620115,0.020558813978250167,67,0.9244444444444444,0.9733333333333334,0.96,0.96,0.9533333333333334,0.9542222222222222,0.0162450372288863,1,0.8804149377593361,0.9567976710334789,0.9397356828193832,0.9308860759493671,0.9193333333333333,0.9254335401789797,0.025619825222157794,25,0.9244444444444444,0.9733333333333333,0.96,0.9600000000000001,0.9533333333333334,0.9542222222222222,0.016245037228886282,1
162,0.015473365783691406,0.0028736553933500567,0.04577603340148926,0.009400336407106802,gini,4,5,2,best,"{'criterion': 'gini', 'max_depth': 4, 'min_samples_leaf': 5, 'min_samples_split': 2, 'splitter': 'best'}",0.9244444444444444,0.9733333333333334,0.96,0.96,0.9533333333333334,0.9542222222222222,0.0162450372288863,1,0.9569377990430622,0.9819004524886877,0.9641255605381166,0.9859154929577465,0.9857142857142858,0.9749187181483798,0.012050092553574481,13,0.8962655601659751,0.9650655021834061,0.9559471365638766,0.9367088607594937,0.925,0.9357974119345502,0.024260315979600548,139,0.8888888888888888,0.9644444444444444,0.9555555555555556,0.9333333333333333,0.92,0.9324444444444444,0.02687327370281064,139,0.96,0.9822222222222222,0.9644444444444444,0.9866666666666667,0.9866666666666667,0.976,0.011452532201533465,13,0.9083263246425568,0.9684487291849255,0.9576345984112974,0.9462915601023018,0.9367088607594937,0.943482014620115,0.020558813978250167,67,0.9244444444444444,0.9733333333333334,0.96,0.96,0.9533333333333334,0.9542222222222222,0.0162450372288863,1,0.8804149377593361,0.9567976710334789,0.9397356828193832,0.9308860759493671,0.9193333333333333,0.9254335401789797,0.025619825222157794,25,0.9244444444444444,0.9733333333333333,0.96,0.9600000000000001,0.9533333333333334,0.9542222222222222,0.016245037228886282,1
160,0.01702089309692383,0.005866894166370414,0.04044208526611328,0.0042045039257176675,gini,4,4,4,best,"{'criterion': 'gini', 'max_depth': 4, 'min_samples_leaf': 4, 'min_samples_split': 4, 'splitter': 'best'}",0.9244444444444444,0.9733333333333334,0.96,0.96,0.9533333333333334,0.9542222222222222,0.0162450372288863,1,0.9569377990430622,0.9819004524886877,0.9641255605381166,0.9859154929577465,0.9857142857142858,0.9749187181483798,0.012050092553574481,13,0.8962655601659751,0.9650655021834061,0.9559471365638766,0.9367088607594937,0.925,0.9357974119345502,0.024260315979600548,139,0.8888888888888888,0.9644444444444444,0.9555555555555556,0.9333333333333333,0.92,0.9324444444444444,0.02687327370281064,139,0.96,0.9822222222222222,0.9644444444444444,0.9866666666666667,0.9866666666666667,0.976,0.011452532201533465,13,0.9083263246425568,0.9684487291849255,0.9576345984112974,0.9462915601023018,0.9367088607594937,0.943482014620115,0.020558813978250167,67,0.9244444444444444,0.9733333333333334,0.96,0.96,0.9533333333333334,0.9542222222222222,0.0162450372288863,1,0.8804149377593361,0.9567976710334789,0.9397356828193832,0.9308860759493671,0.9193333333333333,0.9254335401789797,0.025619825222157794,25,0.9244444444444444,0.9733333333333333,0.96,0.9600000000000001,0.9533333333333334,0.9542222222222222,0.016245037228886282,1
174,0.015644645690917967,0.004726307656084094,0.05005650520324707,0.016691902898755554,gini,4,7,2,best,"{'criterion': 'gini', 'max_depth': 4, 'min_samples_leaf': 7, 'min_samples_split': 2, 'splitter': 'best'}",0.9244444444444444,0.9733333333333334,0.96,0.96,0.9533333333333334,0.9542222222222222,0.0162450372288863,1,0.9569377990430622,0.9819004524886877,0.9641255605381166,0.9859154929577465,0.9857142857142858,0.9749187181483798,0.012050092553574481,13,0.8962655601659751,0.9650655021834061,0.9559471365638766,0.9367088607594937,0.925,0.9357974119345502,0.024260315979600548,139,0.8888888888888888,0.9644444444444444,0.9555555555555556,0.9333333333333333,0.92,0.9324444444444444,0.02687327370281064,139,0.96,0.9822222222222222,0.9644444444444444,0.9866666666666667,0.9866666666666667,0.976,0.011452532201533465,13,0.9083263246425568,0.9684487291849255,0.9576345984112974,0.9462915601023018,0.9367088607594937,0.943482014620115,0.020558813978250167,67,0.9244444444444444,0.9733333333333334,0.96,0.96,0.9533333333333334,0.9542222222222222,0.0162450372288863,1,0.8804149377593361,0.9567976710334789,0.9397356828193832,0.9308860759493671,0.9193333333333333,0.9254335401789797,0.025619825222157794,25,0.9244444444444444,0.9733333333333333,0.96,0.9600000000000001,0.9533333333333334,0.9542222222222222,0.016245037228886282,1
156,0.01642909049987793,0.005752254975913735,0.05041236877441406,0.013823586438875546,gini,4,4,2,best,"{'criterion': 'gini', 'max_depth': 4, 'min_samples_leaf': 4, 'min_samples_split': 2, 'splitter': 'best'}",0.9244444444444444,0.9733333333333334,0.96,0.96,0.9533333333333334,0.9542222222222222,0.0162450372288863,1,0.9569377990430622,0.9819004524886877,0.9641255605381166,0.9859154929577465,0.9857142857142858,0.9749187181483798,0.012050092553574481,13,0.8962655601659751,0.9650655021834061,0.9559471365638766,0.9367088607594937,0.925,0.9357974119345502,0.024260315979600548,139,0.8888888888888888,0.9644444444444444,0.9555555555555556,0.9333333333333333,0.92,0.9324444444444444,0.02687327370281064,139,0.96,0.9822222222222222,0.9644444444444444,0.9866666666666667,0.9866666666666667,0.976,0.011452532201533465,13,0.9083263246425568,0.9684487291849255,0.9576345984112974,0.9462915601023018,0.9367088607594937,0.943482014620115,0.020558813978250167,67,0.9244444444444444,0.9733333333333334,0.96,0.96,0.9533333333333334,0.9542222222222222,0.0162450372288863,1,0.8804149377593361,0.9567976710334789,0.9397356828193832,0.9308860759493671,0.9193333333333333,0.9254335401789797,0.025619825222157794,25,0.9244444444444444,0.9733333333333333,0.96,0.9600000000000001,0.9533333333333334,0.9542222222222222,0.016245037228886282,1
168,0.01558074951171875,0.002774281621096301,0.039030838012695315,0.005881557853305623,gini,4,6,2,best,"{'criterion': 'gini', 'max_depth': 4, 'min_samples_leaf': 6, 'min_samples_split': 2, 'splitter': 'best'}",0.9244444444444444,0.9733333333333334,0.96,0.96,0.9533333333333334,0.9542222222222222,0.0162450372288863,1,0.9569377990430622,0.9819004524886877,0.9641255605381166,0.9859154929577465,0.9857142857142858,0.9749187181483798,0.012050092553574481,13,0.8962655601659751,0.9650655021834061,0.9559471365638766,0.9367088607594937,0.925,0.9357974119345502,0.024260315979600548,139,0.8888888888888888,0.9644444444444444,0.9555555555555556,0.9333333333333333,0.92,0.9324444444444444,0.02687327370281064,139,0.96,0.9822222222222222,0.9644444444444444,0.9866666666666667,0.9866666666666667,0.976,0.011452532201533465,13,0.9083263246425568,0.9684487291849255,0.9576345984112974,0.9462915601023018,0.9367088607594937,0.943482014620115,0.020558813978250167,67,0.9244444444444444,0.9733333333333334,0.96,0.96,0.9533333333333334,0.9542222222222222,0.0162450372288863,1,0.8804149377593361,0.9567976710334789,0.9397356828193832,0.9308860759493671,0.9193333333333333,0.9254335401789797,0.025619825222157794,25,0.9244444444444444,0.9733333333333333,0.96,0.9600000000000001,0.9533333333333334,0.9542222222222222,0.016245037228886282,1
178,0.0167971134185791,0.007334098672092259,0.05221405029296875,0.00951448899909119,gini,4,7,4,best,"{'criterion': 'gini', 'max_depth': 4, 'min_samples_leaf': 7, 'min_samples_split': 4, 'splitter': 'best'}",0.9244444444444444,0.9733333333333334,0.96,0.96,0.9533333333333334,0.9542222222222222,0.0162450372288863,1,0.9569377990430622,0.9819004524886877,0.9641255605381166,0.9859154929577465,0.9857142857142858,0.9749187181483798,0.012050092553574481,13,0.8962655601659751,0.9650655021834061,0.9559471365638766,0.9367088607594937,0.925,0.9357974119345502,0.024260315979600548,139,0.8888888888888888,0.9644444444444444,0.9555555555555556,0.9333333333333333,0.92,0.9324444444444444,0.02687327370281064,139,0.96,0.9822222222222222,0.9644444444444444,0.9866666666666667,0.9866666666666667,0.976,0.011452532201533465,13,0.9083263246425568,0.9684487291849255,0.9576345984112974,0.9462915601023018,0.9367088607594937,0.943482014620115,0.020558813978250167,67,0.9244444444444444,0.9733333333333334,0.96,0.96,0.9533333333333334,0.9542222222222222,0.0162450372288863,1,0.8804149377593361,0.9567976710334789,0.9397356828193832,0.9308860759493671,0.9193333333333333,0.9254335401789797,0.025619825222157794,25,0.9244444444444444,0.9733333333333333,0.96,0.9600000000000001,0.9533333333333334,0.9542222222222222,0.016245037228886282,1
166,0.015713977813720702,0.0047304909010118315,0.0477200984954834,0.009796348622344787,gini,4,5,4,best,"{'criterion': 'gini', 'max_depth': 4, 'min_samples_leaf': 5, 'min_samples_split': 4, 'splitter': 'best'}",0.9244444444444444,0.9733333333333334,0.96,0.96,0.9533333333333334,0.9542222222222222,0.0162450372288863,1,0.9569377990430622,0.9819004524886877,0.9641255605381166,0.9859154929577465,0.9857142857142858,0.9749187181483798,0.012050092553574481,13,0.8962655601659751,0.9650655021834061,0.9559471365638766,0.9367088607594937,0.925,0.9357974119345502,0.024260315979600548,139,0.8888888888888888,0.9644444444444444,0.9555555555555556,0.9333333333333333,0.92,0.9324444444444444,0.02687327370281064,139,0.96,0.9822222222222222,0.9644444444444444,0.9866666666666667,0.9866666666666667,0.976,0.011452532201533465,13,0.9083263246425568,0.9684487291849255,0.9576345984112974,0.9462915601023018,0.9367088607594937,0.943482014620115,0.020558813978250167,67,0.9244444444444444,0.9733333333333334,0.96,0.96,0.9533333333333334,0.9542222222222222,0.0162450372288863,1,0.8804149377593361,0.9567976710334789,0.9397356828193832,0.9308860759493671,0.9193333333333333,0.9254335401789797,0.025619825222157794,25,0.9244444444444444,0.9733333333333333,0.96,0.9600000000000001,0.9533333333333334,0.9542222222222222,0.016245037228886282,1
538,0.021447515487670897,0.003833391219421514,0.04427971839904785,0.005031932684362591,log_loss,4,3,4,best,"{'criterion': 'log_loss', 'max_depth': 4, 'min_samples_leaf': 3, 'min_samples_split': 4, 'splitter': 'best'}",0.9311111111111111,0.9644444444444444,0.9666666666666667,0.9555555555555556,0.9488888888888889,0.9533333333333335,0.012804320258567054,22,0.9532710280373832,0.9815668202764977,0.9772727272727273,0.9596412556053812,0.9809523809523809,0.970540842428874,0.011767226330049578,25,0.9110169491525424,0.9484978540772532,0.9565217391304348,0.9515418502202643,0.9208333333333333,0.9376823451827654,0.018214919283914603,97,0.9066666666666666,0.9466666666666667,0.9555555555555556,0.9511111111111111,0.9155555555555556,0.9351111111111111,0.01999506111858134,97,0.9555555555555556,0.9822222222222222,0.9777777777777777,0.96,0.9822222222222222,0.9715555555555555,0.011452532201533434,25,0.9195893926432849,0.9550561797752809,0.9606986899563319,0.9532215357458076,0.9324894514767933,0.9442110499194998,0.015583772633598348,25,0.9311111111111111,0.9644444444444444,0.9666666666666667,0.9555555555555555,0.9488888888888889,0.9533333333333334,0.01280432025856705,22,0.8927495291902072,0.9405245588936575,0.9463768115942028,0.9334801762114537,0.9133518518518517,0.9252965855482745,0.019724227737233566,37,0.9311111111111112,0.9644444444444443,0.9666666666666668,0.9555555555555555,0.9488888888888889,0.9533333333333334,0.012804320258567016,22
350,0.025504875183105468,0.008805860424337487,0.04959516525268555,0.008077771061870938,entropy,4,4,3,best,"{'criterion': 'entropy', 'max_depth': 4, 'min_samples_leaf': 4, 'min_samples_split': 3, 'splitter': 'best'}",0.9311111111111111,0.9644444444444444,0.9666666666666667,0.9555555555555556,0.9488888888888889,0.9533333333333335,0.012804320258567054,22,0.9532710280373832,0.9815668202764977,0.9772727272727273,0.9596412556053812,0.9809523809523809,0.970540842428874,0.011767226330049578,25,0.9110169491525424,0.9484978540772532,0.9565217391304348,0.9515418502202643,0.9208333333333333,0.9376823451827654,0.018214919283914603,97,0.9066666666666666,0.9466666666666667,0.9555555555555556,0.9511111111111111,0.9155555555555556,0.9351111111111111,0.01999506111858134,97,0.9555555555555556,0.9822222222222222,0.9777777777777777,0.96,0.9822222222222222,0.9715555555555555,0.011452532201533434,25,0.9195893926432849,0.9550561797752809,0.9606986899563319,0.9532215357458076,0.9324894514767933,0.9442110499194998,0.015583772633598348,25,0.9311111111111111,0.9644444444444444,0.9666666666666667,0.9555555555555555,0.9488888888888889,0.9533333333333334,0.01280432025856705,22,0.8927495291902072,0.9405245588936575,0.9463768115942028,0.9334801762114537,0.9133518518518517,0.9252965855482745,0.019724227737233566,37,0.9311111111111112,0.9644444444444443,0.9666666666666668,0.9555555555555555,0.9488888888888889,0.9533333333333334,0.012804320258567016,22
358,0.022598075866699218,0.006640266477011896,0.04608926773071289,0.007285042626723641,entropy,4,5,4,best,"{'criterion': 'entropy', 'max_depth': 4, 'min_samples_leaf': 5, 'min_samples_split': 4, 'splitter': 'best'}",0.9311111111111111,0.9644444444444444,0.9666666666666667,0.9555555555555556,0.9488888888888889,0.9533333333333335,0.012804320258567054,22,0.9532710280373832,0.9815668202764977,0.9772727272727273,0.9596412556053812,0.9809523809523809,0.970540842428874,0.011767226330049578,25,0.9110169491525424,0.9484978540772532,0.9565217391304348,0.9515418502202643,0.9208333333333333,0.9376823451827654,0.018214919283914603,97,0.9066666666666666,0.9466666666666667,0.9555555555555556,0.9511111111111111,0.9155555555555556,0.9351111111111111,0.01999506111858134,97,0.9555555555555556,0.9822222222222222,0.9777777777777777,0.96,0.9822222222222222,0.9715555555555555,0.011452532201533434,25,0.9195893926432849,0.9550561797752809,0.9606986899563319,0.9532215357458076,0.9324894514767933,0.9442110499194998,0.015583772633598348,25,0.9311111111111111,0.9644444444444444,0.9666666666666667,0.9555555555555555,0.9488888888888889,0.9533333333333334,0.01280432025856705,22,0.8927495291902072,0.9405245588936575,0.9463768115942028,0.9334801762114537,0.9133518518518517,0.9252965855482745,0.019724227737233566,37,0.9311111111111112,0.9644444444444443,0.9666666666666668,0.9555555555555555,0.9488888888888889,0.9533333333333334,0.012804320258567016,22
348,0.018984222412109376,0.0028383159155036847,0.04718647003173828,0.01187502547843853,entropy,4,4,2,best,"{'criterion': 'entropy', 'max_depth': 4, 'min_samples_leaf': 4, 'min_samples_split': 2, 'splitter': 'best'}",0.9311111111111111,0.9644444444444444,0.9666666666666667,0.9555555555555556,0.9488888888888889,0.9533333333333335,0.012804320258567054,22,0.9532710280373832,0.9815668202764977,0.9772727272727273,0.9596412556053812,0.9809523809523809,0.970540842428874,0.011767226330049578,25,0.9110169491525424,0.9484978540772532,0.9565217391304348,0.9515418502202643,0.9208333333333333,0.9376823451827654,0.018214919283914603,97,0.9066666666666666,0.9466666666666667,0.9555555555555556,0.9511111111111111,0.9155555555555556,0.9351111111111111,0.01999506111858134,97,0.9555555555555556,0.9822222222222222,0.9777777777777777,0.96,0.9822222222222222,0.9715555555555555,0.011452532201533434,25,0.9195893926432849,0.9550561797752809,0.9606986899563319,0.9532215357458076,0.9324894514767933,0.9442110499194998,0.015583772633598348,25,0.9311111111111111,0.9644444444444444,0.9666666666666667,0.9555555555555555,0.9488888888888889,0.9533333333333334,0.01280432025856705,22,0.8927495291902072,0.9405245588936575,0.9463768115942028,0.9334801762114537,0.9133518518518517,0.9252965855482745,0.019724227737233566,37,0.9311111111111112,0.9644444444444443,0.9666666666666668,0.9555555555555555,0.9488888888888889,0.9533333333333334,0.012804320258567016,22
340,0.020674800872802733,0.0032625889136621176,0.04191365242004395,0.00499155287843662,entropy,4,2,4,best,"{'criterion': 'entropy', 'max_depth': 4, 'min_samples_leaf': 2, 'min_samples_split': 4, 'splitter': 'best'}",0.9311111111111111,0.9644444444444444,0.9666666666666667,0.9555555555555556,0.9488888888888889,0.9533333333333335,0.012804320258567054,22,0.9532710280373832,0.9815668202764977,0.9772727272727273,0.9596412556053812,0.9809523809523809,0.970540842428874,0.011767226330049578,25,0.9110169491525424,0.9484978540772532,0.9565217391304348,0.9515418502202643,0.9208333333333333,0.9376823451827654,0.018214919283914603,97,0.9066666666666666,0.9466666666666667,0.9555555555555556,0.9511111111111111,0.9155555555555556,0.9351111111111111,0.01999506111858134,97,0.9555555555555556,0.9822222222222222,0.9777777777777777,0.96,0.9822222222222222,0.9715555555555555,0.011452532201533434,25,0.9195893926432849,0.9550561797752809,0.9606986899563319,0.9532215357458076,0.9324894514767933,0.9442110499194998,0.015583772633598348,25,0.9311111111111111,0.9644444444444444,0.9666666666666667,0.9555555555555555,0.9488888888888889,0.9533333333333334,0.01280432025856705,22,0.8927495291902072,0.9405245588936575,0.9463768115942028,0.9334801762114537,0.9133518518518517,0.9252965855482745,0.019724227737233566,37,0.9311111111111112,0.9644444444444443,0.9666666666666668,0.9555555555555555,0.9488888888888889,0.9533333333333334,0.012804320258567016,22
550,0.021029186248779298,0.005745684959267642,0.043350934982299805,0.003541019310788591,log_loss,4,5,4,best,"{'criterion': 'log_loss', 'max_depth': 4, 'min_samples_leaf': 5, 'min_samples_split': 4, 'splitter': 'best'}",0.9311111111111111,0.9644444444444444,0.9666666666666667,0.9555555555555556,0.9488888888888889,0.9533333333333335,0.012804320258567054,22,0.9532710280373832,0.9815668202764977,0.9772727272727273,0.9596412556053812,0.9809523809523809,0.970540842428874,0.011767226330049578,25,0.9110169491525424,0.9484978540772532,0.9565217391304348,0.9515418502202643,0.9208333333333333,0.9376823451827654,0.018214919283914603,97,0.9066666666666666,0.9466666666666667,0.9555555555555556,0.9511111111111111,0.9155555555555556,0.9351111111111111,0.01999506111858134,97,0.9555555555555556,0.9822222222222222,0.9777777777777777,0.96,0.9822222222222222,0.9715555555555555,0.011452532201533434,25,0.9195893926432849,0.9550561797752809,0.9606986899563319,0.9532215357458076,0.9324894514767933,0.9442110499194998,0.015583772633598348,25,0.9311111111111111,0.9644444444444444,0.9666666666666667,0.9555555555555555,0.9488888888888889,0.9533333333333334,0.01280432025856705,22,0.8927495291902072,0.9405245588936575,0.9463768115942028,0.9334801762114537,0.9133518518518517,0.9252965855482745,0.019724227737233566,37,0.9311111111111112,0.9644444444444443,0.9666666666666668,0.9555555555555555,0.9488888888888889,0.9533333333333334,0.012804320258567016,22
356,0.019839906692504884,0.007175419827097728,0.043325614929199216,0.005215898274579973,entropy,4,5,3,best,"{'criterion': 'entropy', 'max_depth': 4, 'min_samples_leaf': 5, 'min_samples_split': 3, 'splitter': 'best'}",0.9311111111111111,0.9644444444444444,0.9666666666666667,0.9555555555555556,0.9488888888888889,0.9533333333333335,0.012804320258567054,22,0.9532710280373832,0.9815668202764977,0.9772727272727273,0.9596412556053812,0.9809523809523809,0.970540842428874,0.011767226330049578,25,0.9110169491525424,0.9484978540772532,0.9565217391304348,0.9515418502202643,0.9208333333333333,0.9376823451827654,0.018214919283914603,97,0.9066666666666666,0.9466666666666667,0.9555555555555556,0.9511111111111111,0.9155555555555556,0.9351111111111111,0.01999506111858134,97,0.9555555555555556,0.9822222222222222,0.9777777777777777,0.96,0.9822222222222222,0.9715555555555555,0.011452532201533434,25,0.9195893926432849,0.9550561797752809,0.9606986899563319,0.9532215357458076,0.9324894514767933,0.9442110499194998,0.015583772633598348,25,0.9311111111111111,0.9644444444444444,0.9666666666666667,0.9555555555555555,0.9488888888888889,0.9533333333333334,0.01280432025856705,22,0.8927495291902072,0.9405245588936575,0.9463768115942028,0.9334801762114537,0.9133518518518517,0.9252965855482745,0.019724227737233566,37,0.9311111111111112,0.9644444444444443,0.9666666666666668,0.9555555555555555,0.9488888888888889,0.9533333333333334,0.012804320258567016,22
354,0.01618485450744629,0.008082475781898016,0.04821157455444336,0.004235510181915655,entropy,4,5,2,best,"{'criterion': 'entropy', 'max_depth': 4, 'min_samples_leaf': 5, 'min_samples_split': 2, 'splitter': 'best'}",0.9311111111111111,0.9644444444444444,0.9666666666666667,0.9555555555555556,0.9488888888888889,0.9533333333333335,0.012804320258567054,22,0.9532710280373832,0.9815668202764977,0.9772727272727273,0.9596412556053812,0.9809523809523809,0.970540842428874,0.011767226330049578,25,0.9110169491525424,0.9484978540772532,0.9565217391304348,0.9515418502202643,0.9208333333333333,0.9376823451827654,0.018214919283914603,97,0.9066666666666666,0.9466666666666667,0.9555555555555556,0.9511111111111111,0.9155555555555556,0.9351111111111111,0.01999506111858134,97,0.9555555555555556,0.9822222222222222,0.9777777777777777,0.96,0.9822222222222222,0.9715555555555555,0.011452532201533434,25,0.9195893926432849,0.9550561797752809,0.9606986899563319,0.9532215357458076,0.9324894514767933,0.9442110499194998,0.015583772633598348,25,0.9311111111111111,0.9644444444444444,0.9666666666666667,0.9555555555555555,0.9488888888888889,0.9533333333333334,0.01280432025856705,22,0.8927495291902072,0.9405245588936575,0.9463768115942028,0.9334801762114537,0.9133518518518517,0.9252965855482745,0.019724227737233566,37,0.9311111111111112,0.9644444444444443,0.9666666666666668,0.9555555555555555,0.9488888888888889,0.9533333333333334,0.012804320258567016,22
548,0.021032142639160156,0.0042999043155899095,0.04202060699462891,0.00211559621742256,log_loss,4,5,3,best,"{'criterion': 'log_loss', 'max_depth': 4, 'min_samples_leaf': 5, 'min_samples_split': 3, 'splitter': 'best'}",0.9311111111111111,0.9644444444444444,0.9666666666666667,0.9555555555555556,0.9488888888888889,0.9533333333333335,0.012804320258567054,22,0.9532710280373832,0.9815668202764977,0.9772727272727273,0.9596412556053812,0.9809523809523809,0.970540842428874,0.011767226330049578,25,0.9110169491525424,0.9484978540772532,0.9565217391304348,0.9515418502202643,0.9208333333333333,0.9376823451827654,0.018214919283914603,97,0.9066666666666666,0.9466666666666667,0.9555555555555556,0.9511111111111111,0.9155555555555556,0.9351111111111111,0.01999506111858134,97,0.9555555555555556,0.9822222222222222,0.9777777777777777,0.96,0.9822222222222222,0.9715555555555555,0.011452532201533434,25,0.9195893926432849,0.9550561797752809,0.9606986899563319,0.9532215357458076,0.9324894514767933,0.9442110499194998,0.015583772633598348,25,0.9311111111111111,0.9644444444444444,0.9666666666666667,0.9555555555555555,0.9488888888888889,0.9533333333333334,0.01280432025856705,22,0.8927495291902072,0.9405245588936575,0.9463768115942028,0.9334801762114537,0.9133518518518517,0.9252965855482745,0.019724227737233566,37,0.9311111111111112,0.9644444444444443,0.9666666666666668,0.9555555555555555,0.9488888888888889,0.9533333333333334,0.012804320258567016,22
546,0.02033076286315918,0.008384784373182791,0.05189604759216308,0.009976241008172071,log_loss,4,5,2,best,"{'criterion': 'log_loss', 'max_depth': 4, 'min_samples_leaf': 5, 'min_samples_split': 2, 'splitter': 'best'}",0.9311111111111111,0.9644444444444444,0.9666666666666667,0.9555555555555556,0.9488888888888889,0.9533333333333335,0.012804320258567054,22,0.9532710280373832,0.9815668202764977,0.9772727272727273,0.9596412556053812,0.9809523809523809,0.970540842428874,0.011767226330049578,25,0.9110169491525424,0.9484978540772532,0.9565217391304348,0.9515418502202643,0.9208333333333333,0.9376823451827654,0.018214919283914603,97,0.9066666666666666,0.9466666666666667,0.9555555555555556,0.9511111111111111,0.9155555555555556,0.9351111111111111,0.01999506111858134,97,0.9555555555555556,0.9822222222222222,0.9777777777777777,0.96,0.9822222222222222,0.9715555555555555,0.011452532201533434,25,0.9195893926432849,0.9550561797752809,0.9606986899563319,0.9532215357458076,0.9324894514767933,0.9442110499194998,0.015583772633598348,25,0.9311111111111111,0.9644444444444444,0.9666666666666667,0.9555555555555555,0.9488888888888889,0.9533333333333334,0.01280432025856705,22,0.8927495291902072,0.9405245588936575,0.9463768115942028,0.9334801762114537,0.9133518518518517,0.9252965855482745,0.019724227737233566,37,0.9311111111111112,0.9644444444444443,0.9666666666666668,0.9555555555555555,0.9488888888888889,0.9533333333333334,0.012804320258567016,22
544,0.01934986114501953,0.0057882879195281615,0.04312343597412109,0.004746259947486556,log_loss,4,4,4,best,"{'criterion': 'log_loss', 'max_depth': 4, 'min_samples_leaf': 4, 'min_samples_split': 4, 'splitter': 'best'}",0.9311111111111111,0.9644444444444444,0.9666666666666667,0.9555555555555556,0.9488888888888889,0.9533333333333335,0.012804320258567054,22,0.9532710280373832,0.9815668202764977,0.9772727272727273,0.9596412556053812,0.9809523809523809,0.970540842428874,0.011767226330049578,25,0.9110169491525424,0.9484978540772532,0.9565217391304348,0.9515418502202643,0.9208333333333333,0.9376823451827654,0.018214919283914603,97,0.9066666666666666,0.9466666666666667,0.9555555555555556,0.9511111111111111,0.9155555555555556,0.9351111111111111,0.01999506111858134,97,0.9555555555555556,0.9822222222222222,0.9777777777777777,0.96,0.9822222222222222,0.9715555555555555,0.011452532201533434,25,0.9195893926432849,0.9550561797752809,0.9606986899563319,0.9532215357458076,0.9324894514767933,0.9442110499194998,0.015583772633598348,25,0.9311111111111111,0.9644444444444444,0.9666666666666667,0.9555555555555555,0.9488888888888889,0.9533333333333334,0.01280432025856705,22,0.8927495291902072,0.9405245588936575,0.9463768115942028,0.9334801762114537,0.9133518518518517,0.9252965855482745,0.019724227737233566,37,0.9311111111111112,0.9644444444444443,0.9666666666666668,0.9555555555555555,0.9488888888888889,0.9533333333333334,0.012804320258567016,22
344,0.025568008422851562,0.007610208873830376,0.05055713653564453,0.00237776932850198,entropy,4,3,3,best,"{'criterion': 'entropy', 'max_depth': 4, 'min_samples_leaf': 3, 'min_samples_split': 3, 'splitter': 'best'}",0.9311111111111111,0.9644444444444444,0.9666666666666667,0.9555555555555556,0.9488888888888889,0.9533333333333335,0.012804320258567054,22,0.9532710280373832,0.9815668202764977,0.9772727272727273,0.9596412556053812,0.9809523809523809,0.970540842428874,0.011767226330049578,25,0.9110169491525424,0.9484978540772532,0.9565217391304348,0.9515418502202643,0.9208333333333333,0.9376823451827654,0.018214919283914603,97,0.9066666666666666,0.9466666666666667,0.9555555555555556,0.9511111111111111,0.9155555555555556,0.9351111111111111,0.01999506111858134,97,0.9555555555555556,0.9822222222222222,0.9777777777777777,0.96,0.9822222222222222,0.9715555555555555,0.011452532201533434,25,0.9195893926432849,0.9550561797752809,0.9606986899563319,0.9532215357458076,0.9324894514767933,0.9442110499194998,0.015583772633598348,25,0.9311111111111111,0.9644444444444444,0.9666666666666667,0.9555555555555555,0.9488888888888889,0.9533333333333334,0.01280432025856705,22,0.8927495291902072,0.9405245588936575,0.9463768115942028,0.9334801762114537,0.9133518518518517,0.9252965855482745,0.019724227737233566,37,0.9311111111111112,0.9644444444444443,0.9666666666666668,0.9555555555555555,0.9488888888888889,0.9533333333333334,0.012804320258567016,22
346,0.02593064308166504,0.013810038873135463,0.04705634117126465,0.0047807097921156606,entropy,4,3,4,best,"{'criterion': 'entropy', 'max_depth': 4, 'min_samples_leaf': 3, 'min_samples_split': 4, 'splitter': 'best'}",0.9311111111111111,0.9644444444444444,0.9666666666666667,0.9555555555555556,0.9488888888888889,0.9533333333333335,0.012804320258567054,22,0.9532710280373832,0.9815668202764977,0.9772727272727273,0.9596412556053812,0.9809523809523809,0.970540842428874,0.011767226330049578,25,0.9110169491525424,0.9484978540772532,0.9565217391304348,0.9515418502202643,0.9208333333333333,0.9376823451827654,0.018214919283914603,97,0.9066666666666666,0.9466666666666667,0.9555555555555556,0.9511111111111111,0.9155555555555556,0.9351111111111111,0.01999506111858134,97,0.9555555555555556,0.9822222222222222,0.9777777777777777,0.96,0.9822222222222222,0.9715555555555555,0.011452532201533434,25,0.9195893926432849,0.9550561797752809,0.9606986899563319,0.9532215357458076,0.9324894514767933,0.9442110499194998,0.015583772633598348,25,0.9311111111111111,0.9644444444444444,0.9666666666666667,0.9555555555555555,0.9488888888888889,0.9533333333333334,0.01280432025856705,22,0.8927495291902072,0.9405245588936575,0.9463768115942028,0.9334801762114537,0.9133518518518517,0.9252965855482745,0.019724227737233566,37,0.9311111111111112,0.9644444444444443,0.9666666666666668,0.9555555555555555,0.9488888888888889,0.9533333333333334,0.012804320258567016,22
540,0.019040584564208984,0.0019232462562452756,0.04213957786560059,0.0027023500957342175,log_loss,4,4,2,best,"{'criterion': 'log_loss', 'max_depth': 4, 'min_samples_leaf': 4, 'min_samples_split': 2, 'splitter': 'best'}",0.9311111111111111,0.9644444444444444,0.9666666666666667,0.9555555555555556,0.9488888888888889,0.9533333333333335,0.012804320258567054,22,0.9532710280373832,0.9815668202764977,0.9772727272727273,0.9596412556053812,0.9809523809523809,0.970540842428874,0.011767226330049578,25,0.9110169491525424,0.9484978540772532,0.9565217391304348,0.9515418502202643,0.9208333333333333,0.9376823451827654,0.018214919283914603,97,0.9066666666666666,0.9466666666666667,0.9555555555555556,0.9511111111111111,0.9155555555555556,0.9351111111111111,0.01999506111858134,97,0.9555555555555556,0.9822222222222222,0.9777777777777777,0.96,0.9822222222222222,0.9715555555555555,0.011452532201533434,25,0.9195893926432849,0.9550561797752809,0.9606986899563319,0.9532215357458076,0.9324894514767933,0.9442110499194998,0.015583772633598348,25,0.9311111111111111,0.9644444444444444,0.9666666666666667,0.9555555555555555,0.9488888888888889,0.9533333333333334,0.01280432025856705,22,0.8927495291902072,0.9405245588936575,0.9463768115942028,0.9334801762114537,0.9133518518518517,0.9252965855482745,0.019724227737233566,37,0.9311111111111112,0.9644444444444443,0.9666666666666668,0.9555555555555555,0.9488888888888889,0.9533333333333334,0.012804320258567016,22
528,0.015308570861816407,0.0023565799699182626,0.04723176956176758,0.003129104814982883,log_loss,4,2,2,best,"{'criterion': 'log_loss', 'max_depth': 4, 'min_samples_leaf': 2, 'min_samples_split': 2, 'splitter': 'best'}",0.9311111111111111,0.9644444444444444,0.9666666666666667,0.9555555555555556,0.9488888888888889,0.9533333333333335,0.012804320258567054,22,0.9532710280373832,0.9815668202764977,0.9772727272727273,0.9596412556053812,0.9809523809523809,0.970540842428874,0.011767226330049578,25,0.9110169491525424,0.9484978540772532,0.9565217391304348,0.9515418502202643,0.9208333333333333,0.9376823451827654,0.018214919283914603,97,0.9066666666666666,0.9466666666666667,0.9555555555555556,0.9511111111111111,0.9155555555555556,0.9351111111111111,0.01999506111858134,97,0.9555555555555556,0.9822222222222222,0.9777777777777777,0.96,0.9822222222222222,0.9715555555555555,0.011452532201533434,25,0.9195893926432849,0.9550561797752809,0.9606986899563319,0.9532215357458076,0.9324894514767933,0.9442110499194998,0.015583772633598348,25,0.9311111111111111,0.9644444444444444,0.9666666666666667,0.9555555555555555,0.9488888888888889,0.9533333333333334,0.01280432025856705,22,0.8927495291902072,0.9405245588936575,0.9463768115942028,0.9334801762114537,0.9133518518518517,0.9252965855482745,0.019724227737233566,37,0.9311111111111112,0.9644444444444443,0.9666666666666668,0.9555555555555555,0.9488888888888889,0.9533333333333334,0.012804320258567016,22
338,0.019708824157714844,0.006307324531930771,0.03972945213317871,0.000783583436418023,entropy,4,2,3,best,"{'criterion': 'entropy', 'max_depth': 4, 'min_samples_leaf': 2, 'min_samples_split': 3, 'splitter': 'best'}",0.9311111111111111,0.9644444444444444,0.9666666666666667,0.9555555555555556,0.9488888888888889,0.9533333333333335,0.012804320258567054,22,0.9532710280373832,0.9815668202764977,0.9772727272727273,0.9596412556053812,0.9809523809523809,0.970540842428874,0.011767226330049578,25,0.9110169491525424,0.9484978540772532,0.9565217391304348,0.9515418502202643,0.9208333333333333,0.9376823451827654,0.018214919283914603,97,0.9066666666666666,0.9466666666666667,0.9555555555555556,0.9511111111111111,0.9155555555555556,0.9351111111111111,0.01999506111858134,97,0.9555555555555556,0.9822222222222222,0.9777777777777777,0.96,0.9822222222222222,0.9715555555555555,0.011452532201533434,25,0.9195893926432849,0.9550561797752809,0.9606986899563319,0.9532215357458076,0.9324894514767933,0.9442110499194998,0.015583772633598348,25,0.9311111111111111,0.9644444444444444,0.9666666666666667,0.9555555555555555,0.9488888888888889,0.9533333333333334,0.01280432025856705,22,0.8927495291902072,0.9405245588936575,0.9463768115942028,0.9334801762114537,0.9133518518518517,0.9252965855482745,0.019724227737233566,37,0.9311111111111112,0.9644444444444443,0.9666666666666668,0.9555555555555555,0.9488888888888889,0.9533333333333334,0.012804320258567016,22
342,0.019704627990722656,0.006123172023318706,0.04260063171386719,0.0024407049471944584,entropy,4,3,2,best,"{'criterion': 'entropy', 'max_depth': 4, 'min_samples_leaf': 3, 'min_samples_split': 2, 'splitter': 'best'}",0.9311111111111111,0.9644444444444444,0.9666666666666667,0.9555555555555556,0.9488888888888889,0.9533333333333335,0.012804320258567054,22,0.9532710280373832,0.9815668202764977,0.9772727272727273,0.9596412556053812,0.9809523809523809,0.970540842428874,0.011767226330049578,25,0.9110169491525424,0.9484978540772532,0.9565217391304348,0.9515418502202643,0.9208333333333333,0.9376823451827654,0.018214919283914603,97,0.9066666666666666,0.9466666666666667,0.9555555555555556,0.9511111111111111,0.9155555555555556,0.9351111111111111,0.01999506111858134,97,0.9555555555555556,0.9822222222222222,0.9777777777777777,0.96,0.9822222222222222,0.9715555555555555,0.011452532201533434,25,0.9195893926432849,0.9550561797752809,0.9606986899563319,0.9532215357458076,0.9324894514767933,0.9442110499194998,0.015583772633598348,25,0.9311111111111111,0.9644444444444444,0.9666666666666667,0.9555555555555555,0.9488888888888889,0.9533333333333334,0.01280432025856705,22,0.8927495291902072,0.9405245588936575,0.9463768115942028,0.9334801762114537,0.9133518518518517,0.9252965855482745,0.019724227737233566,37,0.9311111111111112,0.9644444444444443,0.9666666666666668,0.9555555555555555,0.9488888888888889,0.9533333333333334,0.012804320258567016,22
536,0.020559120178222656,0.003173024576308605,0.04540896415710449,0.008589475047678624,log_loss,4,3,3,best,"{'criterion': 'log_loss', 'max_depth': 4, 'min_samples_leaf': 3, 'min_samples_split': 3, 'splitter': 'best'}",0.9311111111111111,0.9644444444444444,0.9666666666666667,0.9555555555555556,0.9488888888888889,0.9533333333333335,0.012804320258567054,22,0.9532710280373832,0.9815668202764977,0.9772727272727273,0.9596412556053812,0.9809523809523809,0.970540842428874,0.011767226330049578,25,0.9110169491525424,0.9484978540772532,0.9565217391304348,0.9515418502202643,0.9208333333333333,0.9376823451827654,0.018214919283914603,97,0.9066666666666666,0.9466666666666667,0.9555555555555556,0.9511111111111111,0.9155555555555556,0.9351111111111111,0.01999506111858134,97,0.9555555555555556,0.9822222222222222,0.9777777777777777,0.96,0.9822222222222222,0.9715555555555555,0.011452532201533434,25,0.9195893926432849,0.9550561797752809,0.9606986899563319,0.9532215357458076,0.9324894514767933,0.9442110499194998,0.015583772633598348,25,0.9311111111111111,0.9644444444444444,0.9666666666666667,0.9555555555555555,0.9488888888888889,0.9533333333333334,0.01280432025856705,22,0.8927495291902072,0.9405245588936575,0.9463768115942028,0.9334801762114537,0.9133518518518517,0.9252965855482745,0.019724227737233566,37,0.9311111111111112,0.9644444444444443,0.9666666666666668,0.9555555555555555,0.9488888888888889,0.9533333333333334,0.012804320258567016,22
530,0.020099163055419922,0.00032493655209636353,0.04190282821655274,0.001389254707774444,log_loss,4,2,3,best,"{'criterion': 'log_loss', 'max_depth': 4, 'min_samples_leaf': 2, 'min_samples_split': 3, 'splitter': 'best'}",0.9311111111111111,0.9644444444444444,0.9666666666666667,0.9555555555555556,0.9488888888888889,0.9533333333333335,0.012804320258567054,22,0.9532710280373832,0.9815668202764977,0.9772727272727273,0.9596412556053812,0.9809523809523809,0.970540842428874,0.011767226330049578,25,0.9110169491525424,0.9484978540772532,0.9565217391304348,0.9515418502202643,0.9208333333333333,0.9376823451827654,0.018214919283914603,97,0.9066666666666666,0.9466666666666667,0.9555555555555556,0.9511111111111111,0.9155555555555556,0.9351111111111111,0.01999506111858134,97,0.9555555555555556,0.9822222222222222,0.9777777777777777,0.96,0.9822222222222222,0.9715555555555555,0.011452532201533434,25,0.9195893926432849,0.9550561797752809,0.9606986899563319,0.9532215357458076,0.9324894514767933,0.9442110499194998,0.015583772633598348,25,0.9311111111111111,0.9644444444444444,0.9666666666666667,0.9555555555555555,0.9488888888888889,0.9533333333333334,0.01280432025856705,22,0.8927495291902072,0.9405245588936575,0.9463768115942028,0.9334801762114537,0.9133518518518517,0.9252965855482745,0.019724227737233566,37,0.9311111111111112,0.9644444444444443,0.9666666666666668,0.9555555555555555,0.9488888888888889,0.9533333333333334,0.012804320258567016,22
352,0.019297075271606446,0.0018399683634000728,0.03941998481750488,0.0017171150945725082,entropy,4,4,4,best,"{'criterion': 'entropy', 'max_depth': 4, 'min_samples_leaf': 4, 'min_samples_split': 4, 'splitter': 'best'}",0.9311111111111111,0.9644444444444444,0.9666666666666667,0.9555555555555556,0.9488888888888889,0.9533333333333335,0.012804320258567054,22,0.9532710280373832,0.9815668202764977,0.9772727272727273,0.9596412556053812,0.9809523809523809,0.970540842428874,0.011767226330049578,25,0.9110169491525424,0.9484978540772532,0.9565217391304348,0.9515418502202643,0.9208333333333333,0.9376823451827654,0.018214919283914603,97,0.9066666666666666,0.9466666666666667,0.9555555555555556,0.9511111111111111,0.9155555555555556,0.9351111111111111,0.01999506111858134,97,0.9555555555555556,0.9822222222222222,0.9777777777777777,0.96,0.9822222222222222,0.9715555555555555,0.011452532201533434,25,0.9195893926432849,0.9550561797752809,0.9606986899563319,0.9532215357458076,0.9324894514767933,0.9442110499194998,0.015583772633598348,25,0.9311111111111111,0.9644444444444444,0.9666666666666667,0.9555555555555555,0.9488888888888889,0.9533333333333334,0.01280432025856705,22,0.8927495291902072,0.9405245588936575,0.9463768115942028,0.9334801762114537,0.9133518518518517,0.9252965855482745,0.019724227737233566,37,0.9311111111111112,0.9644444444444443,0.9666666666666668,0.9555555555555555,0.9488888888888889,0.9533333333333334,0.012804320258567016,22
532,0.01958317756652832,0.0048879300839415165,0.04176206588745117,0.004960156309889014,log_loss,4,2,4,best,"{'criterion': 'log_loss', 'max_depth': 4, 'min_samples_leaf': 2, 'min_samples_split': 4, 'splitter': 'best'}",0.9311111111111111,0.9644444444444444,0.9666666666666667,0.9555555555555556,0.9488888888888889,0.9533333333333335,0.012804320258567054,22,0.9532710280373832,0.9815668202764977,0.9772727272727273,0.9596412556053812,0.9809523809523809,0.970540842428874,0.011767226330049578,25,0.9110169491525424,0.9484978540772532,0.9565217391304348,0.9515418502202643,0.9208333333333333,0.9376823451827654,0.018214919283914603,97,0.9066666666666666,0.9466666666666667,0.9555555555555556,0.9511111111111111,0.9155555555555556,0.9351111111111111,0.01999506111858134,97,0.9555555555555556,0.9822222222222222,0.9777777777777777,0.96,0.9822222222222222,0.9715555555555555,0.011452532201533434,25,0.9195893926432849,0.9550561797752809,0.9606986899563319,0.9532215357458076,0.9324894514767933,0.9442110499194998,0.015583772633598348,25,0.9311111111111111,0.9644444444444444,0.9666666666666667,0.9555555555555555,0.9488888888888889,0.9533333333333334,0.01280432025856705,22,0.8927495291902072,0.9405245588936575,0.9463768115942028,0.9334801762114537,0.9133518518518517,0.9252965855482745,0.019724227737233566,37,0.9311111111111112,0.9644444444444443,0.9666666666666668,0.9555555555555555,0.9488888888888889,0.9533333333333334,0.012804320258567016,22
542,0.017597198486328125,0.002253459707476537,0.04102907180786133,0.005799513984605344,log_loss,4,4,3,best,"{'criterion': 'log_loss', 'max_depth': 4, 'min_samples_leaf': 4, 'min_samples_split': 3, 'splitter': 'best'}",0.9311111111111111,0.9644444444444444,0.9666666666666667,0.9555555555555556,0.9488888888888889,0.9533333333333335,0.012804320258567054,22,0.9532710280373832,0.9815668202764977,0.9772727272727273,0.9596412556053812,0.9809523809523809,0.970540842428874,0.011767226330049578,25,0.9110169491525424,0.9484978540772532,0.9565217391304348,0.9515418502202643,0.9208333333333333,0.9376823451827654,0.018214919283914603,97,0.9066666666666666,0.9466666666666667,0.9555555555555556,0.9511111111111111,0.9155555555555556,0.9351111111111111,0.01999506111858134,97,0.9555555555555556,0.9822222222222222,0.9777777777777777,0.96,0.9822222222222222,0.9715555555555555,0.011452532201533434,25,0.9195893926432849,0.9550561797752809,0.9606986899563319,0.9532215357458076,0.9324894514767933,0.9442110499194998,0.015583772633598348,25,0.9311111111111111,0.9644444444444444,0.9666666666666667,0.9555555555555555,0.9488888888888889,0.9533333333333334,0.01280432025856705,22,0.8927495291902072,0.9405245588936575,0.9463768115942028,0.9334801762114537,0.9133518518518517,0.9252965855482745,0.019724227737233566,37,0.9311111111111112,0.9644444444444443,0.9666666666666668,0.9555555555555555,0.9488888888888889,0.9533333333333334,0.012804320258567016,22
336,0.02118544578552246,0.0026901122425327514,0.04093151092529297,0.0007651441191234454,entropy,4,2,2,best,"{'criterion': 'entropy', 'max_depth': 4, 'min_samples_leaf': 2, 'min_samples_split': 2, 'splitter': 'best'}",0.9311111111111111,0.9644444444444444,0.9666666666666667,0.9555555555555556,0.9488888888888889,0.9533333333333335,0.012804320258567054,22,0.9532710280373832,0.9815668202764977,0.9772727272727273,0.9596412556053812,0.9809523809523809,0.970540842428874,0.011767226330049578,25,0.9110169491525424,0.9484978540772532,0.9565217391304348,0.9515418502202643,0.9208333333333333,0.9376823451827654,0.018214919283914603,97,0.9066666666666666,0.9466666666666667,0.9555555555555556,0.9511111111111111,0.9155555555555556,0.9351111111111111,0.01999506111858134,97,0.9555555555555556,0.9822222222222222,0.9777777777777777,0.96,0.9822222222222222,0.9715555555555555,0.011452532201533434,25,0.9195893926432849,0.9550561797752809,0.9606986899563319,0.9532215357458076,0.9324894514767933,0.9442110499194998,0.015583772633598348,25,0.9311111111111111,0.9644444444444444,0.9666666666666667,0.9555555555555555,0.9488888888888889,0.9533333333333334,0.01280432025856705,22,0.8927495291902072,0.9405245588936575,0.9463768115942028,0.9334801762114537,0.9133518518518517,0.9252965855482745,0.019724227737233566,37,0.9311111111111112,0.9644444444444443,0.9666666666666668,0.9555555555555555,0.9488888888888889,0.9533333333333334,0.012804320258567016,22
534,0.019949960708618163,0.006927102562598395,0.040565109252929686,0.0036527788381660715,log_loss,4,3,2,best,"{'criterion': 'log_loss', 'max_depth': 4, 'min_samples_leaf': 3, 'min_samples_split': 2, 'splitter': 'best'}",0.9311111111111111,0.9644444444444444,0.9666666666666667,0.9555555555555556,0.9488888888888889,0.9533333333333335,0.012804320258567054,22,0.9532710280373832,0.9815668202764977,0.9772727272727273,0.9596412556053812,0.9809523809523809,0.970540842428874,0.011767226330049578,25,0.9110169491525424,0.9484978540772532,0.9565217391304348,0.9515418502202643,0.9208333333333333,0.9376823451827654,0.018214919283914603,97,0.9066666666666666,0.9466666666666667,0.9555555555555556,0.9511111111111111,0.9155555555555556,0.9351111111111111,0.01999506111858134,97,0.9555555555555556,0.9822222222222222,0.9777777777777777,0.96,0.9822222222222222,0.9715555555555555,0.011452532201533434,25,0.9195893926432849,0.9550561797752809,0.9606986899563319,0.9532215357458076,0.9324894514767933,0.9442110499194998,0.015583772633598348,25,0.9311111111111111,0.9644444444444444,0.9666666666666667,0.9555555555555555,0.9488888888888889,0.9533333333333334,0.01280432025856705,22,0.8927495291902072,0.9405245588936575,0.9463768115942028,0.9334801762114537,0.9133518518518517,0.9252965855482745,0.019724227737233566,37,0.9311111111111112,0.9644444444444443,0.9666666666666668,0.9555555555555555,0.9488888888888889,0.9533333333333334,0.012804320258567016,22
562,0.023371124267578126,0.010539038496278299,0.04322805404663086,0.002540044703999745,log_loss,4,7,4,best,"{'criterion': 'log_loss', 'max_depth': 4, 'min_samples_leaf': 7, 'min_samples_split': 4, 'splitter': 'best'}",0.9311111111111111,0.9644444444444444,0.9622222222222222,0.9555555555555556,0.9488888888888889,0.9524444444444444,0.011975283186939979,49,0.9532710280373832,0.9815668202764977,0.9684684684684685,0.9596412556053812,0.9809523809523809,0.9687799906680222,0.011276626651401141,55,0.9110169491525424,0.9484978540772532,0.956140350877193,0.9515418502202643,0.9208333333333333,0.9376060675321172,0.01813649658063936,121,0.9066666666666666,0.9466666666666667,0.9555555555555556,0.9511111111111111,0.9155555555555556,0.9351111111111111,0.01999506111858134,97,0.9555555555555556,0.9822222222222222,0.9688888888888889,0.96,0.9822222222222222,0.9697777777777778,0.011030821018658531,55,0.9195893926432849,0.9550561797752809,0.9586631486367634,0.9532215357458076,0.9324894514767933,0.943803941655586,0.015168797217545577,49,0.9311111111111111,0.9644444444444444,0.9622222222222223,0.9555555555555555,0.9488888888888889,0.9524444444444444,0.011975283186939991,49,0.8927495291902072,0.9405245588936575,0.9419493177387914,0.9334801762114537,0.9133518518518517,0.9244110867771923,0.018837424548196455,61,0.9311111111111112,0.9644444444444443,0.9622222222222223,0.9555555555555555,0.9488888888888889,0.9524444444444444,0.01197528318693993,49
566,0.019590139389038086,0.002801507940278704,0.04333915710449219,0.006046133493494232,log_loss,4,8,3,best,"{'criterion': 'log_loss', 'max_depth': 4, 'min_samples_leaf': 8, 'min_samples_split': 3, 'splitter': 'best'}",0.9311111111111111,0.9644444444444444,0.9622222222222222,0.9555555555555556,0.9488888888888889,0.9524444444444444,0.011975283186939979,49,0.9532710280373832,0.9815668202764977,0.9684684684684685,0.9596412556053812,0.9809523809523809,0.9687799906680222,0.011276626651401141,55,0.9110169491525424,0.9484978540772532,0.956140350877193,0.9515418502202643,0.9208333333333333,0.9376060675321172,0.01813649658063936,121,0.9066666666666666,0.9466666666666667,0.9555555555555556,0.9511111111111111,0.9155555555555556,0.9351111111111111,0.01999506111858134,97,0.9555555555555556,0.9822222222222222,0.9688888888888889,0.96,0.9822222222222222,0.9697777777777778,0.011030821018658531,55,0.9195893926432849,0.9550561797752809,0.9586631486367634,0.9532215357458076,0.9324894514767933,0.943803941655586,0.015168797217545577,49,0.9311111111111111,0.9644444444444444,0.9622222222222223,0.9555555555555555,0.9488888888888889,0.9524444444444444,0.011975283186939991,49,0.8927495291902072,0.9405245588936575,0.9419493177387914,0.9334801762114537,0.9133518518518517,0.9244110867771923,0.018837424548196455,61,0.9311111111111112,0.9644444444444443,0.9622222222222223,0.9555555555555555,0.9488888888888889,0.9524444444444444,0.01197528318693993,49
564,0.017910099029541014,0.0036223807164642097,0.04396424293518066,0.003614245861307082,log_loss,4,8,2,best,"{'criterion': 'log_loss', 'max_depth': 4, 'min_samples_leaf': 8, 'min_samples_split': 2, 'splitter': 'best'}",0.9311111111111111,0.9644444444444444,0.9622222222222222,0.9555555555555556,0.9488888888888889,0.9524444444444444,0.011975283186939979,49,0.9532710280373832,0.9815668202764977,0.9684684684684685,0.9596412556053812,0.9809523809523809,0.9687799906680222,0.011276626651401141,55,0.9110169491525424,0.9484978540772532,0.956140350877193,0.9515418502202643,0.9208333333333333,0.9376060675321172,0.01813649658063936,121,0.9066666666666666,0.9466666666666667,0.9555555555555556,0.9511111111111111,0.9155555555555556,0.9351111111111111,0.01999506111858134,97,0.9555555555555556,0.9822222222222222,0.9688888888888889,0.96,0.9822222222222222,0.9697777777777778,0.011030821018658531,55,0.9195893926432849,0.9550561797752809,0.9586631486367634,0.9532215357458076,0.9324894514767933,0.943803941655586,0.015168797217545577,49,0.9311111111111111,0.9644444444444444,0.9622222222222223,0.9555555555555555,0.9488888888888889,0.9524444444444444,0.011975283186939991,49,0.8927495291902072,0.9405245588936575,0.9419493177387914,0.9334801762114537,0.9133518518518517,0.9244110867771923,0.018837424548196455,61,0.9311111111111112,0.9644444444444443,0.9622222222222223,0.9555555555555555,0.9488888888888889,0.9524444444444444,0.01197528318693993,49
376,0.019490575790405272,0.0015975167718960594,0.03919172286987305,0.004821791884149134,entropy,4,8,4,best,"{'criterion': 'entropy', 'max_depth': 4, 'min_samples_leaf': 8, 'min_samples_split': 4, 'splitter': 'best'}",0.9311111111111111,0.9644444444444444,0.9622222222222222,0.9555555555555556,0.9488888888888889,0.9524444444444444,0.011975283186939979,49,0.9532710280373832,0.9815668202764977,0.9684684684684685,0.9596412556053812,0.9809523809523809,0.9687799906680222,0.011276626651401141,55,0.9110169491525424,0.9484978540772532,0.956140350877193,0.9515418502202643,0.9208333333333333,0.9376060675321172,0.01813649658063936,121,0.9066666666666666,0.9466666666666667,0.9555555555555556,0.9511111111111111,0.9155555555555556,0.9351111111111111,0.01999506111858134,97,0.9555555555555556,0.9822222222222222,0.9688888888888889,0.96,0.9822222222222222,0.9697777777777778,0.011030821018658531,55,0.9195893926432849,0.9550561797752809,0.9586631486367634,0.9532215357458076,0.9324894514767933,0.943803941655586,0.015168797217545577,49,0.9311111111111111,0.9644444444444444,0.9622222222222223,0.9555555555555555,0.9488888888888889,0.9524444444444444,0.011975283186939991,49,0.8927495291902072,0.9405245588936575,0.9419493177387914,0.9334801762114537,0.9133518518518517,0.9244110867771923,0.018837424548196455,61,0.9311111111111112,0.9644444444444443,0.9622222222222223,0.9555555555555555,0.9488888888888889,0.9524444444444444,0.01197528318693993,49
560,0.015669488906860353,0.005370286432889146,0.04619088172912598,0.004018487022033801,log_loss,4,7,3,best,"{'criterion': 'log_loss', 'max_depth': 4, 'min_samples_leaf': 7, 'min_samples_split': 3, 'splitter': 'best'}",0.9311111111111111,0.9644444444444444,0.9622222222222222,0.9555555555555556,0.9488888888888889,0.9524444444444444,0.011975283186939979,49,0.9532710280373832,0.9815668202764977,0.9684684684684685,0.9596412556053812,0.9809523809523809,0.9687799906680222,0.011276626651401141,55,0.9110169491525424,0.9484978540772532,0.956140350877193,0.9515418502202643,0.9208333333333333,0.9376060675321172,0.01813649658063936,121,0.9066666666666666,0.9466666666666667,0.9555555555555556,0.9511111111111111,0.9155555555555556,0.9351111111111111,0.01999506111858134,97,0.9555555555555556,0.9822222222222222,0.9688888888888889,0.96,0.9822222222222222,0.9697777777777778,0.011030821018658531,55,0.9195893926432849,0.9550561797752809,0.9586631486367634,0.9532215357458076,0.9324894514767933,0.943803941655586,0.015168797217545577,49,0.9311111111111111,0.9644444444444444,0.9622222222222223,0.9555555555555555,0.9488888888888889,0.9524444444444444,0.011975283186939991,49,0.8927495291902072,0.9405245588936575,0.9419493177387914,0.9334801762114537,0.9133518518518517,0.9244110867771923,0.018837424548196455,61,0.9311111111111112,0.9644444444444443,0.9622222222222223,0.9555555555555555,0.9488888888888889,0.9524444444444444,0.01197528318693993,49
362,0.02360191345214844,0.009993483526043853,0.043928670883178714,0.0063718483559097065,entropy,4,6,3,best,"{'criterion': 'entropy', 'max_depth': 4, 'min_samples_leaf': 6, 'min_samples_split': 3, 'splitter': 'best'}",0.9311111111111111,0.9644444444444444,0.9622222222222222,0.9555555555555556,0.9488888888888889,0.9524444444444444,0.011975283186939979,49,0.9532710280373832,0.9815668202764977,0.9684684684684685,0.9596412556053812,0.9809523809523809,0.9687799906680222,0.011276626651401141,55,0.9110169491525424,0.9484978540772532,0.956140350877193,0.9515418502202643,0.9208333333333333,0.9376060675321172,0.01813649658063936,121,0.9066666666666666,0.9466666666666667,0.9555555555555556,0.9511111111111111,0.9155555555555556,0.9351111111111111,0.01999506111858134,97,0.9555555555555556,0.9822222222222222,0.9688888888888889,0.96,0.9822222222222222,0.9697777777777778,0.011030821018658531,55,0.9195893926432849,0.9550561797752809,0.9586631486367634,0.9532215357458076,0.9324894514767933,0.943803941655586,0.015168797217545577,49,0.9311111111111111,0.9644444444444444,0.9622222222222223,0.9555555555555555,0.9488888888888889,0.9524444444444444,0.011975283186939991,49,0.8927495291902072,0.9405245588936575,0.9419493177387914,0.9334801762114537,0.9133518518518517,0.9244110867771923,0.018837424548196455,61,0.9311111111111112,0.9644444444444443,0.9622222222222223,0.9555555555555555,0.9488888888888889,0.9524444444444444,0.01197528318693993,49
370,0.0234682559967041,0.0064071391700843885,0.047548961639404294,0.008502446582037077,entropy,4,7,4,best,"{'criterion': 'entropy', 'max_depth': 4, 'min_samples_leaf': 7, 'min_samples_split': 4, 'splitter': 'best'}",0.9311111111111111,0.9644444444444444,0.9622222222222222,0.9555555555555556,0.9488888888888889,0.9524444444444444,0.011975283186939979,49,0.9532710280373832,0.9815668202764977,0.9684684684684685,0.9596412556053812,0.9809523809523809,0.9687799906680222,0.011276626651401141,55,0.9110169491525424,0.9484978540772532,0.956140350877193,0.9515418502202643,0.9208333333333333,0.9376060675321172,0.01813649658063936,121,0.9066666666666666,0.9466666666666667,0.9555555555555556,0.9511111111111111,0.9155555555555556,0.9351111111111111,0.01999506111858134,97,0.9555555555555556,0.9822222222222222,0.9688888888888889,0.96,0.9822222222222222,0.9697777777777778,0.011030821018658531,55,0.9195893926432849,0.9550561797752809,0.9586631486367634,0.9532215357458076,0.9324894514767933,0.943803941655586,0.015168797217545577,49,0.9311111111111111,0.9644444444444444,0.9622222222222223,0.9555555555555555,0.9488888888888889,0.9524444444444444,0.011975283186939991,49,0.8927495291902072,0.9405245588936575,0.9419493177387914,0.9334801762114537,0.9133518518518517,0.9244110867771923,0.018837424548196455,61,0.9311111111111112,0.9644444444444443,0.9622222222222223,0.9555555555555555,0.9488888888888889,0.9524444444444444,0.01197528318693993,49
364,0.02327561378479004,0.006419062448623399,0.03855938911437988,0.0054980757199199004,entropy,4,6,4,best,"{'criterion': 'entropy', 'max_depth': 4, 'min_samples_leaf': 6, 'min_samples_split': 4, 'splitter': 'best'}",0.9311111111111111,0.9644444444444444,0.9622222222222222,0.9555555555555556,0.9488888888888889,0.9524444444444444,0.011975283186939979,49,0.9532710280373832,0.9815668202764977,0.9684684684684685,0.9596412556053812,0.9809523809523809,0.9687799906680222,0.011276626651401141,55,0.9110169491525424,0.9484978540772532,0.956140350877193,0.9515418502202643,0.9208333333333333,0.9376060675321172,0.01813649658063936,121,0.9066666666666666,0.9466666666666667,0.9555555555555556,0.9511111111111111,0.9155555555555556,0.9351111111111111,0.01999506111858134,97,0.9555555555555556,0.9822222222222222,0.9688888888888889,0.96,0.9822222222222222,0.9697777777777778,0.011030821018658531,55,0.9195893926432849,0.9550561797752809,0.9586631486367634,0.9532215357458076,0.9324894514767933,0.943803941655586,0.015168797217545577,49,0.9311111111111111,0.9644444444444444,0.9622222222222223,0.9555555555555555,0.9488888888888889,0.9524444444444444,0.011975283186939991,49,0.8927495291902072,0.9405245588936575,0.9419493177387914,0.9334801762114537,0.9133518518518517,0.9244110867771923,0.018837424548196455,61,0.9311111111111112,0.9644444444444443,0.9622222222222223,0.9555555555555555,0.9488888888888889,0.9524444444444444,0.01197528318693993,49
556,0.016100978851318358,0.005339892623787812,0.045003318786621095,0.008109029387529965,log_loss,4,6,4,best,"{'criterion': 'log_loss', 'max_depth': 4, 'min_samples_leaf': 6, 'min_samples_split': 4, 'splitter': 'best'}",0.9311111111111111,0.9644444444444444,0.9622222222222222,0.9555555555555556,0.9488888888888889,0.9524444444444444,0.011975283186939979,49,0.9532710280373832,0.9815668202764977,0.9684684684684685,0.9596412556053812,0.9809523809523809,0.9687799906680222,0.011276626651401141,55,0.9110169491525424,0.9484978540772532,0.956140350877193,0.9515418502202643,0.9208333333333333,0.9376060675321172,0.01813649658063936,121,0.9066666666666666,0.9466666666666667,0.9555555555555556,0.9511111111111111,0.9155555555555556,0.9351111111111111,0.01999506111858134,97,0.9555555555555556,0.9822222222222222,0.9688888888888889,0.96,0.9822222222222222,0.9697777777777778,0.011030821018658531,55,0.9195893926432849,0.9550561797752809,0.9586631486367634,0.9532215357458076,0.9324894514767933,0.943803941655586,0.015168797217545577,49,0.9311111111111111,0.9644444444444444,0.9622222222222223,0.9555555555555555,0.9488888888888889,0.9524444444444444,0.011975283186939991,49,0.8927495291902072,0.9405245588936575,0.9419493177387914,0.9334801762114537,0.9133518518518517,0.9244110867771923,0.018837424548196455,61,0.9311111111111112,0.9644444444444443,0.9622222222222223,0.9555555555555555,0.9488888888888889,0.9524444444444444,0.01197528318693993,49
554,0.017705488204956054,0.0021677987038818346,0.0408689022064209,0.0017366652733145649,log_loss,4,6,3,best,"{'criterion': 'log_loss', 'max_depth': 4, 'min_samples_leaf': 6, 'min_samples_split': 3, 'splitter': 'best'}",0.9311111111111111,0.9644444444444444,0.9622222222222222,0.9555555555555556,0.9488888888888889,0.9524444444444444,0.011975283186939979,49,0.9532710280373832,0.9815668202764977,0.9684684684684685,0.9596412556053812,0.9809523809523809,0.9687799906680222,0.011276626651401141,55,0.9110169491525424,0.9484978540772532,0.956140350877193,0.9515418502202643,0.9208333333333333,0.9376060675321172,0.01813649658063936,121,0.9066666666666666,0.9466666666666667,0.9555555555555556,0.9511111111111111,0.9155555555555556,0.9351111111111111,0.01999506111858134,97,0.9555555555555556,0.9822222222222222,0.9688888888888889,0.96,0.9822222222222222,0.9697777777777778,0.011030821018658531,55,0.9195893926432849,0.9550561797752809,0.9586631486367634,0.9532215357458076,0.9324894514767933,0.943803941655586,0.015168797217545577,49,0.9311111111111111,0.9644444444444444,0.9622222222222223,0.9555555555555555,0.9488888888888889,0.9524444444444444,0.011975283186939991,49,0.8927495291902072,0.9405245588936575,0.9419493177387914,0.9334801762114537,0.9133518518518517,0.9244110867771923,0.018837424548196455,61,0.9311111111111112,0.9644444444444443,0.9622222222222223,0.9555555555555555,0.9488888888888889,0.9524444444444444,0.01197528318693993,49
372,0.017922067642211915,0.0038801037484954186,0.04659080505371094,0.005913985977473556,entropy,4,8,2,best,"{'criterion': 'entropy', 'max_depth': 4, 'min_samples_leaf': 8, 'min_samples_split': 2, 'splitter': 'best'}",0.9311111111111111,0.9644444444444444,0.9622222222222222,0.9555555555555556,0.9488888888888889,0.9524444444444444,0.011975283186939979,49,0.9532710280373832,0.9815668202764977,0.9684684684684685,0.9596412556053812,0.9809523809523809,0.9687799906680222,0.011276626651401141,55,0.9110169491525424,0.9484978540772532,0.956140350877193,0.9515418502202643,0.9208333333333333,0.9376060675321172,0.01813649658063936,121,0.9066666666666666,0.9466666666666667,0.9555555555555556,0.9511111111111111,0.9155555555555556,0.9351111111111111,0.01999506111858134,97,0.9555555555555556,0.9822222222222222,0.9688888888888889,0.96,0.9822222222222222,0.9697777777777778,0.011030821018658531,55,0.9195893926432849,0.9550561797752809,0.9586631486367634,0.9532215357458076,0.9324894514767933,0.943803941655586,0.015168797217545577,49,0.9311111111111111,0.9644444444444444,0.9622222222222223,0.9555555555555555,0.9488888888888889,0.9524444444444444,0.011975283186939991,49,0.8927495291902072,0.9405245588936575,0.9419493177387914,0.9334801762114537,0.9133518518518517,0.9244110867771923,0.018837424548196455,61,0.9311111111111112,0.9644444444444443,0.9622222222222223,0.9555555555555555,0.9488888888888889,0.9524444444444444,0.01197528318693993,49
552,0.013962602615356446,0.003995329034906361,0.049407434463500974,0.00296636767273981,log_loss,4,6,2,best,"{'criterion': 'log_loss', 'max_depth': 4, 'min_samples_leaf': 6, 'min_samples_split': 2, 'splitter': 'best'}",0.9311111111111111,0.9644444444444444,0.9622222222222222,0.9555555555555556,0.9488888888888889,0.9524444444444444,0.011975283186939979,49,0.9532710280373832,0.9815668202764977,0.9684684684684685,0.9596412556053812,0.9809523809523809,0.9687799906680222,0.011276626651401141,55,0.9110169491525424,0.9484978540772532,0.956140350877193,0.9515418502202643,0.9208333333333333,0.9376060675321172,0.01813649658063936,121,0.9066666666666666,0.9466666666666667,0.9555555555555556,0.9511111111111111,0.9155555555555556,0.9351111111111111,0.01999506111858134,97,0.9555555555555556,0.9822222222222222,0.9688888888888889,0.96,0.9822222222222222,0.9697777777777778,0.011030821018658531,55,0.9195893926432849,0.9550561797752809,0.9586631486367634,0.9532215357458076,0.9324894514767933,0.943803941655586,0.015168797217545577,49,0.9311111111111111,0.9644444444444444,0.9622222222222223,0.9555555555555555,0.9488888888888889,0.9524444444444444,0.011975283186939991,49,0.8927495291902072,0.9405245588936575,0.9419493177387914,0.9334801762114537,0.9133518518518517,0.9244110867771923,0.018837424548196455,61,0.9311111111111112,0.9644444444444443,0.9622222222222223,0.9555555555555555,0.9488888888888889,0.9524444444444444,0.01197528318693993,49
360,0.0182645320892334,0.00417169318726701,0.04774408340454102,0.004742923937836339,entropy,4,6,2,best,"{'criterion': 'entropy', 'max_depth': 4, 'min_samples_leaf': 6, 'min_samples_split': 2, 'splitter': 'best'}",0.9311111111111111,0.9644444444444444,0.9622222222222222,0.9555555555555556,0.9488888888888889,0.9524444444444444,0.011975283186939979,49,0.9532710280373832,0.9815668202764977,0.9684684684684685,0.9596412556053812,0.9809523809523809,0.9687799906680222,0.011276626651401141,55,0.9110169491525424,0.9484978540772532,0.956140350877193,0.9515418502202643,0.9208333333333333,0.9376060675321172,0.01813649658063936,121,0.9066666666666666,0.9466666666666667,0.9555555555555556,0.9511111111111111,0.9155555555555556,0.9351111111111111,0.01999506111858134,97,0.9555555555555556,0.9822222222222222,0.9688888888888889,0.96,0.9822222222222222,0.9697777777777778,0.011030821018658531,55,0.9195893926432849,0.9550561797752809,0.9586631486367634,0.9532215357458076,0.9324894514767933,0.943803941655586,0.015168797217545577,49,0.9311111111111111,0.9644444444444444,0.9622222222222223,0.9555555555555555,0.9488888888888889,0.9524444444444444,0.011975283186939991,49,0.8927495291902072,0.9405245588936575,0.9419493177387914,0.9334801762114537,0.9133518518518517,0.9244110867771923,0.018837424548196455,61,0.9311111111111112,0.9644444444444443,0.9622222222222223,0.9555555555555555,0.9488888888888889,0.9524444444444444,0.01197528318693993,49
374,0.02027750015258789,0.00022299477189873743,0.045487165451049805,0.00474046859223478,entropy,4,8,3,best,"{'criterion': 'entropy', 'max_depth': 4, 'min_samples_leaf': 8, 'min_samples_split': 3, 'splitter': 'best'}",0.9311111111111111,0.9644444444444444,0.9622222222222222,0.9555555555555556,0.9488888888888889,0.9524444444444444,0.011975283186939979,49,0.9532710280373832,0.9815668202764977,0.9684684684684685,0.9596412556053812,0.9809523809523809,0.9687799906680222,0.011276626651401141,55,0.9110169491525424,0.9484978540772532,0.956140350877193,0.9515418502202643,0.9208333333333333,0.9376060675321172,0.01813649658063936,121,0.9066666666666666,0.9466666666666667,0.9555555555555556,0.9511111111111111,0.9155555555555556,0.9351111111111111,0.01999506111858134,97,0.9555555555555556,0.9822222222222222,0.9688888888888889,0.96,0.9822222222222222,0.9697777777777778,0.011030821018658531,55,0.9195893926432849,0.9550561797752809,0.9586631486367634,0.9532215357458076,0.9324894514767933,0.943803941655586,0.015168797217545577,49,0.9311111111111111,0.9644444444444444,0.9622222222222223,0.9555555555555555,0.9488888888888889,0.9524444444444444,0.011975283186939991,49,0.8927495291902072,0.9405245588936575,0.9419493177387914,0.9334801762114537,0.9133518518518517,0.9244110867771923,0.018837424548196455,61,0.9311111111111112,0.9644444444444443,0.9622222222222223,0.9555555555555555,0.9488888888888889,0.9524444444444444,0.01197528318693993,49
368,0.019613075256347656,0.007923386274915506,0.05017986297607422,0.008467342622569604,entropy,4,7,3,best,"{'criterion': 'entropy', 'max_depth': 4, 'min_samples_leaf': 7, 'min_samples_split': 3, 'splitter': 'best'}",0.9311111111111111,0.9644444444444444,0.9622222222222222,0.9555555555555556,0.9488888888888889,0.9524444444444444,0.011975283186939979,49,0.9532710280373832,0.9815668202764977,0.9684684684684685,0.9596412556053812,0.9809523809523809,0.9687799906680222,0.011276626651401141,55,0.9110169491525424,0.9484978540772532,0.956140350877193,0.9515418502202643,0.9208333333333333,0.9376060675321172,0.01813649658063936,121,0.9066666666666666,0.9466666666666667,0.9555555555555556,0.9511111111111111,0.9155555555555556,0.9351111111111111,0.01999506111858134,97,0.9555555555555556,0.9822222222222222,0.9688888888888889,0.96,0.9822222222222222,0.9697777777777778,0.011030821018658531,55,0.9195893926432849,0.9550561797752809,0.9586631486367634,0.9532215357458076,0.9324894514767933,0.943803941655586,0.015168797217545577,49,0.9311111111111111,0.9644444444444444,0.9622222222222223,0.9555555555555555,0.9488888888888889,0.9524444444444444,0.011975283186939991,49,0.8927495291902072,0.9405245588936575,0.9419493177387914,0.9334801762114537,0.9133518518518517,0.9244110867771923,0.018837424548196455,61,0.9311111111111112,0.9644444444444443,0.9622222222222223,0.9555555555555555,0.9488888888888889,0.9524444444444444,0.01197528318693993,49
366,0.01855463981628418,0.008822807112004278,0.04885706901550293,0.004963509158647369,entropy,4,7,2,best,"{'criterion': 'entropy', 'max_depth': 4, 'min_samples_leaf': 7, 'min_samples_split': 2, 'splitter': 'best'}",0.9311111111111111,0.9644444444444444,0.9622222222222222,0.9555555555555556,0.9488888888888889,0.9524444444444444,0.011975283186939979,49,0.9532710280373832,0.9815668202764977,0.9684684684684685,0.9596412556053812,0.9809523809523809,0.9687799906680222,0.011276626651401141,55,0.9110169491525424,0.9484978540772532,0.956140350877193,0.9515418502202643,0.9208333333333333,0.9376060675321172,0.01813649658063936,121,0.9066666666666666,0.9466666666666667,0.9555555555555556,0.9511111111111111,0.9155555555555556,0.9351111111111111,0.01999506111858134,97,0.9555555555555556,0.9822222222222222,0.9688888888888889,0.96,0.9822222222222222,0.9697777777777778,0.011030821018658531,55,0.9195893926432849,0.9550561797752809,0.9586631486367634,0.9532215357458076,0.9324894514767933,0.943803941655586,0.015168797217545577,49,0.9311111111111111,0.9644444444444444,0.9622222222222223,0.9555555555555555,0.9488888888888889,0.9524444444444444,0.011975283186939991,49,0.8927495291902072,0.9405245588936575,0.9419493177387914,0.9334801762114537,0.9133518518518517,0.9244110867771923,0.018837424548196455,61,0.9311111111111112,0.9644444444444443,0.9622222222222223,0.9555555555555555,0.9488888888888889,0.9524444444444444,0.01197528318693993,49
558,0.0200528621673584,0.005101022106898716,0.04448866844177246,0.00450904783548081,log_loss,4,7,2,best,"{'criterion': 'log_loss', 'max_depth': 4, 'min_samples_leaf': 7, 'min_samples_split': 2, 'splitter': 'best'}",0.9311111111111111,0.9644444444444444,0.9622222222222222,0.9555555555555556,0.9488888888888889,0.9524444444444444,0.011975283186939979,49,0.9532710280373832,0.9815668202764977,0.9684684684684685,0.9596412556053812,0.9809523809523809,0.9687799906680222,0.011276626651401141,55,0.9110169491525424,0.9484978540772532,0.956140350877193,0.9515418502202643,0.9208333333333333,0.9376060675321172,0.01813649658063936,121,0.9066666666666666,0.9466666666666667,0.9555555555555556,0.9511111111111111,0.9155555555555556,0.9351111111111111,0.01999506111858134,97,0.9555555555555556,0.9822222222222222,0.9688888888888889,0.96,0.9822222222222222,0.9697777777777778,0.011030821018658531,55,0.9195893926432849,0.9550561797752809,0.9586631486367634,0.9532215357458076,0.9324894514767933,0.943803941655586,0.015168797217545577,49,0.9311111111111111,0.9644444444444444,0.9622222222222223,0.9555555555555555,0.9488888888888889,0.9524444444444444,0.011975283186939991,49,0.8927495291902072,0.9405245588936575,0.9419493177387914,0.9334801762114537,0.9133518518518517,0.9244110867771923,0.018837424548196455,61,0.9311111111111112,0.9644444444444443,0.9622222222222223,0.9555555555555555,0.9488888888888889,0.9524444444444444,0.01197528318693993,49
568,0.02092599868774414,0.003394664664591661,0.04314665794372559,0.005681084854728578,log_loss,4,8,4,best,"{'criterion': 'log_loss', 'max_depth': 4, 'min_samples_leaf': 8, 'min_samples_split': 4, 'splitter': 'best'}",0.9311111111111111,0.9644444444444444,0.9622222222222222,0.9555555555555556,0.9488888888888889,0.9524444444444444,0.011975283186939979,49,0.9532710280373832,0.9815668202764977,0.9684684684684685,0.9596412556053812,0.9809523809523809,0.9687799906680222,0.011276626651401141,55,0.9110169491525424,0.9484978540772532,0.956140350877193,0.9515418502202643,0.9208333333333333,0.9376060675321172,0.01813649658063936,121,0.9066666666666666,0.9466666666666667,0.9555555555555556,0.9511111111111111,0.9155555555555556,0.9351111111111111,0.01999506111858134,97,0.9555555555555556,0.9822222222222222,0.9688888888888889,0.96,0.9822222222222222,0.9697777777777778,0.011030821018658531,55,0.9195893926432849,0.9550561797752809,0.9586631486367634,0.9532215357458076,0.9324894514767933,0.943803941655586,0.015168797217545577,49,0.9311111111111111,0.9644444444444444,0.9622222222222223,0.9555555555555555,0.9488888888888889,0.9524444444444444,0.011975283186939991,49,0.8927495291902072,0.9405245588936575,0.9419493177387914,0.9334801762114537,0.9133518518518517,0.9244110867771923,0.018837424548196455,61,0.9311111111111112,0.9644444444444443,0.9622222222222223,0.9555555555555555,0.9488888888888889,0.9524444444444444,0.01197528318693993,49
148,0.016161584854125978,0.004017842994721103,0.04629769325256348,0.009729240590414615,gini,4,2,4,best,"{'criterion': 'gini', 'max_depth': 4, 'min_samples_leaf': 2, 'min_samples_split': 4, 'splitter': 'best'}",0.9177777777777778,0.9733333333333334,0.9666666666666667,0.96,0.9533333333333334,0.9542222222222222,0.01940344884706051,1,0.9607843137254902,0.9819004524886877,0.9772727272727273,0.9859154929577465,0.9857142857142858,0.9783174544317875,0.009314329341430326,1,0.8821138211382114,0.9650655021834061,0.9565217391304348,0.9367088607594937,0.925,0.9330819846423093,0.02914993612985674,154,0.8711111111111111,0.9644444444444444,0.9555555555555556,0.9333333333333333,0.92,0.928888888888889,0.032900898708127575,154,0.9644444444444444,0.9822222222222222,0.9777777777777777,0.9866666666666667,0.9866666666666667,0.9795555555555555,0.008243216440440638,1,0.8974358974358975,0.9684487291849255,0.9606986899563319,0.9462915601023018,0.9367088607594937,0.9419167474877901,0.024825448662993205,82,0.9177777777777778,0.9733333333333334,0.9666666666666667,0.96,0.9533333333333334,0.9542222222222222,0.01940344884706051,1,0.868527551942186,0.9567976710334789,0.9463768115942028,0.9308860759493671,0.9193333333333333,0.9243842887705137,0.030731283234945263,79,0.9177777777777778,0.9733333333333333,0.9666666666666668,0.9600000000000001,0.9533333333333334,0.9542222222222222,0.01940344884706051,1
146,0.012668561935424805,0.0017176121973839981,0.04182190895080566,0.007954801696144759,gini,4,2,3,best,"{'criterion': 'gini', 'max_depth': 4, 'min_samples_leaf': 2, 'min_samples_split': 3, 'splitter': 'best'}",0.9177777777777778,0.9733333333333334,0.9666666666666667,0.96,0.9533333333333334,0.9542222222222222,0.01940344884706051,1,0.9607843137254902,0.9819004524886877,0.9772727272727273,0.9859154929577465,0.9857142857142858,0.9783174544317875,0.009314329341430326,1,0.8821138211382114,0.9650655021834061,0.9565217391304348,0.9367088607594937,0.925,0.9330819846423093,0.02914993612985674,154,0.8711111111111111,0.9644444444444444,0.9555555555555556,0.9333333333333333,0.92,0.928888888888889,0.032900898708127575,154,0.9644444444444444,0.9822222222222222,0.9777777777777777,0.9866666666666667,0.9866666666666667,0.9795555555555555,0.008243216440440638,1,0.8974358974358975,0.9684487291849255,0.9606986899563319,0.9462915601023018,0.9367088607594937,0.9419167474877901,0.024825448662993205,82,0.9177777777777778,0.9733333333333334,0.9666666666666667,0.96,0.9533333333333334,0.9542222222222222,0.01940344884706051,1,0.868527551942186,0.9567976710334789,0.9463768115942028,0.9308860759493671,0.9193333333333333,0.9243842887705137,0.030731283234945263,79,0.9177777777777778,0.9733333333333333,0.9666666666666668,0.9600000000000001,0.9533333333333334,0.9542222222222222,0.01940344884706051,1
144,0.016961050033569337,0.004296055170071885,0.04329447746276856,0.002552350874177127,gini,4,2,2,best,"{'criterion': 'gini', 'max_depth': 4, 'min_samples_leaf': 2, 'min_samples_split': 2, 'splitter': 'best'}",0.9177777777777778,0.9733333333333334,0.9666666666666667,0.96,0.9533333333333334,0.9542222222222222,0.01940344884706051,1,0.9607843137254902,0.9819004524886877,0.9772727272727273,0.9859154929577465,0.9857142857142858,0.9783174544317875,0.009314329341430326,1,0.8821138211382114,0.9650655021834061,0.9565217391304348,0.9367088607594937,0.925,0.9330819846423093,0.02914993612985674,154,0.8711111111111111,0.9644444444444444,0.9555555555555556,0.9333333333333333,0.92,0.928888888888889,0.032900898708127575,154,0.9644444444444444,0.9822222222222222,0.9777777777777777,0.9866666666666667,0.9866666666666667,0.9795555555555555,0.008243216440440638,1,0.8974358974358975,0.9684487291849255,0.9606986899563319,0.9462915601023018,0.9367088607594937,0.9419167474877901,0.024825448662993205,82,0.9177777777777778,0.9733333333333334,0.9666666666666667,0.96,0.9533333333333334,0.9542222222222222,0.01940344884706051,1,0.868527551942186,0.9567976710334789,0.9463768115942028,0.9308860759493671,0.9193333333333333,0.9243842887705137,0.030731283234945263,79,0.9177777777777778,0.9733333333333333,0.9666666666666668,0.9600000000000001,0.9533333333333334,0.9542222222222222,0.01940344884706051,1
186,0.022796058654785158,0.007268279747666193,0.04911365509033203,0.011877201934479897,gini,4,9,2,best,"{'criterion': 'gini', 'max_depth': 4, 'min_samples_leaf': 9, 'min_samples_split': 2, 'splitter': 'best'}",0.9177777777777778,0.9755555555555555,0.9622222222222222,0.96,0.9533333333333334,0.9537777777777778,0.01939326598157458,16,0.9607843137254902,0.9819819819819819,0.9684684684684685,0.9859154929577465,0.9857142857142858,0.9765729085695944,0.010149565614703301,7,0.8821138211382114,0.9692982456140351,0.956140350877193,0.9367088607594937,0.925,0.9338522556777866,0.03005516801470949,151,0.8711111111111111,0.9688888888888889,0.9555555555555556,0.9333333333333333,0.92,0.9297777777777778,0.03389453504877801,151,0.9644444444444444,0.9822222222222222,0.9688888888888889,0.9866666666666667,0.9866666666666667,0.9777777777777779,0.009322745317068021,7,0.8974358974358975,0.9718557607739666,0.9586631486367634,0.9462915601023018,0.9367088607594937,0.9421910455416846,0.02530303286883274,79,0.9177777777777778,0.9755555555555555,0.9622222222222223,0.96,0.9533333333333334,0.9537777777777778,0.01939326598157459,16,0.868527551942186,0.9609551656920079,0.9419493177387914,0.9308860759493671,0.9193333333333333,0.9243302889311371,0.031092459336652008,82,0.9177777777777778,0.9755555555555555,0.9622222222222223,0.9600000000000001,0.9533333333333334,0.9537777777777778,0.019393265981574596,16
188,0.019194984436035158,0.003571668064341372,0.06015486717224121,0.014792112451215955,gini,4,9,3,best,"{'criterion': 'gini', 'max_depth': 4, 'min_samples_leaf': 9, 'min_samples_split': 3, 'splitter': 'best'}",0.9177777777777778,0.9755555555555555,0.9622222222222222,0.96,0.9533333333333334,0.9537777777777778,0.01939326598157458,16,0.9607843137254902,0.9819819819819819,0.9684684684684685,0.9859154929577465,0.9857142857142858,0.9765729085695944,0.010149565614703301,7,0.8821138211382114,0.9692982456140351,0.956140350877193,0.9367088607594937,0.925,0.9338522556777866,0.03005516801470949,151,0.8711111111111111,0.9688888888888889,0.9555555555555556,0.9333333333333333,0.92,0.9297777777777778,0.03389453504877801,151,0.9644444444444444,0.9822222222222222,0.9688888888888889,0.9866666666666667,0.9866666666666667,0.9777777777777779,0.009322745317068021,7,0.8974358974358975,0.9718557607739666,0.9586631486367634,0.9462915601023018,0.9367088607594937,0.9421910455416846,0.02530303286883274,79,0.9177777777777778,0.9755555555555555,0.9622222222222223,0.96,0.9533333333333334,0.9537777777777778,0.01939326598157459,16,0.868527551942186,0.9609551656920079,0.9419493177387914,0.9308860759493671,0.9193333333333333,0.9243302889311371,0.031092459336652008,82,0.9177777777777778,0.9755555555555555,0.9622222222222223,0.9600000000000001,0.9533333333333334,0.9537777777777778,0.019393265981574596,16
190,0.01364150047302246,0.0038703700687388724,0.03790578842163086,0.004600919209215596,gini,4,9,4,best,"{'criterion': 'gini', 'max_depth': 4, 'min_samples_leaf': 9, 'min_samples_split': 4, 'splitter': 'best'}",0.9177777777777778,0.9755555555555555,0.9622222222222222,0.96,0.9533333333333334,0.9537777777777778,0.01939326598157458,16,0.9607843137254902,0.9819819819819819,0.9684684684684685,0.9859154929577465,0.9857142857142858,0.9765729085695944,0.010149565614703301,7,0.8821138211382114,0.9692982456140351,0.956140350877193,0.9367088607594937,0.925,0.9338522556777866,0.03005516801470949,151,0.8711111111111111,0.9688888888888889,0.9555555555555556,0.9333333333333333,0.92,0.9297777777777778,0.03389453504877801,151,0.9644444444444444,0.9822222222222222,0.9688888888888889,0.9866666666666667,0.9866666666666667,0.9777777777777779,0.009322745317068021,7,0.8974358974358975,0.9718557607739666,0.9586631486367634,0.9462915601023018,0.9367088607594937,0.9421910455416846,0.02530303286883274,79,0.9177777777777778,0.9755555555555555,0.9622222222222223,0.96,0.9533333333333334,0.9537777777777778,0.01939326598157459,16,0.868527551942186,0.9609551656920079,0.9419493177387914,0.9308860759493671,0.9193333333333333,0.9243302889311371,0.031092459336652008,82,0.9177777777777778,0.9755555555555555,0.9622222222222223,0.9600000000000001,0.9533333333333334,0.9537777777777778,0.019393265981574596,16
150,0.013553571701049805,0.004439224857948923,0.0432075023651123,0.003268000792384473,gini,4,3,2,best,"{'criterion': 'gini', 'max_depth': 4, 'min_samples_leaf': 3, 'min_samples_split': 2, 'splitter': 'best'}",0.9177777777777778,0.9733333333333334,0.9644444444444444,0.96,0.9533333333333334,0.9537777777777778,0.019136933459209762,16,0.9607843137254902,0.9819004524886877,0.9728506787330317,0.9859154929577465,0.9857142857142858,0.9774330447238484,0.009577754793784336,4,0.8821138211382114,0.9650655021834061,0.9563318777292577,0.9367088607594937,0.925,0.9330440123620738,0.02911948526500506,157,0.8711111111111111,0.9644444444444444,0.9555555555555556,0.9333333333333333,0.92,0.928888888888889,0.032900898708127575,154,0.9644444444444444,0.9822222222222222,0.9733333333333334,0.9866666666666667,0.9866666666666667,0.9786666666666667,0.008618097524295702,4,0.8974358974358975,0.9684487291849255,0.9596844872918493,0.9462915601023018,0.9367088607594937,0.9417139069548937,0.02467484549106139,85,0.9177777777777778,0.9733333333333334,0.9644444444444444,0.96,0.9533333333333334,0.9537777777777778,0.019136933459209762,16,0.868527551942186,0.9567976710334789,0.9441630276564774,0.9308860759493671,0.9193333333333333,0.9239415319829686,0.030425667224355815,85,0.9177777777777778,0.9733333333333333,0.9644444444444445,0.9600000000000001,0.9533333333333334,0.9537777777777778,0.01913693345920976,16
152,0.0137908935546875,0.004120969478533057,0.04804110527038574,0.011127760210821073,gini,4,3,3,best,"{'criterion': 'gini', 'max_depth': 4, 'min_samples_leaf': 3, 'min_samples_split': 3, 'splitter': 'best'}",0.9177777777777778,0.9733333333333334,0.9644444444444444,0.96,0.9533333333333334,0.9537777777777778,0.019136933459209762,16,0.9607843137254902,0.9819004524886877,0.9728506787330317,0.9859154929577465,0.9857142857142858,0.9774330447238484,0.009577754793784336,4,0.8821138211382114,0.9650655021834061,0.9563318777292577,0.9367088607594937,0.925,0.9330440123620738,0.02911948526500506,157,0.8711111111111111,0.9644444444444444,0.9555555555555556,0.9333333333333333,0.92,0.928888888888889,0.032900898708127575,154,0.9644444444444444,0.9822222222222222,0.9733333333333334,0.9866666666666667,0.9866666666666667,0.9786666666666667,0.008618097524295702,4,0.8974358974358975,0.9684487291849255,0.9596844872918493,0.9462915601023018,0.9367088607594937,0.9417139069548937,0.02467484549106139,85,0.9177777777777778,0.9733333333333334,0.9644444444444444,0.96,0.9533333333333334,0.9537777777777778,0.019136933459209762,16,0.868527551942186,0.9567976710334789,0.9441630276564774,0.9308860759493671,0.9193333333333333,0.9239415319829686,0.030425667224355815,85,0.9177777777777778,0.9733333333333333,0.9644444444444445,0.9600000000000001,0.9533333333333334,0.9537777777777778,0.01913693345920976,16
154,0.016398096084594728,0.003038331113632797,0.039391946792602536,0.003796762474738556,gini,4,3,4,best,"{'criterion': 'gini', 'max_depth': 4, 'min_samples_leaf': 3, 'min_samples_split': 4, 'splitter': 'best'}",0.9177777777777778,0.9733333333333334,0.9644444444444444,0.96,0.9533333333333334,0.9537777777777778,0.019136933459209762,16,0.9607843137254902,0.9819004524886877,0.9728506787330317,0.9859154929577465,0.9857142857142858,0.9774330447238484,0.009577754793784336,4,0.8821138211382114,0.9650655021834061,0.9563318777292577,0.9367088607594937,0.925,0.9330440123620738,0.02911948526500506,157,0.8711111111111111,0.9644444444444444,0.9555555555555556,0.9333333333333333,0.92,0.928888888888889,0.032900898708127575,154,0.9644444444444444,0.9822222222222222,0.9733333333333334,0.9866666666666667,0.9866666666666667,0.9786666666666667,0.008618097524295702,4,0.8974358974358975,0.9684487291849255,0.9596844872918493,0.9462915601023018,0.9367088607594937,0.9417139069548937,0.02467484549106139,85,0.9177777777777778,0.9733333333333334,0.9644444444444444,0.96,0.9533333333333334,0.9537777777777778,0.019136933459209762,16,0.868527551942186,0.9567976710334789,0.9441630276564774,0.9308860759493671,0.9193333333333333,0.9239415319829686,0.030425667224355815,85,0.9177777777777778,0.9733333333333333,0.9644444444444445,0.9600000000000001,0.9533333333333334,0.9537777777777778,0.01913693345920976,16
182,0.023719263076782227,0.010068615088289164,0.05917172431945801,0.014272922387389142,gini,4,8,3,best,"{'criterion': 'gini', 'max_depth': 4, 'min_samples_leaf': 8, 'min_samples_split': 3, 'splitter': 'best'}",0.9177777777777778,0.9733333333333334,0.96,0.96,0.9533333333333334,0.9528888888888888,0.01871950194546905,46,0.9607843137254902,0.9819004524886877,0.9641255605381166,0.9859154929577465,0.9857142857142858,0.9756880210848653,0.010950182228857692,10,0.8821138211382114,0.9650655021834061,0.9559471365638766,0.9367088607594937,0.925,0.9329670641289975,0.029058289454764855,163,0.8711111111111111,0.9644444444444444,0.9555555555555556,0.9333333333333333,0.92,0.928888888888889,0.032900898708127575,154,0.9644444444444444,0.9822222222222222,0.9644444444444444,0.9866666666666667,0.9866666666666667,0.976888888888889,0.010289632802480212,10,0.8974358974358975,0.9684487291849255,0.9576345984112974,0.9462915601023018,0.9367088607594937,0.9413039291787832,0.024388219492030454,88,0.9177777777777778,0.9733333333333334,0.96,0.96,0.9533333333333334,0.9528888888888888,0.01871950194546905,46,0.868527551942186,0.9567976710334789,0.9397356828193832,0.9308860759493671,0.9193333333333333,0.9230560630155497,0.029883882502595174,88,0.9177777777777778,0.9733333333333333,0.96,0.9600000000000001,0.9533333333333334,0.9528888888888888,0.018719501945469036,46
180,0.01406550407409668,0.004826943630891114,0.04257888793945312,0.0030321078134870763,gini,4,8,2,best,"{'criterion': 'gini', 'max_depth': 4, 'min_samples_leaf': 8, 'min_samples_split': 2, 'splitter': 'best'}",0.9177777777777778,0.9733333333333334,0.96,0.96,0.9533333333333334,0.9528888888888888,0.01871950194546905,46,0.9607843137254902,0.9819004524886877,0.9641255605381166,0.9859154929577465,0.9857142857142858,0.9756880210848653,0.010950182228857692,10,0.8821138211382114,0.9650655021834061,0.9559471365638766,0.9367088607594937,0.925,0.9329670641289975,0.029058289454764855,163,0.8711111111111111,0.9644444444444444,0.9555555555555556,0.9333333333333333,0.92,0.928888888888889,0.032900898708127575,154,0.9644444444444444,0.9822222222222222,0.9644444444444444,0.9866666666666667,0.9866666666666667,0.976888888888889,0.010289632802480212,10,0.8974358974358975,0.9684487291849255,0.9576345984112974,0.9462915601023018,0.9367088607594937,0.9413039291787832,0.024388219492030454,88,0.9177777777777778,0.9733333333333334,0.96,0.96,0.9533333333333334,0.9528888888888888,0.01871950194546905,46,0.868527551942186,0.9567976710334789,0.9397356828193832,0.9308860759493671,0.9193333333333333,0.9230560630155497,0.029883882502595174,88,0.9177777777777778,0.9733333333333333,0.96,0.9600000000000001,0.9533333333333334,0.9528888888888888,0.018719501945469036,46
184,0.023586416244506837,0.012334600344355766,0.05999789237976074,0.017058662672507753,gini,4,8,4,best,"{'criterion': 'gini', 'max_depth': 4, 'min_samples_leaf': 8, 'min_samples_split': 4, 'splitter': 'best'}",0.9177777777777778,0.9733333333333334,0.96,0.96,0.9533333333333334,0.9528888888888888,0.01871950194546905,46,0.9607843137254902,0.9819004524886877,0.9641255605381166,0.9859154929577465,0.9857142857142858,0.9756880210848653,0.010950182228857692,10,0.8821138211382114,0.9650655021834061,0.9559471365638766,0.9367088607594937,0.925,0.9329670641289975,0.029058289454764855,163,0.8711111111111111,0.9644444444444444,0.9555555555555556,0.9333333333333333,0.92,0.928888888888889,0.032900898708127575,154,0.9644444444444444,0.9822222222222222,0.9644444444444444,0.9866666666666667,0.9866666666666667,0.976888888888889,0.010289632802480212,10,0.8974358974358975,0.9684487291849255,0.9576345984112974,0.9462915601023018,0.9367088607594937,0.9413039291787832,0.024388219492030454,88,0.9177777777777778,0.9733333333333334,0.96,0.96,0.9533333333333334,0.9528888888888888,0.01871950194546905,46,0.868527551942186,0.9567976710334789,0.9397356828193832,0.9308860759493671,0.9193333333333333,0.9230560630155497,0.029883882502595174,88,0.9177777777777778,0.9733333333333333,0.96,0.9600000000000001,0.9533333333333334,0.9528888888888888,0.018719501945469036,46
574,0.020389652252197264,0.005345158640940728,0.047439289093017575,0.0038383212454191915,log_loss,4,9,4,best,"{'criterion': 'log_loss', 'max_depth': 4, 'min_samples_leaf': 9, 'min_samples_split': 4, 'splitter': 'best'}",0.9133333333333333,0.9644444444444444,0.9622222222222222,0.9533333333333334,0.9488888888888889,0.9484444444444444,0.018453812881801503,67,0.9558823529411765,0.9815668202764977,0.9684684684684685,0.9594594594594594,0.9809523809523809,0.9692658964195966,0.010618926327058026,49,0.8780487804878049,0.9484978540772532,0.956140350877193,0.9473684210526315,0.9208333333333333,0.9301777479656431,0.028670366632442004,235,0.8666666666666667,0.9466666666666667,0.9555555555555556,0.9466666666666667,0.9155555555555556,0.9262222222222223,0.03273236024803905,235,0.96,0.9822222222222222,0.9688888888888889,0.96,0.9822222222222222,0.9706666666666667,0.00997775303139719,49,0.8933002481389578,0.9550561797752809,0.9586631486367634,0.9498680738786279,0.9324894514767933,0.9378754203812847,0.024029509020196863,91,0.9133333333333333,0.9644444444444444,0.9622222222222223,0.9533333333333334,0.9488888888888889,0.9484444444444444,0.01845381288180152,67,0.8629268292682927,0.9405245588936575,0.9419493177387914,0.9294736842105262,0.9133518518518517,0.9176452483926238,0.029211645537376197,91,0.9133333333333333,0.9644444444444443,0.9622222222222223,0.9533333333333333,0.9488888888888889,0.9484444444444444,0.018453812881801496,67
378,0.02060670852661133,0.006490383605324078,0.0404320240020752,0.007788501659751365,entropy,4,9,2,best,"{'criterion': 'entropy', 'max_depth': 4, 'min_samples_leaf': 9, 'min_samples_split': 2, 'splitter': 'best'}",0.9133333333333333,0.9644444444444444,0.9622222222222222,0.9533333333333334,0.9488888888888889,0.9484444444444444,0.018453812881801503,67,0.9558823529411765,0.9815668202764977,0.9684684684684685,0.9594594594594594,0.9809523809523809,0.9692658964195966,0.010618926327058026,49,0.8780487804878049,0.9484978540772532,0.956140350877193,0.9473684210526315,0.9208333333333333,0.9301777479656431,0.028670366632442004,235,0.8666666666666667,0.9466666666666667,0.9555555555555556,0.9466666666666667,0.9155555555555556,0.9262222222222223,0.03273236024803905,235,0.96,0.9822222222222222,0.9688888888888889,0.96,0.9822222222222222,0.9706666666666667,0.00997775303139719,49,0.8933002481389578,0.9550561797752809,0.9586631486367634,0.9498680738786279,0.9324894514767933,0.9378754203812847,0.024029509020196863,91,0.9133333333333333,0.9644444444444444,0.9622222222222223,0.9533333333333334,0.9488888888888889,0.9484444444444444,0.01845381288180152,67,0.8629268292682927,0.9405245588936575,0.9419493177387914,0.9294736842105262,0.9133518518518517,0.9176452483926238,0.029211645537376197,91,0.9133333333333333,0.9644444444444443,0.9622222222222223,0.9533333333333333,0.9488888888888889,0.9484444444444444,0.018453812881801496,67
380,0.014916229248046874,0.0029056321741123556,0.047685098648071286,0.0034856288941444826,entropy,4,9,3,best,"{'criterion': 'entropy', 'max_depth': 4, 'min_samples_leaf': 9, 'min_samples_split': 3, 'splitter': 'best'}",0.9133333333333333,0.9644444444444444,0.9622222222222222,0.9533333333333334,0.9488888888888889,0.9484444444444444,0.018453812881801503,67,0.9558823529411765,0.9815668202764977,0.9684684684684685,0.9594594594594594,0.9809523809523809,0.9692658964195966,0.010618926327058026,49,0.8780487804878049,0.9484978540772532,0.956140350877193,0.9473684210526315,0.9208333333333333,0.9301777479656431,0.028670366632442004,235,0.8666666666666667,0.9466666666666667,0.9555555555555556,0.9466666666666667,0.9155555555555556,0.9262222222222223,0.03273236024803905,235,0.96,0.9822222222222222,0.9688888888888889,0.96,0.9822222222222222,0.9706666666666667,0.00997775303139719,49,0.8933002481389578,0.9550561797752809,0.9586631486367634,0.9498680738786279,0.9324894514767933,0.9378754203812847,0.024029509020196863,91,0.9133333333333333,0.9644444444444444,0.9622222222222223,0.9533333333333334,0.9488888888888889,0.9484444444444444,0.01845381288180152,67,0.8629268292682927,0.9405245588936575,0.9419493177387914,0.9294736842105262,0.9133518518518517,0.9176452483926238,0.029211645537376197,91,0.9133333333333333,0.9644444444444443,0.9622222222222223,0.9533333333333333,0.9488888888888889,0.9484444444444444,0.018453812881801496,67
382,0.016909265518188478,0.00503139761798464,0.04130320549011231,0.0033594363112482975,entropy,4,9,4,best,"{'criterion': 'entropy', 'max_depth': 4, 'min_samples_leaf': 9, 'min_samples_split': 4, 'splitter': 'best'}",0.9133333333333333,0.9644444444444444,0.9622222222222222,0.9533333333333334,0.9488888888888889,0.9484444444444444,0.018453812881801503,67,0.9558823529411765,0.9815668202764977,0.9684684684684685,0.9594594594594594,0.9809523809523809,0.9692658964195966,0.010618926327058026,49,0.8780487804878049,0.9484978540772532,0.956140350877193,0.9473684210526315,0.9208333333333333,0.9301777479656431,0.028670366632442004,235,0.8666666666666667,0.9466666666666667,0.9555555555555556,0.9466666666666667,0.9155555555555556,0.9262222222222223,0.03273236024803905,235,0.96,0.9822222222222222,0.9688888888888889,0.96,0.9822222222222222,0.9706666666666667,0.00997775303139719,49,0.8933002481389578,0.9550561797752809,0.9586631486367634,0.9498680738786279,0.9324894514767933,0.9378754203812847,0.024029509020196863,91,0.9133333333333333,0.9644444444444444,0.9622222222222223,0.9533333333333334,0.9488888888888889,0.9484444444444444,0.01845381288180152,67,0.8629268292682927,0.9405245588936575,0.9419493177387914,0.9294736842105262,0.9133518518518517,0.9176452483926238,0.029211645537376197,91,0.9133333333333333,0.9644444444444443,0.9622222222222223,0.9533333333333333,0.9488888888888889,0.9484444444444444,0.018453812881801496,67
570,0.019350051879882812,0.0055662759151899905,0.04118494987487793,0.005481972758667062,log_loss,4,9,2,best,"{'criterion': 'log_loss', 'max_depth': 4, 'min_samples_leaf': 9, 'min_samples_split': 2, 'splitter': 'best'}",0.9133333333333333,0.9644444444444444,0.9622222222222222,0.9533333333333334,0.9488888888888889,0.9484444444444444,0.018453812881801503,67,0.9558823529411765,0.9815668202764977,0.9684684684684685,0.9594594594594594,0.9809523809523809,0.9692658964195966,0.010618926327058026,49,0.8780487804878049,0.9484978540772532,0.956140350877193,0.9473684210526315,0.9208333333333333,0.9301777479656431,0.028670366632442004,235,0.8666666666666667,0.9466666666666667,0.9555555555555556,0.9466666666666667,0.9155555555555556,0.9262222222222223,0.03273236024803905,235,0.96,0.9822222222222222,0.9688888888888889,0.96,0.9822222222222222,0.9706666666666667,0.00997775303139719,49,0.8933002481389578,0.9550561797752809,0.9586631486367634,0.9498680738786279,0.9324894514767933,0.9378754203812847,0.024029509020196863,91,0.9133333333333333,0.9644444444444444,0.9622222222222223,0.9533333333333334,0.9488888888888889,0.9484444444444444,0.01845381288180152,67,0.8629268292682927,0.9405245588936575,0.9419493177387914,0.9294736842105262,0.9133518518518517,0.9176452483926238,0.029211645537376197,91,0.9133333333333333,0.9644444444444443,0.9622222222222223,0.9533333333333333,0.9488888888888889,0.9484444444444444,0.018453812881801496,67
572,0.019066810607910156,0.0016141576768407384,0.04524550437927246,0.0033929903301144195,log_loss,4,9,3,best,"{'criterion': 'log_loss', 'max_depth': 4, 'min_samples_leaf': 9, 'min_samples_split': 3, 'splitter': 'best'}",0.9133333333333333,0.9644444444444444,0.9622222222222222,0.9533333333333334,0.9488888888888889,0.9484444444444444,0.018453812881801503,67,0.9558823529411765,0.9815668202764977,0.9684684684684685,0.9594594594594594,0.9809523809523809,0.9692658964195966,0.010618926327058026,49,0.8780487804878049,0.9484978540772532,0.956140350877193,0.9473684210526315,0.9208333333333333,0.9301777479656431,0.028670366632442004,235,0.8666666666666667,0.9466666666666667,0.9555555555555556,0.9466666666666667,0.9155555555555556,0.9262222222222223,0.03273236024803905,235,0.96,0.9822222222222222,0.9688888888888889,0.96,0.9822222222222222,0.9706666666666667,0.00997775303139719,49,0.8933002481389578,0.9550561797752809,0.9586631486367634,0.9498680738786279,0.9324894514767933,0.9378754203812847,0.024029509020196863,91,0.9133333333333333,0.9644444444444444,0.9622222222222223,0.9533333333333334,0.9488888888888889,0.9484444444444444,0.01845381288180152,67,0.8629268292682927,0.9405245588936575,0.9419493177387914,0.9294736842105262,0.9133518518518517,0.9176452483926238,0.029211645537376197,91,0.9133333333333333,0.9644444444444443,0.9622222222222223,0.9533333333333333,0.9488888888888889,0.9484444444444444,0.018453812881801496,67
138,0.010232353210449218,0.006666596595981397,0.04147272109985352,0.008012699014157345,gini,3,9,2,best,"{'criterion': 'gini', 'max_depth': 3, 'min_samples_leaf': 9, 'min_samples_split': 2, 'splitter': 'best'}",0.9088888888888889,0.9666666666666667,0.9444444444444444,0.9577777777777777,0.9444444444444444,0.9444444444444444,0.01967639432993659,97,0.96,0.981651376146789,0.9166666666666666,0.9951923076923077,0.9464285714285714,0.9599877843868668,0.02745629732830322,169,0.868,0.9525862068965517,0.9761904761904762,0.9256198347107438,0.9424778761061947,0.9329748787807933,0.036382222455362635,160,0.8533333333333334,0.9511111111111111,0.9777777777777777,0.92,0.9422222222222222,0.928888888888889,0.042069900679819465,154,0.9644444444444444,0.9822222222222222,0.9111111111111111,0.9955555555555555,0.9466666666666667,0.96,0.02948110924760355,169,0.8857142857142857,0.95836947094536,0.9624413145539906,0.9388097233864208,0.9433126660761736,0.937729492135246,0.02747581963240879,97,0.9088888888888889,0.9666666666666667,0.9444444444444444,0.9577777777777778,0.9444444444444444,0.9444444444444444,0.019676394329936602,97,0.8549155555555555,0.9445402298850574,0.9338624338624337,0.9237281910009183,0.9188790560471976,0.9151850932702323,0.031399408126417415,97,0.9088888888888889,0.9666666666666666,0.9444444444444444,0.9577777777777778,0.9444444444444444,0.9444444444444444,0.019676394329936578,97
142,0.01613926887512207,0.0036491357143649825,0.037859773635864256,0.004290904342173545,gini,3,9,4,best,"{'criterion': 'gini', 'max_depth': 3, 'min_samples_leaf': 9, 'min_samples_split': 4, 'splitter': 'best'}",0.9088888888888889,0.9666666666666667,0.9444444444444444,0.9577777777777777,0.9444444444444444,0.9444444444444444,0.01967639432993659,97,0.96,0.981651376146789,0.9166666666666666,0.9951923076923077,0.9464285714285714,0.9599877843868668,0.02745629732830322,169,0.868,0.9525862068965517,0.9761904761904762,0.9256198347107438,0.9424778761061947,0.9329748787807933,0.036382222455362635,160,0.8533333333333334,0.9511111111111111,0.9777777777777777,0.92,0.9422222222222222,0.928888888888889,0.042069900679819465,154,0.9644444444444444,0.9822222222222222,0.9111111111111111,0.9955555555555555,0.9466666666666667,0.96,0.02948110924760355,169,0.8857142857142857,0.95836947094536,0.9624413145539906,0.9388097233864208,0.9433126660761736,0.937729492135246,0.02747581963240879,97,0.9088888888888889,0.9666666666666667,0.9444444444444444,0.9577777777777778,0.9444444444444444,0.9444444444444444,0.019676394329936602,97,0.8549155555555555,0.9445402298850574,0.9338624338624337,0.9237281910009183,0.9188790560471976,0.9151850932702323,0.031399408126417415,97,0.9088888888888889,0.9666666666666666,0.9444444444444444,0.9577777777777778,0.9444444444444444,0.9444444444444444,0.019676394329936578,97
140,0.012544584274291993,0.005320916368715543,0.037656402587890624,0.006029339390014053,gini,3,9,3,best,"{'criterion': 'gini', 'max_depth': 3, 'min_samples_leaf': 9, 'min_samples_split': 3, 'splitter': 'best'}",0.9088888888888889,0.9666666666666667,0.9444444444444444,0.9577777777777777,0.9444444444444444,0.9444444444444444,0.01967639432993659,97,0.96,0.981651376146789,0.9166666666666666,0.9951923076923077,0.9464285714285714,0.9599877843868668,0.02745629732830322,169,0.868,0.9525862068965517,0.9761904761904762,0.9256198347107438,0.9424778761061947,0.9329748787807933,0.036382222455362635,160,0.8533333333333334,0.9511111111111111,0.9777777777777777,0.92,0.9422222222222222,0.928888888888889,0.042069900679819465,154,0.9644444444444444,0.9822222222222222,0.9111111111111111,0.9955555555555555,0.9466666666666667,0.96,0.02948110924760355,169,0.8857142857142857,0.95836947094536,0.9624413145539906,0.9388097233864208,0.9433126660761736,0.937729492135246,0.02747581963240879,97,0.9088888888888889,0.9666666666666667,0.9444444444444444,0.9577777777777778,0.9444444444444444,0.9444444444444444,0.019676394329936602,97,0.8549155555555555,0.9445402298850574,0.9338624338624337,0.9237281910009183,0.9188790560471976,0.9151850932702323,0.031399408126417415,97,0.9088888888888889,0.9666666666666666,0.9444444444444444,0.9577777777777778,0.9444444444444444,0.9444444444444444,0.019676394329936578,97
134,0.014279699325561524,0.0044998032747785655,0.03942408561706543,0.0055080005992119594,gini,3,8,3,best,"{'criterion': 'gini', 'max_depth': 3, 'min_samples_leaf': 8, 'min_samples_split': 3, 'splitter': 'best'}",0.9088888888888889,0.9644444444444444,0.9444444444444444,0.9577777777777777,0.9444444444444444,0.944,0.01918847390659814,100,0.96,0.9815668202764977,0.9166666666666666,0.9951923076923077,0.9464285714285714,0.9599708732128086,0.02744297165741101,172,0.868,0.9484978540772532,0.9761904761904762,0.9256198347107438,0.9424778761061947,0.9321572082169336,0.035975953635151964,166,0.8533333333333334,0.9466666666666667,0.9777777777777777,0.92,0.9422222222222222,0.9279999999999999,0.04163569219068572,166,0.9644444444444444,0.9822222222222222,0.9111111111111111,0.9955555555555555,0.9466666666666667,0.96,0.02948110924760355,169,0.8857142857142857,0.9550561797752809,0.9624413145539906,0.9388097233864208,0.9433126660761736,0.9370668339012302,0.027005973864984552,100,0.9088888888888889,0.9644444444444444,0.9444444444444444,0.9577777777777778,0.9444444444444444,0.944,0.019188473906598155,100,0.8549155555555555,0.9405245588936575,0.9338624338624337,0.9237281910009183,0.9188790560471976,0.9143819590719524,0.030681439024759293,100,0.9088888888888889,0.9644444444444443,0.9444444444444444,0.9577777777777778,0.9444444444444444,0.944,0.01918847390659813,100
114,0.012095069885253907,0.0025524215399883123,0.03667483329772949,0.0034343389546651515,gini,3,5,2,best,"{'criterion': 'gini', 'max_depth': 3, 'min_samples_leaf': 5, 'min_samples_split': 2, 'splitter': 'best'}",0.9088888888888889,0.9644444444444444,0.9444444444444444,0.9577777777777777,0.9444444444444444,0.944,0.01918847390659814,100,0.96,0.9815668202764977,0.9166666666666666,0.9951923076923077,0.9464285714285714,0.9599708732128086,0.02744297165741101,172,0.868,0.9484978540772532,0.9761904761904762,0.9256198347107438,0.9424778761061947,0.9321572082169336,0.035975953635151964,166,0.8533333333333334,0.9466666666666667,0.9777777777777777,0.92,0.9422222222222222,0.9279999999999999,0.04163569219068572,166,0.9644444444444444,0.9822222222222222,0.9111111111111111,0.9955555555555555,0.9466666666666667,0.96,0.02948110924760355,169,0.8857142857142857,0.9550561797752809,0.9624413145539906,0.9388097233864208,0.9433126660761736,0.9370668339012302,0.027005973864984552,100,0.9088888888888889,0.9644444444444444,0.9444444444444444,0.9577777777777778,0.9444444444444444,0.944,0.019188473906598155,100,0.8549155555555555,0.9405245588936575,0.9338624338624337,0.9237281910009183,0.9188790560471976,0.9143819590719524,0.030681439024759293,100,0.9088888888888889,0.9644444444444443,0.9444444444444444,0.9577777777777778,0.9444444444444444,0.944,0.01918847390659813,100
116,0.012289810180664062,0.00220807806636681,0.04297795295715332,0.0031463254201227414,gini,3,5,3,best,"{'criterion': 'gini', 'max_depth': 3, 'min_samples_leaf': 5, 'min_samples_split': 3, 'splitter': 'best'}",0.9088888888888889,0.9644444444444444,0.9444444444444444,0.9577777777777777,0.9444444444444444,0.944,0.01918847390659814,100,0.96,0.9815668202764977,0.9166666666666666,0.9951923076923077,0.9464285714285714,0.9599708732128086,0.02744297165741101,172,0.868,0.9484978540772532,0.9761904761904762,0.9256198347107438,0.9424778761061947,0.9321572082169336,0.035975953635151964,166,0.8533333333333334,0.9466666666666667,0.9777777777777777,0.92,0.9422222222222222,0.9279999999999999,0.04163569219068572,166,0.9644444444444444,0.9822222222222222,0.9111111111111111,0.9955555555555555,0.9466666666666667,0.96,0.02948110924760355,169,0.8857142857142857,0.9550561797752809,0.9624413145539906,0.9388097233864208,0.9433126660761736,0.9370668339012302,0.027005973864984552,100,0.9088888888888889,0.9644444444444444,0.9444444444444444,0.9577777777777778,0.9444444444444444,0.944,0.019188473906598155,100,0.8549155555555555,0.9405245588936575,0.9338624338624337,0.9237281910009183,0.9188790560471976,0.9143819590719524,0.030681439024759293,100,0.9088888888888889,0.9644444444444443,0.9444444444444444,0.9577777777777778,0.9444444444444444,0.944,0.01918847390659813,100
118,0.013324356079101563,0.0041602887861752185,0.04024953842163086,0.0035413643189702755,gini,3,5,4,best,"{'criterion': 'gini', 'max_depth': 3, 'min_samples_leaf': 5, 'min_samples_split': 4, 'splitter': 'best'}",0.9088888888888889,0.9644444444444444,0.9444444444444444,0.9577777777777777,0.9444444444444444,0.944,0.01918847390659814,100,0.96,0.9815668202764977,0.9166666666666666,0.9951923076923077,0.9464285714285714,0.9599708732128086,0.02744297165741101,172,0.868,0.9484978540772532,0.9761904761904762,0.9256198347107438,0.9424778761061947,0.9321572082169336,0.035975953635151964,166,0.8533333333333334,0.9466666666666667,0.9777777777777777,0.92,0.9422222222222222,0.9279999999999999,0.04163569219068572,166,0.9644444444444444,0.9822222222222222,0.9111111111111111,0.9955555555555555,0.9466666666666667,0.96,0.02948110924760355,169,0.8857142857142857,0.9550561797752809,0.9624413145539906,0.9388097233864208,0.9433126660761736,0.9370668339012302,0.027005973864984552,100,0.9088888888888889,0.9644444444444444,0.9444444444444444,0.9577777777777778,0.9444444444444444,0.944,0.019188473906598155,100,0.8549155555555555,0.9405245588936575,0.9338624338624337,0.9237281910009183,0.9188790560471976,0.9143819590719524,0.030681439024759293,100,0.9088888888888889,0.9644444444444443,0.9444444444444444,0.9577777777777778,0.9444444444444444,0.944,0.01918847390659813,100
120,0.008922958374023437,0.0029244488945100715,0.04758782386779785,0.014895251404842835,gini,3,6,2,best,"{'criterion': 'gini', 'max_depth': 3, 'min_samples_leaf': 6, 'min_samples_split': 2, 'splitter': 'best'}",0.9088888888888889,0.9644444444444444,0.9444444444444444,0.9577777777777777,0.9444444444444444,0.944,0.01918847390659814,100,0.96,0.9815668202764977,0.9166666666666666,0.9951923076923077,0.9464285714285714,0.9599708732128086,0.02744297165741101,172,0.868,0.9484978540772532,0.9761904761904762,0.9256198347107438,0.9424778761061947,0.9321572082169336,0.035975953635151964,166,0.8533333333333334,0.9466666666666667,0.9777777777777777,0.92,0.9422222222222222,0.9279999999999999,0.04163569219068572,166,0.9644444444444444,0.9822222222222222,0.9111111111111111,0.9955555555555555,0.9466666666666667,0.96,0.02948110924760355,169,0.8857142857142857,0.9550561797752809,0.9624413145539906,0.9388097233864208,0.9433126660761736,0.9370668339012302,0.027005973864984552,100,0.9088888888888889,0.9644444444444444,0.9444444444444444,0.9577777777777778,0.9444444444444444,0.944,0.019188473906598155,100,0.8549155555555555,0.9405245588936575,0.9338624338624337,0.9237281910009183,0.9188790560471976,0.9143819590719524,0.030681439024759293,100,0.9088888888888889,0.9644444444444443,0.9444444444444444,0.9577777777777778,0.9444444444444444,0.944,0.01918847390659813,100
124,0.016547966003417968,0.005270193509819594,0.03901772499084473,0.004936908327024486,gini,3,6,4,best,"{'criterion': 'gini', 'max_depth': 3, 'min_samples_leaf': 6, 'min_samples_split': 4, 'splitter': 'best'}",0.9088888888888889,0.9644444444444444,0.9444444444444444,0.9577777777777777,0.9444444444444444,0.944,0.01918847390659814,100,0.96,0.9815668202764977,0.9166666666666666,0.9951923076923077,0.9464285714285714,0.9599708732128086,0.02744297165741101,172,0.868,0.9484978540772532,0.9761904761904762,0.9256198347107438,0.9424778761061947,0.9321572082169336,0.035975953635151964,166,0.8533333333333334,0.9466666666666667,0.9777777777777777,0.92,0.9422222222222222,0.9279999999999999,0.04163569219068572,166,0.9644444444444444,0.9822222222222222,0.9111111111111111,0.9955555555555555,0.9466666666666667,0.96,0.02948110924760355,169,0.8857142857142857,0.9550561797752809,0.9624413145539906,0.9388097233864208,0.9433126660761736,0.9370668339012302,0.027005973864984552,100,0.9088888888888889,0.9644444444444444,0.9444444444444444,0.9577777777777778,0.9444444444444444,0.944,0.019188473906598155,100,0.8549155555555555,0.9405245588936575,0.9338624338624337,0.9237281910009183,0.9188790560471976,0.9143819590719524,0.030681439024759293,100,0.9088888888888889,0.9644444444444443,0.9444444444444444,0.9577777777777778,0.9444444444444444,0.944,0.01918847390659813,100
126,0.012314367294311523,0.0027153147475790186,0.039296722412109374,0.004756382001414856,gini,3,7,2,best,"{'criterion': 'gini', 'max_depth': 3, 'min_samples_leaf': 7, 'min_samples_split': 2, 'splitter': 'best'}",0.9088888888888889,0.9644444444444444,0.9444444444444444,0.9577777777777777,0.9444444444444444,0.944,0.01918847390659814,100,0.96,0.9815668202764977,0.9166666666666666,0.9951923076923077,0.9464285714285714,0.9599708732128086,0.02744297165741101,172,0.868,0.9484978540772532,0.9761904761904762,0.9256198347107438,0.9424778761061947,0.9321572082169336,0.035975953635151964,166,0.8533333333333334,0.9466666666666667,0.9777777777777777,0.92,0.9422222222222222,0.9279999999999999,0.04163569219068572,166,0.9644444444444444,0.9822222222222222,0.9111111111111111,0.9955555555555555,0.9466666666666667,0.96,0.02948110924760355,169,0.8857142857142857,0.9550561797752809,0.9624413145539906,0.9388097233864208,0.9433126660761736,0.9370668339012302,0.027005973864984552,100,0.9088888888888889,0.9644444444444444,0.9444444444444444,0.9577777777777778,0.9444444444444444,0.944,0.019188473906598155,100,0.8549155555555555,0.9405245588936575,0.9338624338624337,0.9237281910009183,0.9188790560471976,0.9143819590719524,0.030681439024759293,100,0.9088888888888889,0.9644444444444443,0.9444444444444444,0.9577777777777778,0.9444444444444444,0.944,0.01918847390659813,100
128,0.011463308334350586,0.003474053700893196,0.041607904434204104,0.005172428916044248,gini,3,7,3,best,"{'criterion': 'gini', 'max_depth': 3, 'min_samples_leaf': 7, 'min_samples_split': 3, 'splitter': 'best'}",0.9088888888888889,0.9644444444444444,0.9444444444444444,0.9577777777777777,0.9444444444444444,0.944,0.01918847390659814,100,0.96,0.9815668202764977,0.9166666666666666,0.9951923076923077,0.9464285714285714,0.9599708732128086,0.02744297165741101,172,0.868,0.9484978540772532,0.9761904761904762,0.9256198347107438,0.9424778761061947,0.9321572082169336,0.035975953635151964,166,0.8533333333333334,0.9466666666666667,0.9777777777777777,0.92,0.9422222222222222,0.9279999999999999,0.04163569219068572,166,0.9644444444444444,0.9822222222222222,0.9111111111111111,0.9955555555555555,0.9466666666666667,0.96,0.02948110924760355,169,0.8857142857142857,0.9550561797752809,0.9624413145539906,0.9388097233864208,0.9433126660761736,0.9370668339012302,0.027005973864984552,100,0.9088888888888889,0.9644444444444444,0.9444444444444444,0.9577777777777778,0.9444444444444444,0.944,0.019188473906598155,100,0.8549155555555555,0.9405245588936575,0.9338624338624337,0.9237281910009183,0.9188790560471976,0.9143819590719524,0.030681439024759293,100,0.9088888888888889,0.9644444444444443,0.9444444444444444,0.9577777777777778,0.9444444444444444,0.944,0.01918847390659813,100
130,0.011382198333740235,0.009364040214620601,0.044463157653808594,0.005534179295294035,gini,3,7,4,best,"{'criterion': 'gini', 'max_depth': 3, 'min_samples_leaf': 7, 'min_samples_split': 4, 'splitter': 'best'}",0.9088888888888889,0.9644444444444444,0.9444444444444444,0.9577777777777777,0.9444444444444444,0.944,0.01918847390659814,100,0.96,0.9815668202764977,0.9166666666666666,0.9951923076923077,0.9464285714285714,0.9599708732128086,0.02744297165741101,172,0.868,0.9484978540772532,0.9761904761904762,0.9256198347107438,0.9424778761061947,0.9321572082169336,0.035975953635151964,166,0.8533333333333334,0.9466666666666667,0.9777777777777777,0.92,0.9422222222222222,0.9279999999999999,0.04163569219068572,166,0.9644444444444444,0.9822222222222222,0.9111111111111111,0.9955555555555555,0.9466666666666667,0.96,0.02948110924760355,169,0.8857142857142857,0.9550561797752809,0.9624413145539906,0.9388097233864208,0.9433126660761736,0.9370668339012302,0.027005973864984552,100,0.9088888888888889,0.9644444444444444,0.9444444444444444,0.9577777777777778,0.9444444444444444,0.944,0.019188473906598155,100,0.8549155555555555,0.9405245588936575,0.9338624338624337,0.9237281910009183,0.9188790560471976,0.9143819590719524,0.030681439024759293,100,0.9088888888888889,0.9644444444444443,0.9444444444444444,0.9577777777777778,0.9444444444444444,0.944,0.01918847390659813,100
132,0.011203956604003907,0.0026434285141869115,0.040479612350463864,0.004631091640292402,gini,3,8,2,best,"{'criterion': 'gini', 'max_depth': 3, 'min_samples_leaf': 8, 'min_samples_split': 2, 'splitter': 'best'}",0.9088888888888889,0.9644444444444444,0.9444444444444444,0.9577777777777777,0.9444444444444444,0.944,0.01918847390659814,100,0.96,0.9815668202764977,0.9166666666666666,0.9951923076923077,0.9464285714285714,0.9599708732128086,0.02744297165741101,172,0.868,0.9484978540772532,0.9761904761904762,0.9256198347107438,0.9424778761061947,0.9321572082169336,0.035975953635151964,166,0.8533333333333334,0.9466666666666667,0.9777777777777777,0.92,0.9422222222222222,0.9279999999999999,0.04163569219068572,166,0.9644444444444444,0.9822222222222222,0.9111111111111111,0.9955555555555555,0.9466666666666667,0.96,0.02948110924760355,169,0.8857142857142857,0.9550561797752809,0.9624413145539906,0.9388097233864208,0.9433126660761736,0.9370668339012302,0.027005973864984552,100,0.9088888888888889,0.9644444444444444,0.9444444444444444,0.9577777777777778,0.9444444444444444,0.944,0.019188473906598155,100,0.8549155555555555,0.9405245588936575,0.9338624338624337,0.9237281910009183,0.9188790560471976,0.9143819590719524,0.030681439024759293,100,0.9088888888888889,0.9644444444444443,0.9444444444444444,0.9577777777777778,0.9444444444444444,0.944,0.01918847390659813,100
136,0.011852073669433593,0.005373199934525233,0.04035472869873047,0.004254487490386287,gini,3,8,4,best,"{'criterion': 'gini', 'max_depth': 3, 'min_samples_leaf': 8, 'min_samples_split': 4, 'splitter': 'best'}",0.9088888888888889,0.9644444444444444,0.9444444444444444,0.9577777777777777,0.9444444444444444,0.944,0.01918847390659814,100,0.96,0.9815668202764977,0.9166666666666666,0.9951923076923077,0.9464285714285714,0.9599708732128086,0.02744297165741101,172,0.868,0.9484978540772532,0.9761904761904762,0.9256198347107438,0.9424778761061947,0.9321572082169336,0.035975953635151964,166,0.8533333333333334,0.9466666666666667,0.9777777777777777,0.92,0.9422222222222222,0.9279999999999999,0.04163569219068572,166,0.9644444444444444,0.9822222222222222,0.9111111111111111,0.9955555555555555,0.9466666666666667,0.96,0.02948110924760355,169,0.8857142857142857,0.9550561797752809,0.9624413145539906,0.9388097233864208,0.9433126660761736,0.9370668339012302,0.027005973864984552,100,0.9088888888888889,0.9644444444444444,0.9444444444444444,0.9577777777777778,0.9444444444444444,0.944,0.019188473906598155,100,0.8549155555555555,0.9405245588936575,0.9338624338624337,0.9237281910009183,0.9188790560471976,0.9143819590719524,0.030681439024759293,100,0.9088888888888889,0.9644444444444443,0.9444444444444444,0.9577777777777778,0.9444444444444444,0.944,0.01918847390659813,100
122,0.010979366302490235,0.0018195697929298004,0.05294928550720215,0.012047652927250558,gini,3,6,3,best,"{'criterion': 'gini', 'max_depth': 3, 'min_samples_leaf': 6, 'min_samples_split': 3, 'splitter': 'best'}",0.9088888888888889,0.9644444444444444,0.9444444444444444,0.9577777777777777,0.9444444444444444,0.944,0.01918847390659814,100,0.96,0.9815668202764977,0.9166666666666666,0.9951923076923077,0.9464285714285714,0.9599708732128086,0.02744297165741101,172,0.868,0.9484978540772532,0.9761904761904762,0.9256198347107438,0.9424778761061947,0.9321572082169336,0.035975953635151964,166,0.8533333333333334,0.9466666666666667,0.9777777777777777,0.92,0.9422222222222222,0.9279999999999999,0.04163569219068572,166,0.9644444444444444,0.9822222222222222,0.9111111111111111,0.9955555555555555,0.9466666666666667,0.96,0.02948110924760355,169,0.8857142857142857,0.9550561797752809,0.9624413145539906,0.9388097233864208,0.9433126660761736,0.9370668339012302,0.027005973864984552,100,0.9088888888888889,0.9644444444444444,0.9444444444444444,0.9577777777777778,0.9444444444444444,0.944,0.019188473906598155,100,0.8549155555555555,0.9405245588936575,0.9338624338624337,0.9237281910009183,0.9188790560471976,0.9143819590719524,0.030681439024759293,100,0.9088888888888889,0.9644444444444443,0.9444444444444444,0.9577777777777778,0.9444444444444444,0.944,0.01918847390659813,100
112,0.011075115203857422,0.0009044391071573215,0.04343748092651367,0.0031429683440582475,gini,3,4,4,best,"{'criterion': 'gini', 'max_depth': 3, 'min_samples_leaf': 4, 'min_samples_split': 4, 'splitter': 'best'}",0.9088888888888889,0.9644444444444444,0.9444444444444444,0.9577777777777777,0.9444444444444444,0.944,0.01918847390659814,100,0.96,0.9815668202764977,0.9166666666666666,0.9951923076923077,0.9464285714285714,0.9599708732128086,0.02744297165741101,172,0.868,0.9484978540772532,0.9761904761904762,0.9256198347107438,0.9424778761061947,0.9321572082169336,0.035975953635151964,166,0.8533333333333334,0.9466666666666667,0.9777777777777777,0.92,0.9422222222222222,0.9279999999999999,0.04163569219068572,166,0.9644444444444444,0.9822222222222222,0.9111111111111111,0.9955555555555555,0.9466666666666667,0.96,0.02948110924760355,169,0.8857142857142857,0.9550561797752809,0.9624413145539906,0.9388097233864208,0.9433126660761736,0.9370668339012302,0.027005973864984552,100,0.9088888888888889,0.9644444444444444,0.9444444444444444,0.9577777777777778,0.9444444444444444,0.944,0.019188473906598155,100,0.8549155555555555,0.9405245588936575,0.9338624338624337,0.9237281910009183,0.9188790560471976,0.9143819590719524,0.030681439024759293,100,0.9088888888888889,0.9644444444444443,0.9444444444444444,0.9577777777777778,0.9444444444444444,0.944,0.01918847390659813,100
98,0.015221071243286134,0.0044246915696679896,0.03901057243347168,0.0025755159846611417,gini,3,2,3,best,"{'criterion': 'gini', 'max_depth': 3, 'min_samples_leaf': 2, 'min_samples_split': 3, 'splitter': 'best'}",0.9088888888888889,0.9644444444444444,0.9444444444444444,0.9577777777777777,0.9444444444444444,0.944,0.01918847390659814,100,0.96,0.9815668202764977,0.9166666666666666,0.9951923076923077,0.9464285714285714,0.9599708732128086,0.02744297165741101,172,0.868,0.9484978540772532,0.9761904761904762,0.9256198347107438,0.9424778761061947,0.9321572082169336,0.035975953635151964,166,0.8533333333333334,0.9466666666666667,0.9777777777777777,0.92,0.9422222222222222,0.9279999999999999,0.04163569219068572,166,0.9644444444444444,0.9822222222222222,0.9111111111111111,0.9955555555555555,0.9466666666666667,0.96,0.02948110924760355,169,0.8857142857142857,0.9550561797752809,0.9624413145539906,0.9388097233864208,0.9433126660761736,0.9370668339012302,0.027005973864984552,100,0.9088888888888889,0.9644444444444444,0.9444444444444444,0.9577777777777778,0.9444444444444444,0.944,0.019188473906598155,100,0.8549155555555555,0.9405245588936575,0.9338624338624337,0.9237281910009183,0.9188790560471976,0.9143819590719524,0.030681439024759293,100,0.9088888888888889,0.9644444444444443,0.9444444444444444,0.9577777777777778,0.9444444444444444,0.944,0.01918847390659813,100
110,0.01750636100769043,0.007081570787820425,0.041220569610595705,0.006126842561749358,gini,3,4,3,best,"{'criterion': 'gini', 'max_depth': 3, 'min_samples_leaf': 4, 'min_samples_split': 3, 'splitter': 'best'}",0.9088888888888889,0.9644444444444444,0.9444444444444444,0.9577777777777777,0.9444444444444444,0.944,0.01918847390659814,100,0.96,0.9815668202764977,0.9166666666666666,0.9951923076923077,0.9464285714285714,0.9599708732128086,0.02744297165741101,172,0.868,0.9484978540772532,0.9761904761904762,0.9256198347107438,0.9424778761061947,0.9321572082169336,0.035975953635151964,166,0.8533333333333334,0.9466666666666667,0.9777777777777777,0.92,0.9422222222222222,0.9279999999999999,0.04163569219068572,166,0.9644444444444444,0.9822222222222222,0.9111111111111111,0.9955555555555555,0.9466666666666667,0.96,0.02948110924760355,169,0.8857142857142857,0.9550561797752809,0.9624413145539906,0.9388097233864208,0.9433126660761736,0.9370668339012302,0.027005973864984552,100,0.9088888888888889,0.9644444444444444,0.9444444444444444,0.9577777777777778,0.9444444444444444,0.944,0.019188473906598155,100,0.8549155555555555,0.9405245588936575,0.9338624338624337,0.9237281910009183,0.9188790560471976,0.9143819590719524,0.030681439024759293,100,0.9088888888888889,0.9644444444444443,0.9444444444444444,0.9577777777777778,0.9444444444444444,0.944,0.01918847390659813,100
108,0.014527845382690429,0.0035380297206562745,0.03722934722900391,0.005187009887001677,gini,3,4,2,best,"{'criterion': 'gini', 'max_depth': 3, 'min_samples_leaf': 4, 'min_samples_split': 2, 'splitter': 'best'}",0.9088888888888889,0.9644444444444444,0.9444444444444444,0.9577777777777777,0.9444444444444444,0.944,0.01918847390659814,100,0.96,0.9815668202764977,0.9166666666666666,0.9951923076923077,0.9464285714285714,0.9599708732128086,0.02744297165741101,172,0.868,0.9484978540772532,0.9761904761904762,0.9256198347107438,0.9424778761061947,0.9321572082169336,0.035975953635151964,166,0.8533333333333334,0.9466666666666667,0.9777777777777777,0.92,0.9422222222222222,0.9279999999999999,0.04163569219068572,166,0.9644444444444444,0.9822222222222222,0.9111111111111111,0.9955555555555555,0.9466666666666667,0.96,0.02948110924760355,169,0.8857142857142857,0.9550561797752809,0.9624413145539906,0.9388097233864208,0.9433126660761736,0.9370668339012302,0.027005973864984552,100,0.9088888888888889,0.9644444444444444,0.9444444444444444,0.9577777777777778,0.9444444444444444,0.944,0.019188473906598155,100,0.8549155555555555,0.9405245588936575,0.9338624338624337,0.9237281910009183,0.9188790560471976,0.9143819590719524,0.030681439024759293,100,0.9088888888888889,0.9644444444444443,0.9444444444444444,0.9577777777777778,0.9444444444444444,0.944,0.01918847390659813,100
100,0.01286005973815918,0.0021760333076395032,0.03944401741027832,0.0053598871263318484,gini,3,2,4,best,"{'criterion': 'gini', 'max_depth': 3, 'min_samples_leaf': 2, 'min_samples_split': 4, 'splitter': 'best'}",0.9088888888888889,0.9644444444444444,0.9444444444444444,0.9577777777777777,0.9444444444444444,0.944,0.01918847390659814,100,0.96,0.9815668202764977,0.9166666666666666,0.9951923076923077,0.9464285714285714,0.9599708732128086,0.02744297165741101,172,0.868,0.9484978540772532,0.9761904761904762,0.9256198347107438,0.9424778761061947,0.9321572082169336,0.035975953635151964,166,0.8533333333333334,0.9466666666666667,0.9777777777777777,0.92,0.9422222222222222,0.9279999999999999,0.04163569219068572,166,0.9644444444444444,0.9822222222222222,0.9111111111111111,0.9955555555555555,0.9466666666666667,0.96,0.02948110924760355,169,0.8857142857142857,0.9550561797752809,0.9624413145539906,0.9388097233864208,0.9433126660761736,0.9370668339012302,0.027005973864984552,100,0.9088888888888889,0.9644444444444444,0.9444444444444444,0.9577777777777778,0.9444444444444444,0.944,0.019188473906598155,100,0.8549155555555555,0.9405245588936575,0.9338624338624337,0.9237281910009183,0.9188790560471976,0.9143819590719524,0.030681439024759293,100,0.9088888888888889,0.9644444444444443,0.9444444444444444,0.9577777777777778,0.9444444444444444,0.944,0.01918847390659813,100
106,0.011753225326538086,0.0030203003313914777,0.04130320549011231,0.0043057650483617265,gini,3,3,4,best,"{'criterion': 'gini', 'max_depth': 3, 'min_samples_leaf': 3, 'min_samples_split': 4, 'splitter': 'best'}",0.9088888888888889,0.9644444444444444,0.9444444444444444,0.9577777777777777,0.9444444444444444,0.944,0.01918847390659814,100,0.96,0.9815668202764977,0.9166666666666666,0.9951923076923077,0.9464285714285714,0.9599708732128086,0.02744297165741101,172,0.868,0.9484978540772532,0.9761904761904762,0.9256198347107438,0.9424778761061947,0.9321572082169336,0.035975953635151964,166,0.8533333333333334,0.9466666666666667,0.9777777777777777,0.92,0.9422222222222222,0.9279999999999999,0.04163569219068572,166,0.9644444444444444,0.9822222222222222,0.9111111111111111,0.9955555555555555,0.9466666666666667,0.96,0.02948110924760355,169,0.8857142857142857,0.9550561797752809,0.9624413145539906,0.9388097233864208,0.9433126660761736,0.9370668339012302,0.027005973864984552,100,0.9088888888888889,0.9644444444444444,0.9444444444444444,0.9577777777777778,0.9444444444444444,0.944,0.019188473906598155,100,0.8549155555555555,0.9405245588936575,0.9338624338624337,0.9237281910009183,0.9188790560471976,0.9143819590719524,0.030681439024759293,100,0.9088888888888889,0.9644444444444443,0.9444444444444444,0.9577777777777778,0.9444444444444444,0.944,0.01918847390659813,100
104,0.010227775573730469,0.0020651779095498296,0.04699273109436035,0.004359407572645851,gini,3,3,3,best,"{'criterion': 'gini', 'max_depth': 3, 'min_samples_leaf': 3, 'min_samples_split': 3, 'splitter': 'best'}",0.9088888888888889,0.9644444444444444,0.9444444444444444,0.9577777777777777,0.9444444444444444,0.944,0.01918847390659814,100,0.96,0.9815668202764977,0.9166666666666666,0.9951923076923077,0.9464285714285714,0.9599708732128086,0.02744297165741101,172,0.868,0.9484978540772532,0.9761904761904762,0.9256198347107438,0.9424778761061947,0.9321572082169336,0.035975953635151964,166,0.8533333333333334,0.9466666666666667,0.9777777777777777,0.92,0.9422222222222222,0.9279999999999999,0.04163569219068572,166,0.9644444444444444,0.9822222222222222,0.9111111111111111,0.9955555555555555,0.9466666666666667,0.96,0.02948110924760355,169,0.8857142857142857,0.9550561797752809,0.9624413145539906,0.9388097233864208,0.9433126660761736,0.9370668339012302,0.027005973864984552,100,0.9088888888888889,0.9644444444444444,0.9444444444444444,0.9577777777777778,0.9444444444444444,0.944,0.019188473906598155,100,0.8549155555555555,0.9405245588936575,0.9338624338624337,0.9237281910009183,0.9188790560471976,0.9143819590719524,0.030681439024759293,100,0.9088888888888889,0.9644444444444443,0.9444444444444444,0.9577777777777778,0.9444444444444444,0.944,0.01918847390659813,100
96,0.010719633102416993,0.0011997722716146682,0.04546928405761719,0.009159571166659244,gini,3,2,2,best,"{'criterion': 'gini', 'max_depth': 3, 'min_samples_leaf': 2, 'min_samples_split': 2, 'splitter': 'best'}",0.9088888888888889,0.9644444444444444,0.9444444444444444,0.9577777777777777,0.9444444444444444,0.944,0.01918847390659814,100,0.96,0.9815668202764977,0.9166666666666666,0.9951923076923077,0.9464285714285714,0.9599708732128086,0.02744297165741101,172,0.868,0.9484978540772532,0.9761904761904762,0.9256198347107438,0.9424778761061947,0.9321572082169336,0.035975953635151964,166,0.8533333333333334,0.9466666666666667,0.9777777777777777,0.92,0.9422222222222222,0.9279999999999999,0.04163569219068572,166,0.9644444444444444,0.9822222222222222,0.9111111111111111,0.9955555555555555,0.9466666666666667,0.96,0.02948110924760355,169,0.8857142857142857,0.9550561797752809,0.9624413145539906,0.9388097233864208,0.9433126660761736,0.9370668339012302,0.027005973864984552,100,0.9088888888888889,0.9644444444444444,0.9444444444444444,0.9577777777777778,0.9444444444444444,0.944,0.019188473906598155,100,0.8549155555555555,0.9405245588936575,0.9338624338624337,0.9237281910009183,0.9188790560471976,0.9143819590719524,0.030681439024759293,100,0.9088888888888889,0.9644444444444443,0.9444444444444444,0.9577777777777778,0.9444444444444444,0.944,0.01918847390659813,100
102,0.00877227783203125,0.002669731489142572,0.04199972152709961,0.0031751340813589092,gini,3,3,2,best,"{'criterion': 'gini', 'max_depth': 3, 'min_samples_leaf': 3, 'min_samples_split': 2, 'splitter': 'best'}",0.9088888888888889,0.9644444444444444,0.9444444444444444,0.9577777777777777,0.9444444444444444,0.944,0.01918847390659814,100,0.96,0.9815668202764977,0.9166666666666666,0.9951923076923077,0.9464285714285714,0.9599708732128086,0.02744297165741101,172,0.868,0.9484978540772532,0.9761904761904762,0.9256198347107438,0.9424778761061947,0.9321572082169336,0.035975953635151964,166,0.8533333333333334,0.9466666666666667,0.9777777777777777,0.92,0.9422222222222222,0.9279999999999999,0.04163569219068572,166,0.9644444444444444,0.9822222222222222,0.9111111111111111,0.9955555555555555,0.9466666666666667,0.96,0.02948110924760355,169,0.8857142857142857,0.9550561797752809,0.9624413145539906,0.9388097233864208,0.9433126660761736,0.9370668339012302,0.027005973864984552,100,0.9088888888888889,0.9644444444444444,0.9444444444444444,0.9577777777777778,0.9444444444444444,0.944,0.019188473906598155,100,0.8549155555555555,0.9405245588936575,0.9338624338624337,0.9237281910009183,0.9188790560471976,0.9143819590719524,0.030681439024759293,100,0.9088888888888889,0.9644444444444443,0.9444444444444444,0.9577777777777778,0.9444444444444444,0.944,0.01918847390659813,100
320,0.013782882690429687,0.0025298721259058277,0.045375919342041014,0.004065442958797734,entropy,3,7,3,best,"{'criterion': 'entropy', 'max_depth': 3, 'min_samples_leaf': 7, 'min_samples_split': 3, 'splitter': 'best'}",0.9244444444444444,0.9555555555555556,0.9444444444444444,0.9466666666666667,0.9444444444444444,0.9431111111111111,0.010193195503270882,121,0.9569377990430622,0.9812206572769953,0.9166666666666666,0.9902439024390244,0.9464285714285714,0.9582995193708639,0.026160620344733508,193,0.8962655601659751,0.9324894514767933,0.9761904761904762,0.9102040816326531,0.9424778761061947,0.9315254891144186,0.027617784419503525,187,0.8888888888888888,0.9288888888888889,0.9777777777777777,0.9022222222222223,0.9422222222222222,0.9279999999999999,0.031225187680444962,166,0.96,0.9822222222222222,0.9111111111111111,0.9911111111111112,0.9466666666666667,0.9582222222222221,0.02833311546757198,193,0.9083263246425568,0.9420289855072463,0.9624413145539906,0.9253112033195021,0.9433126660761736,0.9362840988198938,0.018268256557756893,121,0.9244444444444444,0.9555555555555555,0.9444444444444444,0.9466666666666668,0.9444444444444444,0.9431111111111111,0.010193195503270863,121,0.8804149377593361,0.9248007501172057,0.9338624338624337,0.9065578231292517,0.9188790560471976,0.9129030001830849,0.01850569117454833,121,0.9244444444444444,0.9555555555555555,0.9444444444444444,0.9466666666666667,0.9444444444444444,0.9431111111111111,0.010193195503270854,121
498,0.016003227233886717,0.003892820066967156,0.04477334022521973,0.00956012452293635,log_loss,3,5,2,best,"{'criterion': 'log_loss', 'max_depth': 3, 'min_samples_leaf': 5, 'min_samples_split': 2, 'splitter': 'best'}",0.9244444444444444,0.9555555555555556,0.9444444444444444,0.9466666666666667,0.9444444444444444,0.9431111111111111,0.010193195503270882,121,0.9569377990430622,0.9812206572769953,0.9166666666666666,0.9902439024390244,0.9464285714285714,0.9582995193708639,0.026160620344733508,193,0.8962655601659751,0.9324894514767933,0.9761904761904762,0.9102040816326531,0.9424778761061947,0.9315254891144186,0.027617784419503525,187,0.8888888888888888,0.9288888888888889,0.9777777777777777,0.9022222222222223,0.9422222222222222,0.9279999999999999,0.031225187680444962,166,0.96,0.9822222222222222,0.9111111111111111,0.9911111111111112,0.9466666666666667,0.9582222222222221,0.02833311546757198,193,0.9083263246425568,0.9420289855072463,0.9624413145539906,0.9253112033195021,0.9433126660761736,0.9362840988198938,0.018268256557756893,121,0.9244444444444444,0.9555555555555555,0.9444444444444444,0.9466666666666668,0.9444444444444444,0.9431111111111111,0.010193195503270863,121,0.8804149377593361,0.9248007501172057,0.9338624338624337,0.9065578231292517,0.9188790560471976,0.9129030001830849,0.01850569117454833,121,0.9244444444444444,0.9555555555555555,0.9444444444444444,0.9466666666666667,0.9444444444444444,0.9431111111111111,0.010193195503270854,121
518,0.017651796340942383,0.0031211760487753794,0.04818019866943359,0.012039680514369006,log_loss,3,8,3,best,"{'criterion': 'log_loss', 'max_depth': 3, 'min_samples_leaf': 8, 'min_samples_split': 3, 'splitter': 'best'}",0.9244444444444444,0.9555555555555556,0.9444444444444444,0.9466666666666667,0.9444444444444444,0.9431111111111111,0.010193195503270882,121,0.9569377990430622,0.9812206572769953,0.9166666666666666,0.9902439024390244,0.9464285714285714,0.9582995193708639,0.026160620344733508,193,0.8962655601659751,0.9324894514767933,0.9761904761904762,0.9102040816326531,0.9424778761061947,0.9315254891144186,0.027617784419503525,187,0.8888888888888888,0.9288888888888889,0.9777777777777777,0.9022222222222223,0.9422222222222222,0.9279999999999999,0.031225187680444962,166,0.96,0.9822222222222222,0.9111111111111111,0.9911111111111112,0.9466666666666667,0.9582222222222221,0.02833311546757198,193,0.9083263246425568,0.9420289855072463,0.9624413145539906,0.9253112033195021,0.9433126660761736,0.9362840988198938,0.018268256557756893,121,0.9244444444444444,0.9555555555555555,0.9444444444444444,0.9466666666666668,0.9444444444444444,0.9431111111111111,0.010193195503270863,121,0.8804149377593361,0.9248007501172057,0.9338624338624337,0.9065578231292517,0.9188790560471976,0.9129030001830849,0.01850569117454833,121,0.9244444444444444,0.9555555555555555,0.9444444444444444,0.9466666666666667,0.9444444444444444,0.9431111111111111,0.010193195503270854,121
288,0.015687227249145508,0.004305993715802055,0.04684791564941406,0.0032054196471078085,entropy,3,2,2,best,"{'criterion': 'entropy', 'max_depth': 3, 'min_samples_leaf': 2, 'min_samples_split': 2, 'splitter': 'best'}",0.9244444444444444,0.9555555555555556,0.9444444444444444,0.9466666666666667,0.9444444444444444,0.9431111111111111,0.010193195503270882,121,0.9569377990430622,0.9812206572769953,0.9166666666666666,0.9902439024390244,0.9464285714285714,0.9582995193708639,0.026160620344733508,193,0.8962655601659751,0.9324894514767933,0.9761904761904762,0.9102040816326531,0.9424778761061947,0.9315254891144186,0.027617784419503525,187,0.8888888888888888,0.9288888888888889,0.9777777777777777,0.9022222222222223,0.9422222222222222,0.9279999999999999,0.031225187680444962,166,0.96,0.9822222222222222,0.9111111111111111,0.9911111111111112,0.9466666666666667,0.9582222222222221,0.02833311546757198,193,0.9083263246425568,0.9420289855072463,0.9624413145539906,0.9253112033195021,0.9433126660761736,0.9362840988198938,0.018268256557756893,121,0.9244444444444444,0.9555555555555555,0.9444444444444444,0.9466666666666668,0.9444444444444444,0.9431111111111111,0.010193195503270863,121,0.8804149377593361,0.9248007501172057,0.9338624338624337,0.9065578231292517,0.9188790560471976,0.9129030001830849,0.01850569117454833,121,0.9244444444444444,0.9555555555555555,0.9444444444444444,0.9466666666666667,0.9444444444444444,0.9431111111111111,0.010193195503270854,121
500,0.014754104614257812,0.004248173369737749,0.04343700408935547,0.0049525722499601296,log_loss,3,5,3,best,"{'criterion': 'log_loss', 'max_depth': 3, 'min_samples_leaf': 5, 'min_samples_split': 3, 'splitter': 'best'}",0.9244444444444444,0.9555555555555556,0.9444444444444444,0.9466666666666667,0.9444444444444444,0.9431111111111111,0.010193195503270882,121,0.9569377990430622,0.9812206572769953,0.9166666666666666,0.9902439024390244,0.9464285714285714,0.9582995193708639,0.026160620344733508,193,0.8962655601659751,0.9324894514767933,0.9761904761904762,0.9102040816326531,0.9424778761061947,0.9315254891144186,0.027617784419503525,187,0.8888888888888888,0.9288888888888889,0.9777777777777777,0.9022222222222223,0.9422222222222222,0.9279999999999999,0.031225187680444962,166,0.96,0.9822222222222222,0.9111111111111111,0.9911111111111112,0.9466666666666667,0.9582222222222221,0.02833311546757198,193,0.9083263246425568,0.9420289855072463,0.9624413145539906,0.9253112033195021,0.9433126660761736,0.9362840988198938,0.018268256557756893,121,0.9244444444444444,0.9555555555555555,0.9444444444444444,0.9466666666666668,0.9444444444444444,0.9431111111111111,0.010193195503270863,121,0.8804149377593361,0.9248007501172057,0.9338624338624337,0.9065578231292517,0.9188790560471976,0.9129030001830849,0.01850569117454833,121,0.9244444444444444,0.9555555555555555,0.9444444444444444,0.9466666666666667,0.9444444444444444,0.9431111111111111,0.010193195503270854,121
316,0.017090892791748045,0.005908235319040377,0.04678401947021484,0.005574153577836587,entropy,3,6,4,best,"{'criterion': 'entropy', 'max_depth': 3, 'min_samples_leaf': 6, 'min_samples_split': 4, 'splitter': 'best'}",0.9244444444444444,0.9555555555555556,0.9444444444444444,0.9466666666666667,0.9444444444444444,0.9431111111111111,0.010193195503270882,121,0.9569377990430622,0.9812206572769953,0.9166666666666666,0.9902439024390244,0.9464285714285714,0.9582995193708639,0.026160620344733508,193,0.8962655601659751,0.9324894514767933,0.9761904761904762,0.9102040816326531,0.9424778761061947,0.9315254891144186,0.027617784419503525,187,0.8888888888888888,0.9288888888888889,0.9777777777777777,0.9022222222222223,0.9422222222222222,0.9279999999999999,0.031225187680444962,166,0.96,0.9822222222222222,0.9111111111111111,0.9911111111111112,0.9466666666666667,0.9582222222222221,0.02833311546757198,193,0.9083263246425568,0.9420289855072463,0.9624413145539906,0.9253112033195021,0.9433126660761736,0.9362840988198938,0.018268256557756893,121,0.9244444444444444,0.9555555555555555,0.9444444444444444,0.9466666666666668,0.9444444444444444,0.9431111111111111,0.010193195503270863,121,0.8804149377593361,0.9248007501172057,0.9338624338624337,0.9065578231292517,0.9188790560471976,0.9129030001830849,0.01850569117454833,121,0.9244444444444444,0.9555555555555555,0.9444444444444444,0.9466666666666667,0.9444444444444444,0.9431111111111111,0.010193195503270854,121
502,0.014837312698364257,0.003505285450995833,0.04591622352600098,0.00452755858885708,log_loss,3,5,4,best,"{'criterion': 'log_loss', 'max_depth': 3, 'min_samples_leaf': 5, 'min_samples_split': 4, 'splitter': 'best'}",0.9244444444444444,0.9555555555555556,0.9444444444444444,0.9466666666666667,0.9444444444444444,0.9431111111111111,0.010193195503270882,121,0.9569377990430622,0.9812206572769953,0.9166666666666666,0.9902439024390244,0.9464285714285714,0.9582995193708639,0.026160620344733508,193,0.8962655601659751,0.9324894514767933,0.9761904761904762,0.9102040816326531,0.9424778761061947,0.9315254891144186,0.027617784419503525,187,0.8888888888888888,0.9288888888888889,0.9777777777777777,0.9022222222222223,0.9422222222222222,0.9279999999999999,0.031225187680444962,166,0.96,0.9822222222222222,0.9111111111111111,0.9911111111111112,0.9466666666666667,0.9582222222222221,0.02833311546757198,193,0.9083263246425568,0.9420289855072463,0.9624413145539906,0.9253112033195021,0.9433126660761736,0.9362840988198938,0.018268256557756893,121,0.9244444444444444,0.9555555555555555,0.9444444444444444,0.9466666666666668,0.9444444444444444,0.9431111111111111,0.010193195503270863,121,0.8804149377593361,0.9248007501172057,0.9338624338624337,0.9065578231292517,0.9188790560471976,0.9129030001830849,0.01850569117454833,121,0.9244444444444444,0.9555555555555555,0.9444444444444444,0.9466666666666667,0.9444444444444444,0.9431111111111111,0.010193195503270854,121
514,0.01453857421875,0.004663404802183002,0.044218921661376955,0.0042189258990865995,log_loss,3,7,4,best,"{'criterion': 'log_loss', 'max_depth': 3, 'min_samples_leaf': 7, 'min_samples_split': 4, 'splitter': 'best'}",0.9244444444444444,0.9555555555555556,0.9444444444444444,0.9466666666666667,0.9444444444444444,0.9431111111111111,0.010193195503270882,121,0.9569377990430622,0.9812206572769953,0.9166666666666666,0.9902439024390244,0.9464285714285714,0.9582995193708639,0.026160620344733508,193,0.8962655601659751,0.9324894514767933,0.9761904761904762,0.9102040816326531,0.9424778761061947,0.9315254891144186,0.027617784419503525,187,0.8888888888888888,0.9288888888888889,0.9777777777777777,0.9022222222222223,0.9422222222222222,0.9279999999999999,0.031225187680444962,166,0.96,0.9822222222222222,0.9111111111111111,0.9911111111111112,0.9466666666666667,0.9582222222222221,0.02833311546757198,193,0.9083263246425568,0.9420289855072463,0.9624413145539906,0.9253112033195021,0.9433126660761736,0.9362840988198938,0.018268256557756893,121,0.9244444444444444,0.9555555555555555,0.9444444444444444,0.9466666666666668,0.9444444444444444,0.9431111111111111,0.010193195503270863,121,0.8804149377593361,0.9248007501172057,0.9338624338624337,0.9065578231292517,0.9188790560471976,0.9129030001830849,0.01850569117454833,121,0.9244444444444444,0.9555555555555555,0.9444444444444444,0.9466666666666667,0.9444444444444444,0.9431111111111111,0.010193195503270854,121
314,0.016065549850463868,0.00437592072072633,0.04328451156616211,0.006090984307556036,entropy,3,6,3,best,"{'criterion': 'entropy', 'max_depth': 3, 'min_samples_leaf': 6, 'min_samples_split': 3, 'splitter': 'best'}",0.9244444444444444,0.9555555555555556,0.9444444444444444,0.9466666666666667,0.9444444444444444,0.9431111111111111,0.010193195503270882,121,0.9569377990430622,0.9812206572769953,0.9166666666666666,0.9902439024390244,0.9464285714285714,0.9582995193708639,0.026160620344733508,193,0.8962655601659751,0.9324894514767933,0.9761904761904762,0.9102040816326531,0.9424778761061947,0.9315254891144186,0.027617784419503525,187,0.8888888888888888,0.9288888888888889,0.9777777777777777,0.9022222222222223,0.9422222222222222,0.9279999999999999,0.031225187680444962,166,0.96,0.9822222222222222,0.9111111111111111,0.9911111111111112,0.9466666666666667,0.9582222222222221,0.02833311546757198,193,0.9083263246425568,0.9420289855072463,0.9624413145539906,0.9253112033195021,0.9433126660761736,0.9362840988198938,0.018268256557756893,121,0.9244444444444444,0.9555555555555555,0.9444444444444444,0.9466666666666668,0.9444444444444444,0.9431111111111111,0.010193195503270863,121,0.8804149377593361,0.9248007501172057,0.9338624338624337,0.9065578231292517,0.9188790560471976,0.9129030001830849,0.01850569117454833,121,0.9244444444444444,0.9555555555555555,0.9444444444444444,0.9466666666666667,0.9444444444444444,0.9431111111111111,0.010193195503270854,121
318,0.018146276473999023,0.001843661764115646,0.041831350326538085,0.003848627671901276,entropy,3,7,2,best,"{'criterion': 'entropy', 'max_depth': 3, 'min_samples_leaf': 7, 'min_samples_split': 2, 'splitter': 'best'}",0.9244444444444444,0.9555555555555556,0.9444444444444444,0.9466666666666667,0.9444444444444444,0.9431111111111111,0.010193195503270882,121,0.9569377990430622,0.9812206572769953,0.9166666666666666,0.9902439024390244,0.9464285714285714,0.9582995193708639,0.026160620344733508,193,0.8962655601659751,0.9324894514767933,0.9761904761904762,0.9102040816326531,0.9424778761061947,0.9315254891144186,0.027617784419503525,187,0.8888888888888888,0.9288888888888889,0.9777777777777777,0.9022222222222223,0.9422222222222222,0.9279999999999999,0.031225187680444962,166,0.96,0.9822222222222222,0.9111111111111111,0.9911111111111112,0.9466666666666667,0.9582222222222221,0.02833311546757198,193,0.9083263246425568,0.9420289855072463,0.9624413145539906,0.9253112033195021,0.9433126660761736,0.9362840988198938,0.018268256557756893,121,0.9244444444444444,0.9555555555555555,0.9444444444444444,0.9466666666666668,0.9444444444444444,0.9431111111111111,0.010193195503270863,121,0.8804149377593361,0.9248007501172057,0.9338624338624337,0.9065578231292517,0.9188790560471976,0.9129030001830849,0.01850569117454833,121,0.9244444444444444,0.9555555555555555,0.9444444444444444,0.9466666666666667,0.9444444444444444,0.9431111111111111,0.010193195503270854,121
520,0.01737208366394043,0.00491998193886272,0.04980649948120117,0.0064544534686591755,log_loss,3,8,4,best,"{'criterion': 'log_loss', 'max_depth': 3, 'min_samples_leaf': 8, 'min_samples_split': 4, 'splitter': 'best'}",0.9244444444444444,0.9555555555555556,0.9444444444444444,0.9466666666666667,0.9444444444444444,0.9431111111111111,0.010193195503270882,121,0.9569377990430622,0.9812206572769953,0.9166666666666666,0.9902439024390244,0.9464285714285714,0.9582995193708639,0.026160620344733508,193,0.8962655601659751,0.9324894514767933,0.9761904761904762,0.9102040816326531,0.9424778761061947,0.9315254891144186,0.027617784419503525,187,0.8888888888888888,0.9288888888888889,0.9777777777777777,0.9022222222222223,0.9422222222222222,0.9279999999999999,0.031225187680444962,166,0.96,0.9822222222222222,0.9111111111111111,0.9911111111111112,0.9466666666666667,0.9582222222222221,0.02833311546757198,193,0.9083263246425568,0.9420289855072463,0.9624413145539906,0.9253112033195021,0.9433126660761736,0.9362840988198938,0.018268256557756893,121,0.9244444444444444,0.9555555555555555,0.9444444444444444,0.9466666666666668,0.9444444444444444,0.9431111111111111,0.010193195503270863,121,0.8804149377593361,0.9248007501172057,0.9338624338624337,0.9065578231292517,0.9188790560471976,0.9129030001830849,0.01850569117454833,121,0.9244444444444444,0.9555555555555555,0.9444444444444444,0.9466666666666667,0.9444444444444444,0.9431111111111111,0.010193195503270854,121
480,0.012998485565185547,0.004452341747182852,0.046919393539428714,0.007780764702172769,log_loss,3,2,2,best,"{'criterion': 'log_loss', 'max_depth': 3, 'min_samples_leaf': 2, 'min_samples_split': 2, 'splitter': 'best'}",0.9244444444444444,0.9555555555555556,0.9444444444444444,0.9466666666666667,0.9444444444444444,0.9431111111111111,0.010193195503270882,121,0.9569377990430622,0.9812206572769953,0.9166666666666666,0.9902439024390244,0.9464285714285714,0.9582995193708639,0.026160620344733508,193,0.8962655601659751,0.9324894514767933,0.9761904761904762,0.9102040816326531,0.9424778761061947,0.9315254891144186,0.027617784419503525,187,0.8888888888888888,0.9288888888888889,0.9777777777777777,0.9022222222222223,0.9422222222222222,0.9279999999999999,0.031225187680444962,166,0.96,0.9822222222222222,0.9111111111111111,0.9911111111111112,0.9466666666666667,0.9582222222222221,0.02833311546757198,193,0.9083263246425568,0.9420289855072463,0.9624413145539906,0.9253112033195021,0.9433126660761736,0.9362840988198938,0.018268256557756893,121,0.9244444444444444,0.9555555555555555,0.9444444444444444,0.9466666666666668,0.9444444444444444,0.9431111111111111,0.010193195503270863,121,0.8804149377593361,0.9248007501172057,0.9338624338624337,0.9065578231292517,0.9188790560471976,0.9129030001830849,0.01850569117454833,121,0.9244444444444444,0.9555555555555555,0.9444444444444444,0.9466666666666667,0.9444444444444444,0.9431111111111111,0.010193195503270854,121
324,0.0167482852935791,0.006514913399121019,0.04076681137084961,0.0057980289042541475,entropy,3,8,2,best,"{'criterion': 'entropy', 'max_depth': 3, 'min_samples_leaf': 8, 'min_samples_split': 2, 'splitter': 'best'}",0.9244444444444444,0.9555555555555556,0.9444444444444444,0.9466666666666667,0.9444444444444444,0.9431111111111111,0.010193195503270882,121,0.9569377990430622,0.9812206572769953,0.9166666666666666,0.9902439024390244,0.9464285714285714,0.9582995193708639,0.026160620344733508,193,0.8962655601659751,0.9324894514767933,0.9761904761904762,0.9102040816326531,0.9424778761061947,0.9315254891144186,0.027617784419503525,187,0.8888888888888888,0.9288888888888889,0.9777777777777777,0.9022222222222223,0.9422222222222222,0.9279999999999999,0.031225187680444962,166,0.96,0.9822222222222222,0.9111111111111111,0.9911111111111112,0.9466666666666667,0.9582222222222221,0.02833311546757198,193,0.9083263246425568,0.9420289855072463,0.9624413145539906,0.9253112033195021,0.9433126660761736,0.9362840988198938,0.018268256557756893,121,0.9244444444444444,0.9555555555555555,0.9444444444444444,0.9466666666666668,0.9444444444444444,0.9431111111111111,0.010193195503270863,121,0.8804149377593361,0.9248007501172057,0.9338624338624337,0.9065578231292517,0.9188790560471976,0.9129030001830849,0.01850569117454833,121,0.9244444444444444,0.9555555555555555,0.9444444444444444,0.9466666666666667,0.9444444444444444,0.9431111111111111,0.010193195503270854,121
512,0.016923141479492188,0.003697300384681057,0.04091658592224121,0.004151461282155795,log_loss,3,7,3,best,"{'criterion': 'log_loss', 'max_depth': 3, 'min_samples_leaf': 7, 'min_samples_split': 3, 'splitter': 'best'}",0.9244444444444444,0.9555555555555556,0.9444444444444444,0.9466666666666667,0.9444444444444444,0.9431111111111111,0.010193195503270882,121,0.9569377990430622,0.9812206572769953,0.9166666666666666,0.9902439024390244,0.9464285714285714,0.9582995193708639,0.026160620344733508,193,0.8962655601659751,0.9324894514767933,0.9761904761904762,0.9102040816326531,0.9424778761061947,0.9315254891144186,0.027617784419503525,187,0.8888888888888888,0.9288888888888889,0.9777777777777777,0.9022222222222223,0.9422222222222222,0.9279999999999999,0.031225187680444962,166,0.96,0.9822222222222222,0.9111111111111111,0.9911111111111112,0.9466666666666667,0.9582222222222221,0.02833311546757198,193,0.9083263246425568,0.9420289855072463,0.9624413145539906,0.9253112033195021,0.9433126660761736,0.9362840988198938,0.018268256557756893,121,0.9244444444444444,0.9555555555555555,0.9444444444444444,0.9466666666666668,0.9444444444444444,0.9431111111111111,0.010193195503270863,121,0.8804149377593361,0.9248007501172057,0.9338624338624337,0.9065578231292517,0.9188790560471976,0.9129030001830849,0.01850569117454833,121,0.9244444444444444,0.9555555555555555,0.9444444444444444,0.9466666666666667,0.9444444444444444,0.9431111111111111,0.010193195503270854,121
326,0.016372156143188477,0.003254841442421127,0.04060850143432617,0.0033121132301445395,entropy,3,8,3,best,"{'criterion': 'entropy', 'max_depth': 3, 'min_samples_leaf': 8, 'min_samples_split': 3, 'splitter': 'best'}",0.9244444444444444,0.9555555555555556,0.9444444444444444,0.9466666666666667,0.9444444444444444,0.9431111111111111,0.010193195503270882,121,0.9569377990430622,0.9812206572769953,0.9166666666666666,0.9902439024390244,0.9464285714285714,0.9582995193708639,0.026160620344733508,193,0.8962655601659751,0.9324894514767933,0.9761904761904762,0.9102040816326531,0.9424778761061947,0.9315254891144186,0.027617784419503525,187,0.8888888888888888,0.9288888888888889,0.9777777777777777,0.9022222222222223,0.9422222222222222,0.9279999999999999,0.031225187680444962,166,0.96,0.9822222222222222,0.9111111111111111,0.9911111111111112,0.9466666666666667,0.9582222222222221,0.02833311546757198,193,0.9083263246425568,0.9420289855072463,0.9624413145539906,0.9253112033195021,0.9433126660761736,0.9362840988198938,0.018268256557756893,121,0.9244444444444444,0.9555555555555555,0.9444444444444444,0.9466666666666668,0.9444444444444444,0.9431111111111111,0.010193195503270863,121,0.8804149377593361,0.9248007501172057,0.9338624338624337,0.9065578231292517,0.9188790560471976,0.9129030001830849,0.01850569117454833,121,0.9244444444444444,0.9555555555555555,0.9444444444444444,0.9466666666666667,0.9444444444444444,0.9431111111111111,0.010193195503270854,121
328,0.01584615707397461,0.0033205253421589405,0.04580907821655274,0.005922781424696039,entropy,3,8,4,best,"{'criterion': 'entropy', 'max_depth': 3, 'min_samples_leaf': 8, 'min_samples_split': 4, 'splitter': 'best'}",0.9244444444444444,0.9555555555555556,0.9444444444444444,0.9466666666666667,0.9444444444444444,0.9431111111111111,0.010193195503270882,121,0.9569377990430622,0.9812206572769953,0.9166666666666666,0.9902439024390244,0.9464285714285714,0.9582995193708639,0.026160620344733508,193,0.8962655601659751,0.9324894514767933,0.9761904761904762,0.9102040816326531,0.9424778761061947,0.9315254891144186,0.027617784419503525,187,0.8888888888888888,0.9288888888888889,0.9777777777777777,0.9022222222222223,0.9422222222222222,0.9279999999999999,0.031225187680444962,166,0.96,0.9822222222222222,0.9111111111111111,0.9911111111111112,0.9466666666666667,0.9582222222222221,0.02833311546757198,193,0.9083263246425568,0.9420289855072463,0.9624413145539906,0.9253112033195021,0.9433126660761736,0.9362840988198938,0.018268256557756893,121,0.9244444444444444,0.9555555555555555,0.9444444444444444,0.9466666666666668,0.9444444444444444,0.9431111111111111,0.010193195503270863,121,0.8804149377593361,0.9248007501172057,0.9338624338624337,0.9065578231292517,0.9188790560471976,0.9129030001830849,0.01850569117454833,121,0.9244444444444444,0.9555555555555555,0.9444444444444444,0.9466666666666667,0.9444444444444444,0.9431111111111111,0.010193195503270854,121
482,0.015957117080688477,0.0051884835612499795,0.040047836303710935,0.004426147971858379,log_loss,3,2,3,best,"{'criterion': 'log_loss', 'max_depth': 3, 'min_samples_leaf': 2, 'min_samples_split': 3, 'splitter': 'best'}",0.9244444444444444,0.9555555555555556,0.9444444444444444,0.9466666666666667,0.9444444444444444,0.9431111111111111,0.010193195503270882,121,0.9569377990430622,0.9812206572769953,0.9166666666666666,0.9902439024390244,0.9464285714285714,0.9582995193708639,0.026160620344733508,193,0.8962655601659751,0.9324894514767933,0.9761904761904762,0.9102040816326531,0.9424778761061947,0.9315254891144186,0.027617784419503525,187,0.8888888888888888,0.9288888888888889,0.9777777777777777,0.9022222222222223,0.9422222222222222,0.9279999999999999,0.031225187680444962,166,0.96,0.9822222222222222,0.9111111111111111,0.9911111111111112,0.9466666666666667,0.9582222222222221,0.02833311546757198,193,0.9083263246425568,0.9420289855072463,0.9624413145539906,0.9253112033195021,0.9433126660761736,0.9362840988198938,0.018268256557756893,121,0.9244444444444444,0.9555555555555555,0.9444444444444444,0.9466666666666668,0.9444444444444444,0.9431111111111111,0.010193195503270863,121,0.8804149377593361,0.9248007501172057,0.9338624338624337,0.9065578231292517,0.9188790560471976,0.9129030001830849,0.01850569117454833,121,0.9244444444444444,0.9555555555555555,0.9444444444444444,0.9466666666666667,0.9444444444444444,0.9431111111111111,0.010193195503270854,121
484,0.024542713165283205,0.00869969891590631,0.04027261734008789,0.00949408421105548,log_loss,3,2,4,best,"{'criterion': 'log_loss', 'max_depth': 3, 'min_samples_leaf': 2, 'min_samples_split': 4, 'splitter': 'best'}",0.9244444444444444,0.9555555555555556,0.9444444444444444,0.9466666666666667,0.9444444444444444,0.9431111111111111,0.010193195503270882,121,0.9569377990430622,0.9812206572769953,0.9166666666666666,0.9902439024390244,0.9464285714285714,0.9582995193708639,0.026160620344733508,193,0.8962655601659751,0.9324894514767933,0.9761904761904762,0.9102040816326531,0.9424778761061947,0.9315254891144186,0.027617784419503525,187,0.8888888888888888,0.9288888888888889,0.9777777777777777,0.9022222222222223,0.9422222222222222,0.9279999999999999,0.031225187680444962,166,0.96,0.9822222222222222,0.9111111111111111,0.9911111111111112,0.9466666666666667,0.9582222222222221,0.02833311546757198,193,0.9083263246425568,0.9420289855072463,0.9624413145539906,0.9253112033195021,0.9433126660761736,0.9362840988198938,0.018268256557756893,121,0.9244444444444444,0.9555555555555555,0.9444444444444444,0.9466666666666668,0.9444444444444444,0.9431111111111111,0.010193195503270863,121,0.8804149377593361,0.9248007501172057,0.9338624338624337,0.9065578231292517,0.9188790560471976,0.9129030001830849,0.01850569117454833,121,0.9244444444444444,0.9555555555555555,0.9444444444444444,0.9466666666666667,0.9444444444444444,0.9431111111111111,0.010193195503270854,121
486,0.020022869110107422,0.007085574694892854,0.04145655632019043,0.008539058296653036,log_loss,3,3,2,best,"{'criterion': 'log_loss', 'max_depth': 3, 'min_samples_leaf': 3, 'min_samples_split': 2, 'splitter': 'best'}",0.9244444444444444,0.9555555555555556,0.9444444444444444,0.9466666666666667,0.9444444444444444,0.9431111111111111,0.010193195503270882,121,0.9569377990430622,0.9812206572769953,0.9166666666666666,0.9902439024390244,0.9464285714285714,0.9582995193708639,0.026160620344733508,193,0.8962655601659751,0.9324894514767933,0.9761904761904762,0.9102040816326531,0.9424778761061947,0.9315254891144186,0.027617784419503525,187,0.8888888888888888,0.9288888888888889,0.9777777777777777,0.9022222222222223,0.9422222222222222,0.9279999999999999,0.031225187680444962,166,0.96,0.9822222222222222,0.9111111111111111,0.9911111111111112,0.9466666666666667,0.9582222222222221,0.02833311546757198,193,0.9083263246425568,0.9420289855072463,0.9624413145539906,0.9253112033195021,0.9433126660761736,0.9362840988198938,0.018268256557756893,121,0.9244444444444444,0.9555555555555555,0.9444444444444444,0.9466666666666668,0.9444444444444444,0.9431111111111111,0.010193195503270863,121,0.8804149377593361,0.9248007501172057,0.9338624338624337,0.9065578231292517,0.9188790560471976,0.9129030001830849,0.01850569117454833,121,0.9244444444444444,0.9555555555555555,0.9444444444444444,0.9466666666666667,0.9444444444444444,0.9431111111111111,0.010193195503270854,121
488,0.01614069938659668,0.004671995348448414,0.044971466064453125,0.004580099570826481,log_loss,3,3,3,best,"{'criterion': 'log_loss', 'max_depth': 3, 'min_samples_leaf': 3, 'min_samples_split': 3, 'splitter': 'best'}",0.9244444444444444,0.9555555555555556,0.9444444444444444,0.9466666666666667,0.9444444444444444,0.9431111111111111,0.010193195503270882,121,0.9569377990430622,0.9812206572769953,0.9166666666666666,0.9902439024390244,0.9464285714285714,0.9582995193708639,0.026160620344733508,193,0.8962655601659751,0.9324894514767933,0.9761904761904762,0.9102040816326531,0.9424778761061947,0.9315254891144186,0.027617784419503525,187,0.8888888888888888,0.9288888888888889,0.9777777777777777,0.9022222222222223,0.9422222222222222,0.9279999999999999,0.031225187680444962,166,0.96,0.9822222222222222,0.9111111111111111,0.9911111111111112,0.9466666666666667,0.9582222222222221,0.02833311546757198,193,0.9083263246425568,0.9420289855072463,0.9624413145539906,0.9253112033195021,0.9433126660761736,0.9362840988198938,0.018268256557756893,121,0.9244444444444444,0.9555555555555555,0.9444444444444444,0.9466666666666668,0.9444444444444444,0.9431111111111111,0.010193195503270863,121,0.8804149377593361,0.9248007501172057,0.9338624338624337,0.9065578231292517,0.9188790560471976,0.9129030001830849,0.01850569117454833,121,0.9244444444444444,0.9555555555555555,0.9444444444444444,0.9466666666666667,0.9444444444444444,0.9431111111111111,0.010193195503270854,121
490,0.02471957206726074,0.011815163536912617,0.04939470291137695,0.00886365434822686,log_loss,3,3,4,best,"{'criterion': 'log_loss', 'max_depth': 3, 'min_samples_leaf': 3, 'min_samples_split': 4, 'splitter': 'best'}",0.9244444444444444,0.9555555555555556,0.9444444444444444,0.9466666666666667,0.9444444444444444,0.9431111111111111,0.010193195503270882,121,0.9569377990430622,0.9812206572769953,0.9166666666666666,0.9902439024390244,0.9464285714285714,0.9582995193708639,0.026160620344733508,193,0.8962655601659751,0.9324894514767933,0.9761904761904762,0.9102040816326531,0.9424778761061947,0.9315254891144186,0.027617784419503525,187,0.8888888888888888,0.9288888888888889,0.9777777777777777,0.9022222222222223,0.9422222222222222,0.9279999999999999,0.031225187680444962,166,0.96,0.9822222222222222,0.9111111111111111,0.9911111111111112,0.9466666666666667,0.9582222222222221,0.02833311546757198,193,0.9083263246425568,0.9420289855072463,0.9624413145539906,0.9253112033195021,0.9433126660761736,0.9362840988198938,0.018268256557756893,121,0.9244444444444444,0.9555555555555555,0.9444444444444444,0.9466666666666668,0.9444444444444444,0.9431111111111111,0.010193195503270863,121,0.8804149377593361,0.9248007501172057,0.9338624338624337,0.9065578231292517,0.9188790560471976,0.9129030001830849,0.01850569117454833,121,0.9244444444444444,0.9555555555555555,0.9444444444444444,0.9466666666666667,0.9444444444444444,0.9431111111111111,0.010193195503270854,121
496,0.02001638412475586,0.007180520661787134,0.04578714370727539,0.007716384338227126,log_loss,3,4,4,best,"{'criterion': 'log_loss', 'max_depth': 3, 'min_samples_leaf': 4, 'min_samples_split': 4, 'splitter': 'best'}",0.9244444444444444,0.9555555555555556,0.9444444444444444,0.9466666666666667,0.9444444444444444,0.9431111111111111,0.010193195503270882,121,0.9569377990430622,0.9812206572769953,0.9166666666666666,0.9902439024390244,0.9464285714285714,0.9582995193708639,0.026160620344733508,193,0.8962655601659751,0.9324894514767933,0.9761904761904762,0.9102040816326531,0.9424778761061947,0.9315254891144186,0.027617784419503525,187,0.8888888888888888,0.9288888888888889,0.9777777777777777,0.9022222222222223,0.9422222222222222,0.9279999999999999,0.031225187680444962,166,0.96,0.9822222222222222,0.9111111111111111,0.9911111111111112,0.9466666666666667,0.9582222222222221,0.02833311546757198,193,0.9083263246425568,0.9420289855072463,0.9624413145539906,0.9253112033195021,0.9433126660761736,0.9362840988198938,0.018268256557756893,121,0.9244444444444444,0.9555555555555555,0.9444444444444444,0.9466666666666668,0.9444444444444444,0.9431111111111111,0.010193195503270863,121,0.8804149377593361,0.9248007501172057,0.9338624338624337,0.9065578231292517,0.9188790560471976,0.9129030001830849,0.01850569117454833,121,0.9244444444444444,0.9555555555555555,0.9444444444444444,0.9466666666666667,0.9444444444444444,0.9431111111111111,0.010193195503270854,121
494,0.02186861038208008,0.0053574731389274596,0.04050941467285156,0.0017761529577598513,log_loss,3,4,3,best,"{'criterion': 'log_loss', 'max_depth': 3, 'min_samples_leaf': 4, 'min_samples_split': 3, 'splitter': 'best'}",0.9244444444444444,0.9555555555555556,0.9444444444444444,0.9466666666666667,0.9444444444444444,0.9431111111111111,0.010193195503270882,121,0.9569377990430622,0.9812206572769953,0.9166666666666666,0.9902439024390244,0.9464285714285714,0.9582995193708639,0.026160620344733508,193,0.8962655601659751,0.9324894514767933,0.9761904761904762,0.9102040816326531,0.9424778761061947,0.9315254891144186,0.027617784419503525,187,0.8888888888888888,0.9288888888888889,0.9777777777777777,0.9022222222222223,0.9422222222222222,0.9279999999999999,0.031225187680444962,166,0.96,0.9822222222222222,0.9111111111111111,0.9911111111111112,0.9466666666666667,0.9582222222222221,0.02833311546757198,193,0.9083263246425568,0.9420289855072463,0.9624413145539906,0.9253112033195021,0.9433126660761736,0.9362840988198938,0.018268256557756893,121,0.9244444444444444,0.9555555555555555,0.9444444444444444,0.9466666666666668,0.9444444444444444,0.9431111111111111,0.010193195503270863,121,0.8804149377593361,0.9248007501172057,0.9338624338624337,0.9065578231292517,0.9188790560471976,0.9129030001830849,0.01850569117454833,121,0.9244444444444444,0.9555555555555555,0.9444444444444444,0.9466666666666667,0.9444444444444444,0.9431111111111111,0.010193195503270854,121
322,0.014591217041015625,0.003967831438192884,0.041472768783569335,0.004000562124359492,entropy,3,7,4,best,"{'criterion': 'entropy', 'max_depth': 3, 'min_samples_leaf': 7, 'min_samples_split': 4, 'splitter': 'best'}",0.9244444444444444,0.9555555555555556,0.9444444444444444,0.9466666666666667,0.9444444444444444,0.9431111111111111,0.010193195503270882,121,0.9569377990430622,0.9812206572769953,0.9166666666666666,0.9902439024390244,0.9464285714285714,0.9582995193708639,0.026160620344733508,193,0.8962655601659751,0.9324894514767933,0.9761904761904762,0.9102040816326531,0.9424778761061947,0.9315254891144186,0.027617784419503525,187,0.8888888888888888,0.9288888888888889,0.9777777777777777,0.9022222222222223,0.9422222222222222,0.9279999999999999,0.031225187680444962,166,0.96,0.9822222222222222,0.9111111111111111,0.9911111111111112,0.9466666666666667,0.9582222222222221,0.02833311546757198,193,0.9083263246425568,0.9420289855072463,0.9624413145539906,0.9253112033195021,0.9433126660761736,0.9362840988198938,0.018268256557756893,121,0.9244444444444444,0.9555555555555555,0.9444444444444444,0.9466666666666668,0.9444444444444444,0.9431111111111111,0.010193195503270863,121,0.8804149377593361,0.9248007501172057,0.9338624338624337,0.9065578231292517,0.9188790560471976,0.9129030001830849,0.01850569117454833,121,0.9244444444444444,0.9555555555555555,0.9444444444444444,0.9466666666666667,0.9444444444444444,0.9431111111111111,0.010193195503270854,121
312,0.013671350479125977,0.0033103537449878455,0.04311418533325195,0.005157090793286013,entropy,3,6,2,best,"{'criterion': 'entropy', 'max_depth': 3, 'min_samples_leaf': 6, 'min_samples_split': 2, 'splitter': 'best'}",0.9244444444444444,0.9555555555555556,0.9444444444444444,0.9466666666666667,0.9444444444444444,0.9431111111111111,0.010193195503270882,121,0.9569377990430622,0.9812206572769953,0.9166666666666666,0.9902439024390244,0.9464285714285714,0.9582995193708639,0.026160620344733508,193,0.8962655601659751,0.9324894514767933,0.9761904761904762,0.9102040816326531,0.9424778761061947,0.9315254891144186,0.027617784419503525,187,0.8888888888888888,0.9288888888888889,0.9777777777777777,0.9022222222222223,0.9422222222222222,0.9279999999999999,0.031225187680444962,166,0.96,0.9822222222222222,0.9111111111111111,0.9911111111111112,0.9466666666666667,0.9582222222222221,0.02833311546757198,193,0.9083263246425568,0.9420289855072463,0.9624413145539906,0.9253112033195021,0.9433126660761736,0.9362840988198938,0.018268256557756893,121,0.9244444444444444,0.9555555555555555,0.9444444444444444,0.9466666666666668,0.9444444444444444,0.9431111111111111,0.010193195503270863,121,0.8804149377593361,0.9248007501172057,0.9338624338624337,0.9065578231292517,0.9188790560471976,0.9129030001830849,0.01850569117454833,121,0.9244444444444444,0.9555555555555555,0.9444444444444444,0.9466666666666667,0.9444444444444444,0.9431111111111111,0.010193195503270854,121
516,0.019238042831420898,0.0020780392740625026,0.04844155311584473,0.009471883997286544,log_loss,3,8,2,best,"{'criterion': 'log_loss', 'max_depth': 3, 'min_samples_leaf': 8, 'min_samples_split': 2, 'splitter': 'best'}",0.9244444444444444,0.9555555555555556,0.9444444444444444,0.9466666666666667,0.9444444444444444,0.9431111111111111,0.010193195503270882,121,0.9569377990430622,0.9812206572769953,0.9166666666666666,0.9902439024390244,0.9464285714285714,0.9582995193708639,0.026160620344733508,193,0.8962655601659751,0.9324894514767933,0.9761904761904762,0.9102040816326531,0.9424778761061947,0.9315254891144186,0.027617784419503525,187,0.8888888888888888,0.9288888888888889,0.9777777777777777,0.9022222222222223,0.9422222222222222,0.9279999999999999,0.031225187680444962,166,0.96,0.9822222222222222,0.9111111111111111,0.9911111111111112,0.9466666666666667,0.9582222222222221,0.02833311546757198,193,0.9083263246425568,0.9420289855072463,0.9624413145539906,0.9253112033195021,0.9433126660761736,0.9362840988198938,0.018268256557756893,121,0.9244444444444444,0.9555555555555555,0.9444444444444444,0.9466666666666668,0.9444444444444444,0.9431111111111111,0.010193195503270863,121,0.8804149377593361,0.9248007501172057,0.9338624338624337,0.9065578231292517,0.9188790560471976,0.9129030001830849,0.01850569117454833,121,0.9244444444444444,0.9555555555555555,0.9444444444444444,0.9466666666666667,0.9444444444444444,0.9431111111111111,0.010193195503270854,121
510,0.01642584800720215,0.003792078015967072,0.040267133712768556,0.003489829441147809,log_loss,3,7,2,best,"{'criterion': 'log_loss', 'max_depth': 3, 'min_samples_leaf': 7, 'min_samples_split': 2, 'splitter': 'best'}",0.9244444444444444,0.9555555555555556,0.9444444444444444,0.9466666666666667,0.9444444444444444,0.9431111111111111,0.010193195503270882,121,0.9569377990430622,0.9812206572769953,0.9166666666666666,0.9902439024390244,0.9464285714285714,0.9582995193708639,0.026160620344733508,193,0.8962655601659751,0.9324894514767933,0.9761904761904762,0.9102040816326531,0.9424778761061947,0.9315254891144186,0.027617784419503525,187,0.8888888888888888,0.9288888888888889,0.9777777777777777,0.9022222222222223,0.9422222222222222,0.9279999999999999,0.031225187680444962,166,0.96,0.9822222222222222,0.9111111111111111,0.9911111111111112,0.9466666666666667,0.9582222222222221,0.02833311546757198,193,0.9083263246425568,0.9420289855072463,0.9624413145539906,0.9253112033195021,0.9433126660761736,0.9362840988198938,0.018268256557756893,121,0.9244444444444444,0.9555555555555555,0.9444444444444444,0.9466666666666668,0.9444444444444444,0.9431111111111111,0.010193195503270863,121,0.8804149377593361,0.9248007501172057,0.9338624338624337,0.9065578231292517,0.9188790560471976,0.9129030001830849,0.01850569117454833,121,0.9244444444444444,0.9555555555555555,0.9444444444444444,0.9466666666666667,0.9444444444444444,0.9431111111111111,0.010193195503270854,121
290,0.013738870620727539,0.0033246647502132246,0.044063472747802736,0.00481652037952674,entropy,3,2,3,best,"{'criterion': 'entropy', 'max_depth': 3, 'min_samples_leaf': 2, 'min_samples_split': 3, 'splitter': 'best'}",0.9244444444444444,0.9555555555555556,0.9444444444444444,0.9466666666666667,0.9444444444444444,0.9431111111111111,0.010193195503270882,121,0.9569377990430622,0.9812206572769953,0.9166666666666666,0.9902439024390244,0.9464285714285714,0.9582995193708639,0.026160620344733508,193,0.8962655601659751,0.9324894514767933,0.9761904761904762,0.9102040816326531,0.9424778761061947,0.9315254891144186,0.027617784419503525,187,0.8888888888888888,0.9288888888888889,0.9777777777777777,0.9022222222222223,0.9422222222222222,0.9279999999999999,0.031225187680444962,166,0.96,0.9822222222222222,0.9111111111111111,0.9911111111111112,0.9466666666666667,0.9582222222222221,0.02833311546757198,193,0.9083263246425568,0.9420289855072463,0.9624413145539906,0.9253112033195021,0.9433126660761736,0.9362840988198938,0.018268256557756893,121,0.9244444444444444,0.9555555555555555,0.9444444444444444,0.9466666666666668,0.9444444444444444,0.9431111111111111,0.010193195503270863,121,0.8804149377593361,0.9248007501172057,0.9338624338624337,0.9065578231292517,0.9188790560471976,0.9129030001830849,0.01850569117454833,121,0.9244444444444444,0.9555555555555555,0.9444444444444444,0.9466666666666667,0.9444444444444444,0.9431111111111111,0.010193195503270854,121
292,0.018306636810302736,0.004605119787938954,0.041937828063964844,0.0039036414665672655,entropy,3,2,4,best,"{'criterion': 'entropy', 'max_depth': 3, 'min_samples_leaf': 2, 'min_samples_split': 4, 'splitter': 'best'}",0.9244444444444444,0.9555555555555556,0.9444444444444444,0.9466666666666667,0.9444444444444444,0.9431111111111111,0.010193195503270882,121,0.9569377990430622,0.9812206572769953,0.9166666666666666,0.9902439024390244,0.9464285714285714,0.9582995193708639,0.026160620344733508,193,0.8962655601659751,0.9324894514767933,0.9761904761904762,0.9102040816326531,0.9424778761061947,0.9315254891144186,0.027617784419503525,187,0.8888888888888888,0.9288888888888889,0.9777777777777777,0.9022222222222223,0.9422222222222222,0.9279999999999999,0.031225187680444962,166,0.96,0.9822222222222222,0.9111111111111111,0.9911111111111112,0.9466666666666667,0.9582222222222221,0.02833311546757198,193,0.9083263246425568,0.9420289855072463,0.9624413145539906,0.9253112033195021,0.9433126660761736,0.9362840988198938,0.018268256557756893,121,0.9244444444444444,0.9555555555555555,0.9444444444444444,0.9466666666666668,0.9444444444444444,0.9431111111111111,0.010193195503270863,121,0.8804149377593361,0.9248007501172057,0.9338624338624337,0.9065578231292517,0.9188790560471976,0.9129030001830849,0.01850569117454833,121,0.9244444444444444,0.9555555555555555,0.9444444444444444,0.9466666666666667,0.9444444444444444,0.9431111111111111,0.010193195503270854,121
294,0.016080665588378906,0.005918994460013983,0.04293656349182129,0.0016405443173751492,entropy,3,3,2,best,"{'criterion': 'entropy', 'max_depth': 3, 'min_samples_leaf': 3, 'min_samples_split': 2, 'splitter': 'best'}",0.9244444444444444,0.9555555555555556,0.9444444444444444,0.9466666666666667,0.9444444444444444,0.9431111111111111,0.010193195503270882,121,0.9569377990430622,0.9812206572769953,0.9166666666666666,0.9902439024390244,0.9464285714285714,0.9582995193708639,0.026160620344733508,193,0.8962655601659751,0.9324894514767933,0.9761904761904762,0.9102040816326531,0.9424778761061947,0.9315254891144186,0.027617784419503525,187,0.8888888888888888,0.9288888888888889,0.9777777777777777,0.9022222222222223,0.9422222222222222,0.9279999999999999,0.031225187680444962,166,0.96,0.9822222222222222,0.9111111111111111,0.9911111111111112,0.9466666666666667,0.9582222222222221,0.02833311546757198,193,0.9083263246425568,0.9420289855072463,0.9624413145539906,0.9253112033195021,0.9433126660761736,0.9362840988198938,0.018268256557756893,121,0.9244444444444444,0.9555555555555555,0.9444444444444444,0.9466666666666668,0.9444444444444444,0.9431111111111111,0.010193195503270863,121,0.8804149377593361,0.9248007501172057,0.9338624338624337,0.9065578231292517,0.9188790560471976,0.9129030001830849,0.01850569117454833,121,0.9244444444444444,0.9555555555555555,0.9444444444444444,0.9466666666666667,0.9444444444444444,0.9431111111111111,0.010193195503270854,121
296,0.015877246856689453,0.0029067960975972073,0.04335241317749024,0.010119231512204428,entropy,3,3,3,best,"{'criterion': 'entropy', 'max_depth': 3, 'min_samples_leaf': 3, 'min_samples_split': 3, 'splitter': 'best'}",0.9244444444444444,0.9555555555555556,0.9444444444444444,0.9466666666666667,0.9444444444444444,0.9431111111111111,0.010193195503270882,121,0.9569377990430622,0.9812206572769953,0.9166666666666666,0.9902439024390244,0.9464285714285714,0.9582995193708639,0.026160620344733508,193,0.8962655601659751,0.9324894514767933,0.9761904761904762,0.9102040816326531,0.9424778761061947,0.9315254891144186,0.027617784419503525,187,0.8888888888888888,0.9288888888888889,0.9777777777777777,0.9022222222222223,0.9422222222222222,0.9279999999999999,0.031225187680444962,166,0.96,0.9822222222222222,0.9111111111111111,0.9911111111111112,0.9466666666666667,0.9582222222222221,0.02833311546757198,193,0.9083263246425568,0.9420289855072463,0.9624413145539906,0.9253112033195021,0.9433126660761736,0.9362840988198938,0.018268256557756893,121,0.9244444444444444,0.9555555555555555,0.9444444444444444,0.9466666666666668,0.9444444444444444,0.9431111111111111,0.010193195503270863,121,0.8804149377593361,0.9248007501172057,0.9338624338624337,0.9065578231292517,0.9188790560471976,0.9129030001830849,0.01850569117454833,121,0.9244444444444444,0.9555555555555555,0.9444444444444444,0.9466666666666667,0.9444444444444444,0.9431111111111111,0.010193195503270854,121
298,0.01247859001159668,0.003738377118505403,0.04482812881469726,0.004334538321435041,entropy,3,3,4,best,"{'criterion': 'entropy', 'max_depth': 3, 'min_samples_leaf': 3, 'min_samples_split': 4, 'splitter': 'best'}",0.9244444444444444,0.9555555555555556,0.9444444444444444,0.9466666666666667,0.9444444444444444,0.9431111111111111,0.010193195503270882,121,0.9569377990430622,0.9812206572769953,0.9166666666666666,0.9902439024390244,0.9464285714285714,0.9582995193708639,0.026160620344733508,193,0.8962655601659751,0.9324894514767933,0.9761904761904762,0.9102040816326531,0.9424778761061947,0.9315254891144186,0.027617784419503525,187,0.8888888888888888,0.9288888888888889,0.9777777777777777,0.9022222222222223,0.9422222222222222,0.9279999999999999,0.031225187680444962,166,0.96,0.9822222222222222,0.9111111111111111,0.9911111111111112,0.9466666666666667,0.9582222222222221,0.02833311546757198,193,0.9083263246425568,0.9420289855072463,0.9624413145539906,0.9253112033195021,0.9433126660761736,0.9362840988198938,0.018268256557756893,121,0.9244444444444444,0.9555555555555555,0.9444444444444444,0.9466666666666668,0.9444444444444444,0.9431111111111111,0.010193195503270863,121,0.8804149377593361,0.9248007501172057,0.9338624338624337,0.9065578231292517,0.9188790560471976,0.9129030001830849,0.01850569117454833,121,0.9244444444444444,0.9555555555555555,0.9444444444444444,0.9466666666666667,0.9444444444444444,0.9431111111111111,0.010193195503270854,121
300,0.01361536979675293,0.001063195408097864,0.043939399719238284,0.004935237648102586,entropy,3,4,2,best,"{'criterion': 'entropy', 'max_depth': 3, 'min_samples_leaf': 4, 'min_samples_split': 2, 'splitter': 'best'}",0.9244444444444444,0.9555555555555556,0.9444444444444444,0.9466666666666667,0.9444444444444444,0.9431111111111111,0.010193195503270882,121,0.9569377990430622,0.9812206572769953,0.9166666666666666,0.9902439024390244,0.9464285714285714,0.9582995193708639,0.026160620344733508,193,0.8962655601659751,0.9324894514767933,0.9761904761904762,0.9102040816326531,0.9424778761061947,0.9315254891144186,0.027617784419503525,187,0.8888888888888888,0.9288888888888889,0.9777777777777777,0.9022222222222223,0.9422222222222222,0.9279999999999999,0.031225187680444962,166,0.96,0.9822222222222222,0.9111111111111111,0.9911111111111112,0.9466666666666667,0.9582222222222221,0.02833311546757198,193,0.9083263246425568,0.9420289855072463,0.9624413145539906,0.9253112033195021,0.9433126660761736,0.9362840988198938,0.018268256557756893,121,0.9244444444444444,0.9555555555555555,0.9444444444444444,0.9466666666666668,0.9444444444444444,0.9431111111111111,0.010193195503270863,121,0.8804149377593361,0.9248007501172057,0.9338624338624337,0.9065578231292517,0.9188790560471976,0.9129030001830849,0.01850569117454833,121,0.9244444444444444,0.9555555555555555,0.9444444444444444,0.9466666666666667,0.9444444444444444,0.9431111111111111,0.010193195503270854,121
302,0.018642950057983398,0.00292641676850174,0.03984036445617676,0.0028415120175379516,entropy,3,4,3,best,"{'criterion': 'entropy', 'max_depth': 3, 'min_samples_leaf': 4, 'min_samples_split': 3, 'splitter': 'best'}",0.9244444444444444,0.9555555555555556,0.9444444444444444,0.9466666666666667,0.9444444444444444,0.9431111111111111,0.010193195503270882,121,0.9569377990430622,0.9812206572769953,0.9166666666666666,0.9902439024390244,0.9464285714285714,0.9582995193708639,0.026160620344733508,193,0.8962655601659751,0.9324894514767933,0.9761904761904762,0.9102040816326531,0.9424778761061947,0.9315254891144186,0.027617784419503525,187,0.8888888888888888,0.9288888888888889,0.9777777777777777,0.9022222222222223,0.9422222222222222,0.9279999999999999,0.031225187680444962,166,0.96,0.9822222222222222,0.9111111111111111,0.9911111111111112,0.9466666666666667,0.9582222222222221,0.02833311546757198,193,0.9083263246425568,0.9420289855072463,0.9624413145539906,0.9253112033195021,0.9433126660761736,0.9362840988198938,0.018268256557756893,121,0.9244444444444444,0.9555555555555555,0.9444444444444444,0.9466666666666668,0.9444444444444444,0.9431111111111111,0.010193195503270863,121,0.8804149377593361,0.9248007501172057,0.9338624338624337,0.9065578231292517,0.9188790560471976,0.9129030001830849,0.01850569117454833,121,0.9244444444444444,0.9555555555555555,0.9444444444444444,0.9466666666666667,0.9444444444444444,0.9431111111111111,0.010193195503270854,121
304,0.01380457878112793,0.003744979985313579,0.04587011337280274,0.007973572004740127,entropy,3,4,4,best,"{'criterion': 'entropy', 'max_depth': 3, 'min_samples_leaf': 4, 'min_samples_split': 4, 'splitter': 'best'}",0.9244444444444444,0.9555555555555556,0.9444444444444444,0.9466666666666667,0.9444444444444444,0.9431111111111111,0.010193195503270882,121,0.9569377990430622,0.9812206572769953,0.9166666666666666,0.9902439024390244,0.9464285714285714,0.9582995193708639,0.026160620344733508,193,0.8962655601659751,0.9324894514767933,0.9761904761904762,0.9102040816326531,0.9424778761061947,0.9315254891144186,0.027617784419503525,187,0.8888888888888888,0.9288888888888889,0.9777777777777777,0.9022222222222223,0.9422222222222222,0.9279999999999999,0.031225187680444962,166,0.96,0.9822222222222222,0.9111111111111111,0.9911111111111112,0.9466666666666667,0.9582222222222221,0.02833311546757198,193,0.9083263246425568,0.9420289855072463,0.9624413145539906,0.9253112033195021,0.9433126660761736,0.9362840988198938,0.018268256557756893,121,0.9244444444444444,0.9555555555555555,0.9444444444444444,0.9466666666666668,0.9444444444444444,0.9431111111111111,0.010193195503270863,121,0.8804149377593361,0.9248007501172057,0.9338624338624337,0.9065578231292517,0.9188790560471976,0.9129030001830849,0.01850569117454833,121,0.9244444444444444,0.9555555555555555,0.9444444444444444,0.9466666666666667,0.9444444444444444,0.9431111111111111,0.010193195503270854,121
504,0.016291713714599608,0.00339242500686215,0.04076452255249023,0.0021950962457539798,log_loss,3,6,2,best,"{'criterion': 'log_loss', 'max_depth': 3, 'min_samples_leaf': 6, 'min_samples_split': 2, 'splitter': 'best'}",0.9244444444444444,0.9555555555555556,0.9444444444444444,0.9466666666666667,0.9444444444444444,0.9431111111111111,0.010193195503270882,121,0.9569377990430622,0.9812206572769953,0.9166666666666666,0.9902439024390244,0.9464285714285714,0.9582995193708639,0.026160620344733508,193,0.8962655601659751,0.9324894514767933,0.9761904761904762,0.9102040816326531,0.9424778761061947,0.9315254891144186,0.027617784419503525,187,0.8888888888888888,0.9288888888888889,0.9777777777777777,0.9022222222222223,0.9422222222222222,0.9279999999999999,0.031225187680444962,166,0.96,0.9822222222222222,0.9111111111111111,0.9911111111111112,0.9466666666666667,0.9582222222222221,0.02833311546757198,193,0.9083263246425568,0.9420289855072463,0.9624413145539906,0.9253112033195021,0.9433126660761736,0.9362840988198938,0.018268256557756893,121,0.9244444444444444,0.9555555555555555,0.9444444444444444,0.9466666666666668,0.9444444444444444,0.9431111111111111,0.010193195503270863,121,0.8804149377593361,0.9248007501172057,0.9338624338624337,0.9065578231292517,0.9188790560471976,0.9129030001830849,0.01850569117454833,121,0.9244444444444444,0.9555555555555555,0.9444444444444444,0.9466666666666667,0.9444444444444444,0.9431111111111111,0.010193195503270854,121
492,0.01485133171081543,0.0033140030112705217,0.04347691535949707,0.006495677188838628,log_loss,3,4,2,best,"{'criterion': 'log_loss', 'max_depth': 3, 'min_samples_leaf': 4, 'min_samples_split': 2, 'splitter': 'best'}",0.9244444444444444,0.9555555555555556,0.9444444444444444,0.9466666666666667,0.9444444444444444,0.9431111111111111,0.010193195503270882,121,0.9569377990430622,0.9812206572769953,0.9166666666666666,0.9902439024390244,0.9464285714285714,0.9582995193708639,0.026160620344733508,193,0.8962655601659751,0.9324894514767933,0.9761904761904762,0.9102040816326531,0.9424778761061947,0.9315254891144186,0.027617784419503525,187,0.8888888888888888,0.9288888888888889,0.9777777777777777,0.9022222222222223,0.9422222222222222,0.9279999999999999,0.031225187680444962,166,0.96,0.9822222222222222,0.9111111111111111,0.9911111111111112,0.9466666666666667,0.9582222222222221,0.02833311546757198,193,0.9083263246425568,0.9420289855072463,0.9624413145539906,0.9253112033195021,0.9433126660761736,0.9362840988198938,0.018268256557756893,121,0.9244444444444444,0.9555555555555555,0.9444444444444444,0.9466666666666668,0.9444444444444444,0.9431111111111111,0.010193195503270863,121,0.8804149377593361,0.9248007501172057,0.9338624338624337,0.9065578231292517,0.9188790560471976,0.9129030001830849,0.01850569117454833,121,0.9244444444444444,0.9555555555555555,0.9444444444444444,0.9466666666666667,0.9444444444444444,0.9431111111111111,0.010193195503270854,121
310,0.012430429458618164,0.0021551658366686373,0.04541091918945313,0.004688640507791951,entropy,3,5,4,best,"{'criterion': 'entropy', 'max_depth': 3, 'min_samples_leaf': 5, 'min_samples_split': 4, 'splitter': 'best'}",0.9244444444444444,0.9555555555555556,0.9444444444444444,0.9466666666666667,0.9444444444444444,0.9431111111111111,0.010193195503270882,121,0.9569377990430622,0.9812206572769953,0.9166666666666666,0.9902439024390244,0.9464285714285714,0.9582995193708639,0.026160620344733508,193,0.8962655601659751,0.9324894514767933,0.9761904761904762,0.9102040816326531,0.9424778761061947,0.9315254891144186,0.027617784419503525,187,0.8888888888888888,0.9288888888888889,0.9777777777777777,0.9022222222222223,0.9422222222222222,0.9279999999999999,0.031225187680444962,166,0.96,0.9822222222222222,0.9111111111111111,0.9911111111111112,0.9466666666666667,0.9582222222222221,0.02833311546757198,193,0.9083263246425568,0.9420289855072463,0.9624413145539906,0.9253112033195021,0.9433126660761736,0.9362840988198938,0.018268256557756893,121,0.9244444444444444,0.9555555555555555,0.9444444444444444,0.9466666666666668,0.9444444444444444,0.9431111111111111,0.010193195503270863,121,0.8804149377593361,0.9248007501172057,0.9338624338624337,0.9065578231292517,0.9188790560471976,0.9129030001830849,0.01850569117454833,121,0.9244444444444444,0.9555555555555555,0.9444444444444444,0.9466666666666667,0.9444444444444444,0.9431111111111111,0.010193195503270854,121
506,0.013989925384521484,0.003259555293666507,0.04460229873657227,0.0026345478574727743,log_loss,3,6,3,best,"{'criterion': 'log_loss', 'max_depth': 3, 'min_samples_leaf': 6, 'min_samples_split': 3, 'splitter': 'best'}",0.9244444444444444,0.9555555555555556,0.9444444444444444,0.9466666666666667,0.9444444444444444,0.9431111111111111,0.010193195503270882,121,0.9569377990430622,0.9812206572769953,0.9166666666666666,0.9902439024390244,0.9464285714285714,0.9582995193708639,0.026160620344733508,193,0.8962655601659751,0.9324894514767933,0.9761904761904762,0.9102040816326531,0.9424778761061947,0.9315254891144186,0.027617784419503525,187,0.8888888888888888,0.9288888888888889,0.9777777777777777,0.9022222222222223,0.9422222222222222,0.9279999999999999,0.031225187680444962,166,0.96,0.9822222222222222,0.9111111111111111,0.9911111111111112,0.9466666666666667,0.9582222222222221,0.02833311546757198,193,0.9083263246425568,0.9420289855072463,0.9624413145539906,0.9253112033195021,0.9433126660761736,0.9362840988198938,0.018268256557756893,121,0.9244444444444444,0.9555555555555555,0.9444444444444444,0.9466666666666668,0.9444444444444444,0.9431111111111111,0.010193195503270863,121,0.8804149377593361,0.9248007501172057,0.9338624338624337,0.9065578231292517,0.9188790560471976,0.9129030001830849,0.01850569117454833,121,0.9244444444444444,0.9555555555555555,0.9444444444444444,0.9466666666666667,0.9444444444444444,0.9431111111111111,0.010193195503270854,121
508,0.013559961318969726,0.007080442136879984,0.04660258293151855,0.005233851071417838,log_loss,3,6,4,best,"{'criterion': 'log_loss', 'max_depth': 3, 'min_samples_leaf': 6, 'min_samples_split': 4, 'splitter': 'best'}",0.9244444444444444,0.9555555555555556,0.9444444444444444,0.9466666666666667,0.9444444444444444,0.9431111111111111,0.010193195503270882,121,0.9569377990430622,0.9812206572769953,0.9166666666666666,0.9902439024390244,0.9464285714285714,0.9582995193708639,0.026160620344733508,193,0.8962655601659751,0.9324894514767933,0.9761904761904762,0.9102040816326531,0.9424778761061947,0.9315254891144186,0.027617784419503525,187,0.8888888888888888,0.9288888888888889,0.9777777777777777,0.9022222222222223,0.9422222222222222,0.9279999999999999,0.031225187680444962,166,0.96,0.9822222222222222,0.9111111111111111,0.9911111111111112,0.9466666666666667,0.9582222222222221,0.02833311546757198,193,0.9083263246425568,0.9420289855072463,0.9624413145539906,0.9253112033195021,0.9433126660761736,0.9362840988198938,0.018268256557756893,121,0.9244444444444444,0.9555555555555555,0.9444444444444444,0.9466666666666668,0.9444444444444444,0.9431111111111111,0.010193195503270863,121,0.8804149377593361,0.9248007501172057,0.9338624338624337,0.9065578231292517,0.9188790560471976,0.9129030001830849,0.01850569117454833,121,0.9244444444444444,0.9555555555555555,0.9444444444444444,0.9466666666666667,0.9444444444444444,0.9431111111111111,0.010193195503270854,121
306,0.01863274574279785,0.005578164900088397,0.04680938720703125,0.007422767813523454,entropy,3,5,2,best,"{'criterion': 'entropy', 'max_depth': 3, 'min_samples_leaf': 5, 'min_samples_split': 2, 'splitter': 'best'}",0.9244444444444444,0.9555555555555556,0.9444444444444444,0.9466666666666667,0.9444444444444444,0.9431111111111111,0.010193195503270882,121,0.9569377990430622,0.9812206572769953,0.9166666666666666,0.9902439024390244,0.9464285714285714,0.9582995193708639,0.026160620344733508,193,0.8962655601659751,0.9324894514767933,0.9761904761904762,0.9102040816326531,0.9424778761061947,0.9315254891144186,0.027617784419503525,187,0.8888888888888888,0.9288888888888889,0.9777777777777777,0.9022222222222223,0.9422222222222222,0.9279999999999999,0.031225187680444962,166,0.96,0.9822222222222222,0.9111111111111111,0.9911111111111112,0.9466666666666667,0.9582222222222221,0.02833311546757198,193,0.9083263246425568,0.9420289855072463,0.9624413145539906,0.9253112033195021,0.9433126660761736,0.9362840988198938,0.018268256557756893,121,0.9244444444444444,0.9555555555555555,0.9444444444444444,0.9466666666666668,0.9444444444444444,0.9431111111111111,0.010193195503270863,121,0.8804149377593361,0.9248007501172057,0.9338624338624337,0.9065578231292517,0.9188790560471976,0.9129030001830849,0.01850569117454833,121,0.9244444444444444,0.9555555555555555,0.9444444444444444,0.9466666666666667,0.9444444444444444,0.9431111111111111,0.010193195503270854,121
308,0.018018722534179688,0.007085181162058777,0.041664648056030276,0.003756322366894396,entropy,3,5,3,best,"{'criterion': 'entropy', 'max_depth': 3, 'min_samples_leaf': 5, 'min_samples_split': 3, 'splitter': 'best'}",0.9244444444444444,0.9555555555555556,0.9444444444444444,0.9466666666666667,0.9444444444444444,0.9431111111111111,0.010193195503270882,121,0.9569377990430622,0.9812206572769953,0.9166666666666666,0.9902439024390244,0.9464285714285714,0.9582995193708639,0.026160620344733508,193,0.8962655601659751,0.9324894514767933,0.9761904761904762,0.9102040816326531,0.9424778761061947,0.9315254891144186,0.027617784419503525,187,0.8888888888888888,0.9288888888888889,0.9777777777777777,0.9022222222222223,0.9422222222222222,0.9279999999999999,0.031225187680444962,166,0.96,0.9822222222222222,0.9111111111111111,0.9911111111111112,0.9466666666666667,0.9582222222222221,0.02833311546757198,193,0.9083263246425568,0.9420289855072463,0.9624413145539906,0.9253112033195021,0.9433126660761736,0.9362840988198938,0.018268256557756893,121,0.9244444444444444,0.9555555555555555,0.9444444444444444,0.9466666666666668,0.9444444444444444,0.9431111111111111,0.010193195503270863,121,0.8804149377593361,0.9248007501172057,0.9338624338624337,0.9065578231292517,0.9188790560471976,0.9129030001830849,0.01850569117454833,121,0.9244444444444444,0.9555555555555555,0.9444444444444444,0.9466666666666667,0.9444444444444444,0.9431111111111111,0.010193195503270854,121
332,0.012380027770996093,0.001882429965561513,0.048305177688598634,0.004628957678997317,entropy,3,9,3,best,"{'criterion': 'entropy', 'max_depth': 3, 'min_samples_leaf': 9, 'min_samples_split': 3, 'splitter': 'best'}",0.9222222222222223,0.9555555555555556,0.9444444444444444,0.9466666666666667,0.9444444444444444,0.9426666666666665,0.011012899282990095,211,0.9523809523809523,0.9812206572769953,0.9166666666666666,0.9902439024390244,0.9464285714285714,0.957388150038442,0.026271324545096505,235,0.8958333333333334,0.9324894514767933,0.9761904761904762,0.9102040816326531,0.9424778761061947,0.9314390437478902,0.02772846952882853,229,0.8888888888888888,0.9288888888888889,0.9777777777777777,0.9022222222222223,0.9422222222222222,0.9279999999999999,0.031225187680444962,166,0.9555555555555556,0.9822222222222222,0.9111111111111111,0.9911111111111112,0.9466666666666667,0.9573333333333333,0.028333115467571977,235,0.9071729957805907,0.9420289855072463,0.9624413145539906,0.9253112033195021,0.9433126660761736,0.9360534330475007,0.018623636261596813,163,0.9222222222222223,0.9555555555555555,0.9444444444444444,0.9466666666666668,0.9444444444444444,0.9426666666666665,0.011012899282990075,211,0.8782407407407409,0.9248007501172057,0.9338624338624337,0.9065578231292517,0.9188790560471976,0.9124681607793658,0.019273586237660158,163,0.9222222222222223,0.9555555555555555,0.9444444444444444,0.9466666666666667,0.9444444444444444,0.9426666666666665,0.011012899282990068,211
334,0.01468191146850586,0.0024669641225916433,0.04209771156311035,0.005291055456335332,entropy,3,9,4,best,"{'criterion': 'entropy', 'max_depth': 3, 'min_samples_leaf': 9, 'min_samples_split': 4, 'splitter': 'best'}",0.9222222222222223,0.9555555555555556,0.9444444444444444,0.9466666666666667,0.9444444444444444,0.9426666666666665,0.011012899282990095,211,0.9523809523809523,0.9812206572769953,0.9166666666666666,0.9902439024390244,0.9464285714285714,0.957388150038442,0.026271324545096505,235,0.8958333333333334,0.9324894514767933,0.9761904761904762,0.9102040816326531,0.9424778761061947,0.9314390437478902,0.02772846952882853,229,0.8888888888888888,0.9288888888888889,0.9777777777777777,0.9022222222222223,0.9422222222222222,0.9279999999999999,0.031225187680444962,166,0.9555555555555556,0.9822222222222222,0.9111111111111111,0.9911111111111112,0.9466666666666667,0.9573333333333333,0.028333115467571977,235,0.9071729957805907,0.9420289855072463,0.9624413145539906,0.9253112033195021,0.9433126660761736,0.9360534330475007,0.018623636261596813,163,0.9222222222222223,0.9555555555555555,0.9444444444444444,0.9466666666666668,0.9444444444444444,0.9426666666666665,0.011012899282990075,211,0.8782407407407409,0.9248007501172057,0.9338624338624337,0.9065578231292517,0.9188790560471976,0.9124681607793658,0.019273586237660158,163,0.9222222222222223,0.9555555555555555,0.9444444444444444,0.9466666666666667,0.9444444444444444,0.9426666666666665,0.011012899282990068,211
330,0.01797928810119629,0.0021757833877387297,0.038892269134521484,0.0017380800691764629,entropy,3,9,2,best,"{'criterion': 'entropy', 'max_depth': 3, 'min_samples_leaf': 9, 'min_samples_split': 2, 'splitter': 'best'}",0.9222222222222223,0.9555555555555556,0.9444444444444444,0.9466666666666667,0.9444444444444444,0.9426666666666665,0.011012899282990095,211,0.9523809523809523,0.9812206572769953,0.9166666666666666,0.9902439024390244,0.9464285714285714,0.957388150038442,0.026271324545096505,235,0.8958333333333334,0.9324894514767933,0.9761904761904762,0.9102040816326531,0.9424778761061947,0.9314390437478902,0.02772846952882853,229,0.8888888888888888,0.9288888888888889,0.9777777777777777,0.9022222222222223,0.9422222222222222,0.9279999999999999,0.031225187680444962,166,0.9555555555555556,0.9822222222222222,0.9111111111111111,0.9911111111111112,0.9466666666666667,0.9573333333333333,0.028333115467571977,235,0.9071729957805907,0.9420289855072463,0.9624413145539906,0.9253112033195021,0.9433126660761736,0.9360534330475007,0.018623636261596813,163,0.9222222222222223,0.9555555555555555,0.9444444444444444,0.9466666666666668,0.9444444444444444,0.9426666666666665,0.011012899282990075,211,0.8782407407407409,0.9248007501172057,0.9338624338624337,0.9065578231292517,0.9188790560471976,0.9124681607793658,0.019273586237660158,163,0.9222222222222223,0.9555555555555555,0.9444444444444444,0.9466666666666667,0.9444444444444444,0.9426666666666665,0.011012899282990068,211
524,0.01544952392578125,0.004857436462948276,0.045505189895629884,0.004139029076847451,log_loss,3,9,3,best,"{'criterion': 'log_loss', 'max_depth': 3, 'min_samples_leaf': 9, 'min_samples_split': 3, 'splitter': 'best'}",0.9222222222222223,0.9555555555555556,0.9444444444444444,0.9466666666666667,0.9444444444444444,0.9426666666666665,0.011012899282990095,211,0.9523809523809523,0.9812206572769953,0.9166666666666666,0.9902439024390244,0.9464285714285714,0.957388150038442,0.026271324545096505,235,0.8958333333333334,0.9324894514767933,0.9761904761904762,0.9102040816326531,0.9424778761061947,0.9314390437478902,0.02772846952882853,229,0.8888888888888888,0.9288888888888889,0.9777777777777777,0.9022222222222223,0.9422222222222222,0.9279999999999999,0.031225187680444962,166,0.9555555555555556,0.9822222222222222,0.9111111111111111,0.9911111111111112,0.9466666666666667,0.9573333333333333,0.028333115467571977,235,0.9071729957805907,0.9420289855072463,0.9624413145539906,0.9253112033195021,0.9433126660761736,0.9360534330475007,0.018623636261596813,163,0.9222222222222223,0.9555555555555555,0.9444444444444444,0.9466666666666668,0.9444444444444444,0.9426666666666665,0.011012899282990075,211,0.8782407407407409,0.9248007501172057,0.9338624338624337,0.9065578231292517,0.9188790560471976,0.9124681607793658,0.019273586237660158,163,0.9222222222222223,0.9555555555555555,0.9444444444444444,0.9466666666666667,0.9444444444444444,0.9426666666666665,0.011012899282990068,211
526,0.015975141525268556,0.006100520473074361,0.04402580261230469,0.004865556652164724,log_loss,3,9,4,best,"{'criterion': 'log_loss', 'max_depth': 3, 'min_samples_leaf': 9, 'min_samples_split': 4, 'splitter': 'best'}",0.9222222222222223,0.9555555555555556,0.9444444444444444,0.9466666666666667,0.9444444444444444,0.9426666666666665,0.011012899282990095,211,0.9523809523809523,0.9812206572769953,0.9166666666666666,0.9902439024390244,0.9464285714285714,0.957388150038442,0.026271324545096505,235,0.8958333333333334,0.9324894514767933,0.9761904761904762,0.9102040816326531,0.9424778761061947,0.9314390437478902,0.02772846952882853,229,0.8888888888888888,0.9288888888888889,0.9777777777777777,0.9022222222222223,0.9422222222222222,0.9279999999999999,0.031225187680444962,166,0.9555555555555556,0.9822222222222222,0.9111111111111111,0.9911111111111112,0.9466666666666667,0.9573333333333333,0.028333115467571977,235,0.9071729957805907,0.9420289855072463,0.9624413145539906,0.9253112033195021,0.9433126660761736,0.9360534330475007,0.018623636261596813,163,0.9222222222222223,0.9555555555555555,0.9444444444444444,0.9466666666666668,0.9444444444444444,0.9426666666666665,0.011012899282990075,211,0.8782407407407409,0.9248007501172057,0.9338624338624337,0.9065578231292517,0.9188790560471976,0.9124681607793658,0.019273586237660158,163,0.9222222222222223,0.9555555555555555,0.9444444444444444,0.9466666666666667,0.9444444444444444,0.9426666666666665,0.011012899282990068,211
522,0.018221521377563478,0.004056465385001373,0.04070897102355957,0.005491803863872192,log_loss,3,9,2,best,"{'criterion': 'log_loss', 'max_depth': 3, 'min_samples_leaf': 9, 'min_samples_split': 2, 'splitter': 'best'}",0.9222222222222223,0.9555555555555556,0.9444444444444444,0.9466666666666667,0.9444444444444444,0.9426666666666665,0.011012899282990095,211,0.9523809523809523,0.9812206572769953,0.9166666666666666,0.9902439024390244,0.9464285714285714,0.957388150038442,0.026271324545096505,235,0.8958333333333334,0.9324894514767933,0.9761904761904762,0.9102040816326531,0.9424778761061947,0.9314390437478902,0.02772846952882853,229,0.8888888888888888,0.9288888888888889,0.9777777777777777,0.9022222222222223,0.9422222222222222,0.9279999999999999,0.031225187680444962,166,0.9555555555555556,0.9822222222222222,0.9111111111111111,0.9911111111111112,0.9466666666666667,0.9573333333333333,0.028333115467571977,235,0.9071729957805907,0.9420289855072463,0.9624413145539906,0.9253112033195021,0.9433126660761736,0.9360534330475007,0.018623636261596813,163,0.9222222222222223,0.9555555555555555,0.9444444444444444,0.9466666666666668,0.9444444444444444,0.9426666666666665,0.011012899282990075,211,0.8782407407407409,0.9248007501172057,0.9338624338624337,0.9065578231292517,0.9188790560471976,0.9124681607793658,0.019273586237660158,163,0.9222222222222223,0.9555555555555555,0.9444444444444444,0.9466666666666667,0.9444444444444444,0.9426666666666665,0.011012899282990068,211
478,0.017687082290649414,0.007509593142526514,0.04403843879699707,0.007015159436695096,log_loss,2,9,4,best,"{'criterion': 'log_loss', 'max_depth': 2, 'min_samples_leaf': 9, 'min_samples_split': 4, 'splitter': 'best'}",0.9222222222222223,0.9555555555555556,0.9466666666666667,0.9466666666666667,0.9444444444444444,0.9431111111111111,0.011119996447286036,121,0.9523809523809523,0.9812206572769953,0.9240506329113924,0.9902439024390244,0.9807692307692307,0.965733075155519,0.02442309154776727,73,0.8958333333333334,0.9324894514767933,0.971830985915493,0.9102040816326531,0.9132231404958677,0.9247161985708281,0.02629501273451698,277,0.8888888888888888,0.9288888888888889,0.9733333333333334,0.9022222222222223,0.9066666666666666,0.9199999999999999,0.029614811109258125,289,0.9555555555555556,0.9822222222222222,0.92,0.9911111111111112,0.9822222222222222,0.9662222222222223,0.026006646823693847,121,0.9071729957805907,0.9420289855072463,0.9610027855153204,0.9253112033195021,0.9262363788767812,0.9323504697998881,0.018085726087413156,214,0.9222222222222223,0.9555555555555555,0.9466666666666668,0.9466666666666668,0.9444444444444444,0.9431111111111111,0.011119996447286024,121,0.8782407407407409,0.9248007501172057,0.9340845070422537,0.9065578231292517,0.9058769513314968,0.9099121544721898,0.019165519872655412,169,0.9222222222222223,0.9555555555555555,0.9466666666666667,0.9466666666666667,0.9444444444444443,0.9431111111111111,0.011119996447286009,121
468,0.013251018524169923,0.005850256062118936,0.044153261184692386,0.0036067732529584426,log_loss,2,8,2,best,"{'criterion': 'log_loss', 'max_depth': 2, 'min_samples_leaf': 8, 'min_samples_split': 2, 'splitter': 'best'}",0.9222222222222223,0.9555555555555556,0.9466666666666667,0.9466666666666667,0.9444444444444444,0.9431111111111111,0.011119996447286036,121,0.9523809523809523,0.9812206572769953,0.9240506329113924,0.9902439024390244,0.9807692307692307,0.965733075155519,0.02442309154776727,73,0.8958333333333334,0.9324894514767933,0.971830985915493,0.9102040816326531,0.9132231404958677,0.9247161985708281,0.02629501273451698,277,0.8888888888888888,0.9288888888888889,0.9733333333333334,0.9022222222222223,0.9066666666666666,0.9199999999999999,0.029614811109258125,289,0.9555555555555556,0.9822222222222222,0.92,0.9911111111111112,0.9822222222222222,0.9662222222222223,0.026006646823693847,121,0.9071729957805907,0.9420289855072463,0.9610027855153204,0.9253112033195021,0.9262363788767812,0.9323504697998881,0.018085726087413156,214,0.9222222222222223,0.9555555555555555,0.9466666666666668,0.9466666666666668,0.9444444444444444,0.9431111111111111,0.011119996447286024,121,0.8782407407407409,0.9248007501172057,0.9340845070422537,0.9065578231292517,0.9058769513314968,0.9099121544721898,0.019165519872655412,169,0.9222222222222223,0.9555555555555555,0.9466666666666667,0.9466666666666667,0.9444444444444443,0.9431111111111111,0.011119996447286009,121
248,0.012844038009643555,0.0026121712777921542,0.04447860717773437,0.0034491120917677204,entropy,2,3,3,best,"{'criterion': 'entropy', 'max_depth': 2, 'min_samples_leaf': 3, 'min_samples_split': 3, 'splitter': 'best'}",0.9222222222222223,0.9555555555555556,0.9466666666666667,0.9466666666666667,0.9444444444444444,0.9431111111111111,0.011119996447286036,121,0.9523809523809523,0.9812206572769953,0.9240506329113924,0.9902439024390244,0.9807692307692307,0.965733075155519,0.02442309154776727,73,0.8958333333333334,0.9324894514767933,0.971830985915493,0.9102040816326531,0.9132231404958677,0.9247161985708281,0.02629501273451698,277,0.8888888888888888,0.9288888888888889,0.9733333333333334,0.9022222222222223,0.9066666666666666,0.9199999999999999,0.029614811109258125,289,0.9555555555555556,0.9822222222222222,0.92,0.9911111111111112,0.9822222222222222,0.9662222222222223,0.026006646823693847,121,0.9071729957805907,0.9420289855072463,0.9610027855153204,0.9253112033195021,0.9262363788767812,0.9323504697998881,0.018085726087413156,214,0.9222222222222223,0.9555555555555555,0.9466666666666668,0.9466666666666668,0.9444444444444444,0.9431111111111111,0.011119996447286024,121,0.8782407407407409,0.9248007501172057,0.9340845070422537,0.9065578231292517,0.9058769513314968,0.9099121544721898,0.019165519872655412,169,0.9222222222222223,0.9555555555555555,0.9466666666666667,0.9466666666666667,0.9444444444444443,0.9431111111111111,0.011119996447286009,121
446,0.015258073806762695,0.006009260173105438,0.05173406600952148,0.016689971117852708,log_loss,2,4,3,best,"{'criterion': 'log_loss', 'max_depth': 2, 'min_samples_leaf': 4, 'min_samples_split': 3, 'splitter': 'best'}",0.9222222222222223,0.9555555555555556,0.9466666666666667,0.9466666666666667,0.9444444444444444,0.9431111111111111,0.011119996447286036,121,0.9523809523809523,0.9812206572769953,0.9240506329113924,0.9902439024390244,0.9807692307692307,0.965733075155519,0.02442309154776727,73,0.8958333333333334,0.9324894514767933,0.971830985915493,0.9102040816326531,0.9132231404958677,0.9247161985708281,0.02629501273451698,277,0.8888888888888888,0.9288888888888889,0.9733333333333334,0.9022222222222223,0.9066666666666666,0.9199999999999999,0.029614811109258125,289,0.9555555555555556,0.9822222222222222,0.92,0.9911111111111112,0.9822222222222222,0.9662222222222223,0.026006646823693847,121,0.9071729957805907,0.9420289855072463,0.9610027855153204,0.9253112033195021,0.9262363788767812,0.9323504697998881,0.018085726087413156,214,0.9222222222222223,0.9555555555555555,0.9466666666666668,0.9466666666666668,0.9444444444444444,0.9431111111111111,0.011119996447286024,121,0.8782407407407409,0.9248007501172057,0.9340845070422537,0.9065578231292517,0.9058769513314968,0.9099121544721898,0.019165519872655412,169,0.9222222222222223,0.9555555555555555,0.9466666666666667,0.9466666666666667,0.9444444444444443,0.9431111111111111,0.011119996447286009,121
464,0.01112351417541504,0.004217309779913944,0.048270034790039065,0.00889881303020456,log_loss,2,7,3,best,"{'criterion': 'log_loss', 'max_depth': 2, 'min_samples_leaf': 7, 'min_samples_split': 3, 'splitter': 'best'}",0.9222222222222223,0.9555555555555556,0.9466666666666667,0.9466666666666667,0.9444444444444444,0.9431111111111111,0.011119996447286036,121,0.9523809523809523,0.9812206572769953,0.9240506329113924,0.9902439024390244,0.9807692307692307,0.965733075155519,0.02442309154776727,73,0.8958333333333334,0.9324894514767933,0.971830985915493,0.9102040816326531,0.9132231404958677,0.9247161985708281,0.02629501273451698,277,0.8888888888888888,0.9288888888888889,0.9733333333333334,0.9022222222222223,0.9066666666666666,0.9199999999999999,0.029614811109258125,289,0.9555555555555556,0.9822222222222222,0.92,0.9911111111111112,0.9822222222222222,0.9662222222222223,0.026006646823693847,121,0.9071729957805907,0.9420289855072463,0.9610027855153204,0.9253112033195021,0.9262363788767812,0.9323504697998881,0.018085726087413156,214,0.9222222222222223,0.9555555555555555,0.9466666666666668,0.9466666666666668,0.9444444444444444,0.9431111111111111,0.011119996447286024,121,0.8782407407407409,0.9248007501172057,0.9340845070422537,0.9065578231292517,0.9058769513314968,0.9099121544721898,0.019165519872655412,169,0.9222222222222223,0.9555555555555555,0.9466666666666667,0.9466666666666667,0.9444444444444443,0.9431111111111111,0.011119996447286009,121
240,0.011963891983032226,0.003938807245114766,0.03964376449584961,0.0038174887278459146,entropy,2,2,2,best,"{'criterion': 'entropy', 'max_depth': 2, 'min_samples_leaf': 2, 'min_samples_split': 2, 'splitter': 'best'}",0.9222222222222223,0.9555555555555556,0.9466666666666667,0.9466666666666667,0.9444444444444444,0.9431111111111111,0.011119996447286036,121,0.9523809523809523,0.9812206572769953,0.9240506329113924,0.9902439024390244,0.9807692307692307,0.965733075155519,0.02442309154776727,73,0.8958333333333334,0.9324894514767933,0.971830985915493,0.9102040816326531,0.9132231404958677,0.9247161985708281,0.02629501273451698,277,0.8888888888888888,0.9288888888888889,0.9733333333333334,0.9022222222222223,0.9066666666666666,0.9199999999999999,0.029614811109258125,289,0.9555555555555556,0.9822222222222222,0.92,0.9911111111111112,0.9822222222222222,0.9662222222222223,0.026006646823693847,121,0.9071729957805907,0.9420289855072463,0.9610027855153204,0.9253112033195021,0.9262363788767812,0.9323504697998881,0.018085726087413156,214,0.9222222222222223,0.9555555555555555,0.9466666666666668,0.9466666666666668,0.9444444444444444,0.9431111111111111,0.011119996447286024,121,0.8782407407407409,0.9248007501172057,0.9340845070422537,0.9065578231292517,0.9058769513314968,0.9099121544721898,0.019165519872655412,169,0.9222222222222223,0.9555555555555555,0.9466666666666667,0.9466666666666667,0.9444444444444443,0.9431111111111111,0.011119996447286009,121
458,0.017657089233398437,0.008824446924559491,0.042107677459716795,0.00393961313529062,log_loss,2,6,3,best,"{'criterion': 'log_loss', 'max_depth': 2, 'min_samples_leaf': 6, 'min_samples_split': 3, 'splitter': 'best'}",0.9222222222222223,0.9555555555555556,0.9466666666666667,0.9466666666666667,0.9444444444444444,0.9431111111111111,0.011119996447286036,121,0.9523809523809523,0.9812206572769953,0.9240506329113924,0.9902439024390244,0.9807692307692307,0.965733075155519,0.02442309154776727,73,0.8958333333333334,0.9324894514767933,0.971830985915493,0.9102040816326531,0.9132231404958677,0.9247161985708281,0.02629501273451698,277,0.8888888888888888,0.9288888888888889,0.9733333333333334,0.9022222222222223,0.9066666666666666,0.9199999999999999,0.029614811109258125,289,0.9555555555555556,0.9822222222222222,0.92,0.9911111111111112,0.9822222222222222,0.9662222222222223,0.026006646823693847,121,0.9071729957805907,0.9420289855072463,0.9610027855153204,0.9253112033195021,0.9262363788767812,0.9323504697998881,0.018085726087413156,214,0.9222222222222223,0.9555555555555555,0.9466666666666668,0.9466666666666668,0.9444444444444444,0.9431111111111111,0.011119996447286024,121,0.8782407407407409,0.9248007501172057,0.9340845070422537,0.9065578231292517,0.9058769513314968,0.9099121544721898,0.019165519872655412,169,0.9222222222222223,0.9555555555555555,0.9466666666666667,0.9466666666666667,0.9444444444444443,0.9431111111111111,0.011119996447286009,121
242,0.010533618927001952,0.002574307489680481,0.04452900886535645,0.005238762603876968,entropy,2,2,3,best,"{'criterion': 'entropy', 'max_depth': 2, 'min_samples_leaf': 2, 'min_samples_split': 3, 'splitter': 'best'}",0.9222222222222223,0.9555555555555556,0.9466666666666667,0.9466666666666667,0.9444444444444444,0.9431111111111111,0.011119996447286036,121,0.9523809523809523,0.9812206572769953,0.9240506329113924,0.9902439024390244,0.9807692307692307,0.965733075155519,0.02442309154776727,73,0.8958333333333334,0.9324894514767933,0.971830985915493,0.9102040816326531,0.9132231404958677,0.9247161985708281,0.02629501273451698,277,0.8888888888888888,0.9288888888888889,0.9733333333333334,0.9022222222222223,0.9066666666666666,0.9199999999999999,0.029614811109258125,289,0.9555555555555556,0.9822222222222222,0.92,0.9911111111111112,0.9822222222222222,0.9662222222222223,0.026006646823693847,121,0.9071729957805907,0.9420289855072463,0.9610027855153204,0.9253112033195021,0.9262363788767812,0.9323504697998881,0.018085726087413156,214,0.9222222222222223,0.9555555555555555,0.9466666666666668,0.9466666666666668,0.9444444444444444,0.9431111111111111,0.011119996447286024,121,0.8782407407407409,0.9248007501172057,0.9340845070422537,0.9065578231292517,0.9058769513314968,0.9099121544721898,0.019165519872655412,169,0.9222222222222223,0.9555555555555555,0.9466666666666667,0.9466666666666667,0.9444444444444443,0.9431111111111111,0.011119996447286009,121
432,0.012892866134643554,0.0037034633026917,0.045668506622314455,0.004353903909965489,log_loss,2,2,2,best,"{'criterion': 'log_loss', 'max_depth': 2, 'min_samples_leaf': 2, 'min_samples_split': 2, 'splitter': 'best'}",0.9222222222222223,0.9555555555555556,0.9466666666666667,0.9466666666666667,0.9444444444444444,0.9431111111111111,0.011119996447286036,121,0.9523809523809523,0.9812206572769953,0.9240506329113924,0.9902439024390244,0.9807692307692307,0.965733075155519,0.02442309154776727,73,0.8958333333333334,0.9324894514767933,0.971830985915493,0.9102040816326531,0.9132231404958677,0.9247161985708281,0.02629501273451698,277,0.8888888888888888,0.9288888888888889,0.9733333333333334,0.9022222222222223,0.9066666666666666,0.9199999999999999,0.029614811109258125,289,0.9555555555555556,0.9822222222222222,0.92,0.9911111111111112,0.9822222222222222,0.9662222222222223,0.026006646823693847,121,0.9071729957805907,0.9420289855072463,0.9610027855153204,0.9253112033195021,0.9262363788767812,0.9323504697998881,0.018085726087413156,214,0.9222222222222223,0.9555555555555555,0.9466666666666668,0.9466666666666668,0.9444444444444444,0.9431111111111111,0.011119996447286024,121,0.8782407407407409,0.9248007501172057,0.9340845070422537,0.9065578231292517,0.9058769513314968,0.9099121544721898,0.019165519872655412,169,0.9222222222222223,0.9555555555555555,0.9466666666666667,0.9466666666666667,0.9444444444444443,0.9431111111111111,0.011119996447286009,121
434,0.019565343856811523,0.0067442690665555785,0.0422670841217041,0.004830659073825431,log_loss,2,2,3,best,"{'criterion': 'log_loss', 'max_depth': 2, 'min_samples_leaf': 2, 'min_samples_split': 3, 'splitter': 'best'}",0.9222222222222223,0.9555555555555556,0.9466666666666667,0.9466666666666667,0.9444444444444444,0.9431111111111111,0.011119996447286036,121,0.9523809523809523,0.9812206572769953,0.9240506329113924,0.9902439024390244,0.9807692307692307,0.965733075155519,0.02442309154776727,73,0.8958333333333334,0.9324894514767933,0.971830985915493,0.9102040816326531,0.9132231404958677,0.9247161985708281,0.02629501273451698,277,0.8888888888888888,0.9288888888888889,0.9733333333333334,0.9022222222222223,0.9066666666666666,0.9199999999999999,0.029614811109258125,289,0.9555555555555556,0.9822222222222222,0.92,0.9911111111111112,0.9822222222222222,0.9662222222222223,0.026006646823693847,121,0.9071729957805907,0.9420289855072463,0.9610027855153204,0.9253112033195021,0.9262363788767812,0.9323504697998881,0.018085726087413156,214,0.9222222222222223,0.9555555555555555,0.9466666666666668,0.9466666666666668,0.9444444444444444,0.9431111111111111,0.011119996447286024,121,0.8782407407407409,0.9248007501172057,0.9340845070422537,0.9065578231292517,0.9058769513314968,0.9099121544721898,0.019165519872655412,169,0.9222222222222223,0.9555555555555555,0.9466666666666667,0.9466666666666667,0.9444444444444443,0.9431111111111111,0.011119996447286009,121
246,0.015295457839965821,0.003775987864407146,0.039933061599731444,0.0053195779718236665,entropy,2,3,2,best,"{'criterion': 'entropy', 'max_depth': 2, 'min_samples_leaf': 3, 'min_samples_split': 2, 'splitter': 'best'}",0.9222222222222223,0.9555555555555556,0.9466666666666667,0.9466666666666667,0.9444444444444444,0.9431111111111111,0.011119996447286036,121,0.9523809523809523,0.9812206572769953,0.9240506329113924,0.9902439024390244,0.9807692307692307,0.965733075155519,0.02442309154776727,73,0.8958333333333334,0.9324894514767933,0.971830985915493,0.9102040816326531,0.9132231404958677,0.9247161985708281,0.02629501273451698,277,0.8888888888888888,0.9288888888888889,0.9733333333333334,0.9022222222222223,0.9066666666666666,0.9199999999999999,0.029614811109258125,289,0.9555555555555556,0.9822222222222222,0.92,0.9911111111111112,0.9822222222222222,0.9662222222222223,0.026006646823693847,121,0.9071729957805907,0.9420289855072463,0.9610027855153204,0.9253112033195021,0.9262363788767812,0.9323504697998881,0.018085726087413156,214,0.9222222222222223,0.9555555555555555,0.9466666666666668,0.9466666666666668,0.9444444444444444,0.9431111111111111,0.011119996447286024,121,0.8782407407407409,0.9248007501172057,0.9340845070422537,0.9065578231292517,0.9058769513314968,0.9099121544721898,0.019165519872655412,169,0.9222222222222223,0.9555555555555555,0.9466666666666667,0.9466666666666667,0.9444444444444443,0.9431111111111111,0.011119996447286009,121
436,0.018242883682250976,0.004174767390859769,0.041093635559082034,0.0026433580543172622,log_loss,2,2,4,best,"{'criterion': 'log_loss', 'max_depth': 2, 'min_samples_leaf': 2, 'min_samples_split': 4, 'splitter': 'best'}",0.9222222222222223,0.9555555555555556,0.9466666666666667,0.9466666666666667,0.9444444444444444,0.9431111111111111,0.011119996447286036,121,0.9523809523809523,0.9812206572769953,0.9240506329113924,0.9902439024390244,0.9807692307692307,0.965733075155519,0.02442309154776727,73,0.8958333333333334,0.9324894514767933,0.971830985915493,0.9102040816326531,0.9132231404958677,0.9247161985708281,0.02629501273451698,277,0.8888888888888888,0.9288888888888889,0.9733333333333334,0.9022222222222223,0.9066666666666666,0.9199999999999999,0.029614811109258125,289,0.9555555555555556,0.9822222222222222,0.92,0.9911111111111112,0.9822222222222222,0.9662222222222223,0.026006646823693847,121,0.9071729957805907,0.9420289855072463,0.9610027855153204,0.9253112033195021,0.9262363788767812,0.9323504697998881,0.018085726087413156,214,0.9222222222222223,0.9555555555555555,0.9466666666666668,0.9466666666666668,0.9444444444444444,0.9431111111111111,0.011119996447286024,121,0.8782407407407409,0.9248007501172057,0.9340845070422537,0.9065578231292517,0.9058769513314968,0.9099121544721898,0.019165519872655412,169,0.9222222222222223,0.9555555555555555,0.9466666666666667,0.9466666666666667,0.9444444444444443,0.9431111111111111,0.011119996447286009,121
448,0.011689186096191406,0.0013205521320394365,0.06552391052246094,0.015833495477682532,log_loss,2,4,4,best,"{'criterion': 'log_loss', 'max_depth': 2, 'min_samples_leaf': 4, 'min_samples_split': 4, 'splitter': 'best'}",0.9222222222222223,0.9555555555555556,0.9466666666666667,0.9466666666666667,0.9444444444444444,0.9431111111111111,0.011119996447286036,121,0.9523809523809523,0.9812206572769953,0.9240506329113924,0.9902439024390244,0.9807692307692307,0.965733075155519,0.02442309154776727,73,0.8958333333333334,0.9324894514767933,0.971830985915493,0.9102040816326531,0.9132231404958677,0.9247161985708281,0.02629501273451698,277,0.8888888888888888,0.9288888888888889,0.9733333333333334,0.9022222222222223,0.9066666666666666,0.9199999999999999,0.029614811109258125,289,0.9555555555555556,0.9822222222222222,0.92,0.9911111111111112,0.9822222222222222,0.9662222222222223,0.026006646823693847,121,0.9071729957805907,0.9420289855072463,0.9610027855153204,0.9253112033195021,0.9262363788767812,0.9323504697998881,0.018085726087413156,214,0.9222222222222223,0.9555555555555555,0.9466666666666668,0.9466666666666668,0.9444444444444444,0.9431111111111111,0.011119996447286024,121,0.8782407407407409,0.9248007501172057,0.9340845070422537,0.9065578231292517,0.9058769513314968,0.9099121544721898,0.019165519872655412,169,0.9222222222222223,0.9555555555555555,0.9466666666666667,0.9466666666666667,0.9444444444444443,0.9431111111111111,0.011119996447286009,121
438,0.009511661529541016,0.0014575101673252341,0.048922395706176756,0.006822059691426575,log_loss,2,3,2,best,"{'criterion': 'log_loss', 'max_depth': 2, 'min_samples_leaf': 3, 'min_samples_split': 2, 'splitter': 'best'}",0.9222222222222223,0.9555555555555556,0.9466666666666667,0.9466666666666667,0.9444444444444444,0.9431111111111111,0.011119996447286036,121,0.9523809523809523,0.9812206572769953,0.9240506329113924,0.9902439024390244,0.9807692307692307,0.965733075155519,0.02442309154776727,73,0.8958333333333334,0.9324894514767933,0.971830985915493,0.9102040816326531,0.9132231404958677,0.9247161985708281,0.02629501273451698,277,0.8888888888888888,0.9288888888888889,0.9733333333333334,0.9022222222222223,0.9066666666666666,0.9199999999999999,0.029614811109258125,289,0.9555555555555556,0.9822222222222222,0.92,0.9911111111111112,0.9822222222222222,0.9662222222222223,0.026006646823693847,121,0.9071729957805907,0.9420289855072463,0.9610027855153204,0.9253112033195021,0.9262363788767812,0.9323504697998881,0.018085726087413156,214,0.9222222222222223,0.9555555555555555,0.9466666666666668,0.9466666666666668,0.9444444444444444,0.9431111111111111,0.011119996447286024,121,0.8782407407407409,0.9248007501172057,0.9340845070422537,0.9065578231292517,0.9058769513314968,0.9099121544721898,0.019165519872655412,169,0.9222222222222223,0.9555555555555555,0.9466666666666667,0.9466666666666667,0.9444444444444443,0.9431111111111111,0.011119996447286009,121
440,0.020063495635986327,0.007019451790609617,0.0455512523651123,0.00738337905508816,log_loss,2,3,3,best,"{'criterion': 'log_loss', 'max_depth': 2, 'min_samples_leaf': 3, 'min_samples_split': 3, 'splitter': 'best'}",0.9222222222222223,0.9555555555555556,0.9466666666666667,0.9466666666666667,0.9444444444444444,0.9431111111111111,0.011119996447286036,121,0.9523809523809523,0.9812206572769953,0.9240506329113924,0.9902439024390244,0.9807692307692307,0.965733075155519,0.02442309154776727,73,0.8958333333333334,0.9324894514767933,0.971830985915493,0.9102040816326531,0.9132231404958677,0.9247161985708281,0.02629501273451698,277,0.8888888888888888,0.9288888888888889,0.9733333333333334,0.9022222222222223,0.9066666666666666,0.9199999999999999,0.029614811109258125,289,0.9555555555555556,0.9822222222222222,0.92,0.9911111111111112,0.9822222222222222,0.9662222222222223,0.026006646823693847,121,0.9071729957805907,0.9420289855072463,0.9610027855153204,0.9253112033195021,0.9262363788767812,0.9323504697998881,0.018085726087413156,214,0.9222222222222223,0.9555555555555555,0.9466666666666668,0.9466666666666668,0.9444444444444444,0.9431111111111111,0.011119996447286024,121,0.8782407407407409,0.9248007501172057,0.9340845070422537,0.9065578231292517,0.9058769513314968,0.9099121544721898,0.019165519872655412,169,0.9222222222222223,0.9555555555555555,0.9466666666666667,0.9466666666666667,0.9444444444444443,0.9431111111111111,0.011119996447286009,121
442,0.018841648101806642,0.011154409817169898,0.044392871856689456,0.009177760682411796,log_loss,2,3,4,best,"{'criterion': 'log_loss', 'max_depth': 2, 'min_samples_leaf': 3, 'min_samples_split': 4, 'splitter': 'best'}",0.9222222222222223,0.9555555555555556,0.9466666666666667,0.9466666666666667,0.9444444444444444,0.9431111111111111,0.011119996447286036,121,0.9523809523809523,0.9812206572769953,0.9240506329113924,0.9902439024390244,0.9807692307692307,0.965733075155519,0.02442309154776727,73,0.8958333333333334,0.9324894514767933,0.971830985915493,0.9102040816326531,0.9132231404958677,0.9247161985708281,0.02629501273451698,277,0.8888888888888888,0.9288888888888889,0.9733333333333334,0.9022222222222223,0.9066666666666666,0.9199999999999999,0.029614811109258125,289,0.9555555555555556,0.9822222222222222,0.92,0.9911111111111112,0.9822222222222222,0.9662222222222223,0.026006646823693847,121,0.9071729957805907,0.9420289855072463,0.9610027855153204,0.9253112033195021,0.9262363788767812,0.9323504697998881,0.018085726087413156,214,0.9222222222222223,0.9555555555555555,0.9466666666666668,0.9466666666666668,0.9444444444444444,0.9431111111111111,0.011119996447286024,121,0.8782407407407409,0.9248007501172057,0.9340845070422537,0.9065578231292517,0.9058769513314968,0.9099121544721898,0.019165519872655412,169,0.9222222222222223,0.9555555555555555,0.9466666666666667,0.9466666666666667,0.9444444444444443,0.9431111111111111,0.011119996447286009,121
444,0.015427303314208985,0.002631865938805823,0.04468798637390137,0.005686264817790228,log_loss,2,4,2,best,"{'criterion': 'log_loss', 'max_depth': 2, 'min_samples_leaf': 4, 'min_samples_split': 2, 'splitter': 'best'}",0.9222222222222223,0.9555555555555556,0.9466666666666667,0.9466666666666667,0.9444444444444444,0.9431111111111111,0.011119996447286036,121,0.9523809523809523,0.9812206572769953,0.9240506329113924,0.9902439024390244,0.9807692307692307,0.965733075155519,0.02442309154776727,73,0.8958333333333334,0.9324894514767933,0.971830985915493,0.9102040816326531,0.9132231404958677,0.9247161985708281,0.02629501273451698,277,0.8888888888888888,0.9288888888888889,0.9733333333333334,0.9022222222222223,0.9066666666666666,0.9199999999999999,0.029614811109258125,289,0.9555555555555556,0.9822222222222222,0.92,0.9911111111111112,0.9822222222222222,0.9662222222222223,0.026006646823693847,121,0.9071729957805907,0.9420289855072463,0.9610027855153204,0.9253112033195021,0.9262363788767812,0.9323504697998881,0.018085726087413156,214,0.9222222222222223,0.9555555555555555,0.9466666666666668,0.9466666666666668,0.9444444444444444,0.9431111111111111,0.011119996447286024,121,0.8782407407407409,0.9248007501172057,0.9340845070422537,0.9065578231292517,0.9058769513314968,0.9099121544721898,0.019165519872655412,169,0.9222222222222223,0.9555555555555555,0.9466666666666667,0.9466666666666667,0.9444444444444443,0.9431111111111111,0.011119996447286009,121
460,0.01244196891784668,0.001736766652474624,0.04272642135620117,0.0027661235701012627,log_loss,2,6,4,best,"{'criterion': 'log_loss', 'max_depth': 2, 'min_samples_leaf': 6, 'min_samples_split': 4, 'splitter': 'best'}",0.9222222222222223,0.9555555555555556,0.9466666666666667,0.9466666666666667,0.9444444444444444,0.9431111111111111,0.011119996447286036,121,0.9523809523809523,0.9812206572769953,0.9240506329113924,0.9902439024390244,0.9807692307692307,0.965733075155519,0.02442309154776727,73,0.8958333333333334,0.9324894514767933,0.971830985915493,0.9102040816326531,0.9132231404958677,0.9247161985708281,0.02629501273451698,277,0.8888888888888888,0.9288888888888889,0.9733333333333334,0.9022222222222223,0.9066666666666666,0.9199999999999999,0.029614811109258125,289,0.9555555555555556,0.9822222222222222,0.92,0.9911111111111112,0.9822222222222222,0.9662222222222223,0.026006646823693847,121,0.9071729957805907,0.9420289855072463,0.9610027855153204,0.9253112033195021,0.9262363788767812,0.9323504697998881,0.018085726087413156,214,0.9222222222222223,0.9555555555555555,0.9466666666666668,0.9466666666666668,0.9444444444444444,0.9431111111111111,0.011119996447286024,121,0.8782407407407409,0.9248007501172057,0.9340845070422537,0.9065578231292517,0.9058769513314968,0.9099121544721898,0.019165519872655412,169,0.9222222222222223,0.9555555555555555,0.9466666666666667,0.9466666666666667,0.9444444444444443,0.9431111111111111,0.011119996447286009,121
474,0.016219186782836913,0.007391502882109297,0.054927492141723634,0.014661335267083304,log_loss,2,9,2,best,"{'criterion': 'log_loss', 'max_depth': 2, 'min_samples_leaf': 9, 'min_samples_split': 2, 'splitter': 'best'}",0.9222222222222223,0.9555555555555556,0.9466666666666667,0.9466666666666667,0.9444444444444444,0.9431111111111111,0.011119996447286036,121,0.9523809523809523,0.9812206572769953,0.9240506329113924,0.9902439024390244,0.9807692307692307,0.965733075155519,0.02442309154776727,73,0.8958333333333334,0.9324894514767933,0.971830985915493,0.9102040816326531,0.9132231404958677,0.9247161985708281,0.02629501273451698,277,0.8888888888888888,0.9288888888888889,0.9733333333333334,0.9022222222222223,0.9066666666666666,0.9199999999999999,0.029614811109258125,289,0.9555555555555556,0.9822222222222222,0.92,0.9911111111111112,0.9822222222222222,0.9662222222222223,0.026006646823693847,121,0.9071729957805907,0.9420289855072463,0.9610027855153204,0.9253112033195021,0.9262363788767812,0.9323504697998881,0.018085726087413156,214,0.9222222222222223,0.9555555555555555,0.9466666666666668,0.9466666666666668,0.9444444444444444,0.9431111111111111,0.011119996447286024,121,0.8782407407407409,0.9248007501172057,0.9340845070422537,0.9065578231292517,0.9058769513314968,0.9099121544721898,0.019165519872655412,169,0.9222222222222223,0.9555555555555555,0.9466666666666667,0.9466666666666667,0.9444444444444443,0.9431111111111111,0.011119996447286009,121
456,0.012746763229370118,0.007133120618077136,0.05756287574768067,0.008901636674221112,log_loss,2,6,2,best,"{'criterion': 'log_loss', 'max_depth': 2, 'min_samples_leaf': 6, 'min_samples_split': 2, 'splitter': 'best'}",0.9222222222222223,0.9555555555555556,0.9466666666666667,0.9466666666666667,0.9444444444444444,0.9431111111111111,0.011119996447286036,121,0.9523809523809523,0.9812206572769953,0.9240506329113924,0.9902439024390244,0.9807692307692307,0.965733075155519,0.02442309154776727,73,0.8958333333333334,0.9324894514767933,0.971830985915493,0.9102040816326531,0.9132231404958677,0.9247161985708281,0.02629501273451698,277,0.8888888888888888,0.9288888888888889,0.9733333333333334,0.9022222222222223,0.9066666666666666,0.9199999999999999,0.029614811109258125,289,0.9555555555555556,0.9822222222222222,0.92,0.9911111111111112,0.9822222222222222,0.9662222222222223,0.026006646823693847,121,0.9071729957805907,0.9420289855072463,0.9610027855153204,0.9253112033195021,0.9262363788767812,0.9323504697998881,0.018085726087413156,214,0.9222222222222223,0.9555555555555555,0.9466666666666668,0.9466666666666668,0.9444444444444444,0.9431111111111111,0.011119996447286024,121,0.8782407407407409,0.9248007501172057,0.9340845070422537,0.9065578231292517,0.9058769513314968,0.9099121544721898,0.019165519872655412,169,0.9222222222222223,0.9555555555555555,0.9466666666666667,0.9466666666666667,0.9444444444444443,0.9431111111111111,0.011119996447286009,121
244,0.014605426788330078,0.004672003487083791,0.03751649856567383,0.0026084780352829797,entropy,2,2,4,best,"{'criterion': 'entropy', 'max_depth': 2, 'min_samples_leaf': 2, 'min_samples_split': 4, 'splitter': 'best'}",0.9222222222222223,0.9555555555555556,0.9466666666666667,0.9466666666666667,0.9444444444444444,0.9431111111111111,0.011119996447286036,121,0.9523809523809523,0.9812206572769953,0.9240506329113924,0.9902439024390244,0.9807692307692307,0.965733075155519,0.02442309154776727,73,0.8958333333333334,0.9324894514767933,0.971830985915493,0.9102040816326531,0.9132231404958677,0.9247161985708281,0.02629501273451698,277,0.8888888888888888,0.9288888888888889,0.9733333333333334,0.9022222222222223,0.9066666666666666,0.9199999999999999,0.029614811109258125,289,0.9555555555555556,0.9822222222222222,0.92,0.9911111111111112,0.9822222222222222,0.9662222222222223,0.026006646823693847,121,0.9071729957805907,0.9420289855072463,0.9610027855153204,0.9253112033195021,0.9262363788767812,0.9323504697998881,0.018085726087413156,214,0.9222222222222223,0.9555555555555555,0.9466666666666668,0.9466666666666668,0.9444444444444444,0.9431111111111111,0.011119996447286024,121,0.8782407407407409,0.9248007501172057,0.9340845070422537,0.9065578231292517,0.9058769513314968,0.9099121544721898,0.019165519872655412,169,0.9222222222222223,0.9555555555555555,0.9466666666666667,0.9466666666666667,0.9444444444444443,0.9431111111111111,0.011119996447286009,121
470,0.013494110107421875,0.008674485745284899,0.06388840675354004,0.010794524284368449,log_loss,2,8,3,best,"{'criterion': 'log_loss', 'max_depth': 2, 'min_samples_leaf': 8, 'min_samples_split': 3, 'splitter': 'best'}",0.9222222222222223,0.9555555555555556,0.9466666666666667,0.9466666666666667,0.9444444444444444,0.9431111111111111,0.011119996447286036,121,0.9523809523809523,0.9812206572769953,0.9240506329113924,0.9902439024390244,0.9807692307692307,0.965733075155519,0.02442309154776727,73,0.8958333333333334,0.9324894514767933,0.971830985915493,0.9102040816326531,0.9132231404958677,0.9247161985708281,0.02629501273451698,277,0.8888888888888888,0.9288888888888889,0.9733333333333334,0.9022222222222223,0.9066666666666666,0.9199999999999999,0.029614811109258125,289,0.9555555555555556,0.9822222222222222,0.92,0.9911111111111112,0.9822222222222222,0.9662222222222223,0.026006646823693847,121,0.9071729957805907,0.9420289855072463,0.9610027855153204,0.9253112033195021,0.9262363788767812,0.9323504697998881,0.018085726087413156,214,0.9222222222222223,0.9555555555555555,0.9466666666666668,0.9466666666666668,0.9444444444444444,0.9431111111111111,0.011119996447286024,121,0.8782407407407409,0.9248007501172057,0.9340845070422537,0.9065578231292517,0.9058769513314968,0.9099121544721898,0.019165519872655412,169,0.9222222222222223,0.9555555555555555,0.9466666666666667,0.9466666666666667,0.9444444444444443,0.9431111111111111,0.011119996447286009,121
450,0.01993584632873535,0.021874123822862745,0.07038450241088867,0.016466909463341575,log_loss,2,5,2,best,"{'criterion': 'log_loss', 'max_depth': 2, 'min_samples_leaf': 5, 'min_samples_split': 2, 'splitter': 'best'}",0.9222222222222223,0.9555555555555556,0.9466666666666667,0.9466666666666667,0.9444444444444444,0.9431111111111111,0.011119996447286036,121,0.9523809523809523,0.9812206572769953,0.9240506329113924,0.9902439024390244,0.9807692307692307,0.965733075155519,0.02442309154776727,73,0.8958333333333334,0.9324894514767933,0.971830985915493,0.9102040816326531,0.9132231404958677,0.9247161985708281,0.02629501273451698,277,0.8888888888888888,0.9288888888888889,0.9733333333333334,0.9022222222222223,0.9066666666666666,0.9199999999999999,0.029614811109258125,289,0.9555555555555556,0.9822222222222222,0.92,0.9911111111111112,0.9822222222222222,0.9662222222222223,0.026006646823693847,121,0.9071729957805907,0.9420289855072463,0.9610027855153204,0.9253112033195021,0.9262363788767812,0.9323504697998881,0.018085726087413156,214,0.9222222222222223,0.9555555555555555,0.9466666666666668,0.9466666666666668,0.9444444444444444,0.9431111111111111,0.011119996447286024,121,0.8782407407407409,0.9248007501172057,0.9340845070422537,0.9065578231292517,0.9058769513314968,0.9099121544721898,0.019165519872655412,169,0.9222222222222223,0.9555555555555555,0.9466666666666667,0.9466666666666667,0.9444444444444443,0.9431111111111111,0.011119996447286009,121
466,0.01117849349975586,0.000700800143198167,0.041594839096069335,0.003796144576142202,log_loss,2,7,4,best,"{'criterion': 'log_loss', 'max_depth': 2, 'min_samples_leaf': 7, 'min_samples_split': 4, 'splitter': 'best'}",0.9222222222222223,0.9555555555555556,0.9466666666666667,0.9466666666666667,0.9444444444444444,0.9431111111111111,0.011119996447286036,121,0.9523809523809523,0.9812206572769953,0.9240506329113924,0.9902439024390244,0.9807692307692307,0.965733075155519,0.02442309154776727,73,0.8958333333333334,0.9324894514767933,0.971830985915493,0.9102040816326531,0.9132231404958677,0.9247161985708281,0.02629501273451698,277,0.8888888888888888,0.9288888888888889,0.9733333333333334,0.9022222222222223,0.9066666666666666,0.9199999999999999,0.029614811109258125,289,0.9555555555555556,0.9822222222222222,0.92,0.9911111111111112,0.9822222222222222,0.9662222222222223,0.026006646823693847,121,0.9071729957805907,0.9420289855072463,0.9610027855153204,0.9253112033195021,0.9262363788767812,0.9323504697998881,0.018085726087413156,214,0.9222222222222223,0.9555555555555555,0.9466666666666668,0.9466666666666668,0.9444444444444444,0.9431111111111111,0.011119996447286024,121,0.8782407407407409,0.9248007501172057,0.9340845070422537,0.9065578231292517,0.9058769513314968,0.9099121544721898,0.019165519872655412,169,0.9222222222222223,0.9555555555555555,0.9466666666666667,0.9466666666666667,0.9444444444444443,0.9431111111111111,0.011119996447286009,121
452,0.01651873588562012,0.0057318623672084805,0.05721473693847656,0.016066123127732427,log_loss,2,5,3,best,"{'criterion': 'log_loss', 'max_depth': 2, 'min_samples_leaf': 5, 'min_samples_split': 3, 'splitter': 'best'}",0.9222222222222223,0.9555555555555556,0.9466666666666667,0.9466666666666667,0.9444444444444444,0.9431111111111111,0.011119996447286036,121,0.9523809523809523,0.9812206572769953,0.9240506329113924,0.9902439024390244,0.9807692307692307,0.965733075155519,0.02442309154776727,73,0.8958333333333334,0.9324894514767933,0.971830985915493,0.9102040816326531,0.9132231404958677,0.9247161985708281,0.02629501273451698,277,0.8888888888888888,0.9288888888888889,0.9733333333333334,0.9022222222222223,0.9066666666666666,0.9199999999999999,0.029614811109258125,289,0.9555555555555556,0.9822222222222222,0.92,0.9911111111111112,0.9822222222222222,0.9662222222222223,0.026006646823693847,121,0.9071729957805907,0.9420289855072463,0.9610027855153204,0.9253112033195021,0.9262363788767812,0.9323504697998881,0.018085726087413156,214,0.9222222222222223,0.9555555555555555,0.9466666666666668,0.9466666666666668,0.9444444444444444,0.9431111111111111,0.011119996447286024,121,0.8782407407407409,0.9248007501172057,0.9340845070422537,0.9065578231292517,0.9058769513314968,0.9099121544721898,0.019165519872655412,169,0.9222222222222223,0.9555555555555555,0.9466666666666667,0.9466666666666667,0.9444444444444443,0.9431111111111111,0.011119996447286009,121
462,0.014274883270263671,0.00337338500110844,0.04063878059387207,0.000881392974840849,log_loss,2,7,2,best,"{'criterion': 'log_loss', 'max_depth': 2, 'min_samples_leaf': 7, 'min_samples_split': 2, 'splitter': 'best'}",0.9222222222222223,0.9555555555555556,0.9466666666666667,0.9466666666666667,0.9444444444444444,0.9431111111111111,0.011119996447286036,121,0.9523809523809523,0.9812206572769953,0.9240506329113924,0.9902439024390244,0.9807692307692307,0.965733075155519,0.02442309154776727,73,0.8958333333333334,0.9324894514767933,0.971830985915493,0.9102040816326531,0.9132231404958677,0.9247161985708281,0.02629501273451698,277,0.8888888888888888,0.9288888888888889,0.9733333333333334,0.9022222222222223,0.9066666666666666,0.9199999999999999,0.029614811109258125,289,0.9555555555555556,0.9822222222222222,0.92,0.9911111111111112,0.9822222222222222,0.9662222222222223,0.026006646823693847,121,0.9071729957805907,0.9420289855072463,0.9610027855153204,0.9253112033195021,0.9262363788767812,0.9323504697998881,0.018085726087413156,214,0.9222222222222223,0.9555555555555555,0.9466666666666668,0.9466666666666668,0.9444444444444444,0.9431111111111111,0.011119996447286024,121,0.8782407407407409,0.9248007501172057,0.9340845070422537,0.9065578231292517,0.9058769513314968,0.9099121544721898,0.019165519872655412,169,0.9222222222222223,0.9555555555555555,0.9466666666666667,0.9466666666666667,0.9444444444444443,0.9431111111111111,0.011119996447286009,121
476,0.016299343109130858,0.006388075632810392,0.0438140869140625,0.006574778027775647,log_loss,2,9,3,best,"{'criterion': 'log_loss', 'max_depth': 2, 'min_samples_leaf': 9, 'min_samples_split': 3, 'splitter': 'best'}",0.9222222222222223,0.9555555555555556,0.9466666666666667,0.9466666666666667,0.9444444444444444,0.9431111111111111,0.011119996447286036,121,0.9523809523809523,0.9812206572769953,0.9240506329113924,0.9902439024390244,0.9807692307692307,0.965733075155519,0.02442309154776727,73,0.8958333333333334,0.9324894514767933,0.971830985915493,0.9102040816326531,0.9132231404958677,0.9247161985708281,0.02629501273451698,277,0.8888888888888888,0.9288888888888889,0.9733333333333334,0.9022222222222223,0.9066666666666666,0.9199999999999999,0.029614811109258125,289,0.9555555555555556,0.9822222222222222,0.92,0.9911111111111112,0.9822222222222222,0.9662222222222223,0.026006646823693847,121,0.9071729957805907,0.9420289855072463,0.9610027855153204,0.9253112033195021,0.9262363788767812,0.9323504697998881,0.018085726087413156,214,0.9222222222222223,0.9555555555555555,0.9466666666666668,0.9466666666666668,0.9444444444444444,0.9431111111111111,0.011119996447286024,121,0.8782407407407409,0.9248007501172057,0.9340845070422537,0.9065578231292517,0.9058769513314968,0.9099121544721898,0.019165519872655412,169,0.9222222222222223,0.9555555555555555,0.9466666666666667,0.9466666666666667,0.9444444444444443,0.9431111111111111,0.011119996447286009,121
454,0.01786799430847168,0.012166238807961438,0.05154886245727539,0.0074734793811845335,log_loss,2,5,4,best,"{'criterion': 'log_loss', 'max_depth': 2, 'min_samples_leaf': 5, 'min_samples_split': 4, 'splitter': 'best'}",0.9222222222222223,0.9555555555555556,0.9466666666666667,0.9466666666666667,0.9444444444444444,0.9431111111111111,0.011119996447286036,121,0.9523809523809523,0.9812206572769953,0.9240506329113924,0.9902439024390244,0.9807692307692307,0.965733075155519,0.02442309154776727,73,0.8958333333333334,0.9324894514767933,0.971830985915493,0.9102040816326531,0.9132231404958677,0.9247161985708281,0.02629501273451698,277,0.8888888888888888,0.9288888888888889,0.9733333333333334,0.9022222222222223,0.9066666666666666,0.9199999999999999,0.029614811109258125,289,0.9555555555555556,0.9822222222222222,0.92,0.9911111111111112,0.9822222222222222,0.9662222222222223,0.026006646823693847,121,0.9071729957805907,0.9420289855072463,0.9610027855153204,0.9253112033195021,0.9262363788767812,0.9323504697998881,0.018085726087413156,214,0.9222222222222223,0.9555555555555555,0.9466666666666668,0.9466666666666668,0.9444444444444444,0.9431111111111111,0.011119996447286024,121,0.8782407407407409,0.9248007501172057,0.9340845070422537,0.9065578231292517,0.9058769513314968,0.9099121544721898,0.019165519872655412,169,0.9222222222222223,0.9555555555555555,0.9466666666666667,0.9466666666666667,0.9444444444444443,0.9431111111111111,0.011119996447286009,121
472,0.015728187561035157,0.004067354856895324,0.05061254501342773,0.008544876882155782,log_loss,2,8,4,best,"{'criterion': 'log_loss', 'max_depth': 2, 'min_samples_leaf': 8, 'min_samples_split': 4, 'splitter': 'best'}",0.9222222222222223,0.9555555555555556,0.9466666666666667,0.9466666666666667,0.9444444444444444,0.9431111111111111,0.011119996447286036,121,0.9523809523809523,0.9812206572769953,0.9240506329113924,0.9902439024390244,0.9807692307692307,0.965733075155519,0.02442309154776727,73,0.8958333333333334,0.9324894514767933,0.971830985915493,0.9102040816326531,0.9132231404958677,0.9247161985708281,0.02629501273451698,277,0.8888888888888888,0.9288888888888889,0.9733333333333334,0.9022222222222223,0.9066666666666666,0.9199999999999999,0.029614811109258125,289,0.9555555555555556,0.9822222222222222,0.92,0.9911111111111112,0.9822222222222222,0.9662222222222223,0.026006646823693847,121,0.9071729957805907,0.9420289855072463,0.9610027855153204,0.9253112033195021,0.9262363788767812,0.9323504697998881,0.018085726087413156,214,0.9222222222222223,0.9555555555555555,0.9466666666666668,0.9466666666666668,0.9444444444444444,0.9431111111111111,0.011119996447286024,121,0.8782407407407409,0.9248007501172057,0.9340845070422537,0.9065578231292517,0.9058769513314968,0.9099121544721898,0.019165519872655412,169,0.9222222222222223,0.9555555555555555,0.9466666666666667,0.9466666666666667,0.9444444444444443,0.9431111111111111,0.011119996447286009,121
284,0.012905550003051759,0.0036949182698818145,0.04350247383117676,0.003882882381032182,entropy,2,9,3,best,"{'criterion': 'entropy', 'max_depth': 2, 'min_samples_leaf': 9, 'min_samples_split': 3, 'splitter': 'best'}",0.9222222222222223,0.9555555555555556,0.9466666666666667,0.9466666666666667,0.9444444444444444,0.9431111111111111,0.011119996447286036,121,0.9523809523809523,0.9812206572769953,0.9240506329113924,0.9902439024390244,0.9807692307692307,0.965733075155519,0.02442309154776727,73,0.8958333333333334,0.9324894514767933,0.971830985915493,0.9102040816326531,0.9132231404958677,0.9247161985708281,0.02629501273451698,277,0.8888888888888888,0.9288888888888889,0.9733333333333334,0.9022222222222223,0.9066666666666666,0.9199999999999999,0.029614811109258125,289,0.9555555555555556,0.9822222222222222,0.92,0.9911111111111112,0.9822222222222222,0.9662222222222223,0.026006646823693847,121,0.9071729957805907,0.9420289855072463,0.9610027855153204,0.9253112033195021,0.9262363788767812,0.9323504697998881,0.018085726087413156,214,0.9222222222222223,0.9555555555555555,0.9466666666666668,0.9466666666666668,0.9444444444444444,0.9431111111111111,0.011119996447286024,121,0.8782407407407409,0.9248007501172057,0.9340845070422537,0.9065578231292517,0.9058769513314968,0.9099121544721898,0.019165519872655412,169,0.9222222222222223,0.9555555555555555,0.9466666666666667,0.9466666666666667,0.9444444444444443,0.9431111111111111,0.011119996447286009,121
270,0.015440988540649413,0.004321130529021447,0.04135322570800781,0.007676364890713633,entropy,2,7,2,best,"{'criterion': 'entropy', 'max_depth': 2, 'min_samples_leaf': 7, 'min_samples_split': 2, 'splitter': 'best'}",0.9222222222222223,0.9555555555555556,0.9466666666666667,0.9466666666666667,0.9444444444444444,0.9431111111111111,0.011119996447286036,121,0.9523809523809523,0.9812206572769953,0.9240506329113924,0.9902439024390244,0.9807692307692307,0.965733075155519,0.02442309154776727,73,0.8958333333333334,0.9324894514767933,0.971830985915493,0.9102040816326531,0.9132231404958677,0.9247161985708281,0.02629501273451698,277,0.8888888888888888,0.9288888888888889,0.9733333333333334,0.9022222222222223,0.9066666666666666,0.9199999999999999,0.029614811109258125,289,0.9555555555555556,0.9822222222222222,0.92,0.9911111111111112,0.9822222222222222,0.9662222222222223,0.026006646823693847,121,0.9071729957805907,0.9420289855072463,0.9610027855153204,0.9253112033195021,0.9262363788767812,0.9323504697998881,0.018085726087413156,214,0.9222222222222223,0.9555555555555555,0.9466666666666668,0.9466666666666668,0.9444444444444444,0.9431111111111111,0.011119996447286024,121,0.8782407407407409,0.9248007501172057,0.9340845070422537,0.9065578231292517,0.9058769513314968,0.9099121544721898,0.019165519872655412,169,0.9222222222222223,0.9555555555555555,0.9466666666666667,0.9466666666666667,0.9444444444444443,0.9431111111111111,0.011119996447286009,121
250,0.013593578338623047,0.004049117319531619,0.04081263542175293,0.00152922815271652,entropy,2,3,4,best,"{'criterion': 'entropy', 'max_depth': 2, 'min_samples_leaf': 3, 'min_samples_split': 4, 'splitter': 'best'}",0.9222222222222223,0.9555555555555556,0.9466666666666667,0.9466666666666667,0.9444444444444444,0.9431111111111111,0.011119996447286036,121,0.9523809523809523,0.9812206572769953,0.9240506329113924,0.9902439024390244,0.9807692307692307,0.965733075155519,0.02442309154776727,73,0.8958333333333334,0.9324894514767933,0.971830985915493,0.9102040816326531,0.9132231404958677,0.9247161985708281,0.02629501273451698,277,0.8888888888888888,0.9288888888888889,0.9733333333333334,0.9022222222222223,0.9066666666666666,0.9199999999999999,0.029614811109258125,289,0.9555555555555556,0.9822222222222222,0.92,0.9911111111111112,0.9822222222222222,0.9662222222222223,0.026006646823693847,121,0.9071729957805907,0.9420289855072463,0.9610027855153204,0.9253112033195021,0.9262363788767812,0.9323504697998881,0.018085726087413156,214,0.9222222222222223,0.9555555555555555,0.9466666666666668,0.9466666666666668,0.9444444444444444,0.9431111111111111,0.011119996447286024,121,0.8782407407407409,0.9248007501172057,0.9340845070422537,0.9065578231292517,0.9058769513314968,0.9099121544721898,0.019165519872655412,169,0.9222222222222223,0.9555555555555555,0.9466666666666667,0.9466666666666667,0.9444444444444443,0.9431111111111111,0.011119996447286009,121
274,0.013292407989501953,0.003733450705999208,0.04113435745239258,0.0032579212952675634,entropy,2,7,4,best,"{'criterion': 'entropy', 'max_depth': 2, 'min_samples_leaf': 7, 'min_samples_split': 4, 'splitter': 'best'}",0.9222222222222223,0.9555555555555556,0.9466666666666667,0.9466666666666667,0.9444444444444444,0.9431111111111111,0.011119996447286036,121,0.9523809523809523,0.9812206572769953,0.9240506329113924,0.9902439024390244,0.9807692307692307,0.965733075155519,0.02442309154776727,73,0.8958333333333334,0.9324894514767933,0.971830985915493,0.9102040816326531,0.9132231404958677,0.9247161985708281,0.02629501273451698,277,0.8888888888888888,0.9288888888888889,0.9733333333333334,0.9022222222222223,0.9066666666666666,0.9199999999999999,0.029614811109258125,289,0.9555555555555556,0.9822222222222222,0.92,0.9911111111111112,0.9822222222222222,0.9662222222222223,0.026006646823693847,121,0.9071729957805907,0.9420289855072463,0.9610027855153204,0.9253112033195021,0.9262363788767812,0.9323504697998881,0.018085726087413156,214,0.9222222222222223,0.9555555555555555,0.9466666666666668,0.9466666666666668,0.9444444444444444,0.9431111111111111,0.011119996447286024,121,0.8782407407407409,0.9248007501172057,0.9340845070422537,0.9065578231292517,0.9058769513314968,0.9099121544721898,0.019165519872655412,169,0.9222222222222223,0.9555555555555555,0.9466666666666667,0.9466666666666667,0.9444444444444443,0.9431111111111111,0.011119996447286009,121
272,0.011722135543823241,0.00607417406032186,0.044205236434936526,0.00693750883313697,entropy,2,7,3,best,"{'criterion': 'entropy', 'max_depth': 2, 'min_samples_leaf': 7, 'min_samples_split': 3, 'splitter': 'best'}",0.9222222222222223,0.9555555555555556,0.9466666666666667,0.9466666666666667,0.9444444444444444,0.9431111111111111,0.011119996447286036,121,0.9523809523809523,0.9812206572769953,0.9240506329113924,0.9902439024390244,0.9807692307692307,0.965733075155519,0.02442309154776727,73,0.8958333333333334,0.9324894514767933,0.971830985915493,0.9102040816326531,0.9132231404958677,0.9247161985708281,0.02629501273451698,277,0.8888888888888888,0.9288888888888889,0.9733333333333334,0.9022222222222223,0.9066666666666666,0.9199999999999999,0.029614811109258125,289,0.9555555555555556,0.9822222222222222,0.92,0.9911111111111112,0.9822222222222222,0.9662222222222223,0.026006646823693847,121,0.9071729957805907,0.9420289855072463,0.9610027855153204,0.9253112033195021,0.9262363788767812,0.9323504697998881,0.018085726087413156,214,0.9222222222222223,0.9555555555555555,0.9466666666666668,0.9466666666666668,0.9444444444444444,0.9431111111111111,0.011119996447286024,121,0.8782407407407409,0.9248007501172057,0.9340845070422537,0.9065578231292517,0.9058769513314968,0.9099121544721898,0.019165519872655412,169,0.9222222222222223,0.9555555555555555,0.9466666666666667,0.9466666666666667,0.9444444444444443,0.9431111111111111,0.011119996447286009,121
280,0.010264301300048828,0.003613988551731675,0.043899822235107425,0.004234862942806525,entropy,2,8,4,best,"{'criterion': 'entropy', 'max_depth': 2, 'min_samples_leaf': 8, 'min_samples_split': 4, 'splitter': 'best'}",0.9222222222222223,0.9555555555555556,0.9466666666666667,0.9466666666666667,0.9444444444444444,0.9431111111111111,0.011119996447286036,121,0.9523809523809523,0.9812206572769953,0.9240506329113924,0.9902439024390244,0.9807692307692307,0.965733075155519,0.02442309154776727,73,0.8958333333333334,0.9324894514767933,0.971830985915493,0.9102040816326531,0.9132231404958677,0.9247161985708281,0.02629501273451698,277,0.8888888888888888,0.9288888888888889,0.9733333333333334,0.9022222222222223,0.9066666666666666,0.9199999999999999,0.029614811109258125,289,0.9555555555555556,0.9822222222222222,0.92,0.9911111111111112,0.9822222222222222,0.9662222222222223,0.026006646823693847,121,0.9071729957805907,0.9420289855072463,0.9610027855153204,0.9253112033195021,0.9262363788767812,0.9323504697998881,0.018085726087413156,214,0.9222222222222223,0.9555555555555555,0.9466666666666668,0.9466666666666668,0.9444444444444444,0.9431111111111111,0.011119996447286024,121,0.8782407407407409,0.9248007501172057,0.9340845070422537,0.9065578231292517,0.9058769513314968,0.9099121544721898,0.019165519872655412,169,0.9222222222222223,0.9555555555555555,0.9466666666666667,0.9466666666666667,0.9444444444444443,0.9431111111111111,0.011119996447286009,121
268,0.012580585479736329,0.0024440999481701886,0.03921065330505371,0.0032360848846557056,entropy,2,6,4,best,"{'criterion': 'entropy', 'max_depth': 2, 'min_samples_leaf': 6, 'min_samples_split': 4, 'splitter': 'best'}",0.9222222222222223,0.9555555555555556,0.9466666666666667,0.9466666666666667,0.9444444444444444,0.9431111111111111,0.011119996447286036,121,0.9523809523809523,0.9812206572769953,0.9240506329113924,0.9902439024390244,0.9807692307692307,0.965733075155519,0.02442309154776727,73,0.8958333333333334,0.9324894514767933,0.971830985915493,0.9102040816326531,0.9132231404958677,0.9247161985708281,0.02629501273451698,277,0.8888888888888888,0.9288888888888889,0.9733333333333334,0.9022222222222223,0.9066666666666666,0.9199999999999999,0.029614811109258125,289,0.9555555555555556,0.9822222222222222,0.92,0.9911111111111112,0.9822222222222222,0.9662222222222223,0.026006646823693847,121,0.9071729957805907,0.9420289855072463,0.9610027855153204,0.9253112033195021,0.9262363788767812,0.9323504697998881,0.018085726087413156,214,0.9222222222222223,0.9555555555555555,0.9466666666666668,0.9466666666666668,0.9444444444444444,0.9431111111111111,0.011119996447286024,121,0.8782407407407409,0.9248007501172057,0.9340845070422537,0.9065578231292517,0.9058769513314968,0.9099121544721898,0.019165519872655412,169,0.9222222222222223,0.9555555555555555,0.9466666666666667,0.9466666666666667,0.9444444444444443,0.9431111111111111,0.011119996447286009,121
282,0.012630414962768555,0.0038360838098137613,0.05195784568786621,0.009638260500974116,entropy,2,9,2,best,"{'criterion': 'entropy', 'max_depth': 2, 'min_samples_leaf': 9, 'min_samples_split': 2, 'splitter': 'best'}",0.9222222222222223,0.9555555555555556,0.9466666666666667,0.9466666666666667,0.9444444444444444,0.9431111111111111,0.011119996447286036,121,0.9523809523809523,0.9812206572769953,0.9240506329113924,0.9902439024390244,0.9807692307692307,0.965733075155519,0.02442309154776727,73,0.8958333333333334,0.9324894514767933,0.971830985915493,0.9102040816326531,0.9132231404958677,0.9247161985708281,0.02629501273451698,277,0.8888888888888888,0.9288888888888889,0.9733333333333334,0.9022222222222223,0.9066666666666666,0.9199999999999999,0.029614811109258125,289,0.9555555555555556,0.9822222222222222,0.92,0.9911111111111112,0.9822222222222222,0.9662222222222223,0.026006646823693847,121,0.9071729957805907,0.9420289855072463,0.9610027855153204,0.9253112033195021,0.9262363788767812,0.9323504697998881,0.018085726087413156,214,0.9222222222222223,0.9555555555555555,0.9466666666666668,0.9466666666666668,0.9444444444444444,0.9431111111111111,0.011119996447286024,121,0.8782407407407409,0.9248007501172057,0.9340845070422537,0.9065578231292517,0.9058769513314968,0.9099121544721898,0.019165519872655412,169,0.9222222222222223,0.9555555555555555,0.9466666666666667,0.9466666666666667,0.9444444444444443,0.9431111111111111,0.011119996447286009,121
266,0.01134347915649414,0.0019212248479733096,0.04312748908996582,0.00496783005829957,entropy,2,6,3,best,"{'criterion': 'entropy', 'max_depth': 2, 'min_samples_leaf': 6, 'min_samples_split': 3, 'splitter': 'best'}",0.9222222222222223,0.9555555555555556,0.9466666666666667,0.9466666666666667,0.9444444444444444,0.9431111111111111,0.011119996447286036,121,0.9523809523809523,0.9812206572769953,0.9240506329113924,0.9902439024390244,0.9807692307692307,0.965733075155519,0.02442309154776727,73,0.8958333333333334,0.9324894514767933,0.971830985915493,0.9102040816326531,0.9132231404958677,0.9247161985708281,0.02629501273451698,277,0.8888888888888888,0.9288888888888889,0.9733333333333334,0.9022222222222223,0.9066666666666666,0.9199999999999999,0.029614811109258125,289,0.9555555555555556,0.9822222222222222,0.92,0.9911111111111112,0.9822222222222222,0.9662222222222223,0.026006646823693847,121,0.9071729957805907,0.9420289855072463,0.9610027855153204,0.9253112033195021,0.9262363788767812,0.9323504697998881,0.018085726087413156,214,0.9222222222222223,0.9555555555555555,0.9466666666666668,0.9466666666666668,0.9444444444444444,0.9431111111111111,0.011119996447286024,121,0.8782407407407409,0.9248007501172057,0.9340845070422537,0.9065578231292517,0.9058769513314968,0.9099121544721898,0.019165519872655412,169,0.9222222222222223,0.9555555555555555,0.9466666666666667,0.9466666666666667,0.9444444444444443,0.9431111111111111,0.011119996447286009,121
264,0.01345205307006836,0.0018309348844535555,0.03686714172363281,0.002421093425637245,entropy,2,6,2,best,"{'criterion': 'entropy', 'max_depth': 2, 'min_samples_leaf': 6, 'min_samples_split': 2, 'splitter': 'best'}",0.9222222222222223,0.9555555555555556,0.9466666666666667,0.9466666666666667,0.9444444444444444,0.9431111111111111,0.011119996447286036,121,0.9523809523809523,0.9812206572769953,0.9240506329113924,0.9902439024390244,0.9807692307692307,0.965733075155519,0.02442309154776727,73,0.8958333333333334,0.9324894514767933,0.971830985915493,0.9102040816326531,0.9132231404958677,0.9247161985708281,0.02629501273451698,277,0.8888888888888888,0.9288888888888889,0.9733333333333334,0.9022222222222223,0.9066666666666666,0.9199999999999999,0.029614811109258125,289,0.9555555555555556,0.9822222222222222,0.92,0.9911111111111112,0.9822222222222222,0.9662222222222223,0.026006646823693847,121,0.9071729957805907,0.9420289855072463,0.9610027855153204,0.9253112033195021,0.9262363788767812,0.9323504697998881,0.018085726087413156,214,0.9222222222222223,0.9555555555555555,0.9466666666666668,0.9466666666666668,0.9444444444444444,0.9431111111111111,0.011119996447286024,121,0.8782407407407409,0.9248007501172057,0.9340845070422537,0.9065578231292517,0.9058769513314968,0.9099121544721898,0.019165519872655412,169,0.9222222222222223,0.9555555555555555,0.9466666666666667,0.9466666666666667,0.9444444444444443,0.9431111111111111,0.011119996447286009,121
276,0.011435508728027344,0.0016917352927539049,0.04057621955871582,0.00035949110397972325,entropy,2,8,2,best,"{'criterion': 'entropy', 'max_depth': 2, 'min_samples_leaf': 8, 'min_samples_split': 2, 'splitter': 'best'}",0.9222222222222223,0.9555555555555556,0.9466666666666667,0.9466666666666667,0.9444444444444444,0.9431111111111111,0.011119996447286036,121,0.9523809523809523,0.9812206572769953,0.9240506329113924,0.9902439024390244,0.9807692307692307,0.965733075155519,0.02442309154776727,73,0.8958333333333334,0.9324894514767933,0.971830985915493,0.9102040816326531,0.9132231404958677,0.9247161985708281,0.02629501273451698,277,0.8888888888888888,0.9288888888888889,0.9733333333333334,0.9022222222222223,0.9066666666666666,0.9199999999999999,0.029614811109258125,289,0.9555555555555556,0.9822222222222222,0.92,0.9911111111111112,0.9822222222222222,0.9662222222222223,0.026006646823693847,121,0.9071729957805907,0.9420289855072463,0.9610027855153204,0.9253112033195021,0.9262363788767812,0.9323504697998881,0.018085726087413156,214,0.9222222222222223,0.9555555555555555,0.9466666666666668,0.9466666666666668,0.9444444444444444,0.9431111111111111,0.011119996447286024,121,0.8782407407407409,0.9248007501172057,0.9340845070422537,0.9065578231292517,0.9058769513314968,0.9099121544721898,0.019165519872655412,169,0.9222222222222223,0.9555555555555555,0.9466666666666667,0.9466666666666667,0.9444444444444443,0.9431111111111111,0.011119996447286009,121
278,0.011393213272094726,0.0026232307752383694,0.04303832054138183,0.004544453279981727,entropy,2,8,3,best,"{'criterion': 'entropy', 'max_depth': 2, 'min_samples_leaf': 8, 'min_samples_split': 3, 'splitter': 'best'}",0.9222222222222223,0.9555555555555556,0.9466666666666667,0.9466666666666667,0.9444444444444444,0.9431111111111111,0.011119996447286036,121,0.9523809523809523,0.9812206572769953,0.9240506329113924,0.9902439024390244,0.9807692307692307,0.965733075155519,0.02442309154776727,73,0.8958333333333334,0.9324894514767933,0.971830985915493,0.9102040816326531,0.9132231404958677,0.9247161985708281,0.02629501273451698,277,0.8888888888888888,0.9288888888888889,0.9733333333333334,0.9022222222222223,0.9066666666666666,0.9199999999999999,0.029614811109258125,289,0.9555555555555556,0.9822222222222222,0.92,0.9911111111111112,0.9822222222222222,0.9662222222222223,0.026006646823693847,121,0.9071729957805907,0.9420289855072463,0.9610027855153204,0.9253112033195021,0.9262363788767812,0.9323504697998881,0.018085726087413156,214,0.9222222222222223,0.9555555555555555,0.9466666666666668,0.9466666666666668,0.9444444444444444,0.9431111111111111,0.011119996447286024,121,0.8782407407407409,0.9248007501172057,0.9340845070422537,0.9065578231292517,0.9058769513314968,0.9099121544721898,0.019165519872655412,169,0.9222222222222223,0.9555555555555555,0.9466666666666667,0.9466666666666667,0.9444444444444443,0.9431111111111111,0.011119996447286009,121
286,0.015560007095336914,0.006130203529756812,0.0449061393737793,0.005019022487937752,entropy,2,9,4,best,"{'criterion': 'entropy', 'max_depth': 2, 'min_samples_leaf': 9, 'min_samples_split': 4, 'splitter': 'best'}",0.9222222222222223,0.9555555555555556,0.9466666666666667,0.9466666666666667,0.9444444444444444,0.9431111111111111,0.011119996447286036,121,0.9523809523809523,0.9812206572769953,0.9240506329113924,0.9902439024390244,0.9807692307692307,0.965733075155519,0.02442309154776727,73,0.8958333333333334,0.9324894514767933,0.971830985915493,0.9102040816326531,0.9132231404958677,0.9247161985708281,0.02629501273451698,277,0.8888888888888888,0.9288888888888889,0.9733333333333334,0.9022222222222223,0.9066666666666666,0.9199999999999999,0.029614811109258125,289,0.9555555555555556,0.9822222222222222,0.92,0.9911111111111112,0.9822222222222222,0.9662222222222223,0.026006646823693847,121,0.9071729957805907,0.9420289855072463,0.9610027855153204,0.9253112033195021,0.9262363788767812,0.9323504697998881,0.018085726087413156,214,0.9222222222222223,0.9555555555555555,0.9466666666666668,0.9466666666666668,0.9444444444444444,0.9431111111111111,0.011119996447286024,121,0.8782407407407409,0.9248007501172057,0.9340845070422537,0.9065578231292517,0.9058769513314968,0.9099121544721898,0.019165519872655412,169,0.9222222222222223,0.9555555555555555,0.9466666666666667,0.9466666666666667,0.9444444444444443,0.9431111111111111,0.011119996447286009,121
260,0.013047742843627929,0.0041561632959688476,0.042694091796875,0.0025875720385958533,entropy,2,5,3,best,"{'criterion': 'entropy', 'max_depth': 2, 'min_samples_leaf': 5, 'min_samples_split': 3, 'splitter': 'best'}",0.9222222222222223,0.9555555555555556,0.9466666666666667,0.9466666666666667,0.9444444444444444,0.9431111111111111,0.011119996447286036,121,0.9523809523809523,0.9812206572769953,0.9240506329113924,0.9902439024390244,0.9807692307692307,0.965733075155519,0.02442309154776727,73,0.8958333333333334,0.9324894514767933,0.971830985915493,0.9102040816326531,0.9132231404958677,0.9247161985708281,0.02629501273451698,277,0.8888888888888888,0.9288888888888889,0.9733333333333334,0.9022222222222223,0.9066666666666666,0.9199999999999999,0.029614811109258125,289,0.9555555555555556,0.9822222222222222,0.92,0.9911111111111112,0.9822222222222222,0.9662222222222223,0.026006646823693847,121,0.9071729957805907,0.9420289855072463,0.9610027855153204,0.9253112033195021,0.9262363788767812,0.9323504697998881,0.018085726087413156,214,0.9222222222222223,0.9555555555555555,0.9466666666666668,0.9466666666666668,0.9444444444444444,0.9431111111111111,0.011119996447286024,121,0.8782407407407409,0.9248007501172057,0.9340845070422537,0.9065578231292517,0.9058769513314968,0.9099121544721898,0.019165519872655412,169,0.9222222222222223,0.9555555555555555,0.9466666666666667,0.9466666666666667,0.9444444444444443,0.9431111111111111,0.011119996447286009,121
258,0.01465911865234375,0.007670779640759848,0.04229340553283691,0.003202502330688546,entropy,2,5,2,best,"{'criterion': 'entropy', 'max_depth': 2, 'min_samples_leaf': 5, 'min_samples_split': 2, 'splitter': 'best'}",0.9222222222222223,0.9555555555555556,0.9466666666666667,0.9466666666666667,0.9444444444444444,0.9431111111111111,0.011119996447286036,121,0.9523809523809523,0.9812206572769953,0.9240506329113924,0.9902439024390244,0.9807692307692307,0.965733075155519,0.02442309154776727,73,0.8958333333333334,0.9324894514767933,0.971830985915493,0.9102040816326531,0.9132231404958677,0.9247161985708281,0.02629501273451698,277,0.8888888888888888,0.9288888888888889,0.9733333333333334,0.9022222222222223,0.9066666666666666,0.9199999999999999,0.029614811109258125,289,0.9555555555555556,0.9822222222222222,0.92,0.9911111111111112,0.9822222222222222,0.9662222222222223,0.026006646823693847,121,0.9071729957805907,0.9420289855072463,0.9610027855153204,0.9253112033195021,0.9262363788767812,0.9323504697998881,0.018085726087413156,214,0.9222222222222223,0.9555555555555555,0.9466666666666668,0.9466666666666668,0.9444444444444444,0.9431111111111111,0.011119996447286024,121,0.8782407407407409,0.9248007501172057,0.9340845070422537,0.9065578231292517,0.9058769513314968,0.9099121544721898,0.019165519872655412,169,0.9222222222222223,0.9555555555555555,0.9466666666666667,0.9466666666666667,0.9444444444444443,0.9431111111111111,0.011119996447286009,121
256,0.014081048965454101,0.0055662850006921085,0.03746685981750488,0.004165862625118724,entropy,2,4,4,best,"{'criterion': 'entropy', 'max_depth': 2, 'min_samples_leaf': 4, 'min_samples_split': 4, 'splitter': 'best'}",0.9222222222222223,0.9555555555555556,0.9466666666666667,0.9466666666666667,0.9444444444444444,0.9431111111111111,0.011119996447286036,121,0.9523809523809523,0.9812206572769953,0.9240506329113924,0.9902439024390244,0.9807692307692307,0.965733075155519,0.02442309154776727,73,0.8958333333333334,0.9324894514767933,0.971830985915493,0.9102040816326531,0.9132231404958677,0.9247161985708281,0.02629501273451698,277,0.8888888888888888,0.9288888888888889,0.9733333333333334,0.9022222222222223,0.9066666666666666,0.9199999999999999,0.029614811109258125,289,0.9555555555555556,0.9822222222222222,0.92,0.9911111111111112,0.9822222222222222,0.9662222222222223,0.026006646823693847,121,0.9071729957805907,0.9420289855072463,0.9610027855153204,0.9253112033195021,0.9262363788767812,0.9323504697998881,0.018085726087413156,214,0.9222222222222223,0.9555555555555555,0.9466666666666668,0.9466666666666668,0.9444444444444444,0.9431111111111111,0.011119996447286024,121,0.8782407407407409,0.9248007501172057,0.9340845070422537,0.9065578231292517,0.9058769513314968,0.9099121544721898,0.019165519872655412,169,0.9222222222222223,0.9555555555555555,0.9466666666666667,0.9466666666666667,0.9444444444444443,0.9431111111111111,0.011119996447286009,121
254,0.014293050765991211,0.003503803080944687,0.04161672592163086,0.0014791946062803437,entropy,2,4,3,best,"{'criterion': 'entropy', 'max_depth': 2, 'min_samples_leaf': 4, 'min_samples_split': 3, 'splitter': 'best'}",0.9222222222222223,0.9555555555555556,0.9466666666666667,0.9466666666666667,0.9444444444444444,0.9431111111111111,0.011119996447286036,121,0.9523809523809523,0.9812206572769953,0.9240506329113924,0.9902439024390244,0.9807692307692307,0.965733075155519,0.02442309154776727,73,0.8958333333333334,0.9324894514767933,0.971830985915493,0.9102040816326531,0.9132231404958677,0.9247161985708281,0.02629501273451698,277,0.8888888888888888,0.9288888888888889,0.9733333333333334,0.9022222222222223,0.9066666666666666,0.9199999999999999,0.029614811109258125,289,0.9555555555555556,0.9822222222222222,0.92,0.9911111111111112,0.9822222222222222,0.9662222222222223,0.026006646823693847,121,0.9071729957805907,0.9420289855072463,0.9610027855153204,0.9253112033195021,0.9262363788767812,0.9323504697998881,0.018085726087413156,214,0.9222222222222223,0.9555555555555555,0.9466666666666668,0.9466666666666668,0.9444444444444444,0.9431111111111111,0.011119996447286024,121,0.8782407407407409,0.9248007501172057,0.9340845070422537,0.9065578231292517,0.9058769513314968,0.9099121544721898,0.019165519872655412,169,0.9222222222222223,0.9555555555555555,0.9466666666666667,0.9466666666666667,0.9444444444444443,0.9431111111111111,0.011119996447286009,121
252,0.014804649353027343,0.003477877828212469,0.03758935928344727,0.003649659104090422,entropy,2,4,2,best,"{'criterion': 'entropy', 'max_depth': 2, 'min_samples_leaf': 4, 'min_samples_split': 2, 'splitter': 'best'}",0.9222222222222223,0.9555555555555556,0.9466666666666667,0.9466666666666667,0.9444444444444444,0.9431111111111111,0.011119996447286036,121,0.9523809523809523,0.9812206572769953,0.9240506329113924,0.9902439024390244,0.9807692307692307,0.965733075155519,0.02442309154776727,73,0.8958333333333334,0.9324894514767933,0.971830985915493,0.9102040816326531,0.9132231404958677,0.9247161985708281,0.02629501273451698,277,0.8888888888888888,0.9288888888888889,0.9733333333333334,0.9022222222222223,0.9066666666666666,0.9199999999999999,0.029614811109258125,289,0.9555555555555556,0.9822222222222222,0.92,0.9911111111111112,0.9822222222222222,0.9662222222222223,0.026006646823693847,121,0.9071729957805907,0.9420289855072463,0.9610027855153204,0.9253112033195021,0.9262363788767812,0.9323504697998881,0.018085726087413156,214,0.9222222222222223,0.9555555555555555,0.9466666666666668,0.9466666666666668,0.9444444444444444,0.9431111111111111,0.011119996447286024,121,0.8782407407407409,0.9248007501172057,0.9340845070422537,0.9065578231292517,0.9058769513314968,0.9099121544721898,0.019165519872655412,169,0.9222222222222223,0.9555555555555555,0.9466666666666667,0.9466666666666667,0.9444444444444443,0.9431111111111111,0.011119996447286009,121
262,0.01146540641784668,0.0010510093875906134,0.04383001327514648,0.005522198419061613,entropy,2,5,4,best,"{'criterion': 'entropy', 'max_depth': 2, 'min_samples_leaf': 5, 'min_samples_split': 4, 'splitter': 'best'}",0.9222222222222223,0.9555555555555556,0.9466666666666667,0.9466666666666667,0.9444444444444444,0.9431111111111111,0.011119996447286036,121,0.9523809523809523,0.9812206572769953,0.9240506329113924,0.9902439024390244,0.9807692307692307,0.965733075155519,0.02442309154776727,73,0.8958333333333334,0.9324894514767933,0.971830985915493,0.9102040816326531,0.9132231404958677,0.9247161985708281,0.02629501273451698,277,0.8888888888888888,0.9288888888888889,0.9733333333333334,0.9022222222222223,0.9066666666666666,0.9199999999999999,0.029614811109258125,289,0.9555555555555556,0.9822222222222222,0.92,0.9911111111111112,0.9822222222222222,0.9662222222222223,0.026006646823693847,121,0.9071729957805907,0.9420289855072463,0.9610027855153204,0.9253112033195021,0.9262363788767812,0.9323504697998881,0.018085726087413156,214,0.9222222222222223,0.9555555555555555,0.9466666666666668,0.9466666666666668,0.9444444444444444,0.9431111111111111,0.011119996447286024,121,0.8782407407407409,0.9248007501172057,0.9340845070422537,0.9065578231292517,0.9058769513314968,0.9099121544721898,0.019165519872655412,169,0.9222222222222223,0.9555555555555555,0.9466666666666667,0.9466666666666667,0.9444444444444443,0.9431111111111111,0.011119996447286009,121
547,0.009507465362548827,0.0007906366649568712,0.0416069507598877,0.0014552524976408727,log_loss,4,5,2,random,"{'criterion': 'log_loss', 'max_depth': 4, 'min_samples_leaf': 5, 'min_samples_split': 2, 'splitter': 'random'}",0.9266666666666666,0.9422222222222222,0.9355555555555556,0.9311111111111111,0.94,0.9351111111111111,0.005691665988829189,217,0.9173913043478261,0.9760765550239234,0.9188034188034188,0.985,0.9419642857142857,0.9478471127778908,0.0282238853439165,241,0.9363636363636364,0.9128630705394191,0.9537037037037037,0.888,0.9380530973451328,0.9257967015903784,0.022963229640566876,271,0.9377777777777778,0.9066666666666666,0.9555555555555556,0.8755555555555555,0.9377777777777778,0.9226666666666666,0.02833311546757199,271,0.9155555555555556,0.9777777777777777,0.9155555555555556,0.9866666666666667,0.9422222222222222,0.9475555555555555,0.030064950267178238,241,0.9321266968325792,0.9251471825063078,0.945821854912764,0.9061224489795918,0.9388839681133747,0.9296204302689235,0.013614299366425364,295,0.9266666666666667,0.9422222222222222,0.9355555555555556,0.9311111111111111,0.94,0.9351111111111111,0.005691665988829156,217,0.8995151515151516,0.903688335638543,0.9153909465020575,0.8828266666666666,0.9127433628318584,0.9028328926308555,0.011557771435855593,217,0.9266666666666667,0.9422222222222223,0.9355555555555556,0.9311111111111111,0.94,0.9351111111111111,0.005691665988829184,217
549,0.008231830596923829,0.0024650754047234303,0.0450016975402832,0.006139013398385571,log_loss,4,5,3,random,"{'criterion': 'log_loss', 'max_depth': 4, 'min_samples_leaf': 5, 'min_samples_split': 3, 'splitter': 'random'}",0.9266666666666666,0.9422222222222222,0.9355555555555556,0.9311111111111111,0.94,0.9351111111111111,0.005691665988829189,217,0.9173913043478261,0.9760765550239234,0.9188034188034188,0.985,0.9419642857142857,0.9478471127778908,0.0282238853439165,241,0.9363636363636364,0.9128630705394191,0.9537037037037037,0.888,0.9380530973451328,0.9257967015903784,0.022963229640566876,271,0.9377777777777778,0.9066666666666666,0.9555555555555556,0.8755555555555555,0.9377777777777778,0.9226666666666666,0.02833311546757199,271,0.9155555555555556,0.9777777777777777,0.9155555555555556,0.9866666666666667,0.9422222222222222,0.9475555555555555,0.030064950267178238,241,0.9321266968325792,0.9251471825063078,0.945821854912764,0.9061224489795918,0.9388839681133747,0.9296204302689235,0.013614299366425364,295,0.9266666666666667,0.9422222222222222,0.9355555555555556,0.9311111111111111,0.94,0.9351111111111111,0.005691665988829156,217,0.8995151515151516,0.903688335638543,0.9153909465020575,0.8828266666666666,0.9127433628318584,0.9028328926308555,0.011557771435855593,217,0.9266666666666667,0.9422222222222223,0.9355555555555556,0.9311111111111111,0.94,0.9351111111111111,0.005691665988829184,217
357,0.006465387344360351,0.0041745217137907475,0.048354721069335936,0.01203454226064221,entropy,4,5,3,random,"{'criterion': 'entropy', 'max_depth': 4, 'min_samples_leaf': 5, 'min_samples_split': 3, 'splitter': 'random'}",0.9266666666666666,0.9422222222222222,0.9355555555555556,0.9311111111111111,0.94,0.9351111111111111,0.005691665988829189,217,0.9173913043478261,0.9760765550239234,0.9188034188034188,0.985,0.9419642857142857,0.9478471127778908,0.0282238853439165,241,0.9363636363636364,0.9128630705394191,0.9537037037037037,0.888,0.9380530973451328,0.9257967015903784,0.022963229640566876,271,0.9377777777777778,0.9066666666666666,0.9555555555555556,0.8755555555555555,0.9377777777777778,0.9226666666666666,0.02833311546757199,271,0.9155555555555556,0.9777777777777777,0.9155555555555556,0.9866666666666667,0.9422222222222222,0.9475555555555555,0.030064950267178238,241,0.9321266968325792,0.9251471825063078,0.945821854912764,0.9061224489795918,0.9388839681133747,0.9296204302689235,0.013614299366425364,295,0.9266666666666667,0.9422222222222222,0.9355555555555556,0.9311111111111111,0.94,0.9351111111111111,0.005691665988829156,217,0.8995151515151516,0.903688335638543,0.9153909465020575,0.8828266666666666,0.9127433628318584,0.9028328926308555,0.011557771435855593,217,0.9266666666666667,0.9422222222222223,0.9355555555555556,0.9311111111111111,0.94,0.9351111111111111,0.005691665988829184,217
551,0.005529451370239258,0.0030707281862445155,0.042952680587768556,0.0033994862368340118,log_loss,4,5,4,random,"{'criterion': 'log_loss', 'max_depth': 4, 'min_samples_leaf': 5, 'min_samples_split': 4, 'splitter': 'random'}",0.9266666666666666,0.9422222222222222,0.9355555555555556,0.9311111111111111,0.94,0.9351111111111111,0.005691665988829189,217,0.9173913043478261,0.9760765550239234,0.9188034188034188,0.985,0.9419642857142857,0.9478471127778908,0.0282238853439165,241,0.9363636363636364,0.9128630705394191,0.9537037037037037,0.888,0.9380530973451328,0.9257967015903784,0.022963229640566876,271,0.9377777777777778,0.9066666666666666,0.9555555555555556,0.8755555555555555,0.9377777777777778,0.9226666666666666,0.02833311546757199,271,0.9155555555555556,0.9777777777777777,0.9155555555555556,0.9866666666666667,0.9422222222222222,0.9475555555555555,0.030064950267178238,241,0.9321266968325792,0.9251471825063078,0.945821854912764,0.9061224489795918,0.9388839681133747,0.9296204302689235,0.013614299366425364,295,0.9266666666666667,0.9422222222222222,0.9355555555555556,0.9311111111111111,0.94,0.9351111111111111,0.005691665988829156,217,0.8995151515151516,0.903688335638543,0.9153909465020575,0.8828266666666666,0.9127433628318584,0.9028328926308555,0.011557771435855593,217,0.9266666666666667,0.9422222222222223,0.9355555555555556,0.9311111111111111,0.94,0.9351111111111111,0.005691665988829184,217
355,0.010527944564819336,0.00496359675624421,0.04364080429077148,0.004377332968271786,entropy,4,5,2,random,"{'criterion': 'entropy', 'max_depth': 4, 'min_samples_leaf': 5, 'min_samples_split': 2, 'splitter': 'random'}",0.9266666666666666,0.9422222222222222,0.9355555555555556,0.9311111111111111,0.94,0.9351111111111111,0.005691665988829189,217,0.9173913043478261,0.9760765550239234,0.9188034188034188,0.985,0.9419642857142857,0.9478471127778908,0.0282238853439165,241,0.9363636363636364,0.9128630705394191,0.9537037037037037,0.888,0.9380530973451328,0.9257967015903784,0.022963229640566876,271,0.9377777777777778,0.9066666666666666,0.9555555555555556,0.8755555555555555,0.9377777777777778,0.9226666666666666,0.02833311546757199,271,0.9155555555555556,0.9777777777777777,0.9155555555555556,0.9866666666666667,0.9422222222222222,0.9475555555555555,0.030064950267178238,241,0.9321266968325792,0.9251471825063078,0.945821854912764,0.9061224489795918,0.9388839681133747,0.9296204302689235,0.013614299366425364,295,0.9266666666666667,0.9422222222222222,0.9355555555555556,0.9311111111111111,0.94,0.9351111111111111,0.005691665988829156,217,0.8995151515151516,0.903688335638543,0.9153909465020575,0.8828266666666666,0.9127433628318584,0.9028328926308555,0.011557771435855593,217,0.9266666666666667,0.9422222222222223,0.9355555555555556,0.9311111111111111,0.94,0.9351111111111111,0.005691665988829184,217
359,0.0076827526092529295,0.004409433153153899,0.0430750846862793,0.007573205689330701,entropy,4,5,4,random,"{'criterion': 'entropy', 'max_depth': 4, 'min_samples_leaf': 5, 'min_samples_split': 4, 'splitter': 'random'}",0.9266666666666666,0.9422222222222222,0.9355555555555556,0.9311111111111111,0.94,0.9351111111111111,0.005691665988829189,217,0.9173913043478261,0.9760765550239234,0.9188034188034188,0.985,0.9419642857142857,0.9478471127778908,0.0282238853439165,241,0.9363636363636364,0.9128630705394191,0.9537037037037037,0.888,0.9380530973451328,0.9257967015903784,0.022963229640566876,271,0.9377777777777778,0.9066666666666666,0.9555555555555556,0.8755555555555555,0.9377777777777778,0.9226666666666666,0.02833311546757199,271,0.9155555555555556,0.9777777777777777,0.9155555555555556,0.9866666666666667,0.9422222222222222,0.9475555555555555,0.030064950267178238,241,0.9321266968325792,0.9251471825063078,0.945821854912764,0.9061224489795918,0.9388839681133747,0.9296204302689235,0.013614299366425364,295,0.9266666666666667,0.9422222222222222,0.9355555555555556,0.9311111111111111,0.94,0.9351111111111111,0.005691665988829156,217,0.8995151515151516,0.903688335638543,0.9153909465020575,0.8828266666666666,0.9127433628318584,0.9028328926308555,0.011557771435855593,217,0.9266666666666667,0.9422222222222223,0.9355555555555556,0.9311111111111111,0.94,0.9351111111111111,0.005691665988829184,217
553,0.007828187942504884,0.00419848895419454,0.044387197494506835,0.006148297822451168,log_loss,4,6,2,random,"{'criterion': 'log_loss', 'max_depth': 4, 'min_samples_leaf': 6, 'min_samples_split': 2, 'splitter': 'random'}",0.9244444444444444,0.94,0.9355555555555556,0.9311111111111111,0.94,0.9342222222222223,0.005896221849520706,223,0.9170305676855895,0.9583333333333334,0.9188034188034188,0.985,0.9419642857142857,0.9442263211073255,0.025505099310674635,262,0.9321266968325792,0.9230769230769231,0.9537037037037037,0.888,0.9380530973451328,0.9269920841916678,0.021899461144391785,241,0.9333333333333333,0.92,0.9555555555555556,0.8755555555555555,0.9377777777777778,0.9244444444444445,0.026961334912183315,241,0.9155555555555556,0.96,0.9155555555555556,0.9866666666666667,0.9422222222222222,0.9440000000000002,0.02719477073916152,262,0.9287646528403968,0.9302325581395349,0.945821854912764,0.9061224489795918,0.9388839681133747,0.9299650965971326,0.013423617245046546,289,0.9244444444444444,0.94,0.9355555555555556,0.9311111111111111,0.94,0.9342222222222223,0.005896221849520706,223,0.8956359979889392,0.9061538461538462,0.9153909465020575,0.8828266666666666,0.9127433628318584,0.9025501640286736,0.011988290632474778,223,0.9244444444444445,0.9400000000000001,0.9355555555555556,0.9311111111111111,0.94,0.9342222222222223,0.005896221849520691,223
363,0.00610041618347168,0.005070832965414053,0.05023550987243652,0.0071501264875896055,entropy,4,6,3,random,"{'criterion': 'entropy', 'max_depth': 4, 'min_samples_leaf': 6, 'min_samples_split': 3, 'splitter': 'random'}",0.9244444444444444,0.94,0.9355555555555556,0.9311111111111111,0.94,0.9342222222222223,0.005896221849520706,223,0.9170305676855895,0.9583333333333334,0.9188034188034188,0.985,0.9419642857142857,0.9442263211073255,0.025505099310674635,262,0.9321266968325792,0.9230769230769231,0.9537037037037037,0.888,0.9380530973451328,0.9269920841916678,0.021899461144391785,241,0.9333333333333333,0.92,0.9555555555555556,0.8755555555555555,0.9377777777777778,0.9244444444444445,0.026961334912183315,241,0.9155555555555556,0.96,0.9155555555555556,0.9866666666666667,0.9422222222222222,0.9440000000000002,0.02719477073916152,262,0.9287646528403968,0.9302325581395349,0.945821854912764,0.9061224489795918,0.9388839681133747,0.9299650965971326,0.013423617245046546,289,0.9244444444444444,0.94,0.9355555555555556,0.9311111111111111,0.94,0.9342222222222223,0.005896221849520706,223,0.8956359979889392,0.9061538461538462,0.9153909465020575,0.8828266666666666,0.9127433628318584,0.9025501640286736,0.011988290632474778,223,0.9244444444444445,0.9400000000000001,0.9355555555555556,0.9311111111111111,0.94,0.9342222222222223,0.005896221849520691,223
365,0.011113357543945313,0.007821450240248894,0.04040751457214355,0.006157137426869289,entropy,4,6,4,random,"{'criterion': 'entropy', 'max_depth': 4, 'min_samples_leaf': 6, 'min_samples_split': 4, 'splitter': 'random'}",0.9244444444444444,0.94,0.9355555555555556,0.9311111111111111,0.94,0.9342222222222223,0.005896221849520706,223,0.9170305676855895,0.9583333333333334,0.9188034188034188,0.985,0.9419642857142857,0.9442263211073255,0.025505099310674635,262,0.9321266968325792,0.9230769230769231,0.9537037037037037,0.888,0.9380530973451328,0.9269920841916678,0.021899461144391785,241,0.9333333333333333,0.92,0.9555555555555556,0.8755555555555555,0.9377777777777778,0.9244444444444445,0.026961334912183315,241,0.9155555555555556,0.96,0.9155555555555556,0.9866666666666667,0.9422222222222222,0.9440000000000002,0.02719477073916152,262,0.9287646528403968,0.9302325581395349,0.945821854912764,0.9061224489795918,0.9388839681133747,0.9299650965971326,0.013423617245046546,289,0.9244444444444444,0.94,0.9355555555555556,0.9311111111111111,0.94,0.9342222222222223,0.005896221849520706,223,0.8956359979889392,0.9061538461538462,0.9153909465020575,0.8828266666666666,0.9127433628318584,0.9025501640286736,0.011988290632474778,223,0.9244444444444445,0.9400000000000001,0.9355555555555556,0.9311111111111111,0.94,0.9342222222222223,0.005896221849520691,223
557,0.007499504089355469,0.004734992494515877,0.04126672744750977,0.0038890655786319294,log_loss,4,6,4,random,"{'criterion': 'log_loss', 'max_depth': 4, 'min_samples_leaf': 6, 'min_samples_split': 4, 'splitter': 'random'}",0.9244444444444444,0.94,0.9355555555555556,0.9311111111111111,0.94,0.9342222222222223,0.005896221849520706,223,0.9170305676855895,0.9583333333333334,0.9188034188034188,0.985,0.9419642857142857,0.9442263211073255,0.025505099310674635,262,0.9321266968325792,0.9230769230769231,0.9537037037037037,0.888,0.9380530973451328,0.9269920841916678,0.021899461144391785,241,0.9333333333333333,0.92,0.9555555555555556,0.8755555555555555,0.9377777777777778,0.9244444444444445,0.026961334912183315,241,0.9155555555555556,0.96,0.9155555555555556,0.9866666666666667,0.9422222222222222,0.9440000000000002,0.02719477073916152,262,0.9287646528403968,0.9302325581395349,0.945821854912764,0.9061224489795918,0.9388839681133747,0.9299650965971326,0.013423617245046546,289,0.9244444444444444,0.94,0.9355555555555556,0.9311111111111111,0.94,0.9342222222222223,0.005896221849520706,223,0.8956359979889392,0.9061538461538462,0.9153909465020575,0.8828266666666666,0.9127433628318584,0.9025501640286736,0.011988290632474778,223,0.9244444444444445,0.9400000000000001,0.9355555555555556,0.9311111111111111,0.94,0.9342222222222223,0.005896221849520691,223
361,0.007636404037475586,0.0025725412174283546,0.04025754928588867,0.0022927290101766797,entropy,4,6,2,random,"{'criterion': 'entropy', 'max_depth': 4, 'min_samples_leaf': 6, 'min_samples_split': 2, 'splitter': 'random'}",0.9244444444444444,0.94,0.9355555555555556,0.9311111111111111,0.94,0.9342222222222223,0.005896221849520706,223,0.9170305676855895,0.9583333333333334,0.9188034188034188,0.985,0.9419642857142857,0.9442263211073255,0.025505099310674635,262,0.9321266968325792,0.9230769230769231,0.9537037037037037,0.888,0.9380530973451328,0.9269920841916678,0.021899461144391785,241,0.9333333333333333,0.92,0.9555555555555556,0.8755555555555555,0.9377777777777778,0.9244444444444445,0.026961334912183315,241,0.9155555555555556,0.96,0.9155555555555556,0.9866666666666667,0.9422222222222222,0.9440000000000002,0.02719477073916152,262,0.9287646528403968,0.9302325581395349,0.945821854912764,0.9061224489795918,0.9388839681133747,0.9299650965971326,0.013423617245046546,289,0.9244444444444444,0.94,0.9355555555555556,0.9311111111111111,0.94,0.9342222222222223,0.005896221849520706,223,0.8956359979889392,0.9061538461538462,0.9153909465020575,0.8828266666666666,0.9127433628318584,0.9025501640286736,0.011988290632474778,223,0.9244444444444445,0.9400000000000001,0.9355555555555556,0.9311111111111111,0.94,0.9342222222222223,0.005896221849520691,223
555,0.007383155822753906,0.002984458213649249,0.04416346549987793,0.004072217581045714,log_loss,4,6,3,random,"{'criterion': 'log_loss', 'max_depth': 4, 'min_samples_leaf': 6, 'min_samples_split': 3, 'splitter': 'random'}",0.9244444444444444,0.94,0.9355555555555556,0.9311111111111111,0.94,0.9342222222222223,0.005896221849520706,223,0.9170305676855895,0.9583333333333334,0.9188034188034188,0.985,0.9419642857142857,0.9442263211073255,0.025505099310674635,262,0.9321266968325792,0.9230769230769231,0.9537037037037037,0.888,0.9380530973451328,0.9269920841916678,0.021899461144391785,241,0.9333333333333333,0.92,0.9555555555555556,0.8755555555555555,0.9377777777777778,0.9244444444444445,0.026961334912183315,241,0.9155555555555556,0.96,0.9155555555555556,0.9866666666666667,0.9422222222222222,0.9440000000000002,0.02719477073916152,262,0.9287646528403968,0.9302325581395349,0.945821854912764,0.9061224489795918,0.9388839681133747,0.9299650965971326,0.013423617245046546,289,0.9244444444444444,0.94,0.9355555555555556,0.9311111111111111,0.94,0.9342222222222223,0.005896221849520706,223,0.8956359979889392,0.9061538461538462,0.9153909465020575,0.8828266666666666,0.9127433628318584,0.9025501640286736,0.011988290632474778,223,0.9244444444444445,0.9400000000000001,0.9355555555555556,0.9311111111111111,0.94,0.9342222222222223,0.005896221849520691,223
559,0.011592245101928711,0.0041583635949442345,0.044204998016357425,0.012477812017211931,log_loss,4,7,2,random,"{'criterion': 'log_loss', 'max_depth': 4, 'min_samples_leaf': 7, 'min_samples_split': 2, 'splitter': 'random'}",0.9222222222222223,0.9377777777777778,0.9355555555555556,0.9311111111111111,0.94,0.9333333333333332,0.006285393610547068,235,0.9130434782608695,0.9539170506912442,0.9188034188034188,0.985,0.9419642857142857,0.9425456466939636,0.025946445812685185,274,0.9318181818181818,0.9227467811158798,0.9537037037037037,0.888,0.9380530973451328,0.9268643527965796,0.02189735828133839,247,0.9333333333333333,0.92,0.9555555555555556,0.8755555555555555,0.9377777777777778,0.9244444444444445,0.026961334912183315,241,0.9111111111111111,0.9555555555555556,0.9155555555555556,0.9866666666666667,0.9422222222222222,0.9422222222222223,0.027684287115373237,274,0.9276018099547512,0.9291270527225584,0.945821854912764,0.9061224489795918,0.9388839681133747,0.9295114269366082,0.013451492551409842,301,0.9222222222222223,0.9377777777777778,0.9355555555555556,0.9311111111111111,0.94,0.9333333333333332,0.006285393610547068,235,0.8934343434343435,0.9039580352885075,0.9153909465020575,0.8828266666666666,0.9127433628318584,0.9016706709446867,0.012157434686046919,229,0.9222222222222222,0.9377777777777779,0.9355555555555556,0.9311111111111111,0.94,0.9333333333333332,0.006285393610547122,235
561,0.003487110137939453,0.0018922185721849199,0.047394847869873045,0.0032421216492990205,log_loss,4,7,3,random,"{'criterion': 'log_loss', 'max_depth': 4, 'min_samples_leaf': 7, 'min_samples_split': 3, 'splitter': 'random'}",0.9222222222222223,0.9377777777777778,0.9355555555555556,0.9311111111111111,0.94,0.9333333333333332,0.006285393610547068,235,0.9130434782608695,0.9539170506912442,0.9188034188034188,0.985,0.9419642857142857,0.9425456466939636,0.025946445812685185,274,0.9318181818181818,0.9227467811158798,0.9537037037037037,0.888,0.9380530973451328,0.9268643527965796,0.02189735828133839,247,0.9333333333333333,0.92,0.9555555555555556,0.8755555555555555,0.9377777777777778,0.9244444444444445,0.026961334912183315,241,0.9111111111111111,0.9555555555555556,0.9155555555555556,0.9866666666666667,0.9422222222222222,0.9422222222222223,0.027684287115373237,274,0.9276018099547512,0.9291270527225584,0.945821854912764,0.9061224489795918,0.9388839681133747,0.9295114269366082,0.013451492551409842,301,0.9222222222222223,0.9377777777777778,0.9355555555555556,0.9311111111111111,0.94,0.9333333333333332,0.006285393610547068,235,0.8934343434343435,0.9039580352885075,0.9153909465020575,0.8828266666666666,0.9127433628318584,0.9016706709446867,0.012157434686046919,229,0.9222222222222222,0.9377777777777779,0.9355555555555556,0.9311111111111111,0.94,0.9333333333333332,0.006285393610547122,235
563,0.004472255706787109,0.005177622431477233,0.044200563430786134,0.004083938557722751,log_loss,4,7,4,random,"{'criterion': 'log_loss', 'max_depth': 4, 'min_samples_leaf': 7, 'min_samples_split': 4, 'splitter': 'random'}",0.9222222222222223,0.9377777777777778,0.9355555555555556,0.9311111111111111,0.94,0.9333333333333332,0.006285393610547068,235,0.9130434782608695,0.9539170506912442,0.9188034188034188,0.985,0.9419642857142857,0.9425456466939636,0.025946445812685185,274,0.9318181818181818,0.9227467811158798,0.9537037037037037,0.888,0.9380530973451328,0.9268643527965796,0.02189735828133839,247,0.9333333333333333,0.92,0.9555555555555556,0.8755555555555555,0.9377777777777778,0.9244444444444445,0.026961334912183315,241,0.9111111111111111,0.9555555555555556,0.9155555555555556,0.9866666666666667,0.9422222222222222,0.9422222222222223,0.027684287115373237,274,0.9276018099547512,0.9291270527225584,0.945821854912764,0.9061224489795918,0.9388839681133747,0.9295114269366082,0.013451492551409842,301,0.9222222222222223,0.9377777777777778,0.9355555555555556,0.9311111111111111,0.94,0.9333333333333332,0.006285393610547068,235,0.8934343434343435,0.9039580352885075,0.9153909465020575,0.8828266666666666,0.9127433628318584,0.9016706709446867,0.012157434686046919,229,0.9222222222222222,0.9377777777777779,0.9355555555555556,0.9311111111111111,0.94,0.9333333333333332,0.006285393610547122,235
371,0.006475114822387695,0.003826964447660623,0.044940519332885745,0.0032949987412598204,entropy,4,7,4,random,"{'criterion': 'entropy', 'max_depth': 4, 'min_samples_leaf': 7, 'min_samples_split': 4, 'splitter': 'random'}",0.9222222222222223,0.9377777777777778,0.9355555555555556,0.9311111111111111,0.94,0.9333333333333332,0.006285393610547068,235,0.9130434782608695,0.9539170506912442,0.9188034188034188,0.985,0.9419642857142857,0.9425456466939636,0.025946445812685185,274,0.9318181818181818,0.9227467811158798,0.9537037037037037,0.888,0.9380530973451328,0.9268643527965796,0.02189735828133839,247,0.9333333333333333,0.92,0.9555555555555556,0.8755555555555555,0.9377777777777778,0.9244444444444445,0.026961334912183315,241,0.9111111111111111,0.9555555555555556,0.9155555555555556,0.9866666666666667,0.9422222222222222,0.9422222222222223,0.027684287115373237,274,0.9276018099547512,0.9291270527225584,0.945821854912764,0.9061224489795918,0.9388839681133747,0.9295114269366082,0.013451492551409842,301,0.9222222222222223,0.9377777777777778,0.9355555555555556,0.9311111111111111,0.94,0.9333333333333332,0.006285393610547068,235,0.8934343434343435,0.9039580352885075,0.9153909465020575,0.8828266666666666,0.9127433628318584,0.9016706709446867,0.012157434686046919,229,0.9222222222222222,0.9377777777777779,0.9355555555555556,0.9311111111111111,0.94,0.9333333333333332,0.006285393610547122,235
367,0.008768653869628907,0.005775738900158396,0.051365089416503903,0.006828108709037276,entropy,4,7,2,random,"{'criterion': 'entropy', 'max_depth': 4, 'min_samples_leaf': 7, 'min_samples_split': 2, 'splitter': 'random'}",0.9222222222222223,0.9377777777777778,0.9355555555555556,0.9311111111111111,0.94,0.9333333333333332,0.006285393610547068,235,0.9130434782608695,0.9539170506912442,0.9188034188034188,0.985,0.9419642857142857,0.9425456466939636,0.025946445812685185,274,0.9318181818181818,0.9227467811158798,0.9537037037037037,0.888,0.9380530973451328,0.9268643527965796,0.02189735828133839,247,0.9333333333333333,0.92,0.9555555555555556,0.8755555555555555,0.9377777777777778,0.9244444444444445,0.026961334912183315,241,0.9111111111111111,0.9555555555555556,0.9155555555555556,0.9866666666666667,0.9422222222222222,0.9422222222222223,0.027684287115373237,274,0.9276018099547512,0.9291270527225584,0.945821854912764,0.9061224489795918,0.9388839681133747,0.9295114269366082,0.013451492551409842,301,0.9222222222222223,0.9377777777777778,0.9355555555555556,0.9311111111111111,0.94,0.9333333333333332,0.006285393610547068,235,0.8934343434343435,0.9039580352885075,0.9153909465020575,0.8828266666666666,0.9127433628318584,0.9016706709446867,0.012157434686046919,229,0.9222222222222222,0.9377777777777779,0.9355555555555556,0.9311111111111111,0.94,0.9333333333333332,0.006285393610547122,235
369,0.012390613555908203,0.003973726647767845,0.038277292251586915,0.005493991133892062,entropy,4,7,3,random,"{'criterion': 'entropy', 'max_depth': 4, 'min_samples_leaf': 7, 'min_samples_split': 3, 'splitter': 'random'}",0.9222222222222223,0.9377777777777778,0.9355555555555556,0.9311111111111111,0.94,0.9333333333333332,0.006285393610547068,235,0.9130434782608695,0.9539170506912442,0.9188034188034188,0.985,0.9419642857142857,0.9425456466939636,0.025946445812685185,274,0.9318181818181818,0.9227467811158798,0.9537037037037037,0.888,0.9380530973451328,0.9268643527965796,0.02189735828133839,247,0.9333333333333333,0.92,0.9555555555555556,0.8755555555555555,0.9377777777777778,0.9244444444444445,0.026961334912183315,241,0.9111111111111111,0.9555555555555556,0.9155555555555556,0.9866666666666667,0.9422222222222222,0.9422222222222223,0.027684287115373237,274,0.9276018099547512,0.9291270527225584,0.945821854912764,0.9061224489795918,0.9388839681133747,0.9295114269366082,0.013451492551409842,301,0.9222222222222223,0.9377777777777778,0.9355555555555556,0.9311111111111111,0.94,0.9333333333333332,0.006285393610547068,235,0.8934343434343435,0.9039580352885075,0.9153909465020575,0.8828266666666666,0.9127433628318584,0.9016706709446867,0.012157434686046919,229,0.9222222222222222,0.9377777777777779,0.9355555555555556,0.9311111111111111,0.94,0.9333333333333332,0.006285393610547122,235
373,0.015126609802246093,0.010543081033217211,0.04581980705261231,0.006789323665041269,entropy,4,8,2,random,"{'criterion': 'entropy', 'max_depth': 4, 'min_samples_leaf': 8, 'min_samples_split': 2, 'splitter': 'random'}",0.9244444444444444,0.9377777777777778,0.9355555555555556,0.9311111111111111,0.94,0.9337777777777777,0.00551541050932928,229,0.9282511210762332,0.9539170506912442,0.9188034188034188,0.985,0.9419642857142857,0.9455871752570364,0.02303819130024926,247,0.920704845814978,0.9227467811158798,0.9537037037037037,0.888,0.9380530973451328,0.9246416855959388,0.021845683122134703,325,0.92,0.92,0.9555555555555556,0.8755555555555555,0.9377777777777778,0.9217777777777778,0.02660734141705916,277,0.9288888888888889,0.9555555555555556,0.9155555555555556,0.9866666666666667,0.9422222222222222,0.9457777777777778,0.024408053720437313,247,0.9223300970873787,0.9291270527225584,0.945821854912764,0.9061224489795918,0.9388839681133747,0.9284570843631336,0.013762848029227124,307,0.9244444444444444,0.9377777777777778,0.9355555555555556,0.9311111111111111,0.94,0.9337777777777777,0.00551541050932928,229,0.8907880567792462,0.9039580352885075,0.9153909465020575,0.8828266666666666,0.9127433628318584,0.9011414136136674,0.012555554343249873,235,0.9244444444444444,0.9377777777777779,0.9355555555555556,0.9311111111111111,0.94,0.9337777777777777,0.005515410509329296,229
565,0.007137489318847656,0.0021305747041065392,0.040491580963134766,0.003110898524075753,log_loss,4,8,2,random,"{'criterion': 'log_loss', 'max_depth': 4, 'min_samples_leaf': 8, 'min_samples_split': 2, 'splitter': 'random'}",0.9244444444444444,0.9377777777777778,0.9355555555555556,0.9311111111111111,0.94,0.9337777777777777,0.00551541050932928,229,0.9282511210762332,0.9539170506912442,0.9188034188034188,0.985,0.9419642857142857,0.9455871752570364,0.02303819130024926,247,0.920704845814978,0.9227467811158798,0.9537037037037037,0.888,0.9380530973451328,0.9246416855959388,0.021845683122134703,325,0.92,0.92,0.9555555555555556,0.8755555555555555,0.9377777777777778,0.9217777777777778,0.02660734141705916,277,0.9288888888888889,0.9555555555555556,0.9155555555555556,0.9866666666666667,0.9422222222222222,0.9457777777777778,0.024408053720437313,247,0.9223300970873787,0.9291270527225584,0.945821854912764,0.9061224489795918,0.9388839681133747,0.9284570843631336,0.013762848029227124,307,0.9244444444444444,0.9377777777777778,0.9355555555555556,0.9311111111111111,0.94,0.9337777777777777,0.00551541050932928,229,0.8907880567792462,0.9039580352885075,0.9153909465020575,0.8828266666666666,0.9127433628318584,0.9011414136136674,0.012555554343249873,235,0.9244444444444444,0.9377777777777779,0.9355555555555556,0.9311111111111111,0.94,0.9337777777777777,0.005515410509329296,229
567,0.005578279495239258,0.004643763899908394,0.04396185874938965,0.0039051802021736275,log_loss,4,8,3,random,"{'criterion': 'log_loss', 'max_depth': 4, 'min_samples_leaf': 8, 'min_samples_split': 3, 'splitter': 'random'}",0.9244444444444444,0.9377777777777778,0.9355555555555556,0.9311111111111111,0.94,0.9337777777777777,0.00551541050932928,229,0.9282511210762332,0.9539170506912442,0.9188034188034188,0.985,0.9419642857142857,0.9455871752570364,0.02303819130024926,247,0.920704845814978,0.9227467811158798,0.9537037037037037,0.888,0.9380530973451328,0.9246416855959388,0.021845683122134703,325,0.92,0.92,0.9555555555555556,0.8755555555555555,0.9377777777777778,0.9217777777777778,0.02660734141705916,277,0.9288888888888889,0.9555555555555556,0.9155555555555556,0.9866666666666667,0.9422222222222222,0.9457777777777778,0.024408053720437313,247,0.9223300970873787,0.9291270527225584,0.945821854912764,0.9061224489795918,0.9388839681133747,0.9284570843631336,0.013762848029227124,307,0.9244444444444444,0.9377777777777778,0.9355555555555556,0.9311111111111111,0.94,0.9337777777777777,0.00551541050932928,229,0.8907880567792462,0.9039580352885075,0.9153909465020575,0.8828266666666666,0.9127433628318584,0.9011414136136674,0.012555554343249873,235,0.9244444444444444,0.9377777777777779,0.9355555555555556,0.9311111111111111,0.94,0.9337777777777777,0.005515410509329296,229
569,0.007411670684814453,0.00245622301049248,0.041507720947265625,0.0012000176425526685,log_loss,4,8,4,random,"{'criterion': 'log_loss', 'max_depth': 4, 'min_samples_leaf': 8, 'min_samples_split': 4, 'splitter': 'random'}",0.9244444444444444,0.9377777777777778,0.9355555555555556,0.9311111111111111,0.94,0.9337777777777777,0.00551541050932928,229,0.9282511210762332,0.9539170506912442,0.9188034188034188,0.985,0.9419642857142857,0.9455871752570364,0.02303819130024926,247,0.920704845814978,0.9227467811158798,0.9537037037037037,0.888,0.9380530973451328,0.9246416855959388,0.021845683122134703,325,0.92,0.92,0.9555555555555556,0.8755555555555555,0.9377777777777778,0.9217777777777778,0.02660734141705916,277,0.9288888888888889,0.9555555555555556,0.9155555555555556,0.9866666666666667,0.9422222222222222,0.9457777777777778,0.024408053720437313,247,0.9223300970873787,0.9291270527225584,0.945821854912764,0.9061224489795918,0.9388839681133747,0.9284570843631336,0.013762848029227124,307,0.9244444444444444,0.9377777777777778,0.9355555555555556,0.9311111111111111,0.94,0.9337777777777777,0.00551541050932928,229,0.8907880567792462,0.9039580352885075,0.9153909465020575,0.8828266666666666,0.9127433628318584,0.9011414136136674,0.012555554343249873,235,0.9244444444444444,0.9377777777777779,0.9355555555555556,0.9311111111111111,0.94,0.9337777777777777,0.005515410509329296,229
375,0.008012199401855468,0.002970739564828986,0.0483767032623291,0.008603670409282128,entropy,4,8,3,random,"{'criterion': 'entropy', 'max_depth': 4, 'min_samples_leaf': 8, 'min_samples_split': 3, 'splitter': 'random'}",0.9244444444444444,0.9377777777777778,0.9355555555555556,0.9311111111111111,0.94,0.9337777777777777,0.00551541050932928,229,0.9282511210762332,0.9539170506912442,0.9188034188034188,0.985,0.9419642857142857,0.9455871752570364,0.02303819130024926,247,0.920704845814978,0.9227467811158798,0.9537037037037037,0.888,0.9380530973451328,0.9246416855959388,0.021845683122134703,325,0.92,0.92,0.9555555555555556,0.8755555555555555,0.9377777777777778,0.9217777777777778,0.02660734141705916,277,0.9288888888888889,0.9555555555555556,0.9155555555555556,0.9866666666666667,0.9422222222222222,0.9457777777777778,0.024408053720437313,247,0.9223300970873787,0.9291270527225584,0.945821854912764,0.9061224489795918,0.9388839681133747,0.9284570843631336,0.013762848029227124,307,0.9244444444444444,0.9377777777777778,0.9355555555555556,0.9311111111111111,0.94,0.9337777777777777,0.00551541050932928,229,0.8907880567792462,0.9039580352885075,0.9153909465020575,0.8828266666666666,0.9127433628318584,0.9011414136136674,0.012555554343249873,235,0.9244444444444444,0.9377777777777779,0.9355555555555556,0.9311111111111111,0.94,0.9337777777777777,0.005515410509329296,229
377,0.007310914993286133,0.005310497422093864,0.041825294494628906,0.0016504480701809681,entropy,4,8,4,random,"{'criterion': 'entropy', 'max_depth': 4, 'min_samples_leaf': 8, 'min_samples_split': 4, 'splitter': 'random'}",0.9244444444444444,0.9377777777777778,0.9355555555555556,0.9311111111111111,0.94,0.9337777777777777,0.00551541050932928,229,0.9282511210762332,0.9539170506912442,0.9188034188034188,0.985,0.9419642857142857,0.9455871752570364,0.02303819130024926,247,0.920704845814978,0.9227467811158798,0.9537037037037037,0.888,0.9380530973451328,0.9246416855959388,0.021845683122134703,325,0.92,0.92,0.9555555555555556,0.8755555555555555,0.9377777777777778,0.9217777777777778,0.02660734141705916,277,0.9288888888888889,0.9555555555555556,0.9155555555555556,0.9866666666666667,0.9422222222222222,0.9457777777777778,0.024408053720437313,247,0.9223300970873787,0.9291270527225584,0.945821854912764,0.9061224489795918,0.9388839681133747,0.9284570843631336,0.013762848029227124,307,0.9244444444444444,0.9377777777777778,0.9355555555555556,0.9311111111111111,0.94,0.9337777777777777,0.00551541050932928,229,0.8907880567792462,0.9039580352885075,0.9153909465020575,0.8828266666666666,0.9127433628318584,0.9011414136136674,0.012555554343249873,235,0.9244444444444444,0.9377777777777779,0.9355555555555556,0.9311111111111111,0.94,0.9337777777777777,0.005515410509329296,229
575,0.0031754016876220704,0.0026154012970753516,0.048146390914916994,0.007720027986830394,log_loss,4,9,4,random,"{'criterion': 'log_loss', 'max_depth': 4, 'min_samples_leaf': 9, 'min_samples_split': 4, 'splitter': 'random'}",0.9244444444444444,0.9355555555555556,0.9355555555555556,0.9311111111111111,0.94,0.9333333333333332,0.005258737584977442,235,0.9282511210762332,0.9537037037037037,0.9188034188034188,0.985,0.9419642857142857,0.9455445058595282,0.02302291640007028,253,0.920704845814978,0.9188034188034188,0.9537037037037037,0.888,0.9380530973451328,0.9238530131334466,0.02197068060051956,331,0.92,0.9155555555555556,0.9555555555555556,0.8755555555555555,0.9377777777777778,0.920888888888889,0.026725860228218528,283,0.9288888888888889,0.9555555555555556,0.9155555555555556,0.9866666666666667,0.9422222222222222,0.9457777777777778,0.024408053720437313,247,0.9223300970873787,0.9259259259259259,0.945821854912764,0.9061224489795918,0.9388839681133747,0.9278168590038071,0.013791217439051548,331,0.9244444444444444,0.9355555555555556,0.9355555555555556,0.9311111111111111,0.94,0.9333333333333332,0.005258737584977442,235,0.8907880567792462,0.9001899335232668,0.9153909465020575,0.8828266666666666,0.9127433628318584,0.9003877932606192,0.012476714013329875,241,0.9244444444444444,0.9355555555555556,0.9355555555555556,0.9311111111111111,0.94,0.9333333333333332,0.005258737584977442,235
381,0.003721475601196289,0.003422442118191234,0.04349803924560547,0.005564510322957102,entropy,4,9,3,random,"{'criterion': 'entropy', 'max_depth': 4, 'min_samples_leaf': 9, 'min_samples_split': 3, 'splitter': 'random'}",0.9244444444444444,0.9355555555555556,0.9355555555555556,0.9311111111111111,0.94,0.9333333333333332,0.005258737584977442,235,0.9282511210762332,0.9537037037037037,0.9188034188034188,0.985,0.9419642857142857,0.9455445058595282,0.02302291640007028,253,0.920704845814978,0.9188034188034188,0.9537037037037037,0.888,0.9380530973451328,0.9238530131334466,0.02197068060051956,331,0.92,0.9155555555555556,0.9555555555555556,0.8755555555555555,0.9377777777777778,0.920888888888889,0.026725860228218528,283,0.9288888888888889,0.9555555555555556,0.9155555555555556,0.9866666666666667,0.9422222222222222,0.9457777777777778,0.024408053720437313,247,0.9223300970873787,0.9259259259259259,0.945821854912764,0.9061224489795918,0.9388839681133747,0.9278168590038071,0.013791217439051548,331,0.9244444444444444,0.9355555555555556,0.9355555555555556,0.9311111111111111,0.94,0.9333333333333332,0.005258737584977442,235,0.8907880567792462,0.9001899335232668,0.9153909465020575,0.8828266666666666,0.9127433628318584,0.9003877932606192,0.012476714013329875,241,0.9244444444444444,0.9355555555555556,0.9355555555555556,0.9311111111111111,0.94,0.9333333333333332,0.005258737584977442,235
571,0.0015040397644042968,0.0030080795288085936,0.047165870666503906,0.004257232968093207,log_loss,4,9,2,random,"{'criterion': 'log_loss', 'max_depth': 4, 'min_samples_leaf': 9, 'min_samples_split': 2, 'splitter': 'random'}",0.9244444444444444,0.9355555555555556,0.9355555555555556,0.9311111111111111,0.94,0.9333333333333332,0.005258737584977442,235,0.9282511210762332,0.9537037037037037,0.9188034188034188,0.985,0.9419642857142857,0.9455445058595282,0.02302291640007028,253,0.920704845814978,0.9188034188034188,0.9537037037037037,0.888,0.9380530973451328,0.9238530131334466,0.02197068060051956,331,0.92,0.9155555555555556,0.9555555555555556,0.8755555555555555,0.9377777777777778,0.920888888888889,0.026725860228218528,283,0.9288888888888889,0.9555555555555556,0.9155555555555556,0.9866666666666667,0.9422222222222222,0.9457777777777778,0.024408053720437313,247,0.9223300970873787,0.9259259259259259,0.945821854912764,0.9061224489795918,0.9388839681133747,0.9278168590038071,0.013791217439051548,331,0.9244444444444444,0.9355555555555556,0.9355555555555556,0.9311111111111111,0.94,0.9333333333333332,0.005258737584977442,235,0.8907880567792462,0.9001899335232668,0.9153909465020575,0.8828266666666666,0.9127433628318584,0.9003877932606192,0.012476714013329875,241,0.9244444444444444,0.9355555555555556,0.9355555555555556,0.9311111111111111,0.94,0.9333333333333332,0.005258737584977442,235
573,0.0050945281982421875,0.004396090074779523,0.0425809383392334,0.0016139313068067064,log_loss,4,9,3,random,"{'criterion': 'log_loss', 'max_depth': 4, 'min_samples_leaf': 9, 'min_samples_split': 3, 'splitter': 'random'}",0.9244444444444444,0.9355555555555556,0.9355555555555556,0.9311111111111111,0.94,0.9333333333333332,0.005258737584977442,235,0.9282511210762332,0.9537037037037037,0.9188034188034188,0.985,0.9419642857142857,0.9455445058595282,0.02302291640007028,253,0.920704845814978,0.9188034188034188,0.9537037037037037,0.888,0.9380530973451328,0.9238530131334466,0.02197068060051956,331,0.92,0.9155555555555556,0.9555555555555556,0.8755555555555555,0.9377777777777778,0.920888888888889,0.026725860228218528,283,0.9288888888888889,0.9555555555555556,0.9155555555555556,0.9866666666666667,0.9422222222222222,0.9457777777777778,0.024408053720437313,247,0.9223300970873787,0.9259259259259259,0.945821854912764,0.9061224489795918,0.9388839681133747,0.9278168590038071,0.013791217439051548,331,0.9244444444444444,0.9355555555555556,0.9355555555555556,0.9311111111111111,0.94,0.9333333333333332,0.005258737584977442,235,0.8907880567792462,0.9001899335232668,0.9153909465020575,0.8828266666666666,0.9127433628318584,0.9003877932606192,0.012476714013329875,241,0.9244444444444444,0.9355555555555556,0.9355555555555556,0.9311111111111111,0.94,0.9333333333333332,0.005258737584977442,235
379,0.00998702049255371,0.007507391132237286,0.041138315200805665,0.0068333803925872925,entropy,4,9,2,random,"{'criterion': 'entropy', 'max_depth': 4, 'min_samples_leaf': 9, 'min_samples_split': 2, 'splitter': 'random'}",0.9244444444444444,0.9355555555555556,0.9355555555555556,0.9311111111111111,0.94,0.9333333333333332,0.005258737584977442,235,0.9282511210762332,0.9537037037037037,0.9188034188034188,0.985,0.9419642857142857,0.9455445058595282,0.02302291640007028,253,0.920704845814978,0.9188034188034188,0.9537037037037037,0.888,0.9380530973451328,0.9238530131334466,0.02197068060051956,331,0.92,0.9155555555555556,0.9555555555555556,0.8755555555555555,0.9377777777777778,0.920888888888889,0.026725860228218528,283,0.9288888888888889,0.9555555555555556,0.9155555555555556,0.9866666666666667,0.9422222222222222,0.9457777777777778,0.024408053720437313,247,0.9223300970873787,0.9259259259259259,0.945821854912764,0.9061224489795918,0.9388839681133747,0.9278168590038071,0.013791217439051548,331,0.9244444444444444,0.9355555555555556,0.9355555555555556,0.9311111111111111,0.94,0.9333333333333332,0.005258737584977442,235,0.8907880567792462,0.9001899335232668,0.9153909465020575,0.8828266666666666,0.9127433628318584,0.9003877932606192,0.012476714013329875,241,0.9244444444444444,0.9355555555555556,0.9355555555555556,0.9311111111111111,0.94,0.9333333333333332,0.005258737584977442,235
383,0.0066893577575683595,0.006068571663862451,0.04141693115234375,0.005024061233587575,entropy,4,9,4,random,"{'criterion': 'entropy', 'max_depth': 4, 'min_samples_leaf': 9, 'min_samples_split': 4, 'splitter': 'random'}",0.9244444444444444,0.9355555555555556,0.9355555555555556,0.9311111111111111,0.94,0.9333333333333332,0.005258737584977442,235,0.9282511210762332,0.9537037037037037,0.9188034188034188,0.985,0.9419642857142857,0.9455445058595282,0.02302291640007028,253,0.920704845814978,0.9188034188034188,0.9537037037037037,0.888,0.9380530973451328,0.9238530131334466,0.02197068060051956,331,0.92,0.9155555555555556,0.9555555555555556,0.8755555555555555,0.9377777777777778,0.920888888888889,0.026725860228218528,283,0.9288888888888889,0.9555555555555556,0.9155555555555556,0.9866666666666667,0.9422222222222222,0.9457777777777778,0.024408053720437313,247,0.9223300970873787,0.9259259259259259,0.945821854912764,0.9061224489795918,0.9388839681133747,0.9278168590038071,0.013791217439051548,331,0.9244444444444444,0.9355555555555556,0.9355555555555556,0.9311111111111111,0.94,0.9333333333333332,0.005258737584977442,235,0.8907880567792462,0.9001899335232668,0.9153909465020575,0.8828266666666666,0.9127433628318584,0.9003877932606192,0.012476714013329875,241,0.9244444444444444,0.9355555555555556,0.9355555555555556,0.9311111111111111,0.94,0.9333333333333332,0.005258737584977442,235
349,0.007633781433105469,0.003946172605789774,0.05311083793640137,0.016456049549092945,entropy,4,4,2,random,"{'criterion': 'entropy', 'max_depth': 4, 'min_samples_leaf': 4, 'min_samples_split': 2, 'splitter': 'random'}",0.9266666666666666,0.9244444444444444,0.9355555555555556,0.9311111111111111,0.94,0.9315555555555555,0.005691665988829202,247,0.9173913043478261,0.9360730593607306,0.9188034188034188,0.985,0.9419642857142857,0.9398464136452522,0.024513708453947784,283,0.9363636363636364,0.9134199134199135,0.9537037037037037,0.888,0.9380530973451328,0.9259080701664771,0.022901500545084618,253,0.9377777777777778,0.9111111111111111,0.9555555555555556,0.8755555555555555,0.9377777777777778,0.9235555555555557,0.027883354917970025,253,0.9155555555555556,0.9377777777777778,0.9155555555555556,0.9866666666666667,0.9422222222222222,0.9395555555555557,0.026006646823693857,286,0.9321266968325792,0.918189730200174,0.945821854912764,0.9061224489795918,0.9388839681133747,0.9282289398076967,0.014336774157325545,313,0.9266666666666667,0.9244444444444444,0.9355555555555556,0.9311111111111111,0.94,0.9315555555555555,0.005691665988829183,247,0.8995151515151516,0.8876960076960078,0.9153909465020575,0.8828266666666666,0.9127433628318584,0.8996344270423485,0.013001176831383347,247,0.9266666666666667,0.9244444444444445,0.9355555555555556,0.9311111111111111,0.94,0.9315555555555555,0.005691665988829156,247
531,0.0034779071807861327,0.0034926900203273055,0.0466062068939209,0.0025021105404369093,log_loss,4,2,3,random,"{'criterion': 'log_loss', 'max_depth': 4, 'min_samples_leaf': 2, 'min_samples_split': 3, 'splitter': 'random'}",0.9266666666666666,0.9244444444444444,0.9355555555555556,0.9311111111111111,0.94,0.9315555555555555,0.005691665988829202,247,0.9173913043478261,0.9360730593607306,0.9188034188034188,0.985,0.9419642857142857,0.9398464136452522,0.024513708453947784,283,0.9363636363636364,0.9134199134199135,0.9537037037037037,0.888,0.9380530973451328,0.9259080701664771,0.022901500545084618,253,0.9377777777777778,0.9111111111111111,0.9555555555555556,0.8755555555555555,0.9377777777777778,0.9235555555555557,0.027883354917970025,253,0.9155555555555556,0.9377777777777778,0.9155555555555556,0.9866666666666667,0.9422222222222222,0.9395555555555557,0.026006646823693857,286,0.9321266968325792,0.918189730200174,0.945821854912764,0.9061224489795918,0.9388839681133747,0.9282289398076967,0.014336774157325545,313,0.9266666666666667,0.9244444444444444,0.9355555555555556,0.9311111111111111,0.94,0.9315555555555555,0.005691665988829183,247,0.8995151515151516,0.8876960076960078,0.9153909465020575,0.8828266666666666,0.9127433628318584,0.8996344270423485,0.013001176831383347,247,0.9266666666666667,0.9244444444444445,0.9355555555555556,0.9311111111111111,0.94,0.9315555555555555,0.005691665988829156,247
533,0.011188316345214843,0.002678228978980459,0.04171113967895508,0.0009486760455216615,log_loss,4,2,4,random,"{'criterion': 'log_loss', 'max_depth': 4, 'min_samples_leaf': 2, 'min_samples_split': 4, 'splitter': 'random'}",0.9266666666666666,0.9244444444444444,0.9355555555555556,0.9311111111111111,0.94,0.9315555555555555,0.005691665988829202,247,0.9173913043478261,0.9360730593607306,0.9188034188034188,0.985,0.9419642857142857,0.9398464136452522,0.024513708453947784,283,0.9363636363636364,0.9134199134199135,0.9537037037037037,0.888,0.9380530973451328,0.9259080701664771,0.022901500545084618,253,0.9377777777777778,0.9111111111111111,0.9555555555555556,0.8755555555555555,0.9377777777777778,0.9235555555555557,0.027883354917970025,253,0.9155555555555556,0.9377777777777778,0.9155555555555556,0.9866666666666667,0.9422222222222222,0.9395555555555557,0.026006646823693857,286,0.9321266968325792,0.918189730200174,0.945821854912764,0.9061224489795918,0.9388839681133747,0.9282289398076967,0.014336774157325545,313,0.9266666666666667,0.9244444444444444,0.9355555555555556,0.9311111111111111,0.94,0.9315555555555555,0.005691665988829183,247,0.8995151515151516,0.8876960076960078,0.9153909465020575,0.8828266666666666,0.9127433628318584,0.8996344270423485,0.013001176831383347,247,0.9266666666666667,0.9244444444444445,0.9355555555555556,0.9311111111111111,0.94,0.9315555555555555,0.005691665988829156,247
535,0.008917665481567383,0.003042629352814198,0.04172868728637695,0.004198153939482576,log_loss,4,3,2,random,"{'criterion': 'log_loss', 'max_depth': 4, 'min_samples_leaf': 3, 'min_samples_split': 2, 'splitter': 'random'}",0.9266666666666666,0.9244444444444444,0.9355555555555556,0.9311111111111111,0.94,0.9315555555555555,0.005691665988829202,247,0.9173913043478261,0.9360730593607306,0.9188034188034188,0.985,0.9419642857142857,0.9398464136452522,0.024513708453947784,283,0.9363636363636364,0.9134199134199135,0.9537037037037037,0.888,0.9380530973451328,0.9259080701664771,0.022901500545084618,253,0.9377777777777778,0.9111111111111111,0.9555555555555556,0.8755555555555555,0.9377777777777778,0.9235555555555557,0.027883354917970025,253,0.9155555555555556,0.9377777777777778,0.9155555555555556,0.9866666666666667,0.9422222222222222,0.9395555555555557,0.026006646823693857,286,0.9321266968325792,0.918189730200174,0.945821854912764,0.9061224489795918,0.9388839681133747,0.9282289398076967,0.014336774157325545,313,0.9266666666666667,0.9244444444444444,0.9355555555555556,0.9311111111111111,0.94,0.9315555555555555,0.005691665988829183,247,0.8995151515151516,0.8876960076960078,0.9153909465020575,0.8828266666666666,0.9127433628318584,0.8996344270423485,0.013001176831383347,247,0.9266666666666667,0.9244444444444445,0.9355555555555556,0.9311111111111111,0.94,0.9315555555555555,0.005691665988829156,247
337,0.005977153778076172,0.0051848872357927,0.045829248428344724,0.004713874614140123,entropy,4,2,2,random,"{'criterion': 'entropy', 'max_depth': 4, 'min_samples_leaf': 2, 'min_samples_split': 2, 'splitter': 'random'}",0.9266666666666666,0.9244444444444444,0.9355555555555556,0.9311111111111111,0.94,0.9315555555555555,0.005691665988829202,247,0.9173913043478261,0.9360730593607306,0.9188034188034188,0.985,0.9419642857142857,0.9398464136452522,0.024513708453947784,283,0.9363636363636364,0.9134199134199135,0.9537037037037037,0.888,0.9380530973451328,0.9259080701664771,0.022901500545084618,253,0.9377777777777778,0.9111111111111111,0.9555555555555556,0.8755555555555555,0.9377777777777778,0.9235555555555557,0.027883354917970025,253,0.9155555555555556,0.9377777777777778,0.9155555555555556,0.9866666666666667,0.9422222222222222,0.9395555555555557,0.026006646823693857,286,0.9321266968325792,0.918189730200174,0.945821854912764,0.9061224489795918,0.9388839681133747,0.9282289398076967,0.014336774157325545,313,0.9266666666666667,0.9244444444444444,0.9355555555555556,0.9311111111111111,0.94,0.9315555555555555,0.005691665988829183,247,0.8995151515151516,0.8876960076960078,0.9153909465020575,0.8828266666666666,0.9127433628318584,0.8996344270423485,0.013001176831383347,247,0.9266666666666667,0.9244444444444445,0.9355555555555556,0.9311111111111111,0.94,0.9315555555555555,0.005691665988829156,247
537,0.007242727279663086,0.0022812664415924086,0.050539588928222655,0.010816504650476571,log_loss,4,3,3,random,"{'criterion': 'log_loss', 'max_depth': 4, 'min_samples_leaf': 3, 'min_samples_split': 3, 'splitter': 'random'}",0.9266666666666666,0.9244444444444444,0.9355555555555556,0.9311111111111111,0.94,0.9315555555555555,0.005691665988829202,247,0.9173913043478261,0.9360730593607306,0.9188034188034188,0.985,0.9419642857142857,0.9398464136452522,0.024513708453947784,283,0.9363636363636364,0.9134199134199135,0.9537037037037037,0.888,0.9380530973451328,0.9259080701664771,0.022901500545084618,253,0.9377777777777778,0.9111111111111111,0.9555555555555556,0.8755555555555555,0.9377777777777778,0.9235555555555557,0.027883354917970025,253,0.9155555555555556,0.9377777777777778,0.9155555555555556,0.9866666666666667,0.9422222222222222,0.9395555555555557,0.026006646823693857,286,0.9321266968325792,0.918189730200174,0.945821854912764,0.9061224489795918,0.9388839681133747,0.9282289398076967,0.014336774157325545,313,0.9266666666666667,0.9244444444444444,0.9355555555555556,0.9311111111111111,0.94,0.9315555555555555,0.005691665988829183,247,0.8995151515151516,0.8876960076960078,0.9153909465020575,0.8828266666666666,0.9127433628318584,0.8996344270423485,0.013001176831383347,247,0.9266666666666667,0.9244444444444445,0.9355555555555556,0.9311111111111111,0.94,0.9315555555555555,0.005691665988829156,247
339,0.008340835571289062,0.0029362992437367797,0.03813767433166504,0.001931512599738093,entropy,4,2,3,random,"{'criterion': 'entropy', 'max_depth': 4, 'min_samples_leaf': 2, 'min_samples_split': 3, 'splitter': 'random'}",0.9266666666666666,0.9244444444444444,0.9355555555555556,0.9311111111111111,0.94,0.9315555555555555,0.005691665988829202,247,0.9173913043478261,0.9360730593607306,0.9188034188034188,0.985,0.9419642857142857,0.9398464136452522,0.024513708453947784,283,0.9363636363636364,0.9134199134199135,0.9537037037037037,0.888,0.9380530973451328,0.9259080701664771,0.022901500545084618,253,0.9377777777777778,0.9111111111111111,0.9555555555555556,0.8755555555555555,0.9377777777777778,0.9235555555555557,0.027883354917970025,253,0.9155555555555556,0.9377777777777778,0.9155555555555556,0.9866666666666667,0.9422222222222222,0.9395555555555557,0.026006646823693857,286,0.9321266968325792,0.918189730200174,0.945821854912764,0.9061224489795918,0.9388839681133747,0.9282289398076967,0.014336774157325545,313,0.9266666666666667,0.9244444444444444,0.9355555555555556,0.9311111111111111,0.94,0.9315555555555555,0.005691665988829183,247,0.8995151515151516,0.8876960076960078,0.9153909465020575,0.8828266666666666,0.9127433628318584,0.8996344270423485,0.013001176831383347,247,0.9266666666666667,0.9244444444444445,0.9355555555555556,0.9311111111111111,0.94,0.9315555555555555,0.005691665988829156,247
539,0.005426454544067383,0.0038725960641148986,0.044043970108032224,0.0025844309574970655,log_loss,4,3,4,random,"{'criterion': 'log_loss', 'max_depth': 4, 'min_samples_leaf': 3, 'min_samples_split': 4, 'splitter': 'random'}",0.9266666666666666,0.9244444444444444,0.9355555555555556,0.9311111111111111,0.94,0.9315555555555555,0.005691665988829202,247,0.9173913043478261,0.9360730593607306,0.9188034188034188,0.985,0.9419642857142857,0.9398464136452522,0.024513708453947784,283,0.9363636363636364,0.9134199134199135,0.9537037037037037,0.888,0.9380530973451328,0.9259080701664771,0.022901500545084618,253,0.9377777777777778,0.9111111111111111,0.9555555555555556,0.8755555555555555,0.9377777777777778,0.9235555555555557,0.027883354917970025,253,0.9155555555555556,0.9377777777777778,0.9155555555555556,0.9866666666666667,0.9422222222222222,0.9395555555555557,0.026006646823693857,286,0.9321266968325792,0.918189730200174,0.945821854912764,0.9061224489795918,0.9388839681133747,0.9282289398076967,0.014336774157325545,313,0.9266666666666667,0.9244444444444444,0.9355555555555556,0.9311111111111111,0.94,0.9315555555555555,0.005691665988829183,247,0.8995151515151516,0.8876960076960078,0.9153909465020575,0.8828266666666666,0.9127433628318584,0.8996344270423485,0.013001176831383347,247,0.9266666666666667,0.9244444444444445,0.9355555555555556,0.9311111111111111,0.94,0.9315555555555555,0.005691665988829156,247
341,0.01413412094116211,0.008138203783480989,0.03939905166625977,0.005316395927574606,entropy,4,2,4,random,"{'criterion': 'entropy', 'max_depth': 4, 'min_samples_leaf': 2, 'min_samples_split': 4, 'splitter': 'random'}",0.9266666666666666,0.9244444444444444,0.9355555555555556,0.9311111111111111,0.94,0.9315555555555555,0.005691665988829202,247,0.9173913043478261,0.9360730593607306,0.9188034188034188,0.985,0.9419642857142857,0.9398464136452522,0.024513708453947784,283,0.9363636363636364,0.9134199134199135,0.9537037037037037,0.888,0.9380530973451328,0.9259080701664771,0.022901500545084618,253,0.9377777777777778,0.9111111111111111,0.9555555555555556,0.8755555555555555,0.9377777777777778,0.9235555555555557,0.027883354917970025,253,0.9155555555555556,0.9377777777777778,0.9155555555555556,0.9866666666666667,0.9422222222222222,0.9395555555555557,0.026006646823693857,286,0.9321266968325792,0.918189730200174,0.945821854912764,0.9061224489795918,0.9388839681133747,0.9282289398076967,0.014336774157325545,313,0.9266666666666667,0.9244444444444444,0.9355555555555556,0.9311111111111111,0.94,0.9315555555555555,0.005691665988829183,247,0.8995151515151516,0.8876960076960078,0.9153909465020575,0.8828266666666666,0.9127433628318584,0.8996344270423485,0.013001176831383347,247,0.9266666666666667,0.9244444444444445,0.9355555555555556,0.9311111111111111,0.94,0.9315555555555555,0.005691665988829156,247
541,0.007960939407348632,0.00469230258216356,0.04330267906188965,0.0041409846382502846,log_loss,4,4,2,random,"{'criterion': 'log_loss', 'max_depth': 4, 'min_samples_leaf': 4, 'min_samples_split': 2, 'splitter': 'random'}",0.9266666666666666,0.9244444444444444,0.9355555555555556,0.9311111111111111,0.94,0.9315555555555555,0.005691665988829202,247,0.9173913043478261,0.9360730593607306,0.9188034188034188,0.985,0.9419642857142857,0.9398464136452522,0.024513708453947784,283,0.9363636363636364,0.9134199134199135,0.9537037037037037,0.888,0.9380530973451328,0.9259080701664771,0.022901500545084618,253,0.9377777777777778,0.9111111111111111,0.9555555555555556,0.8755555555555555,0.9377777777777778,0.9235555555555557,0.027883354917970025,253,0.9155555555555556,0.9377777777777778,0.9155555555555556,0.9866666666666667,0.9422222222222222,0.9395555555555557,0.026006646823693857,286,0.9321266968325792,0.918189730200174,0.945821854912764,0.9061224489795918,0.9388839681133747,0.9282289398076967,0.014336774157325545,313,0.9266666666666667,0.9244444444444444,0.9355555555555556,0.9311111111111111,0.94,0.9315555555555555,0.005691665988829183,247,0.8995151515151516,0.8876960076960078,0.9153909465020575,0.8828266666666666,0.9127433628318584,0.8996344270423485,0.013001176831383347,247,0.9266666666666667,0.9244444444444445,0.9355555555555556,0.9311111111111111,0.94,0.9315555555555555,0.005691665988829156,247
529,0.007359886169433593,0.0048602341538366125,0.04123239517211914,0.004946650463263254,log_loss,4,2,2,random,"{'criterion': 'log_loss', 'max_depth': 4, 'min_samples_leaf': 2, 'min_samples_split': 2, 'splitter': 'random'}",0.9266666666666666,0.9244444444444444,0.9355555555555556,0.9311111111111111,0.94,0.9315555555555555,0.005691665988829202,247,0.9173913043478261,0.9360730593607306,0.9188034188034188,0.985,0.9419642857142857,0.9398464136452522,0.024513708453947784,283,0.9363636363636364,0.9134199134199135,0.9537037037037037,0.888,0.9380530973451328,0.9259080701664771,0.022901500545084618,253,0.9377777777777778,0.9111111111111111,0.9555555555555556,0.8755555555555555,0.9377777777777778,0.9235555555555557,0.027883354917970025,253,0.9155555555555556,0.9377777777777778,0.9155555555555556,0.9866666666666667,0.9422222222222222,0.9395555555555557,0.026006646823693857,286,0.9321266968325792,0.918189730200174,0.945821854912764,0.9061224489795918,0.9388839681133747,0.9282289398076967,0.014336774157325545,313,0.9266666666666667,0.9244444444444444,0.9355555555555556,0.9311111111111111,0.94,0.9315555555555555,0.005691665988829183,247,0.8995151515151516,0.8876960076960078,0.9153909465020575,0.8828266666666666,0.9127433628318584,0.8996344270423485,0.013001176831383347,247,0.9266666666666667,0.9244444444444445,0.9355555555555556,0.9311111111111111,0.94,0.9315555555555555,0.005691665988829156,247
543,0.00996856689453125,0.0021193496866486225,0.0406463623046875,0.000436373309378878,log_loss,4,4,3,random,"{'criterion': 'log_loss', 'max_depth': 4, 'min_samples_leaf': 4, 'min_samples_split': 3, 'splitter': 'random'}",0.9266666666666666,0.9244444444444444,0.9355555555555556,0.9311111111111111,0.94,0.9315555555555555,0.005691665988829202,247,0.9173913043478261,0.9360730593607306,0.9188034188034188,0.985,0.9419642857142857,0.9398464136452522,0.024513708453947784,283,0.9363636363636364,0.9134199134199135,0.9537037037037037,0.888,0.9380530973451328,0.9259080701664771,0.022901500545084618,253,0.9377777777777778,0.9111111111111111,0.9555555555555556,0.8755555555555555,0.9377777777777778,0.9235555555555557,0.027883354917970025,253,0.9155555555555556,0.9377777777777778,0.9155555555555556,0.9866666666666667,0.9422222222222222,0.9395555555555557,0.026006646823693857,286,0.9321266968325792,0.918189730200174,0.945821854912764,0.9061224489795918,0.9388839681133747,0.9282289398076967,0.014336774157325545,313,0.9266666666666667,0.9244444444444444,0.9355555555555556,0.9311111111111111,0.94,0.9315555555555555,0.005691665988829183,247,0.8995151515151516,0.8876960076960078,0.9153909465020575,0.8828266666666666,0.9127433628318584,0.8996344270423485,0.013001176831383347,247,0.9266666666666667,0.9244444444444445,0.9355555555555556,0.9311111111111111,0.94,0.9315555555555555,0.005691665988829156,247
345,0.01209726333618164,0.007090265670020861,0.06205968856811524,0.00606435712853327,entropy,4,3,3,random,"{'criterion': 'entropy', 'max_depth': 4, 'min_samples_leaf': 3, 'min_samples_split': 3, 'splitter': 'random'}",0.9266666666666666,0.9244444444444444,0.9355555555555556,0.9311111111111111,0.94,0.9315555555555555,0.005691665988829202,247,0.9173913043478261,0.9360730593607306,0.9188034188034188,0.985,0.9419642857142857,0.9398464136452522,0.024513708453947784,283,0.9363636363636364,0.9134199134199135,0.9537037037037037,0.888,0.9380530973451328,0.9259080701664771,0.022901500545084618,253,0.9377777777777778,0.9111111111111111,0.9555555555555556,0.8755555555555555,0.9377777777777778,0.9235555555555557,0.027883354917970025,253,0.9155555555555556,0.9377777777777778,0.9155555555555556,0.9866666666666667,0.9422222222222222,0.9395555555555557,0.026006646823693857,286,0.9321266968325792,0.918189730200174,0.945821854912764,0.9061224489795918,0.9388839681133747,0.9282289398076967,0.014336774157325545,313,0.9266666666666667,0.9244444444444444,0.9355555555555556,0.9311111111111111,0.94,0.9315555555555555,0.005691665988829183,247,0.8995151515151516,0.8876960076960078,0.9153909465020575,0.8828266666666666,0.9127433628318584,0.8996344270423485,0.013001176831383347,247,0.9266666666666667,0.9244444444444445,0.9355555555555556,0.9311111111111111,0.94,0.9315555555555555,0.005691665988829156,247
545,0.007088470458984375,0.0039513597728242,0.04435100555419922,0.005746821180479504,log_loss,4,4,4,random,"{'criterion': 'log_loss', 'max_depth': 4, 'min_samples_leaf': 4, 'min_samples_split': 4, 'splitter': 'random'}",0.9266666666666666,0.9244444444444444,0.9355555555555556,0.9311111111111111,0.94,0.9315555555555555,0.005691665988829202,247,0.9173913043478261,0.9360730593607306,0.9188034188034188,0.985,0.9419642857142857,0.9398464136452522,0.024513708453947784,283,0.9363636363636364,0.9134199134199135,0.9537037037037037,0.888,0.9380530973451328,0.9259080701664771,0.022901500545084618,253,0.9377777777777778,0.9111111111111111,0.9555555555555556,0.8755555555555555,0.9377777777777778,0.9235555555555557,0.027883354917970025,253,0.9155555555555556,0.9377777777777778,0.9155555555555556,0.9866666666666667,0.9422222222222222,0.9395555555555557,0.026006646823693857,286,0.9321266968325792,0.918189730200174,0.945821854912764,0.9061224489795918,0.9388839681133747,0.9282289398076967,0.014336774157325545,313,0.9266666666666667,0.9244444444444444,0.9355555555555556,0.9311111111111111,0.94,0.9315555555555555,0.005691665988829183,247,0.8995151515151516,0.8876960076960078,0.9153909465020575,0.8828266666666666,0.9127433628318584,0.8996344270423485,0.013001176831383347,247,0.9266666666666667,0.9244444444444445,0.9355555555555556,0.9311111111111111,0.94,0.9315555555555555,0.005691665988829156,247
347,0.0060577392578125,0.003640195468852277,0.04899630546569824,0.006608246348140349,entropy,4,3,4,random,"{'criterion': 'entropy', 'max_depth': 4, 'min_samples_leaf': 3, 'min_samples_split': 4, 'splitter': 'random'}",0.9266666666666666,0.9244444444444444,0.9355555555555556,0.9311111111111111,0.94,0.9315555555555555,0.005691665988829202,247,0.9173913043478261,0.9360730593607306,0.9188034188034188,0.985,0.9419642857142857,0.9398464136452522,0.024513708453947784,283,0.9363636363636364,0.9134199134199135,0.9537037037037037,0.888,0.9380530973451328,0.9259080701664771,0.022901500545084618,253,0.9377777777777778,0.9111111111111111,0.9555555555555556,0.8755555555555555,0.9377777777777778,0.9235555555555557,0.027883354917970025,253,0.9155555555555556,0.9377777777777778,0.9155555555555556,0.9866666666666667,0.9422222222222222,0.9395555555555557,0.026006646823693857,286,0.9321266968325792,0.918189730200174,0.945821854912764,0.9061224489795918,0.9388839681133747,0.9282289398076967,0.014336774157325545,313,0.9266666666666667,0.9244444444444444,0.9355555555555556,0.9311111111111111,0.94,0.9315555555555555,0.005691665988829183,247,0.8995151515151516,0.8876960076960078,0.9153909465020575,0.8828266666666666,0.9127433628318584,0.8996344270423485,0.013001176831383347,247,0.9266666666666667,0.9244444444444445,0.9355555555555556,0.9311111111111111,0.94,0.9315555555555555,0.005691665988829156,247
351,0.006676149368286133,0.004687528720056976,0.04714841842651367,0.0028807810118213757,entropy,4,4,3,random,"{'criterion': 'entropy', 'max_depth': 4, 'min_samples_leaf': 4, 'min_samples_split': 3, 'splitter': 'random'}",0.9266666666666666,0.9244444444444444,0.9355555555555556,0.9311111111111111,0.94,0.9315555555555555,0.005691665988829202,247,0.9173913043478261,0.9360730593607306,0.9188034188034188,0.985,0.9419642857142857,0.9398464136452522,0.024513708453947784,283,0.9363636363636364,0.9134199134199135,0.9537037037037037,0.888,0.9380530973451328,0.9259080701664771,0.022901500545084618,253,0.9377777777777778,0.9111111111111111,0.9555555555555556,0.8755555555555555,0.9377777777777778,0.9235555555555557,0.027883354917970025,253,0.9155555555555556,0.9377777777777778,0.9155555555555556,0.9866666666666667,0.9422222222222222,0.9395555555555557,0.026006646823693857,286,0.9321266968325792,0.918189730200174,0.945821854912764,0.9061224489795918,0.9388839681133747,0.9282289398076967,0.014336774157325545,313,0.9266666666666667,0.9244444444444444,0.9355555555555556,0.9311111111111111,0.94,0.9315555555555555,0.005691665988829183,247,0.8995151515151516,0.8876960076960078,0.9153909465020575,0.8828266666666666,0.9127433628318584,0.8996344270423485,0.013001176831383347,247,0.9266666666666667,0.9244444444444445,0.9355555555555556,0.9311111111111111,0.94,0.9315555555555555,0.005691665988829156,247
343,0.007185888290405273,0.0042642940074154425,0.04407844543457031,0.0026308702626472425,entropy,4,3,2,random,"{'criterion': 'entropy', 'max_depth': 4, 'min_samples_leaf': 3, 'min_samples_split': 2, 'splitter': 'random'}",0.9266666666666666,0.9244444444444444,0.9355555555555556,0.9311111111111111,0.94,0.9315555555555555,0.005691665988829202,247,0.9173913043478261,0.9360730593607306,0.9188034188034188,0.985,0.9419642857142857,0.9398464136452522,0.024513708453947784,283,0.9363636363636364,0.9134199134199135,0.9537037037037037,0.888,0.9380530973451328,0.9259080701664771,0.022901500545084618,253,0.9377777777777778,0.9111111111111111,0.9555555555555556,0.8755555555555555,0.9377777777777778,0.9235555555555557,0.027883354917970025,253,0.9155555555555556,0.9377777777777778,0.9155555555555556,0.9866666666666667,0.9422222222222222,0.9395555555555557,0.026006646823693857,286,0.9321266968325792,0.918189730200174,0.945821854912764,0.9061224489795918,0.9388839681133747,0.9282289398076967,0.014336774157325545,313,0.9266666666666667,0.9244444444444444,0.9355555555555556,0.9311111111111111,0.94,0.9315555555555555,0.005691665988829183,247,0.8995151515151516,0.8876960076960078,0.9153909465020575,0.8828266666666666,0.9127433628318584,0.8996344270423485,0.013001176831383347,247,0.9266666666666667,0.9244444444444445,0.9355555555555556,0.9311111111111111,0.94,0.9315555555555555,0.005691665988829156,247
353,0.008310556411743164,0.0034600599015253454,0.05252509117126465,0.00841975766896985,entropy,4,4,4,random,"{'criterion': 'entropy', 'max_depth': 4, 'min_samples_leaf': 4, 'min_samples_split': 4, 'splitter': 'random'}",0.9266666666666666,0.9244444444444444,0.9355555555555556,0.9311111111111111,0.94,0.9315555555555555,0.005691665988829202,247,0.9173913043478261,0.9360730593607306,0.9188034188034188,0.985,0.9419642857142857,0.9398464136452522,0.024513708453947784,283,0.9363636363636364,0.9134199134199135,0.9537037037037037,0.888,0.9380530973451328,0.9259080701664771,0.022901500545084618,253,0.9377777777777778,0.9111111111111111,0.9555555555555556,0.8755555555555555,0.9377777777777778,0.9235555555555557,0.027883354917970025,253,0.9155555555555556,0.9377777777777778,0.9155555555555556,0.9866666666666667,0.9422222222222222,0.9395555555555557,0.026006646823693857,286,0.9321266968325792,0.918189730200174,0.945821854912764,0.9061224489795918,0.9388839681133747,0.9282289398076967,0.014336774157325545,313,0.9266666666666667,0.9244444444444444,0.9355555555555556,0.9311111111111111,0.94,0.9315555555555555,0.005691665988829183,247,0.8995151515151516,0.8876960076960078,0.9153909465020575,0.8828266666666666,0.9127433628318584,0.8996344270423485,0.013001176831383347,247,0.9266666666666667,0.9244444444444445,0.9355555555555556,0.9311111111111111,0.94,0.9315555555555555,0.005691665988829156,247
507,0.006195878982543946,0.004042751514905449,0.04426774978637695,0.0038040992612106226,log_loss,3,6,3,random,"{'criterion': 'log_loss', 'max_depth': 3, 'min_samples_leaf': 6, 'min_samples_split': 3, 'splitter': 'random'}",0.9311111111111111,0.9444444444444444,0.9333333333333333,0.8866666666666667,0.9288888888888889,0.9248888888888889,0.019846323166014295,265,0.9181034482758621,0.9424778761061947,0.9184549356223176,0.84251968503937,0.9406392694063926,0.9124390428900273,0.03648171413887457,361,0.944954128440367,0.9464285714285714,0.9493087557603687,0.9438775510204082,0.9177489177489178,0.9404635848797266,0.011502994058755607,25,0.9466666666666667,0.9466666666666667,0.9511111111111111,0.9511111111111111,0.9155555555555556,0.9422222222222223,0.013480667456091645,25,0.9155555555555556,0.9422222222222222,0.9155555555555556,0.8222222222222222,0.9422222222222222,0.9075555555555554,0.04430199393556307,361,0.9389243391066545,0.9455842997323818,0.9423604757548033,0.9167492566897919,0.9225413402959095,0.9332319423159081,0.011439249404677004,169,0.9311111111111111,0.9444444444444444,0.9333333333333333,0.8866666666666667,0.9288888888888889,0.9248888888888889,0.019846323166014295,265,0.9073802242609581,0.9206349206349207,0.9113671274961597,0.8649659863945578,0.8936123136123135,0.8995921144797819,0.019374375040094514,265,0.9311111111111111,0.9444444444444443,0.9333333333333333,0.8866666666666667,0.9288888888888889,0.9248888888888889,0.019846323166014274,265
295,0.00740346908569336,0.0033542874273933677,0.039876556396484374,0.0023838687285361515,entropy,3,3,2,random,"{'criterion': 'entropy', 'max_depth': 3, 'min_samples_leaf': 3, 'min_samples_split': 2, 'splitter': 'random'}",0.9311111111111111,0.9444444444444444,0.9333333333333333,0.8866666666666667,0.9288888888888889,0.9248888888888889,0.019846323166014295,265,0.9181034482758621,0.9424778761061947,0.9184549356223176,0.84251968503937,0.9406392694063926,0.9124390428900273,0.03648171413887457,361,0.944954128440367,0.9464285714285714,0.9493087557603687,0.9438775510204082,0.9177489177489178,0.9404635848797266,0.011502994058755607,25,0.9466666666666667,0.9466666666666667,0.9511111111111111,0.9511111111111111,0.9155555555555556,0.9422222222222223,0.013480667456091645,25,0.9155555555555556,0.9422222222222222,0.9155555555555556,0.8222222222222222,0.9422222222222222,0.9075555555555554,0.04430199393556307,361,0.9389243391066545,0.9455842997323818,0.9423604757548033,0.9167492566897919,0.9225413402959095,0.9332319423159081,0.011439249404677004,169,0.9311111111111111,0.9444444444444444,0.9333333333333333,0.8866666666666667,0.9288888888888889,0.9248888888888889,0.019846323166014295,265,0.9073802242609581,0.9206349206349207,0.9113671274961597,0.8649659863945578,0.8936123136123135,0.8995921144797819,0.019374375040094514,265,0.9311111111111111,0.9444444444444443,0.9333333333333333,0.8866666666666667,0.9288888888888889,0.9248888888888889,0.019846323166014274,265
103,0.007409572601318359,0.004022510447002492,0.040636968612670896,0.0007115754078595536,gini,3,3,2,random,"{'criterion': 'gini', 'max_depth': 3, 'min_samples_leaf': 3, 'min_samples_split': 2, 'splitter': 'random'}",0.9311111111111111,0.9444444444444444,0.9333333333333333,0.8866666666666667,0.9288888888888889,0.9248888888888889,0.019846323166014295,265,0.9181034482758621,0.9424778761061947,0.9184549356223176,0.84251968503937,0.9406392694063926,0.9124390428900273,0.03648171413887457,361,0.944954128440367,0.9464285714285714,0.9493087557603687,0.9438775510204082,0.9177489177489178,0.9404635848797266,0.011502994058755607,25,0.9466666666666667,0.9466666666666667,0.9511111111111111,0.9511111111111111,0.9155555555555556,0.9422222222222223,0.013480667456091645,25,0.9155555555555556,0.9422222222222222,0.9155555555555556,0.8222222222222222,0.9422222222222222,0.9075555555555554,0.04430199393556307,361,0.9389243391066545,0.9455842997323818,0.9423604757548033,0.9167492566897919,0.9225413402959095,0.9332319423159081,0.011439249404677004,169,0.9311111111111111,0.9444444444444444,0.9333333333333333,0.8866666666666667,0.9288888888888889,0.9248888888888889,0.019846323166014295,265,0.9073802242609581,0.9206349206349207,0.9113671274961597,0.8649659863945578,0.8936123136123135,0.8995921144797819,0.019374375040094514,265,0.9311111111111111,0.9444444444444443,0.9333333333333333,0.8866666666666667,0.9288888888888889,0.9248888888888889,0.019846323166014274,265
101,0.00849308967590332,0.005118155571779466,0.03710141181945801,0.0038118752967154714,gini,3,2,4,random,"{'criterion': 'gini', 'max_depth': 3, 'min_samples_leaf': 2, 'min_samples_split': 4, 'splitter': 'random'}",0.9311111111111111,0.9444444444444444,0.9333333333333333,0.8866666666666667,0.9288888888888889,0.9248888888888889,0.019846323166014295,265,0.9181034482758621,0.9424778761061947,0.9184549356223176,0.84251968503937,0.9406392694063926,0.9124390428900273,0.03648171413887457,361,0.944954128440367,0.9464285714285714,0.9493087557603687,0.9438775510204082,0.9177489177489178,0.9404635848797266,0.011502994058755607,25,0.9466666666666667,0.9466666666666667,0.9511111111111111,0.9511111111111111,0.9155555555555556,0.9422222222222223,0.013480667456091645,25,0.9155555555555556,0.9422222222222222,0.9155555555555556,0.8222222222222222,0.9422222222222222,0.9075555555555554,0.04430199393556307,361,0.9389243391066545,0.9455842997323818,0.9423604757548033,0.9167492566897919,0.9225413402959095,0.9332319423159081,0.011439249404677004,169,0.9311111111111111,0.9444444444444444,0.9333333333333333,0.8866666666666667,0.9288888888888889,0.9248888888888889,0.019846323166014295,265,0.9073802242609581,0.9206349206349207,0.9113671274961597,0.8649659863945578,0.8936123136123135,0.8995921144797819,0.019374375040094514,265,0.9311111111111111,0.9444444444444443,0.9333333333333333,0.8866666666666667,0.9288888888888889,0.9248888888888889,0.019846323166014274,265
299,0.008700132369995117,0.002497576003977368,0.04078607559204102,0.003987144620311842,entropy,3,3,4,random,"{'criterion': 'entropy', 'max_depth': 3, 'min_samples_leaf': 3, 'min_samples_split': 4, 'splitter': 'random'}",0.9311111111111111,0.9444444444444444,0.9333333333333333,0.8866666666666667,0.9288888888888889,0.9248888888888889,0.019846323166014295,265,0.9181034482758621,0.9424778761061947,0.9184549356223176,0.84251968503937,0.9406392694063926,0.9124390428900273,0.03648171413887457,361,0.944954128440367,0.9464285714285714,0.9493087557603687,0.9438775510204082,0.9177489177489178,0.9404635848797266,0.011502994058755607,25,0.9466666666666667,0.9466666666666667,0.9511111111111111,0.9511111111111111,0.9155555555555556,0.9422222222222223,0.013480667456091645,25,0.9155555555555556,0.9422222222222222,0.9155555555555556,0.8222222222222222,0.9422222222222222,0.9075555555555554,0.04430199393556307,361,0.9389243391066545,0.9455842997323818,0.9423604757548033,0.9167492566897919,0.9225413402959095,0.9332319423159081,0.011439249404677004,169,0.9311111111111111,0.9444444444444444,0.9333333333333333,0.8866666666666667,0.9288888888888889,0.9248888888888889,0.019846323166014295,265,0.9073802242609581,0.9206349206349207,0.9113671274961597,0.8649659863945578,0.8936123136123135,0.8995921144797819,0.019374375040094514,265,0.9311111111111111,0.9444444444444443,0.9333333333333333,0.8866666666666667,0.9288888888888889,0.9248888888888889,0.019846323166014274,265
99,0.007163715362548828,0.0038142191748242057,0.04115061759948731,0.000913597588971167,gini,3,2,3,random,"{'criterion': 'gini', 'max_depth': 3, 'min_samples_leaf': 2, 'min_samples_split': 3, 'splitter': 'random'}",0.9311111111111111,0.9444444444444444,0.9333333333333333,0.8866666666666667,0.9288888888888889,0.9248888888888889,0.019846323166014295,265,0.9181034482758621,0.9424778761061947,0.9184549356223176,0.84251968503937,0.9406392694063926,0.9124390428900273,0.03648171413887457,361,0.944954128440367,0.9464285714285714,0.9493087557603687,0.9438775510204082,0.9177489177489178,0.9404635848797266,0.011502994058755607,25,0.9466666666666667,0.9466666666666667,0.9511111111111111,0.9511111111111111,0.9155555555555556,0.9422222222222223,0.013480667456091645,25,0.9155555555555556,0.9422222222222222,0.9155555555555556,0.8222222222222222,0.9422222222222222,0.9075555555555554,0.04430199393556307,361,0.9389243391066545,0.9455842997323818,0.9423604757548033,0.9167492566897919,0.9225413402959095,0.9332319423159081,0.011439249404677004,169,0.9311111111111111,0.9444444444444444,0.9333333333333333,0.8866666666666667,0.9288888888888889,0.9248888888888889,0.019846323166014295,265,0.9073802242609581,0.9206349206349207,0.9113671274961597,0.8649659863945578,0.8936123136123135,0.8995921144797819,0.019374375040094514,265,0.9311111111111111,0.9444444444444443,0.9333333333333333,0.8866666666666667,0.9288888888888889,0.9248888888888889,0.019846323166014274,265
301,0.010128021240234375,0.0033054856842946218,0.0412898063659668,0.0027665262783516747,entropy,3,4,2,random,"{'criterion': 'entropy', 'max_depth': 3, 'min_samples_leaf': 4, 'min_samples_split': 2, 'splitter': 'random'}",0.9311111111111111,0.9444444444444444,0.9333333333333333,0.8866666666666667,0.9288888888888889,0.9248888888888889,0.019846323166014295,265,0.9181034482758621,0.9424778761061947,0.9184549356223176,0.84251968503937,0.9406392694063926,0.9124390428900273,0.03648171413887457,361,0.944954128440367,0.9464285714285714,0.9493087557603687,0.9438775510204082,0.9177489177489178,0.9404635848797266,0.011502994058755607,25,0.9466666666666667,0.9466666666666667,0.9511111111111111,0.9511111111111111,0.9155555555555556,0.9422222222222223,0.013480667456091645,25,0.9155555555555556,0.9422222222222222,0.9155555555555556,0.8222222222222222,0.9422222222222222,0.9075555555555554,0.04430199393556307,361,0.9389243391066545,0.9455842997323818,0.9423604757548033,0.9167492566897919,0.9225413402959095,0.9332319423159081,0.011439249404677004,169,0.9311111111111111,0.9444444444444444,0.9333333333333333,0.8866666666666667,0.9288888888888889,0.9248888888888889,0.019846323166014295,265,0.9073802242609581,0.9206349206349207,0.9113671274961597,0.8649659863945578,0.8936123136123135,0.8995921144797819,0.019374375040094514,265,0.9311111111111111,0.9444444444444443,0.9333333333333333,0.8866666666666667,0.9288888888888889,0.9248888888888889,0.019846323166014274,265
97,0.0046478271484375,0.004594168290626315,0.04243102073669434,0.004467230166047596,gini,3,2,2,random,"{'criterion': 'gini', 'max_depth': 3, 'min_samples_leaf': 2, 'min_samples_split': 2, 'splitter': 'random'}",0.9311111111111111,0.9444444444444444,0.9333333333333333,0.8866666666666667,0.9288888888888889,0.9248888888888889,0.019846323166014295,265,0.9181034482758621,0.9424778761061947,0.9184549356223176,0.84251968503937,0.9406392694063926,0.9124390428900273,0.03648171413887457,361,0.944954128440367,0.9464285714285714,0.9493087557603687,0.9438775510204082,0.9177489177489178,0.9404635848797266,0.011502994058755607,25,0.9466666666666667,0.9466666666666667,0.9511111111111111,0.9511111111111111,0.9155555555555556,0.9422222222222223,0.013480667456091645,25,0.9155555555555556,0.9422222222222222,0.9155555555555556,0.8222222222222222,0.9422222222222222,0.9075555555555554,0.04430199393556307,361,0.9389243391066545,0.9455842997323818,0.9423604757548033,0.9167492566897919,0.9225413402959095,0.9332319423159081,0.011439249404677004,169,0.9311111111111111,0.9444444444444444,0.9333333333333333,0.8866666666666667,0.9288888888888889,0.9248888888888889,0.019846323166014295,265,0.9073802242609581,0.9206349206349207,0.9113671274961597,0.8649659863945578,0.8936123136123135,0.8995921144797819,0.019374375040094514,265,0.9311111111111111,0.9444444444444443,0.9333333333333333,0.8866666666666667,0.9288888888888889,0.9248888888888889,0.019846323166014274,265
303,0.007792949676513672,0.004723871859960191,0.03956713676452637,0.005178767236812902,entropy,3,4,3,random,"{'criterion': 'entropy', 'max_depth': 3, 'min_samples_leaf': 4, 'min_samples_split': 3, 'splitter': 'random'}",0.9311111111111111,0.9444444444444444,0.9333333333333333,0.8866666666666667,0.9288888888888889,0.9248888888888889,0.019846323166014295,265,0.9181034482758621,0.9424778761061947,0.9184549356223176,0.84251968503937,0.9406392694063926,0.9124390428900273,0.03648171413887457,361,0.944954128440367,0.9464285714285714,0.9493087557603687,0.9438775510204082,0.9177489177489178,0.9404635848797266,0.011502994058755607,25,0.9466666666666667,0.9466666666666667,0.9511111111111111,0.9511111111111111,0.9155555555555556,0.9422222222222223,0.013480667456091645,25,0.9155555555555556,0.9422222222222222,0.9155555555555556,0.8222222222222222,0.9422222222222222,0.9075555555555554,0.04430199393556307,361,0.9389243391066545,0.9455842997323818,0.9423604757548033,0.9167492566897919,0.9225413402959095,0.9332319423159081,0.011439249404677004,169,0.9311111111111111,0.9444444444444444,0.9333333333333333,0.8866666666666667,0.9288888888888889,0.9248888888888889,0.019846323166014295,265,0.9073802242609581,0.9206349206349207,0.9113671274961597,0.8649659863945578,0.8936123136123135,0.8995921144797819,0.019374375040094514,265,0.9311111111111111,0.9444444444444443,0.9333333333333333,0.8866666666666667,0.9288888888888889,0.9248888888888889,0.019846323166014274,265
503,0.008320903778076172,0.004116988769074118,0.0391197681427002,0.0021855165941259184,log_loss,3,5,4,random,"{'criterion': 'log_loss', 'max_depth': 3, 'min_samples_leaf': 5, 'min_samples_split': 4, 'splitter': 'random'}",0.9311111111111111,0.9444444444444444,0.9333333333333333,0.8866666666666667,0.9288888888888889,0.9248888888888889,0.019846323166014295,265,0.9181034482758621,0.9424778761061947,0.9184549356223176,0.84251968503937,0.9406392694063926,0.9124390428900273,0.03648171413887457,361,0.944954128440367,0.9464285714285714,0.9493087557603687,0.9438775510204082,0.9177489177489178,0.9404635848797266,0.011502994058755607,25,0.9466666666666667,0.9466666666666667,0.9511111111111111,0.9511111111111111,0.9155555555555556,0.9422222222222223,0.013480667456091645,25,0.9155555555555556,0.9422222222222222,0.9155555555555556,0.8222222222222222,0.9422222222222222,0.9075555555555554,0.04430199393556307,361,0.9389243391066545,0.9455842997323818,0.9423604757548033,0.9167492566897919,0.9225413402959095,0.9332319423159081,0.011439249404677004,169,0.9311111111111111,0.9444444444444444,0.9333333333333333,0.8866666666666667,0.9288888888888889,0.9248888888888889,0.019846323166014295,265,0.9073802242609581,0.9206349206349207,0.9113671274961597,0.8649659863945578,0.8936123136123135,0.8995921144797819,0.019374375040094514,265,0.9311111111111111,0.9444444444444443,0.9333333333333333,0.8866666666666667,0.9288888888888889,0.9248888888888889,0.019846323166014274,265
305,0.006735706329345703,0.0037524328548690965,0.04006052017211914,0.002099489965221043,entropy,3,4,4,random,"{'criterion': 'entropy', 'max_depth': 3, 'min_samples_leaf': 4, 'min_samples_split': 4, 'splitter': 'random'}",0.9311111111111111,0.9444444444444444,0.9333333333333333,0.8866666666666667,0.9288888888888889,0.9248888888888889,0.019846323166014295,265,0.9181034482758621,0.9424778761061947,0.9184549356223176,0.84251968503937,0.9406392694063926,0.9124390428900273,0.03648171413887457,361,0.944954128440367,0.9464285714285714,0.9493087557603687,0.9438775510204082,0.9177489177489178,0.9404635848797266,0.011502994058755607,25,0.9466666666666667,0.9466666666666667,0.9511111111111111,0.9511111111111111,0.9155555555555556,0.9422222222222223,0.013480667456091645,25,0.9155555555555556,0.9422222222222222,0.9155555555555556,0.8222222222222222,0.9422222222222222,0.9075555555555554,0.04430199393556307,361,0.9389243391066545,0.9455842997323818,0.9423604757548033,0.9167492566897919,0.9225413402959095,0.9332319423159081,0.011439249404677004,169,0.9311111111111111,0.9444444444444444,0.9333333333333333,0.8866666666666667,0.9288888888888889,0.9248888888888889,0.019846323166014295,265,0.9073802242609581,0.9206349206349207,0.9113671274961597,0.8649659863945578,0.8936123136123135,0.8995921144797819,0.019374375040094514,265,0.9311111111111111,0.9444444444444443,0.9333333333333333,0.8866666666666667,0.9288888888888889,0.9248888888888889,0.019846323166014274,265
505,0.007002878189086914,0.0038718662892763414,0.04220733642578125,0.00463381276608077,log_loss,3,6,2,random,"{'criterion': 'log_loss', 'max_depth': 3, 'min_samples_leaf': 6, 'min_samples_split': 2, 'splitter': 'random'}",0.9311111111111111,0.9444444444444444,0.9333333333333333,0.8866666666666667,0.9288888888888889,0.9248888888888889,0.019846323166014295,265,0.9181034482758621,0.9424778761061947,0.9184549356223176,0.84251968503937,0.9406392694063926,0.9124390428900273,0.03648171413887457,361,0.944954128440367,0.9464285714285714,0.9493087557603687,0.9438775510204082,0.9177489177489178,0.9404635848797266,0.011502994058755607,25,0.9466666666666667,0.9466666666666667,0.9511111111111111,0.9511111111111111,0.9155555555555556,0.9422222222222223,0.013480667456091645,25,0.9155555555555556,0.9422222222222222,0.9155555555555556,0.8222222222222222,0.9422222222222222,0.9075555555555554,0.04430199393556307,361,0.9389243391066545,0.9455842997323818,0.9423604757548033,0.9167492566897919,0.9225413402959095,0.9332319423159081,0.011439249404677004,169,0.9311111111111111,0.9444444444444444,0.9333333333333333,0.8866666666666667,0.9288888888888889,0.9248888888888889,0.019846323166014295,265,0.9073802242609581,0.9206349206349207,0.9113671274961597,0.8649659863945578,0.8936123136123135,0.8995921144797819,0.019374375040094514,265,0.9311111111111111,0.9444444444444443,0.9333333333333333,0.8866666666666667,0.9288888888888889,0.9248888888888889,0.019846323166014274,265
307,0.004953527450561523,0.004532711392867373,0.04922595024108887,0.007072527245810495,entropy,3,5,2,random,"{'criterion': 'entropy', 'max_depth': 3, 'min_samples_leaf': 5, 'min_samples_split': 2, 'splitter': 'random'}",0.9311111111111111,0.9444444444444444,0.9333333333333333,0.8866666666666667,0.9288888888888889,0.9248888888888889,0.019846323166014295,265,0.9181034482758621,0.9424778761061947,0.9184549356223176,0.84251968503937,0.9406392694063926,0.9124390428900273,0.03648171413887457,361,0.944954128440367,0.9464285714285714,0.9493087557603687,0.9438775510204082,0.9177489177489178,0.9404635848797266,0.011502994058755607,25,0.9466666666666667,0.9466666666666667,0.9511111111111111,0.9511111111111111,0.9155555555555556,0.9422222222222223,0.013480667456091645,25,0.9155555555555556,0.9422222222222222,0.9155555555555556,0.8222222222222222,0.9422222222222222,0.9075555555555554,0.04430199393556307,361,0.9389243391066545,0.9455842997323818,0.9423604757548033,0.9167492566897919,0.9225413402959095,0.9332319423159081,0.011439249404677004,169,0.9311111111111111,0.9444444444444444,0.9333333333333333,0.8866666666666667,0.9288888888888889,0.9248888888888889,0.019846323166014295,265,0.9073802242609581,0.9206349206349207,0.9113671274961597,0.8649659863945578,0.8936123136123135,0.8995921144797819,0.019374375040094514,265,0.9311111111111111,0.9444444444444443,0.9333333333333333,0.8866666666666667,0.9288888888888889,0.9248888888888889,0.019846323166014274,265
105,0.007593584060668945,0.002302650080180798,0.03852667808532715,0.004033091639930109,gini,3,3,3,random,"{'criterion': 'gini', 'max_depth': 3, 'min_samples_leaf': 3, 'min_samples_split': 3, 'splitter': 'random'}",0.9311111111111111,0.9444444444444444,0.9333333333333333,0.8866666666666667,0.9288888888888889,0.9248888888888889,0.019846323166014295,265,0.9181034482758621,0.9424778761061947,0.9184549356223176,0.84251968503937,0.9406392694063926,0.9124390428900273,0.03648171413887457,361,0.944954128440367,0.9464285714285714,0.9493087557603687,0.9438775510204082,0.9177489177489178,0.9404635848797266,0.011502994058755607,25,0.9466666666666667,0.9466666666666667,0.9511111111111111,0.9511111111111111,0.9155555555555556,0.9422222222222223,0.013480667456091645,25,0.9155555555555556,0.9422222222222222,0.9155555555555556,0.8222222222222222,0.9422222222222222,0.9075555555555554,0.04430199393556307,361,0.9389243391066545,0.9455842997323818,0.9423604757548033,0.9167492566897919,0.9225413402959095,0.9332319423159081,0.011439249404677004,169,0.9311111111111111,0.9444444444444444,0.9333333333333333,0.8866666666666667,0.9288888888888889,0.9248888888888889,0.019846323166014295,265,0.9073802242609581,0.9206349206349207,0.9113671274961597,0.8649659863945578,0.8936123136123135,0.8995921144797819,0.019374375040094514,265,0.9311111111111111,0.9444444444444443,0.9333333333333333,0.8866666666666667,0.9288888888888889,0.9248888888888889,0.019846323166014274,265
309,0.008236169815063477,0.0031102365597851936,0.045869636535644534,0.004644343841466813,entropy,3,5,3,random,"{'criterion': 'entropy', 'max_depth': 3, 'min_samples_leaf': 5, 'min_samples_split': 3, 'splitter': 'random'}",0.9311111111111111,0.9444444444444444,0.9333333333333333,0.8866666666666667,0.9288888888888889,0.9248888888888889,0.019846323166014295,265,0.9181034482758621,0.9424778761061947,0.9184549356223176,0.84251968503937,0.9406392694063926,0.9124390428900273,0.03648171413887457,361,0.944954128440367,0.9464285714285714,0.9493087557603687,0.9438775510204082,0.9177489177489178,0.9404635848797266,0.011502994058755607,25,0.9466666666666667,0.9466666666666667,0.9511111111111111,0.9511111111111111,0.9155555555555556,0.9422222222222223,0.013480667456091645,25,0.9155555555555556,0.9422222222222222,0.9155555555555556,0.8222222222222222,0.9422222222222222,0.9075555555555554,0.04430199393556307,361,0.9389243391066545,0.9455842997323818,0.9423604757548033,0.9167492566897919,0.9225413402959095,0.9332319423159081,0.011439249404677004,169,0.9311111111111111,0.9444444444444444,0.9333333333333333,0.8866666666666667,0.9288888888888889,0.9248888888888889,0.019846323166014295,265,0.9073802242609581,0.9206349206349207,0.9113671274961597,0.8649659863945578,0.8936123136123135,0.8995921144797819,0.019374375040094514,265,0.9311111111111111,0.9444444444444443,0.9333333333333333,0.8866666666666667,0.9288888888888889,0.9248888888888889,0.019846323166014274,265
311,0.006340932846069336,0.003944461198155678,0.043860244750976565,0.005113498469004335,entropy,3,5,4,random,"{'criterion': 'entropy', 'max_depth': 3, 'min_samples_leaf': 5, 'min_samples_split': 4, 'splitter': 'random'}",0.9311111111111111,0.9444444444444444,0.9333333333333333,0.8866666666666667,0.9288888888888889,0.9248888888888889,0.019846323166014295,265,0.9181034482758621,0.9424778761061947,0.9184549356223176,0.84251968503937,0.9406392694063926,0.9124390428900273,0.03648171413887457,361,0.944954128440367,0.9464285714285714,0.9493087557603687,0.9438775510204082,0.9177489177489178,0.9404635848797266,0.011502994058755607,25,0.9466666666666667,0.9466666666666667,0.9511111111111111,0.9511111111111111,0.9155555555555556,0.9422222222222223,0.013480667456091645,25,0.9155555555555556,0.9422222222222222,0.9155555555555556,0.8222222222222222,0.9422222222222222,0.9075555555555554,0.04430199393556307,361,0.9389243391066545,0.9455842997323818,0.9423604757548033,0.9167492566897919,0.9225413402959095,0.9332319423159081,0.011439249404677004,169,0.9311111111111111,0.9444444444444444,0.9333333333333333,0.8866666666666667,0.9288888888888889,0.9248888888888889,0.019846323166014295,265,0.9073802242609581,0.9206349206349207,0.9113671274961597,0.8649659863945578,0.8936123136123135,0.8995921144797819,0.019374375040094514,265,0.9311111111111111,0.9444444444444443,0.9333333333333333,0.8866666666666667,0.9288888888888889,0.9248888888888889,0.019846323166014274,265
313,0.0097259521484375,0.008427700684397877,0.04378981590270996,0.006058797276230499,entropy,3,6,2,random,"{'criterion': 'entropy', 'max_depth': 3, 'min_samples_leaf': 6, 'min_samples_split': 2, 'splitter': 'random'}",0.9311111111111111,0.9444444444444444,0.9333333333333333,0.8866666666666667,0.9288888888888889,0.9248888888888889,0.019846323166014295,265,0.9181034482758621,0.9424778761061947,0.9184549356223176,0.84251968503937,0.9406392694063926,0.9124390428900273,0.03648171413887457,361,0.944954128440367,0.9464285714285714,0.9493087557603687,0.9438775510204082,0.9177489177489178,0.9404635848797266,0.011502994058755607,25,0.9466666666666667,0.9466666666666667,0.9511111111111111,0.9511111111111111,0.9155555555555556,0.9422222222222223,0.013480667456091645,25,0.9155555555555556,0.9422222222222222,0.9155555555555556,0.8222222222222222,0.9422222222222222,0.9075555555555554,0.04430199393556307,361,0.9389243391066545,0.9455842997323818,0.9423604757548033,0.9167492566897919,0.9225413402959095,0.9332319423159081,0.011439249404677004,169,0.9311111111111111,0.9444444444444444,0.9333333333333333,0.8866666666666667,0.9288888888888889,0.9248888888888889,0.019846323166014295,265,0.9073802242609581,0.9206349206349207,0.9113671274961597,0.8649659863945578,0.8936123136123135,0.8995921144797819,0.019374375040094514,265,0.9311111111111111,0.9444444444444443,0.9333333333333333,0.8866666666666667,0.9288888888888889,0.9248888888888889,0.019846323166014274,265
315,0.008354425430297852,0.004097625432715766,0.03983087539672851,0.005153281500813262,entropy,3,6,3,random,"{'criterion': 'entropy', 'max_depth': 3, 'min_samples_leaf': 6, 'min_samples_split': 3, 'splitter': 'random'}",0.9311111111111111,0.9444444444444444,0.9333333333333333,0.8866666666666667,0.9288888888888889,0.9248888888888889,0.019846323166014295,265,0.9181034482758621,0.9424778761061947,0.9184549356223176,0.84251968503937,0.9406392694063926,0.9124390428900273,0.03648171413887457,361,0.944954128440367,0.9464285714285714,0.9493087557603687,0.9438775510204082,0.9177489177489178,0.9404635848797266,0.011502994058755607,25,0.9466666666666667,0.9466666666666667,0.9511111111111111,0.9511111111111111,0.9155555555555556,0.9422222222222223,0.013480667456091645,25,0.9155555555555556,0.9422222222222222,0.9155555555555556,0.8222222222222222,0.9422222222222222,0.9075555555555554,0.04430199393556307,361,0.9389243391066545,0.9455842997323818,0.9423604757548033,0.9167492566897919,0.9225413402959095,0.9332319423159081,0.011439249404677004,169,0.9311111111111111,0.9444444444444444,0.9333333333333333,0.8866666666666667,0.9288888888888889,0.9248888888888889,0.019846323166014295,265,0.9073802242609581,0.9206349206349207,0.9113671274961597,0.8649659863945578,0.8936123136123135,0.8995921144797819,0.019374375040094514,265,0.9311111111111111,0.9444444444444443,0.9333333333333333,0.8866666666666667,0.9288888888888889,0.9248888888888889,0.019846323166014274,265
317,0.003772735595703125,0.002503200137404567,0.043528413772583006,0.0018330478784563647,entropy,3,6,4,random,"{'criterion': 'entropy', 'max_depth': 3, 'min_samples_leaf': 6, 'min_samples_split': 4, 'splitter': 'random'}",0.9311111111111111,0.9444444444444444,0.9333333333333333,0.8866666666666667,0.9288888888888889,0.9248888888888889,0.019846323166014295,265,0.9181034482758621,0.9424778761061947,0.9184549356223176,0.84251968503937,0.9406392694063926,0.9124390428900273,0.03648171413887457,361,0.944954128440367,0.9464285714285714,0.9493087557603687,0.9438775510204082,0.9177489177489178,0.9404635848797266,0.011502994058755607,25,0.9466666666666667,0.9466666666666667,0.9511111111111111,0.9511111111111111,0.9155555555555556,0.9422222222222223,0.013480667456091645,25,0.9155555555555556,0.9422222222222222,0.9155555555555556,0.8222222222222222,0.9422222222222222,0.9075555555555554,0.04430199393556307,361,0.9389243391066545,0.9455842997323818,0.9423604757548033,0.9167492566897919,0.9225413402959095,0.9332319423159081,0.011439249404677004,169,0.9311111111111111,0.9444444444444444,0.9333333333333333,0.8866666666666667,0.9288888888888889,0.9248888888888889,0.019846323166014295,265,0.9073802242609581,0.9206349206349207,0.9113671274961597,0.8649659863945578,0.8936123136123135,0.8995921144797819,0.019374375040094514,265,0.9311111111111111,0.9444444444444443,0.9333333333333333,0.8866666666666667,0.9288888888888889,0.9248888888888889,0.019846323166014274,265
495,0.007063722610473633,0.0037249867524646986,0.042080259323120116,0.004002890738830608,log_loss,3,4,3,random,"{'criterion': 'log_loss', 'max_depth': 3, 'min_samples_leaf': 4, 'min_samples_split': 3, 'splitter': 'random'}",0.9311111111111111,0.9444444444444444,0.9333333333333333,0.8866666666666667,0.9288888888888889,0.9248888888888889,0.019846323166014295,265,0.9181034482758621,0.9424778761061947,0.9184549356223176,0.84251968503937,0.9406392694063926,0.9124390428900273,0.03648171413887457,361,0.944954128440367,0.9464285714285714,0.9493087557603687,0.9438775510204082,0.9177489177489178,0.9404635848797266,0.011502994058755607,25,0.9466666666666667,0.9466666666666667,0.9511111111111111,0.9511111111111111,0.9155555555555556,0.9422222222222223,0.013480667456091645,25,0.9155555555555556,0.9422222222222222,0.9155555555555556,0.8222222222222222,0.9422222222222222,0.9075555555555554,0.04430199393556307,361,0.9389243391066545,0.9455842997323818,0.9423604757548033,0.9167492566897919,0.9225413402959095,0.9332319423159081,0.011439249404677004,169,0.9311111111111111,0.9444444444444444,0.9333333333333333,0.8866666666666667,0.9288888888888889,0.9248888888888889,0.019846323166014295,265,0.9073802242609581,0.9206349206349207,0.9113671274961597,0.8649659863945578,0.8936123136123135,0.8995921144797819,0.019374375040094514,265,0.9311111111111111,0.9444444444444443,0.9333333333333333,0.8866666666666667,0.9288888888888889,0.9248888888888889,0.019846323166014274,265
493,0.006684207916259765,0.0036648440599814243,0.04379496574401855,0.00425411792916596,log_loss,3,4,2,random,"{'criterion': 'log_loss', 'max_depth': 3, 'min_samples_leaf': 4, 'min_samples_split': 2, 'splitter': 'random'}",0.9311111111111111,0.9444444444444444,0.9333333333333333,0.8866666666666667,0.9288888888888889,0.9248888888888889,0.019846323166014295,265,0.9181034482758621,0.9424778761061947,0.9184549356223176,0.84251968503937,0.9406392694063926,0.9124390428900273,0.03648171413887457,361,0.944954128440367,0.9464285714285714,0.9493087557603687,0.9438775510204082,0.9177489177489178,0.9404635848797266,0.011502994058755607,25,0.9466666666666667,0.9466666666666667,0.9511111111111111,0.9511111111111111,0.9155555555555556,0.9422222222222223,0.013480667456091645,25,0.9155555555555556,0.9422222222222222,0.9155555555555556,0.8222222222222222,0.9422222222222222,0.9075555555555554,0.04430199393556307,361,0.9389243391066545,0.9455842997323818,0.9423604757548033,0.9167492566897919,0.9225413402959095,0.9332319423159081,0.011439249404677004,169,0.9311111111111111,0.9444444444444444,0.9333333333333333,0.8866666666666667,0.9288888888888889,0.9248888888888889,0.019846323166014295,265,0.9073802242609581,0.9206349206349207,0.9113671274961597,0.8649659863945578,0.8936123136123135,0.8995921144797819,0.019374375040094514,265,0.9311111111111111,0.9444444444444443,0.9333333333333333,0.8866666666666667,0.9288888888888889,0.9248888888888889,0.019846323166014274,265
491,0.011661767959594727,0.005356050855732299,0.04639883041381836,0.0036248572725395343,log_loss,3,3,4,random,"{'criterion': 'log_loss', 'max_depth': 3, 'min_samples_leaf': 3, 'min_samples_split': 4, 'splitter': 'random'}",0.9311111111111111,0.9444444444444444,0.9333333333333333,0.8866666666666667,0.9288888888888889,0.9248888888888889,0.019846323166014295,265,0.9181034482758621,0.9424778761061947,0.9184549356223176,0.84251968503937,0.9406392694063926,0.9124390428900273,0.03648171413887457,361,0.944954128440367,0.9464285714285714,0.9493087557603687,0.9438775510204082,0.9177489177489178,0.9404635848797266,0.011502994058755607,25,0.9466666666666667,0.9466666666666667,0.9511111111111111,0.9511111111111111,0.9155555555555556,0.9422222222222223,0.013480667456091645,25,0.9155555555555556,0.9422222222222222,0.9155555555555556,0.8222222222222222,0.9422222222222222,0.9075555555555554,0.04430199393556307,361,0.9389243391066545,0.9455842997323818,0.9423604757548033,0.9167492566897919,0.9225413402959095,0.9332319423159081,0.011439249404677004,169,0.9311111111111111,0.9444444444444444,0.9333333333333333,0.8866666666666667,0.9288888888888889,0.9248888888888889,0.019846323166014295,265,0.9073802242609581,0.9206349206349207,0.9113671274961597,0.8649659863945578,0.8936123136123135,0.8995921144797819,0.019374375040094514,265,0.9311111111111111,0.9444444444444443,0.9333333333333333,0.8866666666666667,0.9288888888888889,0.9248888888888889,0.019846323166014274,265
489,0.008075141906738281,0.004037684273390427,0.04923624992370605,0.010049807169461413,log_loss,3,3,3,random,"{'criterion': 'log_loss', 'max_depth': 3, 'min_samples_leaf': 3, 'min_samples_split': 3, 'splitter': 'random'}",0.9311111111111111,0.9444444444444444,0.9333333333333333,0.8866666666666667,0.9288888888888889,0.9248888888888889,0.019846323166014295,265,0.9181034482758621,0.9424778761061947,0.9184549356223176,0.84251968503937,0.9406392694063926,0.9124390428900273,0.03648171413887457,361,0.944954128440367,0.9464285714285714,0.9493087557603687,0.9438775510204082,0.9177489177489178,0.9404635848797266,0.011502994058755607,25,0.9466666666666667,0.9466666666666667,0.9511111111111111,0.9511111111111111,0.9155555555555556,0.9422222222222223,0.013480667456091645,25,0.9155555555555556,0.9422222222222222,0.9155555555555556,0.8222222222222222,0.9422222222222222,0.9075555555555554,0.04430199393556307,361,0.9389243391066545,0.9455842997323818,0.9423604757548033,0.9167492566897919,0.9225413402959095,0.9332319423159081,0.011439249404677004,169,0.9311111111111111,0.9444444444444444,0.9333333333333333,0.8866666666666667,0.9288888888888889,0.9248888888888889,0.019846323166014295,265,0.9073802242609581,0.9206349206349207,0.9113671274961597,0.8649659863945578,0.8936123136123135,0.8995921144797819,0.019374375040094514,265,0.9311111111111111,0.9444444444444443,0.9333333333333333,0.8866666666666667,0.9288888888888889,0.9248888888888889,0.019846323166014274,265
487,0.008265447616577149,0.004376137825801764,0.04343924522399902,0.00428878173390161,log_loss,3,3,2,random,"{'criterion': 'log_loss', 'max_depth': 3, 'min_samples_leaf': 3, 'min_samples_split': 2, 'splitter': 'random'}",0.9311111111111111,0.9444444444444444,0.9333333333333333,0.8866666666666667,0.9288888888888889,0.9248888888888889,0.019846323166014295,265,0.9181034482758621,0.9424778761061947,0.9184549356223176,0.84251968503937,0.9406392694063926,0.9124390428900273,0.03648171413887457,361,0.944954128440367,0.9464285714285714,0.9493087557603687,0.9438775510204082,0.9177489177489178,0.9404635848797266,0.011502994058755607,25,0.9466666666666667,0.9466666666666667,0.9511111111111111,0.9511111111111111,0.9155555555555556,0.9422222222222223,0.013480667456091645,25,0.9155555555555556,0.9422222222222222,0.9155555555555556,0.8222222222222222,0.9422222222222222,0.9075555555555554,0.04430199393556307,361,0.9389243391066545,0.9455842997323818,0.9423604757548033,0.9167492566897919,0.9225413402959095,0.9332319423159081,0.011439249404677004,169,0.9311111111111111,0.9444444444444444,0.9333333333333333,0.8866666666666667,0.9288888888888889,0.9248888888888889,0.019846323166014295,265,0.9073802242609581,0.9206349206349207,0.9113671274961597,0.8649659863945578,0.8936123136123135,0.8995921144797819,0.019374375040094514,265,0.9311111111111111,0.9444444444444443,0.9333333333333333,0.8866666666666667,0.9288888888888889,0.9248888888888889,0.019846323166014274,265
485,0.005353450775146484,0.003227198106119868,0.05163340568542481,0.008153303338664031,log_loss,3,2,4,random,"{'criterion': 'log_loss', 'max_depth': 3, 'min_samples_leaf': 2, 'min_samples_split': 4, 'splitter': 'random'}",0.9311111111111111,0.9444444444444444,0.9333333333333333,0.8866666666666667,0.9288888888888889,0.9248888888888889,0.019846323166014295,265,0.9181034482758621,0.9424778761061947,0.9184549356223176,0.84251968503937,0.9406392694063926,0.9124390428900273,0.03648171413887457,361,0.944954128440367,0.9464285714285714,0.9493087557603687,0.9438775510204082,0.9177489177489178,0.9404635848797266,0.011502994058755607,25,0.9466666666666667,0.9466666666666667,0.9511111111111111,0.9511111111111111,0.9155555555555556,0.9422222222222223,0.013480667456091645,25,0.9155555555555556,0.9422222222222222,0.9155555555555556,0.8222222222222222,0.9422222222222222,0.9075555555555554,0.04430199393556307,361,0.9389243391066545,0.9455842997323818,0.9423604757548033,0.9167492566897919,0.9225413402959095,0.9332319423159081,0.011439249404677004,169,0.9311111111111111,0.9444444444444444,0.9333333333333333,0.8866666666666667,0.9288888888888889,0.9248888888888889,0.019846323166014295,265,0.9073802242609581,0.9206349206349207,0.9113671274961597,0.8649659863945578,0.8936123136123135,0.8995921144797819,0.019374375040094514,265,0.9311111111111111,0.9444444444444443,0.9333333333333333,0.8866666666666667,0.9288888888888889,0.9248888888888889,0.019846323166014274,265
483,0.0056912899017333984,0.005035122896264374,0.04732456207275391,0.007974645961702389,log_loss,3,2,3,random,"{'criterion': 'log_loss', 'max_depth': 3, 'min_samples_leaf': 2, 'min_samples_split': 3, 'splitter': 'random'}",0.9311111111111111,0.9444444444444444,0.9333333333333333,0.8866666666666667,0.9288888888888889,0.9248888888888889,0.019846323166014295,265,0.9181034482758621,0.9424778761061947,0.9184549356223176,0.84251968503937,0.9406392694063926,0.9124390428900273,0.03648171413887457,361,0.944954128440367,0.9464285714285714,0.9493087557603687,0.9438775510204082,0.9177489177489178,0.9404635848797266,0.011502994058755607,25,0.9466666666666667,0.9466666666666667,0.9511111111111111,0.9511111111111111,0.9155555555555556,0.9422222222222223,0.013480667456091645,25,0.9155555555555556,0.9422222222222222,0.9155555555555556,0.8222222222222222,0.9422222222222222,0.9075555555555554,0.04430199393556307,361,0.9389243391066545,0.9455842997323818,0.9423604757548033,0.9167492566897919,0.9225413402959095,0.9332319423159081,0.011439249404677004,169,0.9311111111111111,0.9444444444444444,0.9333333333333333,0.8866666666666667,0.9288888888888889,0.9248888888888889,0.019846323166014295,265,0.9073802242609581,0.9206349206349207,0.9113671274961597,0.8649659863945578,0.8936123136123135,0.8995921144797819,0.019374375040094514,265,0.9311111111111111,0.9444444444444443,0.9333333333333333,0.8866666666666667,0.9288888888888889,0.9248888888888889,0.019846323166014274,265
481,0.006899261474609375,0.0039160664499623245,0.04274649620056152,0.003955590031267863,log_loss,3,2,2,random,"{'criterion': 'log_loss', 'max_depth': 3, 'min_samples_leaf': 2, 'min_samples_split': 2, 'splitter': 'random'}",0.9311111111111111,0.9444444444444444,0.9333333333333333,0.8866666666666667,0.9288888888888889,0.9248888888888889,0.019846323166014295,265,0.9181034482758621,0.9424778761061947,0.9184549356223176,0.84251968503937,0.9406392694063926,0.9124390428900273,0.03648171413887457,361,0.944954128440367,0.9464285714285714,0.9493087557603687,0.9438775510204082,0.9177489177489178,0.9404635848797266,0.011502994058755607,25,0.9466666666666667,0.9466666666666667,0.9511111111111111,0.9511111111111111,0.9155555555555556,0.9422222222222223,0.013480667456091645,25,0.9155555555555556,0.9422222222222222,0.9155555555555556,0.8222222222222222,0.9422222222222222,0.9075555555555554,0.04430199393556307,361,0.9389243391066545,0.9455842997323818,0.9423604757548033,0.9167492566897919,0.9225413402959095,0.9332319423159081,0.011439249404677004,169,0.9311111111111111,0.9444444444444444,0.9333333333333333,0.8866666666666667,0.9288888888888889,0.9248888888888889,0.019846323166014295,265,0.9073802242609581,0.9206349206349207,0.9113671274961597,0.8649659863945578,0.8936123136123135,0.8995921144797819,0.019374375040094514,265,0.9311111111111111,0.9444444444444443,0.9333333333333333,0.8866666666666667,0.9288888888888889,0.9248888888888889,0.019846323166014274,265
509,0.006173086166381836,0.003850262968729776,0.043654346466064455,0.0033440686067600384,log_loss,3,6,4,random,"{'criterion': 'log_loss', 'max_depth': 3, 'min_samples_leaf': 6, 'min_samples_split': 4, 'splitter': 'random'}",0.9311111111111111,0.9444444444444444,0.9333333333333333,0.8866666666666667,0.9288888888888889,0.9248888888888889,0.019846323166014295,265,0.9181034482758621,0.9424778761061947,0.9184549356223176,0.84251968503937,0.9406392694063926,0.9124390428900273,0.03648171413887457,361,0.944954128440367,0.9464285714285714,0.9493087557603687,0.9438775510204082,0.9177489177489178,0.9404635848797266,0.011502994058755607,25,0.9466666666666667,0.9466666666666667,0.9511111111111111,0.9511111111111111,0.9155555555555556,0.9422222222222223,0.013480667456091645,25,0.9155555555555556,0.9422222222222222,0.9155555555555556,0.8222222222222222,0.9422222222222222,0.9075555555555554,0.04430199393556307,361,0.9389243391066545,0.9455842997323818,0.9423604757548033,0.9167492566897919,0.9225413402959095,0.9332319423159081,0.011439249404677004,169,0.9311111111111111,0.9444444444444444,0.9333333333333333,0.8866666666666667,0.9288888888888889,0.9248888888888889,0.019846323166014295,265,0.9073802242609581,0.9206349206349207,0.9113671274961597,0.8649659863945578,0.8936123136123135,0.8995921144797819,0.019374375040094514,265,0.9311111111111111,0.9444444444444443,0.9333333333333333,0.8866666666666667,0.9288888888888889,0.9248888888888889,0.019846323166014274,265
293,0.009504175186157227,0.0016668845693415004,0.042741918563842775,0.0034695576554535173,entropy,3,2,4,random,"{'criterion': 'entropy', 'max_depth': 3, 'min_samples_leaf': 2, 'min_samples_split': 4, 'splitter': 'random'}",0.9311111111111111,0.9444444444444444,0.9333333333333333,0.8866666666666667,0.9288888888888889,0.9248888888888889,0.019846323166014295,265,0.9181034482758621,0.9424778761061947,0.9184549356223176,0.84251968503937,0.9406392694063926,0.9124390428900273,0.03648171413887457,361,0.944954128440367,0.9464285714285714,0.9493087557603687,0.9438775510204082,0.9177489177489178,0.9404635848797266,0.011502994058755607,25,0.9466666666666667,0.9466666666666667,0.9511111111111111,0.9511111111111111,0.9155555555555556,0.9422222222222223,0.013480667456091645,25,0.9155555555555556,0.9422222222222222,0.9155555555555556,0.8222222222222222,0.9422222222222222,0.9075555555555554,0.04430199393556307,361,0.9389243391066545,0.9455842997323818,0.9423604757548033,0.9167492566897919,0.9225413402959095,0.9332319423159081,0.011439249404677004,169,0.9311111111111111,0.9444444444444444,0.9333333333333333,0.8866666666666667,0.9288888888888889,0.9248888888888889,0.019846323166014295,265,0.9073802242609581,0.9206349206349207,0.9113671274961597,0.8649659863945578,0.8936123136123135,0.8995921144797819,0.019374375040094514,265,0.9311111111111111,0.9444444444444443,0.9333333333333333,0.8866666666666667,0.9288888888888889,0.9248888888888889,0.019846323166014274,265
297,0.002308559417724609,0.0028279231731678923,0.047824525833129884,0.0033944608043649355,entropy,3,3,3,random,"{'criterion': 'entropy', 'max_depth': 3, 'min_samples_leaf': 3, 'min_samples_split': 3, 'splitter': 'random'}",0.9311111111111111,0.9444444444444444,0.9333333333333333,0.8866666666666667,0.9288888888888889,0.9248888888888889,0.019846323166014295,265,0.9181034482758621,0.9424778761061947,0.9184549356223176,0.84251968503937,0.9406392694063926,0.9124390428900273,0.03648171413887457,361,0.944954128440367,0.9464285714285714,0.9493087557603687,0.9438775510204082,0.9177489177489178,0.9404635848797266,0.011502994058755607,25,0.9466666666666667,0.9466666666666667,0.9511111111111111,0.9511111111111111,0.9155555555555556,0.9422222222222223,0.013480667456091645,25,0.9155555555555556,0.9422222222222222,0.9155555555555556,0.8222222222222222,0.9422222222222222,0.9075555555555554,0.04430199393556307,361,0.9389243391066545,0.9455842997323818,0.9423604757548033,0.9167492566897919,0.9225413402959095,0.9332319423159081,0.011439249404677004,169,0.9311111111111111,0.9444444444444444,0.9333333333333333,0.8866666666666667,0.9288888888888889,0.9248888888888889,0.019846323166014295,265,0.9073802242609581,0.9206349206349207,0.9113671274961597,0.8649659863945578,0.8936123136123135,0.8995921144797819,0.019374375040094514,265,0.9311111111111111,0.9444444444444443,0.9333333333333333,0.8866666666666667,0.9288888888888889,0.9248888888888889,0.019846323166014274,265
291,0.002322816848754883,0.0028480895314322197,0.04552516937255859,0.005674896076073587,entropy,3,2,3,random,"{'criterion': 'entropy', 'max_depth': 3, 'min_samples_leaf': 2, 'min_samples_split': 3, 'splitter': 'random'}",0.9311111111111111,0.9444444444444444,0.9333333333333333,0.8866666666666667,0.9288888888888889,0.9248888888888889,0.019846323166014295,265,0.9181034482758621,0.9424778761061947,0.9184549356223176,0.84251968503937,0.9406392694063926,0.9124390428900273,0.03648171413887457,361,0.944954128440367,0.9464285714285714,0.9493087557603687,0.9438775510204082,0.9177489177489178,0.9404635848797266,0.011502994058755607,25,0.9466666666666667,0.9466666666666667,0.9511111111111111,0.9511111111111111,0.9155555555555556,0.9422222222222223,0.013480667456091645,25,0.9155555555555556,0.9422222222222222,0.9155555555555556,0.8222222222222222,0.9422222222222222,0.9075555555555554,0.04430199393556307,361,0.9389243391066545,0.9455842997323818,0.9423604757548033,0.9167492566897919,0.9225413402959095,0.9332319423159081,0.011439249404677004,169,0.9311111111111111,0.9444444444444444,0.9333333333333333,0.8866666666666667,0.9288888888888889,0.9248888888888889,0.019846323166014295,265,0.9073802242609581,0.9206349206349207,0.9113671274961597,0.8649659863945578,0.8936123136123135,0.8995921144797819,0.019374375040094514,265,0.9311111111111111,0.9444444444444443,0.9333333333333333,0.8866666666666667,0.9288888888888889,0.9248888888888889,0.019846323166014274,265
107,0.004042816162109375,0.0049514202914967,0.04305100440979004,0.0031606280378947975,gini,3,3,4,random,"{'criterion': 'gini', 'max_depth': 3, 'min_samples_leaf': 3, 'min_samples_split': 4, 'splitter': 'random'}",0.9311111111111111,0.9444444444444444,0.9333333333333333,0.8866666666666667,0.9288888888888889,0.9248888888888889,0.019846323166014295,265,0.9181034482758621,0.9424778761061947,0.9184549356223176,0.84251968503937,0.9406392694063926,0.9124390428900273,0.03648171413887457,361,0.944954128440367,0.9464285714285714,0.9493087557603687,0.9438775510204082,0.9177489177489178,0.9404635848797266,0.011502994058755607,25,0.9466666666666667,0.9466666666666667,0.9511111111111111,0.9511111111111111,0.9155555555555556,0.9422222222222223,0.013480667456091645,25,0.9155555555555556,0.9422222222222222,0.9155555555555556,0.8222222222222222,0.9422222222222222,0.9075555555555554,0.04430199393556307,361,0.9389243391066545,0.9455842997323818,0.9423604757548033,0.9167492566897919,0.9225413402959095,0.9332319423159081,0.011439249404677004,169,0.9311111111111111,0.9444444444444444,0.9333333333333333,0.8866666666666667,0.9288888888888889,0.9248888888888889,0.019846323166014295,265,0.9073802242609581,0.9206349206349207,0.9113671274961597,0.8649659863945578,0.8936123136123135,0.8995921144797819,0.019374375040094514,265,0.9311111111111111,0.9444444444444443,0.9333333333333333,0.8866666666666667,0.9288888888888889,0.9248888888888889,0.019846323166014274,265
499,0.010364341735839843,0.011282086602906484,0.041963386535644534,0.006505717770380801,log_loss,3,5,2,random,"{'criterion': 'log_loss', 'max_depth': 3, 'min_samples_leaf': 5, 'min_samples_split': 2, 'splitter': 'random'}",0.9311111111111111,0.9444444444444444,0.9333333333333333,0.8866666666666667,0.9288888888888889,0.9248888888888889,0.019846323166014295,265,0.9181034482758621,0.9424778761061947,0.9184549356223176,0.84251968503937,0.9406392694063926,0.9124390428900273,0.03648171413887457,361,0.944954128440367,0.9464285714285714,0.9493087557603687,0.9438775510204082,0.9177489177489178,0.9404635848797266,0.011502994058755607,25,0.9466666666666667,0.9466666666666667,0.9511111111111111,0.9511111111111111,0.9155555555555556,0.9422222222222223,0.013480667456091645,25,0.9155555555555556,0.9422222222222222,0.9155555555555556,0.8222222222222222,0.9422222222222222,0.9075555555555554,0.04430199393556307,361,0.9389243391066545,0.9455842997323818,0.9423604757548033,0.9167492566897919,0.9225413402959095,0.9332319423159081,0.011439249404677004,169,0.9311111111111111,0.9444444444444444,0.9333333333333333,0.8866666666666667,0.9288888888888889,0.9248888888888889,0.019846323166014295,265,0.9073802242609581,0.9206349206349207,0.9113671274961597,0.8649659863945578,0.8936123136123135,0.8995921144797819,0.019374375040094514,265,0.9311111111111111,0.9444444444444443,0.9333333333333333,0.8866666666666667,0.9288888888888889,0.9248888888888889,0.019846323166014274,265
125,0.004497385025024414,0.0054452505029784284,0.046372413635253906,0.005060027768906717,gini,3,6,4,random,"{'criterion': 'gini', 'max_depth': 3, 'min_samples_leaf': 6, 'min_samples_split': 4, 'splitter': 'random'}",0.9311111111111111,0.9444444444444444,0.9333333333333333,0.8866666666666667,0.9288888888888889,0.9248888888888889,0.019846323166014295,265,0.9181034482758621,0.9424778761061947,0.9184549356223176,0.84251968503937,0.9406392694063926,0.9124390428900273,0.03648171413887457,361,0.944954128440367,0.9464285714285714,0.9493087557603687,0.9438775510204082,0.9177489177489178,0.9404635848797266,0.011502994058755607,25,0.9466666666666667,0.9466666666666667,0.9511111111111111,0.9511111111111111,0.9155555555555556,0.9422222222222223,0.013480667456091645,25,0.9155555555555556,0.9422222222222222,0.9155555555555556,0.8222222222222222,0.9422222222222222,0.9075555555555554,0.04430199393556307,361,0.9389243391066545,0.9455842997323818,0.9423604757548033,0.9167492566897919,0.9225413402959095,0.9332319423159081,0.011439249404677004,169,0.9311111111111111,0.9444444444444444,0.9333333333333333,0.8866666666666667,0.9288888888888889,0.9248888888888889,0.019846323166014295,265,0.9073802242609581,0.9206349206349207,0.9113671274961597,0.8649659863945578,0.8936123136123135,0.8995921144797819,0.019374375040094514,265,0.9311111111111111,0.9444444444444443,0.9333333333333333,0.8866666666666667,0.9288888888888889,0.9248888888888889,0.019846323166014274,265
123,0.00742635726928711,0.003962712855715532,0.0420440673828125,0.005303867831451583,gini,3,6,3,random,"{'criterion': 'gini', 'max_depth': 3, 'min_samples_leaf': 6, 'min_samples_split': 3, 'splitter': 'random'}",0.9311111111111111,0.9444444444444444,0.9333333333333333,0.8866666666666667,0.9288888888888889,0.9248888888888889,0.019846323166014295,265,0.9181034482758621,0.9424778761061947,0.9184549356223176,0.84251968503937,0.9406392694063926,0.9124390428900273,0.03648171413887457,361,0.944954128440367,0.9464285714285714,0.9493087557603687,0.9438775510204082,0.9177489177489178,0.9404635848797266,0.011502994058755607,25,0.9466666666666667,0.9466666666666667,0.9511111111111111,0.9511111111111111,0.9155555555555556,0.9422222222222223,0.013480667456091645,25,0.9155555555555556,0.9422222222222222,0.9155555555555556,0.8222222222222222,0.9422222222222222,0.9075555555555554,0.04430199393556307,361,0.9389243391066545,0.9455842997323818,0.9423604757548033,0.9167492566897919,0.9225413402959095,0.9332319423159081,0.011439249404677004,169,0.9311111111111111,0.9444444444444444,0.9333333333333333,0.8866666666666667,0.9288888888888889,0.9248888888888889,0.019846323166014295,265,0.9073802242609581,0.9206349206349207,0.9113671274961597,0.8649659863945578,0.8936123136123135,0.8995921144797819,0.019374375040094514,265,0.9311111111111111,0.9444444444444443,0.9333333333333333,0.8866666666666667,0.9288888888888889,0.9248888888888889,0.019846323166014274,265
121,0.01020970344543457,0.002601840740447011,0.044186878204345706,0.014946347518093006,gini,3,6,2,random,"{'criterion': 'gini', 'max_depth': 3, 'min_samples_leaf': 6, 'min_samples_split': 2, 'splitter': 'random'}",0.9311111111111111,0.9444444444444444,0.9333333333333333,0.8866666666666667,0.9288888888888889,0.9248888888888889,0.019846323166014295,265,0.9181034482758621,0.9424778761061947,0.9184549356223176,0.84251968503937,0.9406392694063926,0.9124390428900273,0.03648171413887457,361,0.944954128440367,0.9464285714285714,0.9493087557603687,0.9438775510204082,0.9177489177489178,0.9404635848797266,0.011502994058755607,25,0.9466666666666667,0.9466666666666667,0.9511111111111111,0.9511111111111111,0.9155555555555556,0.9422222222222223,0.013480667456091645,25,0.9155555555555556,0.9422222222222222,0.9155555555555556,0.8222222222222222,0.9422222222222222,0.9075555555555554,0.04430199393556307,361,0.9389243391066545,0.9455842997323818,0.9423604757548033,0.9167492566897919,0.9225413402959095,0.9332319423159081,0.011439249404677004,169,0.9311111111111111,0.9444444444444444,0.9333333333333333,0.8866666666666667,0.9288888888888889,0.9248888888888889,0.019846323166014295,265,0.9073802242609581,0.9206349206349207,0.9113671274961597,0.8649659863945578,0.8936123136123135,0.8995921144797819,0.019374375040094514,265,0.9311111111111111,0.9444444444444443,0.9333333333333333,0.8866666666666667,0.9288888888888889,0.9248888888888889,0.019846323166014274,265
119,0.0034226417541503907,0.004303043133338403,0.04455113410949707,0.007546079304534026,gini,3,5,4,random,"{'criterion': 'gini', 'max_depth': 3, 'min_samples_leaf': 5, 'min_samples_split': 4, 'splitter': 'random'}",0.9311111111111111,0.9444444444444444,0.9333333333333333,0.8866666666666667,0.9288888888888889,0.9248888888888889,0.019846323166014295,265,0.9181034482758621,0.9424778761061947,0.9184549356223176,0.84251968503937,0.9406392694063926,0.9124390428900273,0.03648171413887457,361,0.944954128440367,0.9464285714285714,0.9493087557603687,0.9438775510204082,0.9177489177489178,0.9404635848797266,0.011502994058755607,25,0.9466666666666667,0.9466666666666667,0.9511111111111111,0.9511111111111111,0.9155555555555556,0.9422222222222223,0.013480667456091645,25,0.9155555555555556,0.9422222222222222,0.9155555555555556,0.8222222222222222,0.9422222222222222,0.9075555555555554,0.04430199393556307,361,0.9389243391066545,0.9455842997323818,0.9423604757548033,0.9167492566897919,0.9225413402959095,0.9332319423159081,0.011439249404677004,169,0.9311111111111111,0.9444444444444444,0.9333333333333333,0.8866666666666667,0.9288888888888889,0.9248888888888889,0.019846323166014295,265,0.9073802242609581,0.9206349206349207,0.9113671274961597,0.8649659863945578,0.8936123136123135,0.8995921144797819,0.019374375040094514,265,0.9311111111111111,0.9444444444444443,0.9333333333333333,0.8866666666666667,0.9288888888888889,0.9248888888888889,0.019846323166014274,265
501,0.007700777053833008,0.006649280705039768,0.041055822372436525,0.007111738206797363,log_loss,3,5,3,random,"{'criterion': 'log_loss', 'max_depth': 3, 'min_samples_leaf': 5, 'min_samples_split': 3, 'splitter': 'random'}",0.9311111111111111,0.9444444444444444,0.9333333333333333,0.8866666666666667,0.9288888888888889,0.9248888888888889,0.019846323166014295,265,0.9181034482758621,0.9424778761061947,0.9184549356223176,0.84251968503937,0.9406392694063926,0.9124390428900273,0.03648171413887457,361,0.944954128440367,0.9464285714285714,0.9493087557603687,0.9438775510204082,0.9177489177489178,0.9404635848797266,0.011502994058755607,25,0.9466666666666667,0.9466666666666667,0.9511111111111111,0.9511111111111111,0.9155555555555556,0.9422222222222223,0.013480667456091645,25,0.9155555555555556,0.9422222222222222,0.9155555555555556,0.8222222222222222,0.9422222222222222,0.9075555555555554,0.04430199393556307,361,0.9389243391066545,0.9455842997323818,0.9423604757548033,0.9167492566897919,0.9225413402959095,0.9332319423159081,0.011439249404677004,169,0.9311111111111111,0.9444444444444444,0.9333333333333333,0.8866666666666667,0.9288888888888889,0.9248888888888889,0.019846323166014295,265,0.9073802242609581,0.9206349206349207,0.9113671274961597,0.8649659863945578,0.8936123136123135,0.8995921144797819,0.019374375040094514,265,0.9311111111111111,0.9444444444444443,0.9333333333333333,0.8866666666666667,0.9288888888888889,0.9248888888888889,0.019846323166014274,265
115,0.006070709228515625,0.004956714614065934,0.04320149421691895,0.00449132389368396,gini,3,5,2,random,"{'criterion': 'gini', 'max_depth': 3, 'min_samples_leaf': 5, 'min_samples_split': 2, 'splitter': 'random'}",0.9311111111111111,0.9444444444444444,0.9333333333333333,0.8866666666666667,0.9288888888888889,0.9248888888888889,0.019846323166014295,265,0.9181034482758621,0.9424778761061947,0.9184549356223176,0.84251968503937,0.9406392694063926,0.9124390428900273,0.03648171413887457,361,0.944954128440367,0.9464285714285714,0.9493087557603687,0.9438775510204082,0.9177489177489178,0.9404635848797266,0.011502994058755607,25,0.9466666666666667,0.9466666666666667,0.9511111111111111,0.9511111111111111,0.9155555555555556,0.9422222222222223,0.013480667456091645,25,0.9155555555555556,0.9422222222222222,0.9155555555555556,0.8222222222222222,0.9422222222222222,0.9075555555555554,0.04430199393556307,361,0.9389243391066545,0.9455842997323818,0.9423604757548033,0.9167492566897919,0.9225413402959095,0.9332319423159081,0.011439249404677004,169,0.9311111111111111,0.9444444444444444,0.9333333333333333,0.8866666666666667,0.9288888888888889,0.9248888888888889,0.019846323166014295,265,0.9073802242609581,0.9206349206349207,0.9113671274961597,0.8649659863945578,0.8936123136123135,0.8995921144797819,0.019374375040094514,265,0.9311111111111111,0.9444444444444443,0.9333333333333333,0.8866666666666667,0.9288888888888889,0.9248888888888889,0.019846323166014274,265
113,0.006845426559448242,0.004552728566561538,0.040088558197021486,0.0020007199750936263,gini,3,4,4,random,"{'criterion': 'gini', 'max_depth': 3, 'min_samples_leaf': 4, 'min_samples_split': 4, 'splitter': 'random'}",0.9311111111111111,0.9444444444444444,0.9333333333333333,0.8866666666666667,0.9288888888888889,0.9248888888888889,0.019846323166014295,265,0.9181034482758621,0.9424778761061947,0.9184549356223176,0.84251968503937,0.9406392694063926,0.9124390428900273,0.03648171413887457,361,0.944954128440367,0.9464285714285714,0.9493087557603687,0.9438775510204082,0.9177489177489178,0.9404635848797266,0.011502994058755607,25,0.9466666666666667,0.9466666666666667,0.9511111111111111,0.9511111111111111,0.9155555555555556,0.9422222222222223,0.013480667456091645,25,0.9155555555555556,0.9422222222222222,0.9155555555555556,0.8222222222222222,0.9422222222222222,0.9075555555555554,0.04430199393556307,361,0.9389243391066545,0.9455842997323818,0.9423604757548033,0.9167492566897919,0.9225413402959095,0.9332319423159081,0.011439249404677004,169,0.9311111111111111,0.9444444444444444,0.9333333333333333,0.8866666666666667,0.9288888888888889,0.9248888888888889,0.019846323166014295,265,0.9073802242609581,0.9206349206349207,0.9113671274961597,0.8649659863945578,0.8936123136123135,0.8995921144797819,0.019374375040094514,265,0.9311111111111111,0.9444444444444443,0.9333333333333333,0.8866666666666667,0.9288888888888889,0.9248888888888889,0.019846323166014274,265
111,0.005270195007324219,0.0038070750152830466,0.03922891616821289,0.0019020135951066737,gini,3,4,3,random,"{'criterion': 'gini', 'max_depth': 3, 'min_samples_leaf': 4, 'min_samples_split': 3, 'splitter': 'random'}",0.9311111111111111,0.9444444444444444,0.9333333333333333,0.8866666666666667,0.9288888888888889,0.9248888888888889,0.019846323166014295,265,0.9181034482758621,0.9424778761061947,0.9184549356223176,0.84251968503937,0.9406392694063926,0.9124390428900273,0.03648171413887457,361,0.944954128440367,0.9464285714285714,0.9493087557603687,0.9438775510204082,0.9177489177489178,0.9404635848797266,0.011502994058755607,25,0.9466666666666667,0.9466666666666667,0.9511111111111111,0.9511111111111111,0.9155555555555556,0.9422222222222223,0.013480667456091645,25,0.9155555555555556,0.9422222222222222,0.9155555555555556,0.8222222222222222,0.9422222222222222,0.9075555555555554,0.04430199393556307,361,0.9389243391066545,0.9455842997323818,0.9423604757548033,0.9167492566897919,0.9225413402959095,0.9332319423159081,0.011439249404677004,169,0.9311111111111111,0.9444444444444444,0.9333333333333333,0.8866666666666667,0.9288888888888889,0.9248888888888889,0.019846323166014295,265,0.9073802242609581,0.9206349206349207,0.9113671274961597,0.8649659863945578,0.8936123136123135,0.8995921144797819,0.019374375040094514,265,0.9311111111111111,0.9444444444444443,0.9333333333333333,0.8866666666666667,0.9288888888888889,0.9248888888888889,0.019846323166014274,265
497,0.005562973022460937,0.004315387452885621,0.0461115837097168,0.00500937891746227,log_loss,3,4,4,random,"{'criterion': 'log_loss', 'max_depth': 3, 'min_samples_leaf': 4, 'min_samples_split': 4, 'splitter': 'random'}",0.9311111111111111,0.9444444444444444,0.9333333333333333,0.8866666666666667,0.9288888888888889,0.9248888888888889,0.019846323166014295,265,0.9181034482758621,0.9424778761061947,0.9184549356223176,0.84251968503937,0.9406392694063926,0.9124390428900273,0.03648171413887457,361,0.944954128440367,0.9464285714285714,0.9493087557603687,0.9438775510204082,0.9177489177489178,0.9404635848797266,0.011502994058755607,25,0.9466666666666667,0.9466666666666667,0.9511111111111111,0.9511111111111111,0.9155555555555556,0.9422222222222223,0.013480667456091645,25,0.9155555555555556,0.9422222222222222,0.9155555555555556,0.8222222222222222,0.9422222222222222,0.9075555555555554,0.04430199393556307,361,0.9389243391066545,0.9455842997323818,0.9423604757548033,0.9167492566897919,0.9225413402959095,0.9332319423159081,0.011439249404677004,169,0.9311111111111111,0.9444444444444444,0.9333333333333333,0.8866666666666667,0.9288888888888889,0.9248888888888889,0.019846323166014295,265,0.9073802242609581,0.9206349206349207,0.9113671274961597,0.8649659863945578,0.8936123136123135,0.8995921144797819,0.019374375040094514,265,0.9311111111111111,0.9444444444444443,0.9333333333333333,0.8866666666666667,0.9288888888888889,0.9248888888888889,0.019846323166014274,265
289,0.006018495559692383,0.0035419244616623877,0.041786909103393555,0.007004935271218855,entropy,3,2,2,random,"{'criterion': 'entropy', 'max_depth': 3, 'min_samples_leaf': 2, 'min_samples_split': 2, 'splitter': 'random'}",0.9311111111111111,0.9444444444444444,0.9333333333333333,0.8866666666666667,0.9288888888888889,0.9248888888888889,0.019846323166014295,265,0.9181034482758621,0.9424778761061947,0.9184549356223176,0.84251968503937,0.9406392694063926,0.9124390428900273,0.03648171413887457,361,0.944954128440367,0.9464285714285714,0.9493087557603687,0.9438775510204082,0.9177489177489178,0.9404635848797266,0.011502994058755607,25,0.9466666666666667,0.9466666666666667,0.9511111111111111,0.9511111111111111,0.9155555555555556,0.9422222222222223,0.013480667456091645,25,0.9155555555555556,0.9422222222222222,0.9155555555555556,0.8222222222222222,0.9422222222222222,0.9075555555555554,0.04430199393556307,361,0.9389243391066545,0.9455842997323818,0.9423604757548033,0.9167492566897919,0.9225413402959095,0.9332319423159081,0.011439249404677004,169,0.9311111111111111,0.9444444444444444,0.9333333333333333,0.8866666666666667,0.9288888888888889,0.9248888888888889,0.019846323166014295,265,0.9073802242609581,0.9206349206349207,0.9113671274961597,0.8649659863945578,0.8936123136123135,0.8995921144797819,0.019374375040094514,265,0.9311111111111111,0.9444444444444443,0.9333333333333333,0.8866666666666667,0.9288888888888889,0.9248888888888889,0.019846323166014274,265
109,0.009589052200317383,0.003564787397357949,0.04064455032348633,0.005215422867013332,gini,3,4,2,random,"{'criterion': 'gini', 'max_depth': 3, 'min_samples_leaf': 4, 'min_samples_split': 2, 'splitter': 'random'}",0.9311111111111111,0.9444444444444444,0.9333333333333333,0.8866666666666667,0.9288888888888889,0.9248888888888889,0.019846323166014295,265,0.9181034482758621,0.9424778761061947,0.9184549356223176,0.84251968503937,0.9406392694063926,0.9124390428900273,0.03648171413887457,361,0.944954128440367,0.9464285714285714,0.9493087557603687,0.9438775510204082,0.9177489177489178,0.9404635848797266,0.011502994058755607,25,0.9466666666666667,0.9466666666666667,0.9511111111111111,0.9511111111111111,0.9155555555555556,0.9422222222222223,0.013480667456091645,25,0.9155555555555556,0.9422222222222222,0.9155555555555556,0.8222222222222222,0.9422222222222222,0.9075555555555554,0.04430199393556307,361,0.9389243391066545,0.9455842997323818,0.9423604757548033,0.9167492566897919,0.9225413402959095,0.9332319423159081,0.011439249404677004,169,0.9311111111111111,0.9444444444444444,0.9333333333333333,0.8866666666666667,0.9288888888888889,0.9248888888888889,0.019846323166014295,265,0.9073802242609581,0.9206349206349207,0.9113671274961597,0.8649659863945578,0.8936123136123135,0.8995921144797819,0.019374375040094514,265,0.9311111111111111,0.9444444444444443,0.9333333333333333,0.8866666666666667,0.9288888888888889,0.9248888888888889,0.019846323166014274,265
117,0.006754398345947266,0.003939243072469256,0.040336227416992186,0.006348086700937615,gini,3,5,3,random,"{'criterion': 'gini', 'max_depth': 3, 'min_samples_leaf': 5, 'min_samples_split': 3, 'splitter': 'random'}",0.9311111111111111,0.9444444444444444,0.9333333333333333,0.8866666666666667,0.9288888888888889,0.9248888888888889,0.019846323166014295,265,0.9181034482758621,0.9424778761061947,0.9184549356223176,0.84251968503937,0.9406392694063926,0.9124390428900273,0.03648171413887457,361,0.944954128440367,0.9464285714285714,0.9493087557603687,0.9438775510204082,0.9177489177489178,0.9404635848797266,0.011502994058755607,25,0.9466666666666667,0.9466666666666667,0.9511111111111111,0.9511111111111111,0.9155555555555556,0.9422222222222223,0.013480667456091645,25,0.9155555555555556,0.9422222222222222,0.9155555555555556,0.8222222222222222,0.9422222222222222,0.9075555555555554,0.04430199393556307,361,0.9389243391066545,0.9455842997323818,0.9423604757548033,0.9167492566897919,0.9225413402959095,0.9332319423159081,0.011439249404677004,169,0.9311111111111111,0.9444444444444444,0.9333333333333333,0.8866666666666667,0.9288888888888889,0.9248888888888889,0.019846323166014295,265,0.9073802242609581,0.9206349206349207,0.9113671274961597,0.8649659863945578,0.8936123136123135,0.8995921144797819,0.019374375040094514,265,0.9311111111111111,0.9444444444444443,0.9333333333333333,0.8866666666666667,0.9288888888888889,0.9248888888888889,0.019846323166014274,265
523,0.010179519653320312,0.008512667430777011,0.04165253639221191,0.002854163715677933,log_loss,3,9,2,random,"{'criterion': 'log_loss', 'max_depth': 3, 'min_samples_leaf': 9, 'min_samples_split': 2, 'splitter': 'random'}",0.9311111111111111,0.9444444444444444,0.9333333333333333,0.8822222222222222,0.9288888888888889,0.9240000000000002,0.02156357239237013,310,0.9181034482758621,0.9424778761061947,0.9184549356223176,0.8412698412698413,0.9406392694063926,0.9121890741361216,0.03696107024335085,406,0.944954128440367,0.9464285714285714,0.9493087557603687,0.9343434343434344,0.9177489177489178,0.9385567615443318,0.0115690584162581,70,0.9466666666666667,0.9466666666666667,0.9511111111111111,0.9422222222222222,0.9155555555555556,0.9404444444444444,0.012757955639473172,70,0.9155555555555556,0.9422222222222222,0.9155555555555556,0.8222222222222222,0.9422222222222222,0.9075555555555554,0.04430199393556307,361,0.9389243391066545,0.9455842997323818,0.9423604757548033,0.9095378564405113,0.9225413402959095,0.931789662266052,0.013664640910190446,262,0.9311111111111111,0.9444444444444444,0.9333333333333333,0.8822222222222222,0.9288888888888889,0.9240000000000002,0.02156357239237013,310,0.9073802242609581,0.9206349206349207,0.9113671274961597,0.8571268237934905,0.8936123136123135,0.8980242819595684,0.0222210427919613,310,0.9311111111111111,0.9444444444444443,0.9333333333333333,0.8822222222222221,0.9288888888888889,0.9239999999999998,0.02156357239237015,310
325,0.005927848815917969,0.002834401593986812,0.042955207824707034,0.0018809200064163107,entropy,3,8,2,random,"{'criterion': 'entropy', 'max_depth': 3, 'min_samples_leaf': 8, 'min_samples_split': 2, 'splitter': 'random'}",0.9311111111111111,0.9444444444444444,0.9333333333333333,0.8822222222222222,0.9288888888888889,0.9240000000000002,0.02156357239237013,310,0.9181034482758621,0.9424778761061947,0.9184549356223176,0.8412698412698413,0.9406392694063926,0.9121890741361216,0.03696107024335085,406,0.944954128440367,0.9464285714285714,0.9493087557603687,0.9343434343434344,0.9177489177489178,0.9385567615443318,0.0115690584162581,70,0.9466666666666667,0.9466666666666667,0.9511111111111111,0.9422222222222222,0.9155555555555556,0.9404444444444444,0.012757955639473172,70,0.9155555555555556,0.9422222222222222,0.9155555555555556,0.8222222222222222,0.9422222222222222,0.9075555555555554,0.04430199393556307,361,0.9389243391066545,0.9455842997323818,0.9423604757548033,0.9095378564405113,0.9225413402959095,0.931789662266052,0.013664640910190446,262,0.9311111111111111,0.9444444444444444,0.9333333333333333,0.8822222222222222,0.9288888888888889,0.9240000000000002,0.02156357239237013,310,0.9073802242609581,0.9206349206349207,0.9113671274961597,0.8571268237934905,0.8936123136123135,0.8980242819595684,0.0222210427919613,310,0.9311111111111111,0.9444444444444443,0.9333333333333333,0.8822222222222221,0.9288888888888889,0.9239999999999998,0.02156357239237015,310
525,0.005893087387084961,0.0049821427565689596,0.04656872749328613,0.011988192498280148,log_loss,3,9,3,random,"{'criterion': 'log_loss', 'max_depth': 3, 'min_samples_leaf': 9, 'min_samples_split': 3, 'splitter': 'random'}",0.9311111111111111,0.9444444444444444,0.9333333333333333,0.8822222222222222,0.9288888888888889,0.9240000000000002,0.02156357239237013,310,0.9181034482758621,0.9424778761061947,0.9184549356223176,0.8412698412698413,0.9406392694063926,0.9121890741361216,0.03696107024335085,406,0.944954128440367,0.9464285714285714,0.9493087557603687,0.9343434343434344,0.9177489177489178,0.9385567615443318,0.0115690584162581,70,0.9466666666666667,0.9466666666666667,0.9511111111111111,0.9422222222222222,0.9155555555555556,0.9404444444444444,0.012757955639473172,70,0.9155555555555556,0.9422222222222222,0.9155555555555556,0.8222222222222222,0.9422222222222222,0.9075555555555554,0.04430199393556307,361,0.9389243391066545,0.9455842997323818,0.9423604757548033,0.9095378564405113,0.9225413402959095,0.931789662266052,0.013664640910190446,262,0.9311111111111111,0.9444444444444444,0.9333333333333333,0.8822222222222222,0.9288888888888889,0.9240000000000002,0.02156357239237013,310,0.9073802242609581,0.9206349206349207,0.9113671274961597,0.8571268237934905,0.8936123136123135,0.8980242819595684,0.0222210427919613,310,0.9311111111111111,0.9444444444444443,0.9333333333333333,0.8822222222222221,0.9288888888888889,0.9239999999999998,0.02156357239237015,310
327,0.007597637176513672,0.0027658991147329805,0.03781867027282715,0.002619296740772928,entropy,3,8,3,random,"{'criterion': 'entropy', 'max_depth': 3, 'min_samples_leaf': 8, 'min_samples_split': 3, 'splitter': 'random'}",0.9311111111111111,0.9444444444444444,0.9333333333333333,0.8822222222222222,0.9288888888888889,0.9240000000000002,0.02156357239237013,310,0.9181034482758621,0.9424778761061947,0.9184549356223176,0.8412698412698413,0.9406392694063926,0.9121890741361216,0.03696107024335085,406,0.944954128440367,0.9464285714285714,0.9493087557603687,0.9343434343434344,0.9177489177489178,0.9385567615443318,0.0115690584162581,70,0.9466666666666667,0.9466666666666667,0.9511111111111111,0.9422222222222222,0.9155555555555556,0.9404444444444444,0.012757955639473172,70,0.9155555555555556,0.9422222222222222,0.9155555555555556,0.8222222222222222,0.9422222222222222,0.9075555555555554,0.04430199393556307,361,0.9389243391066545,0.9455842997323818,0.9423604757548033,0.9095378564405113,0.9225413402959095,0.931789662266052,0.013664640910190446,262,0.9311111111111111,0.9444444444444444,0.9333333333333333,0.8822222222222222,0.9288888888888889,0.9240000000000002,0.02156357239237013,310,0.9073802242609581,0.9206349206349207,0.9113671274961597,0.8571268237934905,0.8936123136123135,0.8980242819595684,0.0222210427919613,310,0.9311111111111111,0.9444444444444443,0.9333333333333333,0.8822222222222221,0.9288888888888889,0.9239999999999998,0.02156357239237015,310
331,0.005549955368041992,0.0037808546169986967,0.047824668884277347,0.007313504867880408,entropy,3,9,2,random,"{'criterion': 'entropy', 'max_depth': 3, 'min_samples_leaf': 9, 'min_samples_split': 2, 'splitter': 'random'}",0.9311111111111111,0.9444444444444444,0.9333333333333333,0.8822222222222222,0.9288888888888889,0.9240000000000002,0.02156357239237013,310,0.9181034482758621,0.9424778761061947,0.9184549356223176,0.8412698412698413,0.9406392694063926,0.9121890741361216,0.03696107024335085,406,0.944954128440367,0.9464285714285714,0.9493087557603687,0.9343434343434344,0.9177489177489178,0.9385567615443318,0.0115690584162581,70,0.9466666666666667,0.9466666666666667,0.9511111111111111,0.9422222222222222,0.9155555555555556,0.9404444444444444,0.012757955639473172,70,0.9155555555555556,0.9422222222222222,0.9155555555555556,0.8222222222222222,0.9422222222222222,0.9075555555555554,0.04430199393556307,361,0.9389243391066545,0.9455842997323818,0.9423604757548033,0.9095378564405113,0.9225413402959095,0.931789662266052,0.013664640910190446,262,0.9311111111111111,0.9444444444444444,0.9333333333333333,0.8822222222222222,0.9288888888888889,0.9240000000000002,0.02156357239237013,310,0.9073802242609581,0.9206349206349207,0.9113671274961597,0.8571268237934905,0.8936123136123135,0.8980242819595684,0.0222210427919613,310,0.9311111111111111,0.9444444444444443,0.9333333333333333,0.8822222222222221,0.9288888888888889,0.9239999999999998,0.02156357239237015,310
329,0.007458829879760742,0.00400390297674054,0.04080123901367187,0.006523036988158434,entropy,3,8,4,random,"{'criterion': 'entropy', 'max_depth': 3, 'min_samples_leaf': 8, 'min_samples_split': 4, 'splitter': 'random'}",0.9311111111111111,0.9444444444444444,0.9333333333333333,0.8822222222222222,0.9288888888888889,0.9240000000000002,0.02156357239237013,310,0.9181034482758621,0.9424778761061947,0.9184549356223176,0.8412698412698413,0.9406392694063926,0.9121890741361216,0.03696107024335085,406,0.944954128440367,0.9464285714285714,0.9493087557603687,0.9343434343434344,0.9177489177489178,0.9385567615443318,0.0115690584162581,70,0.9466666666666667,0.9466666666666667,0.9511111111111111,0.9422222222222222,0.9155555555555556,0.9404444444444444,0.012757955639473172,70,0.9155555555555556,0.9422222222222222,0.9155555555555556,0.8222222222222222,0.9422222222222222,0.9075555555555554,0.04430199393556307,361,0.9389243391066545,0.9455842997323818,0.9423604757548033,0.9095378564405113,0.9225413402959095,0.931789662266052,0.013664640910190446,262,0.9311111111111111,0.9444444444444444,0.9333333333333333,0.8822222222222222,0.9288888888888889,0.9240000000000002,0.02156357239237013,310,0.9073802242609581,0.9206349206349207,0.9113671274961597,0.8571268237934905,0.8936123136123135,0.8980242819595684,0.0222210427919613,310,0.9311111111111111,0.9444444444444443,0.9333333333333333,0.8822222222222221,0.9288888888888889,0.9239999999999998,0.02156357239237015,310
333,0.009798574447631835,0.0013728190263302832,0.04121608734130859,0.009177066496797866,entropy,3,9,3,random,"{'criterion': 'entropy', 'max_depth': 3, 'min_samples_leaf': 9, 'min_samples_split': 3, 'splitter': 'random'}",0.9311111111111111,0.9444444444444444,0.9333333333333333,0.8822222222222222,0.9288888888888889,0.9240000000000002,0.02156357239237013,310,0.9181034482758621,0.9424778761061947,0.9184549356223176,0.8412698412698413,0.9406392694063926,0.9121890741361216,0.03696107024335085,406,0.944954128440367,0.9464285714285714,0.9493087557603687,0.9343434343434344,0.9177489177489178,0.9385567615443318,0.0115690584162581,70,0.9466666666666667,0.9466666666666667,0.9511111111111111,0.9422222222222222,0.9155555555555556,0.9404444444444444,0.012757955639473172,70,0.9155555555555556,0.9422222222222222,0.9155555555555556,0.8222222222222222,0.9422222222222222,0.9075555555555554,0.04430199393556307,361,0.9389243391066545,0.9455842997323818,0.9423604757548033,0.9095378564405113,0.9225413402959095,0.931789662266052,0.013664640910190446,262,0.9311111111111111,0.9444444444444444,0.9333333333333333,0.8822222222222222,0.9288888888888889,0.9240000000000002,0.02156357239237013,310,0.9073802242609581,0.9206349206349207,0.9113671274961597,0.8571268237934905,0.8936123136123135,0.8980242819595684,0.0222210427919613,310,0.9311111111111111,0.9444444444444443,0.9333333333333333,0.8822222222222221,0.9288888888888889,0.9239999999999998,0.02156357239237015,310
335,0.008162212371826173,0.0046957795423392314,0.04334244728088379,0.00478515075756948,entropy,3,9,4,random,"{'criterion': 'entropy', 'max_depth': 3, 'min_samples_leaf': 9, 'min_samples_split': 4, 'splitter': 'random'}",0.9311111111111111,0.9444444444444444,0.9333333333333333,0.8822222222222222,0.9288888888888889,0.9240000000000002,0.02156357239237013,310,0.9181034482758621,0.9424778761061947,0.9184549356223176,0.8412698412698413,0.9406392694063926,0.9121890741361216,0.03696107024335085,406,0.944954128440367,0.9464285714285714,0.9493087557603687,0.9343434343434344,0.9177489177489178,0.9385567615443318,0.0115690584162581,70,0.9466666666666667,0.9466666666666667,0.9511111111111111,0.9422222222222222,0.9155555555555556,0.9404444444444444,0.012757955639473172,70,0.9155555555555556,0.9422222222222222,0.9155555555555556,0.8222222222222222,0.9422222222222222,0.9075555555555554,0.04430199393556307,361,0.9389243391066545,0.9455842997323818,0.9423604757548033,0.9095378564405113,0.9225413402959095,0.931789662266052,0.013664640910190446,262,0.9311111111111111,0.9444444444444444,0.9333333333333333,0.8822222222222222,0.9288888888888889,0.9240000000000002,0.02156357239237013,310,0.9073802242609581,0.9206349206349207,0.9113671274961597,0.8571268237934905,0.8936123136123135,0.8980242819595684,0.0222210427919613,310,0.9311111111111111,0.9444444444444443,0.9333333333333333,0.8822222222222221,0.9288888888888889,0.9239999999999998,0.02156357239237015,310
143,0.009356021881103516,0.004230582232237928,0.038284587860107425,0.0023841662758982206,gini,3,9,4,random,"{'criterion': 'gini', 'max_depth': 3, 'min_samples_leaf': 9, 'min_samples_split': 4, 'splitter': 'random'}",0.9311111111111111,0.9444444444444444,0.9333333333333333,0.8822222222222222,0.9288888888888889,0.9240000000000002,0.02156357239237013,310,0.9181034482758621,0.9424778761061947,0.9184549356223176,0.8412698412698413,0.9406392694063926,0.9121890741361216,0.03696107024335085,406,0.944954128440367,0.9464285714285714,0.9493087557603687,0.9343434343434344,0.9177489177489178,0.9385567615443318,0.0115690584162581,70,0.9466666666666667,0.9466666666666667,0.9511111111111111,0.9422222222222222,0.9155555555555556,0.9404444444444444,0.012757955639473172,70,0.9155555555555556,0.9422222222222222,0.9155555555555556,0.8222222222222222,0.9422222222222222,0.9075555555555554,0.04430199393556307,361,0.9389243391066545,0.9455842997323818,0.9423604757548033,0.9095378564405113,0.9225413402959095,0.931789662266052,0.013664640910190446,262,0.9311111111111111,0.9444444444444444,0.9333333333333333,0.8822222222222222,0.9288888888888889,0.9240000000000002,0.02156357239237013,310,0.9073802242609581,0.9206349206349207,0.9113671274961597,0.8571268237934905,0.8936123136123135,0.8980242819595684,0.0222210427919613,310,0.9311111111111111,0.9444444444444443,0.9333333333333333,0.8822222222222221,0.9288888888888889,0.9239999999999998,0.02156357239237015,310
521,0.0056914806365966795,0.004381805583549352,0.04099240303039551,0.0037923852352806132,log_loss,3,8,4,random,"{'criterion': 'log_loss', 'max_depth': 3, 'min_samples_leaf': 8, 'min_samples_split': 4, 'splitter': 'random'}",0.9311111111111111,0.9444444444444444,0.9333333333333333,0.8822222222222222,0.9288888888888889,0.9240000000000002,0.02156357239237013,310,0.9181034482758621,0.9424778761061947,0.9184549356223176,0.8412698412698413,0.9406392694063926,0.9121890741361216,0.03696107024335085,406,0.944954128440367,0.9464285714285714,0.9493087557603687,0.9343434343434344,0.9177489177489178,0.9385567615443318,0.0115690584162581,70,0.9466666666666667,0.9466666666666667,0.9511111111111111,0.9422222222222222,0.9155555555555556,0.9404444444444444,0.012757955639473172,70,0.9155555555555556,0.9422222222222222,0.9155555555555556,0.8222222222222222,0.9422222222222222,0.9075555555555554,0.04430199393556307,361,0.9389243391066545,0.9455842997323818,0.9423604757548033,0.9095378564405113,0.9225413402959095,0.931789662266052,0.013664640910190446,262,0.9311111111111111,0.9444444444444444,0.9333333333333333,0.8822222222222222,0.9288888888888889,0.9240000000000002,0.02156357239237013,310,0.9073802242609581,0.9206349206349207,0.9113671274961597,0.8571268237934905,0.8936123136123135,0.8980242819595684,0.0222210427919613,310,0.9311111111111111,0.9444444444444443,0.9333333333333333,0.8822222222222221,0.9288888888888889,0.9239999999999998,0.02156357239237015,310
527,0.00609893798828125,0.00327862995921687,0.04329700469970703,0.002078478883129241,log_loss,3,9,4,random,"{'criterion': 'log_loss', 'max_depth': 3, 'min_samples_leaf': 9, 'min_samples_split': 4, 'splitter': 'random'}",0.9311111111111111,0.9444444444444444,0.9333333333333333,0.8822222222222222,0.9288888888888889,0.9240000000000002,0.02156357239237013,310,0.9181034482758621,0.9424778761061947,0.9184549356223176,0.8412698412698413,0.9406392694063926,0.9121890741361216,0.03696107024335085,406,0.944954128440367,0.9464285714285714,0.9493087557603687,0.9343434343434344,0.9177489177489178,0.9385567615443318,0.0115690584162581,70,0.9466666666666667,0.9466666666666667,0.9511111111111111,0.9422222222222222,0.9155555555555556,0.9404444444444444,0.012757955639473172,70,0.9155555555555556,0.9422222222222222,0.9155555555555556,0.8222222222222222,0.9422222222222222,0.9075555555555554,0.04430199393556307,361,0.9389243391066545,0.9455842997323818,0.9423604757548033,0.9095378564405113,0.9225413402959095,0.931789662266052,0.013664640910190446,262,0.9311111111111111,0.9444444444444444,0.9333333333333333,0.8822222222222222,0.9288888888888889,0.9240000000000002,0.02156357239237013,310,0.9073802242609581,0.9206349206349207,0.9113671274961597,0.8571268237934905,0.8936123136123135,0.8980242819595684,0.0222210427919613,310,0.9311111111111111,0.9444444444444443,0.9333333333333333,0.8822222222222221,0.9288888888888889,0.9239999999999998,0.02156357239237015,310
321,0.00670166015625,0.002180996571137352,0.04199833869934082,0.0029445771240130974,entropy,3,7,3,random,"{'criterion': 'entropy', 'max_depth': 3, 'min_samples_leaf': 7, 'min_samples_split': 3, 'splitter': 'random'}",0.9311111111111111,0.9444444444444444,0.9333333333333333,0.8822222222222222,0.9288888888888889,0.9240000000000002,0.02156357239237013,310,0.9181034482758621,0.9424778761061947,0.9184549356223176,0.8412698412698413,0.9406392694063926,0.9121890741361216,0.03696107024335085,406,0.944954128440367,0.9464285714285714,0.9493087557603687,0.9343434343434344,0.9177489177489178,0.9385567615443318,0.0115690584162581,70,0.9466666666666667,0.9466666666666667,0.9511111111111111,0.9422222222222222,0.9155555555555556,0.9404444444444444,0.012757955639473172,70,0.9155555555555556,0.9422222222222222,0.9155555555555556,0.8222222222222222,0.9422222222222222,0.9075555555555554,0.04430199393556307,361,0.9389243391066545,0.9455842997323818,0.9423604757548033,0.9095378564405113,0.9225413402959095,0.931789662266052,0.013664640910190446,262,0.9311111111111111,0.9444444444444444,0.9333333333333333,0.8822222222222222,0.9288888888888889,0.9240000000000002,0.02156357239237013,310,0.9073802242609581,0.9206349206349207,0.9113671274961597,0.8571268237934905,0.8936123136123135,0.8980242819595684,0.0222210427919613,310,0.9311111111111111,0.9444444444444443,0.9333333333333333,0.8822222222222221,0.9288888888888889,0.9239999999999998,0.02156357239237015,310
323,0.005683040618896485,0.005634680566893245,0.04695925712585449,0.0038669430540117264,entropy,3,7,4,random,"{'criterion': 'entropy', 'max_depth': 3, 'min_samples_leaf': 7, 'min_samples_split': 4, 'splitter': 'random'}",0.9311111111111111,0.9444444444444444,0.9333333333333333,0.8822222222222222,0.9288888888888889,0.9240000000000002,0.02156357239237013,310,0.9181034482758621,0.9424778761061947,0.9184549356223176,0.8412698412698413,0.9406392694063926,0.9121890741361216,0.03696107024335085,406,0.944954128440367,0.9464285714285714,0.9493087557603687,0.9343434343434344,0.9177489177489178,0.9385567615443318,0.0115690584162581,70,0.9466666666666667,0.9466666666666667,0.9511111111111111,0.9422222222222222,0.9155555555555556,0.9404444444444444,0.012757955639473172,70,0.9155555555555556,0.9422222222222222,0.9155555555555556,0.8222222222222222,0.9422222222222222,0.9075555555555554,0.04430199393556307,361,0.9389243391066545,0.9455842997323818,0.9423604757548033,0.9095378564405113,0.9225413402959095,0.931789662266052,0.013664640910190446,262,0.9311111111111111,0.9444444444444444,0.9333333333333333,0.8822222222222222,0.9288888888888889,0.9240000000000002,0.02156357239237013,310,0.9073802242609581,0.9206349206349207,0.9113671274961597,0.8571268237934905,0.8936123136123135,0.8980242819595684,0.0222210427919613,310,0.9311111111111111,0.9444444444444443,0.9333333333333333,0.8822222222222221,0.9288888888888889,0.9239999999999998,0.02156357239237015,310
319,0.00558176040649414,0.002148070321156624,0.03998885154724121,0.00381769639851033,entropy,3,7,2,random,"{'criterion': 'entropy', 'max_depth': 3, 'min_samples_leaf': 7, 'min_samples_split': 2, 'splitter': 'random'}",0.9311111111111111,0.9444444444444444,0.9333333333333333,0.8822222222222222,0.9288888888888889,0.9240000000000002,0.02156357239237013,310,0.9181034482758621,0.9424778761061947,0.9184549356223176,0.8412698412698413,0.9406392694063926,0.9121890741361216,0.03696107024335085,406,0.944954128440367,0.9464285714285714,0.9493087557603687,0.9343434343434344,0.9177489177489178,0.9385567615443318,0.0115690584162581,70,0.9466666666666667,0.9466666666666667,0.9511111111111111,0.9422222222222222,0.9155555555555556,0.9404444444444444,0.012757955639473172,70,0.9155555555555556,0.9422222222222222,0.9155555555555556,0.8222222222222222,0.9422222222222222,0.9075555555555554,0.04430199393556307,361,0.9389243391066545,0.9455842997323818,0.9423604757548033,0.9095378564405113,0.9225413402959095,0.931789662266052,0.013664640910190446,262,0.9311111111111111,0.9444444444444444,0.9333333333333333,0.8822222222222222,0.9288888888888889,0.9240000000000002,0.02156357239237013,310,0.9073802242609581,0.9206349206349207,0.9113671274961597,0.8571268237934905,0.8936123136123135,0.8980242819595684,0.0222210427919613,310,0.9311111111111111,0.9444444444444443,0.9333333333333333,0.8822222222222221,0.9288888888888889,0.9239999999999998,0.02156357239237015,310
517,0.006891012191772461,0.003686203432893167,0.04865841865539551,0.00900290191848018,log_loss,3,8,2,random,"{'criterion': 'log_loss', 'max_depth': 3, 'min_samples_leaf': 8, 'min_samples_split': 2, 'splitter': 'random'}",0.9311111111111111,0.9444444444444444,0.9333333333333333,0.8822222222222222,0.9288888888888889,0.9240000000000002,0.02156357239237013,310,0.9181034482758621,0.9424778761061947,0.9184549356223176,0.8412698412698413,0.9406392694063926,0.9121890741361216,0.03696107024335085,406,0.944954128440367,0.9464285714285714,0.9493087557603687,0.9343434343434344,0.9177489177489178,0.9385567615443318,0.0115690584162581,70,0.9466666666666667,0.9466666666666667,0.9511111111111111,0.9422222222222222,0.9155555555555556,0.9404444444444444,0.012757955639473172,70,0.9155555555555556,0.9422222222222222,0.9155555555555556,0.8222222222222222,0.9422222222222222,0.9075555555555554,0.04430199393556307,361,0.9389243391066545,0.9455842997323818,0.9423604757548033,0.9095378564405113,0.9225413402959095,0.931789662266052,0.013664640910190446,262,0.9311111111111111,0.9444444444444444,0.9333333333333333,0.8822222222222222,0.9288888888888889,0.9240000000000002,0.02156357239237013,310,0.9073802242609581,0.9206349206349207,0.9113671274961597,0.8571268237934905,0.8936123136123135,0.8980242819595684,0.0222210427919613,310,0.9311111111111111,0.9444444444444443,0.9333333333333333,0.8822222222222221,0.9288888888888889,0.9239999999999998,0.02156357239237015,310
141,0.01074686050415039,0.0030429450716208148,0.03883376121520996,0.0037041237513812256,gini,3,9,3,random,"{'criterion': 'gini', 'max_depth': 3, 'min_samples_leaf': 9, 'min_samples_split': 3, 'splitter': 'random'}",0.9311111111111111,0.9444444444444444,0.9333333333333333,0.8822222222222222,0.9288888888888889,0.9240000000000002,0.02156357239237013,310,0.9181034482758621,0.9424778761061947,0.9184549356223176,0.8412698412698413,0.9406392694063926,0.9121890741361216,0.03696107024335085,406,0.944954128440367,0.9464285714285714,0.9493087557603687,0.9343434343434344,0.9177489177489178,0.9385567615443318,0.0115690584162581,70,0.9466666666666667,0.9466666666666667,0.9511111111111111,0.9422222222222222,0.9155555555555556,0.9404444444444444,0.012757955639473172,70,0.9155555555555556,0.9422222222222222,0.9155555555555556,0.8222222222222222,0.9422222222222222,0.9075555555555554,0.04430199393556307,361,0.9389243391066545,0.9455842997323818,0.9423604757548033,0.9095378564405113,0.9225413402959095,0.931789662266052,0.013664640910190446,262,0.9311111111111111,0.9444444444444444,0.9333333333333333,0.8822222222222222,0.9288888888888889,0.9240000000000002,0.02156357239237013,310,0.9073802242609581,0.9206349206349207,0.9113671274961597,0.8571268237934905,0.8936123136123135,0.8980242819595684,0.0222210427919613,310,0.9311111111111111,0.9444444444444443,0.9333333333333333,0.8822222222222221,0.9288888888888889,0.9239999999999998,0.02156357239237015,310
515,0.006473112106323242,0.004180673643022839,0.045008182525634766,0.006441047249847988,log_loss,3,7,4,random,"{'criterion': 'log_loss', 'max_depth': 3, 'min_samples_leaf': 7, 'min_samples_split': 4, 'splitter': 'random'}",0.9311111111111111,0.9444444444444444,0.9333333333333333,0.8822222222222222,0.9288888888888889,0.9240000000000002,0.02156357239237013,310,0.9181034482758621,0.9424778761061947,0.9184549356223176,0.8412698412698413,0.9406392694063926,0.9121890741361216,0.03696107024335085,406,0.944954128440367,0.9464285714285714,0.9493087557603687,0.9343434343434344,0.9177489177489178,0.9385567615443318,0.0115690584162581,70,0.9466666666666667,0.9466666666666667,0.9511111111111111,0.9422222222222222,0.9155555555555556,0.9404444444444444,0.012757955639473172,70,0.9155555555555556,0.9422222222222222,0.9155555555555556,0.8222222222222222,0.9422222222222222,0.9075555555555554,0.04430199393556307,361,0.9389243391066545,0.9455842997323818,0.9423604757548033,0.9095378564405113,0.9225413402959095,0.931789662266052,0.013664640910190446,262,0.9311111111111111,0.9444444444444444,0.9333333333333333,0.8822222222222222,0.9288888888888889,0.9240000000000002,0.02156357239237013,310,0.9073802242609581,0.9206349206349207,0.9113671274961597,0.8571268237934905,0.8936123136123135,0.8980242819595684,0.0222210427919613,310,0.9311111111111111,0.9444444444444443,0.9333333333333333,0.8822222222222221,0.9288888888888889,0.9239999999999998,0.02156357239237015,310
139,0.006603145599365234,0.006052008061006843,0.0454960823059082,0.012474504140472074,gini,3,9,2,random,"{'criterion': 'gini', 'max_depth': 3, 'min_samples_leaf': 9, 'min_samples_split': 2, 'splitter': 'random'}",0.9311111111111111,0.9444444444444444,0.9333333333333333,0.8822222222222222,0.9288888888888889,0.9240000000000002,0.02156357239237013,310,0.9181034482758621,0.9424778761061947,0.9184549356223176,0.8412698412698413,0.9406392694063926,0.9121890741361216,0.03696107024335085,406,0.944954128440367,0.9464285714285714,0.9493087557603687,0.9343434343434344,0.9177489177489178,0.9385567615443318,0.0115690584162581,70,0.9466666666666667,0.9466666666666667,0.9511111111111111,0.9422222222222222,0.9155555555555556,0.9404444444444444,0.012757955639473172,70,0.9155555555555556,0.9422222222222222,0.9155555555555556,0.8222222222222222,0.9422222222222222,0.9075555555555554,0.04430199393556307,361,0.9389243391066545,0.9455842997323818,0.9423604757548033,0.9095378564405113,0.9225413402959095,0.931789662266052,0.013664640910190446,262,0.9311111111111111,0.9444444444444444,0.9333333333333333,0.8822222222222222,0.9288888888888889,0.9240000000000002,0.02156357239237013,310,0.9073802242609581,0.9206349206349207,0.9113671274961597,0.8571268237934905,0.8936123136123135,0.8980242819595684,0.0222210427919613,310,0.9311111111111111,0.9444444444444443,0.9333333333333333,0.8822222222222221,0.9288888888888889,0.9239999999999998,0.02156357239237015,310
513,0.009021425247192382,0.005544771966207453,0.04113411903381348,0.005504237913563356,log_loss,3,7,3,random,"{'criterion': 'log_loss', 'max_depth': 3, 'min_samples_leaf': 7, 'min_samples_split': 3, 'splitter': 'random'}",0.9311111111111111,0.9444444444444444,0.9333333333333333,0.8822222222222222,0.9288888888888889,0.9240000000000002,0.02156357239237013,310,0.9181034482758621,0.9424778761061947,0.9184549356223176,0.8412698412698413,0.9406392694063926,0.9121890741361216,0.03696107024335085,406,0.944954128440367,0.9464285714285714,0.9493087557603687,0.9343434343434344,0.9177489177489178,0.9385567615443318,0.0115690584162581,70,0.9466666666666667,0.9466666666666667,0.9511111111111111,0.9422222222222222,0.9155555555555556,0.9404444444444444,0.012757955639473172,70,0.9155555555555556,0.9422222222222222,0.9155555555555556,0.8222222222222222,0.9422222222222222,0.9075555555555554,0.04430199393556307,361,0.9389243391066545,0.9455842997323818,0.9423604757548033,0.9095378564405113,0.9225413402959095,0.931789662266052,0.013664640910190446,262,0.9311111111111111,0.9444444444444444,0.9333333333333333,0.8822222222222222,0.9288888888888889,0.9240000000000002,0.02156357239237013,310,0.9073802242609581,0.9206349206349207,0.9113671274961597,0.8571268237934905,0.8936123136123135,0.8980242819595684,0.0222210427919613,310,0.9311111111111111,0.9444444444444443,0.9333333333333333,0.8822222222222221,0.9288888888888889,0.9239999999999998,0.02156357239237015,310
137,0.007391214370727539,0.005514033754604906,0.041367626190185545,0.008324829730593068,gini,3,8,4,random,"{'criterion': 'gini', 'max_depth': 3, 'min_samples_leaf': 8, 'min_samples_split': 4, 'splitter': 'random'}",0.9311111111111111,0.9444444444444444,0.9333333333333333,0.8822222222222222,0.9288888888888889,0.9240000000000002,0.02156357239237013,310,0.9181034482758621,0.9424778761061947,0.9184549356223176,0.8412698412698413,0.9406392694063926,0.9121890741361216,0.03696107024335085,406,0.944954128440367,0.9464285714285714,0.9493087557603687,0.9343434343434344,0.9177489177489178,0.9385567615443318,0.0115690584162581,70,0.9466666666666667,0.9466666666666667,0.9511111111111111,0.9422222222222222,0.9155555555555556,0.9404444444444444,0.012757955639473172,70,0.9155555555555556,0.9422222222222222,0.9155555555555556,0.8222222222222222,0.9422222222222222,0.9075555555555554,0.04430199393556307,361,0.9389243391066545,0.9455842997323818,0.9423604757548033,0.9095378564405113,0.9225413402959095,0.931789662266052,0.013664640910190446,262,0.9311111111111111,0.9444444444444444,0.9333333333333333,0.8822222222222222,0.9288888888888889,0.9240000000000002,0.02156357239237013,310,0.9073802242609581,0.9206349206349207,0.9113671274961597,0.8571268237934905,0.8936123136123135,0.8980242819595684,0.0222210427919613,310,0.9311111111111111,0.9444444444444443,0.9333333333333333,0.8822222222222221,0.9288888888888889,0.9239999999999998,0.02156357239237015,310
511,0.00853266716003418,0.0021467404521404673,0.04215526580810547,0.0021233502597165165,log_loss,3,7,2,random,"{'criterion': 'log_loss', 'max_depth': 3, 'min_samples_leaf': 7, 'min_samples_split': 2, 'splitter': 'random'}",0.9311111111111111,0.9444444444444444,0.9333333333333333,0.8822222222222222,0.9288888888888889,0.9240000000000002,0.02156357239237013,310,0.9181034482758621,0.9424778761061947,0.9184549356223176,0.8412698412698413,0.9406392694063926,0.9121890741361216,0.03696107024335085,406,0.944954128440367,0.9464285714285714,0.9493087557603687,0.9343434343434344,0.9177489177489178,0.9385567615443318,0.0115690584162581,70,0.9466666666666667,0.9466666666666667,0.9511111111111111,0.9422222222222222,0.9155555555555556,0.9404444444444444,0.012757955639473172,70,0.9155555555555556,0.9422222222222222,0.9155555555555556,0.8222222222222222,0.9422222222222222,0.9075555555555554,0.04430199393556307,361,0.9389243391066545,0.9455842997323818,0.9423604757548033,0.9095378564405113,0.9225413402959095,0.931789662266052,0.013664640910190446,262,0.9311111111111111,0.9444444444444444,0.9333333333333333,0.8822222222222222,0.9288888888888889,0.9240000000000002,0.02156357239237013,310,0.9073802242609581,0.9206349206349207,0.9113671274961597,0.8571268237934905,0.8936123136123135,0.8980242819595684,0.0222210427919613,310,0.9311111111111111,0.9444444444444443,0.9333333333333333,0.8822222222222221,0.9288888888888889,0.9239999999999998,0.02156357239237015,310
135,0.006284141540527343,0.0038962692063982587,0.048099851608276366,0.010503025931544547,gini,3,8,3,random,"{'criterion': 'gini', 'max_depth': 3, 'min_samples_leaf': 8, 'min_samples_split': 3, 'splitter': 'random'}",0.9311111111111111,0.9444444444444444,0.9333333333333333,0.8822222222222222,0.9288888888888889,0.9240000000000002,0.02156357239237013,310,0.9181034482758621,0.9424778761061947,0.9184549356223176,0.8412698412698413,0.9406392694063926,0.9121890741361216,0.03696107024335085,406,0.944954128440367,0.9464285714285714,0.9493087557603687,0.9343434343434344,0.9177489177489178,0.9385567615443318,0.0115690584162581,70,0.9466666666666667,0.9466666666666667,0.9511111111111111,0.9422222222222222,0.9155555555555556,0.9404444444444444,0.012757955639473172,70,0.9155555555555556,0.9422222222222222,0.9155555555555556,0.8222222222222222,0.9422222222222222,0.9075555555555554,0.04430199393556307,361,0.9389243391066545,0.9455842997323818,0.9423604757548033,0.9095378564405113,0.9225413402959095,0.931789662266052,0.013664640910190446,262,0.9311111111111111,0.9444444444444444,0.9333333333333333,0.8822222222222222,0.9288888888888889,0.9240000000000002,0.02156357239237013,310,0.9073802242609581,0.9206349206349207,0.9113671274961597,0.8571268237934905,0.8936123136123135,0.8980242819595684,0.0222210427919613,310,0.9311111111111111,0.9444444444444443,0.9333333333333333,0.8822222222222221,0.9288888888888889,0.9239999999999998,0.02156357239237015,310
127,0.010698461532592773,0.003829154919499194,0.04397988319396973,0.004932784415593049,gini,3,7,2,random,"{'criterion': 'gini', 'max_depth': 3, 'min_samples_leaf': 7, 'min_samples_split': 2, 'splitter': 'random'}",0.9311111111111111,0.9444444444444444,0.9333333333333333,0.8822222222222222,0.9288888888888889,0.9240000000000002,0.02156357239237013,310,0.9181034482758621,0.9424778761061947,0.9184549356223176,0.8412698412698413,0.9406392694063926,0.9121890741361216,0.03696107024335085,406,0.944954128440367,0.9464285714285714,0.9493087557603687,0.9343434343434344,0.9177489177489178,0.9385567615443318,0.0115690584162581,70,0.9466666666666667,0.9466666666666667,0.9511111111111111,0.9422222222222222,0.9155555555555556,0.9404444444444444,0.012757955639473172,70,0.9155555555555556,0.9422222222222222,0.9155555555555556,0.8222222222222222,0.9422222222222222,0.9075555555555554,0.04430199393556307,361,0.9389243391066545,0.9455842997323818,0.9423604757548033,0.9095378564405113,0.9225413402959095,0.931789662266052,0.013664640910190446,262,0.9311111111111111,0.9444444444444444,0.9333333333333333,0.8822222222222222,0.9288888888888889,0.9240000000000002,0.02156357239237013,310,0.9073802242609581,0.9206349206349207,0.9113671274961597,0.8571268237934905,0.8936123136123135,0.8980242819595684,0.0222210427919613,310,0.9311111111111111,0.9444444444444443,0.9333333333333333,0.8822222222222221,0.9288888888888889,0.9239999999999998,0.02156357239237015,310
133,0.007080268859863281,0.004086581904144229,0.038514328002929685,0.005860315384550987,gini,3,8,2,random,"{'criterion': 'gini', 'max_depth': 3, 'min_samples_leaf': 8, 'min_samples_split': 2, 'splitter': 'random'}",0.9311111111111111,0.9444444444444444,0.9333333333333333,0.8822222222222222,0.9288888888888889,0.9240000000000002,0.02156357239237013,310,0.9181034482758621,0.9424778761061947,0.9184549356223176,0.8412698412698413,0.9406392694063926,0.9121890741361216,0.03696107024335085,406,0.944954128440367,0.9464285714285714,0.9493087557603687,0.9343434343434344,0.9177489177489178,0.9385567615443318,0.0115690584162581,70,0.9466666666666667,0.9466666666666667,0.9511111111111111,0.9422222222222222,0.9155555555555556,0.9404444444444444,0.012757955639473172,70,0.9155555555555556,0.9422222222222222,0.9155555555555556,0.8222222222222222,0.9422222222222222,0.9075555555555554,0.04430199393556307,361,0.9389243391066545,0.9455842997323818,0.9423604757548033,0.9095378564405113,0.9225413402959095,0.931789662266052,0.013664640910190446,262,0.9311111111111111,0.9444444444444444,0.9333333333333333,0.8822222222222222,0.9288888888888889,0.9240000000000002,0.02156357239237013,310,0.9073802242609581,0.9206349206349207,0.9113671274961597,0.8571268237934905,0.8936123136123135,0.8980242819595684,0.0222210427919613,310,0.9311111111111111,0.9444444444444443,0.9333333333333333,0.8822222222222221,0.9288888888888889,0.9239999999999998,0.02156357239237015,310
129,0.009055423736572265,0.0017787191235210306,0.03937821388244629,0.0018177648983674398,gini,3,7,3,random,"{'criterion': 'gini', 'max_depth': 3, 'min_samples_leaf': 7, 'min_samples_split': 3, 'splitter': 'random'}",0.9311111111111111,0.9444444444444444,0.9333333333333333,0.8822222222222222,0.9288888888888889,0.9240000000000002,0.02156357239237013,310,0.9181034482758621,0.9424778761061947,0.9184549356223176,0.8412698412698413,0.9406392694063926,0.9121890741361216,0.03696107024335085,406,0.944954128440367,0.9464285714285714,0.9493087557603687,0.9343434343434344,0.9177489177489178,0.9385567615443318,0.0115690584162581,70,0.9466666666666667,0.9466666666666667,0.9511111111111111,0.9422222222222222,0.9155555555555556,0.9404444444444444,0.012757955639473172,70,0.9155555555555556,0.9422222222222222,0.9155555555555556,0.8222222222222222,0.9422222222222222,0.9075555555555554,0.04430199393556307,361,0.9389243391066545,0.9455842997323818,0.9423604757548033,0.9095378564405113,0.9225413402959095,0.931789662266052,0.013664640910190446,262,0.9311111111111111,0.9444444444444444,0.9333333333333333,0.8822222222222222,0.9288888888888889,0.9240000000000002,0.02156357239237013,310,0.9073802242609581,0.9206349206349207,0.9113671274961597,0.8571268237934905,0.8936123136123135,0.8980242819595684,0.0222210427919613,310,0.9311111111111111,0.9444444444444443,0.9333333333333333,0.8822222222222221,0.9288888888888889,0.9239999999999998,0.02156357239237015,310
131,0.005795764923095703,0.0033335561435605793,0.04168014526367188,0.0034130125075343496,gini,3,7,4,random,"{'criterion': 'gini', 'max_depth': 3, 'min_samples_leaf': 7, 'min_samples_split': 4, 'splitter': 'random'}",0.9311111111111111,0.9444444444444444,0.9333333333333333,0.8822222222222222,0.9288888888888889,0.9240000000000002,0.02156357239237013,310,0.9181034482758621,0.9424778761061947,0.9184549356223176,0.8412698412698413,0.9406392694063926,0.9121890741361216,0.03696107024335085,406,0.944954128440367,0.9464285714285714,0.9493087557603687,0.9343434343434344,0.9177489177489178,0.9385567615443318,0.0115690584162581,70,0.9466666666666667,0.9466666666666667,0.9511111111111111,0.9422222222222222,0.9155555555555556,0.9404444444444444,0.012757955639473172,70,0.9155555555555556,0.9422222222222222,0.9155555555555556,0.8222222222222222,0.9422222222222222,0.9075555555555554,0.04430199393556307,361,0.9389243391066545,0.9455842997323818,0.9423604757548033,0.9095378564405113,0.9225413402959095,0.931789662266052,0.013664640910190446,262,0.9311111111111111,0.9444444444444444,0.9333333333333333,0.8822222222222222,0.9288888888888889,0.9240000000000002,0.02156357239237013,310,0.9073802242609581,0.9206349206349207,0.9113671274961597,0.8571268237934905,0.8936123136123135,0.8980242819595684,0.0222210427919613,310,0.9311111111111111,0.9444444444444443,0.9333333333333333,0.8822222222222221,0.9288888888888889,0.9239999999999998,0.02156357239237015,310
519,0.005688714981079102,0.004245944174892595,0.051876401901245116,0.01227946870676883,log_loss,3,8,3,random,"{'criterion': 'log_loss', 'max_depth': 3, 'min_samples_leaf': 8, 'min_samples_split': 3, 'splitter': 'random'}",0.9311111111111111,0.9444444444444444,0.9333333333333333,0.8822222222222222,0.9288888888888889,0.9240000000000002,0.02156357239237013,310,0.9181034482758621,0.9424778761061947,0.9184549356223176,0.8412698412698413,0.9406392694063926,0.9121890741361216,0.03696107024335085,406,0.944954128440367,0.9464285714285714,0.9493087557603687,0.9343434343434344,0.9177489177489178,0.9385567615443318,0.0115690584162581,70,0.9466666666666667,0.9466666666666667,0.9511111111111111,0.9422222222222222,0.9155555555555556,0.9404444444444444,0.012757955639473172,70,0.9155555555555556,0.9422222222222222,0.9155555555555556,0.8222222222222222,0.9422222222222222,0.9075555555555554,0.04430199393556307,361,0.9389243391066545,0.9455842997323818,0.9423604757548033,0.9095378564405113,0.9225413402959095,0.931789662266052,0.013664640910190446,262,0.9311111111111111,0.9444444444444444,0.9333333333333333,0.8822222222222222,0.9288888888888889,0.9240000000000002,0.02156357239237013,310,0.9073802242609581,0.9206349206349207,0.9113671274961597,0.8571268237934905,0.8936123136123135,0.8980242819595684,0.0222210427919613,310,0.9311111111111111,0.9444444444444443,0.9333333333333333,0.8822222222222221,0.9288888888888889,0.9239999999999998,0.02156357239237015,310
163,0.0069233417510986325,0.0012313785809139343,0.04255743026733398,0.0026941825701206974,gini,4,5,2,random,"{'criterion': 'gini', 'max_depth': 4, 'min_samples_leaf': 5, 'min_samples_split': 2, 'splitter': 'random'}",0.9266666666666666,0.9422222222222222,0.9355555555555556,0.8533333333333334,0.9466666666666667,0.920888888888889,0.034443727591106754,337,0.9173913043478261,0.9760765550239234,0.9188034188034188,0.9704142011834319,0.9427312775330396,0.945083351378328,0.024759835218842133,259,0.9363636363636364,0.9128630705394191,0.9537037037037037,0.7829181494661922,0.9506726457399103,0.9073042411625722,0.06384508983576158,496,0.9377777777777778,0.9066666666666666,0.9555555555555556,0.7288888888888889,0.9511111111111111,0.8960000000000001,0.08528702447154476,520,0.9155555555555556,0.9777777777777777,0.9155555555555556,0.9777777777777777,0.9422222222222222,0.9457777777777778,0.027883354917969973,247,0.9321266968325792,0.9251471825063078,0.945821854912764,0.815418828762046,0.9489704565801254,0.9134970039187644,0.04981040533213665,340,0.9266666666666667,0.9422222222222222,0.9355555555555556,0.8533333333333333,0.9466666666666667,0.9208888888888888,0.0344437275911068,337,0.8995151515151516,0.903688335638543,0.9153909465020575,0.7766310794780547,0.9246337817638266,0.8839718589795268,0.054392880717869706,337,0.9266666666666667,0.9422222222222223,0.9355555555555556,0.8533333333333334,0.9466666666666667,0.920888888888889,0.03444372759110677,337
167,0.0076828479766845705,0.003175854921958436,0.04151444435119629,0.004585707303785554,gini,4,5,4,random,"{'criterion': 'gini', 'max_depth': 4, 'min_samples_leaf': 5, 'min_samples_split': 4, 'splitter': 'random'}",0.9266666666666666,0.9422222222222222,0.9355555555555556,0.8533333333333334,0.9466666666666667,0.920888888888889,0.034443727591106754,337,0.9173913043478261,0.9760765550239234,0.9188034188034188,0.9704142011834319,0.9427312775330396,0.945083351378328,0.024759835218842133,259,0.9363636363636364,0.9128630705394191,0.9537037037037037,0.7829181494661922,0.9506726457399103,0.9073042411625722,0.06384508983576158,496,0.9377777777777778,0.9066666666666666,0.9555555555555556,0.7288888888888889,0.9511111111111111,0.8960000000000001,0.08528702447154476,520,0.9155555555555556,0.9777777777777777,0.9155555555555556,0.9777777777777777,0.9422222222222222,0.9457777777777778,0.027883354917969973,247,0.9321266968325792,0.9251471825063078,0.945821854912764,0.815418828762046,0.9489704565801254,0.9134970039187644,0.04981040533213665,340,0.9266666666666667,0.9422222222222222,0.9355555555555556,0.8533333333333333,0.9466666666666667,0.9208888888888888,0.0344437275911068,337,0.8995151515151516,0.903688335638543,0.9153909465020575,0.7766310794780547,0.9246337817638266,0.8839718589795268,0.054392880717869706,337,0.9266666666666667,0.9422222222222223,0.9355555555555556,0.8533333333333334,0.9466666666666667,0.920888888888889,0.03444372759110677,337
165,0.011565113067626953,0.009324944036744125,0.05097265243530273,0.006318791123021,gini,4,5,3,random,"{'criterion': 'gini', 'max_depth': 4, 'min_samples_leaf': 5, 'min_samples_split': 3, 'splitter': 'random'}",0.9266666666666666,0.9422222222222222,0.9355555555555556,0.8533333333333334,0.9466666666666667,0.920888888888889,0.034443727591106754,337,0.9173913043478261,0.9760765550239234,0.9188034188034188,0.9704142011834319,0.9427312775330396,0.945083351378328,0.024759835218842133,259,0.9363636363636364,0.9128630705394191,0.9537037037037037,0.7829181494661922,0.9506726457399103,0.9073042411625722,0.06384508983576158,496,0.9377777777777778,0.9066666666666666,0.9555555555555556,0.7288888888888889,0.9511111111111111,0.8960000000000001,0.08528702447154476,520,0.9155555555555556,0.9777777777777777,0.9155555555555556,0.9777777777777777,0.9422222222222222,0.9457777777777778,0.027883354917969973,247,0.9321266968325792,0.9251471825063078,0.945821854912764,0.815418828762046,0.9489704565801254,0.9134970039187644,0.04981040533213665,340,0.9266666666666667,0.9422222222222222,0.9355555555555556,0.8533333333333333,0.9466666666666667,0.9208888888888888,0.0344437275911068,337,0.8995151515151516,0.903688335638543,0.9153909465020575,0.7766310794780547,0.9246337817638266,0.8839718589795268,0.054392880717869706,337,0.9266666666666667,0.9422222222222223,0.9355555555555556,0.8533333333333334,0.9466666666666667,0.920888888888889,0.03444372759110677,337
173,0.006935739517211914,0.0036680229864019865,0.04659061431884766,0.004954779891157511,gini,4,6,4,random,"{'criterion': 'gini', 'max_depth': 4, 'min_samples_leaf': 6, 'min_samples_split': 4, 'splitter': 'random'}",0.9244444444444444,0.94,0.9355555555555556,0.8533333333333334,0.9466666666666667,0.9199999999999999,0.03410948240773312,364,0.9170305676855895,0.9583333333333334,0.9188034188034188,0.9704142011834319,0.9427312775330396,0.9414625597077627,0.021141376929971055,280,0.9321266968325792,0.9230769230769231,0.9537037037037037,0.7829181494661922,0.9506726457399103,0.9084996237638616,0.0638175768102068,481,0.9333333333333333,0.92,0.9555555555555556,0.7288888888888889,0.9511111111111111,0.897777777777778,0.08539812355182543,505,0.9155555555555556,0.96,0.9155555555555556,0.9777777777777777,0.9422222222222222,0.9422222222222223,0.024504975559271485,274,0.9287646528403968,0.9302325581395349,0.945821854912764,0.815418828762046,0.9489704565801254,0.9138416702469734,0.049870183841360764,337,0.9244444444444444,0.94,0.9355555555555556,0.8533333333333333,0.9466666666666667,0.9199999999999999,0.03410948240773316,364,0.8956359979889392,0.9061538461538462,0.9153909465020575,0.7766310794780547,0.9246337817638266,0.8836891303773449,0.05438802622961892,340,0.9244444444444445,0.9400000000000001,0.9355555555555556,0.8533333333333334,0.9466666666666667,0.9200000000000002,0.034109482407733135,364
169,0.008567047119140626,0.005751929961300675,0.04353351593017578,0.003981272386093306,gini,4,6,2,random,"{'criterion': 'gini', 'max_depth': 4, 'min_samples_leaf': 6, 'min_samples_split': 2, 'splitter': 'random'}",0.9244444444444444,0.94,0.9355555555555556,0.8533333333333334,0.9466666666666667,0.9199999999999999,0.03410948240773312,364,0.9170305676855895,0.9583333333333334,0.9188034188034188,0.9704142011834319,0.9427312775330396,0.9414625597077627,0.021141376929971055,280,0.9321266968325792,0.9230769230769231,0.9537037037037037,0.7829181494661922,0.9506726457399103,0.9084996237638616,0.0638175768102068,481,0.9333333333333333,0.92,0.9555555555555556,0.7288888888888889,0.9511111111111111,0.897777777777778,0.08539812355182543,505,0.9155555555555556,0.96,0.9155555555555556,0.9777777777777777,0.9422222222222222,0.9422222222222223,0.024504975559271485,274,0.9287646528403968,0.9302325581395349,0.945821854912764,0.815418828762046,0.9489704565801254,0.9138416702469734,0.049870183841360764,337,0.9244444444444444,0.94,0.9355555555555556,0.8533333333333333,0.9466666666666667,0.9199999999999999,0.03410948240773316,364,0.8956359979889392,0.9061538461538462,0.9153909465020575,0.7766310794780547,0.9246337817638266,0.8836891303773449,0.05438802622961892,340,0.9244444444444445,0.9400000000000001,0.9355555555555556,0.8533333333333334,0.9466666666666667,0.9200000000000002,0.034109482407733135,364
171,0.00858311653137207,0.006889613801427381,0.04772510528564453,0.007988180675215839,gini,4,6,3,random,"{'criterion': 'gini', 'max_depth': 4, 'min_samples_leaf': 6, 'min_samples_split': 3, 'splitter': 'random'}",0.9244444444444444,0.94,0.9355555555555556,0.8533333333333334,0.9466666666666667,0.9199999999999999,0.03410948240773312,364,0.9170305676855895,0.9583333333333334,0.9188034188034188,0.9704142011834319,0.9427312775330396,0.9414625597077627,0.021141376929971055,280,0.9321266968325792,0.9230769230769231,0.9537037037037037,0.7829181494661922,0.9506726457399103,0.9084996237638616,0.0638175768102068,481,0.9333333333333333,0.92,0.9555555555555556,0.7288888888888889,0.9511111111111111,0.897777777777778,0.08539812355182543,505,0.9155555555555556,0.96,0.9155555555555556,0.9777777777777777,0.9422222222222222,0.9422222222222223,0.024504975559271485,274,0.9287646528403968,0.9302325581395349,0.945821854912764,0.815418828762046,0.9489704565801254,0.9138416702469734,0.049870183841360764,337,0.9244444444444444,0.94,0.9355555555555556,0.8533333333333333,0.9466666666666667,0.9199999999999999,0.03410948240773316,364,0.8956359979889392,0.9061538461538462,0.9153909465020575,0.7766310794780547,0.9246337817638266,0.8836891303773449,0.05438802622961892,340,0.9244444444444445,0.9400000000000001,0.9355555555555556,0.8533333333333334,0.9466666666666667,0.9200000000000002,0.034109482407733135,364
177,0.009843206405639649,0.0030488200225747136,0.05546107292175293,0.017567548842091715,gini,4,7,3,random,"{'criterion': 'gini', 'max_depth': 4, 'min_samples_leaf': 7, 'min_samples_split': 3, 'splitter': 'random'}",0.9222222222222223,0.9377777777777778,0.9355555555555556,0.8533333333333334,0.9466666666666667,0.9191111111111111,0.0338070048990873,370,0.9130434782608695,0.9539170506912442,0.9188034188034188,0.9704142011834319,0.9427312775330396,0.9397818852944008,0.021456369959072307,301,0.9318181818181818,0.9227467811158798,0.9537037037037037,0.7829181494661922,0.9506726457399103,0.9083718923687736,0.06377983126094884,484,0.9333333333333333,0.92,0.9555555555555556,0.7288888888888889,0.9511111111111111,0.897777777777778,0.08539812355182543,505,0.9111111111111111,0.9555555555555556,0.9155555555555556,0.9777777777777777,0.9422222222222222,0.9404444444444445,0.024920614700224327,283,0.9276018099547512,0.9291270527225584,0.945821854912764,0.815418828762046,0.9489704565801254,0.9133880005864491,0.049730825144699835,343,0.9222222222222223,0.9377777777777778,0.9355555555555556,0.8533333333333333,0.9466666666666667,0.9191111111111111,0.03380700489908735,370,0.8934343434343435,0.9039580352885075,0.9153909465020575,0.7766310794780547,0.9246337817638266,0.8828096372933579,0.05411991505632797,343,0.9222222222222222,0.9377777777777779,0.9355555555555556,0.8533333333333334,0.9466666666666667,0.9191111111111111,0.033807004899087306,370
175,0.0075055122375488285,0.008291621893687203,0.03975629806518555,0.0048449632293177565,gini,4,7,2,random,"{'criterion': 'gini', 'max_depth': 4, 'min_samples_leaf': 7, 'min_samples_split': 2, 'splitter': 'random'}",0.9222222222222223,0.9377777777777778,0.9355555555555556,0.8533333333333334,0.9466666666666667,0.9191111111111111,0.0338070048990873,370,0.9130434782608695,0.9539170506912442,0.9188034188034188,0.9704142011834319,0.9427312775330396,0.9397818852944008,0.021456369959072307,301,0.9318181818181818,0.9227467811158798,0.9537037037037037,0.7829181494661922,0.9506726457399103,0.9083718923687736,0.06377983126094884,484,0.9333333333333333,0.92,0.9555555555555556,0.7288888888888889,0.9511111111111111,0.897777777777778,0.08539812355182543,505,0.9111111111111111,0.9555555555555556,0.9155555555555556,0.9777777777777777,0.9422222222222222,0.9404444444444445,0.024920614700224327,283,0.9276018099547512,0.9291270527225584,0.945821854912764,0.815418828762046,0.9489704565801254,0.9133880005864491,0.049730825144699835,343,0.9222222222222223,0.9377777777777778,0.9355555555555556,0.8533333333333333,0.9466666666666667,0.9191111111111111,0.03380700489908735,370,0.8934343434343435,0.9039580352885075,0.9153909465020575,0.7766310794780547,0.9246337817638266,0.8828096372933579,0.05411991505632797,343,0.9222222222222222,0.9377777777777779,0.9355555555555556,0.8533333333333334,0.9466666666666667,0.9191111111111111,0.033807004899087306,370
179,0.01123185157775879,0.001343511785158125,0.05076498985290527,0.020256441010152983,gini,4,7,4,random,"{'criterion': 'gini', 'max_depth': 4, 'min_samples_leaf': 7, 'min_samples_split': 4, 'splitter': 'random'}",0.9222222222222223,0.9377777777777778,0.9355555555555556,0.8533333333333334,0.9466666666666667,0.9191111111111111,0.0338070048990873,370,0.9130434782608695,0.9539170506912442,0.9188034188034188,0.9704142011834319,0.9427312775330396,0.9397818852944008,0.021456369959072307,301,0.9318181818181818,0.9227467811158798,0.9537037037037037,0.7829181494661922,0.9506726457399103,0.9083718923687736,0.06377983126094884,484,0.9333333333333333,0.92,0.9555555555555556,0.7288888888888889,0.9511111111111111,0.897777777777778,0.08539812355182543,505,0.9111111111111111,0.9555555555555556,0.9155555555555556,0.9777777777777777,0.9422222222222222,0.9404444444444445,0.024920614700224327,283,0.9276018099547512,0.9291270527225584,0.945821854912764,0.815418828762046,0.9489704565801254,0.9133880005864491,0.049730825144699835,343,0.9222222222222223,0.9377777777777778,0.9355555555555556,0.8533333333333333,0.9466666666666667,0.9191111111111111,0.03380700489908735,370,0.8934343434343435,0.9039580352885075,0.9153909465020575,0.7766310794780547,0.9246337817638266,0.8828096372933579,0.05411991505632797,343,0.9222222222222222,0.9377777777777779,0.9355555555555556,0.8533333333333334,0.9466666666666667,0.9191111111111111,0.033807004899087306,370
183,0.006682109832763672,0.003651582417463436,0.0421180248260498,0.0026916872758146475,gini,4,8,3,random,"{'criterion': 'gini', 'max_depth': 4, 'min_samples_leaf': 8, 'min_samples_split': 3, 'splitter': 'random'}",0.9244444444444444,0.9377777777777778,0.9355555555555556,0.8533333333333334,0.9466666666666667,0.9195555555555556,0.0338595501417616,367,0.9282511210762332,0.9539170506912442,0.9188034188034188,0.9704142011834319,0.9427312775330396,0.9428234138574736,0.018295577016684356,268,0.920704845814978,0.9227467811158798,0.9537037037037037,0.7829181494661922,0.9506726457399103,0.9061492251681328,0.06311419235435455,499,0.92,0.92,0.9555555555555556,0.7288888888888889,0.9511111111111111,0.8951111111111112,0.0844491226774302,523,0.9288888888888889,0.9555555555555556,0.9155555555555556,0.9777777777777777,0.9422222222222222,0.9440000000000002,0.021517721665618137,262,0.9223300970873787,0.9291270527225584,0.945821854912764,0.815418828762046,0.9489704565801254,0.9123336580129745,0.04947351891593289,349,0.9244444444444444,0.9377777777777778,0.9355555555555556,0.8533333333333333,0.9466666666666667,0.9195555555555555,0.03385955014176164,367,0.8907880567792462,0.9039580352885075,0.9153909465020575,0.7766310794780547,0.9246337817638266,0.8822803799623387,0.054026282971937074,346,0.9244444444444444,0.9377777777777779,0.9355555555555556,0.8533333333333334,0.9466666666666667,0.9195555555555556,0.03385955014176161,367
185,0.004363393783569336,0.004045727844895862,0.04212055206298828,0.003182211523991216,gini,4,8,4,random,"{'criterion': 'gini', 'max_depth': 4, 'min_samples_leaf': 8, 'min_samples_split': 4, 'splitter': 'random'}",0.9244444444444444,0.9377777777777778,0.9355555555555556,0.8533333333333334,0.9466666666666667,0.9195555555555556,0.0338595501417616,367,0.9282511210762332,0.9539170506912442,0.9188034188034188,0.9704142011834319,0.9427312775330396,0.9428234138574736,0.018295577016684356,268,0.920704845814978,0.9227467811158798,0.9537037037037037,0.7829181494661922,0.9506726457399103,0.9061492251681328,0.06311419235435455,499,0.92,0.92,0.9555555555555556,0.7288888888888889,0.9511111111111111,0.8951111111111112,0.0844491226774302,523,0.9288888888888889,0.9555555555555556,0.9155555555555556,0.9777777777777777,0.9422222222222222,0.9440000000000002,0.021517721665618137,262,0.9223300970873787,0.9291270527225584,0.945821854912764,0.815418828762046,0.9489704565801254,0.9123336580129745,0.04947351891593289,349,0.9244444444444444,0.9377777777777778,0.9355555555555556,0.8533333333333333,0.9466666666666667,0.9195555555555555,0.03385955014176164,367,0.8907880567792462,0.9039580352885075,0.9153909465020575,0.7766310794780547,0.9246337817638266,0.8822803799623387,0.054026282971937074,346,0.9244444444444444,0.9377777777777779,0.9355555555555556,0.8533333333333334,0.9466666666666667,0.9195555555555556,0.03385955014176161,367
181,0.004919290542602539,0.006159558833285066,0.04593610763549805,0.005923071635110681,gini,4,8,2,random,"{'criterion': 'gini', 'max_depth': 4, 'min_samples_leaf': 8, 'min_samples_split': 2, 'splitter': 'random'}",0.9244444444444444,0.9377777777777778,0.9355555555555556,0.8533333333333334,0.9466666666666667,0.9195555555555556,0.0338595501417616,367,0.9282511210762332,0.9539170506912442,0.9188034188034188,0.9704142011834319,0.9427312775330396,0.9428234138574736,0.018295577016684356,268,0.920704845814978,0.9227467811158798,0.9537037037037037,0.7829181494661922,0.9506726457399103,0.9061492251681328,0.06311419235435455,499,0.92,0.92,0.9555555555555556,0.7288888888888889,0.9511111111111111,0.8951111111111112,0.0844491226774302,523,0.9288888888888889,0.9555555555555556,0.9155555555555556,0.9777777777777777,0.9422222222222222,0.9440000000000002,0.021517721665618137,262,0.9223300970873787,0.9291270527225584,0.945821854912764,0.815418828762046,0.9489704565801254,0.9123336580129745,0.04947351891593289,349,0.9244444444444444,0.9377777777777778,0.9355555555555556,0.8533333333333333,0.9466666666666667,0.9195555555555555,0.03385955014176164,367,0.8907880567792462,0.9039580352885075,0.9153909465020575,0.7766310794780547,0.9246337817638266,0.8822803799623387,0.054026282971937074,346,0.9244444444444444,0.9377777777777779,0.9355555555555556,0.8533333333333334,0.9466666666666667,0.9195555555555556,0.03385955014176161,367
145,0.005375862121582031,0.004569870741467721,0.04433794021606445,0.0045682340713760735,gini,4,2,2,random,"{'criterion': 'gini', 'max_depth': 4, 'min_samples_leaf': 2, 'min_samples_split': 2, 'splitter': 'random'}",0.9266666666666666,0.9244444444444444,0.9377777777777778,0.8533333333333334,0.9466666666666667,0.9177777777777777,0.033199732261303266,376,0.9173913043478261,0.9360730593607306,0.9191489361702128,0.9704142011834319,0.9427312775330396,0.9371517557190483,0.01925233428901399,352,0.9363636363636364,0.9134199134199135,0.958139534883721,0.7829181494661922,0.9506726457399103,0.9083027759746747,0.06451946984989158,487,0.9377777777777778,0.9111111111111111,0.96,0.7288888888888889,0.9511111111111111,0.8977777777777778,0.08604334250901377,511,0.9155555555555556,0.9377777777777778,0.9155555555555556,0.9777777777777777,0.9422222222222222,0.9377777777777778,0.022835969028737992,328,0.9321266968325792,0.918189730200174,0.9493087557603687,0.815418828762046,0.9489704565801254,0.9128028936270585,0.05005367928191577,346,0.9266666666666667,0.9244444444444444,0.9377777777777778,0.8533333333333333,0.9466666666666667,0.9177777777777777,0.03319973226130331,376,0.8995151515151516,0.8876960076960078,0.9194521963824289,0.7766310794780547,0.9246337817638266,0.8815856433670938,0.05415031366943165,349,0.9266666666666667,0.9244444444444445,0.9377777777777778,0.8533333333333334,0.9466666666666667,0.9177777777777779,0.03319973226130328,376
147,0.006918096542358398,0.0035713943079352774,0.040641069412231445,0.0020755133786111084,gini,4,2,3,random,"{'criterion': 'gini', 'max_depth': 4, 'min_samples_leaf': 2, 'min_samples_split': 3, 'splitter': 'random'}",0.9266666666666666,0.9244444444444444,0.9377777777777778,0.8533333333333334,0.9466666666666667,0.9177777777777777,0.033199732261303266,376,0.9173913043478261,0.9360730593607306,0.9191489361702128,0.9704142011834319,0.9427312775330396,0.9371517557190483,0.01925233428901399,352,0.9363636363636364,0.9134199134199135,0.958139534883721,0.7829181494661922,0.9506726457399103,0.9083027759746747,0.06451946984989158,487,0.9377777777777778,0.9111111111111111,0.96,0.7288888888888889,0.9511111111111111,0.8977777777777778,0.08604334250901377,511,0.9155555555555556,0.9377777777777778,0.9155555555555556,0.9777777777777777,0.9422222222222222,0.9377777777777778,0.022835969028737992,328,0.9321266968325792,0.918189730200174,0.9493087557603687,0.815418828762046,0.9489704565801254,0.9128028936270585,0.05005367928191577,346,0.9266666666666667,0.9244444444444444,0.9377777777777778,0.8533333333333333,0.9466666666666667,0.9177777777777777,0.03319973226130331,376,0.8995151515151516,0.8876960076960078,0.9194521963824289,0.7766310794780547,0.9246337817638266,0.8815856433670938,0.05415031366943165,349,0.9266666666666667,0.9244444444444445,0.9377777777777778,0.8533333333333334,0.9466666666666667,0.9177777777777779,0.03319973226130328,376
149,0.006168174743652344,0.0042211490222309285,0.04308872222900391,0.0049899414477194495,gini,4,2,4,random,"{'criterion': 'gini', 'max_depth': 4, 'min_samples_leaf': 2, 'min_samples_split': 4, 'splitter': 'random'}",0.9266666666666666,0.9244444444444444,0.9377777777777778,0.8533333333333334,0.9466666666666667,0.9177777777777777,0.033199732261303266,376,0.9173913043478261,0.9360730593607306,0.9191489361702128,0.9704142011834319,0.9427312775330396,0.9371517557190483,0.01925233428901399,352,0.9363636363636364,0.9134199134199135,0.958139534883721,0.7829181494661922,0.9506726457399103,0.9083027759746747,0.06451946984989158,487,0.9377777777777778,0.9111111111111111,0.96,0.7288888888888889,0.9511111111111111,0.8977777777777778,0.08604334250901377,511,0.9155555555555556,0.9377777777777778,0.9155555555555556,0.9777777777777777,0.9422222222222222,0.9377777777777778,0.022835969028737992,328,0.9321266968325792,0.918189730200174,0.9493087557603687,0.815418828762046,0.9489704565801254,0.9128028936270585,0.05005367928191577,346,0.9266666666666667,0.9244444444444444,0.9377777777777778,0.8533333333333333,0.9466666666666667,0.9177777777777777,0.03319973226130331,376,0.8995151515151516,0.8876960076960078,0.9194521963824289,0.7766310794780547,0.9246337817638266,0.8815856433670938,0.05415031366943165,349,0.9266666666666667,0.9244444444444445,0.9377777777777778,0.8533333333333334,0.9466666666666667,0.9177777777777779,0.03319973226130328,376
187,0.00799422264099121,0.005003156013826701,0.061714982986450194,0.021386399703829228,gini,4,9,2,random,"{'criterion': 'gini', 'max_depth': 4, 'min_samples_leaf': 9, 'min_samples_split': 2, 'splitter': 'random'}",0.9244444444444444,0.9355555555555556,0.9355555555555556,0.8533333333333334,0.9466666666666667,0.9191111111111111,0.03363126117758685,370,0.9282511210762332,0.9537037037037037,0.9188034188034188,0.9704142011834319,0.9427312775330396,0.9427807444599654,0.01826988515244752,271,0.920704845814978,0.9188034188034188,0.9537037037037037,0.7829181494661922,0.9506726457399103,0.9053605527056406,0.06292622047218087,502,0.92,0.9155555555555556,0.9555555555555556,0.7288888888888889,0.9511111111111111,0.8942222222222224,0.08420550992206251,526,0.9288888888888889,0.9555555555555556,0.9155555555555556,0.9777777777777777,0.9422222222222222,0.9440000000000002,0.021517721665618137,262,0.9223300970873787,0.9259259259259259,0.945821854912764,0.815418828762046,0.9489704565801254,0.911693432653648,0.04927236054466601,382,0.9244444444444444,0.9355555555555556,0.9355555555555556,0.8533333333333333,0.9466666666666667,0.9191111111111111,0.03363126117758689,370,0.8907880567792462,0.9001899335232668,0.9153909465020575,0.7766310794780547,0.9246337817638266,0.8815267596092905,0.053744186492955724,352,0.9244444444444444,0.9355555555555556,0.9355555555555556,0.8533333333333334,0.9466666666666667,0.9191111111111111,0.03363126117758685,370
189,0.0077209949493408205,0.003314191441161309,0.03879590034484863,0.0043877839943009065,gini,4,9,3,random,"{'criterion': 'gini', 'max_depth': 4, 'min_samples_leaf': 9, 'min_samples_split': 3, 'splitter': 'random'}",0.9244444444444444,0.9355555555555556,0.9355555555555556,0.8533333333333334,0.9466666666666667,0.9191111111111111,0.03363126117758685,370,0.9282511210762332,0.9537037037037037,0.9188034188034188,0.9704142011834319,0.9427312775330396,0.9427807444599654,0.01826988515244752,271,0.920704845814978,0.9188034188034188,0.9537037037037037,0.7829181494661922,0.9506726457399103,0.9053605527056406,0.06292622047218087,502,0.92,0.9155555555555556,0.9555555555555556,0.7288888888888889,0.9511111111111111,0.8942222222222224,0.08420550992206251,526,0.9288888888888889,0.9555555555555556,0.9155555555555556,0.9777777777777777,0.9422222222222222,0.9440000000000002,0.021517721665618137,262,0.9223300970873787,0.9259259259259259,0.945821854912764,0.815418828762046,0.9489704565801254,0.911693432653648,0.04927236054466601,382,0.9244444444444444,0.9355555555555556,0.9355555555555556,0.8533333333333333,0.9466666666666667,0.9191111111111111,0.03363126117758689,370,0.8907880567792462,0.9001899335232668,0.9153909465020575,0.7766310794780547,0.9246337817638266,0.8815267596092905,0.053744186492955724,352,0.9244444444444444,0.9355555555555556,0.9355555555555556,0.8533333333333334,0.9466666666666667,0.9191111111111111,0.03363126117758685,370
191,0.01627326011657715,0.013657499056222827,0.048152494430541995,0.009464584785130348,gini,4,9,4,random,"{'criterion': 'gini', 'max_depth': 4, 'min_samples_leaf': 9, 'min_samples_split': 4, 'splitter': 'random'}",0.9244444444444444,0.9355555555555556,0.9355555555555556,0.8533333333333334,0.9466666666666667,0.9191111111111111,0.03363126117758685,370,0.9282511210762332,0.9537037037037037,0.9188034188034188,0.9704142011834319,0.9427312775330396,0.9427807444599654,0.01826988515244752,271,0.920704845814978,0.9188034188034188,0.9537037037037037,0.7829181494661922,0.9506726457399103,0.9053605527056406,0.06292622047218087,502,0.92,0.9155555555555556,0.9555555555555556,0.7288888888888889,0.9511111111111111,0.8942222222222224,0.08420550992206251,526,0.9288888888888889,0.9555555555555556,0.9155555555555556,0.9777777777777777,0.9422222222222222,0.9440000000000002,0.021517721665618137,262,0.9223300970873787,0.9259259259259259,0.945821854912764,0.815418828762046,0.9489704565801254,0.911693432653648,0.04927236054466601,382,0.9244444444444444,0.9355555555555556,0.9355555555555556,0.8533333333333333,0.9466666666666667,0.9191111111111111,0.03363126117758689,370,0.8907880567792462,0.9001899335232668,0.9153909465020575,0.7766310794780547,0.9246337817638266,0.8815267596092905,0.053744186492955724,352,0.9244444444444444,0.9355555555555556,0.9355555555555556,0.8533333333333334,0.9466666666666667,0.9191111111111111,0.03363126117758685,370
0,0.009222698211669923,0.007773688447217027,0.041536712646484376,0.006431180960999276,gini,1,2,2,best,"{'criterion': 'gini', 'max_depth': 1, 'min_samples_leaf': 2, 'min_samples_split': 2, 'splitter': 'best'}",0.9133333333333333,0.9244444444444444,0.9155555555555556,0.9422222222222222,0.9066666666666666,0.9204444444444444,0.012284688854297997,340,0.9151785714285714,0.95260663507109,0.9192825112107623,0.9585253456221198,0.9420289855072463,0.937524409767958,0.017440799198987732,328,0.911504424778761,0.899581589958159,0.9118942731277533,0.927038626609442,0.8765432098765432,0.9053124248701317,0.016817845471448687,505,0.9111111111111111,0.8933333333333333,0.9111111111111111,0.9244444444444444,0.8666666666666667,0.9013333333333332,0.019955506062794334,481,0.9155555555555556,0.9555555555555556,0.92,0.96,0.9466666666666667,0.9395555555555555,0.018346459947155804,304,0.912311780336581,0.9102455546147333,0.913503971756399,0.9334485738980121,0.8897243107769424,0.9118468382765336,0.01386771485635079,358,0.9133333333333333,0.9244444444444444,0.9155555555555556,0.9422222222222222,0.9066666666666667,0.9204444444444444,0.012284688854297971,340,0.8767551622418879,0.8818224081822408,0.8789427312775331,0.9099570815450644,0.8564609053497942,0.880787657719304,0.01710778564891296,355,0.9133333333333333,0.9244444444444445,0.9155555555555555,0.9422222222222222,0.9066666666666667,0.9204444444444444,0.012284688854297988,340
40,0.006640005111694336,0.004763188478670445,0.0468656063079834,0.009007010955884175,gini,1,8,4,best,"{'criterion': 'gini', 'max_depth': 1, 'min_samples_leaf': 8, 'min_samples_split': 4, 'splitter': 'best'}",0.9133333333333333,0.9244444444444444,0.9155555555555556,0.9422222222222222,0.9066666666666666,0.9204444444444444,0.012284688854297997,340,0.9151785714285714,0.95260663507109,0.9192825112107623,0.9585253456221198,0.9420289855072463,0.937524409767958,0.017440799198987732,328,0.911504424778761,0.899581589958159,0.9118942731277533,0.927038626609442,0.8765432098765432,0.9053124248701317,0.016817845471448687,505,0.9111111111111111,0.8933333333333333,0.9111111111111111,0.9244444444444444,0.8666666666666667,0.9013333333333332,0.019955506062794334,481,0.9155555555555556,0.9555555555555556,0.92,0.96,0.9466666666666667,0.9395555555555555,0.018346459947155804,304,0.912311780336581,0.9102455546147333,0.913503971756399,0.9334485738980121,0.8897243107769424,0.9118468382765336,0.01386771485635079,358,0.9133333333333333,0.9244444444444444,0.9155555555555556,0.9422222222222222,0.9066666666666667,0.9204444444444444,0.012284688854297971,340,0.8767551622418879,0.8818224081822408,0.8789427312775331,0.9099570815450644,0.8564609053497942,0.880787657719304,0.01710778564891296,355,0.9133333333333333,0.9244444444444445,0.9155555555555555,0.9422222222222222,0.9066666666666667,0.9204444444444444,0.012284688854297988,340
22,0.004975748062133789,0.003461804729361808,0.04323844909667969,0.004516888912687952,gini,1,5,4,best,"{'criterion': 'gini', 'max_depth': 1, 'min_samples_leaf': 5, 'min_samples_split': 4, 'splitter': 'best'}",0.9133333333333333,0.9244444444444444,0.9155555555555556,0.9422222222222222,0.9066666666666666,0.9204444444444444,0.012284688854297997,340,0.9151785714285714,0.95260663507109,0.9192825112107623,0.9585253456221198,0.9420289855072463,0.937524409767958,0.017440799198987732,328,0.911504424778761,0.899581589958159,0.9118942731277533,0.927038626609442,0.8765432098765432,0.9053124248701317,0.016817845471448687,505,0.9111111111111111,0.8933333333333333,0.9111111111111111,0.9244444444444444,0.8666666666666667,0.9013333333333332,0.019955506062794334,481,0.9155555555555556,0.9555555555555556,0.92,0.96,0.9466666666666667,0.9395555555555555,0.018346459947155804,304,0.912311780336581,0.9102455546147333,0.913503971756399,0.9334485738980121,0.8897243107769424,0.9118468382765336,0.01386771485635079,358,0.9133333333333333,0.9244444444444444,0.9155555555555556,0.9422222222222222,0.9066666666666667,0.9204444444444444,0.012284688854297971,340,0.8767551622418879,0.8818224081822408,0.8789427312775331,0.9099570815450644,0.8564609053497942,0.880787657719304,0.01710778564891296,355,0.9133333333333333,0.9244444444444445,0.9155555555555555,0.9422222222222222,0.9066666666666667,0.9204444444444444,0.012284688854297988,340
20,0.010438346862792968,0.00043794918192277836,0.03953533172607422,0.004853236366975429,gini,1,5,3,best,"{'criterion': 'gini', 'max_depth': 1, 'min_samples_leaf': 5, 'min_samples_split': 3, 'splitter': 'best'}",0.9133333333333333,0.9244444444444444,0.9155555555555556,0.9422222222222222,0.9066666666666666,0.9204444444444444,0.012284688854297997,340,0.9151785714285714,0.95260663507109,0.9192825112107623,0.9585253456221198,0.9420289855072463,0.937524409767958,0.017440799198987732,328,0.911504424778761,0.899581589958159,0.9118942731277533,0.927038626609442,0.8765432098765432,0.9053124248701317,0.016817845471448687,505,0.9111111111111111,0.8933333333333333,0.9111111111111111,0.9244444444444444,0.8666666666666667,0.9013333333333332,0.019955506062794334,481,0.9155555555555556,0.9555555555555556,0.92,0.96,0.9466666666666667,0.9395555555555555,0.018346459947155804,304,0.912311780336581,0.9102455546147333,0.913503971756399,0.9334485738980121,0.8897243107769424,0.9118468382765336,0.01386771485635079,358,0.9133333333333333,0.9244444444444444,0.9155555555555556,0.9422222222222222,0.9066666666666667,0.9204444444444444,0.012284688854297971,340,0.8767551622418879,0.8818224081822408,0.8789427312775331,0.9099570815450644,0.8564609053497942,0.880787657719304,0.01710778564891296,355,0.9133333333333333,0.9244444444444445,0.9155555555555555,0.9422222222222222,0.9066666666666667,0.9204444444444444,0.012284688854297988,340
26,0.005417919158935547,0.004578619847921011,0.04041299819946289,0.004460764126241981,gini,1,6,3,best,"{'criterion': 'gini', 'max_depth': 1, 'min_samples_leaf': 6, 'min_samples_split': 3, 'splitter': 'best'}",0.9133333333333333,0.9244444444444444,0.9155555555555556,0.9422222222222222,0.9066666666666666,0.9204444444444444,0.012284688854297997,340,0.9151785714285714,0.95260663507109,0.9192825112107623,0.9585253456221198,0.9420289855072463,0.937524409767958,0.017440799198987732,328,0.911504424778761,0.899581589958159,0.9118942731277533,0.927038626609442,0.8765432098765432,0.9053124248701317,0.016817845471448687,505,0.9111111111111111,0.8933333333333333,0.9111111111111111,0.9244444444444444,0.8666666666666667,0.9013333333333332,0.019955506062794334,481,0.9155555555555556,0.9555555555555556,0.92,0.96,0.9466666666666667,0.9395555555555555,0.018346459947155804,304,0.912311780336581,0.9102455546147333,0.913503971756399,0.9334485738980121,0.8897243107769424,0.9118468382765336,0.01386771485635079,358,0.9133333333333333,0.9244444444444444,0.9155555555555556,0.9422222222222222,0.9066666666666667,0.9204444444444444,0.012284688854297971,340,0.8767551622418879,0.8818224081822408,0.8789427312775331,0.9099570815450644,0.8564609053497942,0.880787657719304,0.01710778564891296,355,0.9133333333333333,0.9244444444444445,0.9155555555555555,0.9422222222222222,0.9066666666666667,0.9204444444444444,0.012284688854297988,340
18,0.004918146133422852,0.005935437220837614,0.04690561294555664,0.006528522318005693,gini,1,5,2,best,"{'criterion': 'gini', 'max_depth': 1, 'min_samples_leaf': 5, 'min_samples_split': 2, 'splitter': 'best'}",0.9133333333333333,0.9244444444444444,0.9155555555555556,0.9422222222222222,0.9066666666666666,0.9204444444444444,0.012284688854297997,340,0.9151785714285714,0.95260663507109,0.9192825112107623,0.9585253456221198,0.9420289855072463,0.937524409767958,0.017440799198987732,328,0.911504424778761,0.899581589958159,0.9118942731277533,0.927038626609442,0.8765432098765432,0.9053124248701317,0.016817845471448687,505,0.9111111111111111,0.8933333333333333,0.9111111111111111,0.9244444444444444,0.8666666666666667,0.9013333333333332,0.019955506062794334,481,0.9155555555555556,0.9555555555555556,0.92,0.96,0.9466666666666667,0.9395555555555555,0.018346459947155804,304,0.912311780336581,0.9102455546147333,0.913503971756399,0.9334485738980121,0.8897243107769424,0.9118468382765336,0.01386771485635079,358,0.9133333333333333,0.9244444444444444,0.9155555555555556,0.9422222222222222,0.9066666666666667,0.9204444444444444,0.012284688854297971,340,0.8767551622418879,0.8818224081822408,0.8789427312775331,0.9099570815450644,0.8564609053497942,0.880787657719304,0.01710778564891296,355,0.9133333333333333,0.9244444444444445,0.9155555555555555,0.9422222222222222,0.9066666666666667,0.9204444444444444,0.012284688854297988,340
28,0.011208295822143555,0.0028092498071993722,0.039376258850097656,0.004554849422637827,gini,1,6,4,best,"{'criterion': 'gini', 'max_depth': 1, 'min_samples_leaf': 6, 'min_samples_split': 4, 'splitter': 'best'}",0.9133333333333333,0.9244444444444444,0.9155555555555556,0.9422222222222222,0.9066666666666666,0.9204444444444444,0.012284688854297997,340,0.9151785714285714,0.95260663507109,0.9192825112107623,0.9585253456221198,0.9420289855072463,0.937524409767958,0.017440799198987732,328,0.911504424778761,0.899581589958159,0.9118942731277533,0.927038626609442,0.8765432098765432,0.9053124248701317,0.016817845471448687,505,0.9111111111111111,0.8933333333333333,0.9111111111111111,0.9244444444444444,0.8666666666666667,0.9013333333333332,0.019955506062794334,481,0.9155555555555556,0.9555555555555556,0.92,0.96,0.9466666666666667,0.9395555555555555,0.018346459947155804,304,0.912311780336581,0.9102455546147333,0.913503971756399,0.9334485738980121,0.8897243107769424,0.9118468382765336,0.01386771485635079,358,0.9133333333333333,0.9244444444444444,0.9155555555555556,0.9422222222222222,0.9066666666666667,0.9204444444444444,0.012284688854297971,340,0.8767551622418879,0.8818224081822408,0.8789427312775331,0.9099570815450644,0.8564609053497942,0.880787657719304,0.01710778564891296,355,0.9133333333333333,0.9244444444444445,0.9155555555555555,0.9422222222222222,0.9066666666666667,0.9204444444444444,0.012284688854297988,340
16,0.007448863983154297,0.0023662852706904866,0.03824014663696289,0.004564081455773735,gini,1,4,4,best,"{'criterion': 'gini', 'max_depth': 1, 'min_samples_leaf': 4, 'min_samples_split': 4, 'splitter': 'best'}",0.9133333333333333,0.9244444444444444,0.9155555555555556,0.9422222222222222,0.9066666666666666,0.9204444444444444,0.012284688854297997,340,0.9151785714285714,0.95260663507109,0.9192825112107623,0.9585253456221198,0.9420289855072463,0.937524409767958,0.017440799198987732,328,0.911504424778761,0.899581589958159,0.9118942731277533,0.927038626609442,0.8765432098765432,0.9053124248701317,0.016817845471448687,505,0.9111111111111111,0.8933333333333333,0.9111111111111111,0.9244444444444444,0.8666666666666667,0.9013333333333332,0.019955506062794334,481,0.9155555555555556,0.9555555555555556,0.92,0.96,0.9466666666666667,0.9395555555555555,0.018346459947155804,304,0.912311780336581,0.9102455546147333,0.913503971756399,0.9334485738980121,0.8897243107769424,0.9118468382765336,0.01386771485635079,358,0.9133333333333333,0.9244444444444444,0.9155555555555556,0.9422222222222222,0.9066666666666667,0.9204444444444444,0.012284688854297971,340,0.8767551622418879,0.8818224081822408,0.8789427312775331,0.9099570815450644,0.8564609053497942,0.880787657719304,0.01710778564891296,355,0.9133333333333333,0.9244444444444445,0.9155555555555555,0.9422222222222222,0.9066666666666667,0.9204444444444444,0.012284688854297988,340
30,0.008816194534301759,0.0016570985715037598,0.045323753356933595,0.00839324492094838,gini,1,7,2,best,"{'criterion': 'gini', 'max_depth': 1, 'min_samples_leaf': 7, 'min_samples_split': 2, 'splitter': 'best'}",0.9133333333333333,0.9244444444444444,0.9155555555555556,0.9422222222222222,0.9066666666666666,0.9204444444444444,0.012284688854297997,340,0.9151785714285714,0.95260663507109,0.9192825112107623,0.9585253456221198,0.9420289855072463,0.937524409767958,0.017440799198987732,328,0.911504424778761,0.899581589958159,0.9118942731277533,0.927038626609442,0.8765432098765432,0.9053124248701317,0.016817845471448687,505,0.9111111111111111,0.8933333333333333,0.9111111111111111,0.9244444444444444,0.8666666666666667,0.9013333333333332,0.019955506062794334,481,0.9155555555555556,0.9555555555555556,0.92,0.96,0.9466666666666667,0.9395555555555555,0.018346459947155804,304,0.912311780336581,0.9102455546147333,0.913503971756399,0.9334485738980121,0.8897243107769424,0.9118468382765336,0.01386771485635079,358,0.9133333333333333,0.9244444444444444,0.9155555555555556,0.9422222222222222,0.9066666666666667,0.9204444444444444,0.012284688854297971,340,0.8767551622418879,0.8818224081822408,0.8789427312775331,0.9099570815450644,0.8564609053497942,0.880787657719304,0.01710778564891296,355,0.9133333333333333,0.9244444444444445,0.9155555555555555,0.9422222222222222,0.9066666666666667,0.9204444444444444,0.012284688854297988,340
14,0.008312177658081055,0.003120201091044452,0.041425037384033206,0.0005148049634515101,gini,1,4,3,best,"{'criterion': 'gini', 'max_depth': 1, 'min_samples_leaf': 4, 'min_samples_split': 3, 'splitter': 'best'}",0.9133333333333333,0.9244444444444444,0.9155555555555556,0.9422222222222222,0.9066666666666666,0.9204444444444444,0.012284688854297997,340,0.9151785714285714,0.95260663507109,0.9192825112107623,0.9585253456221198,0.9420289855072463,0.937524409767958,0.017440799198987732,328,0.911504424778761,0.899581589958159,0.9118942731277533,0.927038626609442,0.8765432098765432,0.9053124248701317,0.016817845471448687,505,0.9111111111111111,0.8933333333333333,0.9111111111111111,0.9244444444444444,0.8666666666666667,0.9013333333333332,0.019955506062794334,481,0.9155555555555556,0.9555555555555556,0.92,0.96,0.9466666666666667,0.9395555555555555,0.018346459947155804,304,0.912311780336581,0.9102455546147333,0.913503971756399,0.9334485738980121,0.8897243107769424,0.9118468382765336,0.01386771485635079,358,0.9133333333333333,0.9244444444444444,0.9155555555555556,0.9422222222222222,0.9066666666666667,0.9204444444444444,0.012284688854297971,340,0.8767551622418879,0.8818224081822408,0.8789427312775331,0.9099570815450644,0.8564609053497942,0.880787657719304,0.01710778564891296,355,0.9133333333333333,0.9244444444444445,0.9155555555555555,0.9422222222222222,0.9066666666666667,0.9204444444444444,0.012284688854297988,340
32,0.006001663208007812,0.004615222362304964,0.03992905616760254,0.006888509842993926,gini,1,7,3,best,"{'criterion': 'gini', 'max_depth': 1, 'min_samples_leaf': 7, 'min_samples_split': 3, 'splitter': 'best'}",0.9133333333333333,0.9244444444444444,0.9155555555555556,0.9422222222222222,0.9066666666666666,0.9204444444444444,0.012284688854297997,340,0.9151785714285714,0.95260663507109,0.9192825112107623,0.9585253456221198,0.9420289855072463,0.937524409767958,0.017440799198987732,328,0.911504424778761,0.899581589958159,0.9118942731277533,0.927038626609442,0.8765432098765432,0.9053124248701317,0.016817845471448687,505,0.9111111111111111,0.8933333333333333,0.9111111111111111,0.9244444444444444,0.8666666666666667,0.9013333333333332,0.019955506062794334,481,0.9155555555555556,0.9555555555555556,0.92,0.96,0.9466666666666667,0.9395555555555555,0.018346459947155804,304,0.912311780336581,0.9102455546147333,0.913503971756399,0.9334485738980121,0.8897243107769424,0.9118468382765336,0.01386771485635079,358,0.9133333333333333,0.9244444444444444,0.9155555555555556,0.9422222222222222,0.9066666666666667,0.9204444444444444,0.012284688854297971,340,0.8767551622418879,0.8818224081822408,0.8789427312775331,0.9099570815450644,0.8564609053497942,0.880787657719304,0.01710778564891296,355,0.9133333333333333,0.9244444444444445,0.9155555555555555,0.9422222222222222,0.9066666666666667,0.9204444444444444,0.012284688854297988,340
24,0.007923412322998046,0.001327017613653724,0.03943743705749512,0.005325828076624801,gini,1,6,2,best,"{'criterion': 'gini', 'max_depth': 1, 'min_samples_leaf': 6, 'min_samples_split': 2, 'splitter': 'best'}",0.9133333333333333,0.9244444444444444,0.9155555555555556,0.9422222222222222,0.9066666666666666,0.9204444444444444,0.012284688854297997,340,0.9151785714285714,0.95260663507109,0.9192825112107623,0.9585253456221198,0.9420289855072463,0.937524409767958,0.017440799198987732,328,0.911504424778761,0.899581589958159,0.9118942731277533,0.927038626609442,0.8765432098765432,0.9053124248701317,0.016817845471448687,505,0.9111111111111111,0.8933333333333333,0.9111111111111111,0.9244444444444444,0.8666666666666667,0.9013333333333332,0.019955506062794334,481,0.9155555555555556,0.9555555555555556,0.92,0.96,0.9466666666666667,0.9395555555555555,0.018346459947155804,304,0.912311780336581,0.9102455546147333,0.913503971756399,0.9334485738980121,0.8897243107769424,0.9118468382765336,0.01386771485635079,358,0.9133333333333333,0.9244444444444444,0.9155555555555556,0.9422222222222222,0.9066666666666667,0.9204444444444444,0.012284688854297971,340,0.8767551622418879,0.8818224081822408,0.8789427312775331,0.9099570815450644,0.8564609053497942,0.880787657719304,0.01710778564891296,355,0.9133333333333333,0.9244444444444445,0.9155555555555555,0.9422222222222222,0.9066666666666667,0.9204444444444444,0.012284688854297988,340
12,0.008592367172241211,0.0028383347385723475,0.04062075614929199,0.004589798193733872,gini,1,4,2,best,"{'criterion': 'gini', 'max_depth': 1, 'min_samples_leaf': 4, 'min_samples_split': 2, 'splitter': 'best'}",0.9133333333333333,0.9244444444444444,0.9155555555555556,0.9422222222222222,0.9066666666666666,0.9204444444444444,0.012284688854297997,340,0.9151785714285714,0.95260663507109,0.9192825112107623,0.9585253456221198,0.9420289855072463,0.937524409767958,0.017440799198987732,328,0.911504424778761,0.899581589958159,0.9118942731277533,0.927038626609442,0.8765432098765432,0.9053124248701317,0.016817845471448687,505,0.9111111111111111,0.8933333333333333,0.9111111111111111,0.9244444444444444,0.8666666666666667,0.9013333333333332,0.019955506062794334,481,0.9155555555555556,0.9555555555555556,0.92,0.96,0.9466666666666667,0.9395555555555555,0.018346459947155804,304,0.912311780336581,0.9102455546147333,0.913503971756399,0.9334485738980121,0.8897243107769424,0.9118468382765336,0.01386771485635079,358,0.9133333333333333,0.9244444444444444,0.9155555555555556,0.9422222222222222,0.9066666666666667,0.9204444444444444,0.012284688854297971,340,0.8767551622418879,0.8818224081822408,0.8789427312775331,0.9099570815450644,0.8564609053497942,0.880787657719304,0.01710778564891296,355,0.9133333333333333,0.9244444444444445,0.9155555555555555,0.9422222222222222,0.9066666666666667,0.9204444444444444,0.012284688854297988,340
10,0.010707902908325195,0.003278334489736833,0.03846187591552734,0.0029860253502251386,gini,1,3,4,best,"{'criterion': 'gini', 'max_depth': 1, 'min_samples_leaf': 3, 'min_samples_split': 4, 'splitter': 'best'}",0.9133333333333333,0.9244444444444444,0.9155555555555556,0.9422222222222222,0.9066666666666666,0.9204444444444444,0.012284688854297997,340,0.9151785714285714,0.95260663507109,0.9192825112107623,0.9585253456221198,0.9420289855072463,0.937524409767958,0.017440799198987732,328,0.911504424778761,0.899581589958159,0.9118942731277533,0.927038626609442,0.8765432098765432,0.9053124248701317,0.016817845471448687,505,0.9111111111111111,0.8933333333333333,0.9111111111111111,0.9244444444444444,0.8666666666666667,0.9013333333333332,0.019955506062794334,481,0.9155555555555556,0.9555555555555556,0.92,0.96,0.9466666666666667,0.9395555555555555,0.018346459947155804,304,0.912311780336581,0.9102455546147333,0.913503971756399,0.9334485738980121,0.8897243107769424,0.9118468382765336,0.01386771485635079,358,0.9133333333333333,0.9244444444444444,0.9155555555555556,0.9422222222222222,0.9066666666666667,0.9204444444444444,0.012284688854297971,340,0.8767551622418879,0.8818224081822408,0.8789427312775331,0.9099570815450644,0.8564609053497942,0.880787657719304,0.01710778564891296,355,0.9133333333333333,0.9244444444444445,0.9155555555555555,0.9422222222222222,0.9066666666666667,0.9204444444444444,0.012284688854297988,340
34,0.0050869941711425785,0.0035186476539020672,0.04412093162536621,0.004452105996744543,gini,1,7,4,best,"{'criterion': 'gini', 'max_depth': 1, 'min_samples_leaf': 7, 'min_samples_split': 4, 'splitter': 'best'}",0.9133333333333333,0.9244444444444444,0.9155555555555556,0.9422222222222222,0.9066666666666666,0.9204444444444444,0.012284688854297997,340,0.9151785714285714,0.95260663507109,0.9192825112107623,0.9585253456221198,0.9420289855072463,0.937524409767958,0.017440799198987732,328,0.911504424778761,0.899581589958159,0.9118942731277533,0.927038626609442,0.8765432098765432,0.9053124248701317,0.016817845471448687,505,0.9111111111111111,0.8933333333333333,0.9111111111111111,0.9244444444444444,0.8666666666666667,0.9013333333333332,0.019955506062794334,481,0.9155555555555556,0.9555555555555556,0.92,0.96,0.9466666666666667,0.9395555555555555,0.018346459947155804,304,0.912311780336581,0.9102455546147333,0.913503971756399,0.9334485738980121,0.8897243107769424,0.9118468382765336,0.01386771485635079,358,0.9133333333333333,0.9244444444444444,0.9155555555555556,0.9422222222222222,0.9066666666666667,0.9204444444444444,0.012284688854297971,340,0.8767551622418879,0.8818224081822408,0.8789427312775331,0.9099570815450644,0.8564609053497942,0.880787657719304,0.01710778564891296,355,0.9133333333333333,0.9244444444444445,0.9155555555555555,0.9422222222222222,0.9066666666666667,0.9204444444444444,0.012284688854297988,340
8,0.011095809936523437,0.004359335699690089,0.040671253204345705,0.005600570185004999,gini,1,3,3,best,"{'criterion': 'gini', 'max_depth': 1, 'min_samples_leaf': 3, 'min_samples_split': 3, 'splitter': 'best'}",0.9133333333333333,0.9244444444444444,0.9155555555555556,0.9422222222222222,0.9066666666666666,0.9204444444444444,0.012284688854297997,340,0.9151785714285714,0.95260663507109,0.9192825112107623,0.9585253456221198,0.9420289855072463,0.937524409767958,0.017440799198987732,328,0.911504424778761,0.899581589958159,0.9118942731277533,0.927038626609442,0.8765432098765432,0.9053124248701317,0.016817845471448687,505,0.9111111111111111,0.8933333333333333,0.9111111111111111,0.9244444444444444,0.8666666666666667,0.9013333333333332,0.019955506062794334,481,0.9155555555555556,0.9555555555555556,0.92,0.96,0.9466666666666667,0.9395555555555555,0.018346459947155804,304,0.912311780336581,0.9102455546147333,0.913503971756399,0.9334485738980121,0.8897243107769424,0.9118468382765336,0.01386771485635079,358,0.9133333333333333,0.9244444444444444,0.9155555555555556,0.9422222222222222,0.9066666666666667,0.9204444444444444,0.012284688854297971,340,0.8767551622418879,0.8818224081822408,0.8789427312775331,0.9099570815450644,0.8564609053497942,0.880787657719304,0.01710778564891296,355,0.9133333333333333,0.9244444444444445,0.9155555555555555,0.9422222222222222,0.9066666666666667,0.9204444444444444,0.012284688854297988,340
44,0.004867696762084961,0.003335180646493683,0.040816640853881835,0.005891994271742366,gini,1,9,3,best,"{'criterion': 'gini', 'max_depth': 1, 'min_samples_leaf': 9, 'min_samples_split': 3, 'splitter': 'best'}",0.9133333333333333,0.9244444444444444,0.9155555555555556,0.9422222222222222,0.9066666666666666,0.9204444444444444,0.012284688854297997,340,0.9151785714285714,0.95260663507109,0.9192825112107623,0.9585253456221198,0.9420289855072463,0.937524409767958,0.017440799198987732,328,0.911504424778761,0.899581589958159,0.9118942731277533,0.927038626609442,0.8765432098765432,0.9053124248701317,0.016817845471448687,505,0.9111111111111111,0.8933333333333333,0.9111111111111111,0.9244444444444444,0.8666666666666667,0.9013333333333332,0.019955506062794334,481,0.9155555555555556,0.9555555555555556,0.92,0.96,0.9466666666666667,0.9395555555555555,0.018346459947155804,304,0.912311780336581,0.9102455546147333,0.913503971756399,0.9334485738980121,0.8897243107769424,0.9118468382765336,0.01386771485635079,358,0.9133333333333333,0.9244444444444444,0.9155555555555556,0.9422222222222222,0.9066666666666667,0.9204444444444444,0.012284688854297971,340,0.8767551622418879,0.8818224081822408,0.8789427312775331,0.9099570815450644,0.8564609053497942,0.880787657719304,0.01710778564891296,355,0.9133333333333333,0.9244444444444445,0.9155555555555555,0.9422222222222222,0.9066666666666667,0.9204444444444444,0.012284688854297988,340
6,0.010669136047363281,0.002852031046508346,0.04088778495788574,0.003408116108926648,gini,1,3,2,best,"{'criterion': 'gini', 'max_depth': 1, 'min_samples_leaf': 3, 'min_samples_split': 2, 'splitter': 'best'}",0.9133333333333333,0.9244444444444444,0.9155555555555556,0.9422222222222222,0.9066666666666666,0.9204444444444444,0.012284688854297997,340,0.9151785714285714,0.95260663507109,0.9192825112107623,0.9585253456221198,0.9420289855072463,0.937524409767958,0.017440799198987732,328,0.911504424778761,0.899581589958159,0.9118942731277533,0.927038626609442,0.8765432098765432,0.9053124248701317,0.016817845471448687,505,0.9111111111111111,0.8933333333333333,0.9111111111111111,0.9244444444444444,0.8666666666666667,0.9013333333333332,0.019955506062794334,481,0.9155555555555556,0.9555555555555556,0.92,0.96,0.9466666666666667,0.9395555555555555,0.018346459947155804,304,0.912311780336581,0.9102455546147333,0.913503971756399,0.9334485738980121,0.8897243107769424,0.9118468382765336,0.01386771485635079,358,0.9133333333333333,0.9244444444444444,0.9155555555555556,0.9422222222222222,0.9066666666666667,0.9204444444444444,0.012284688854297971,340,0.8767551622418879,0.8818224081822408,0.8789427312775331,0.9099570815450644,0.8564609053497942,0.880787657719304,0.01710778564891296,355,0.9133333333333333,0.9244444444444445,0.9155555555555555,0.9422222222222222,0.9066666666666667,0.9204444444444444,0.012284688854297988,340
36,0.008997249603271484,0.00520934717054135,0.04019293785095215,0.004636454396780267,gini,1,8,2,best,"{'criterion': 'gini', 'max_depth': 1, 'min_samples_leaf': 8, 'min_samples_split': 2, 'splitter': 'best'}",0.9133333333333333,0.9244444444444444,0.9155555555555556,0.9422222222222222,0.9066666666666666,0.9204444444444444,0.012284688854297997,340,0.9151785714285714,0.95260663507109,0.9192825112107623,0.9585253456221198,0.9420289855072463,0.937524409767958,0.017440799198987732,328,0.911504424778761,0.899581589958159,0.9118942731277533,0.927038626609442,0.8765432098765432,0.9053124248701317,0.016817845471448687,505,0.9111111111111111,0.8933333333333333,0.9111111111111111,0.9244444444444444,0.8666666666666667,0.9013333333333332,0.019955506062794334,481,0.9155555555555556,0.9555555555555556,0.92,0.96,0.9466666666666667,0.9395555555555555,0.018346459947155804,304,0.912311780336581,0.9102455546147333,0.913503971756399,0.9334485738980121,0.8897243107769424,0.9118468382765336,0.01386771485635079,358,0.9133333333333333,0.9244444444444444,0.9155555555555556,0.9422222222222222,0.9066666666666667,0.9204444444444444,0.012284688854297971,340,0.8767551622418879,0.8818224081822408,0.8789427312775331,0.9099570815450644,0.8564609053497942,0.880787657719304,0.01710778564891296,355,0.9133333333333333,0.9244444444444445,0.9155555555555555,0.9422222222222222,0.9066666666666667,0.9204444444444444,0.012284688854297988,340
4,0.006994009017944336,0.004100109316709703,0.04023561477661133,0.0023598008523254455,gini,1,2,4,best,"{'criterion': 'gini', 'max_depth': 1, 'min_samples_leaf': 2, 'min_samples_split': 4, 'splitter': 'best'}",0.9133333333333333,0.9244444444444444,0.9155555555555556,0.9422222222222222,0.9066666666666666,0.9204444444444444,0.012284688854297997,340,0.9151785714285714,0.95260663507109,0.9192825112107623,0.9585253456221198,0.9420289855072463,0.937524409767958,0.017440799198987732,328,0.911504424778761,0.899581589958159,0.9118942731277533,0.927038626609442,0.8765432098765432,0.9053124248701317,0.016817845471448687,505,0.9111111111111111,0.8933333333333333,0.9111111111111111,0.9244444444444444,0.8666666666666667,0.9013333333333332,0.019955506062794334,481,0.9155555555555556,0.9555555555555556,0.92,0.96,0.9466666666666667,0.9395555555555555,0.018346459947155804,304,0.912311780336581,0.9102455546147333,0.913503971756399,0.9334485738980121,0.8897243107769424,0.9118468382765336,0.01386771485635079,358,0.9133333333333333,0.9244444444444444,0.9155555555555556,0.9422222222222222,0.9066666666666667,0.9204444444444444,0.012284688854297971,340,0.8767551622418879,0.8818224081822408,0.8789427312775331,0.9099570815450644,0.8564609053497942,0.880787657719304,0.01710778564891296,355,0.9133333333333333,0.9244444444444445,0.9155555555555555,0.9422222222222222,0.9066666666666667,0.9204444444444444,0.012284688854297988,340
42,0.011834001541137696,0.002219524237953605,0.037508916854858396,0.003818771312887517,gini,1,9,2,best,"{'criterion': 'gini', 'max_depth': 1, 'min_samples_leaf': 9, 'min_samples_split': 2, 'splitter': 'best'}",0.9133333333333333,0.9244444444444444,0.9155555555555556,0.9422222222222222,0.9066666666666666,0.9204444444444444,0.012284688854297997,340,0.9151785714285714,0.95260663507109,0.9192825112107623,0.9585253456221198,0.9420289855072463,0.937524409767958,0.017440799198987732,328,0.911504424778761,0.899581589958159,0.9118942731277533,0.927038626609442,0.8765432098765432,0.9053124248701317,0.016817845471448687,505,0.9111111111111111,0.8933333333333333,0.9111111111111111,0.9244444444444444,0.8666666666666667,0.9013333333333332,0.019955506062794334,481,0.9155555555555556,0.9555555555555556,0.92,0.96,0.9466666666666667,0.9395555555555555,0.018346459947155804,304,0.912311780336581,0.9102455546147333,0.913503971756399,0.9334485738980121,0.8897243107769424,0.9118468382765336,0.01386771485635079,358,0.9133333333333333,0.9244444444444444,0.9155555555555556,0.9422222222222222,0.9066666666666667,0.9204444444444444,0.012284688854297971,340,0.8767551622418879,0.8818224081822408,0.8789427312775331,0.9099570815450644,0.8564609053497942,0.880787657719304,0.01710778564891296,355,0.9133333333333333,0.9244444444444445,0.9155555555555555,0.9422222222222222,0.9066666666666667,0.9204444444444444,0.012284688854297988,340
2,0.008846807479858398,0.004996467042067236,0.041257619857788086,0.013275506789563086,gini,1,2,3,best,"{'criterion': 'gini', 'max_depth': 1, 'min_samples_leaf': 2, 'min_samples_split': 3, 'splitter': 'best'}",0.9133333333333333,0.9244444444444444,0.9155555555555556,0.9422222222222222,0.9066666666666666,0.9204444444444444,0.012284688854297997,340,0.9151785714285714,0.95260663507109,0.9192825112107623,0.9585253456221198,0.9420289855072463,0.937524409767958,0.017440799198987732,328,0.911504424778761,0.899581589958159,0.9118942731277533,0.927038626609442,0.8765432098765432,0.9053124248701317,0.016817845471448687,505,0.9111111111111111,0.8933333333333333,0.9111111111111111,0.9244444444444444,0.8666666666666667,0.9013333333333332,0.019955506062794334,481,0.9155555555555556,0.9555555555555556,0.92,0.96,0.9466666666666667,0.9395555555555555,0.018346459947155804,304,0.912311780336581,0.9102455546147333,0.913503971756399,0.9334485738980121,0.8897243107769424,0.9118468382765336,0.01386771485635079,358,0.9133333333333333,0.9244444444444444,0.9155555555555556,0.9422222222222222,0.9066666666666667,0.9204444444444444,0.012284688854297971,340,0.8767551622418879,0.8818224081822408,0.8789427312775331,0.9099570815450644,0.8564609053497942,0.880787657719304,0.01710778564891296,355,0.9133333333333333,0.9244444444444445,0.9155555555555555,0.9422222222222222,0.9066666666666667,0.9204444444444444,0.012284688854297988,340
38,0.00503072738647461,0.0017591676986975662,0.043066978454589844,0.009043447178288063,gini,1,8,3,best,"{'criterion': 'gini', 'max_depth': 1, 'min_samples_leaf': 8, 'min_samples_split': 3, 'splitter': 'best'}",0.9133333333333333,0.9244444444444444,0.9155555555555556,0.9422222222222222,0.9066666666666666,0.9204444444444444,0.012284688854297997,340,0.9151785714285714,0.95260663507109,0.9192825112107623,0.9585253456221198,0.9420289855072463,0.937524409767958,0.017440799198987732,328,0.911504424778761,0.899581589958159,0.9118942731277533,0.927038626609442,0.8765432098765432,0.9053124248701317,0.016817845471448687,505,0.9111111111111111,0.8933333333333333,0.9111111111111111,0.9244444444444444,0.8666666666666667,0.9013333333333332,0.019955506062794334,481,0.9155555555555556,0.9555555555555556,0.92,0.96,0.9466666666666667,0.9395555555555555,0.018346459947155804,304,0.912311780336581,0.9102455546147333,0.913503971756399,0.9334485738980121,0.8897243107769424,0.9118468382765336,0.01386771485635079,358,0.9133333333333333,0.9244444444444444,0.9155555555555556,0.9422222222222222,0.9066666666666667,0.9204444444444444,0.012284688854297971,340,0.8767551622418879,0.8818224081822408,0.8789427312775331,0.9099570815450644,0.8564609053497942,0.880787657719304,0.01710778564891296,355,0.9133333333333333,0.9244444444444445,0.9155555555555555,0.9422222222222222,0.9066666666666667,0.9204444444444444,0.012284688854297988,340
46,0.007536649703979492,0.004238839558213409,0.04404239654541016,0.0033506452504510555,gini,1,9,4,best,"{'criterion': 'gini', 'max_depth': 1, 'min_samples_leaf': 9, 'min_samples_split': 4, 'splitter': 'best'}",0.9133333333333333,0.9244444444444444,0.9155555555555556,0.9422222222222222,0.9066666666666666,0.9204444444444444,0.012284688854297997,340,0.9151785714285714,0.95260663507109,0.9192825112107623,0.9585253456221198,0.9420289855072463,0.937524409767958,0.017440799198987732,328,0.911504424778761,0.899581589958159,0.9118942731277533,0.927038626609442,0.8765432098765432,0.9053124248701317,0.016817845471448687,505,0.9111111111111111,0.8933333333333333,0.9111111111111111,0.9244444444444444,0.8666666666666667,0.9013333333333332,0.019955506062794334,481,0.9155555555555556,0.9555555555555556,0.92,0.96,0.9466666666666667,0.9395555555555555,0.018346459947155804,304,0.912311780336581,0.9102455546147333,0.913503971756399,0.9334485738980121,0.8897243107769424,0.9118468382765336,0.01386771485635079,358,0.9133333333333333,0.9244444444444444,0.9155555555555556,0.9422222222222222,0.9066666666666667,0.9204444444444444,0.012284688854297971,340,0.8767551622418879,0.8818224081822408,0.8789427312775331,0.9099570815450644,0.8564609053497942,0.880787657719304,0.01710778564891296,355,0.9133333333333333,0.9244444444444445,0.9155555555555555,0.9422222222222222,0.9066666666666667,0.9204444444444444,0.012284688854297988,340
151,0.007462358474731446,0.005165410731524131,0.0484257698059082,0.004503035917927445,gini,4,3,2,random,"{'criterion': 'gini', 'max_depth': 4, 'min_samples_leaf': 3, 'min_samples_split': 2, 'splitter': 'random'}",0.9266666666666666,0.9244444444444444,0.9355555555555556,0.8533333333333334,0.9466666666666667,0.9173333333333333,0.032942898595922504,379,0.9173913043478261,0.9360730593607306,0.9188034188034188,0.9704142011834319,0.9427312775330396,0.9370826522456894,0.01931733914021849,355,0.9363636363636364,0.9134199134199135,0.9537037037037037,0.7829181494661922,0.9506726457399103,0.9074156097386712,0.06385517415057598,490,0.9377777777777778,0.9111111111111111,0.9555555555555556,0.7288888888888889,0.9511111111111111,0.896888888888889,0.0854166260162505,514,0.9155555555555556,0.9377777777777778,0.9155555555555556,0.9777777777777777,0.9422222222222222,0.9377777777777778,0.022835969028737992,328,0.9321266968325792,0.918189730200174,0.945821854912764,0.815418828762046,0.9489704565801254,0.9121055134575377,0.0495620745874724,352,0.9266666666666667,0.9244444444444444,0.9355555555555556,0.8533333333333333,0.9466666666666667,0.9173333333333332,0.03294289859592255,379,0.8995151515151516,0.8876960076960078,0.9153909465020575,0.7766310794780547,0.9246337817638266,0.8807733933910196,0.053603929492444156,379,0.9266666666666667,0.9244444444444445,0.9355555555555556,0.8533333333333334,0.9466666666666667,0.9173333333333333,0.03294289859592252,379
155,0.007839822769165039,0.00307146754618845,0.04193263053894043,0.0049060427295626,gini,4,3,4,random,"{'criterion': 'gini', 'max_depth': 4, 'min_samples_leaf': 3, 'min_samples_split': 4, 'splitter': 'random'}",0.9266666666666666,0.9244444444444444,0.9355555555555556,0.8533333333333334,0.9466666666666667,0.9173333333333333,0.032942898595922504,379,0.9173913043478261,0.9360730593607306,0.9188034188034188,0.9704142011834319,0.9427312775330396,0.9370826522456894,0.01931733914021849,355,0.9363636363636364,0.9134199134199135,0.9537037037037037,0.7829181494661922,0.9506726457399103,0.9074156097386712,0.06385517415057598,490,0.9377777777777778,0.9111111111111111,0.9555555555555556,0.7288888888888889,0.9511111111111111,0.896888888888889,0.0854166260162505,514,0.9155555555555556,0.9377777777777778,0.9155555555555556,0.9777777777777777,0.9422222222222222,0.9377777777777778,0.022835969028737992,328,0.9321266968325792,0.918189730200174,0.945821854912764,0.815418828762046,0.9489704565801254,0.9121055134575377,0.0495620745874724,352,0.9266666666666667,0.9244444444444444,0.9355555555555556,0.8533333333333333,0.9466666666666667,0.9173333333333332,0.03294289859592255,379,0.8995151515151516,0.8876960076960078,0.9153909465020575,0.7766310794780547,0.9246337817638266,0.8807733933910196,0.053603929492444156,379,0.9266666666666667,0.9244444444444445,0.9355555555555556,0.8533333333333334,0.9466666666666667,0.9173333333333333,0.03294289859592252,379
153,0.005732679367065429,0.0024877229888638293,0.04236960411071777,0.0033509165207089102,gini,4,3,3,random,"{'criterion': 'gini', 'max_depth': 4, 'min_samples_leaf': 3, 'min_samples_split': 3, 'splitter': 'random'}",0.9266666666666666,0.9244444444444444,0.9355555555555556,0.8533333333333334,0.9466666666666667,0.9173333333333333,0.032942898595922504,379,0.9173913043478261,0.9360730593607306,0.9188034188034188,0.9704142011834319,0.9427312775330396,0.9370826522456894,0.01931733914021849,355,0.9363636363636364,0.9134199134199135,0.9537037037037037,0.7829181494661922,0.9506726457399103,0.9074156097386712,0.06385517415057598,490,0.9377777777777778,0.9111111111111111,0.9555555555555556,0.7288888888888889,0.9511111111111111,0.896888888888889,0.0854166260162505,514,0.9155555555555556,0.9377777777777778,0.9155555555555556,0.9777777777777777,0.9422222222222222,0.9377777777777778,0.022835969028737992,328,0.9321266968325792,0.918189730200174,0.945821854912764,0.815418828762046,0.9489704565801254,0.9121055134575377,0.0495620745874724,352,0.9266666666666667,0.9244444444444444,0.9355555555555556,0.8533333333333333,0.9466666666666667,0.9173333333333332,0.03294289859592255,379,0.8995151515151516,0.8876960076960078,0.9153909465020575,0.7766310794780547,0.9246337817638266,0.8807733933910196,0.053603929492444156,379,0.9266666666666667,0.9244444444444445,0.9355555555555556,0.8533333333333334,0.9466666666666667,0.9173333333333333,0.03294289859592252,379
159,0.013067388534545898,0.01096977839933503,0.04764556884765625,0.0074066952821427905,gini,4,4,3,random,"{'criterion': 'gini', 'max_depth': 4, 'min_samples_leaf': 4, 'min_samples_split': 3, 'splitter': 'random'}",0.9266666666666666,0.9244444444444444,0.9355555555555556,0.8533333333333334,0.9466666666666667,0.9173333333333333,0.032942898595922504,379,0.9173913043478261,0.9360730593607306,0.9188034188034188,0.9704142011834319,0.9427312775330396,0.9370826522456894,0.01931733914021849,355,0.9363636363636364,0.9134199134199135,0.9537037037037037,0.7829181494661922,0.9506726457399103,0.9074156097386712,0.06385517415057598,490,0.9377777777777778,0.9111111111111111,0.9555555555555556,0.7288888888888889,0.9511111111111111,0.896888888888889,0.0854166260162505,514,0.9155555555555556,0.9377777777777778,0.9155555555555556,0.9777777777777777,0.9422222222222222,0.9377777777777778,0.022835969028737992,328,0.9321266968325792,0.918189730200174,0.945821854912764,0.815418828762046,0.9489704565801254,0.9121055134575377,0.0495620745874724,352,0.9266666666666667,0.9244444444444444,0.9355555555555556,0.8533333333333333,0.9466666666666667,0.9173333333333332,0.03294289859592255,379,0.8995151515151516,0.8876960076960078,0.9153909465020575,0.7766310794780547,0.9246337817638266,0.8807733933910196,0.053603929492444156,379,0.9266666666666667,0.9244444444444445,0.9355555555555556,0.8533333333333334,0.9466666666666667,0.9173333333333333,0.03294289859592252,379
161,0.011669206619262695,0.007115645875669125,0.03990616798400879,0.00082749834088915,gini,4,4,4,random,"{'criterion': 'gini', 'max_depth': 4, 'min_samples_leaf': 4, 'min_samples_split': 4, 'splitter': 'random'}",0.9266666666666666,0.9244444444444444,0.9355555555555556,0.8533333333333334,0.9466666666666667,0.9173333333333333,0.032942898595922504,379,0.9173913043478261,0.9360730593607306,0.9188034188034188,0.9704142011834319,0.9427312775330396,0.9370826522456894,0.01931733914021849,355,0.9363636363636364,0.9134199134199135,0.9537037037037037,0.7829181494661922,0.9506726457399103,0.9074156097386712,0.06385517415057598,490,0.9377777777777778,0.9111111111111111,0.9555555555555556,0.7288888888888889,0.9511111111111111,0.896888888888889,0.0854166260162505,514,0.9155555555555556,0.9377777777777778,0.9155555555555556,0.9777777777777777,0.9422222222222222,0.9377777777777778,0.022835969028737992,328,0.9321266968325792,0.918189730200174,0.945821854912764,0.815418828762046,0.9489704565801254,0.9121055134575377,0.0495620745874724,352,0.9266666666666667,0.9244444444444444,0.9355555555555556,0.8533333333333333,0.9466666666666667,0.9173333333333332,0.03294289859592255,379,0.8995151515151516,0.8876960076960078,0.9153909465020575,0.7766310794780547,0.9246337817638266,0.8807733933910196,0.053603929492444156,379,0.9266666666666667,0.9244444444444445,0.9355555555555556,0.8533333333333334,0.9466666666666667,0.9173333333333333,0.03294289859592252,379
157,0.008509397506713867,0.004099168838580726,0.03863668441772461,0.004308118019327201,gini,4,4,2,random,"{'criterion': 'gini', 'max_depth': 4, 'min_samples_leaf': 4, 'min_samples_split': 2, 'splitter': 'random'}",0.9266666666666666,0.9244444444444444,0.9355555555555556,0.8533333333333334,0.9466666666666667,0.9173333333333333,0.032942898595922504,379,0.9173913043478261,0.9360730593607306,0.9188034188034188,0.9704142011834319,0.9427312775330396,0.9370826522456894,0.01931733914021849,355,0.9363636363636364,0.9134199134199135,0.9537037037037037,0.7829181494661922,0.9506726457399103,0.9074156097386712,0.06385517415057598,490,0.9377777777777778,0.9111111111111111,0.9555555555555556,0.7288888888888889,0.9511111111111111,0.896888888888889,0.0854166260162505,514,0.9155555555555556,0.9377777777777778,0.9155555555555556,0.9777777777777777,0.9422222222222222,0.9377777777777778,0.022835969028737992,328,0.9321266968325792,0.918189730200174,0.945821854912764,0.815418828762046,0.9489704565801254,0.9121055134575377,0.0495620745874724,352,0.9266666666666667,0.9244444444444444,0.9355555555555556,0.8533333333333333,0.9466666666666667,0.9173333333333332,0.03294289859592255,379,0.8995151515151516,0.8876960076960078,0.9153909465020575,0.7766310794780547,0.9246337817638266,0.8807733933910196,0.053603929492444156,379,0.9266666666666667,0.9244444444444445,0.9355555555555556,0.8533333333333334,0.9466666666666667,0.9173333333333333,0.03294289859592252,379
416,0.010005331039428711,0.0013766572230545062,0.04337306022644043,0.002981651324584729,log_loss,1,7,3,best,"{'criterion': 'log_loss', 'max_depth': 1, 'min_samples_leaf': 7, 'min_samples_split': 3, 'splitter': 'best'}",0.9022222222222223,0.9177777777777778,0.9155555555555556,0.9266666666666666,0.9044444444444445,0.9133333333333333,0.008999314102807347,385,0.9547738693467337,0.9845360824742269,0.9192825112107623,0.9897959183673469,0.9789473684210527,0.9654671499640246,0.026017673054598133,121,0.8605577689243028,0.8671875,0.9118942731277533,0.8779527559055118,0.85,0.8735184595915136,0.021229905990591373,529,0.8444444444444444,0.8488888888888889,0.9111111111111111,0.8622222222222222,0.8266666666666667,0.8586666666666666,0.028582995894779598,529,0.96,0.9866666666666667,0.92,0.9911111111111112,0.9822222222222222,0.968,0.026278658665056857,73,0.8787632221318145,0.88871096877502,0.913503971756399,0.8984689766317486,0.8735177865612648,0.8905929851712493,0.014296798485297598,529,0.9022222222222223,0.9177777777777778,0.9155555555555556,0.9266666666666667,0.9044444444444444,0.9133333333333333,0.008999314102807403,385,0.8461354581673307,0.8622916666666667,0.8789427312775331,0.8745931758530183,0.8437777777777777,0.8611481619484653,0.014323646327653714,385,0.9022222222222221,0.9177777777777778,0.9155555555555555,0.9266666666666666,0.9044444444444444,0.9133333333333333,0.00899931410280739,385
206,0.010326766967773437,0.0004024198992741258,0.04341235160827637,0.007665346185721541,entropy,1,4,3,best,"{'criterion': 'entropy', 'max_depth': 1, 'min_samples_leaf': 4, 'min_samples_split': 3, 'splitter': 'best'}",0.9022222222222223,0.9177777777777778,0.9155555555555556,0.9266666666666666,0.9044444444444445,0.9133333333333333,0.008999314102807347,385,0.9547738693467337,0.9845360824742269,0.9192825112107623,0.9897959183673469,0.9789473684210527,0.9654671499640246,0.026017673054598133,121,0.8605577689243028,0.8671875,0.9118942731277533,0.8779527559055118,0.85,0.8735184595915136,0.021229905990591373,529,0.8444444444444444,0.8488888888888889,0.9111111111111111,0.8622222222222222,0.8266666666666667,0.8586666666666666,0.028582995894779598,529,0.96,0.9866666666666667,0.92,0.9911111111111112,0.9822222222222222,0.968,0.026278658665056857,73,0.8787632221318145,0.88871096877502,0.913503971756399,0.8984689766317486,0.8735177865612648,0.8905929851712493,0.014296798485297598,529,0.9022222222222223,0.9177777777777778,0.9155555555555556,0.9266666666666667,0.9044444444444444,0.9133333333333333,0.008999314102807403,385,0.8461354581673307,0.8622916666666667,0.8789427312775331,0.8745931758530183,0.8437777777777777,0.8611481619484653,0.014323646327653714,385,0.9022222222222221,0.9177777777777778,0.9155555555555555,0.9266666666666666,0.9044444444444444,0.9133333333333333,0.00899931410280739,385
200,0.007686090469360351,0.0035413298695524944,0.05588312149047851,0.012659914331782924,entropy,1,3,3,best,"{'criterion': 'entropy', 'max_depth': 1, 'min_samples_leaf': 3, 'min_samples_split': 3, 'splitter': 'best'}",0.9022222222222223,0.9177777777777778,0.9155555555555556,0.9266666666666666,0.9044444444444445,0.9133333333333333,0.008999314102807347,385,0.9547738693467337,0.9845360824742269,0.9192825112107623,0.9897959183673469,0.9789473684210527,0.9654671499640246,0.026017673054598133,121,0.8605577689243028,0.8671875,0.9118942731277533,0.8779527559055118,0.85,0.8735184595915136,0.021229905990591373,529,0.8444444444444444,0.8488888888888889,0.9111111111111111,0.8622222222222222,0.8266666666666667,0.8586666666666666,0.028582995894779598,529,0.96,0.9866666666666667,0.92,0.9911111111111112,0.9822222222222222,0.968,0.026278658665056857,73,0.8787632221318145,0.88871096877502,0.913503971756399,0.8984689766317486,0.8735177865612648,0.8905929851712493,0.014296798485297598,529,0.9022222222222223,0.9177777777777778,0.9155555555555556,0.9266666666666667,0.9044444444444444,0.9133333333333333,0.008999314102807403,385,0.8461354581673307,0.8622916666666667,0.8789427312775331,0.8745931758530183,0.8437777777777777,0.8611481619484653,0.014323646327653714,385,0.9022222222222221,0.9177777777777778,0.9155555555555555,0.9266666666666666,0.9044444444444444,0.9133333333333333,0.00899931410280739,385
418,0.008810997009277344,0.004456046396808518,0.043848705291748044,0.0035360283441080694,log_loss,1,7,4,best,"{'criterion': 'log_loss', 'max_depth': 1, 'min_samples_leaf': 7, 'min_samples_split': 4, 'splitter': 'best'}",0.9022222222222223,0.9177777777777778,0.9155555555555556,0.9266666666666666,0.9044444444444445,0.9133333333333333,0.008999314102807347,385,0.9547738693467337,0.9845360824742269,0.9192825112107623,0.9897959183673469,0.9789473684210527,0.9654671499640246,0.026017673054598133,121,0.8605577689243028,0.8671875,0.9118942731277533,0.8779527559055118,0.85,0.8735184595915136,0.021229905990591373,529,0.8444444444444444,0.8488888888888889,0.9111111111111111,0.8622222222222222,0.8266666666666667,0.8586666666666666,0.028582995894779598,529,0.96,0.9866666666666667,0.92,0.9911111111111112,0.9822222222222222,0.968,0.026278658665056857,73,0.8787632221318145,0.88871096877502,0.913503971756399,0.8984689766317486,0.8735177865612648,0.8905929851712493,0.014296798485297598,529,0.9022222222222223,0.9177777777777778,0.9155555555555556,0.9266666666666667,0.9044444444444444,0.9133333333333333,0.008999314102807403,385,0.8461354581673307,0.8622916666666667,0.8789427312775331,0.8745931758530183,0.8437777777777777,0.8611481619484653,0.014323646327653714,385,0.9022222222222221,0.9177777777777778,0.9155555555555555,0.9266666666666666,0.9044444444444444,0.9133333333333333,0.00899931410280739,385
204,0.01138772964477539,0.0016757114007470877,0.03557167053222656,0.004219160500077495,entropy,1,4,2,best,"{'criterion': 'entropy', 'max_depth': 1, 'min_samples_leaf': 4, 'min_samples_split': 2, 'splitter': 'best'}",0.9022222222222223,0.9177777777777778,0.9155555555555556,0.9266666666666666,0.9044444444444445,0.9133333333333333,0.008999314102807347,385,0.9547738693467337,0.9845360824742269,0.9192825112107623,0.9897959183673469,0.9789473684210527,0.9654671499640246,0.026017673054598133,121,0.8605577689243028,0.8671875,0.9118942731277533,0.8779527559055118,0.85,0.8735184595915136,0.021229905990591373,529,0.8444444444444444,0.8488888888888889,0.9111111111111111,0.8622222222222222,0.8266666666666667,0.8586666666666666,0.028582995894779598,529,0.96,0.9866666666666667,0.92,0.9911111111111112,0.9822222222222222,0.968,0.026278658665056857,73,0.8787632221318145,0.88871096877502,0.913503971756399,0.8984689766317486,0.8735177865612648,0.8905929851712493,0.014296798485297598,529,0.9022222222222223,0.9177777777777778,0.9155555555555556,0.9266666666666667,0.9044444444444444,0.9133333333333333,0.008999314102807403,385,0.8461354581673307,0.8622916666666667,0.8789427312775331,0.8745931758530183,0.8437777777777777,0.8611481619484653,0.014323646327653714,385,0.9022222222222221,0.9177777777777778,0.9155555555555555,0.9266666666666666,0.9044444444444444,0.9133333333333333,0.00899931410280739,385
208,0.01056051254272461,0.0018994444385998048,0.04034557342529297,0.0020753628703887193,entropy,1,4,4,best,"{'criterion': 'entropy', 'max_depth': 1, 'min_samples_leaf': 4, 'min_samples_split': 4, 'splitter': 'best'}",0.9022222222222223,0.9177777777777778,0.9155555555555556,0.9266666666666666,0.9044444444444445,0.9133333333333333,0.008999314102807347,385,0.9547738693467337,0.9845360824742269,0.9192825112107623,0.9897959183673469,0.9789473684210527,0.9654671499640246,0.026017673054598133,121,0.8605577689243028,0.8671875,0.9118942731277533,0.8779527559055118,0.85,0.8735184595915136,0.021229905990591373,529,0.8444444444444444,0.8488888888888889,0.9111111111111111,0.8622222222222222,0.8266666666666667,0.8586666666666666,0.028582995894779598,529,0.96,0.9866666666666667,0.92,0.9911111111111112,0.9822222222222222,0.968,0.026278658665056857,73,0.8787632221318145,0.88871096877502,0.913503971756399,0.8984689766317486,0.8735177865612648,0.8905929851712493,0.014296798485297598,529,0.9022222222222223,0.9177777777777778,0.9155555555555556,0.9266666666666667,0.9044444444444444,0.9133333333333333,0.008999314102807403,385,0.8461354581673307,0.8622916666666667,0.8789427312775331,0.8745931758530183,0.8437777777777777,0.8611481619484653,0.014323646327653714,385,0.9022222222222221,0.9177777777777778,0.9155555555555555,0.9266666666666666,0.9044444444444444,0.9133333333333333,0.00899931410280739,385
198,0.009409332275390625,0.004600611512612762,0.05190157890319824,0.0058461323268255965,entropy,1,3,2,best,"{'criterion': 'entropy', 'max_depth': 1, 'min_samples_leaf': 3, 'min_samples_split': 2, 'splitter': 'best'}",0.9022222222222223,0.9177777777777778,0.9155555555555556,0.9266666666666666,0.9044444444444445,0.9133333333333333,0.008999314102807347,385,0.9547738693467337,0.9845360824742269,0.9192825112107623,0.9897959183673469,0.9789473684210527,0.9654671499640246,0.026017673054598133,121,0.8605577689243028,0.8671875,0.9118942731277533,0.8779527559055118,0.85,0.8735184595915136,0.021229905990591373,529,0.8444444444444444,0.8488888888888889,0.9111111111111111,0.8622222222222222,0.8266666666666667,0.8586666666666666,0.028582995894779598,529,0.96,0.9866666666666667,0.92,0.9911111111111112,0.9822222222222222,0.968,0.026278658665056857,73,0.8787632221318145,0.88871096877502,0.913503971756399,0.8984689766317486,0.8735177865612648,0.8905929851712493,0.014296798485297598,529,0.9022222222222223,0.9177777777777778,0.9155555555555556,0.9266666666666667,0.9044444444444444,0.9133333333333333,0.008999314102807403,385,0.8461354581673307,0.8622916666666667,0.8789427312775331,0.8745931758530183,0.8437777777777777,0.8611481619484653,0.014323646327653714,385,0.9022222222222221,0.9177777777777778,0.9155555555555555,0.9266666666666666,0.9044444444444444,0.9133333333333333,0.00899931410280739,385
422,0.010920238494873048,0.006303516408452557,0.04183459281921387,0.0010845940668693613,log_loss,1,8,3,best,"{'criterion': 'log_loss', 'max_depth': 1, 'min_samples_leaf': 8, 'min_samples_split': 3, 'splitter': 'best'}",0.9022222222222223,0.9177777777777778,0.9155555555555556,0.9266666666666666,0.9044444444444445,0.9133333333333333,0.008999314102807347,385,0.9547738693467337,0.9845360824742269,0.9192825112107623,0.9897959183673469,0.9789473684210527,0.9654671499640246,0.026017673054598133,121,0.8605577689243028,0.8671875,0.9118942731277533,0.8779527559055118,0.85,0.8735184595915136,0.021229905990591373,529,0.8444444444444444,0.8488888888888889,0.9111111111111111,0.8622222222222222,0.8266666666666667,0.8586666666666666,0.028582995894779598,529,0.96,0.9866666666666667,0.92,0.9911111111111112,0.9822222222222222,0.968,0.026278658665056857,73,0.8787632221318145,0.88871096877502,0.913503971756399,0.8984689766317486,0.8735177865612648,0.8905929851712493,0.014296798485297598,529,0.9022222222222223,0.9177777777777778,0.9155555555555556,0.9266666666666667,0.9044444444444444,0.9133333333333333,0.008999314102807403,385,0.8461354581673307,0.8622916666666667,0.8789427312775331,0.8745931758530183,0.8437777777777777,0.8611481619484653,0.014323646327653714,385,0.9022222222222221,0.9177777777777778,0.9155555555555555,0.9266666666666666,0.9044444444444444,0.9133333333333333,0.00899931410280739,385
424,0.010692977905273437,0.0033171685655040755,0.043656349182128906,0.004719466347589414,log_loss,1,8,4,best,"{'criterion': 'log_loss', 'max_depth': 1, 'min_samples_leaf': 8, 'min_samples_split': 4, 'splitter': 'best'}",0.9022222222222223,0.9177777777777778,0.9155555555555556,0.9266666666666666,0.9044444444444445,0.9133333333333333,0.008999314102807347,385,0.9547738693467337,0.9845360824742269,0.9192825112107623,0.9897959183673469,0.9789473684210527,0.9654671499640246,0.026017673054598133,121,0.8605577689243028,0.8671875,0.9118942731277533,0.8779527559055118,0.85,0.8735184595915136,0.021229905990591373,529,0.8444444444444444,0.8488888888888889,0.9111111111111111,0.8622222222222222,0.8266666666666667,0.8586666666666666,0.028582995894779598,529,0.96,0.9866666666666667,0.92,0.9911111111111112,0.9822222222222222,0.968,0.026278658665056857,73,0.8787632221318145,0.88871096877502,0.913503971756399,0.8984689766317486,0.8735177865612648,0.8905929851712493,0.014296798485297598,529,0.9022222222222223,0.9177777777777778,0.9155555555555556,0.9266666666666667,0.9044444444444444,0.9133333333333333,0.008999314102807403,385,0.8461354581673307,0.8622916666666667,0.8789427312775331,0.8745931758530183,0.8437777777777777,0.8611481619484653,0.014323646327653714,385,0.9022222222222221,0.9177777777777778,0.9155555555555555,0.9266666666666666,0.9044444444444444,0.9133333333333333,0.00899931410280739,385
210,0.016870450973510743,0.008504524821300753,0.06020064353942871,0.0013085170854500452,entropy,1,5,2,best,"{'criterion': 'entropy', 'max_depth': 1, 'min_samples_leaf': 5, 'min_samples_split': 2, 'splitter': 'best'}",0.9022222222222223,0.9177777777777778,0.9155555555555556,0.9266666666666666,0.9044444444444445,0.9133333333333333,0.008999314102807347,385,0.9547738693467337,0.9845360824742269,0.9192825112107623,0.9897959183673469,0.9789473684210527,0.9654671499640246,0.026017673054598133,121,0.8605577689243028,0.8671875,0.9118942731277533,0.8779527559055118,0.85,0.8735184595915136,0.021229905990591373,529,0.8444444444444444,0.8488888888888889,0.9111111111111111,0.8622222222222222,0.8266666666666667,0.8586666666666666,0.028582995894779598,529,0.96,0.9866666666666667,0.92,0.9911111111111112,0.9822222222222222,0.968,0.026278658665056857,73,0.8787632221318145,0.88871096877502,0.913503971756399,0.8984689766317486,0.8735177865612648,0.8905929851712493,0.014296798485297598,529,0.9022222222222223,0.9177777777777778,0.9155555555555556,0.9266666666666667,0.9044444444444444,0.9133333333333333,0.008999314102807403,385,0.8461354581673307,0.8622916666666667,0.8789427312775331,0.8745931758530183,0.8437777777777777,0.8611481619484653,0.014323646327653714,385,0.9022222222222221,0.9177777777777778,0.9155555555555555,0.9266666666666666,0.9044444444444444,0.9133333333333333,0.00899931410280739,385
196,0.007660579681396484,0.0048659586923015495,0.04520597457885742,0.009975611657760904,entropy,1,2,4,best,"{'criterion': 'entropy', 'max_depth': 1, 'min_samples_leaf': 2, 'min_samples_split': 4, 'splitter': 'best'}",0.9022222222222223,0.9177777777777778,0.9155555555555556,0.9266666666666666,0.9044444444444445,0.9133333333333333,0.008999314102807347,385,0.9547738693467337,0.9845360824742269,0.9192825112107623,0.9897959183673469,0.9789473684210527,0.9654671499640246,0.026017673054598133,121,0.8605577689243028,0.8671875,0.9118942731277533,0.8779527559055118,0.85,0.8735184595915136,0.021229905990591373,529,0.8444444444444444,0.8488888888888889,0.9111111111111111,0.8622222222222222,0.8266666666666667,0.8586666666666666,0.028582995894779598,529,0.96,0.9866666666666667,0.92,0.9911111111111112,0.9822222222222222,0.968,0.026278658665056857,73,0.8787632221318145,0.88871096877502,0.913503971756399,0.8984689766317486,0.8735177865612648,0.8905929851712493,0.014296798485297598,529,0.9022222222222223,0.9177777777777778,0.9155555555555556,0.9266666666666667,0.9044444444444444,0.9133333333333333,0.008999314102807403,385,0.8461354581673307,0.8622916666666667,0.8789427312775331,0.8745931758530183,0.8437777777777777,0.8611481619484653,0.014323646327653714,385,0.9022222222222221,0.9177777777777778,0.9155555555555555,0.9266666666666666,0.9044444444444444,0.9133333333333333,0.00899931410280739,385
426,0.010523509979248048,0.0007974477623800456,0.04399580955505371,0.003494648488503963,log_loss,1,9,2,best,"{'criterion': 'log_loss', 'max_depth': 1, 'min_samples_leaf': 9, 'min_samples_split': 2, 'splitter': 'best'}",0.9022222222222223,0.9177777777777778,0.9155555555555556,0.9266666666666666,0.9044444444444445,0.9133333333333333,0.008999314102807347,385,0.9547738693467337,0.9845360824742269,0.9192825112107623,0.9897959183673469,0.9789473684210527,0.9654671499640246,0.026017673054598133,121,0.8605577689243028,0.8671875,0.9118942731277533,0.8779527559055118,0.85,0.8735184595915136,0.021229905990591373,529,0.8444444444444444,0.8488888888888889,0.9111111111111111,0.8622222222222222,0.8266666666666667,0.8586666666666666,0.028582995894779598,529,0.96,0.9866666666666667,0.92,0.9911111111111112,0.9822222222222222,0.968,0.026278658665056857,73,0.8787632221318145,0.88871096877502,0.913503971756399,0.8984689766317486,0.8735177865612648,0.8905929851712493,0.014296798485297598,529,0.9022222222222223,0.9177777777777778,0.9155555555555556,0.9266666666666667,0.9044444444444444,0.9133333333333333,0.008999314102807403,385,0.8461354581673307,0.8622916666666667,0.8789427312775331,0.8745931758530183,0.8437777777777777,0.8611481619484653,0.014323646327653714,385,0.9022222222222221,0.9177777777777778,0.9155555555555555,0.9266666666666666,0.9044444444444444,0.9133333333333333,0.00899931410280739,385
428,0.006809663772583008,0.004072836179638349,0.0482724666595459,0.008014332354943327,log_loss,1,9,3,best,"{'criterion': 'log_loss', 'max_depth': 1, 'min_samples_leaf': 9, 'min_samples_split': 3, 'splitter': 'best'}",0.9022222222222223,0.9177777777777778,0.9155555555555556,0.9266666666666666,0.9044444444444445,0.9133333333333333,0.008999314102807347,385,0.9547738693467337,0.9845360824742269,0.9192825112107623,0.9897959183673469,0.9789473684210527,0.9654671499640246,0.026017673054598133,121,0.8605577689243028,0.8671875,0.9118942731277533,0.8779527559055118,0.85,0.8735184595915136,0.021229905990591373,529,0.8444444444444444,0.8488888888888889,0.9111111111111111,0.8622222222222222,0.8266666666666667,0.8586666666666666,0.028582995894779598,529,0.96,0.9866666666666667,0.92,0.9911111111111112,0.9822222222222222,0.968,0.026278658665056857,73,0.8787632221318145,0.88871096877502,0.913503971756399,0.8984689766317486,0.8735177865612648,0.8905929851712493,0.014296798485297598,529,0.9022222222222223,0.9177777777777778,0.9155555555555556,0.9266666666666667,0.9044444444444444,0.9133333333333333,0.008999314102807403,385,0.8461354581673307,0.8622916666666667,0.8789427312775331,0.8745931758530183,0.8437777777777777,0.8611481619484653,0.014323646327653714,385,0.9022222222222221,0.9177777777777778,0.9155555555555555,0.9266666666666666,0.9044444444444444,0.9133333333333333,0.00899931410280739,385
430,0.008992338180541992,0.002420018118061186,0.049257946014404294,0.0053007551108795745,log_loss,1,9,4,best,"{'criterion': 'log_loss', 'max_depth': 1, 'min_samples_leaf': 9, 'min_samples_split': 4, 'splitter': 'best'}",0.9022222222222223,0.9177777777777778,0.9155555555555556,0.9266666666666666,0.9044444444444445,0.9133333333333333,0.008999314102807347,385,0.9547738693467337,0.9845360824742269,0.9192825112107623,0.9897959183673469,0.9789473684210527,0.9654671499640246,0.026017673054598133,121,0.8605577689243028,0.8671875,0.9118942731277533,0.8779527559055118,0.85,0.8735184595915136,0.021229905990591373,529,0.8444444444444444,0.8488888888888889,0.9111111111111111,0.8622222222222222,0.8266666666666667,0.8586666666666666,0.028582995894779598,529,0.96,0.9866666666666667,0.92,0.9911111111111112,0.9822222222222222,0.968,0.026278658665056857,73,0.8787632221318145,0.88871096877502,0.913503971756399,0.8984689766317486,0.8735177865612648,0.8905929851712493,0.014296798485297598,529,0.9022222222222223,0.9177777777777778,0.9155555555555556,0.9266666666666667,0.9044444444444444,0.9133333333333333,0.008999314102807403,385,0.8461354581673307,0.8622916666666667,0.8789427312775331,0.8745931758530183,0.8437777777777777,0.8611481619484653,0.014323646327653714,385,0.9022222222222221,0.9177777777777778,0.9155555555555555,0.9266666666666666,0.9044444444444444,0.9133333333333333,0.00899931410280739,385
232,0.010938310623168945,0.002604330164622415,0.04117498397827148,0.005218034598894755,entropy,1,8,4,best,"{'criterion': 'entropy', 'max_depth': 1, 'min_samples_leaf': 8, 'min_samples_split': 4, 'splitter': 'best'}",0.9022222222222223,0.9177777777777778,0.9155555555555556,0.9266666666666666,0.9044444444444445,0.9133333333333333,0.008999314102807347,385,0.9547738693467337,0.9845360824742269,0.9192825112107623,0.9897959183673469,0.9789473684210527,0.9654671499640246,0.026017673054598133,121,0.8605577689243028,0.8671875,0.9118942731277533,0.8779527559055118,0.85,0.8735184595915136,0.021229905990591373,529,0.8444444444444444,0.8488888888888889,0.9111111111111111,0.8622222222222222,0.8266666666666667,0.8586666666666666,0.028582995894779598,529,0.96,0.9866666666666667,0.92,0.9911111111111112,0.9822222222222222,0.968,0.026278658665056857,73,0.8787632221318145,0.88871096877502,0.913503971756399,0.8984689766317486,0.8735177865612648,0.8905929851712493,0.014296798485297598,529,0.9022222222222223,0.9177777777777778,0.9155555555555556,0.9266666666666667,0.9044444444444444,0.9133333333333333,0.008999314102807403,385,0.8461354581673307,0.8622916666666667,0.8789427312775331,0.8745931758530183,0.8437777777777777,0.8611481619484653,0.014323646327653714,385,0.9022222222222221,0.9177777777777778,0.9155555555555555,0.9266666666666666,0.9044444444444444,0.9133333333333333,0.00899931410280739,385
230,0.006666994094848633,0.00548003785080118,0.0464515209197998,0.0033011307813235863,entropy,1,8,3,best,"{'criterion': 'entropy', 'max_depth': 1, 'min_samples_leaf': 8, 'min_samples_split': 3, 'splitter': 'best'}",0.9022222222222223,0.9177777777777778,0.9155555555555556,0.9266666666666666,0.9044444444444445,0.9133333333333333,0.008999314102807347,385,0.9547738693467337,0.9845360824742269,0.9192825112107623,0.9897959183673469,0.9789473684210527,0.9654671499640246,0.026017673054598133,121,0.8605577689243028,0.8671875,0.9118942731277533,0.8779527559055118,0.85,0.8735184595915136,0.021229905990591373,529,0.8444444444444444,0.8488888888888889,0.9111111111111111,0.8622222222222222,0.8266666666666667,0.8586666666666666,0.028582995894779598,529,0.96,0.9866666666666667,0.92,0.9911111111111112,0.9822222222222222,0.968,0.026278658665056857,73,0.8787632221318145,0.88871096877502,0.913503971756399,0.8984689766317486,0.8735177865612648,0.8905929851712493,0.014296798485297598,529,0.9022222222222223,0.9177777777777778,0.9155555555555556,0.9266666666666667,0.9044444444444444,0.9133333333333333,0.008999314102807403,385,0.8461354581673307,0.8622916666666667,0.8789427312775331,0.8745931758530183,0.8437777777777777,0.8611481619484653,0.014323646327653714,385,0.9022222222222221,0.9177777777777778,0.9155555555555555,0.9266666666666666,0.9044444444444444,0.9133333333333333,0.00899931410280739,385
212,0.008726263046264648,0.0018449438202878718,0.06226859092712402,0.01256897262041789,entropy,1,5,3,best,"{'criterion': 'entropy', 'max_depth': 1, 'min_samples_leaf': 5, 'min_samples_split': 3, 'splitter': 'best'}",0.9022222222222223,0.9177777777777778,0.9155555555555556,0.9266666666666666,0.9044444444444445,0.9133333333333333,0.008999314102807347,385,0.9547738693467337,0.9845360824742269,0.9192825112107623,0.9897959183673469,0.9789473684210527,0.9654671499640246,0.026017673054598133,121,0.8605577689243028,0.8671875,0.9118942731277533,0.8779527559055118,0.85,0.8735184595915136,0.021229905990591373,529,0.8444444444444444,0.8488888888888889,0.9111111111111111,0.8622222222222222,0.8266666666666667,0.8586666666666666,0.028582995894779598,529,0.96,0.9866666666666667,0.92,0.9911111111111112,0.9822222222222222,0.968,0.026278658665056857,73,0.8787632221318145,0.88871096877502,0.913503971756399,0.8984689766317486,0.8735177865612648,0.8905929851712493,0.014296798485297598,529,0.9022222222222223,0.9177777777777778,0.9155555555555556,0.9266666666666667,0.9044444444444444,0.9133333333333333,0.008999314102807403,385,0.8461354581673307,0.8622916666666667,0.8789427312775331,0.8745931758530183,0.8437777777777777,0.8611481619484653,0.014323646327653714,385,0.9022222222222221,0.9177777777777778,0.9155555555555555,0.9266666666666666,0.9044444444444444,0.9133333333333333,0.00899931410280739,385
228,0.009132862091064453,0.001237041519183907,0.038616609573364255,0.004215622282645212,entropy,1,8,2,best,"{'criterion': 'entropy', 'max_depth': 1, 'min_samples_leaf': 8, 'min_samples_split': 2, 'splitter': 'best'}",0.9022222222222223,0.9177777777777778,0.9155555555555556,0.9266666666666666,0.9044444444444445,0.9133333333333333,0.008999314102807347,385,0.9547738693467337,0.9845360824742269,0.9192825112107623,0.9897959183673469,0.9789473684210527,0.9654671499640246,0.026017673054598133,121,0.8605577689243028,0.8671875,0.9118942731277533,0.8779527559055118,0.85,0.8735184595915136,0.021229905990591373,529,0.8444444444444444,0.8488888888888889,0.9111111111111111,0.8622222222222222,0.8266666666666667,0.8586666666666666,0.028582995894779598,529,0.96,0.9866666666666667,0.92,0.9911111111111112,0.9822222222222222,0.968,0.026278658665056857,73,0.8787632221318145,0.88871096877502,0.913503971756399,0.8984689766317486,0.8735177865612648,0.8905929851712493,0.014296798485297598,529,0.9022222222222223,0.9177777777777778,0.9155555555555556,0.9266666666666667,0.9044444444444444,0.9133333333333333,0.008999314102807403,385,0.8461354581673307,0.8622916666666667,0.8789427312775331,0.8745931758530183,0.8437777777777777,0.8611481619484653,0.014323646327653714,385,0.9022222222222221,0.9177777777777778,0.9155555555555555,0.9266666666666666,0.9044444444444444,0.9133333333333333,0.00899931410280739,385
226,0.007595205307006836,0.0039206422215228775,0.04385232925415039,0.003806381516685879,entropy,1,7,4,best,"{'criterion': 'entropy', 'max_depth': 1, 'min_samples_leaf': 7, 'min_samples_split': 4, 'splitter': 'best'}",0.9022222222222223,0.9177777777777778,0.9155555555555556,0.9266666666666666,0.9044444444444445,0.9133333333333333,0.008999314102807347,385,0.9547738693467337,0.9845360824742269,0.9192825112107623,0.9897959183673469,0.9789473684210527,0.9654671499640246,0.026017673054598133,121,0.8605577689243028,0.8671875,0.9118942731277533,0.8779527559055118,0.85,0.8735184595915136,0.021229905990591373,529,0.8444444444444444,0.8488888888888889,0.9111111111111111,0.8622222222222222,0.8266666666666667,0.8586666666666666,0.028582995894779598,529,0.96,0.9866666666666667,0.92,0.9911111111111112,0.9822222222222222,0.968,0.026278658665056857,73,0.8787632221318145,0.88871096877502,0.913503971756399,0.8984689766317486,0.8735177865612648,0.8905929851712493,0.014296798485297598,529,0.9022222222222223,0.9177777777777778,0.9155555555555556,0.9266666666666667,0.9044444444444444,0.9133333333333333,0.008999314102807403,385,0.8461354581673307,0.8622916666666667,0.8789427312775331,0.8745931758530183,0.8437777777777777,0.8611481619484653,0.014323646327653714,385,0.9022222222222221,0.9177777777777778,0.9155555555555555,0.9266666666666666,0.9044444444444444,0.9133333333333333,0.00899931410280739,385
224,0.0076942920684814455,0.003850388583532741,0.04545431137084961,0.004705212512810005,entropy,1,7,3,best,"{'criterion': 'entropy', 'max_depth': 1, 'min_samples_leaf': 7, 'min_samples_split': 3, 'splitter': 'best'}",0.9022222222222223,0.9177777777777778,0.9155555555555556,0.9266666666666666,0.9044444444444445,0.9133333333333333,0.008999314102807347,385,0.9547738693467337,0.9845360824742269,0.9192825112107623,0.9897959183673469,0.9789473684210527,0.9654671499640246,0.026017673054598133,121,0.8605577689243028,0.8671875,0.9118942731277533,0.8779527559055118,0.85,0.8735184595915136,0.021229905990591373,529,0.8444444444444444,0.8488888888888889,0.9111111111111111,0.8622222222222222,0.8266666666666667,0.8586666666666666,0.028582995894779598,529,0.96,0.9866666666666667,0.92,0.9911111111111112,0.9822222222222222,0.968,0.026278658665056857,73,0.8787632221318145,0.88871096877502,0.913503971756399,0.8984689766317486,0.8735177865612648,0.8905929851712493,0.014296798485297598,529,0.9022222222222223,0.9177777777777778,0.9155555555555556,0.9266666666666667,0.9044444444444444,0.9133333333333333,0.008999314102807403,385,0.8461354581673307,0.8622916666666667,0.8789427312775331,0.8745931758530183,0.8437777777777777,0.8611481619484653,0.014323646327653714,385,0.9022222222222221,0.9177777777777778,0.9155555555555555,0.9266666666666666,0.9044444444444444,0.9133333333333333,0.00899931410280739,385
192,0.014584636688232422,0.011767665224592636,0.0563138484954834,0.011203531936834082,entropy,1,2,2,best,"{'criterion': 'entropy', 'max_depth': 1, 'min_samples_leaf': 2, 'min_samples_split': 2, 'splitter': 'best'}",0.9022222222222223,0.9177777777777778,0.9155555555555556,0.9266666666666666,0.9044444444444445,0.9133333333333333,0.008999314102807347,385,0.9547738693467337,0.9845360824742269,0.9192825112107623,0.9897959183673469,0.9789473684210527,0.9654671499640246,0.026017673054598133,121,0.8605577689243028,0.8671875,0.9118942731277533,0.8779527559055118,0.85,0.8735184595915136,0.021229905990591373,529,0.8444444444444444,0.8488888888888889,0.9111111111111111,0.8622222222222222,0.8266666666666667,0.8586666666666666,0.028582995894779598,529,0.96,0.9866666666666667,0.92,0.9911111111111112,0.9822222222222222,0.968,0.026278658665056857,73,0.8787632221318145,0.88871096877502,0.913503971756399,0.8984689766317486,0.8735177865612648,0.8905929851712493,0.014296798485297598,529,0.9022222222222223,0.9177777777777778,0.9155555555555556,0.9266666666666667,0.9044444444444444,0.9133333333333333,0.008999314102807403,385,0.8461354581673307,0.8622916666666667,0.8789427312775331,0.8745931758530183,0.8437777777777777,0.8611481619484653,0.014323646327653714,385,0.9022222222222221,0.9177777777777778,0.9155555555555555,0.9266666666666666,0.9044444444444444,0.9133333333333333,0.00899931410280739,385
222,0.008365440368652343,0.002339074729963129,0.04116544723510742,0.0012245569973023873,entropy,1,7,2,best,"{'criterion': 'entropy', 'max_depth': 1, 'min_samples_leaf': 7, 'min_samples_split': 2, 'splitter': 'best'}",0.9022222222222223,0.9177777777777778,0.9155555555555556,0.9266666666666666,0.9044444444444445,0.9133333333333333,0.008999314102807347,385,0.9547738693467337,0.9845360824742269,0.9192825112107623,0.9897959183673469,0.9789473684210527,0.9654671499640246,0.026017673054598133,121,0.8605577689243028,0.8671875,0.9118942731277533,0.8779527559055118,0.85,0.8735184595915136,0.021229905990591373,529,0.8444444444444444,0.8488888888888889,0.9111111111111111,0.8622222222222222,0.8266666666666667,0.8586666666666666,0.028582995894779598,529,0.96,0.9866666666666667,0.92,0.9911111111111112,0.9822222222222222,0.968,0.026278658665056857,73,0.8787632221318145,0.88871096877502,0.913503971756399,0.8984689766317486,0.8735177865612648,0.8905929851712493,0.014296798485297598,529,0.9022222222222223,0.9177777777777778,0.9155555555555556,0.9266666666666667,0.9044444444444444,0.9133333333333333,0.008999314102807403,385,0.8461354581673307,0.8622916666666667,0.8789427312775331,0.8745931758530183,0.8437777777777777,0.8611481619484653,0.014323646327653714,385,0.9022222222222221,0.9177777777777778,0.9155555555555555,0.9266666666666666,0.9044444444444444,0.9133333333333333,0.00899931410280739,385
220,0.00866250991821289,0.0021166488020385897,0.042577505111694336,0.0025960183266224533,entropy,1,6,4,best,"{'criterion': 'entropy', 'max_depth': 1, 'min_samples_leaf': 6, 'min_samples_split': 4, 'splitter': 'best'}",0.9022222222222223,0.9177777777777778,0.9155555555555556,0.9266666666666666,0.9044444444444445,0.9133333333333333,0.008999314102807347,385,0.9547738693467337,0.9845360824742269,0.9192825112107623,0.9897959183673469,0.9789473684210527,0.9654671499640246,0.026017673054598133,121,0.8605577689243028,0.8671875,0.9118942731277533,0.8779527559055118,0.85,0.8735184595915136,0.021229905990591373,529,0.8444444444444444,0.8488888888888889,0.9111111111111111,0.8622222222222222,0.8266666666666667,0.8586666666666666,0.028582995894779598,529,0.96,0.9866666666666667,0.92,0.9911111111111112,0.9822222222222222,0.968,0.026278658665056857,73,0.8787632221318145,0.88871096877502,0.913503971756399,0.8984689766317486,0.8735177865612648,0.8905929851712493,0.014296798485297598,529,0.9022222222222223,0.9177777777777778,0.9155555555555556,0.9266666666666667,0.9044444444444444,0.9133333333333333,0.008999314102807403,385,0.8461354581673307,0.8622916666666667,0.8789427312775331,0.8745931758530183,0.8437777777777777,0.8611481619484653,0.014323646327653714,385,0.9022222222222221,0.9177777777777778,0.9155555555555555,0.9266666666666666,0.9044444444444444,0.9133333333333333,0.00899931410280739,385
218,0.007774972915649414,0.0027065174087129444,0.04515008926391602,0.0042873796070605295,entropy,1,6,3,best,"{'criterion': 'entropy', 'max_depth': 1, 'min_samples_leaf': 6, 'min_samples_split': 3, 'splitter': 'best'}",0.9022222222222223,0.9177777777777778,0.9155555555555556,0.9266666666666666,0.9044444444444445,0.9133333333333333,0.008999314102807347,385,0.9547738693467337,0.9845360824742269,0.9192825112107623,0.9897959183673469,0.9789473684210527,0.9654671499640246,0.026017673054598133,121,0.8605577689243028,0.8671875,0.9118942731277533,0.8779527559055118,0.85,0.8735184595915136,0.021229905990591373,529,0.8444444444444444,0.8488888888888889,0.9111111111111111,0.8622222222222222,0.8266666666666667,0.8586666666666666,0.028582995894779598,529,0.96,0.9866666666666667,0.92,0.9911111111111112,0.9822222222222222,0.968,0.026278658665056857,73,0.8787632221318145,0.88871096877502,0.913503971756399,0.8984689766317486,0.8735177865612648,0.8905929851712493,0.014296798485297598,529,0.9022222222222223,0.9177777777777778,0.9155555555555556,0.9266666666666667,0.9044444444444444,0.9133333333333333,0.008999314102807403,385,0.8461354581673307,0.8622916666666667,0.8789427312775331,0.8745931758530183,0.8437777777777777,0.8611481619484653,0.014323646327653714,385,0.9022222222222221,0.9177777777777778,0.9155555555555555,0.9266666666666666,0.9044444444444444,0.9133333333333333,0.00899931410280739,385
214,0.007707071304321289,0.0038662285549288496,0.03908548355102539,0.0037454480963678653,entropy,1,5,4,best,"{'criterion': 'entropy', 'max_depth': 1, 'min_samples_leaf': 5, 'min_samples_split': 4, 'splitter': 'best'}",0.9022222222222223,0.9177777777777778,0.9155555555555556,0.9266666666666666,0.9044444444444445,0.9133333333333333,0.008999314102807347,385,0.9547738693467337,0.9845360824742269,0.9192825112107623,0.9897959183673469,0.9789473684210527,0.9654671499640246,0.026017673054598133,121,0.8605577689243028,0.8671875,0.9118942731277533,0.8779527559055118,0.85,0.8735184595915136,0.021229905990591373,529,0.8444444444444444,0.8488888888888889,0.9111111111111111,0.8622222222222222,0.8266666666666667,0.8586666666666666,0.028582995894779598,529,0.96,0.9866666666666667,0.92,0.9911111111111112,0.9822222222222222,0.968,0.026278658665056857,73,0.8787632221318145,0.88871096877502,0.913503971756399,0.8984689766317486,0.8735177865612648,0.8905929851712493,0.014296798485297598,529,0.9022222222222223,0.9177777777777778,0.9155555555555556,0.9266666666666667,0.9044444444444444,0.9133333333333333,0.008999314102807403,385,0.8461354581673307,0.8622916666666667,0.8789427312775331,0.8745931758530183,0.8437777777777777,0.8611481619484653,0.014323646327653714,385,0.9022222222222221,0.9177777777777778,0.9155555555555555,0.9266666666666666,0.9044444444444444,0.9133333333333333,0.00899931410280739,385
414,0.008174371719360352,0.0028337371319443515,0.04534988403320313,0.003543842170524947,log_loss,1,7,2,best,"{'criterion': 'log_loss', 'max_depth': 1, 'min_samples_leaf': 7, 'min_samples_split': 2, 'splitter': 'best'}",0.9022222222222223,0.9177777777777778,0.9155555555555556,0.9266666666666666,0.9044444444444445,0.9133333333333333,0.008999314102807347,385,0.9547738693467337,0.9845360824742269,0.9192825112107623,0.9897959183673469,0.9789473684210527,0.9654671499640246,0.026017673054598133,121,0.8605577689243028,0.8671875,0.9118942731277533,0.8779527559055118,0.85,0.8735184595915136,0.021229905990591373,529,0.8444444444444444,0.8488888888888889,0.9111111111111111,0.8622222222222222,0.8266666666666667,0.8586666666666666,0.028582995894779598,529,0.96,0.9866666666666667,0.92,0.9911111111111112,0.9822222222222222,0.968,0.026278658665056857,73,0.8787632221318145,0.88871096877502,0.913503971756399,0.8984689766317486,0.8735177865612648,0.8905929851712493,0.014296798485297598,529,0.9022222222222223,0.9177777777777778,0.9155555555555556,0.9266666666666667,0.9044444444444444,0.9133333333333333,0.008999314102807403,385,0.8461354581673307,0.8622916666666667,0.8789427312775331,0.8745931758530183,0.8437777777777777,0.8611481619484653,0.014323646327653714,385,0.9022222222222221,0.9177777777777778,0.9155555555555555,0.9266666666666666,0.9044444444444444,0.9133333333333333,0.00899931410280739,385
216,0.007604169845581055,0.0017323029871803115,0.05813407897949219,0.01461777032465034,entropy,1,6,2,best,"{'criterion': 'entropy', 'max_depth': 1, 'min_samples_leaf': 6, 'min_samples_split': 2, 'splitter': 'best'}",0.9022222222222223,0.9177777777777778,0.9155555555555556,0.9266666666666666,0.9044444444444445,0.9133333333333333,0.008999314102807347,385,0.9547738693467337,0.9845360824742269,0.9192825112107623,0.9897959183673469,0.9789473684210527,0.9654671499640246,0.026017673054598133,121,0.8605577689243028,0.8671875,0.9118942731277533,0.8779527559055118,0.85,0.8735184595915136,0.021229905990591373,529,0.8444444444444444,0.8488888888888889,0.9111111111111111,0.8622222222222222,0.8266666666666667,0.8586666666666666,0.028582995894779598,529,0.96,0.9866666666666667,0.92,0.9911111111111112,0.9822222222222222,0.968,0.026278658665056857,73,0.8787632221318145,0.88871096877502,0.913503971756399,0.8984689766317486,0.8735177865612648,0.8905929851712493,0.014296798485297598,529,0.9022222222222223,0.9177777777777778,0.9155555555555556,0.9266666666666667,0.9044444444444444,0.9133333333333333,0.008999314102807403,385,0.8461354581673307,0.8622916666666667,0.8789427312775331,0.8745931758530183,0.8437777777777777,0.8611481619484653,0.014323646327653714,385,0.9022222222222221,0.9177777777777778,0.9155555555555555,0.9266666666666666,0.9044444444444444,0.9133333333333333,0.00899931410280739,385
194,0.011992597579956054,0.004702810079817362,0.043796110153198245,0.006624211503344065,entropy,1,2,3,best,"{'criterion': 'entropy', 'max_depth': 1, 'min_samples_leaf': 2, 'min_samples_split': 3, 'splitter': 'best'}",0.9022222222222223,0.9177777777777778,0.9155555555555556,0.9266666666666666,0.9044444444444445,0.9133333333333333,0.008999314102807347,385,0.9547738693467337,0.9845360824742269,0.9192825112107623,0.9897959183673469,0.9789473684210527,0.9654671499640246,0.026017673054598133,121,0.8605577689243028,0.8671875,0.9118942731277533,0.8779527559055118,0.85,0.8735184595915136,0.021229905990591373,529,0.8444444444444444,0.8488888888888889,0.9111111111111111,0.8622222222222222,0.8266666666666667,0.8586666666666666,0.028582995894779598,529,0.96,0.9866666666666667,0.92,0.9911111111111112,0.9822222222222222,0.968,0.026278658665056857,73,0.8787632221318145,0.88871096877502,0.913503971756399,0.8984689766317486,0.8735177865612648,0.8905929851712493,0.014296798485297598,529,0.9022222222222223,0.9177777777777778,0.9155555555555556,0.9266666666666667,0.9044444444444444,0.9133333333333333,0.008999314102807403,385,0.8461354581673307,0.8622916666666667,0.8789427312775331,0.8745931758530183,0.8437777777777777,0.8611481619484653,0.014323646327653714,385,0.9022222222222221,0.9177777777777778,0.9155555555555555,0.9266666666666666,0.9044444444444444,0.9133333333333333,0.00899931410280739,385
420,0.011548042297363281,0.0038891534169999123,0.0421816349029541,0.004096446811674682,log_loss,1,8,2,best,"{'criterion': 'log_loss', 'max_depth': 1, 'min_samples_leaf': 8, 'min_samples_split': 2, 'splitter': 'best'}",0.9022222222222223,0.9177777777777778,0.9155555555555556,0.9266666666666666,0.9044444444444445,0.9133333333333333,0.008999314102807347,385,0.9547738693467337,0.9845360824742269,0.9192825112107623,0.9897959183673469,0.9789473684210527,0.9654671499640246,0.026017673054598133,121,0.8605577689243028,0.8671875,0.9118942731277533,0.8779527559055118,0.85,0.8735184595915136,0.021229905990591373,529,0.8444444444444444,0.8488888888888889,0.9111111111111111,0.8622222222222222,0.8266666666666667,0.8586666666666666,0.028582995894779598,529,0.96,0.9866666666666667,0.92,0.9911111111111112,0.9822222222222222,0.968,0.026278658665056857,73,0.8787632221318145,0.88871096877502,0.913503971756399,0.8984689766317486,0.8735177865612648,0.8905929851712493,0.014296798485297598,529,0.9022222222222223,0.9177777777777778,0.9155555555555556,0.9266666666666667,0.9044444444444444,0.9133333333333333,0.008999314102807403,385,0.8461354581673307,0.8622916666666667,0.8789427312775331,0.8745931758530183,0.8437777777777777,0.8611481619484653,0.014323646327653714,385,0.9022222222222221,0.9177777777777778,0.9155555555555555,0.9266666666666666,0.9044444444444444,0.9133333333333333,0.00899931410280739,385
202,0.019045495986938478,0.01620760609399526,0.0649327278137207,0.018102426657853096,entropy,1,3,4,best,"{'criterion': 'entropy', 'max_depth': 1, 'min_samples_leaf': 3, 'min_samples_split': 4, 'splitter': 'best'}",0.9022222222222223,0.9177777777777778,0.9155555555555556,0.9266666666666666,0.9044444444444445,0.9133333333333333,0.008999314102807347,385,0.9547738693467337,0.9845360824742269,0.9192825112107623,0.9897959183673469,0.9789473684210527,0.9654671499640246,0.026017673054598133,121,0.8605577689243028,0.8671875,0.9118942731277533,0.8779527559055118,0.85,0.8735184595915136,0.021229905990591373,529,0.8444444444444444,0.8488888888888889,0.9111111111111111,0.8622222222222222,0.8266666666666667,0.8586666666666666,0.028582995894779598,529,0.96,0.9866666666666667,0.92,0.9911111111111112,0.9822222222222222,0.968,0.026278658665056857,73,0.8787632221318145,0.88871096877502,0.913503971756399,0.8984689766317486,0.8735177865612648,0.8905929851712493,0.014296798485297598,529,0.9022222222222223,0.9177777777777778,0.9155555555555556,0.9266666666666667,0.9044444444444444,0.9133333333333333,0.008999314102807403,385,0.8461354581673307,0.8622916666666667,0.8789427312775331,0.8745931758530183,0.8437777777777777,0.8611481619484653,0.014323646327653714,385,0.9022222222222221,0.9177777777777778,0.9155555555555555,0.9266666666666666,0.9044444444444444,0.9133333333333333,0.00899931410280739,385
390,0.012730693817138672,0.003573364945127921,0.04237146377563476,0.010736821649107999,log_loss,1,3,2,best,"{'criterion': 'log_loss', 'max_depth': 1, 'min_samples_leaf': 3, 'min_samples_split': 2, 'splitter': 'best'}",0.9022222222222223,0.9177777777777778,0.9155555555555556,0.9266666666666666,0.9044444444444445,0.9133333333333333,0.008999314102807347,385,0.9547738693467337,0.9845360824742269,0.9192825112107623,0.9897959183673469,0.9789473684210527,0.9654671499640246,0.026017673054598133,121,0.8605577689243028,0.8671875,0.9118942731277533,0.8779527559055118,0.85,0.8735184595915136,0.021229905990591373,529,0.8444444444444444,0.8488888888888889,0.9111111111111111,0.8622222222222222,0.8266666666666667,0.8586666666666666,0.028582995894779598,529,0.96,0.9866666666666667,0.92,0.9911111111111112,0.9822222222222222,0.968,0.026278658665056857,73,0.8787632221318145,0.88871096877502,0.913503971756399,0.8984689766317486,0.8735177865612648,0.8905929851712493,0.014296798485297598,529,0.9022222222222223,0.9177777777777778,0.9155555555555556,0.9266666666666667,0.9044444444444444,0.9133333333333333,0.008999314102807403,385,0.8461354581673307,0.8622916666666667,0.8789427312775331,0.8745931758530183,0.8437777777777777,0.8611481619484653,0.014323646327653714,385,0.9022222222222221,0.9177777777777778,0.9155555555555555,0.9266666666666666,0.9044444444444444,0.9133333333333333,0.00899931410280739,385
396,0.010536956787109374,0.0038304043883577734,0.03998942375183105,0.006674041919233582,log_loss,1,4,2,best,"{'criterion': 'log_loss', 'max_depth': 1, 'min_samples_leaf': 4, 'min_samples_split': 2, 'splitter': 'best'}",0.9022222222222223,0.9177777777777778,0.9155555555555556,0.9266666666666666,0.9044444444444445,0.9133333333333333,0.008999314102807347,385,0.9547738693467337,0.9845360824742269,0.9192825112107623,0.9897959183673469,0.9789473684210527,0.9654671499640246,0.026017673054598133,121,0.8605577689243028,0.8671875,0.9118942731277533,0.8779527559055118,0.85,0.8735184595915136,0.021229905990591373,529,0.8444444444444444,0.8488888888888889,0.9111111111111111,0.8622222222222222,0.8266666666666667,0.8586666666666666,0.028582995894779598,529,0.96,0.9866666666666667,0.92,0.9911111111111112,0.9822222222222222,0.968,0.026278658665056857,73,0.8787632221318145,0.88871096877502,0.913503971756399,0.8984689766317486,0.8735177865612648,0.8905929851712493,0.014296798485297598,529,0.9022222222222223,0.9177777777777778,0.9155555555555556,0.9266666666666667,0.9044444444444444,0.9133333333333333,0.008999314102807403,385,0.8461354581673307,0.8622916666666667,0.8789427312775331,0.8745931758530183,0.8437777777777777,0.8611481619484653,0.014323646327653714,385,0.9022222222222221,0.9177777777777778,0.9155555555555555,0.9266666666666666,0.9044444444444444,0.9133333333333333,0.00899931410280739,385
384,0.004910993576049805,0.006179453610688368,0.04169926643371582,0.010454146613820967,log_loss,1,2,2,best,"{'criterion': 'log_loss', 'max_depth': 1, 'min_samples_leaf': 2, 'min_samples_split': 2, 'splitter': 'best'}",0.9022222222222223,0.9177777777777778,0.9155555555555556,0.9266666666666666,0.9044444444444445,0.9133333333333333,0.008999314102807347,385,0.9547738693467337,0.9845360824742269,0.9192825112107623,0.9897959183673469,0.9789473684210527,0.9654671499640246,0.026017673054598133,121,0.8605577689243028,0.8671875,0.9118942731277533,0.8779527559055118,0.85,0.8735184595915136,0.021229905990591373,529,0.8444444444444444,0.8488888888888889,0.9111111111111111,0.8622222222222222,0.8266666666666667,0.8586666666666666,0.028582995894779598,529,0.96,0.9866666666666667,0.92,0.9911111111111112,0.9822222222222222,0.968,0.026278658665056857,73,0.8787632221318145,0.88871096877502,0.913503971756399,0.8984689766317486,0.8735177865612648,0.8905929851712493,0.014296798485297598,529,0.9022222222222223,0.9177777777777778,0.9155555555555556,0.9266666666666667,0.9044444444444444,0.9133333333333333,0.008999314102807403,385,0.8461354581673307,0.8622916666666667,0.8789427312775331,0.8745931758530183,0.8437777777777777,0.8611481619484653,0.014323646327653714,385,0.9022222222222221,0.9177777777777778,0.9155555555555555,0.9266666666666666,0.9044444444444444,0.9133333333333333,0.00899931410280739,385
398,0.006790828704833984,0.004721852393480374,0.04970693588256836,0.007346633321360645,log_loss,1,4,3,best,"{'criterion': 'log_loss', 'max_depth': 1, 'min_samples_leaf': 4, 'min_samples_split': 3, 'splitter': 'best'}",0.9022222222222223,0.9177777777777778,0.9155555555555556,0.9266666666666666,0.9044444444444445,0.9133333333333333,0.008999314102807347,385,0.9547738693467337,0.9845360824742269,0.9192825112107623,0.9897959183673469,0.9789473684210527,0.9654671499640246,0.026017673054598133,121,0.8605577689243028,0.8671875,0.9118942731277533,0.8779527559055118,0.85,0.8735184595915136,0.021229905990591373,529,0.8444444444444444,0.8488888888888889,0.9111111111111111,0.8622222222222222,0.8266666666666667,0.8586666666666666,0.028582995894779598,529,0.96,0.9866666666666667,0.92,0.9911111111111112,0.9822222222222222,0.968,0.026278658665056857,73,0.8787632221318145,0.88871096877502,0.913503971756399,0.8984689766317486,0.8735177865612648,0.8905929851712493,0.014296798485297598,529,0.9022222222222223,0.9177777777777778,0.9155555555555556,0.9266666666666667,0.9044444444444444,0.9133333333333333,0.008999314102807403,385,0.8461354581673307,0.8622916666666667,0.8789427312775331,0.8745931758530183,0.8437777777777777,0.8611481619484653,0.014323646327653714,385,0.9022222222222221,0.9177777777777778,0.9155555555555555,0.9266666666666666,0.9044444444444444,0.9133333333333333,0.00899931410280739,385
392,0.01603093147277832,0.005625420618895613,0.044298219680786136,0.004113942504891163,log_loss,1,3,3,best,"{'criterion': 'log_loss', 'max_depth': 1, 'min_samples_leaf': 3, 'min_samples_split': 3, 'splitter': 'best'}",0.9022222222222223,0.9177777777777778,0.9155555555555556,0.9266666666666666,0.9044444444444445,0.9133333333333333,0.008999314102807347,385,0.9547738693467337,0.9845360824742269,0.9192825112107623,0.9897959183673469,0.9789473684210527,0.9654671499640246,0.026017673054598133,121,0.8605577689243028,0.8671875,0.9118942731277533,0.8779527559055118,0.85,0.8735184595915136,0.021229905990591373,529,0.8444444444444444,0.8488888888888889,0.9111111111111111,0.8622222222222222,0.8266666666666667,0.8586666666666666,0.028582995894779598,529,0.96,0.9866666666666667,0.92,0.9911111111111112,0.9822222222222222,0.968,0.026278658665056857,73,0.8787632221318145,0.88871096877502,0.913503971756399,0.8984689766317486,0.8735177865612648,0.8905929851712493,0.014296798485297598,529,0.9022222222222223,0.9177777777777778,0.9155555555555556,0.9266666666666667,0.9044444444444444,0.9133333333333333,0.008999314102807403,385,0.8461354581673307,0.8622916666666667,0.8789427312775331,0.8745931758530183,0.8437777777777777,0.8611481619484653,0.014323646327653714,385,0.9022222222222221,0.9177777777777778,0.9155555555555555,0.9266666666666666,0.9044444444444444,0.9133333333333333,0.00899931410280739,385
400,0.012652397155761719,0.003153704614958376,0.04165205955505371,0.0032723264574578055,log_loss,1,4,4,best,"{'criterion': 'log_loss', 'max_depth': 1, 'min_samples_leaf': 4, 'min_samples_split': 4, 'splitter': 'best'}",0.9022222222222223,0.9177777777777778,0.9155555555555556,0.9266666666666666,0.9044444444444445,0.9133333333333333,0.008999314102807347,385,0.9547738693467337,0.9845360824742269,0.9192825112107623,0.9897959183673469,0.9789473684210527,0.9654671499640246,0.026017673054598133,121,0.8605577689243028,0.8671875,0.9118942731277533,0.8779527559055118,0.85,0.8735184595915136,0.021229905990591373,529,0.8444444444444444,0.8488888888888889,0.9111111111111111,0.8622222222222222,0.8266666666666667,0.8586666666666666,0.028582995894779598,529,0.96,0.9866666666666667,0.92,0.9911111111111112,0.9822222222222222,0.968,0.026278658665056857,73,0.8787632221318145,0.88871096877502,0.913503971756399,0.8984689766317486,0.8735177865612648,0.8905929851712493,0.014296798485297598,529,0.9022222222222223,0.9177777777777778,0.9155555555555556,0.9266666666666667,0.9044444444444444,0.9133333333333333,0.008999314102807403,385,0.8461354581673307,0.8622916666666667,0.8789427312775331,0.8745931758530183,0.8437777777777777,0.8611481619484653,0.014323646327653714,385,0.9022222222222221,0.9177777777777778,0.9155555555555555,0.9266666666666666,0.9044444444444444,0.9133333333333333,0.00899931410280739,385
402,0.007207345962524414,0.004437912867906393,0.04336986541748047,0.002826166891110702,log_loss,1,5,2,best,"{'criterion': 'log_loss', 'max_depth': 1, 'min_samples_leaf': 5, 'min_samples_split': 2, 'splitter': 'best'}",0.9022222222222223,0.9177777777777778,0.9155555555555556,0.9266666666666666,0.9044444444444445,0.9133333333333333,0.008999314102807347,385,0.9547738693467337,0.9845360824742269,0.9192825112107623,0.9897959183673469,0.9789473684210527,0.9654671499640246,0.026017673054598133,121,0.8605577689243028,0.8671875,0.9118942731277533,0.8779527559055118,0.85,0.8735184595915136,0.021229905990591373,529,0.8444444444444444,0.8488888888888889,0.9111111111111111,0.8622222222222222,0.8266666666666667,0.8586666666666666,0.028582995894779598,529,0.96,0.9866666666666667,0.92,0.9911111111111112,0.9822222222222222,0.968,0.026278658665056857,73,0.8787632221318145,0.88871096877502,0.913503971756399,0.8984689766317486,0.8735177865612648,0.8905929851712493,0.014296798485297598,529,0.9022222222222223,0.9177777777777778,0.9155555555555556,0.9266666666666667,0.9044444444444444,0.9133333333333333,0.008999314102807403,385,0.8461354581673307,0.8622916666666667,0.8789427312775331,0.8745931758530183,0.8437777777777777,0.8611481619484653,0.014323646327653714,385,0.9022222222222221,0.9177777777777778,0.9155555555555555,0.9266666666666666,0.9044444444444444,0.9133333333333333,0.00899931410280739,385
236,0.010799026489257813,0.0021162498663688297,0.040086221694946286,0.0016709404036157733,entropy,1,9,3,best,"{'criterion': 'entropy', 'max_depth': 1, 'min_samples_leaf': 9, 'min_samples_split': 3, 'splitter': 'best'}",0.9022222222222223,0.9177777777777778,0.9155555555555556,0.9266666666666666,0.9044444444444445,0.9133333333333333,0.008999314102807347,385,0.9547738693467337,0.9845360824742269,0.9192825112107623,0.9897959183673469,0.9789473684210527,0.9654671499640246,0.026017673054598133,121,0.8605577689243028,0.8671875,0.9118942731277533,0.8779527559055118,0.85,0.8735184595915136,0.021229905990591373,529,0.8444444444444444,0.8488888888888889,0.9111111111111111,0.8622222222222222,0.8266666666666667,0.8586666666666666,0.028582995894779598,529,0.96,0.9866666666666667,0.92,0.9911111111111112,0.9822222222222222,0.968,0.026278658665056857,73,0.8787632221318145,0.88871096877502,0.913503971756399,0.8984689766317486,0.8735177865612648,0.8905929851712493,0.014296798485297598,529,0.9022222222222223,0.9177777777777778,0.9155555555555556,0.9266666666666667,0.9044444444444444,0.9133333333333333,0.008999314102807403,385,0.8461354581673307,0.8622916666666667,0.8789427312775331,0.8745931758530183,0.8437777777777777,0.8611481619484653,0.014323646327653714,385,0.9022222222222221,0.9177777777777778,0.9155555555555555,0.9266666666666666,0.9044444444444444,0.9133333333333333,0.00899931410280739,385
412,0.01107010841369629,0.002271941286315767,0.04333963394165039,0.005466934782211071,log_loss,1,6,4,best,"{'criterion': 'log_loss', 'max_depth': 1, 'min_samples_leaf': 6, 'min_samples_split': 4, 'splitter': 'best'}",0.9022222222222223,0.9177777777777778,0.9155555555555556,0.9266666666666666,0.9044444444444445,0.9133333333333333,0.008999314102807347,385,0.9547738693467337,0.9845360824742269,0.9192825112107623,0.9897959183673469,0.9789473684210527,0.9654671499640246,0.026017673054598133,121,0.8605577689243028,0.8671875,0.9118942731277533,0.8779527559055118,0.85,0.8735184595915136,0.021229905990591373,529,0.8444444444444444,0.8488888888888889,0.9111111111111111,0.8622222222222222,0.8266666666666667,0.8586666666666666,0.028582995894779598,529,0.96,0.9866666666666667,0.92,0.9911111111111112,0.9822222222222222,0.968,0.026278658665056857,73,0.8787632221318145,0.88871096877502,0.913503971756399,0.8984689766317486,0.8735177865612648,0.8905929851712493,0.014296798485297598,529,0.9022222222222223,0.9177777777777778,0.9155555555555556,0.9266666666666667,0.9044444444444444,0.9133333333333333,0.008999314102807403,385,0.8461354581673307,0.8622916666666667,0.8789427312775331,0.8745931758530183,0.8437777777777777,0.8611481619484653,0.014323646327653714,385,0.9022222222222221,0.9177777777777778,0.9155555555555555,0.9266666666666666,0.9044444444444444,0.9133333333333333,0.00899931410280739,385
404,0.01041398048400879,0.0031189195293293195,0.04527535438537598,0.005134186477889872,log_loss,1,5,3,best,"{'criterion': 'log_loss', 'max_depth': 1, 'min_samples_leaf': 5, 'min_samples_split': 3, 'splitter': 'best'}",0.9022222222222223,0.9177777777777778,0.9155555555555556,0.9266666666666666,0.9044444444444445,0.9133333333333333,0.008999314102807347,385,0.9547738693467337,0.9845360824742269,0.9192825112107623,0.9897959183673469,0.9789473684210527,0.9654671499640246,0.026017673054598133,121,0.8605577689243028,0.8671875,0.9118942731277533,0.8779527559055118,0.85,0.8735184595915136,0.021229905990591373,529,0.8444444444444444,0.8488888888888889,0.9111111111111111,0.8622222222222222,0.8266666666666667,0.8586666666666666,0.028582995894779598,529,0.96,0.9866666666666667,0.92,0.9911111111111112,0.9822222222222222,0.968,0.026278658665056857,73,0.8787632221318145,0.88871096877502,0.913503971756399,0.8984689766317486,0.8735177865612648,0.8905929851712493,0.014296798485297598,529,0.9022222222222223,0.9177777777777778,0.9155555555555556,0.9266666666666667,0.9044444444444444,0.9133333333333333,0.008999314102807403,385,0.8461354581673307,0.8622916666666667,0.8789427312775331,0.8745931758530183,0.8437777777777777,0.8611481619484653,0.014323646327653714,385,0.9022222222222221,0.9177777777777778,0.9155555555555555,0.9266666666666666,0.9044444444444444,0.9133333333333333,0.00899931410280739,385
406,0.009341669082641602,0.0034094838928535594,0.04231758117675781,0.0029506168302419014,log_loss,1,5,4,best,"{'criterion': 'log_loss', 'max_depth': 1, 'min_samples_leaf': 5, 'min_samples_split': 4, 'splitter': 'best'}",0.9022222222222223,0.9177777777777778,0.9155555555555556,0.9266666666666666,0.9044444444444445,0.9133333333333333,0.008999314102807347,385,0.9547738693467337,0.9845360824742269,0.9192825112107623,0.9897959183673469,0.9789473684210527,0.9654671499640246,0.026017673054598133,121,0.8605577689243028,0.8671875,0.9118942731277533,0.8779527559055118,0.85,0.8735184595915136,0.021229905990591373,529,0.8444444444444444,0.8488888888888889,0.9111111111111111,0.8622222222222222,0.8266666666666667,0.8586666666666666,0.028582995894779598,529,0.96,0.9866666666666667,0.92,0.9911111111111112,0.9822222222222222,0.968,0.026278658665056857,73,0.8787632221318145,0.88871096877502,0.913503971756399,0.8984689766317486,0.8735177865612648,0.8905929851712493,0.014296798485297598,529,0.9022222222222223,0.9177777777777778,0.9155555555555556,0.9266666666666667,0.9044444444444444,0.9133333333333333,0.008999314102807403,385,0.8461354581673307,0.8622916666666667,0.8789427312775331,0.8745931758530183,0.8437777777777777,0.8611481619484653,0.014323646327653714,385,0.9022222222222221,0.9177777777777778,0.9155555555555555,0.9266666666666666,0.9044444444444444,0.9133333333333333,0.00899931410280739,385
238,0.010379457473754882,0.0018249823581441371,0.04178285598754883,0.0028583390243403016,entropy,1,9,4,best,"{'criterion': 'entropy', 'max_depth': 1, 'min_samples_leaf': 9, 'min_samples_split': 4, 'splitter': 'best'}",0.9022222222222223,0.9177777777777778,0.9155555555555556,0.9266666666666666,0.9044444444444445,0.9133333333333333,0.008999314102807347,385,0.9547738693467337,0.9845360824742269,0.9192825112107623,0.9897959183673469,0.9789473684210527,0.9654671499640246,0.026017673054598133,121,0.8605577689243028,0.8671875,0.9118942731277533,0.8779527559055118,0.85,0.8735184595915136,0.021229905990591373,529,0.8444444444444444,0.8488888888888889,0.9111111111111111,0.8622222222222222,0.8266666666666667,0.8586666666666666,0.028582995894779598,529,0.96,0.9866666666666667,0.92,0.9911111111111112,0.9822222222222222,0.968,0.026278658665056857,73,0.8787632221318145,0.88871096877502,0.913503971756399,0.8984689766317486,0.8735177865612648,0.8905929851712493,0.014296798485297598,529,0.9022222222222223,0.9177777777777778,0.9155555555555556,0.9266666666666667,0.9044444444444444,0.9133333333333333,0.008999314102807403,385,0.8461354581673307,0.8622916666666667,0.8789427312775331,0.8745931758530183,0.8437777777777777,0.8611481619484653,0.014323646327653714,385,0.9022222222222221,0.9177777777777778,0.9155555555555555,0.9266666666666666,0.9044444444444444,0.9133333333333333,0.00899931410280739,385
388,0.014069318771362305,0.004223038431833603,0.036772727966308594,0.006356747051444649,log_loss,1,2,4,best,"{'criterion': 'log_loss', 'max_depth': 1, 'min_samples_leaf': 2, 'min_samples_split': 4, 'splitter': 'best'}",0.9022222222222223,0.9177777777777778,0.9155555555555556,0.9266666666666666,0.9044444444444445,0.9133333333333333,0.008999314102807347,385,0.9547738693467337,0.9845360824742269,0.9192825112107623,0.9897959183673469,0.9789473684210527,0.9654671499640246,0.026017673054598133,121,0.8605577689243028,0.8671875,0.9118942731277533,0.8779527559055118,0.85,0.8735184595915136,0.021229905990591373,529,0.8444444444444444,0.8488888888888889,0.9111111111111111,0.8622222222222222,0.8266666666666667,0.8586666666666666,0.028582995894779598,529,0.96,0.9866666666666667,0.92,0.9911111111111112,0.9822222222222222,0.968,0.026278658665056857,73,0.8787632221318145,0.88871096877502,0.913503971756399,0.8984689766317486,0.8735177865612648,0.8905929851712493,0.014296798485297598,529,0.9022222222222223,0.9177777777777778,0.9155555555555556,0.9266666666666667,0.9044444444444444,0.9133333333333333,0.008999314102807403,385,0.8461354581673307,0.8622916666666667,0.8789427312775331,0.8745931758530183,0.8437777777777777,0.8611481619484653,0.014323646327653714,385,0.9022222222222221,0.9177777777777778,0.9155555555555555,0.9266666666666666,0.9044444444444444,0.9133333333333333,0.00899931410280739,385
408,0.008211660385131835,0.0033475942308969497,0.04355006217956543,0.005840002237739869,log_loss,1,6,2,best,"{'criterion': 'log_loss', 'max_depth': 1, 'min_samples_leaf': 6, 'min_samples_split': 2, 'splitter': 'best'}",0.9022222222222223,0.9177777777777778,0.9155555555555556,0.9266666666666666,0.9044444444444445,0.9133333333333333,0.008999314102807347,385,0.9547738693467337,0.9845360824742269,0.9192825112107623,0.9897959183673469,0.9789473684210527,0.9654671499640246,0.026017673054598133,121,0.8605577689243028,0.8671875,0.9118942731277533,0.8779527559055118,0.85,0.8735184595915136,0.021229905990591373,529,0.8444444444444444,0.8488888888888889,0.9111111111111111,0.8622222222222222,0.8266666666666667,0.8586666666666666,0.028582995894779598,529,0.96,0.9866666666666667,0.92,0.9911111111111112,0.9822222222222222,0.968,0.026278658665056857,73,0.8787632221318145,0.88871096877502,0.913503971756399,0.8984689766317486,0.8735177865612648,0.8905929851712493,0.014296798485297598,529,0.9022222222222223,0.9177777777777778,0.9155555555555556,0.9266666666666667,0.9044444444444444,0.9133333333333333,0.008999314102807403,385,0.8461354581673307,0.8622916666666667,0.8789427312775331,0.8745931758530183,0.8437777777777777,0.8611481619484653,0.014323646327653714,385,0.9022222222222221,0.9177777777777778,0.9155555555555555,0.9266666666666666,0.9044444444444444,0.9133333333333333,0.00899931410280739,385
410,0.007048940658569336,0.0044466523169572865,0.046001768112182616,0.005234938538444065,log_loss,1,6,3,best,"{'criterion': 'log_loss', 'max_depth': 1, 'min_samples_leaf': 6, 'min_samples_split': 3, 'splitter': 'best'}",0.9022222222222223,0.9177777777777778,0.9155555555555556,0.9266666666666666,0.9044444444444445,0.9133333333333333,0.008999314102807347,385,0.9547738693467337,0.9845360824742269,0.9192825112107623,0.9897959183673469,0.9789473684210527,0.9654671499640246,0.026017673054598133,121,0.8605577689243028,0.8671875,0.9118942731277533,0.8779527559055118,0.85,0.8735184595915136,0.021229905990591373,529,0.8444444444444444,0.8488888888888889,0.9111111111111111,0.8622222222222222,0.8266666666666667,0.8586666666666666,0.028582995894779598,529,0.96,0.9866666666666667,0.92,0.9911111111111112,0.9822222222222222,0.968,0.026278658665056857,73,0.8787632221318145,0.88871096877502,0.913503971756399,0.8984689766317486,0.8735177865612648,0.8905929851712493,0.014296798485297598,529,0.9022222222222223,0.9177777777777778,0.9155555555555556,0.9266666666666667,0.9044444444444444,0.9133333333333333,0.008999314102807403,385,0.8461354581673307,0.8622916666666667,0.8789427312775331,0.8745931758530183,0.8437777777777777,0.8611481619484653,0.014323646327653714,385,0.9022222222222221,0.9177777777777778,0.9155555555555555,0.9266666666666666,0.9044444444444444,0.9133333333333333,0.00899931410280739,385
394,0.019616127014160156,0.006591356249838601,0.04018087387084961,0.010301757159189155,log_loss,1,3,4,best,"{'criterion': 'log_loss', 'max_depth': 1, 'min_samples_leaf': 3, 'min_samples_split': 4, 'splitter': 'best'}",0.9022222222222223,0.9177777777777778,0.9155555555555556,0.9266666666666666,0.9044444444444445,0.9133333333333333,0.008999314102807347,385,0.9547738693467337,0.9845360824742269,0.9192825112107623,0.9897959183673469,0.9789473684210527,0.9654671499640246,0.026017673054598133,121,0.8605577689243028,0.8671875,0.9118942731277533,0.8779527559055118,0.85,0.8735184595915136,0.021229905990591373,529,0.8444444444444444,0.8488888888888889,0.9111111111111111,0.8622222222222222,0.8266666666666667,0.8586666666666666,0.028582995894779598,529,0.96,0.9866666666666667,0.92,0.9911111111111112,0.9822222222222222,0.968,0.026278658665056857,73,0.8787632221318145,0.88871096877502,0.913503971756399,0.8984689766317486,0.8735177865612648,0.8905929851712493,0.014296798485297598,529,0.9022222222222223,0.9177777777777778,0.9155555555555556,0.9266666666666667,0.9044444444444444,0.9133333333333333,0.008999314102807403,385,0.8461354581673307,0.8622916666666667,0.8789427312775331,0.8745931758530183,0.8437777777777777,0.8611481619484653,0.014323646327653714,385,0.9022222222222221,0.9177777777777778,0.9155555555555555,0.9266666666666666,0.9044444444444444,0.9133333333333333,0.00899931410280739,385
386,0.013978338241577149,0.006588153787522039,0.03977823257446289,0.005160997790054024,log_loss,1,2,3,best,"{'criterion': 'log_loss', 'max_depth': 1, 'min_samples_leaf': 2, 'min_samples_split': 3, 'splitter': 'best'}",0.9022222222222223,0.9177777777777778,0.9155555555555556,0.9266666666666666,0.9044444444444445,0.9133333333333333,0.008999314102807347,385,0.9547738693467337,0.9845360824742269,0.9192825112107623,0.9897959183673469,0.9789473684210527,0.9654671499640246,0.026017673054598133,121,0.8605577689243028,0.8671875,0.9118942731277533,0.8779527559055118,0.85,0.8735184595915136,0.021229905990591373,529,0.8444444444444444,0.8488888888888889,0.9111111111111111,0.8622222222222222,0.8266666666666667,0.8586666666666666,0.028582995894779598,529,0.96,0.9866666666666667,0.92,0.9911111111111112,0.9822222222222222,0.968,0.026278658665056857,73,0.8787632221318145,0.88871096877502,0.913503971756399,0.8984689766317486,0.8735177865612648,0.8905929851712493,0.014296798485297598,529,0.9022222222222223,0.9177777777777778,0.9155555555555556,0.9266666666666667,0.9044444444444444,0.9133333333333333,0.008999314102807403,385,0.8461354581673307,0.8622916666666667,0.8789427312775331,0.8745931758530183,0.8437777777777777,0.8611481619484653,0.014323646327653714,385,0.9022222222222221,0.9177777777777778,0.9155555555555555,0.9266666666666666,0.9044444444444444,0.9133333333333333,0.00899931410280739,385
234,0.006569480895996094,0.0027410694961735624,0.04538617134094238,0.0035744956231824653,entropy,1,9,2,best,"{'criterion': 'entropy', 'max_depth': 1, 'min_samples_leaf': 9, 'min_samples_split': 2, 'splitter': 'best'}",0.9022222222222223,0.9177777777777778,0.9155555555555556,0.9266666666666666,0.9044444444444445,0.9133333333333333,0.008999314102807347,385,0.9547738693467337,0.9845360824742269,0.9192825112107623,0.9897959183673469,0.9789473684210527,0.9654671499640246,0.026017673054598133,121,0.8605577689243028,0.8671875,0.9118942731277533,0.8779527559055118,0.85,0.8735184595915136,0.021229905990591373,529,0.8444444444444444,0.8488888888888889,0.9111111111111111,0.8622222222222222,0.8266666666666667,0.8586666666666666,0.028582995894779598,529,0.96,0.9866666666666667,0.92,0.9911111111111112,0.9822222222222222,0.968,0.026278658665056857,73,0.8787632221318145,0.88871096877502,0.913503971756399,0.8984689766317486,0.8735177865612648,0.8905929851712493,0.014296798485297598,529,0.9022222222222223,0.9177777777777778,0.9155555555555556,0.9266666666666667,0.9044444444444444,0.9133333333333333,0.008999314102807403,385,0.8461354581673307,0.8622916666666667,0.8789427312775331,0.8745931758530183,0.8437777777777777,0.8611481619484653,0.014323646327653714,385,0.9022222222222221,0.9177777777777778,0.9155555555555555,0.9266666666666666,0.9044444444444444,0.9133333333333333,0.00899931410280739,385
23,0.0051859855651855465,0.003353067152608124,0.042607450485229494,0.010658650565328009,gini,1,5,4,random,"{'criterion': 'gini', 'max_depth': 1, 'min_samples_leaf': 5, 'min_samples_split': 4, 'splitter': 'random'}",0.9133333333333333,0.9177777777777778,0.9133333333333333,0.8111111111111111,0.9044444444444445,0.892,0.04067577311519129,433,0.9151785714285714,0.9392523364485982,0.9151785714285714,0.7348993288590604,0.9375,0.8884017616329603,0.07745115870404233,433,0.911504424778761,0.8983050847457628,0.911504424778761,0.9605263157894737,0.8760330578512396,0.9115746615887996,0.027696792526328156,337,0.9111111111111111,0.8933333333333333,0.9111111111111111,0.9733333333333334,0.8666666666666667,0.9111111111111111,0.03510829805890046,337,0.9155555555555556,0.9422222222222222,0.9155555555555556,0.6488888888888888,0.9422222222222222,0.8728888888888889,0.11263313110369534,433,0.912311780336581,0.9067579127459366,0.912311780336581,0.8763505402160864,0.8885163453478625,0.8992496717966094,0.014402677285634286,385,0.9133333333333333,0.9177777777777778,0.9133333333333333,0.8111111111111111,0.9044444444444444,0.892,0.040675773115191285,433,0.8767551622418879,0.875291902071563,0.8767551622418879,0.7988304093567251,0.8543067033976124,0.8563878678619353,0.030014023872931884,433,0.9133333333333333,0.9177777777777777,0.9133333333333333,0.8111111111111111,0.9044444444444444,0.892,0.04067577311519128,433
39,0.004828119277954101,0.004472879061200364,0.04415659904479981,0.011142345687372693,gini,1,8,3,random,"{'criterion': 'gini', 'max_depth': 1, 'min_samples_leaf': 8, 'min_samples_split': 3, 'splitter': 'random'}",0.9133333333333333,0.9177777777777778,0.9133333333333333,0.8111111111111111,0.9044444444444445,0.892,0.04067577311519129,433,0.9151785714285714,0.9392523364485982,0.9151785714285714,0.7348993288590604,0.9375,0.8884017616329603,0.07745115870404233,433,0.911504424778761,0.8983050847457628,0.911504424778761,0.9605263157894737,0.8760330578512396,0.9115746615887996,0.027696792526328156,337,0.9111111111111111,0.8933333333333333,0.9111111111111111,0.9733333333333334,0.8666666666666667,0.9111111111111111,0.03510829805890046,337,0.9155555555555556,0.9422222222222222,0.9155555555555556,0.6488888888888888,0.9422222222222222,0.8728888888888889,0.11263313110369534,433,0.912311780336581,0.9067579127459366,0.912311780336581,0.8763505402160864,0.8885163453478625,0.8992496717966094,0.014402677285634286,385,0.9133333333333333,0.9177777777777778,0.9133333333333333,0.8111111111111111,0.9044444444444444,0.892,0.040675773115191285,433,0.8767551622418879,0.875291902071563,0.8767551622418879,0.7988304093567251,0.8543067033976124,0.8563878678619353,0.030014023872931884,433,0.9133333333333333,0.9177777777777777,0.9133333333333333,0.8111111111111111,0.9044444444444444,0.892,0.04067577311519128,433
95,0.005347108840942383,0.004757668149579691,0.04818458557128906,0.01105238255359929,gini,2,9,4,random,"{'criterion': 'gini', 'max_depth': 2, 'min_samples_leaf': 9, 'min_samples_split': 4, 'splitter': 'random'}",0.9133333333333333,0.9177777777777778,0.9133333333333333,0.8111111111111111,0.9044444444444445,0.892,0.04067577311519129,433,0.9151785714285714,0.9392523364485982,0.9151785714285714,0.7348993288590604,0.9375,0.8884017616329603,0.07745115870404233,433,0.911504424778761,0.8983050847457628,0.911504424778761,0.9605263157894737,0.8760330578512396,0.9115746615887996,0.027696792526328156,337,0.9111111111111111,0.8933333333333333,0.9111111111111111,0.9733333333333334,0.8666666666666667,0.9111111111111111,0.03510829805890046,337,0.9155555555555556,0.9422222222222222,0.9155555555555556,0.6488888888888888,0.9422222222222222,0.8728888888888889,0.11263313110369534,433,0.912311780336581,0.9067579127459366,0.912311780336581,0.8763505402160864,0.8885163453478625,0.8992496717966094,0.014402677285634286,385,0.9133333333333333,0.9177777777777778,0.9133333333333333,0.8111111111111111,0.9044444444444444,0.892,0.040675773115191285,433,0.8767551622418879,0.875291902071563,0.8767551622418879,0.7988304093567251,0.8543067033976124,0.8563878678619353,0.030014023872931884,433,0.9133333333333333,0.9177777777777777,0.9133333333333333,0.8111111111111111,0.9044444444444444,0.892,0.04067577311519128,433
93,0.0034434318542480467,0.0031712598787396445,0.040710067749023436,0.005599804988592816,gini,2,9,3,random,"{'criterion': 'gini', 'max_depth': 2, 'min_samples_leaf': 9, 'min_samples_split': 3, 'splitter': 'random'}",0.9133333333333333,0.9177777777777778,0.9133333333333333,0.8111111111111111,0.9044444444444445,0.892,0.04067577311519129,433,0.9151785714285714,0.9392523364485982,0.9151785714285714,0.7348993288590604,0.9375,0.8884017616329603,0.07745115870404233,433,0.911504424778761,0.8983050847457628,0.911504424778761,0.9605263157894737,0.8760330578512396,0.9115746615887996,0.027696792526328156,337,0.9111111111111111,0.8933333333333333,0.9111111111111111,0.9733333333333334,0.8666666666666667,0.9111111111111111,0.03510829805890046,337,0.9155555555555556,0.9422222222222222,0.9155555555555556,0.6488888888888888,0.9422222222222222,0.8728888888888889,0.11263313110369534,433,0.912311780336581,0.9067579127459366,0.912311780336581,0.8763505402160864,0.8885163453478625,0.8992496717966094,0.014402677285634286,385,0.9133333333333333,0.9177777777777778,0.9133333333333333,0.8111111111111111,0.9044444444444444,0.892,0.040675773115191285,433,0.8767551622418879,0.875291902071563,0.8767551622418879,0.7988304093567251,0.8543067033976124,0.8563878678619353,0.030014023872931884,433,0.9133333333333333,0.9177777777777777,0.9133333333333333,0.8111111111111111,0.9044444444444444,0.892,0.04067577311519128,433
91,0.006675100326538086,0.0045603561830750775,0.050160455703735354,0.011783853411146211,gini,2,9,2,random,"{'criterion': 'gini', 'max_depth': 2, 'min_samples_leaf': 9, 'min_samples_split': 2, 'splitter': 'random'}",0.9133333333333333,0.9177777777777778,0.9133333333333333,0.8111111111111111,0.9044444444444445,0.892,0.04067577311519129,433,0.9151785714285714,0.9392523364485982,0.9151785714285714,0.7348993288590604,0.9375,0.8884017616329603,0.07745115870404233,433,0.911504424778761,0.8983050847457628,0.911504424778761,0.9605263157894737,0.8760330578512396,0.9115746615887996,0.027696792526328156,337,0.9111111111111111,0.8933333333333333,0.9111111111111111,0.9733333333333334,0.8666666666666667,0.9111111111111111,0.03510829805890046,337,0.9155555555555556,0.9422222222222222,0.9155555555555556,0.6488888888888888,0.9422222222222222,0.8728888888888889,0.11263313110369534,433,0.912311780336581,0.9067579127459366,0.912311780336581,0.8763505402160864,0.8885163453478625,0.8992496717966094,0.014402677285634286,385,0.9133333333333333,0.9177777777777778,0.9133333333333333,0.8111111111111111,0.9044444444444444,0.892,0.040675773115191285,433,0.8767551622418879,0.875291902071563,0.8767551622418879,0.7988304093567251,0.8543067033976124,0.8563878678619353,0.030014023872931884,433,0.9133333333333333,0.9177777777777777,0.9133333333333333,0.8111111111111111,0.9044444444444444,0.892,0.04067577311519128,433
25,0.006463289260864258,0.003719168231583361,0.039475631713867185,0.0038403323066325437,gini,1,6,2,random,"{'criterion': 'gini', 'max_depth': 1, 'min_samples_leaf': 6, 'min_samples_split': 2, 'splitter': 'random'}",0.9133333333333333,0.9177777777777778,0.9133333333333333,0.8111111111111111,0.9044444444444445,0.892,0.04067577311519129,433,0.9151785714285714,0.9392523364485982,0.9151785714285714,0.7348993288590604,0.9375,0.8884017616329603,0.07745115870404233,433,0.911504424778761,0.8983050847457628,0.911504424778761,0.9605263157894737,0.8760330578512396,0.9115746615887996,0.027696792526328156,337,0.9111111111111111,0.8933333333333333,0.9111111111111111,0.9733333333333334,0.8666666666666667,0.9111111111111111,0.03510829805890046,337,0.9155555555555556,0.9422222222222222,0.9155555555555556,0.6488888888888888,0.9422222222222222,0.8728888888888889,0.11263313110369534,433,0.912311780336581,0.9067579127459366,0.912311780336581,0.8763505402160864,0.8885163453478625,0.8992496717966094,0.014402677285634286,385,0.9133333333333333,0.9177777777777778,0.9133333333333333,0.8111111111111111,0.9044444444444444,0.892,0.040675773115191285,433,0.8767551622418879,0.875291902071563,0.8767551622418879,0.7988304093567251,0.8543067033976124,0.8563878678619353,0.030014023872931884,433,0.9133333333333333,0.9177777777777777,0.9133333333333333,0.8111111111111111,0.9044444444444444,0.892,0.04067577311519128,433
21,0.006091547012329101,0.003962493227924234,0.04134635925292969,0.005686155748440438,gini,1,5,3,random,"{'criterion': 'gini', 'max_depth': 1, 'min_samples_leaf': 5, 'min_samples_split': 3, 'splitter': 'random'}",0.9133333333333333,0.9177777777777778,0.9133333333333333,0.8111111111111111,0.9044444444444445,0.892,0.04067577311519129,433,0.9151785714285714,0.9392523364485982,0.9151785714285714,0.7348993288590604,0.9375,0.8884017616329603,0.07745115870404233,433,0.911504424778761,0.8983050847457628,0.911504424778761,0.9605263157894737,0.8760330578512396,0.9115746615887996,0.027696792526328156,337,0.9111111111111111,0.8933333333333333,0.9111111111111111,0.9733333333333334,0.8666666666666667,0.9111111111111111,0.03510829805890046,337,0.9155555555555556,0.9422222222222222,0.9155555555555556,0.6488888888888888,0.9422222222222222,0.8728888888888889,0.11263313110369534,433,0.912311780336581,0.9067579127459366,0.912311780336581,0.8763505402160864,0.8885163453478625,0.8992496717966094,0.014402677285634286,385,0.9133333333333333,0.9177777777777778,0.9133333333333333,0.8111111111111111,0.9044444444444444,0.892,0.040675773115191285,433,0.8767551622418879,0.875291902071563,0.8767551622418879,0.7988304093567251,0.8543067033976124,0.8563878678619353,0.030014023872931884,433,0.9133333333333333,0.9177777777777777,0.9133333333333333,0.8111111111111111,0.9044444444444444,0.892,0.04067577311519128,433
15,0.009162235260009765,0.004917084766695776,0.03851990699768067,0.004095135976199071,gini,1,4,3,random,"{'criterion': 'gini', 'max_depth': 1, 'min_samples_leaf': 4, 'min_samples_split': 3, 'splitter': 'random'}",0.9133333333333333,0.9177777777777778,0.9133333333333333,0.8111111111111111,0.9044444444444445,0.892,0.04067577311519129,433,0.9151785714285714,0.9392523364485982,0.9151785714285714,0.7348993288590604,0.9375,0.8884017616329603,0.07745115870404233,433,0.911504424778761,0.8983050847457628,0.911504424778761,0.9605263157894737,0.8760330578512396,0.9115746615887996,0.027696792526328156,337,0.9111111111111111,0.8933333333333333,0.9111111111111111,0.9733333333333334,0.8666666666666667,0.9111111111111111,0.03510829805890046,337,0.9155555555555556,0.9422222222222222,0.9155555555555556,0.6488888888888888,0.9422222222222222,0.8728888888888889,0.11263313110369534,433,0.912311780336581,0.9067579127459366,0.912311780336581,0.8763505402160864,0.8885163453478625,0.8992496717966094,0.014402677285634286,385,0.9133333333333333,0.9177777777777778,0.9133333333333333,0.8111111111111111,0.9044444444444444,0.892,0.040675773115191285,433,0.8767551622418879,0.875291902071563,0.8767551622418879,0.7988304093567251,0.8543067033976124,0.8563878678619353,0.030014023872931884,433,0.9133333333333333,0.9177777777777777,0.9133333333333333,0.8111111111111111,0.9044444444444444,0.892,0.04067577311519128,433
17,0.004660511016845703,0.004017866389364422,0.040852689743041994,0.0022533179216180734,gini,1,4,4,random,"{'criterion': 'gini', 'max_depth': 1, 'min_samples_leaf': 4, 'min_samples_split': 4, 'splitter': 'random'}",0.9133333333333333,0.9177777777777778,0.9133333333333333,0.8111111111111111,0.9044444444444445,0.892,0.04067577311519129,433,0.9151785714285714,0.9392523364485982,0.9151785714285714,0.7348993288590604,0.9375,0.8884017616329603,0.07745115870404233,433,0.911504424778761,0.8983050847457628,0.911504424778761,0.9605263157894737,0.8760330578512396,0.9115746615887996,0.027696792526328156,337,0.9111111111111111,0.8933333333333333,0.9111111111111111,0.9733333333333334,0.8666666666666667,0.9111111111111111,0.03510829805890046,337,0.9155555555555556,0.9422222222222222,0.9155555555555556,0.6488888888888888,0.9422222222222222,0.8728888888888889,0.11263313110369534,433,0.912311780336581,0.9067579127459366,0.912311780336581,0.8763505402160864,0.8885163453478625,0.8992496717966094,0.014402677285634286,385,0.9133333333333333,0.9177777777777778,0.9133333333333333,0.8111111111111111,0.9044444444444444,0.892,0.040675773115191285,433,0.8767551622418879,0.875291902071563,0.8767551622418879,0.7988304093567251,0.8543067033976124,0.8563878678619353,0.030014023872931884,433,0.9133333333333333,0.9177777777777777,0.9133333333333333,0.8111111111111111,0.9044444444444444,0.892,0.04067577311519128,433
193,0.007794189453125,0.007280343203195649,0.06483187675476074,0.01381916048022885,entropy,1,2,2,random,"{'criterion': 'entropy', 'max_depth': 1, 'min_samples_leaf': 2, 'min_samples_split': 2, 'splitter': 'random'}",0.9133333333333333,0.9177777777777778,0.9133333333333333,0.8111111111111111,0.9044444444444445,0.892,0.04067577311519129,433,0.9151785714285714,0.9392523364485982,0.9151785714285714,0.7348993288590604,0.9375,0.8884017616329603,0.07745115870404233,433,0.911504424778761,0.8983050847457628,0.911504424778761,0.9605263157894737,0.8760330578512396,0.9115746615887996,0.027696792526328156,337,0.9111111111111111,0.8933333333333333,0.9111111111111111,0.9733333333333334,0.8666666666666667,0.9111111111111111,0.03510829805890046,337,0.9155555555555556,0.9422222222222222,0.9155555555555556,0.6488888888888888,0.9422222222222222,0.8728888888888889,0.11263313110369534,433,0.912311780336581,0.9067579127459366,0.912311780336581,0.8763505402160864,0.8885163453478625,0.8992496717966094,0.014402677285634286,385,0.9133333333333333,0.9177777777777778,0.9133333333333333,0.8111111111111111,0.9044444444444444,0.892,0.040675773115191285,433,0.8767551622418879,0.875291902071563,0.8767551622418879,0.7988304093567251,0.8543067033976124,0.8563878678619353,0.030014023872931884,433,0.9133333333333333,0.9177777777777777,0.9133333333333333,0.8111111111111111,0.9044444444444444,0.892,0.04067577311519128,433
89,0.008172178268432617,0.0027639234709708636,0.04474153518676758,0.010208960224156748,gini,2,8,4,random,"{'criterion': 'gini', 'max_depth': 2, 'min_samples_leaf': 8, 'min_samples_split': 4, 'splitter': 'random'}",0.9133333333333333,0.9177777777777778,0.9133333333333333,0.8111111111111111,0.9044444444444445,0.892,0.04067577311519129,433,0.9151785714285714,0.9392523364485982,0.9151785714285714,0.7348993288590604,0.9375,0.8884017616329603,0.07745115870404233,433,0.911504424778761,0.8983050847457628,0.911504424778761,0.9605263157894737,0.8760330578512396,0.9115746615887996,0.027696792526328156,337,0.9111111111111111,0.8933333333333333,0.9111111111111111,0.9733333333333334,0.8666666666666667,0.9111111111111111,0.03510829805890046,337,0.9155555555555556,0.9422222222222222,0.9155555555555556,0.6488888888888888,0.9422222222222222,0.8728888888888889,0.11263313110369534,433,0.912311780336581,0.9067579127459366,0.912311780336581,0.8763505402160864,0.8885163453478625,0.8992496717966094,0.014402677285634286,385,0.9133333333333333,0.9177777777777778,0.9133333333333333,0.8111111111111111,0.9044444444444444,0.892,0.040675773115191285,433,0.8767551622418879,0.875291902071563,0.8767551622418879,0.7988304093567251,0.8543067033976124,0.8563878678619353,0.030014023872931884,433,0.9133333333333333,0.9177777777777777,0.9133333333333333,0.8111111111111111,0.9044444444444444,0.892,0.04067577311519128,433
13,0.006379365921020508,0.0036796083134183664,0.03890371322631836,0.0032732425162128064,gini,1,4,2,random,"{'criterion': 'gini', 'max_depth': 1, 'min_samples_leaf': 4, 'min_samples_split': 2, 'splitter': 'random'}",0.9133333333333333,0.9177777777777778,0.9133333333333333,0.8111111111111111,0.9044444444444445,0.892,0.04067577311519129,433,0.9151785714285714,0.9392523364485982,0.9151785714285714,0.7348993288590604,0.9375,0.8884017616329603,0.07745115870404233,433,0.911504424778761,0.8983050847457628,0.911504424778761,0.9605263157894737,0.8760330578512396,0.9115746615887996,0.027696792526328156,337,0.9111111111111111,0.8933333333333333,0.9111111111111111,0.9733333333333334,0.8666666666666667,0.9111111111111111,0.03510829805890046,337,0.9155555555555556,0.9422222222222222,0.9155555555555556,0.6488888888888888,0.9422222222222222,0.8728888888888889,0.11263313110369534,433,0.912311780336581,0.9067579127459366,0.912311780336581,0.8763505402160864,0.8885163453478625,0.8992496717966094,0.014402677285634286,385,0.9133333333333333,0.9177777777777778,0.9133333333333333,0.8111111111111111,0.9044444444444444,0.892,0.040675773115191285,433,0.8767551622418879,0.875291902071563,0.8767551622418879,0.7988304093567251,0.8543067033976124,0.8563878678619353,0.030014023872931884,433,0.9133333333333333,0.9177777777777777,0.9133333333333333,0.8111111111111111,0.9044444444444444,0.892,0.04067577311519128,433
195,0.0052836894989013675,0.003210904363136146,0.039008808135986325,0.00465479512569764,entropy,1,2,3,random,"{'criterion': 'entropy', 'max_depth': 1, 'min_samples_leaf': 2, 'min_samples_split': 3, 'splitter': 'random'}",0.9133333333333333,0.9177777777777778,0.9133333333333333,0.8111111111111111,0.9044444444444445,0.892,0.04067577311519129,433,0.9151785714285714,0.9392523364485982,0.9151785714285714,0.7348993288590604,0.9375,0.8884017616329603,0.07745115870404233,433,0.911504424778761,0.8983050847457628,0.911504424778761,0.9605263157894737,0.8760330578512396,0.9115746615887996,0.027696792526328156,337,0.9111111111111111,0.8933333333333333,0.9111111111111111,0.9733333333333334,0.8666666666666667,0.9111111111111111,0.03510829805890046,337,0.9155555555555556,0.9422222222222222,0.9155555555555556,0.6488888888888888,0.9422222222222222,0.8728888888888889,0.11263313110369534,433,0.912311780336581,0.9067579127459366,0.912311780336581,0.8763505402160864,0.8885163453478625,0.8992496717966094,0.014402677285634286,385,0.9133333333333333,0.9177777777777778,0.9133333333333333,0.8111111111111111,0.9044444444444444,0.892,0.040675773115191285,433,0.8767551622418879,0.875291902071563,0.8767551622418879,0.7988304093567251,0.8543067033976124,0.8563878678619353,0.030014023872931884,433,0.9133333333333333,0.9177777777777777,0.9133333333333333,0.8111111111111111,0.9044444444444444,0.892,0.04067577311519128,433
11,0.009681129455566406,0.0020155606923018864,0.034978199005126956,0.004641298523188484,gini,1,3,4,random,"{'criterion': 'gini', 'max_depth': 1, 'min_samples_leaf': 3, 'min_samples_split': 4, 'splitter': 'random'}",0.9133333333333333,0.9177777777777778,0.9133333333333333,0.8111111111111111,0.9044444444444445,0.892,0.04067577311519129,433,0.9151785714285714,0.9392523364485982,0.9151785714285714,0.7348993288590604,0.9375,0.8884017616329603,0.07745115870404233,433,0.911504424778761,0.8983050847457628,0.911504424778761,0.9605263157894737,0.8760330578512396,0.9115746615887996,0.027696792526328156,337,0.9111111111111111,0.8933333333333333,0.9111111111111111,0.9733333333333334,0.8666666666666667,0.9111111111111111,0.03510829805890046,337,0.9155555555555556,0.9422222222222222,0.9155555555555556,0.6488888888888888,0.9422222222222222,0.8728888888888889,0.11263313110369534,433,0.912311780336581,0.9067579127459366,0.912311780336581,0.8763505402160864,0.8885163453478625,0.8992496717966094,0.014402677285634286,385,0.9133333333333333,0.9177777777777778,0.9133333333333333,0.8111111111111111,0.9044444444444444,0.892,0.040675773115191285,433,0.8767551622418879,0.875291902071563,0.8767551622418879,0.7988304093567251,0.8543067033976124,0.8563878678619353,0.030014023872931884,433,0.9133333333333333,0.9177777777777777,0.9133333333333333,0.8111111111111111,0.9044444444444444,0.892,0.04067577311519128,433
9,0.003922271728515625,0.0026943138000746674,0.043503761291503906,0.005260987406094488,gini,1,3,3,random,"{'criterion': 'gini', 'max_depth': 1, 'min_samples_leaf': 3, 'min_samples_split': 3, 'splitter': 'random'}",0.9133333333333333,0.9177777777777778,0.9133333333333333,0.8111111111111111,0.9044444444444445,0.892,0.04067577311519129,433,0.9151785714285714,0.9392523364485982,0.9151785714285714,0.7348993288590604,0.9375,0.8884017616329603,0.07745115870404233,433,0.911504424778761,0.8983050847457628,0.911504424778761,0.9605263157894737,0.8760330578512396,0.9115746615887996,0.027696792526328156,337,0.9111111111111111,0.8933333333333333,0.9111111111111111,0.9733333333333334,0.8666666666666667,0.9111111111111111,0.03510829805890046,337,0.9155555555555556,0.9422222222222222,0.9155555555555556,0.6488888888888888,0.9422222222222222,0.8728888888888889,0.11263313110369534,433,0.912311780336581,0.9067579127459366,0.912311780336581,0.8763505402160864,0.8885163453478625,0.8992496717966094,0.014402677285634286,385,0.9133333333333333,0.9177777777777778,0.9133333333333333,0.8111111111111111,0.9044444444444444,0.892,0.040675773115191285,433,0.8767551622418879,0.875291902071563,0.8767551622418879,0.7988304093567251,0.8543067033976124,0.8563878678619353,0.030014023872931884,433,0.9133333333333333,0.9177777777777777,0.9133333333333333,0.8111111111111111,0.9044444444444444,0.892,0.04067577311519128,433
197,0.008987236022949218,0.004089226603368013,0.05863804817199707,0.004955221840344785,entropy,1,2,4,random,"{'criterion': 'entropy', 'max_depth': 1, 'min_samples_leaf': 2, 'min_samples_split': 4, 'splitter': 'random'}",0.9133333333333333,0.9177777777777778,0.9133333333333333,0.8111111111111111,0.9044444444444445,0.892,0.04067577311519129,433,0.9151785714285714,0.9392523364485982,0.9151785714285714,0.7348993288590604,0.9375,0.8884017616329603,0.07745115870404233,433,0.911504424778761,0.8983050847457628,0.911504424778761,0.9605263157894737,0.8760330578512396,0.9115746615887996,0.027696792526328156,337,0.9111111111111111,0.8933333333333333,0.9111111111111111,0.9733333333333334,0.8666666666666667,0.9111111111111111,0.03510829805890046,337,0.9155555555555556,0.9422222222222222,0.9155555555555556,0.6488888888888888,0.9422222222222222,0.8728888888888889,0.11263313110369534,433,0.912311780336581,0.9067579127459366,0.912311780336581,0.8763505402160864,0.8885163453478625,0.8992496717966094,0.014402677285634286,385,0.9133333333333333,0.9177777777777778,0.9133333333333333,0.8111111111111111,0.9044444444444444,0.892,0.040675773115191285,433,0.8767551622418879,0.875291902071563,0.8767551622418879,0.7988304093567251,0.8543067033976124,0.8563878678619353,0.030014023872931884,433,0.9133333333333333,0.9177777777777777,0.9133333333333333,0.8111111111111111,0.9044444444444444,0.892,0.04067577311519128,433
7,0.006374216079711914,0.005321521253963603,0.039010477066040036,0.0017572159371074373,gini,1,3,2,random,"{'criterion': 'gini', 'max_depth': 1, 'min_samples_leaf': 3, 'min_samples_split': 2, 'splitter': 'random'}",0.9133333333333333,0.9177777777777778,0.9133333333333333,0.8111111111111111,0.9044444444444445,0.892,0.04067577311519129,433,0.9151785714285714,0.9392523364485982,0.9151785714285714,0.7348993288590604,0.9375,0.8884017616329603,0.07745115870404233,433,0.911504424778761,0.8983050847457628,0.911504424778761,0.9605263157894737,0.8760330578512396,0.9115746615887996,0.027696792526328156,337,0.9111111111111111,0.8933333333333333,0.9111111111111111,0.9733333333333334,0.8666666666666667,0.9111111111111111,0.03510829805890046,337,0.9155555555555556,0.9422222222222222,0.9155555555555556,0.6488888888888888,0.9422222222222222,0.8728888888888889,0.11263313110369534,433,0.912311780336581,0.9067579127459366,0.912311780336581,0.8763505402160864,0.8885163453478625,0.8992496717966094,0.014402677285634286,385,0.9133333333333333,0.9177777777777778,0.9133333333333333,0.8111111111111111,0.9044444444444444,0.892,0.040675773115191285,433,0.8767551622418879,0.875291902071563,0.8767551622418879,0.7988304093567251,0.8543067033976124,0.8563878678619353,0.030014023872931884,433,0.9133333333333333,0.9177777777777777,0.9133333333333333,0.8111111111111111,0.9044444444444444,0.892,0.04067577311519128,433
199,0.005381631851196289,0.003771600900976851,0.041504955291748045,0.005160983770487999,entropy,1,3,2,random,"{'criterion': 'entropy', 'max_depth': 1, 'min_samples_leaf': 3, 'min_samples_split': 2, 'splitter': 'random'}",0.9133333333333333,0.9177777777777778,0.9133333333333333,0.8111111111111111,0.9044444444444445,0.892,0.04067577311519129,433,0.9151785714285714,0.9392523364485982,0.9151785714285714,0.7348993288590604,0.9375,0.8884017616329603,0.07745115870404233,433,0.911504424778761,0.8983050847457628,0.911504424778761,0.9605263157894737,0.8760330578512396,0.9115746615887996,0.027696792526328156,337,0.9111111111111111,0.8933333333333333,0.9111111111111111,0.9733333333333334,0.8666666666666667,0.9111111111111111,0.03510829805890046,337,0.9155555555555556,0.9422222222222222,0.9155555555555556,0.6488888888888888,0.9422222222222222,0.8728888888888889,0.11263313110369534,433,0.912311780336581,0.9067579127459366,0.912311780336581,0.8763505402160864,0.8885163453478625,0.8992496717966094,0.014402677285634286,385,0.9133333333333333,0.9177777777777778,0.9133333333333333,0.8111111111111111,0.9044444444444444,0.892,0.040675773115191285,433,0.8767551622418879,0.875291902071563,0.8767551622418879,0.7988304093567251,0.8543067033976124,0.8563878678619353,0.030014023872931884,433,0.9133333333333333,0.9177777777777777,0.9133333333333333,0.8111111111111111,0.9044444444444444,0.892,0.04067577311519128,433
5,0.007469654083251953,0.004361772503608413,0.038425111770629884,0.0033071920141754104,gini,1,2,4,random,"{'criterion': 'gini', 'max_depth': 1, 'min_samples_leaf': 2, 'min_samples_split': 4, 'splitter': 'random'}",0.9133333333333333,0.9177777777777778,0.9133333333333333,0.8111111111111111,0.9044444444444445,0.892,0.04067577311519129,433,0.9151785714285714,0.9392523364485982,0.9151785714285714,0.7348993288590604,0.9375,0.8884017616329603,0.07745115870404233,433,0.911504424778761,0.8983050847457628,0.911504424778761,0.9605263157894737,0.8760330578512396,0.9115746615887996,0.027696792526328156,337,0.9111111111111111,0.8933333333333333,0.9111111111111111,0.9733333333333334,0.8666666666666667,0.9111111111111111,0.03510829805890046,337,0.9155555555555556,0.9422222222222222,0.9155555555555556,0.6488888888888888,0.9422222222222222,0.8728888888888889,0.11263313110369534,433,0.912311780336581,0.9067579127459366,0.912311780336581,0.8763505402160864,0.8885163453478625,0.8992496717966094,0.014402677285634286,385,0.9133333333333333,0.9177777777777778,0.9133333333333333,0.8111111111111111,0.9044444444444444,0.892,0.040675773115191285,433,0.8767551622418879,0.875291902071563,0.8767551622418879,0.7988304093567251,0.8543067033976124,0.8563878678619353,0.030014023872931884,433,0.9133333333333333,0.9177777777777777,0.9133333333333333,0.8111111111111111,0.9044444444444444,0.892,0.04067577311519128,433
3,0.010784578323364259,0.0019810201855167096,0.04213805198669433,0.005735144328517267,gini,1,2,3,random,"{'criterion': 'gini', 'max_depth': 1, 'min_samples_leaf': 2, 'min_samples_split': 3, 'splitter': 'random'}",0.9133333333333333,0.9177777777777778,0.9133333333333333,0.8111111111111111,0.9044444444444445,0.892,0.04067577311519129,433,0.9151785714285714,0.9392523364485982,0.9151785714285714,0.7348993288590604,0.9375,0.8884017616329603,0.07745115870404233,433,0.911504424778761,0.8983050847457628,0.911504424778761,0.9605263157894737,0.8760330578512396,0.9115746615887996,0.027696792526328156,337,0.9111111111111111,0.8933333333333333,0.9111111111111111,0.9733333333333334,0.8666666666666667,0.9111111111111111,0.03510829805890046,337,0.9155555555555556,0.9422222222222222,0.9155555555555556,0.6488888888888888,0.9422222222222222,0.8728888888888889,0.11263313110369534,433,0.912311780336581,0.9067579127459366,0.912311780336581,0.8763505402160864,0.8885163453478625,0.8992496717966094,0.014402677285634286,385,0.9133333333333333,0.9177777777777778,0.9133333333333333,0.8111111111111111,0.9044444444444444,0.892,0.040675773115191285,433,0.8767551622418879,0.875291902071563,0.8767551622418879,0.7988304093567251,0.8543067033976124,0.8563878678619353,0.030014023872931884,433,0.9133333333333333,0.9177777777777777,0.9133333333333333,0.8111111111111111,0.9044444444444444,0.892,0.04067577311519128,433
1,0.002964019775390625,0.0040647905840115045,0.046378374099731445,0.007342290529754712,gini,1,2,2,random,"{'criterion': 'gini', 'max_depth': 1, 'min_samples_leaf': 2, 'min_samples_split': 2, 'splitter': 'random'}",0.9133333333333333,0.9177777777777778,0.9133333333333333,0.8111111111111111,0.9044444444444445,0.892,0.04067577311519129,433,0.9151785714285714,0.9392523364485982,0.9151785714285714,0.7348993288590604,0.9375,0.8884017616329603,0.07745115870404233,433,0.911504424778761,0.8983050847457628,0.911504424778761,0.9605263157894737,0.8760330578512396,0.9115746615887996,0.027696792526328156,337,0.9111111111111111,0.8933333333333333,0.9111111111111111,0.9733333333333334,0.8666666666666667,0.9111111111111111,0.03510829805890046,337,0.9155555555555556,0.9422222222222222,0.9155555555555556,0.6488888888888888,0.9422222222222222,0.8728888888888889,0.11263313110369534,433,0.912311780336581,0.9067579127459366,0.912311780336581,0.8763505402160864,0.8885163453478625,0.8992496717966094,0.014402677285634286,385,0.9133333333333333,0.9177777777777778,0.9133333333333333,0.8111111111111111,0.9044444444444444,0.892,0.040675773115191285,433,0.8767551622418879,0.875291902071563,0.8767551622418879,0.7988304093567251,0.8543067033976124,0.8563878678619353,0.030014023872931884,433,0.9133333333333333,0.9177777777777777,0.9133333333333333,0.8111111111111111,0.9044444444444444,0.892,0.04067577311519128,433
201,0.008291912078857423,0.003164575080041812,0.0475247859954834,0.009949989058000635,entropy,1,3,3,random,"{'criterion': 'entropy', 'max_depth': 1, 'min_samples_leaf': 3, 'min_samples_split': 3, 'splitter': 'random'}",0.9133333333333333,0.9177777777777778,0.9133333333333333,0.8111111111111111,0.9044444444444445,0.892,0.04067577311519129,433,0.9151785714285714,0.9392523364485982,0.9151785714285714,0.7348993288590604,0.9375,0.8884017616329603,0.07745115870404233,433,0.911504424778761,0.8983050847457628,0.911504424778761,0.9605263157894737,0.8760330578512396,0.9115746615887996,0.027696792526328156,337,0.9111111111111111,0.8933333333333333,0.9111111111111111,0.9733333333333334,0.8666666666666667,0.9111111111111111,0.03510829805890046,337,0.9155555555555556,0.9422222222222222,0.9155555555555556,0.6488888888888888,0.9422222222222222,0.8728888888888889,0.11263313110369534,433,0.912311780336581,0.9067579127459366,0.912311780336581,0.8763505402160864,0.8885163453478625,0.8992496717966094,0.014402677285634286,385,0.9133333333333333,0.9177777777777778,0.9133333333333333,0.8111111111111111,0.9044444444444444,0.892,0.040675773115191285,433,0.8767551622418879,0.875291902071563,0.8767551622418879,0.7988304093567251,0.8543067033976124,0.8563878678619353,0.030014023872931884,433,0.9133333333333333,0.9177777777777777,0.9133333333333333,0.8111111111111111,0.9044444444444444,0.892,0.04067577311519128,433
19,0.005744647979736328,0.003677149754781251,0.04209580421447754,0.00928981447396796,gini,1,5,2,random,"{'criterion': 'gini', 'max_depth': 1, 'min_samples_leaf': 5, 'min_samples_split': 2, 'splitter': 'random'}",0.9133333333333333,0.9177777777777778,0.9133333333333333,0.8111111111111111,0.9044444444444445,0.892,0.04067577311519129,433,0.9151785714285714,0.9392523364485982,0.9151785714285714,0.7348993288590604,0.9375,0.8884017616329603,0.07745115870404233,433,0.911504424778761,0.8983050847457628,0.911504424778761,0.9605263157894737,0.8760330578512396,0.9115746615887996,0.027696792526328156,337,0.9111111111111111,0.8933333333333333,0.9111111111111111,0.9733333333333334,0.8666666666666667,0.9111111111111111,0.03510829805890046,337,0.9155555555555556,0.9422222222222222,0.9155555555555556,0.6488888888888888,0.9422222222222222,0.8728888888888889,0.11263313110369534,433,0.912311780336581,0.9067579127459366,0.912311780336581,0.8763505402160864,0.8885163453478625,0.8992496717966094,0.014402677285634286,385,0.9133333333333333,0.9177777777777778,0.9133333333333333,0.8111111111111111,0.9044444444444444,0.892,0.040675773115191285,433,0.8767551622418879,0.875291902071563,0.8767551622418879,0.7988304093567251,0.8543067033976124,0.8563878678619353,0.030014023872931884,433,0.9133333333333333,0.9177777777777777,0.9133333333333333,0.8111111111111111,0.9044444444444444,0.892,0.04067577311519128,433
27,0.005955934524536133,0.005209511887418986,0.0445955753326416,0.005483860155221083,gini,1,6,3,random,"{'criterion': 'gini', 'max_depth': 1, 'min_samples_leaf': 6, 'min_samples_split': 3, 'splitter': 'random'}",0.9133333333333333,0.9177777777777778,0.9133333333333333,0.8111111111111111,0.9044444444444445,0.892,0.04067577311519129,433,0.9151785714285714,0.9392523364485982,0.9151785714285714,0.7348993288590604,0.9375,0.8884017616329603,0.07745115870404233,433,0.911504424778761,0.8983050847457628,0.911504424778761,0.9605263157894737,0.8760330578512396,0.9115746615887996,0.027696792526328156,337,0.9111111111111111,0.8933333333333333,0.9111111111111111,0.9733333333333334,0.8666666666666667,0.9111111111111111,0.03510829805890046,337,0.9155555555555556,0.9422222222222222,0.9155555555555556,0.6488888888888888,0.9422222222222222,0.8728888888888889,0.11263313110369534,433,0.912311780336581,0.9067579127459366,0.912311780336581,0.8763505402160864,0.8885163453478625,0.8992496717966094,0.014402677285634286,385,0.9133333333333333,0.9177777777777778,0.9133333333333333,0.8111111111111111,0.9044444444444444,0.892,0.040675773115191285,433,0.8767551622418879,0.875291902071563,0.8767551622418879,0.7988304093567251,0.8543067033976124,0.8563878678619353,0.030014023872931884,433,0.9133333333333333,0.9177777777777777,0.9133333333333333,0.8111111111111111,0.9044444444444444,0.892,0.04067577311519128,433
77,0.008472585678100586,0.0043803104961019695,0.045509958267211915,0.007925506785388321,gini,2,6,4,random,"{'criterion': 'gini', 'max_depth': 2, 'min_samples_leaf': 6, 'min_samples_split': 4, 'splitter': 'random'}",0.9133333333333333,0.9177777777777778,0.9133333333333333,0.8111111111111111,0.9044444444444445,0.892,0.04067577311519129,433,0.9151785714285714,0.9392523364485982,0.9151785714285714,0.7348993288590604,0.9375,0.8884017616329603,0.07745115870404233,433,0.911504424778761,0.8983050847457628,0.911504424778761,0.9605263157894737,0.8760330578512396,0.9115746615887996,0.027696792526328156,337,0.9111111111111111,0.8933333333333333,0.9111111111111111,0.9733333333333334,0.8666666666666667,0.9111111111111111,0.03510829805890046,337,0.9155555555555556,0.9422222222222222,0.9155555555555556,0.6488888888888888,0.9422222222222222,0.8728888888888889,0.11263313110369534,433,0.912311780336581,0.9067579127459366,0.912311780336581,0.8763505402160864,0.8885163453478625,0.8992496717966094,0.014402677285634286,385,0.9133333333333333,0.9177777777777778,0.9133333333333333,0.8111111111111111,0.9044444444444444,0.892,0.040675773115191285,433,0.8767551622418879,0.875291902071563,0.8767551622418879,0.7988304093567251,0.8543067033976124,0.8563878678619353,0.030014023872931884,433,0.9133333333333333,0.9177777777777777,0.9133333333333333,0.8111111111111111,0.9044444444444444,0.892,0.04067577311519128,433
85,0.0031156063079833983,0.0033088077722560824,0.05306200981140137,0.008976643809165349,gini,2,8,2,random,"{'criterion': 'gini', 'max_depth': 2, 'min_samples_leaf': 8, 'min_samples_split': 2, 'splitter': 'random'}",0.9133333333333333,0.9177777777777778,0.9133333333333333,0.8111111111111111,0.9044444444444445,0.892,0.04067577311519129,433,0.9151785714285714,0.9392523364485982,0.9151785714285714,0.7348993288590604,0.9375,0.8884017616329603,0.07745115870404233,433,0.911504424778761,0.8983050847457628,0.911504424778761,0.9605263157894737,0.8760330578512396,0.9115746615887996,0.027696792526328156,337,0.9111111111111111,0.8933333333333333,0.9111111111111111,0.9733333333333334,0.8666666666666667,0.9111111111111111,0.03510829805890046,337,0.9155555555555556,0.9422222222222222,0.9155555555555556,0.6488888888888888,0.9422222222222222,0.8728888888888889,0.11263313110369534,433,0.912311780336581,0.9067579127459366,0.912311780336581,0.8763505402160864,0.8885163453478625,0.8992496717966094,0.014402677285634286,385,0.9133333333333333,0.9177777777777778,0.9133333333333333,0.8111111111111111,0.9044444444444444,0.892,0.040675773115191285,433,0.8767551622418879,0.875291902071563,0.8767551622418879,0.7988304093567251,0.8543067033976124,0.8563878678619353,0.030014023872931884,433,0.9133333333333333,0.9177777777777777,0.9133333333333333,0.8111111111111111,0.9044444444444444,0.892,0.04067577311519128,433
41,0.006908130645751953,0.004212269980774402,0.0396026611328125,0.004260308624435544,gini,1,8,4,random,"{'criterion': 'gini', 'max_depth': 1, 'min_samples_leaf': 8, 'min_samples_split': 4, 'splitter': 'random'}",0.9133333333333333,0.9177777777777778,0.9133333333333333,0.8111111111111111,0.9044444444444445,0.892,0.04067577311519129,433,0.9151785714285714,0.9392523364485982,0.9151785714285714,0.7348993288590604,0.9375,0.8884017616329603,0.07745115870404233,433,0.911504424778761,0.8983050847457628,0.911504424778761,0.9605263157894737,0.8760330578512396,0.9115746615887996,0.027696792526328156,337,0.9111111111111111,0.8933333333333333,0.9111111111111111,0.9733333333333334,0.8666666666666667,0.9111111111111111,0.03510829805890046,337,0.9155555555555556,0.9422222222222222,0.9155555555555556,0.6488888888888888,0.9422222222222222,0.8728888888888889,0.11263313110369534,433,0.912311780336581,0.9067579127459366,0.912311780336581,0.8763505402160864,0.8885163453478625,0.8992496717966094,0.014402677285634286,385,0.9133333333333333,0.9177777777777778,0.9133333333333333,0.8111111111111111,0.9044444444444444,0.892,0.040675773115191285,433,0.8767551622418879,0.875291902071563,0.8767551622418879,0.7988304093567251,0.8543067033976124,0.8563878678619353,0.030014023872931884,433,0.9133333333333333,0.9177777777777777,0.9133333333333333,0.8111111111111111,0.9044444444444444,0.892,0.04067577311519128,433
37,0.005478668212890625,0.003998561075817871,0.04257798194885254,0.004043421773166548,gini,1,8,2,random,"{'criterion': 'gini', 'max_depth': 1, 'min_samples_leaf': 8, 'min_samples_split': 2, 'splitter': 'random'}",0.9133333333333333,0.9177777777777778,0.9133333333333333,0.8111111111111111,0.9044444444444445,0.892,0.04067577311519129,433,0.9151785714285714,0.9392523364485982,0.9151785714285714,0.7348993288590604,0.9375,0.8884017616329603,0.07745115870404233,433,0.911504424778761,0.8983050847457628,0.911504424778761,0.9605263157894737,0.8760330578512396,0.9115746615887996,0.027696792526328156,337,0.9111111111111111,0.8933333333333333,0.9111111111111111,0.9733333333333334,0.8666666666666667,0.9111111111111111,0.03510829805890046,337,0.9155555555555556,0.9422222222222222,0.9155555555555556,0.6488888888888888,0.9422222222222222,0.8728888888888889,0.11263313110369534,433,0.912311780336581,0.9067579127459366,0.912311780336581,0.8763505402160864,0.8885163453478625,0.8992496717966094,0.014402677285634286,385,0.9133333333333333,0.9177777777777778,0.9133333333333333,0.8111111111111111,0.9044444444444444,0.892,0.040675773115191285,433,0.8767551622418879,0.875291902071563,0.8767551622418879,0.7988304093567251,0.8543067033976124,0.8563878678619353,0.030014023872931884,433,0.9133333333333333,0.9177777777777777,0.9133333333333333,0.8111111111111111,0.9044444444444444,0.892,0.04067577311519128,433
43,0.006799507141113281,0.0038057527296394933,0.0381049633026123,0.0030646024135381105,gini,1,9,2,random,"{'criterion': 'gini', 'max_depth': 1, 'min_samples_leaf': 9, 'min_samples_split': 2, 'splitter': 'random'}",0.9133333333333333,0.9177777777777778,0.9133333333333333,0.8111111111111111,0.9044444444444445,0.892,0.04067577311519129,433,0.9151785714285714,0.9392523364485982,0.9151785714285714,0.7348993288590604,0.9375,0.8884017616329603,0.07745115870404233,433,0.911504424778761,0.8983050847457628,0.911504424778761,0.9605263157894737,0.8760330578512396,0.9115746615887996,0.027696792526328156,337,0.9111111111111111,0.8933333333333333,0.9111111111111111,0.9733333333333334,0.8666666666666667,0.9111111111111111,0.03510829805890046,337,0.9155555555555556,0.9422222222222222,0.9155555555555556,0.6488888888888888,0.9422222222222222,0.8728888888888889,0.11263313110369534,433,0.912311780336581,0.9067579127459366,0.912311780336581,0.8763505402160864,0.8885163453478625,0.8992496717966094,0.014402677285634286,385,0.9133333333333333,0.9177777777777778,0.9133333333333333,0.8111111111111111,0.9044444444444444,0.892,0.040675773115191285,433,0.8767551622418879,0.875291902071563,0.8767551622418879,0.7988304093567251,0.8543067033976124,0.8563878678619353,0.030014023872931884,433,0.9133333333333333,0.9177777777777777,0.9133333333333333,0.8111111111111111,0.9044444444444444,0.892,0.04067577311519128,433
35,0.008009576797485351,0.00374721728094347,0.03896684646606445,0.0028017001614917287,gini,1,7,4,random,"{'criterion': 'gini', 'max_depth': 1, 'min_samples_leaf': 7, 'min_samples_split': 4, 'splitter': 'random'}",0.9133333333333333,0.9177777777777778,0.9133333333333333,0.8111111111111111,0.9044444444444445,0.892,0.04067577311519129,433,0.9151785714285714,0.9392523364485982,0.9151785714285714,0.7348993288590604,0.9375,0.8884017616329603,0.07745115870404233,433,0.911504424778761,0.8983050847457628,0.911504424778761,0.9605263157894737,0.8760330578512396,0.9115746615887996,0.027696792526328156,337,0.9111111111111111,0.8933333333333333,0.9111111111111111,0.9733333333333334,0.8666666666666667,0.9111111111111111,0.03510829805890046,337,0.9155555555555556,0.9422222222222222,0.9155555555555556,0.6488888888888888,0.9422222222222222,0.8728888888888889,0.11263313110369534,433,0.912311780336581,0.9067579127459366,0.912311780336581,0.8763505402160864,0.8885163453478625,0.8992496717966094,0.014402677285634286,385,0.9133333333333333,0.9177777777777778,0.9133333333333333,0.8111111111111111,0.9044444444444444,0.892,0.040675773115191285,433,0.8767551622418879,0.875291902071563,0.8767551622418879,0.7988304093567251,0.8543067033976124,0.8563878678619353,0.030014023872931884,433,0.9133333333333333,0.9177777777777777,0.9133333333333333,0.8111111111111111,0.9044444444444444,0.892,0.04067577311519128,433
45,0.005553483963012695,0.003031644132950964,0.041762256622314455,0.0032424035957666145,gini,1,9,3,random,"{'criterion': 'gini', 'max_depth': 1, 'min_samples_leaf': 9, 'min_samples_split': 3, 'splitter': 'random'}",0.9133333333333333,0.9177777777777778,0.9133333333333333,0.8111111111111111,0.9044444444444445,0.892,0.04067577311519129,433,0.9151785714285714,0.9392523364485982,0.9151785714285714,0.7348993288590604,0.9375,0.8884017616329603,0.07745115870404233,433,0.911504424778761,0.8983050847457628,0.911504424778761,0.9605263157894737,0.8760330578512396,0.9115746615887996,0.027696792526328156,337,0.9111111111111111,0.8933333333333333,0.9111111111111111,0.9733333333333334,0.8666666666666667,0.9111111111111111,0.03510829805890046,337,0.9155555555555556,0.9422222222222222,0.9155555555555556,0.6488888888888888,0.9422222222222222,0.8728888888888889,0.11263313110369534,433,0.912311780336581,0.9067579127459366,0.912311780336581,0.8763505402160864,0.8885163453478625,0.8992496717966094,0.014402677285634286,385,0.9133333333333333,0.9177777777777778,0.9133333333333333,0.8111111111111111,0.9044444444444444,0.892,0.040675773115191285,433,0.8767551622418879,0.875291902071563,0.8767551622418879,0.7988304093567251,0.8543067033976124,0.8563878678619353,0.030014023872931884,433,0.9133333333333333,0.9177777777777777,0.9133333333333333,0.8111111111111111,0.9044444444444444,0.892,0.04067577311519128,433
33,0.010272932052612305,0.002229164099523653,0.03637566566467285,0.0037366870929341433,gini,1,7,3,random,"{'criterion': 'gini', 'max_depth': 1, 'min_samples_leaf': 7, 'min_samples_split': 3, 'splitter': 'random'}",0.9133333333333333,0.9177777777777778,0.9133333333333333,0.8111111111111111,0.9044444444444445,0.892,0.04067577311519129,433,0.9151785714285714,0.9392523364485982,0.9151785714285714,0.7348993288590604,0.9375,0.8884017616329603,0.07745115870404233,433,0.911504424778761,0.8983050847457628,0.911504424778761,0.9605263157894737,0.8760330578512396,0.9115746615887996,0.027696792526328156,337,0.9111111111111111,0.8933333333333333,0.9111111111111111,0.9733333333333334,0.8666666666666667,0.9111111111111111,0.03510829805890046,337,0.9155555555555556,0.9422222222222222,0.9155555555555556,0.6488888888888888,0.9422222222222222,0.8728888888888889,0.11263313110369534,433,0.912311780336581,0.9067579127459366,0.912311780336581,0.8763505402160864,0.8885163453478625,0.8992496717966094,0.014402677285634286,385,0.9133333333333333,0.9177777777777778,0.9133333333333333,0.8111111111111111,0.9044444444444444,0.892,0.040675773115191285,433,0.8767551622418879,0.875291902071563,0.8767551622418879,0.7988304093567251,0.8543067033976124,0.8563878678619353,0.030014023872931884,433,0.9133333333333333,0.9177777777777777,0.9133333333333333,0.8111111111111111,0.9044444444444444,0.892,0.04067577311519128,433
47,0.006831121444702148,0.0038968678856631904,0.040609884262084964,0.0049544624523194525,gini,1,9,4,random,"{'criterion': 'gini', 'max_depth': 1, 'min_samples_leaf': 9, 'min_samples_split': 4, 'splitter': 'random'}",0.9133333333333333,0.9177777777777778,0.9133333333333333,0.8111111111111111,0.9044444444444445,0.892,0.04067577311519129,433,0.9151785714285714,0.9392523364485982,0.9151785714285714,0.7348993288590604,0.9375,0.8884017616329603,0.07745115870404233,433,0.911504424778761,0.8983050847457628,0.911504424778761,0.9605263157894737,0.8760330578512396,0.9115746615887996,0.027696792526328156,337,0.9111111111111111,0.8933333333333333,0.9111111111111111,0.9733333333333334,0.8666666666666667,0.9111111111111111,0.03510829805890046,337,0.9155555555555556,0.9422222222222222,0.9155555555555556,0.6488888888888888,0.9422222222222222,0.8728888888888889,0.11263313110369534,433,0.912311780336581,0.9067579127459366,0.912311780336581,0.8763505402160864,0.8885163453478625,0.8992496717966094,0.014402677285634286,385,0.9133333333333333,0.9177777777777778,0.9133333333333333,0.8111111111111111,0.9044444444444444,0.892,0.040675773115191285,433,0.8767551622418879,0.875291902071563,0.8767551622418879,0.7988304093567251,0.8543067033976124,0.8563878678619353,0.030014023872931884,433,0.9133333333333333,0.9177777777777777,0.9133333333333333,0.8111111111111111,0.9044444444444444,0.892,0.04067577311519128,433
49,0.006073856353759765,0.004238353545916252,0.0391880989074707,0.006684762670811335,gini,2,2,2,random,"{'criterion': 'gini', 'max_depth': 2, 'min_samples_leaf': 2, 'min_samples_split': 2, 'splitter': 'random'}",0.9133333333333333,0.9177777777777778,0.9133333333333333,0.8111111111111111,0.9044444444444445,0.892,0.04067577311519129,433,0.9151785714285714,0.9392523364485982,0.9151785714285714,0.7348993288590604,0.9375,0.8884017616329603,0.07745115870404233,433,0.911504424778761,0.8983050847457628,0.911504424778761,0.9605263157894737,0.8760330578512396,0.9115746615887996,0.027696792526328156,337,0.9111111111111111,0.8933333333333333,0.9111111111111111,0.9733333333333334,0.8666666666666667,0.9111111111111111,0.03510829805890046,337,0.9155555555555556,0.9422222222222222,0.9155555555555556,0.6488888888888888,0.9422222222222222,0.8728888888888889,0.11263313110369534,433,0.912311780336581,0.9067579127459366,0.912311780336581,0.8763505402160864,0.8885163453478625,0.8992496717966094,0.014402677285634286,385,0.9133333333333333,0.9177777777777778,0.9133333333333333,0.8111111111111111,0.9044444444444444,0.892,0.040675773115191285,433,0.8767551622418879,0.875291902071563,0.8767551622418879,0.7988304093567251,0.8543067033976124,0.8563878678619353,0.030014023872931884,433,0.9133333333333333,0.9177777777777777,0.9133333333333333,0.8111111111111111,0.9044444444444444,0.892,0.04067577311519128,433
51,0.008108091354370118,0.003007650991115439,0.035777711868286134,0.004427613198204107,gini,2,2,3,random,"{'criterion': 'gini', 'max_depth': 2, 'min_samples_leaf': 2, 'min_samples_split': 3, 'splitter': 'random'}",0.9133333333333333,0.9177777777777778,0.9133333333333333,0.8111111111111111,0.9044444444444445,0.892,0.04067577311519129,433,0.9151785714285714,0.9392523364485982,0.9151785714285714,0.7348993288590604,0.9375,0.8884017616329603,0.07745115870404233,433,0.911504424778761,0.8983050847457628,0.911504424778761,0.9605263157894737,0.8760330578512396,0.9115746615887996,0.027696792526328156,337,0.9111111111111111,0.8933333333333333,0.9111111111111111,0.9733333333333334,0.8666666666666667,0.9111111111111111,0.03510829805890046,337,0.9155555555555556,0.9422222222222222,0.9155555555555556,0.6488888888888888,0.9422222222222222,0.8728888888888889,0.11263313110369534,433,0.912311780336581,0.9067579127459366,0.912311780336581,0.8763505402160864,0.8885163453478625,0.8992496717966094,0.014402677285634286,385,0.9133333333333333,0.9177777777777778,0.9133333333333333,0.8111111111111111,0.9044444444444444,0.892,0.040675773115191285,433,0.8767551622418879,0.875291902071563,0.8767551622418879,0.7988304093567251,0.8543067033976124,0.8563878678619353,0.030014023872931884,433,0.9133333333333333,0.9177777777777777,0.9133333333333333,0.8111111111111111,0.9044444444444444,0.892,0.04067577311519128,433
31,0.004982185363769531,0.004701609755140433,0.044142723083496094,0.008615330979751788,gini,1,7,2,random,"{'criterion': 'gini', 'max_depth': 1, 'min_samples_leaf': 7, 'min_samples_split': 2, 'splitter': 'random'}",0.9133333333333333,0.9177777777777778,0.9133333333333333,0.8111111111111111,0.9044444444444445,0.892,0.04067577311519129,433,0.9151785714285714,0.9392523364485982,0.9151785714285714,0.7348993288590604,0.9375,0.8884017616329603,0.07745115870404233,433,0.911504424778761,0.8983050847457628,0.911504424778761,0.9605263157894737,0.8760330578512396,0.9115746615887996,0.027696792526328156,337,0.9111111111111111,0.8933333333333333,0.9111111111111111,0.9733333333333334,0.8666666666666667,0.9111111111111111,0.03510829805890046,337,0.9155555555555556,0.9422222222222222,0.9155555555555556,0.6488888888888888,0.9422222222222222,0.8728888888888889,0.11263313110369534,433,0.912311780336581,0.9067579127459366,0.912311780336581,0.8763505402160864,0.8885163453478625,0.8992496717966094,0.014402677285634286,385,0.9133333333333333,0.9177777777777778,0.9133333333333333,0.8111111111111111,0.9044444444444444,0.892,0.040675773115191285,433,0.8767551622418879,0.875291902071563,0.8767551622418879,0.7988304093567251,0.8543067033976124,0.8563878678619353,0.030014023872931884,433,0.9133333333333333,0.9177777777777777,0.9133333333333333,0.8111111111111111,0.9044444444444444,0.892,0.04067577311519128,433
53,0.0064850330352783205,0.003740720852853114,0.04092106819152832,0.002219717087879964,gini,2,2,4,random,"{'criterion': 'gini', 'max_depth': 2, 'min_samples_leaf': 2, 'min_samples_split': 4, 'splitter': 'random'}",0.9133333333333333,0.9177777777777778,0.9133333333333333,0.8111111111111111,0.9044444444444445,0.892,0.04067577311519129,433,0.9151785714285714,0.9392523364485982,0.9151785714285714,0.7348993288590604,0.9375,0.8884017616329603,0.07745115870404233,433,0.911504424778761,0.8983050847457628,0.911504424778761,0.9605263157894737,0.8760330578512396,0.9115746615887996,0.027696792526328156,337,0.9111111111111111,0.8933333333333333,0.9111111111111111,0.9733333333333334,0.8666666666666667,0.9111111111111111,0.03510829805890046,337,0.9155555555555556,0.9422222222222222,0.9155555555555556,0.6488888888888888,0.9422222222222222,0.8728888888888889,0.11263313110369534,433,0.912311780336581,0.9067579127459366,0.912311780336581,0.8763505402160864,0.8885163453478625,0.8992496717966094,0.014402677285634286,385,0.9133333333333333,0.9177777777777778,0.9133333333333333,0.8111111111111111,0.9044444444444444,0.892,0.040675773115191285,433,0.8767551622418879,0.875291902071563,0.8767551622418879,0.7988304093567251,0.8543067033976124,0.8563878678619353,0.030014023872931884,433,0.9133333333333333,0.9177777777777777,0.9133333333333333,0.8111111111111111,0.9044444444444444,0.892,0.04067577311519128,433
55,0.010600662231445313,0.00452284551637239,0.042685842514038085,0.00915405889193651,gini,2,3,2,random,"{'criterion': 'gini', 'max_depth': 2, 'min_samples_leaf': 3, 'min_samples_split': 2, 'splitter': 'random'}",0.9133333333333333,0.9177777777777778,0.9133333333333333,0.8111111111111111,0.9044444444444445,0.892,0.04067577311519129,433,0.9151785714285714,0.9392523364485982,0.9151785714285714,0.7348993288590604,0.9375,0.8884017616329603,0.07745115870404233,433,0.911504424778761,0.8983050847457628,0.911504424778761,0.9605263157894737,0.8760330578512396,0.9115746615887996,0.027696792526328156,337,0.9111111111111111,0.8933333333333333,0.9111111111111111,0.9733333333333334,0.8666666666666667,0.9111111111111111,0.03510829805890046,337,0.9155555555555556,0.9422222222222222,0.9155555555555556,0.6488888888888888,0.9422222222222222,0.8728888888888889,0.11263313110369534,433,0.912311780336581,0.9067579127459366,0.912311780336581,0.8763505402160864,0.8885163453478625,0.8992496717966094,0.014402677285634286,385,0.9133333333333333,0.9177777777777778,0.9133333333333333,0.8111111111111111,0.9044444444444444,0.892,0.040675773115191285,433,0.8767551622418879,0.875291902071563,0.8767551622418879,0.7988304093567251,0.8543067033976124,0.8563878678619353,0.030014023872931884,433,0.9133333333333333,0.9177777777777777,0.9133333333333333,0.8111111111111111,0.9044444444444444,0.892,0.04067577311519128,433
87,0.005369138717651367,0.0030166452988433447,0.04074850082397461,0.004507647962738105,gini,2,8,3,random,"{'criterion': 'gini', 'max_depth': 2, 'min_samples_leaf': 8, 'min_samples_split': 3, 'splitter': 'random'}",0.9133333333333333,0.9177777777777778,0.9133333333333333,0.8111111111111111,0.9044444444444445,0.892,0.04067577311519129,433,0.9151785714285714,0.9392523364485982,0.9151785714285714,0.7348993288590604,0.9375,0.8884017616329603,0.07745115870404233,433,0.911504424778761,0.8983050847457628,0.911504424778761,0.9605263157894737,0.8760330578512396,0.9115746615887996,0.027696792526328156,337,0.9111111111111111,0.8933333333333333,0.9111111111111111,0.9733333333333334,0.8666666666666667,0.9111111111111111,0.03510829805890046,337,0.9155555555555556,0.9422222222222222,0.9155555555555556,0.6488888888888888,0.9422222222222222,0.8728888888888889,0.11263313110369534,433,0.912311780336581,0.9067579127459366,0.912311780336581,0.8763505402160864,0.8885163453478625,0.8992496717966094,0.014402677285634286,385,0.9133333333333333,0.9177777777777778,0.9133333333333333,0.8111111111111111,0.9044444444444444,0.892,0.040675773115191285,433,0.8767551622418879,0.875291902071563,0.8767551622418879,0.7988304093567251,0.8543067033976124,0.8563878678619353,0.030014023872931884,433,0.9133333333333333,0.9177777777777777,0.9133333333333333,0.8111111111111111,0.9044444444444444,0.892,0.04067577311519128,433
57,0.005217456817626953,0.003831732165826833,0.04870805740356445,0.011442635449091278,gini,2,3,3,random,"{'criterion': 'gini', 'max_depth': 2, 'min_samples_leaf': 3, 'min_samples_split': 3, 'splitter': 'random'}",0.9133333333333333,0.9177777777777778,0.9133333333333333,0.8111111111111111,0.9044444444444445,0.892,0.04067577311519129,433,0.9151785714285714,0.9392523364485982,0.9151785714285714,0.7348993288590604,0.9375,0.8884017616329603,0.07745115870404233,433,0.911504424778761,0.8983050847457628,0.911504424778761,0.9605263157894737,0.8760330578512396,0.9115746615887996,0.027696792526328156,337,0.9111111111111111,0.8933333333333333,0.9111111111111111,0.9733333333333334,0.8666666666666667,0.9111111111111111,0.03510829805890046,337,0.9155555555555556,0.9422222222222222,0.9155555555555556,0.6488888888888888,0.9422222222222222,0.8728888888888889,0.11263313110369534,433,0.912311780336581,0.9067579127459366,0.912311780336581,0.8763505402160864,0.8885163453478625,0.8992496717966094,0.014402677285634286,385,0.9133333333333333,0.9177777777777778,0.9133333333333333,0.8111111111111111,0.9044444444444444,0.892,0.040675773115191285,433,0.8767551622418879,0.875291902071563,0.8767551622418879,0.7988304093567251,0.8543067033976124,0.8563878678619353,0.030014023872931884,433,0.9133333333333333,0.9177777777777777,0.9133333333333333,0.8111111111111111,0.9044444444444444,0.892,0.04067577311519128,433
61,0.007039308547973633,0.004174457819697732,0.04729714393615723,0.007794692426934094,gini,2,4,2,random,"{'criterion': 'gini', 'max_depth': 2, 'min_samples_leaf': 4, 'min_samples_split': 2, 'splitter': 'random'}",0.9133333333333333,0.9177777777777778,0.9133333333333333,0.8111111111111111,0.9044444444444445,0.892,0.04067577311519129,433,0.9151785714285714,0.9392523364485982,0.9151785714285714,0.7348993288590604,0.9375,0.8884017616329603,0.07745115870404233,433,0.911504424778761,0.8983050847457628,0.911504424778761,0.9605263157894737,0.8760330578512396,0.9115746615887996,0.027696792526328156,337,0.9111111111111111,0.8933333333333333,0.9111111111111111,0.9733333333333334,0.8666666666666667,0.9111111111111111,0.03510829805890046,337,0.9155555555555556,0.9422222222222222,0.9155555555555556,0.6488888888888888,0.9422222222222222,0.8728888888888889,0.11263313110369534,433,0.912311780336581,0.9067579127459366,0.912311780336581,0.8763505402160864,0.8885163453478625,0.8992496717966094,0.014402677285634286,385,0.9133333333333333,0.9177777777777778,0.9133333333333333,0.8111111111111111,0.9044444444444444,0.892,0.040675773115191285,433,0.8767551622418879,0.875291902071563,0.8767551622418879,0.7988304093567251,0.8543067033976124,0.8563878678619353,0.030014023872931884,433,0.9133333333333333,0.9177777777777777,0.9133333333333333,0.8111111111111111,0.9044444444444444,0.892,0.04067577311519128,433
63,0.004538917541503906,0.004331005104148289,0.04157662391662598,0.005082649202063774,gini,2,4,3,random,"{'criterion': 'gini', 'max_depth': 2, 'min_samples_leaf': 4, 'min_samples_split': 3, 'splitter': 'random'}",0.9133333333333333,0.9177777777777778,0.9133333333333333,0.8111111111111111,0.9044444444444445,0.892,0.04067577311519129,433,0.9151785714285714,0.9392523364485982,0.9151785714285714,0.7348993288590604,0.9375,0.8884017616329603,0.07745115870404233,433,0.911504424778761,0.8983050847457628,0.911504424778761,0.9605263157894737,0.8760330578512396,0.9115746615887996,0.027696792526328156,337,0.9111111111111111,0.8933333333333333,0.9111111111111111,0.9733333333333334,0.8666666666666667,0.9111111111111111,0.03510829805890046,337,0.9155555555555556,0.9422222222222222,0.9155555555555556,0.6488888888888888,0.9422222222222222,0.8728888888888889,0.11263313110369534,433,0.912311780336581,0.9067579127459366,0.912311780336581,0.8763505402160864,0.8885163453478625,0.8992496717966094,0.014402677285634286,385,0.9133333333333333,0.9177777777777778,0.9133333333333333,0.8111111111111111,0.9044444444444444,0.892,0.040675773115191285,433,0.8767551622418879,0.875291902071563,0.8767551622418879,0.7988304093567251,0.8543067033976124,0.8563878678619353,0.030014023872931884,433,0.9133333333333333,0.9177777777777777,0.9133333333333333,0.8111111111111111,0.9044444444444444,0.892,0.04067577311519128,433
65,0.008891582489013672,0.001701330804332316,0.03851470947265625,0.0030058633894902063,gini,2,4,4,random,"{'criterion': 'gini', 'max_depth': 2, 'min_samples_leaf': 4, 'min_samples_split': 4, 'splitter': 'random'}",0.9133333333333333,0.9177777777777778,0.9133333333333333,0.8111111111111111,0.9044444444444445,0.892,0.04067577311519129,433,0.9151785714285714,0.9392523364485982,0.9151785714285714,0.7348993288590604,0.9375,0.8884017616329603,0.07745115870404233,433,0.911504424778761,0.8983050847457628,0.911504424778761,0.9605263157894737,0.8760330578512396,0.9115746615887996,0.027696792526328156,337,0.9111111111111111,0.8933333333333333,0.9111111111111111,0.9733333333333334,0.8666666666666667,0.9111111111111111,0.03510829805890046,337,0.9155555555555556,0.9422222222222222,0.9155555555555556,0.6488888888888888,0.9422222222222222,0.8728888888888889,0.11263313110369534,433,0.912311780336581,0.9067579127459366,0.912311780336581,0.8763505402160864,0.8885163453478625,0.8992496717966094,0.014402677285634286,385,0.9133333333333333,0.9177777777777778,0.9133333333333333,0.8111111111111111,0.9044444444444444,0.892,0.040675773115191285,433,0.8767551622418879,0.875291902071563,0.8767551622418879,0.7988304093567251,0.8543067033976124,0.8563878678619353,0.030014023872931884,433,0.9133333333333333,0.9177777777777777,0.9133333333333333,0.8111111111111111,0.9044444444444444,0.892,0.04067577311519128,433
67,0.005762481689453125,0.007564801106516713,0.04510583877563477,0.006531880319969086,gini,2,5,2,random,"{'criterion': 'gini', 'max_depth': 2, 'min_samples_leaf': 5, 'min_samples_split': 2, 'splitter': 'random'}",0.9133333333333333,0.9177777777777778,0.9133333333333333,0.8111111111111111,0.9044444444444445,0.892,0.04067577311519129,433,0.9151785714285714,0.9392523364485982,0.9151785714285714,0.7348993288590604,0.9375,0.8884017616329603,0.07745115870404233,433,0.911504424778761,0.8983050847457628,0.911504424778761,0.9605263157894737,0.8760330578512396,0.9115746615887996,0.027696792526328156,337,0.9111111111111111,0.8933333333333333,0.9111111111111111,0.9733333333333334,0.8666666666666667,0.9111111111111111,0.03510829805890046,337,0.9155555555555556,0.9422222222222222,0.9155555555555556,0.6488888888888888,0.9422222222222222,0.8728888888888889,0.11263313110369534,433,0.912311780336581,0.9067579127459366,0.912311780336581,0.8763505402160864,0.8885163453478625,0.8992496717966094,0.014402677285634286,385,0.9133333333333333,0.9177777777777778,0.9133333333333333,0.8111111111111111,0.9044444444444444,0.892,0.040675773115191285,433,0.8767551622418879,0.875291902071563,0.8767551622418879,0.7988304093567251,0.8543067033976124,0.8563878678619353,0.030014023872931884,433,0.9133333333333333,0.9177777777777777,0.9133333333333333,0.8111111111111111,0.9044444444444444,0.892,0.04067577311519128,433
69,0.005197048187255859,0.004317544200268894,0.045921707153320314,0.008846871360632967,gini,2,5,3,random,"{'criterion': 'gini', 'max_depth': 2, 'min_samples_leaf': 5, 'min_samples_split': 3, 'splitter': 'random'}",0.9133333333333333,0.9177777777777778,0.9133333333333333,0.8111111111111111,0.9044444444444445,0.892,0.04067577311519129,433,0.9151785714285714,0.9392523364485982,0.9151785714285714,0.7348993288590604,0.9375,0.8884017616329603,0.07745115870404233,433,0.911504424778761,0.8983050847457628,0.911504424778761,0.9605263157894737,0.8760330578512396,0.9115746615887996,0.027696792526328156,337,0.9111111111111111,0.8933333333333333,0.9111111111111111,0.9733333333333334,0.8666666666666667,0.9111111111111111,0.03510829805890046,337,0.9155555555555556,0.9422222222222222,0.9155555555555556,0.6488888888888888,0.9422222222222222,0.8728888888888889,0.11263313110369534,433,0.912311780336581,0.9067579127459366,0.912311780336581,0.8763505402160864,0.8885163453478625,0.8992496717966094,0.014402677285634286,385,0.9133333333333333,0.9177777777777778,0.9133333333333333,0.8111111111111111,0.9044444444444444,0.892,0.040675773115191285,433,0.8767551622418879,0.875291902071563,0.8767551622418879,0.7988304093567251,0.8543067033976124,0.8563878678619353,0.030014023872931884,433,0.9133333333333333,0.9177777777777777,0.9133333333333333,0.8111111111111111,0.9044444444444444,0.892,0.04067577311519128,433
29,0.005974245071411133,0.0037376958295577602,0.040668487548828125,0.005878438006189969,gini,1,6,4,random,"{'criterion': 'gini', 'max_depth': 1, 'min_samples_leaf': 6, 'min_samples_split': 4, 'splitter': 'random'}",0.9133333333333333,0.9177777777777778,0.9133333333333333,0.8111111111111111,0.9044444444444445,0.892,0.04067577311519129,433,0.9151785714285714,0.9392523364485982,0.9151785714285714,0.7348993288590604,0.9375,0.8884017616329603,0.07745115870404233,433,0.911504424778761,0.8983050847457628,0.911504424778761,0.9605263157894737,0.8760330578512396,0.9115746615887996,0.027696792526328156,337,0.9111111111111111,0.8933333333333333,0.9111111111111111,0.9733333333333334,0.8666666666666667,0.9111111111111111,0.03510829805890046,337,0.9155555555555556,0.9422222222222222,0.9155555555555556,0.6488888888888888,0.9422222222222222,0.8728888888888889,0.11263313110369534,433,0.912311780336581,0.9067579127459366,0.912311780336581,0.8763505402160864,0.8885163453478625,0.8992496717966094,0.014402677285634286,385,0.9133333333333333,0.9177777777777778,0.9133333333333333,0.8111111111111111,0.9044444444444444,0.892,0.040675773115191285,433,0.8767551622418879,0.875291902071563,0.8767551622418879,0.7988304093567251,0.8543067033976124,0.8563878678619353,0.030014023872931884,433,0.9133333333333333,0.9177777777777777,0.9133333333333333,0.8111111111111111,0.9044444444444444,0.892,0.04067577311519128,433
71,0.013123798370361327,0.008897435684480516,0.03902449607849121,0.0037784976785003067,gini,2,5,4,random,"{'criterion': 'gini', 'max_depth': 2, 'min_samples_leaf': 5, 'min_samples_split': 4, 'splitter': 'random'}",0.9133333333333333,0.9177777777777778,0.9133333333333333,0.8111111111111111,0.9044444444444445,0.892,0.04067577311519129,433,0.9151785714285714,0.9392523364485982,0.9151785714285714,0.7348993288590604,0.9375,0.8884017616329603,0.07745115870404233,433,0.911504424778761,0.8983050847457628,0.911504424778761,0.9605263157894737,0.8760330578512396,0.9115746615887996,0.027696792526328156,337,0.9111111111111111,0.8933333333333333,0.9111111111111111,0.9733333333333334,0.8666666666666667,0.9111111111111111,0.03510829805890046,337,0.9155555555555556,0.9422222222222222,0.9155555555555556,0.6488888888888888,0.9422222222222222,0.8728888888888889,0.11263313110369534,433,0.912311780336581,0.9067579127459366,0.912311780336581,0.8763505402160864,0.8885163453478625,0.8992496717966094,0.014402677285634286,385,0.9133333333333333,0.9177777777777778,0.9133333333333333,0.8111111111111111,0.9044444444444444,0.892,0.040675773115191285,433,0.8767551622418879,0.875291902071563,0.8767551622418879,0.7988304093567251,0.8543067033976124,0.8563878678619353,0.030014023872931884,433,0.9133333333333333,0.9177777777777777,0.9133333333333333,0.8111111111111111,0.9044444444444444,0.892,0.04067577311519128,433
73,0.002342367172241211,0.0016953394692735251,0.056438875198364255,0.012250219741855658,gini,2,6,2,random,"{'criterion': 'gini', 'max_depth': 2, 'min_samples_leaf': 6, 'min_samples_split': 2, 'splitter': 'random'}",0.9133333333333333,0.9177777777777778,0.9133333333333333,0.8111111111111111,0.9044444444444445,0.892,0.04067577311519129,433,0.9151785714285714,0.9392523364485982,0.9151785714285714,0.7348993288590604,0.9375,0.8884017616329603,0.07745115870404233,433,0.911504424778761,0.8983050847457628,0.911504424778761,0.9605263157894737,0.8760330578512396,0.9115746615887996,0.027696792526328156,337,0.9111111111111111,0.8933333333333333,0.9111111111111111,0.9733333333333334,0.8666666666666667,0.9111111111111111,0.03510829805890046,337,0.9155555555555556,0.9422222222222222,0.9155555555555556,0.6488888888888888,0.9422222222222222,0.8728888888888889,0.11263313110369534,433,0.912311780336581,0.9067579127459366,0.912311780336581,0.8763505402160864,0.8885163453478625,0.8992496717966094,0.014402677285634286,385,0.9133333333333333,0.9177777777777778,0.9133333333333333,0.8111111111111111,0.9044444444444444,0.892,0.040675773115191285,433,0.8767551622418879,0.875291902071563,0.8767551622418879,0.7988304093567251,0.8543067033976124,0.8563878678619353,0.030014023872931884,433,0.9133333333333333,0.9177777777777777,0.9133333333333333,0.8111111111111111,0.9044444444444444,0.892,0.04067577311519128,433
75,0.0036444664001464844,0.004463541532538373,0.04556617736816406,0.004618296408747857,gini,2,6,3,random,"{'criterion': 'gini', 'max_depth': 2, 'min_samples_leaf': 6, 'min_samples_split': 3, 'splitter': 'random'}",0.9133333333333333,0.9177777777777778,0.9133333333333333,0.8111111111111111,0.9044444444444445,0.892,0.04067577311519129,433,0.9151785714285714,0.9392523364485982,0.9151785714285714,0.7348993288590604,0.9375,0.8884017616329603,0.07745115870404233,433,0.911504424778761,0.8983050847457628,0.911504424778761,0.9605263157894737,0.8760330578512396,0.9115746615887996,0.027696792526328156,337,0.9111111111111111,0.8933333333333333,0.9111111111111111,0.9733333333333334,0.8666666666666667,0.9111111111111111,0.03510829805890046,337,0.9155555555555556,0.9422222222222222,0.9155555555555556,0.6488888888888888,0.9422222222222222,0.8728888888888889,0.11263313110369534,433,0.912311780336581,0.9067579127459366,0.912311780336581,0.8763505402160864,0.8885163453478625,0.8992496717966094,0.014402677285634286,385,0.9133333333333333,0.9177777777777778,0.9133333333333333,0.8111111111111111,0.9044444444444444,0.892,0.040675773115191285,433,0.8767551622418879,0.875291902071563,0.8767551622418879,0.7988304093567251,0.8543067033976124,0.8563878678619353,0.030014023872931884,433,0.9133333333333333,0.9177777777777777,0.9133333333333333,0.8111111111111111,0.9044444444444444,0.892,0.04067577311519128,433
79,0.005869865417480469,0.0038973023034281056,0.05703744888305664,0.00876359904549123,gini,2,7,2,random,"{'criterion': 'gini', 'max_depth': 2, 'min_samples_leaf': 7, 'min_samples_split': 2, 'splitter': 'random'}",0.9133333333333333,0.9177777777777778,0.9133333333333333,0.8111111111111111,0.9044444444444445,0.892,0.04067577311519129,433,0.9151785714285714,0.9392523364485982,0.9151785714285714,0.7348993288590604,0.9375,0.8884017616329603,0.07745115870404233,433,0.911504424778761,0.8983050847457628,0.911504424778761,0.9605263157894737,0.8760330578512396,0.9115746615887996,0.027696792526328156,337,0.9111111111111111,0.8933333333333333,0.9111111111111111,0.9733333333333334,0.8666666666666667,0.9111111111111111,0.03510829805890046,337,0.9155555555555556,0.9422222222222222,0.9155555555555556,0.6488888888888888,0.9422222222222222,0.8728888888888889,0.11263313110369534,433,0.912311780336581,0.9067579127459366,0.912311780336581,0.8763505402160864,0.8885163453478625,0.8992496717966094,0.014402677285634286,385,0.9133333333333333,0.9177777777777778,0.9133333333333333,0.8111111111111111,0.9044444444444444,0.892,0.040675773115191285,433,0.8767551622418879,0.875291902071563,0.8767551622418879,0.7988304093567251,0.8543067033976124,0.8563878678619353,0.030014023872931884,433,0.9133333333333333,0.9177777777777777,0.9133333333333333,0.8111111111111111,0.9044444444444444,0.892,0.04067577311519128,433
81,0.008499956130981446,0.0031096980243232987,0.04479703903198242,0.002810930148427757,gini,2,7,3,random,"{'criterion': 'gini', 'max_depth': 2, 'min_samples_leaf': 7, 'min_samples_split': 3, 'splitter': 'random'}",0.9133333333333333,0.9177777777777778,0.9133333333333333,0.8111111111111111,0.9044444444444445,0.892,0.04067577311519129,433,0.9151785714285714,0.9392523364485982,0.9151785714285714,0.7348993288590604,0.9375,0.8884017616329603,0.07745115870404233,433,0.911504424778761,0.8983050847457628,0.911504424778761,0.9605263157894737,0.8760330578512396,0.9115746615887996,0.027696792526328156,337,0.9111111111111111,0.8933333333333333,0.9111111111111111,0.9733333333333334,0.8666666666666667,0.9111111111111111,0.03510829805890046,337,0.9155555555555556,0.9422222222222222,0.9155555555555556,0.6488888888888888,0.9422222222222222,0.8728888888888889,0.11263313110369534,433,0.912311780336581,0.9067579127459366,0.912311780336581,0.8763505402160864,0.8885163453478625,0.8992496717966094,0.014402677285634286,385,0.9133333333333333,0.9177777777777778,0.9133333333333333,0.8111111111111111,0.9044444444444444,0.892,0.040675773115191285,433,0.8767551622418879,0.875291902071563,0.8767551622418879,0.7988304093567251,0.8543067033976124,0.8563878678619353,0.030014023872931884,433,0.9133333333333333,0.9177777777777777,0.9133333333333333,0.8111111111111111,0.9044444444444444,0.892,0.04067577311519128,433
83,0.0033399581909179686,0.004238868291748199,0.04748716354370117,0.0041304427390108645,gini,2,7,4,random,"{'criterion': 'gini', 'max_depth': 2, 'min_samples_leaf': 7, 'min_samples_split': 4, 'splitter': 'random'}",0.9133333333333333,0.9177777777777778,0.9133333333333333,0.8111111111111111,0.9044444444444445,0.892,0.04067577311519129,433,0.9151785714285714,0.9392523364485982,0.9151785714285714,0.7348993288590604,0.9375,0.8884017616329603,0.07745115870404233,433,0.911504424778761,0.8983050847457628,0.911504424778761,0.9605263157894737,0.8760330578512396,0.9115746615887996,0.027696792526328156,337,0.9111111111111111,0.8933333333333333,0.9111111111111111,0.9733333333333334,0.8666666666666667,0.9111111111111111,0.03510829805890046,337,0.9155555555555556,0.9422222222222222,0.9155555555555556,0.6488888888888888,0.9422222222222222,0.8728888888888889,0.11263313110369534,433,0.912311780336581,0.9067579127459366,0.912311780336581,0.8763505402160864,0.8885163453478625,0.8992496717966094,0.014402677285634286,385,0.9133333333333333,0.9177777777777778,0.9133333333333333,0.8111111111111111,0.9044444444444444,0.892,0.040675773115191285,433,0.8767551622418879,0.875291902071563,0.8767551622418879,0.7988304093567251,0.8543067033976124,0.8563878678619353,0.030014023872931884,433,0.9133333333333333,0.9177777777777777,0.9133333333333333,0.8111111111111111,0.9044444444444444,0.892,0.04067577311519128,433
59,0.0074866294860839845,0.0021724713194042357,0.04224443435668945,0.0044502332502524295,gini,2,3,4,random,"{'criterion': 'gini', 'max_depth': 2, 'min_samples_leaf': 3, 'min_samples_split': 4, 'splitter': 'random'}",0.9133333333333333,0.9177777777777778,0.9133333333333333,0.8111111111111111,0.9044444444444445,0.892,0.04067577311519129,433,0.9151785714285714,0.9392523364485982,0.9151785714285714,0.7348993288590604,0.9375,0.8884017616329603,0.07745115870404233,433,0.911504424778761,0.8983050847457628,0.911504424778761,0.9605263157894737,0.8760330578512396,0.9115746615887996,0.027696792526328156,337,0.9111111111111111,0.8933333333333333,0.9111111111111111,0.9733333333333334,0.8666666666666667,0.9111111111111111,0.03510829805890046,337,0.9155555555555556,0.9422222222222222,0.9155555555555556,0.6488888888888888,0.9422222222222222,0.8728888888888889,0.11263313110369534,433,0.912311780336581,0.9067579127459366,0.912311780336581,0.8763505402160864,0.8885163453478625,0.8992496717966094,0.014402677285634286,385,0.9133333333333333,0.9177777777777778,0.9133333333333333,0.8111111111111111,0.9044444444444444,0.892,0.040675773115191285,433,0.8767551622418879,0.875291902071563,0.8767551622418879,0.7988304093567251,0.8543067033976124,0.8563878678619353,0.030014023872931884,433,0.9133333333333333,0.9177777777777777,0.9133333333333333,0.8111111111111111,0.9044444444444444,0.892,0.04067577311519128,433
283,0.010537433624267577,0.005157109071447357,0.04161138534545898,0.0067709831938276115,entropy,2,9,2,random,"{'criterion': 'entropy', 'max_depth': 2, 'min_samples_leaf': 9, 'min_samples_split': 2, 'splitter': 'random'}",0.9133333333333333,0.9177777777777778,0.9133333333333333,0.8111111111111111,0.9044444444444445,0.892,0.04067577311519129,433,0.9151785714285714,0.9392523364485982,0.9151785714285714,0.7348993288590604,0.9375,0.8884017616329603,0.07745115870404233,433,0.911504424778761,0.8983050847457628,0.911504424778761,0.9605263157894737,0.8760330578512396,0.9115746615887996,0.027696792526328156,337,0.9111111111111111,0.8933333333333333,0.9111111111111111,0.9733333333333334,0.8666666666666667,0.9111111111111111,0.03510829805890046,337,0.9155555555555556,0.9422222222222222,0.9155555555555556,0.6488888888888888,0.9422222222222222,0.8728888888888889,0.11263313110369534,433,0.912311780336581,0.9067579127459366,0.912311780336581,0.8763505402160864,0.8885163453478625,0.8992496717966094,0.014402677285634286,385,0.9133333333333333,0.9177777777777778,0.9133333333333333,0.8111111111111111,0.9044444444444444,0.892,0.040675773115191285,433,0.8767551622418879,0.875291902071563,0.8767551622418879,0.7988304093567251,0.8543067033976124,0.8563878678619353,0.030014023872931884,433,0.9133333333333333,0.9177777777777777,0.9133333333333333,0.8111111111111111,0.9044444444444444,0.892,0.04067577311519128,433
465,0.010629510879516602,0.010431470305948194,0.05108180046081543,0.011810894215381734,log_loss,2,7,3,random,"{'criterion': 'log_loss', 'max_depth': 2, 'min_samples_leaf': 7, 'min_samples_split': 3, 'splitter': 'random'}",0.9133333333333333,0.9177777777777778,0.9133333333333333,0.8111111111111111,0.9044444444444445,0.892,0.04067577311519129,433,0.9151785714285714,0.9392523364485982,0.9151785714285714,0.7348993288590604,0.9375,0.8884017616329603,0.07745115870404233,433,0.911504424778761,0.8983050847457628,0.911504424778761,0.9605263157894737,0.8760330578512396,0.9115746615887996,0.027696792526328156,337,0.9111111111111111,0.8933333333333333,0.9111111111111111,0.9733333333333334,0.8666666666666667,0.9111111111111111,0.03510829805890046,337,0.9155555555555556,0.9422222222222222,0.9155555555555556,0.6488888888888888,0.9422222222222222,0.8728888888888889,0.11263313110369534,433,0.912311780336581,0.9067579127459366,0.912311780336581,0.8763505402160864,0.8885163453478625,0.8992496717966094,0.014402677285634286,385,0.9133333333333333,0.9177777777777778,0.9133333333333333,0.8111111111111111,0.9044444444444444,0.892,0.040675773115191285,433,0.8767551622418879,0.875291902071563,0.8767551622418879,0.7988304093567251,0.8543067033976124,0.8563878678619353,0.030014023872931884,433,0.9133333333333333,0.9177777777777777,0.9133333333333333,0.8111111111111111,0.9044444444444444,0.892,0.04067577311519128,433
205,0.014462757110595702,0.007770916714383726,0.04845461845397949,0.009815263857625057,entropy,1,4,2,random,"{'criterion': 'entropy', 'max_depth': 1, 'min_samples_leaf': 4, 'min_samples_split': 2, 'splitter': 'random'}",0.9133333333333333,0.9177777777777778,0.9133333333333333,0.8111111111111111,0.9044444444444445,0.892,0.04067577311519129,433,0.9151785714285714,0.9392523364485982,0.9151785714285714,0.7348993288590604,0.9375,0.8884017616329603,0.07745115870404233,433,0.911504424778761,0.8983050847457628,0.911504424778761,0.9605263157894737,0.8760330578512396,0.9115746615887996,0.027696792526328156,337,0.9111111111111111,0.8933333333333333,0.9111111111111111,0.9733333333333334,0.8666666666666667,0.9111111111111111,0.03510829805890046,337,0.9155555555555556,0.9422222222222222,0.9155555555555556,0.6488888888888888,0.9422222222222222,0.8728888888888889,0.11263313110369534,433,0.912311780336581,0.9067579127459366,0.912311780336581,0.8763505402160864,0.8885163453478625,0.8992496717966094,0.014402677285634286,385,0.9133333333333333,0.9177777777777778,0.9133333333333333,0.8111111111111111,0.9044444444444444,0.892,0.040675773115191285,433,0.8767551622418879,0.875291902071563,0.8767551622418879,0.7988304093567251,0.8543067033976124,0.8563878678619353,0.030014023872931884,433,0.9133333333333333,0.9177777777777777,0.9133333333333333,0.8111111111111111,0.9044444444444444,0.892,0.04067577311519128,433
235,0.006884717941284179,0.003749770512233787,0.039515018463134766,0.006697117422244451,entropy,1,9,2,random,"{'criterion': 'entropy', 'max_depth': 1, 'min_samples_leaf': 9, 'min_samples_split': 2, 'splitter': 'random'}",0.9133333333333333,0.9177777777777778,0.9133333333333333,0.8111111111111111,0.9044444444444445,0.892,0.04067577311519129,433,0.9151785714285714,0.9392523364485982,0.9151785714285714,0.7348993288590604,0.9375,0.8884017616329603,0.07745115870404233,433,0.911504424778761,0.8983050847457628,0.911504424778761,0.9605263157894737,0.8760330578512396,0.9115746615887996,0.027696792526328156,337,0.9111111111111111,0.8933333333333333,0.9111111111111111,0.9733333333333334,0.8666666666666667,0.9111111111111111,0.03510829805890046,337,0.9155555555555556,0.9422222222222222,0.9155555555555556,0.6488888888888888,0.9422222222222222,0.8728888888888889,0.11263313110369534,433,0.912311780336581,0.9067579127459366,0.912311780336581,0.8763505402160864,0.8885163453478625,0.8992496717966094,0.014402677285634286,385,0.9133333333333333,0.9177777777777778,0.9133333333333333,0.8111111111111111,0.9044444444444444,0.892,0.040675773115191285,433,0.8767551622418879,0.875291902071563,0.8767551622418879,0.7988304093567251,0.8543067033976124,0.8563878678619353,0.030014023872931884,433,0.9133333333333333,0.9177777777777777,0.9133333333333333,0.8111111111111111,0.9044444444444444,0.892,0.04067577311519128,433
233,0.0029445171356201174,0.0040026800214897134,0.04225702285766601,0.0033347733168669867,entropy,1,8,4,random,"{'criterion': 'entropy', 'max_depth': 1, 'min_samples_leaf': 8, 'min_samples_split': 4, 'splitter': 'random'}",0.9133333333333333,0.9177777777777778,0.9133333333333333,0.8111111111111111,0.9044444444444445,0.892,0.04067577311519129,433,0.9151785714285714,0.9392523364485982,0.9151785714285714,0.7348993288590604,0.9375,0.8884017616329603,0.07745115870404233,433,0.911504424778761,0.8983050847457628,0.911504424778761,0.9605263157894737,0.8760330578512396,0.9115746615887996,0.027696792526328156,337,0.9111111111111111,0.8933333333333333,0.9111111111111111,0.9733333333333334,0.8666666666666667,0.9111111111111111,0.03510829805890046,337,0.9155555555555556,0.9422222222222222,0.9155555555555556,0.6488888888888888,0.9422222222222222,0.8728888888888889,0.11263313110369534,433,0.912311780336581,0.9067579127459366,0.912311780336581,0.8763505402160864,0.8885163453478625,0.8992496717966094,0.014402677285634286,385,0.9133333333333333,0.9177777777777778,0.9133333333333333,0.8111111111111111,0.9044444444444444,0.892,0.040675773115191285,433,0.8767551622418879,0.875291902071563,0.8767551622418879,0.7988304093567251,0.8543067033976124,0.8563878678619353,0.030014023872931884,433,0.9133333333333333,0.9177777777777777,0.9133333333333333,0.8111111111111111,0.9044444444444444,0.892,0.04067577311519128,433
385,0.005778121948242188,0.0050541222139598605,0.04417333602905273,0.0035547921725151434,log_loss,1,2,2,random,"{'criterion': 'log_loss', 'max_depth': 1, 'min_samples_leaf': 2, 'min_samples_split': 2, 'splitter': 'random'}",0.9133333333333333,0.9177777777777778,0.9133333333333333,0.8111111111111111,0.9044444444444445,0.892,0.04067577311519129,433,0.9151785714285714,0.9392523364485982,0.9151785714285714,0.7348993288590604,0.9375,0.8884017616329603,0.07745115870404233,433,0.911504424778761,0.8983050847457628,0.911504424778761,0.9605263157894737,0.8760330578512396,0.9115746615887996,0.027696792526328156,337,0.9111111111111111,0.8933333333333333,0.9111111111111111,0.9733333333333334,0.8666666666666667,0.9111111111111111,0.03510829805890046,337,0.9155555555555556,0.9422222222222222,0.9155555555555556,0.6488888888888888,0.9422222222222222,0.8728888888888889,0.11263313110369534,433,0.912311780336581,0.9067579127459366,0.912311780336581,0.8763505402160864,0.8885163453478625,0.8992496717966094,0.014402677285634286,385,0.9133333333333333,0.9177777777777778,0.9133333333333333,0.8111111111111111,0.9044444444444444,0.892,0.040675773115191285,433,0.8767551622418879,0.875291902071563,0.8767551622418879,0.7988304093567251,0.8543067033976124,0.8563878678619353,0.030014023872931884,433,0.9133333333333333,0.9177777777777777,0.9133333333333333,0.8111111111111111,0.9044444444444444,0.892,0.04067577311519128,433
387,0.0021085262298583983,0.0025871593280196994,0.05599002838134766,0.012265772542052581,log_loss,1,2,3,random,"{'criterion': 'log_loss', 'max_depth': 1, 'min_samples_leaf': 2, 'min_samples_split': 3, 'splitter': 'random'}",0.9133333333333333,0.9177777777777778,0.9133333333333333,0.8111111111111111,0.9044444444444445,0.892,0.04067577311519129,433,0.9151785714285714,0.9392523364485982,0.9151785714285714,0.7348993288590604,0.9375,0.8884017616329603,0.07745115870404233,433,0.911504424778761,0.8983050847457628,0.911504424778761,0.9605263157894737,0.8760330578512396,0.9115746615887996,0.027696792526328156,337,0.9111111111111111,0.8933333333333333,0.9111111111111111,0.9733333333333334,0.8666666666666667,0.9111111111111111,0.03510829805890046,337,0.9155555555555556,0.9422222222222222,0.9155555555555556,0.6488888888888888,0.9422222222222222,0.8728888888888889,0.11263313110369534,433,0.912311780336581,0.9067579127459366,0.912311780336581,0.8763505402160864,0.8885163453478625,0.8992496717966094,0.014402677285634286,385,0.9133333333333333,0.9177777777777778,0.9133333333333333,0.8111111111111111,0.9044444444444444,0.892,0.040675773115191285,433,0.8767551622418879,0.875291902071563,0.8767551622418879,0.7988304093567251,0.8543067033976124,0.8563878678619353,0.030014023872931884,433,0.9133333333333333,0.9177777777777777,0.9133333333333333,0.8111111111111111,0.9044444444444444,0.892,0.04067577311519128,433
389,0.01119546890258789,0.005979668804422496,0.042224788665771486,0.006710825070711538,log_loss,1,2,4,random,"{'criterion': 'log_loss', 'max_depth': 1, 'min_samples_leaf': 2, 'min_samples_split': 4, 'splitter': 'random'}",0.9133333333333333,0.9177777777777778,0.9133333333333333,0.8111111111111111,0.9044444444444445,0.892,0.04067577311519129,433,0.9151785714285714,0.9392523364485982,0.9151785714285714,0.7348993288590604,0.9375,0.8884017616329603,0.07745115870404233,433,0.911504424778761,0.8983050847457628,0.911504424778761,0.9605263157894737,0.8760330578512396,0.9115746615887996,0.027696792526328156,337,0.9111111111111111,0.8933333333333333,0.9111111111111111,0.9733333333333334,0.8666666666666667,0.9111111111111111,0.03510829805890046,337,0.9155555555555556,0.9422222222222222,0.9155555555555556,0.6488888888888888,0.9422222222222222,0.8728888888888889,0.11263313110369534,433,0.912311780336581,0.9067579127459366,0.912311780336581,0.8763505402160864,0.8885163453478625,0.8992496717966094,0.014402677285634286,385,0.9133333333333333,0.9177777777777778,0.9133333333333333,0.8111111111111111,0.9044444444444444,0.892,0.040675773115191285,433,0.8767551622418879,0.875291902071563,0.8767551622418879,0.7988304093567251,0.8543067033976124,0.8563878678619353,0.030014023872931884,433,0.9133333333333333,0.9177777777777777,0.9133333333333333,0.8111111111111111,0.9044444444444444,0.892,0.04067577311519128,433
391,0.014960098266601562,0.0030399603478285355,0.045340967178344724,0.014035809685940233,log_loss,1,3,2,random,"{'criterion': 'log_loss', 'max_depth': 1, 'min_samples_leaf': 3, 'min_samples_split': 2, 'splitter': 'random'}",0.9133333333333333,0.9177777777777778,0.9133333333333333,0.8111111111111111,0.9044444444444445,0.892,0.04067577311519129,433,0.9151785714285714,0.9392523364485982,0.9151785714285714,0.7348993288590604,0.9375,0.8884017616329603,0.07745115870404233,433,0.911504424778761,0.8983050847457628,0.911504424778761,0.9605263157894737,0.8760330578512396,0.9115746615887996,0.027696792526328156,337,0.9111111111111111,0.8933333333333333,0.9111111111111111,0.9733333333333334,0.8666666666666667,0.9111111111111111,0.03510829805890046,337,0.9155555555555556,0.9422222222222222,0.9155555555555556,0.6488888888888888,0.9422222222222222,0.8728888888888889,0.11263313110369534,433,0.912311780336581,0.9067579127459366,0.912311780336581,0.8763505402160864,0.8885163453478625,0.8992496717966094,0.014402677285634286,385,0.9133333333333333,0.9177777777777778,0.9133333333333333,0.8111111111111111,0.9044444444444444,0.892,0.040675773115191285,433,0.8767551622418879,0.875291902071563,0.8767551622418879,0.7988304093567251,0.8543067033976124,0.8563878678619353,0.030014023872931884,433,0.9133333333333333,0.9177777777777777,0.9133333333333333,0.8111111111111111,0.9044444444444444,0.892,0.04067577311519128,433
393,0.005444669723510742,0.006247512832372594,0.05386552810668945,0.013968302034842402,log_loss,1,3,3,random,"{'criterion': 'log_loss', 'max_depth': 1, 'min_samples_leaf': 3, 'min_samples_split': 3, 'splitter': 'random'}",0.9133333333333333,0.9177777777777778,0.9133333333333333,0.8111111111111111,0.9044444444444445,0.892,0.04067577311519129,433,0.9151785714285714,0.9392523364485982,0.9151785714285714,0.7348993288590604,0.9375,0.8884017616329603,0.07745115870404233,433,0.911504424778761,0.8983050847457628,0.911504424778761,0.9605263157894737,0.8760330578512396,0.9115746615887996,0.027696792526328156,337,0.9111111111111111,0.8933333333333333,0.9111111111111111,0.9733333333333334,0.8666666666666667,0.9111111111111111,0.03510829805890046,337,0.9155555555555556,0.9422222222222222,0.9155555555555556,0.6488888888888888,0.9422222222222222,0.8728888888888889,0.11263313110369534,433,0.912311780336581,0.9067579127459366,0.912311780336581,0.8763505402160864,0.8885163453478625,0.8992496717966094,0.014402677285634286,385,0.9133333333333333,0.9177777777777778,0.9133333333333333,0.8111111111111111,0.9044444444444444,0.892,0.040675773115191285,433,0.8767551622418879,0.875291902071563,0.8767551622418879,0.7988304093567251,0.8543067033976124,0.8563878678619353,0.030014023872931884,433,0.9133333333333333,0.9177777777777777,0.9133333333333333,0.8111111111111111,0.9044444444444444,0.892,0.04067577311519128,433
395,0.008938169479370118,0.007337033681911342,0.040276956558227536,0.00733100871980543,log_loss,1,3,4,random,"{'criterion': 'log_loss', 'max_depth': 1, 'min_samples_leaf': 3, 'min_samples_split': 4, 'splitter': 'random'}",0.9133333333333333,0.9177777777777778,0.9133333333333333,0.8111111111111111,0.9044444444444445,0.892,0.04067577311519129,433,0.9151785714285714,0.9392523364485982,0.9151785714285714,0.7348993288590604,0.9375,0.8884017616329603,0.07745115870404233,433,0.911504424778761,0.8983050847457628,0.911504424778761,0.9605263157894737,0.8760330578512396,0.9115746615887996,0.027696792526328156,337,0.9111111111111111,0.8933333333333333,0.9111111111111111,0.9733333333333334,0.8666666666666667,0.9111111111111111,0.03510829805890046,337,0.9155555555555556,0.9422222222222222,0.9155555555555556,0.6488888888888888,0.9422222222222222,0.8728888888888889,0.11263313110369534,433,0.912311780336581,0.9067579127459366,0.912311780336581,0.8763505402160864,0.8885163453478625,0.8992496717966094,0.014402677285634286,385,0.9133333333333333,0.9177777777777778,0.9133333333333333,0.8111111111111111,0.9044444444444444,0.892,0.040675773115191285,433,0.8767551622418879,0.875291902071563,0.8767551622418879,0.7988304093567251,0.8543067033976124,0.8563878678619353,0.030014023872931884,433,0.9133333333333333,0.9177777777777777,0.9133333333333333,0.8111111111111111,0.9044444444444444,0.892,0.04067577311519128,433
237,0.0031435489654541016,0.0038530654654866728,0.04177799224853516,0.0017679335435520811,entropy,1,9,3,random,"{'criterion': 'entropy', 'max_depth': 1, 'min_samples_leaf': 9, 'min_samples_split': 3, 'splitter': 'random'}",0.9133333333333333,0.9177777777777778,0.9133333333333333,0.8111111111111111,0.9044444444444445,0.892,0.04067577311519129,433,0.9151785714285714,0.9392523364485982,0.9151785714285714,0.7348993288590604,0.9375,0.8884017616329603,0.07745115870404233,433,0.911504424778761,0.8983050847457628,0.911504424778761,0.9605263157894737,0.8760330578512396,0.9115746615887996,0.027696792526328156,337,0.9111111111111111,0.8933333333333333,0.9111111111111111,0.9733333333333334,0.8666666666666667,0.9111111111111111,0.03510829805890046,337,0.9155555555555556,0.9422222222222222,0.9155555555555556,0.6488888888888888,0.9422222222222222,0.8728888888888889,0.11263313110369534,433,0.912311780336581,0.9067579127459366,0.912311780336581,0.8763505402160864,0.8885163453478625,0.8992496717966094,0.014402677285634286,385,0.9133333333333333,0.9177777777777778,0.9133333333333333,0.8111111111111111,0.9044444444444444,0.892,0.040675773115191285,433,0.8767551622418879,0.875291902071563,0.8767551622418879,0.7988304093567251,0.8543067033976124,0.8563878678619353,0.030014023872931884,433,0.9133333333333333,0.9177777777777777,0.9133333333333333,0.8111111111111111,0.9044444444444444,0.892,0.04067577311519128,433
397,0.008455419540405273,0.005140152491936861,0.04356236457824707,0.004593729776771238,log_loss,1,4,2,random,"{'criterion': 'log_loss', 'max_depth': 1, 'min_samples_leaf': 4, 'min_samples_split': 2, 'splitter': 'random'}",0.9133333333333333,0.9177777777777778,0.9133333333333333,0.8111111111111111,0.9044444444444445,0.892,0.04067577311519129,433,0.9151785714285714,0.9392523364485982,0.9151785714285714,0.7348993288590604,0.9375,0.8884017616329603,0.07745115870404233,433,0.911504424778761,0.8983050847457628,0.911504424778761,0.9605263157894737,0.8760330578512396,0.9115746615887996,0.027696792526328156,337,0.9111111111111111,0.8933333333333333,0.9111111111111111,0.9733333333333334,0.8666666666666667,0.9111111111111111,0.03510829805890046,337,0.9155555555555556,0.9422222222222222,0.9155555555555556,0.6488888888888888,0.9422222222222222,0.8728888888888889,0.11263313110369534,433,0.912311780336581,0.9067579127459366,0.912311780336581,0.8763505402160864,0.8885163453478625,0.8992496717966094,0.014402677285634286,385,0.9133333333333333,0.9177777777777778,0.9133333333333333,0.8111111111111111,0.9044444444444444,0.892,0.040675773115191285,433,0.8767551622418879,0.875291902071563,0.8767551622418879,0.7988304093567251,0.8543067033976124,0.8563878678619353,0.030014023872931884,433,0.9133333333333333,0.9177777777777777,0.9133333333333333,0.8111111111111111,0.9044444444444444,0.892,0.04067577311519128,433
401,0.00545034408569336,0.00453402373114954,0.045106935501098636,0.00500815100659089,log_loss,1,4,4,random,"{'criterion': 'log_loss', 'max_depth': 1, 'min_samples_leaf': 4, 'min_samples_split': 4, 'splitter': 'random'}",0.9133333333333333,0.9177777777777778,0.9133333333333333,0.8111111111111111,0.9044444444444445,0.892,0.04067577311519129,433,0.9151785714285714,0.9392523364485982,0.9151785714285714,0.7348993288590604,0.9375,0.8884017616329603,0.07745115870404233,433,0.911504424778761,0.8983050847457628,0.911504424778761,0.9605263157894737,0.8760330578512396,0.9115746615887996,0.027696792526328156,337,0.9111111111111111,0.8933333333333333,0.9111111111111111,0.9733333333333334,0.8666666666666667,0.9111111111111111,0.03510829805890046,337,0.9155555555555556,0.9422222222222222,0.9155555555555556,0.6488888888888888,0.9422222222222222,0.8728888888888889,0.11263313110369534,433,0.912311780336581,0.9067579127459366,0.912311780336581,0.8763505402160864,0.8885163453478625,0.8992496717966094,0.014402677285634286,385,0.9133333333333333,0.9177777777777778,0.9133333333333333,0.8111111111111111,0.9044444444444444,0.892,0.040675773115191285,433,0.8767551622418879,0.875291902071563,0.8767551622418879,0.7988304093567251,0.8543067033976124,0.8563878678619353,0.030014023872931884,433,0.9133333333333333,0.9177777777777777,0.9133333333333333,0.8111111111111111,0.9044444444444444,0.892,0.04067577311519128,433
403,0.006218814849853515,0.0034932852981692905,0.04370989799499512,0.0019530274508374802,log_loss,1,5,2,random,"{'criterion': 'log_loss', 'max_depth': 1, 'min_samples_leaf': 5, 'min_samples_split': 2, 'splitter': 'random'}",0.9133333333333333,0.9177777777777778,0.9133333333333333,0.8111111111111111,0.9044444444444445,0.892,0.04067577311519129,433,0.9151785714285714,0.9392523364485982,0.9151785714285714,0.7348993288590604,0.9375,0.8884017616329603,0.07745115870404233,433,0.911504424778761,0.8983050847457628,0.911504424778761,0.9605263157894737,0.8760330578512396,0.9115746615887996,0.027696792526328156,337,0.9111111111111111,0.8933333333333333,0.9111111111111111,0.9733333333333334,0.8666666666666667,0.9111111111111111,0.03510829805890046,337,0.9155555555555556,0.9422222222222222,0.9155555555555556,0.6488888888888888,0.9422222222222222,0.8728888888888889,0.11263313110369534,433,0.912311780336581,0.9067579127459366,0.912311780336581,0.8763505402160864,0.8885163453478625,0.8992496717966094,0.014402677285634286,385,0.9133333333333333,0.9177777777777778,0.9133333333333333,0.8111111111111111,0.9044444444444444,0.892,0.040675773115191285,433,0.8767551622418879,0.875291902071563,0.8767551622418879,0.7988304093567251,0.8543067033976124,0.8563878678619353,0.030014023872931884,433,0.9133333333333333,0.9177777777777777,0.9133333333333333,0.8111111111111111,0.9044444444444444,0.892,0.04067577311519128,433
405,0.005593681335449218,0.004071965020454215,0.04158139228820801,0.001898920721298981,log_loss,1,5,3,random,"{'criterion': 'log_loss', 'max_depth': 1, 'min_samples_leaf': 5, 'min_samples_split': 3, 'splitter': 'random'}",0.9133333333333333,0.9177777777777778,0.9133333333333333,0.8111111111111111,0.9044444444444445,0.892,0.04067577311519129,433,0.9151785714285714,0.9392523364485982,0.9151785714285714,0.7348993288590604,0.9375,0.8884017616329603,0.07745115870404233,433,0.911504424778761,0.8983050847457628,0.911504424778761,0.9605263157894737,0.8760330578512396,0.9115746615887996,0.027696792526328156,337,0.9111111111111111,0.8933333333333333,0.9111111111111111,0.9733333333333334,0.8666666666666667,0.9111111111111111,0.03510829805890046,337,0.9155555555555556,0.9422222222222222,0.9155555555555556,0.6488888888888888,0.9422222222222222,0.8728888888888889,0.11263313110369534,433,0.912311780336581,0.9067579127459366,0.912311780336581,0.8763505402160864,0.8885163453478625,0.8992496717966094,0.014402677285634286,385,0.9133333333333333,0.9177777777777778,0.9133333333333333,0.8111111111111111,0.9044444444444444,0.892,0.040675773115191285,433,0.8767551622418879,0.875291902071563,0.8767551622418879,0.7988304093567251,0.8543067033976124,0.8563878678619353,0.030014023872931884,433,0.9133333333333333,0.9177777777777777,0.9133333333333333,0.8111111111111111,0.9044444444444444,0.892,0.04067577311519128,433
407,0.008719587326049804,0.004128501696983764,0.03892784118652344,0.0017113510921731455,log_loss,1,5,4,random,"{'criterion': 'log_loss', 'max_depth': 1, 'min_samples_leaf': 5, 'min_samples_split': 4, 'splitter': 'random'}",0.9133333333333333,0.9177777777777778,0.9133333333333333,0.8111111111111111,0.9044444444444445,0.892,0.04067577311519129,433,0.9151785714285714,0.9392523364485982,0.9151785714285714,0.7348993288590604,0.9375,0.8884017616329603,0.07745115870404233,433,0.911504424778761,0.8983050847457628,0.911504424778761,0.9605263157894737,0.8760330578512396,0.9115746615887996,0.027696792526328156,337,0.9111111111111111,0.8933333333333333,0.9111111111111111,0.9733333333333334,0.8666666666666667,0.9111111111111111,0.03510829805890046,337,0.9155555555555556,0.9422222222222222,0.9155555555555556,0.6488888888888888,0.9422222222222222,0.8728888888888889,0.11263313110369534,433,0.912311780336581,0.9067579127459366,0.912311780336581,0.8763505402160864,0.8885163453478625,0.8992496717966094,0.014402677285634286,385,0.9133333333333333,0.9177777777777778,0.9133333333333333,0.8111111111111111,0.9044444444444444,0.892,0.040675773115191285,433,0.8767551622418879,0.875291902071563,0.8767551622418879,0.7988304093567251,0.8543067033976124,0.8563878678619353,0.030014023872931884,433,0.9133333333333333,0.9177777777777777,0.9133333333333333,0.8111111111111111,0.9044444444444444,0.892,0.04067577311519128,433
409,0.004400777816772461,0.004618010676794973,0.047479438781738284,0.0036218516903877623,log_loss,1,6,2,random,"{'criterion': 'log_loss', 'max_depth': 1, 'min_samples_leaf': 6, 'min_samples_split': 2, 'splitter': 'random'}",0.9133333333333333,0.9177777777777778,0.9133333333333333,0.8111111111111111,0.9044444444444445,0.892,0.04067577311519129,433,0.9151785714285714,0.9392523364485982,0.9151785714285714,0.7348993288590604,0.9375,0.8884017616329603,0.07745115870404233,433,0.911504424778761,0.8983050847457628,0.911504424778761,0.9605263157894737,0.8760330578512396,0.9115746615887996,0.027696792526328156,337,0.9111111111111111,0.8933333333333333,0.9111111111111111,0.9733333333333334,0.8666666666666667,0.9111111111111111,0.03510829805890046,337,0.9155555555555556,0.9422222222222222,0.9155555555555556,0.6488888888888888,0.9422222222222222,0.8728888888888889,0.11263313110369534,433,0.912311780336581,0.9067579127459366,0.912311780336581,0.8763505402160864,0.8885163453478625,0.8992496717966094,0.014402677285634286,385,0.9133333333333333,0.9177777777777778,0.9133333333333333,0.8111111111111111,0.9044444444444444,0.892,0.040675773115191285,433,0.8767551622418879,0.875291902071563,0.8767551622418879,0.7988304093567251,0.8543067033976124,0.8563878678619353,0.030014023872931884,433,0.9133333333333333,0.9177777777777777,0.9133333333333333,0.8111111111111111,0.9044444444444444,0.892,0.04067577311519128,433
411,0.011470699310302734,0.0011563817101202568,0.03762631416320801,0.002342965573857014,log_loss,1,6,3,random,"{'criterion': 'log_loss', 'max_depth': 1, 'min_samples_leaf': 6, 'min_samples_split': 3, 'splitter': 'random'}",0.9133333333333333,0.9177777777777778,0.9133333333333333,0.8111111111111111,0.9044444444444445,0.892,0.04067577311519129,433,0.9151785714285714,0.9392523364485982,0.9151785714285714,0.7348993288590604,0.9375,0.8884017616329603,0.07745115870404233,433,0.911504424778761,0.8983050847457628,0.911504424778761,0.9605263157894737,0.8760330578512396,0.9115746615887996,0.027696792526328156,337,0.9111111111111111,0.8933333333333333,0.9111111111111111,0.9733333333333334,0.8666666666666667,0.9111111111111111,0.03510829805890046,337,0.9155555555555556,0.9422222222222222,0.9155555555555556,0.6488888888888888,0.9422222222222222,0.8728888888888889,0.11263313110369534,433,0.912311780336581,0.9067579127459366,0.912311780336581,0.8763505402160864,0.8885163453478625,0.8992496717966094,0.014402677285634286,385,0.9133333333333333,0.9177777777777778,0.9133333333333333,0.8111111111111111,0.9044444444444444,0.892,0.040675773115191285,433,0.8767551622418879,0.875291902071563,0.8767551622418879,0.7988304093567251,0.8543067033976124,0.8563878678619353,0.030014023872931884,433,0.9133333333333333,0.9177777777777777,0.9133333333333333,0.8111111111111111,0.9044444444444444,0.892,0.04067577311519128,433
413,0.008968734741210937,0.004528687673329506,0.041035127639770505,0.0017605570075424908,log_loss,1,6,4,random,"{'criterion': 'log_loss', 'max_depth': 1, 'min_samples_leaf': 6, 'min_samples_split': 4, 'splitter': 'random'}",0.9133333333333333,0.9177777777777778,0.9133333333333333,0.8111111111111111,0.9044444444444445,0.892,0.04067577311519129,433,0.9151785714285714,0.9392523364485982,0.9151785714285714,0.7348993288590604,0.9375,0.8884017616329603,0.07745115870404233,433,0.911504424778761,0.8983050847457628,0.911504424778761,0.9605263157894737,0.8760330578512396,0.9115746615887996,0.027696792526328156,337,0.9111111111111111,0.8933333333333333,0.9111111111111111,0.9733333333333334,0.8666666666666667,0.9111111111111111,0.03510829805890046,337,0.9155555555555556,0.9422222222222222,0.9155555555555556,0.6488888888888888,0.9422222222222222,0.8728888888888889,0.11263313110369534,433,0.912311780336581,0.9067579127459366,0.912311780336581,0.8763505402160864,0.8885163453478625,0.8992496717966094,0.014402677285634286,385,0.9133333333333333,0.9177777777777778,0.9133333333333333,0.8111111111111111,0.9044444444444444,0.892,0.040675773115191285,433,0.8767551622418879,0.875291902071563,0.8767551622418879,0.7988304093567251,0.8543067033976124,0.8563878678619353,0.030014023872931884,433,0.9133333333333333,0.9177777777777777,0.9133333333333333,0.8111111111111111,0.9044444444444444,0.892,0.04067577311519128,433
415,0.006919240951538086,0.0031496207450756796,0.04789614677429199,0.008407278926408126,log_loss,1,7,2,random,"{'criterion': 'log_loss', 'max_depth': 1, 'min_samples_leaf': 7, 'min_samples_split': 2, 'splitter': 'random'}",0.9133333333333333,0.9177777777777778,0.9133333333333333,0.8111111111111111,0.9044444444444445,0.892,0.04067577311519129,433,0.9151785714285714,0.9392523364485982,0.9151785714285714,0.7348993288590604,0.9375,0.8884017616329603,0.07745115870404233,433,0.911504424778761,0.8983050847457628,0.911504424778761,0.9605263157894737,0.8760330578512396,0.9115746615887996,0.027696792526328156,337,0.9111111111111111,0.8933333333333333,0.9111111111111111,0.9733333333333334,0.8666666666666667,0.9111111111111111,0.03510829805890046,337,0.9155555555555556,0.9422222222222222,0.9155555555555556,0.6488888888888888,0.9422222222222222,0.8728888888888889,0.11263313110369534,433,0.912311780336581,0.9067579127459366,0.912311780336581,0.8763505402160864,0.8885163453478625,0.8992496717966094,0.014402677285634286,385,0.9133333333333333,0.9177777777777778,0.9133333333333333,0.8111111111111111,0.9044444444444444,0.892,0.040675773115191285,433,0.8767551622418879,0.875291902071563,0.8767551622418879,0.7988304093567251,0.8543067033976124,0.8563878678619353,0.030014023872931884,433,0.9133333333333333,0.9177777777777777,0.9133333333333333,0.8111111111111111,0.9044444444444444,0.892,0.04067577311519128,433
399,0.009633302688598633,0.004958321681193257,0.03856749534606933,0.0044814370108042425,log_loss,1,4,3,random,"{'criterion': 'log_loss', 'max_depth': 1, 'min_samples_leaf': 4, 'min_samples_split': 3, 'splitter': 'random'}",0.9133333333333333,0.9177777777777778,0.9133333333333333,0.8111111111111111,0.9044444444444445,0.892,0.04067577311519129,433,0.9151785714285714,0.9392523364485982,0.9151785714285714,0.7348993288590604,0.9375,0.8884017616329603,0.07745115870404233,433,0.911504424778761,0.8983050847457628,0.911504424778761,0.9605263157894737,0.8760330578512396,0.9115746615887996,0.027696792526328156,337,0.9111111111111111,0.8933333333333333,0.9111111111111111,0.9733333333333334,0.8666666666666667,0.9111111111111111,0.03510829805890046,337,0.9155555555555556,0.9422222222222222,0.9155555555555556,0.6488888888888888,0.9422222222222222,0.8728888888888889,0.11263313110369534,433,0.912311780336581,0.9067579127459366,0.912311780336581,0.8763505402160864,0.8885163453478625,0.8992496717966094,0.014402677285634286,385,0.9133333333333333,0.9177777777777778,0.9133333333333333,0.8111111111111111,0.9044444444444444,0.892,0.040675773115191285,433,0.8767551622418879,0.875291902071563,0.8767551622418879,0.7988304093567251,0.8543067033976124,0.8563878678619353,0.030014023872931884,433,0.9133333333333333,0.9177777777777777,0.9133333333333333,0.8111111111111111,0.9044444444444444,0.892,0.04067577311519128,433
239,0.004713630676269532,0.004054539751807681,0.04338517189025879,0.003721751722405103,entropy,1,9,4,random,"{'criterion': 'entropy', 'max_depth': 1, 'min_samples_leaf': 9, 'min_samples_split': 4, 'splitter': 'random'}",0.9133333333333333,0.9177777777777778,0.9133333333333333,0.8111111111111111,0.9044444444444445,0.892,0.04067577311519129,433,0.9151785714285714,0.9392523364485982,0.9151785714285714,0.7348993288590604,0.9375,0.8884017616329603,0.07745115870404233,433,0.911504424778761,0.8983050847457628,0.911504424778761,0.9605263157894737,0.8760330578512396,0.9115746615887996,0.027696792526328156,337,0.9111111111111111,0.8933333333333333,0.9111111111111111,0.9733333333333334,0.8666666666666667,0.9111111111111111,0.03510829805890046,337,0.9155555555555556,0.9422222222222222,0.9155555555555556,0.6488888888888888,0.9422222222222222,0.8728888888888889,0.11263313110369534,433,0.912311780336581,0.9067579127459366,0.912311780336581,0.8763505402160864,0.8885163453478625,0.8992496717966094,0.014402677285634286,385,0.9133333333333333,0.9177777777777778,0.9133333333333333,0.8111111111111111,0.9044444444444444,0.892,0.040675773115191285,433,0.8767551622418879,0.875291902071563,0.8767551622418879,0.7988304093567251,0.8543067033976124,0.8563878678619353,0.030014023872931884,433,0.9133333333333333,0.9177777777777777,0.9133333333333333,0.8111111111111111,0.9044444444444444,0.892,0.04067577311519128,433
241,0.006679105758666992,0.005565979428106882,0.04067792892456055,0.0020873955902888266,entropy,2,2,2,random,"{'criterion': 'entropy', 'max_depth': 2, 'min_samples_leaf': 2, 'min_samples_split': 2, 'splitter': 'random'}",0.9133333333333333,0.9177777777777778,0.9133333333333333,0.8111111111111111,0.9044444444444445,0.892,0.04067577311519129,433,0.9151785714285714,0.9392523364485982,0.9151785714285714,0.7348993288590604,0.9375,0.8884017616329603,0.07745115870404233,433,0.911504424778761,0.8983050847457628,0.911504424778761,0.9605263157894737,0.8760330578512396,0.9115746615887996,0.027696792526328156,337,0.9111111111111111,0.8933333333333333,0.9111111111111111,0.9733333333333334,0.8666666666666667,0.9111111111111111,0.03510829805890046,337,0.9155555555555556,0.9422222222222222,0.9155555555555556,0.6488888888888888,0.9422222222222222,0.8728888888888889,0.11263313110369534,433,0.912311780336581,0.9067579127459366,0.912311780336581,0.8763505402160864,0.8885163453478625,0.8992496717966094,0.014402677285634286,385,0.9133333333333333,0.9177777777777778,0.9133333333333333,0.8111111111111111,0.9044444444444444,0.892,0.040675773115191285,433,0.8767551622418879,0.875291902071563,0.8767551622418879,0.7988304093567251,0.8543067033976124,0.8563878678619353,0.030014023872931884,433,0.9133333333333333,0.9177777777777777,0.9133333333333333,0.8111111111111111,0.9044444444444444,0.892,0.04067577311519128,433
243,0.006864500045776367,0.003824987635711004,0.04046759605407715,0.00598301008061233,entropy,2,2,3,random,"{'criterion': 'entropy', 'max_depth': 2, 'min_samples_leaf': 2, 'min_samples_split': 3, 'splitter': 'random'}",0.9133333333333333,0.9177777777777778,0.9133333333333333,0.8111111111111111,0.9044444444444445,0.892,0.04067577311519129,433,0.9151785714285714,0.9392523364485982,0.9151785714285714,0.7348993288590604,0.9375,0.8884017616329603,0.07745115870404233,433,0.911504424778761,0.8983050847457628,0.911504424778761,0.9605263157894737,0.8760330578512396,0.9115746615887996,0.027696792526328156,337,0.9111111111111111,0.8933333333333333,0.9111111111111111,0.9733333333333334,0.8666666666666667,0.9111111111111111,0.03510829805890046,337,0.9155555555555556,0.9422222222222222,0.9155555555555556,0.6488888888888888,0.9422222222222222,0.8728888888888889,0.11263313110369534,433,0.912311780336581,0.9067579127459366,0.912311780336581,0.8763505402160864,0.8885163453478625,0.8992496717966094,0.014402677285634286,385,0.9133333333333333,0.9177777777777778,0.9133333333333333,0.8111111111111111,0.9044444444444444,0.892,0.040675773115191285,433,0.8767551622418879,0.875291902071563,0.8767551622418879,0.7988304093567251,0.8543067033976124,0.8563878678619353,0.030014023872931884,433,0.9133333333333333,0.9177777777777777,0.9133333333333333,0.8111111111111111,0.9044444444444444,0.892,0.04067577311519128,433
281,0.006178712844848633,0.0033943766717465422,0.042395830154418945,0.005896347761850094,entropy,2,8,4,random,"{'criterion': 'entropy', 'max_depth': 2, 'min_samples_leaf': 8, 'min_samples_split': 4, 'splitter': 'random'}",0.9133333333333333,0.9177777777777778,0.9133333333333333,0.8111111111111111,0.9044444444444445,0.892,0.04067577311519129,433,0.9151785714285714,0.9392523364485982,0.9151785714285714,0.7348993288590604,0.9375,0.8884017616329603,0.07745115870404233,433,0.911504424778761,0.8983050847457628,0.911504424778761,0.9605263157894737,0.8760330578512396,0.9115746615887996,0.027696792526328156,337,0.9111111111111111,0.8933333333333333,0.9111111111111111,0.9733333333333334,0.8666666666666667,0.9111111111111111,0.03510829805890046,337,0.9155555555555556,0.9422222222222222,0.9155555555555556,0.6488888888888888,0.9422222222222222,0.8728888888888889,0.11263313110369534,433,0.912311780336581,0.9067579127459366,0.912311780336581,0.8763505402160864,0.8885163453478625,0.8992496717966094,0.014402677285634286,385,0.9133333333333333,0.9177777777777778,0.9133333333333333,0.8111111111111111,0.9044444444444444,0.892,0.040675773115191285,433,0.8767551622418879,0.875291902071563,0.8767551622418879,0.7988304093567251,0.8543067033976124,0.8563878678619353,0.030014023872931884,433,0.9133333333333333,0.9177777777777777,0.9133333333333333,0.8111111111111111,0.9044444444444444,0.892,0.04067577311519128,433
279,0.006701993942260742,0.004993239176393531,0.043034839630126956,0.005139853749650387,entropy,2,8,3,random,"{'criterion': 'entropy', 'max_depth': 2, 'min_samples_leaf': 8, 'min_samples_split': 3, 'splitter': 'random'}",0.9133333333333333,0.9177777777777778,0.9133333333333333,0.8111111111111111,0.9044444444444445,0.892,0.04067577311519129,433,0.9151785714285714,0.9392523364485982,0.9151785714285714,0.7348993288590604,0.9375,0.8884017616329603,0.07745115870404233,433,0.911504424778761,0.8983050847457628,0.911504424778761,0.9605263157894737,0.8760330578512396,0.9115746615887996,0.027696792526328156,337,0.9111111111111111,0.8933333333333333,0.9111111111111111,0.9733333333333334,0.8666666666666667,0.9111111111111111,0.03510829805890046,337,0.9155555555555556,0.9422222222222222,0.9155555555555556,0.6488888888888888,0.9422222222222222,0.8728888888888889,0.11263313110369534,433,0.912311780336581,0.9067579127459366,0.912311780336581,0.8763505402160864,0.8885163453478625,0.8992496717966094,0.014402677285634286,385,0.9133333333333333,0.9177777777777778,0.9133333333333333,0.8111111111111111,0.9044444444444444,0.892,0.040675773115191285,433,0.8767551622418879,0.875291902071563,0.8767551622418879,0.7988304093567251,0.8543067033976124,0.8563878678619353,0.030014023872931884,433,0.9133333333333333,0.9177777777777777,0.9133333333333333,0.8111111111111111,0.9044444444444444,0.892,0.04067577311519128,433
277,0.006490373611450195,0.0020734327076252163,0.041572284698486325,0.003601539485028454,entropy,2,8,2,random,"{'criterion': 'entropy', 'max_depth': 2, 'min_samples_leaf': 8, 'min_samples_split': 2, 'splitter': 'random'}",0.9133333333333333,0.9177777777777778,0.9133333333333333,0.8111111111111111,0.9044444444444445,0.892,0.04067577311519129,433,0.9151785714285714,0.9392523364485982,0.9151785714285714,0.7348993288590604,0.9375,0.8884017616329603,0.07745115870404233,433,0.911504424778761,0.8983050847457628,0.911504424778761,0.9605263157894737,0.8760330578512396,0.9115746615887996,0.027696792526328156,337,0.9111111111111111,0.8933333333333333,0.9111111111111111,0.9733333333333334,0.8666666666666667,0.9111111111111111,0.03510829805890046,337,0.9155555555555556,0.9422222222222222,0.9155555555555556,0.6488888888888888,0.9422222222222222,0.8728888888888889,0.11263313110369534,433,0.912311780336581,0.9067579127459366,0.912311780336581,0.8763505402160864,0.8885163453478625,0.8992496717966094,0.014402677285634286,385,0.9133333333333333,0.9177777777777778,0.9133333333333333,0.8111111111111111,0.9044444444444444,0.892,0.040675773115191285,433,0.8767551622418879,0.875291902071563,0.8767551622418879,0.7988304093567251,0.8543067033976124,0.8563878678619353,0.030014023872931884,433,0.9133333333333333,0.9177777777777777,0.9133333333333333,0.8111111111111111,0.9044444444444444,0.892,0.04067577311519128,433
275,0.004834556579589843,0.004221725595819277,0.042828941345214845,0.0023246720594576912,entropy,2,7,4,random,"{'criterion': 'entropy', 'max_depth': 2, 'min_samples_leaf': 7, 'min_samples_split': 4, 'splitter': 'random'}",0.9133333333333333,0.9177777777777778,0.9133333333333333,0.8111111111111111,0.9044444444444445,0.892,0.04067577311519129,433,0.9151785714285714,0.9392523364485982,0.9151785714285714,0.7348993288590604,0.9375,0.8884017616329603,0.07745115870404233,433,0.911504424778761,0.8983050847457628,0.911504424778761,0.9605263157894737,0.8760330578512396,0.9115746615887996,0.027696792526328156,337,0.9111111111111111,0.8933333333333333,0.9111111111111111,0.9733333333333334,0.8666666666666667,0.9111111111111111,0.03510829805890046,337,0.9155555555555556,0.9422222222222222,0.9155555555555556,0.6488888888888888,0.9422222222222222,0.8728888888888889,0.11263313110369534,433,0.912311780336581,0.9067579127459366,0.912311780336581,0.8763505402160864,0.8885163453478625,0.8992496717966094,0.014402677285634286,385,0.9133333333333333,0.9177777777777778,0.9133333333333333,0.8111111111111111,0.9044444444444444,0.892,0.040675773115191285,433,0.8767551622418879,0.875291902071563,0.8767551622418879,0.7988304093567251,0.8543067033976124,0.8563878678619353,0.030014023872931884,433,0.9133333333333333,0.9177777777777777,0.9133333333333333,0.8111111111111111,0.9044444444444444,0.892,0.04067577311519128,433
273,0.008140325546264648,0.004623636408623693,0.03772106170654297,0.005642021799115024,entropy,2,7,3,random,"{'criterion': 'entropy', 'max_depth': 2, 'min_samples_leaf': 7, 'min_samples_split': 3, 'splitter': 'random'}",0.9133333333333333,0.9177777777777778,0.9133333333333333,0.8111111111111111,0.9044444444444445,0.892,0.04067577311519129,433,0.9151785714285714,0.9392523364485982,0.9151785714285714,0.7348993288590604,0.9375,0.8884017616329603,0.07745115870404233,433,0.911504424778761,0.8983050847457628,0.911504424778761,0.9605263157894737,0.8760330578512396,0.9115746615887996,0.027696792526328156,337,0.9111111111111111,0.8933333333333333,0.9111111111111111,0.9733333333333334,0.8666666666666667,0.9111111111111111,0.03510829805890046,337,0.9155555555555556,0.9422222222222222,0.9155555555555556,0.6488888888888888,0.9422222222222222,0.8728888888888889,0.11263313110369534,433,0.912311780336581,0.9067579127459366,0.912311780336581,0.8763505402160864,0.8885163453478625,0.8992496717966094,0.014402677285634286,385,0.9133333333333333,0.9177777777777778,0.9133333333333333,0.8111111111111111,0.9044444444444444,0.892,0.040675773115191285,433,0.8767551622418879,0.875291902071563,0.8767551622418879,0.7988304093567251,0.8543067033976124,0.8563878678619353,0.030014023872931884,433,0.9133333333333333,0.9177777777777777,0.9133333333333333,0.8111111111111111,0.9044444444444444,0.892,0.04067577311519128,433
271,0.004650306701660156,0.005774552580483215,0.040440607070922854,0.006428786762876338,entropy,2,7,2,random,"{'criterion': 'entropy', 'max_depth': 2, 'min_samples_leaf': 7, 'min_samples_split': 2, 'splitter': 'random'}",0.9133333333333333,0.9177777777777778,0.9133333333333333,0.8111111111111111,0.9044444444444445,0.892,0.04067577311519129,433,0.9151785714285714,0.9392523364485982,0.9151785714285714,0.7348993288590604,0.9375,0.8884017616329603,0.07745115870404233,433,0.911504424778761,0.8983050847457628,0.911504424778761,0.9605263157894737,0.8760330578512396,0.9115746615887996,0.027696792526328156,337,0.9111111111111111,0.8933333333333333,0.9111111111111111,0.9733333333333334,0.8666666666666667,0.9111111111111111,0.03510829805890046,337,0.9155555555555556,0.9422222222222222,0.9155555555555556,0.6488888888888888,0.9422222222222222,0.8728888888888889,0.11263313110369534,433,0.912311780336581,0.9067579127459366,0.912311780336581,0.8763505402160864,0.8885163453478625,0.8992496717966094,0.014402677285634286,385,0.9133333333333333,0.9177777777777778,0.9133333333333333,0.8111111111111111,0.9044444444444444,0.892,0.040675773115191285,433,0.8767551622418879,0.875291902071563,0.8767551622418879,0.7988304093567251,0.8543067033976124,0.8563878678619353,0.030014023872931884,433,0.9133333333333333,0.9177777777777777,0.9133333333333333,0.8111111111111111,0.9044444444444444,0.892,0.04067577311519128,433
269,0.007402610778808594,0.003942197384335684,0.04246206283569336,0.002523238052081696,entropy,2,6,4,random,"{'criterion': 'entropy', 'max_depth': 2, 'min_samples_leaf': 6, 'min_samples_split': 4, 'splitter': 'random'}",0.9133333333333333,0.9177777777777778,0.9133333333333333,0.8111111111111111,0.9044444444444445,0.892,0.04067577311519129,433,0.9151785714285714,0.9392523364485982,0.9151785714285714,0.7348993288590604,0.9375,0.8884017616329603,0.07745115870404233,433,0.911504424778761,0.8983050847457628,0.911504424778761,0.9605263157894737,0.8760330578512396,0.9115746615887996,0.027696792526328156,337,0.9111111111111111,0.8933333333333333,0.9111111111111111,0.9733333333333334,0.8666666666666667,0.9111111111111111,0.03510829805890046,337,0.9155555555555556,0.9422222222222222,0.9155555555555556,0.6488888888888888,0.9422222222222222,0.8728888888888889,0.11263313110369534,433,0.912311780336581,0.9067579127459366,0.912311780336581,0.8763505402160864,0.8885163453478625,0.8992496717966094,0.014402677285634286,385,0.9133333333333333,0.9177777777777778,0.9133333333333333,0.8111111111111111,0.9044444444444444,0.892,0.040675773115191285,433,0.8767551622418879,0.875291902071563,0.8767551622418879,0.7988304093567251,0.8543067033976124,0.8563878678619353,0.030014023872931884,433,0.9133333333333333,0.9177777777777777,0.9133333333333333,0.8111111111111111,0.9044444444444444,0.892,0.04067577311519128,433
267,0.001941537857055664,0.002628766405071184,0.043264579772949216,0.0027920275584030698,entropy,2,6,3,random,"{'criterion': 'entropy', 'max_depth': 2, 'min_samples_leaf': 6, 'min_samples_split': 3, 'splitter': 'random'}",0.9133333333333333,0.9177777777777778,0.9133333333333333,0.8111111111111111,0.9044444444444445,0.892,0.04067577311519129,433,0.9151785714285714,0.9392523364485982,0.9151785714285714,0.7348993288590604,0.9375,0.8884017616329603,0.07745115870404233,433,0.911504424778761,0.8983050847457628,0.911504424778761,0.9605263157894737,0.8760330578512396,0.9115746615887996,0.027696792526328156,337,0.9111111111111111,0.8933333333333333,0.9111111111111111,0.9733333333333334,0.8666666666666667,0.9111111111111111,0.03510829805890046,337,0.9155555555555556,0.9422222222222222,0.9155555555555556,0.6488888888888888,0.9422222222222222,0.8728888888888889,0.11263313110369534,433,0.912311780336581,0.9067579127459366,0.912311780336581,0.8763505402160864,0.8885163453478625,0.8992496717966094,0.014402677285634286,385,0.9133333333333333,0.9177777777777778,0.9133333333333333,0.8111111111111111,0.9044444444444444,0.892,0.040675773115191285,433,0.8767551622418879,0.875291902071563,0.8767551622418879,0.7988304093567251,0.8543067033976124,0.8563878678619353,0.030014023872931884,433,0.9133333333333333,0.9177777777777777,0.9133333333333333,0.8111111111111111,0.9044444444444444,0.892,0.04067577311519128,433
265,0.0068171024322509766,0.003835718884054455,0.04003629684448242,0.007399230920995783,entropy,2,6,2,random,"{'criterion': 'entropy', 'max_depth': 2, 'min_samples_leaf': 6, 'min_samples_split': 2, 'splitter': 'random'}",0.9133333333333333,0.9177777777777778,0.9133333333333333,0.8111111111111111,0.9044444444444445,0.892,0.04067577311519129,433,0.9151785714285714,0.9392523364485982,0.9151785714285714,0.7348993288590604,0.9375,0.8884017616329603,0.07745115870404233,433,0.911504424778761,0.8983050847457628,0.911504424778761,0.9605263157894737,0.8760330578512396,0.9115746615887996,0.027696792526328156,337,0.9111111111111111,0.8933333333333333,0.9111111111111111,0.9733333333333334,0.8666666666666667,0.9111111111111111,0.03510829805890046,337,0.9155555555555556,0.9422222222222222,0.9155555555555556,0.6488888888888888,0.9422222222222222,0.8728888888888889,0.11263313110369534,433,0.912311780336581,0.9067579127459366,0.912311780336581,0.8763505402160864,0.8885163453478625,0.8992496717966094,0.014402677285634286,385,0.9133333333333333,0.9177777777777778,0.9133333333333333,0.8111111111111111,0.9044444444444444,0.892,0.040675773115191285,433,0.8767551622418879,0.875291902071563,0.8767551622418879,0.7988304093567251,0.8543067033976124,0.8563878678619353,0.030014023872931884,433,0.9133333333333333,0.9177777777777777,0.9133333333333333,0.8111111111111111,0.9044444444444444,0.892,0.04067577311519128,433
263,0.00697178840637207,0.0038732698632914404,0.04020466804504395,0.0031002784428044287,entropy,2,5,4,random,"{'criterion': 'entropy', 'max_depth': 2, 'min_samples_leaf': 5, 'min_samples_split': 4, 'splitter': 'random'}",0.9133333333333333,0.9177777777777778,0.9133333333333333,0.8111111111111111,0.9044444444444445,0.892,0.04067577311519129,433,0.9151785714285714,0.9392523364485982,0.9151785714285714,0.7348993288590604,0.9375,0.8884017616329603,0.07745115870404233,433,0.911504424778761,0.8983050847457628,0.911504424778761,0.9605263157894737,0.8760330578512396,0.9115746615887996,0.027696792526328156,337,0.9111111111111111,0.8933333333333333,0.9111111111111111,0.9733333333333334,0.8666666666666667,0.9111111111111111,0.03510829805890046,337,0.9155555555555556,0.9422222222222222,0.9155555555555556,0.6488888888888888,0.9422222222222222,0.8728888888888889,0.11263313110369534,433,0.912311780336581,0.9067579127459366,0.912311780336581,0.8763505402160864,0.8885163453478625,0.8992496717966094,0.014402677285634286,385,0.9133333333333333,0.9177777777777778,0.9133333333333333,0.8111111111111111,0.9044444444444444,0.892,0.040675773115191285,433,0.8767551622418879,0.875291902071563,0.8767551622418879,0.7988304093567251,0.8543067033976124,0.8563878678619353,0.030014023872931884,433,0.9133333333333333,0.9177777777777777,0.9133333333333333,0.8111111111111111,0.9044444444444444,0.892,0.04067577311519128,433
261,0.005837154388427734,0.004509483091014381,0.03780817985534668,0.003010615489157458,entropy,2,5,3,random,"{'criterion': 'entropy', 'max_depth': 2, 'min_samples_leaf': 5, 'min_samples_split': 3, 'splitter': 'random'}",0.9133333333333333,0.9177777777777778,0.9133333333333333,0.8111111111111111,0.9044444444444445,0.892,0.04067577311519129,433,0.9151785714285714,0.9392523364485982,0.9151785714285714,0.7348993288590604,0.9375,0.8884017616329603,0.07745115870404233,433,0.911504424778761,0.8983050847457628,0.911504424778761,0.9605263157894737,0.8760330578512396,0.9115746615887996,0.027696792526328156,337,0.9111111111111111,0.8933333333333333,0.9111111111111111,0.9733333333333334,0.8666666666666667,0.9111111111111111,0.03510829805890046,337,0.9155555555555556,0.9422222222222222,0.9155555555555556,0.6488888888888888,0.9422222222222222,0.8728888888888889,0.11263313110369534,433,0.912311780336581,0.9067579127459366,0.912311780336581,0.8763505402160864,0.8885163453478625,0.8992496717966094,0.014402677285634286,385,0.9133333333333333,0.9177777777777778,0.9133333333333333,0.8111111111111111,0.9044444444444444,0.892,0.040675773115191285,433,0.8767551622418879,0.875291902071563,0.8767551622418879,0.7988304093567251,0.8543067033976124,0.8563878678619353,0.030014023872931884,433,0.9133333333333333,0.9177777777777777,0.9133333333333333,0.8111111111111111,0.9044444444444444,0.892,0.04067577311519128,433
259,0.007760334014892578,0.002555315979338458,0.03625030517578125,0.0035537553503688646,entropy,2,5,2,random,"{'criterion': 'entropy', 'max_depth': 2, 'min_samples_leaf': 5, 'min_samples_split': 2, 'splitter': 'random'}",0.9133333333333333,0.9177777777777778,0.9133333333333333,0.8111111111111111,0.9044444444444445,0.892,0.04067577311519129,433,0.9151785714285714,0.9392523364485982,0.9151785714285714,0.7348993288590604,0.9375,0.8884017616329603,0.07745115870404233,433,0.911504424778761,0.8983050847457628,0.911504424778761,0.9605263157894737,0.8760330578512396,0.9115746615887996,0.027696792526328156,337,0.9111111111111111,0.8933333333333333,0.9111111111111111,0.9733333333333334,0.8666666666666667,0.9111111111111111,0.03510829805890046,337,0.9155555555555556,0.9422222222222222,0.9155555555555556,0.6488888888888888,0.9422222222222222,0.8728888888888889,0.11263313110369534,433,0.912311780336581,0.9067579127459366,0.912311780336581,0.8763505402160864,0.8885163453478625,0.8992496717966094,0.014402677285634286,385,0.9133333333333333,0.9177777777777778,0.9133333333333333,0.8111111111111111,0.9044444444444444,0.892,0.040675773115191285,433,0.8767551622418879,0.875291902071563,0.8767551622418879,0.7988304093567251,0.8543067033976124,0.8563878678619353,0.030014023872931884,433,0.9133333333333333,0.9177777777777777,0.9133333333333333,0.8111111111111111,0.9044444444444444,0.892,0.04067577311519128,433
257,0.009157037734985352,0.0033726903233029025,0.0379669189453125,0.004597228366288998,entropy,2,4,4,random,"{'criterion': 'entropy', 'max_depth': 2, 'min_samples_leaf': 4, 'min_samples_split': 4, 'splitter': 'random'}",0.9133333333333333,0.9177777777777778,0.9133333333333333,0.8111111111111111,0.9044444444444445,0.892,0.04067577311519129,433,0.9151785714285714,0.9392523364485982,0.9151785714285714,0.7348993288590604,0.9375,0.8884017616329603,0.07745115870404233,433,0.911504424778761,0.8983050847457628,0.911504424778761,0.9605263157894737,0.8760330578512396,0.9115746615887996,0.027696792526328156,337,0.9111111111111111,0.8933333333333333,0.9111111111111111,0.9733333333333334,0.8666666666666667,0.9111111111111111,0.03510829805890046,337,0.9155555555555556,0.9422222222222222,0.9155555555555556,0.6488888888888888,0.9422222222222222,0.8728888888888889,0.11263313110369534,433,0.912311780336581,0.9067579127459366,0.912311780336581,0.8763505402160864,0.8885163453478625,0.8992496717966094,0.014402677285634286,385,0.9133333333333333,0.9177777777777778,0.9133333333333333,0.8111111111111111,0.9044444444444444,0.892,0.040675773115191285,433,0.8767551622418879,0.875291902071563,0.8767551622418879,0.7988304093567251,0.8543067033976124,0.8563878678619353,0.030014023872931884,433,0.9133333333333333,0.9177777777777777,0.9133333333333333,0.8111111111111111,0.9044444444444444,0.892,0.04067577311519128,433
255,0.011275386810302735,0.0032071815002542832,0.03642239570617676,0.00351763929794616,entropy,2,4,3,random,"{'criterion': 'entropy', 'max_depth': 2, 'min_samples_leaf': 4, 'min_samples_split': 3, 'splitter': 'random'}",0.9133333333333333,0.9177777777777778,0.9133333333333333,0.8111111111111111,0.9044444444444445,0.892,0.04067577311519129,433,0.9151785714285714,0.9392523364485982,0.9151785714285714,0.7348993288590604,0.9375,0.8884017616329603,0.07745115870404233,433,0.911504424778761,0.8983050847457628,0.911504424778761,0.9605263157894737,0.8760330578512396,0.9115746615887996,0.027696792526328156,337,0.9111111111111111,0.8933333333333333,0.9111111111111111,0.9733333333333334,0.8666666666666667,0.9111111111111111,0.03510829805890046,337,0.9155555555555556,0.9422222222222222,0.9155555555555556,0.6488888888888888,0.9422222222222222,0.8728888888888889,0.11263313110369534,433,0.912311780336581,0.9067579127459366,0.912311780336581,0.8763505402160864,0.8885163453478625,0.8992496717966094,0.014402677285634286,385,0.9133333333333333,0.9177777777777778,0.9133333333333333,0.8111111111111111,0.9044444444444444,0.892,0.040675773115191285,433,0.8767551622418879,0.875291902071563,0.8767551622418879,0.7988304093567251,0.8543067033976124,0.8563878678619353,0.030014023872931884,433,0.9133333333333333,0.9177777777777777,0.9133333333333333,0.8111111111111111,0.9044444444444444,0.892,0.04067577311519128,433
253,0.006975126266479492,0.0056135960780806776,0.04000988006591797,0.0018640537656186252,entropy,2,4,2,random,"{'criterion': 'entropy', 'max_depth': 2, 'min_samples_leaf': 4, 'min_samples_split': 2, 'splitter': 'random'}",0.9133333333333333,0.9177777777777778,0.9133333333333333,0.8111111111111111,0.9044444444444445,0.892,0.04067577311519129,433,0.9151785714285714,0.9392523364485982,0.9151785714285714,0.7348993288590604,0.9375,0.8884017616329603,0.07745115870404233,433,0.911504424778761,0.8983050847457628,0.911504424778761,0.9605263157894737,0.8760330578512396,0.9115746615887996,0.027696792526328156,337,0.9111111111111111,0.8933333333333333,0.9111111111111111,0.9733333333333334,0.8666666666666667,0.9111111111111111,0.03510829805890046,337,0.9155555555555556,0.9422222222222222,0.9155555555555556,0.6488888888888888,0.9422222222222222,0.8728888888888889,0.11263313110369534,433,0.912311780336581,0.9067579127459366,0.912311780336581,0.8763505402160864,0.8885163453478625,0.8992496717966094,0.014402677285634286,385,0.9133333333333333,0.9177777777777778,0.9133333333333333,0.8111111111111111,0.9044444444444444,0.892,0.040675773115191285,433,0.8767551622418879,0.875291902071563,0.8767551622418879,0.7988304093567251,0.8543067033976124,0.8563878678619353,0.030014023872931884,433,0.9133333333333333,0.9177777777777777,0.9133333333333333,0.8111111111111111,0.9044444444444444,0.892,0.04067577311519128,433
251,0.004211282730102539,0.0035947436246463217,0.04545769691467285,0.0057258636148503255,entropy,2,3,4,random,"{'criterion': 'entropy', 'max_depth': 2, 'min_samples_leaf': 3, 'min_samples_split': 4, 'splitter': 'random'}",0.9133333333333333,0.9177777777777778,0.9133333333333333,0.8111111111111111,0.9044444444444445,0.892,0.04067577311519129,433,0.9151785714285714,0.9392523364485982,0.9151785714285714,0.7348993288590604,0.9375,0.8884017616329603,0.07745115870404233,433,0.911504424778761,0.8983050847457628,0.911504424778761,0.9605263157894737,0.8760330578512396,0.9115746615887996,0.027696792526328156,337,0.9111111111111111,0.8933333333333333,0.9111111111111111,0.9733333333333334,0.8666666666666667,0.9111111111111111,0.03510829805890046,337,0.9155555555555556,0.9422222222222222,0.9155555555555556,0.6488888888888888,0.9422222222222222,0.8728888888888889,0.11263313110369534,433,0.912311780336581,0.9067579127459366,0.912311780336581,0.8763505402160864,0.8885163453478625,0.8992496717966094,0.014402677285634286,385,0.9133333333333333,0.9177777777777778,0.9133333333333333,0.8111111111111111,0.9044444444444444,0.892,0.040675773115191285,433,0.8767551622418879,0.875291902071563,0.8767551622418879,0.7988304093567251,0.8543067033976124,0.8563878678619353,0.030014023872931884,433,0.9133333333333333,0.9177777777777777,0.9133333333333333,0.8111111111111111,0.9044444444444444,0.892,0.04067577311519128,433
249,0.008569145202636718,0.004284230394609981,0.03794088363647461,0.005312238818921016,entropy,2,3,3,random,"{'criterion': 'entropy', 'max_depth': 2, 'min_samples_leaf': 3, 'min_samples_split': 3, 'splitter': 'random'}",0.9133333333333333,0.9177777777777778,0.9133333333333333,0.8111111111111111,0.9044444444444445,0.892,0.04067577311519129,433,0.9151785714285714,0.9392523364485982,0.9151785714285714,0.7348993288590604,0.9375,0.8884017616329603,0.07745115870404233,433,0.911504424778761,0.8983050847457628,0.911504424778761,0.9605263157894737,0.8760330578512396,0.9115746615887996,0.027696792526328156,337,0.9111111111111111,0.8933333333333333,0.9111111111111111,0.9733333333333334,0.8666666666666667,0.9111111111111111,0.03510829805890046,337,0.9155555555555556,0.9422222222222222,0.9155555555555556,0.6488888888888888,0.9422222222222222,0.8728888888888889,0.11263313110369534,433,0.912311780336581,0.9067579127459366,0.912311780336581,0.8763505402160864,0.8885163453478625,0.8992496717966094,0.014402677285634286,385,0.9133333333333333,0.9177777777777778,0.9133333333333333,0.8111111111111111,0.9044444444444444,0.892,0.040675773115191285,433,0.8767551622418879,0.875291902071563,0.8767551622418879,0.7988304093567251,0.8543067033976124,0.8563878678619353,0.030014023872931884,433,0.9133333333333333,0.9177777777777777,0.9133333333333333,0.8111111111111111,0.9044444444444444,0.892,0.04067577311519128,433
247,0.008106088638305664,0.00405311493761389,0.041145944595336915,0.002872520006338678,entropy,2,3,2,random,"{'criterion': 'entropy', 'max_depth': 2, 'min_samples_leaf': 3, 'min_samples_split': 2, 'splitter': 'random'}",0.9133333333333333,0.9177777777777778,0.9133333333333333,0.8111111111111111,0.9044444444444445,0.892,0.04067577311519129,433,0.9151785714285714,0.9392523364485982,0.9151785714285714,0.7348993288590604,0.9375,0.8884017616329603,0.07745115870404233,433,0.911504424778761,0.8983050847457628,0.911504424778761,0.9605263157894737,0.8760330578512396,0.9115746615887996,0.027696792526328156,337,0.9111111111111111,0.8933333333333333,0.9111111111111111,0.9733333333333334,0.8666666666666667,0.9111111111111111,0.03510829805890046,337,0.9155555555555556,0.9422222222222222,0.9155555555555556,0.6488888888888888,0.9422222222222222,0.8728888888888889,0.11263313110369534,433,0.912311780336581,0.9067579127459366,0.912311780336581,0.8763505402160864,0.8885163453478625,0.8992496717966094,0.014402677285634286,385,0.9133333333333333,0.9177777777777778,0.9133333333333333,0.8111111111111111,0.9044444444444444,0.892,0.040675773115191285,433,0.8767551622418879,0.875291902071563,0.8767551622418879,0.7988304093567251,0.8543067033976124,0.8563878678619353,0.030014023872931884,433,0.9133333333333333,0.9177777777777777,0.9133333333333333,0.8111111111111111,0.9044444444444444,0.892,0.04067577311519128,433
245,0.008376216888427735,0.0050679164589520626,0.03893575668334961,0.0032312756598495943,entropy,2,2,4,random,"{'criterion': 'entropy', 'max_depth': 2, 'min_samples_leaf': 2, 'min_samples_split': 4, 'splitter': 'random'}",0.9133333333333333,0.9177777777777778,0.9133333333333333,0.8111111111111111,0.9044444444444445,0.892,0.04067577311519129,433,0.9151785714285714,0.9392523364485982,0.9151785714285714,0.7348993288590604,0.9375,0.8884017616329603,0.07745115870404233,433,0.911504424778761,0.8983050847457628,0.911504424778761,0.9605263157894737,0.8760330578512396,0.9115746615887996,0.027696792526328156,337,0.9111111111111111,0.8933333333333333,0.9111111111111111,0.9733333333333334,0.8666666666666667,0.9111111111111111,0.03510829805890046,337,0.9155555555555556,0.9422222222222222,0.9155555555555556,0.6488888888888888,0.9422222222222222,0.8728888888888889,0.11263313110369534,433,0.912311780336581,0.9067579127459366,0.912311780336581,0.8763505402160864,0.8885163453478625,0.8992496717966094,0.014402677285634286,385,0.9133333333333333,0.9177777777777778,0.9133333333333333,0.8111111111111111,0.9044444444444444,0.892,0.040675773115191285,433,0.8767551622418879,0.875291902071563,0.8767551622418879,0.7988304093567251,0.8543067033976124,0.8563878678619353,0.030014023872931884,433,0.9133333333333333,0.9177777777777777,0.9133333333333333,0.8111111111111111,0.9044444444444444,0.892,0.04067577311519128,433
417,0.007851648330688476,0.004899845068107073,0.04015493392944336,0.004744986260556333,log_loss,1,7,3,random,"{'criterion': 'log_loss', 'max_depth': 1, 'min_samples_leaf': 7, 'min_samples_split': 3, 'splitter': 'random'}",0.9133333333333333,0.9177777777777778,0.9133333333333333,0.8111111111111111,0.9044444444444445,0.892,0.04067577311519129,433,0.9151785714285714,0.9392523364485982,0.9151785714285714,0.7348993288590604,0.9375,0.8884017616329603,0.07745115870404233,433,0.911504424778761,0.8983050847457628,0.911504424778761,0.9605263157894737,0.8760330578512396,0.9115746615887996,0.027696792526328156,337,0.9111111111111111,0.8933333333333333,0.9111111111111111,0.9733333333333334,0.8666666666666667,0.9111111111111111,0.03510829805890046,337,0.9155555555555556,0.9422222222222222,0.9155555555555556,0.6488888888888888,0.9422222222222222,0.8728888888888889,0.11263313110369534,433,0.912311780336581,0.9067579127459366,0.912311780336581,0.8763505402160864,0.8885163453478625,0.8992496717966094,0.014402677285634286,385,0.9133333333333333,0.9177777777777778,0.9133333333333333,0.8111111111111111,0.9044444444444444,0.892,0.040675773115191285,433,0.8767551622418879,0.875291902071563,0.8767551622418879,0.7988304093567251,0.8543067033976124,0.8563878678619353,0.030014023872931884,433,0.9133333333333333,0.9177777777777777,0.9133333333333333,0.8111111111111111,0.9044444444444444,0.892,0.04067577311519128,433
203,0.011763381958007812,0.011588285151844077,0.06922082901000977,0.016530565908701167,entropy,1,3,4,random,"{'criterion': 'entropy', 'max_depth': 1, 'min_samples_leaf': 3, 'min_samples_split': 4, 'splitter': 'random'}",0.9133333333333333,0.9177777777777778,0.9133333333333333,0.8111111111111111,0.9044444444444445,0.892,0.04067577311519129,433,0.9151785714285714,0.9392523364485982,0.9151785714285714,0.7348993288590604,0.9375,0.8884017616329603,0.07745115870404233,433,0.911504424778761,0.8983050847457628,0.911504424778761,0.9605263157894737,0.8760330578512396,0.9115746615887996,0.027696792526328156,337,0.9111111111111111,0.8933333333333333,0.9111111111111111,0.9733333333333334,0.8666666666666667,0.9111111111111111,0.03510829805890046,337,0.9155555555555556,0.9422222222222222,0.9155555555555556,0.6488888888888888,0.9422222222222222,0.8728888888888889,0.11263313110369534,433,0.912311780336581,0.9067579127459366,0.912311780336581,0.8763505402160864,0.8885163453478625,0.8992496717966094,0.014402677285634286,385,0.9133333333333333,0.9177777777777778,0.9133333333333333,0.8111111111111111,0.9044444444444444,0.892,0.040675773115191285,433,0.8767551622418879,0.875291902071563,0.8767551622418879,0.7988304093567251,0.8543067033976124,0.8563878678619353,0.030014023872931884,433,0.9133333333333333,0.9177777777777777,0.9133333333333333,0.8111111111111111,0.9044444444444444,0.892,0.04067577311519128,433
419,0.0064891338348388675,0.0033190152710219447,0.046081018447875974,0.006040734017391096,log_loss,1,7,4,random,"{'criterion': 'log_loss', 'max_depth': 1, 'min_samples_leaf': 7, 'min_samples_split': 4, 'splitter': 'random'}",0.9133333333333333,0.9177777777777778,0.9133333333333333,0.8111111111111111,0.9044444444444445,0.892,0.04067577311519129,433,0.9151785714285714,0.9392523364485982,0.9151785714285714,0.7348993288590604,0.9375,0.8884017616329603,0.07745115870404233,433,0.911504424778761,0.8983050847457628,0.911504424778761,0.9605263157894737,0.8760330578512396,0.9115746615887996,0.027696792526328156,337,0.9111111111111111,0.8933333333333333,0.9111111111111111,0.9733333333333334,0.8666666666666667,0.9111111111111111,0.03510829805890046,337,0.9155555555555556,0.9422222222222222,0.9155555555555556,0.6488888888888888,0.9422222222222222,0.8728888888888889,0.11263313110369534,433,0.912311780336581,0.9067579127459366,0.912311780336581,0.8763505402160864,0.8885163453478625,0.8992496717966094,0.014402677285634286,385,0.9133333333333333,0.9177777777777778,0.9133333333333333,0.8111111111111111,0.9044444444444444,0.892,0.040675773115191285,433,0.8767551622418879,0.875291902071563,0.8767551622418879,0.7988304093567251,0.8543067033976124,0.8563878678619353,0.030014023872931884,433,0.9133333333333333,0.9177777777777777,0.9133333333333333,0.8111111111111111,0.9044444444444444,0.892,0.04067577311519128,433
423,0.009520673751831054,0.0011082826715047248,0.04113006591796875,0.0016758225620440632,log_loss,1,8,3,random,"{'criterion': 'log_loss', 'max_depth': 1, 'min_samples_leaf': 8, 'min_samples_split': 3, 'splitter': 'random'}",0.9133333333333333,0.9177777777777778,0.9133333333333333,0.8111111111111111,0.9044444444444445,0.892,0.04067577311519129,433,0.9151785714285714,0.9392523364485982,0.9151785714285714,0.7348993288590604,0.9375,0.8884017616329603,0.07745115870404233,433,0.911504424778761,0.8983050847457628,0.911504424778761,0.9605263157894737,0.8760330578512396,0.9115746615887996,0.027696792526328156,337,0.9111111111111111,0.8933333333333333,0.9111111111111111,0.9733333333333334,0.8666666666666667,0.9111111111111111,0.03510829805890046,337,0.9155555555555556,0.9422222222222222,0.9155555555555556,0.6488888888888888,0.9422222222222222,0.8728888888888889,0.11263313110369534,433,0.912311780336581,0.9067579127459366,0.912311780336581,0.8763505402160864,0.8885163453478625,0.8992496717966094,0.014402677285634286,385,0.9133333333333333,0.9177777777777778,0.9133333333333333,0.8111111111111111,0.9044444444444444,0.892,0.040675773115191285,433,0.8767551622418879,0.875291902071563,0.8767551622418879,0.7988304093567251,0.8543067033976124,0.8563878678619353,0.030014023872931884,433,0.9133333333333333,0.9177777777777777,0.9133333333333333,0.8111111111111111,0.9044444444444444,0.892,0.04067577311519128,433
219,0.007747077941894531,0.0038848423541972986,0.04074711799621582,0.005897930727221931,entropy,1,6,3,random,"{'criterion': 'entropy', 'max_depth': 1, 'min_samples_leaf': 6, 'min_samples_split': 3, 'splitter': 'random'}",0.9133333333333333,0.9177777777777778,0.9133333333333333,0.8111111111111111,0.9044444444444445,0.892,0.04067577311519129,433,0.9151785714285714,0.9392523364485982,0.9151785714285714,0.7348993288590604,0.9375,0.8884017616329603,0.07745115870404233,433,0.911504424778761,0.8983050847457628,0.911504424778761,0.9605263157894737,0.8760330578512396,0.9115746615887996,0.027696792526328156,337,0.9111111111111111,0.8933333333333333,0.9111111111111111,0.9733333333333334,0.8666666666666667,0.9111111111111111,0.03510829805890046,337,0.9155555555555556,0.9422222222222222,0.9155555555555556,0.6488888888888888,0.9422222222222222,0.8728888888888889,0.11263313110369534,433,0.912311780336581,0.9067579127459366,0.912311780336581,0.8763505402160864,0.8885163453478625,0.8992496717966094,0.014402677285634286,385,0.9133333333333333,0.9177777777777778,0.9133333333333333,0.8111111111111111,0.9044444444444444,0.892,0.040675773115191285,433,0.8767551622418879,0.875291902071563,0.8767551622418879,0.7988304093567251,0.8543067033976124,0.8563878678619353,0.030014023872931884,433,0.9133333333333333,0.9177777777777777,0.9133333333333333,0.8111111111111111,0.9044444444444444,0.892,0.04067577311519128,433
459,0.005549430847167969,0.003771629791591741,0.05859370231628418,0.013546857547754837,log_loss,2,6,3,random,"{'criterion': 'log_loss', 'max_depth': 2, 'min_samples_leaf': 6, 'min_samples_split': 3, 'splitter': 'random'}",0.9133333333333333,0.9177777777777778,0.9133333333333333,0.8111111111111111,0.9044444444444445,0.892,0.04067577311519129,433,0.9151785714285714,0.9392523364485982,0.9151785714285714,0.7348993288590604,0.9375,0.8884017616329603,0.07745115870404233,433,0.911504424778761,0.8983050847457628,0.911504424778761,0.9605263157894737,0.8760330578512396,0.9115746615887996,0.027696792526328156,337,0.9111111111111111,0.8933333333333333,0.9111111111111111,0.9733333333333334,0.8666666666666667,0.9111111111111111,0.03510829805890046,337,0.9155555555555556,0.9422222222222222,0.9155555555555556,0.6488888888888888,0.9422222222222222,0.8728888888888889,0.11263313110369534,433,0.912311780336581,0.9067579127459366,0.912311780336581,0.8763505402160864,0.8885163453478625,0.8992496717966094,0.014402677285634286,385,0.9133333333333333,0.9177777777777778,0.9133333333333333,0.8111111111111111,0.9044444444444444,0.892,0.040675773115191285,433,0.8767551622418879,0.875291902071563,0.8767551622418879,0.7988304093567251,0.8543067033976124,0.8563878678619353,0.030014023872931884,433,0.9133333333333333,0.9177777777777777,0.9133333333333333,0.8111111111111111,0.9044444444444444,0.892,0.04067577311519128,433
461,0.008336687088012695,0.004622889926239601,0.0509554386138916,0.0109657234041379,log_loss,2,6,4,random,"{'criterion': 'log_loss', 'max_depth': 2, 'min_samples_leaf': 6, 'min_samples_split': 4, 'splitter': 'random'}",0.9133333333333333,0.9177777777777778,0.9133333333333333,0.8111111111111111,0.9044444444444445,0.892,0.04067577311519129,433,0.9151785714285714,0.9392523364485982,0.9151785714285714,0.7348993288590604,0.9375,0.8884017616329603,0.07745115870404233,433,0.911504424778761,0.8983050847457628,0.911504424778761,0.9605263157894737,0.8760330578512396,0.9115746615887996,0.027696792526328156,337,0.9111111111111111,0.8933333333333333,0.9111111111111111,0.9733333333333334,0.8666666666666667,0.9111111111111111,0.03510829805890046,337,0.9155555555555556,0.9422222222222222,0.9155555555555556,0.6488888888888888,0.9422222222222222,0.8728888888888889,0.11263313110369534,433,0.912311780336581,0.9067579127459366,0.912311780336581,0.8763505402160864,0.8885163453478625,0.8992496717966094,0.014402677285634286,385,0.9133333333333333,0.9177777777777778,0.9133333333333333,0.8111111111111111,0.9044444444444444,0.892,0.040675773115191285,433,0.8767551622418879,0.875291902071563,0.8767551622418879,0.7988304093567251,0.8543067033976124,0.8563878678619353,0.030014023872931884,433,0.9133333333333333,0.9177777777777777,0.9133333333333333,0.8111111111111111,0.9044444444444444,0.892,0.04067577311519128,433
217,0.0074079036712646484,0.00477085018827081,0.049196815490722655,0.005942418529677108,entropy,1,6,2,random,"{'criterion': 'entropy', 'max_depth': 1, 'min_samples_leaf': 6, 'min_samples_split': 2, 'splitter': 'random'}",0.9133333333333333,0.9177777777777778,0.9133333333333333,0.8111111111111111,0.9044444444444445,0.892,0.04067577311519129,433,0.9151785714285714,0.9392523364485982,0.9151785714285714,0.7348993288590604,0.9375,0.8884017616329603,0.07745115870404233,433,0.911504424778761,0.8983050847457628,0.911504424778761,0.9605263157894737,0.8760330578512396,0.9115746615887996,0.027696792526328156,337,0.9111111111111111,0.8933333333333333,0.9111111111111111,0.9733333333333334,0.8666666666666667,0.9111111111111111,0.03510829805890046,337,0.9155555555555556,0.9422222222222222,0.9155555555555556,0.6488888888888888,0.9422222222222222,0.8728888888888889,0.11263313110369534,433,0.912311780336581,0.9067579127459366,0.912311780336581,0.8763505402160864,0.8885163453478625,0.8992496717966094,0.014402677285634286,385,0.9133333333333333,0.9177777777777778,0.9133333333333333,0.8111111111111111,0.9044444444444444,0.892,0.040675773115191285,433,0.8767551622418879,0.875291902071563,0.8767551622418879,0.7988304093567251,0.8543067033976124,0.8563878678619353,0.030014023872931884,433,0.9133333333333333,0.9177777777777777,0.9133333333333333,0.8111111111111111,0.9044444444444444,0.892,0.04067577311519128,433
463,0.004541969299316407,0.003519509835715496,0.05770230293273926,0.013169817171824383,log_loss,2,7,2,random,"{'criterion': 'log_loss', 'max_depth': 2, 'min_samples_leaf': 7, 'min_samples_split': 2, 'splitter': 'random'}",0.9133333333333333,0.9177777777777778,0.9133333333333333,0.8111111111111111,0.9044444444444445,0.892,0.04067577311519129,433,0.9151785714285714,0.9392523364485982,0.9151785714285714,0.7348993288590604,0.9375,0.8884017616329603,0.07745115870404233,433,0.911504424778761,0.8983050847457628,0.911504424778761,0.9605263157894737,0.8760330578512396,0.9115746615887996,0.027696792526328156,337,0.9111111111111111,0.8933333333333333,0.9111111111111111,0.9733333333333334,0.8666666666666667,0.9111111111111111,0.03510829805890046,337,0.9155555555555556,0.9422222222222222,0.9155555555555556,0.6488888888888888,0.9422222222222222,0.8728888888888889,0.11263313110369534,433,0.912311780336581,0.9067579127459366,0.912311780336581,0.8763505402160864,0.8885163453478625,0.8992496717966094,0.014402677285634286,385,0.9133333333333333,0.9177777777777778,0.9133333333333333,0.8111111111111111,0.9044444444444444,0.892,0.040675773115191285,433,0.8767551622418879,0.875291902071563,0.8767551622418879,0.7988304093567251,0.8543067033976124,0.8563878678619353,0.030014023872931884,433,0.9133333333333333,0.9177777777777777,0.9133333333333333,0.8111111111111111,0.9044444444444444,0.892,0.04067577311519128,433
285,0.009946250915527343,0.011157771665329611,0.05317745208740234,0.007170887478957405,entropy,2,9,3,random,"{'criterion': 'entropy', 'max_depth': 2, 'min_samples_leaf': 9, 'min_samples_split': 3, 'splitter': 'random'}",0.9133333333333333,0.9177777777777778,0.9133333333333333,0.8111111111111111,0.9044444444444445,0.892,0.04067577311519129,433,0.9151785714285714,0.9392523364485982,0.9151785714285714,0.7348993288590604,0.9375,0.8884017616329603,0.07745115870404233,433,0.911504424778761,0.8983050847457628,0.911504424778761,0.9605263157894737,0.8760330578512396,0.9115746615887996,0.027696792526328156,337,0.9111111111111111,0.8933333333333333,0.9111111111111111,0.9733333333333334,0.8666666666666667,0.9111111111111111,0.03510829805890046,337,0.9155555555555556,0.9422222222222222,0.9155555555555556,0.6488888888888888,0.9422222222222222,0.8728888888888889,0.11263313110369534,433,0.912311780336581,0.9067579127459366,0.912311780336581,0.8763505402160864,0.8885163453478625,0.8992496717966094,0.014402677285634286,385,0.9133333333333333,0.9177777777777778,0.9133333333333333,0.8111111111111111,0.9044444444444444,0.892,0.040675773115191285,433,0.8767551622418879,0.875291902071563,0.8767551622418879,0.7988304093567251,0.8543067033976124,0.8563878678619353,0.030014023872931884,433,0.9133333333333333,0.9177777777777777,0.9133333333333333,0.8111111111111111,0.9044444444444444,0.892,0.04067577311519128,433
215,0.01193532943725586,0.007834113474332223,0.048194265365600585,0.007341531397826131,entropy,1,5,4,random,"{'criterion': 'entropy', 'max_depth': 1, 'min_samples_leaf': 5, 'min_samples_split': 4, 'splitter': 'random'}",0.9133333333333333,0.9177777777777778,0.9133333333333333,0.8111111111111111,0.9044444444444445,0.892,0.04067577311519129,433,0.9151785714285714,0.9392523364485982,0.9151785714285714,0.7348993288590604,0.9375,0.8884017616329603,0.07745115870404233,433,0.911504424778761,0.8983050847457628,0.911504424778761,0.9605263157894737,0.8760330578512396,0.9115746615887996,0.027696792526328156,337,0.9111111111111111,0.8933333333333333,0.9111111111111111,0.9733333333333334,0.8666666666666667,0.9111111111111111,0.03510829805890046,337,0.9155555555555556,0.9422222222222222,0.9155555555555556,0.6488888888888888,0.9422222222222222,0.8728888888888889,0.11263313110369534,433,0.912311780336581,0.9067579127459366,0.912311780336581,0.8763505402160864,0.8885163453478625,0.8992496717966094,0.014402677285634286,385,0.9133333333333333,0.9177777777777778,0.9133333333333333,0.8111111111111111,0.9044444444444444,0.892,0.040675773115191285,433,0.8767551622418879,0.875291902071563,0.8767551622418879,0.7988304093567251,0.8543067033976124,0.8563878678619353,0.030014023872931884,433,0.9133333333333333,0.9177777777777777,0.9133333333333333,0.8111111111111111,0.9044444444444444,0.892,0.04067577311519128,433
467,0.008451747894287109,0.004282494447668339,0.047711181640625,0.012460696889190666,log_loss,2,7,4,random,"{'criterion': 'log_loss', 'max_depth': 2, 'min_samples_leaf': 7, 'min_samples_split': 4, 'splitter': 'random'}",0.9133333333333333,0.9177777777777778,0.9133333333333333,0.8111111111111111,0.9044444444444445,0.892,0.04067577311519129,433,0.9151785714285714,0.9392523364485982,0.9151785714285714,0.7348993288590604,0.9375,0.8884017616329603,0.07745115870404233,433,0.911504424778761,0.8983050847457628,0.911504424778761,0.9605263157894737,0.8760330578512396,0.9115746615887996,0.027696792526328156,337,0.9111111111111111,0.8933333333333333,0.9111111111111111,0.9733333333333334,0.8666666666666667,0.9111111111111111,0.03510829805890046,337,0.9155555555555556,0.9422222222222222,0.9155555555555556,0.6488888888888888,0.9422222222222222,0.8728888888888889,0.11263313110369534,433,0.912311780336581,0.9067579127459366,0.912311780336581,0.8763505402160864,0.8885163453478625,0.8992496717966094,0.014402677285634286,385,0.9133333333333333,0.9177777777777778,0.9133333333333333,0.8111111111111111,0.9044444444444444,0.892,0.040675773115191285,433,0.8767551622418879,0.875291902071563,0.8767551622418879,0.7988304093567251,0.8543067033976124,0.8563878678619353,0.030014023872931884,433,0.9133333333333333,0.9177777777777777,0.9133333333333333,0.8111111111111111,0.9044444444444444,0.892,0.04067577311519128,433
457,0.010246562957763671,0.00355236443311414,0.03871512413024902,0.003418126316169319,log_loss,2,6,2,random,"{'criterion': 'log_loss', 'max_depth': 2, 'min_samples_leaf': 6, 'min_samples_split': 2, 'splitter': 'random'}",0.9133333333333333,0.9177777777777778,0.9133333333333333,0.8111111111111111,0.9044444444444445,0.892,0.04067577311519129,433,0.9151785714285714,0.9392523364485982,0.9151785714285714,0.7348993288590604,0.9375,0.8884017616329603,0.07745115870404233,433,0.911504424778761,0.8983050847457628,0.911504424778761,0.9605263157894737,0.8760330578512396,0.9115746615887996,0.027696792526328156,337,0.9111111111111111,0.8933333333333333,0.9111111111111111,0.9733333333333334,0.8666666666666667,0.9111111111111111,0.03510829805890046,337,0.9155555555555556,0.9422222222222222,0.9155555555555556,0.6488888888888888,0.9422222222222222,0.8728888888888889,0.11263313110369534,433,0.912311780336581,0.9067579127459366,0.912311780336581,0.8763505402160864,0.8885163453478625,0.8992496717966094,0.014402677285634286,385,0.9133333333333333,0.9177777777777778,0.9133333333333333,0.8111111111111111,0.9044444444444444,0.892,0.040675773115191285,433,0.8767551622418879,0.875291902071563,0.8767551622418879,0.7988304093567251,0.8543067033976124,0.8563878678619353,0.030014023872931884,433,0.9133333333333333,0.9177777777777777,0.9133333333333333,0.8111111111111111,0.9044444444444444,0.892,0.04067577311519128,433
469,0.008173131942749023,0.002074324949279561,0.047988367080688474,0.004905977555577671,log_loss,2,8,2,random,"{'criterion': 'log_loss', 'max_depth': 2, 'min_samples_leaf': 8, 'min_samples_split': 2, 'splitter': 'random'}",0.9133333333333333,0.9177777777777778,0.9133333333333333,0.8111111111111111,0.9044444444444445,0.892,0.04067577311519129,433,0.9151785714285714,0.9392523364485982,0.9151785714285714,0.7348993288590604,0.9375,0.8884017616329603,0.07745115870404233,433,0.911504424778761,0.8983050847457628,0.911504424778761,0.9605263157894737,0.8760330578512396,0.9115746615887996,0.027696792526328156,337,0.9111111111111111,0.8933333333333333,0.9111111111111111,0.9733333333333334,0.8666666666666667,0.9111111111111111,0.03510829805890046,337,0.9155555555555556,0.9422222222222222,0.9155555555555556,0.6488888888888888,0.9422222222222222,0.8728888888888889,0.11263313110369534,433,0.912311780336581,0.9067579127459366,0.912311780336581,0.8763505402160864,0.8885163453478625,0.8992496717966094,0.014402677285634286,385,0.9133333333333333,0.9177777777777778,0.9133333333333333,0.8111111111111111,0.9044444444444444,0.892,0.040675773115191285,433,0.8767551622418879,0.875291902071563,0.8767551622418879,0.7988304093567251,0.8543067033976124,0.8563878678619353,0.030014023872931884,433,0.9133333333333333,0.9177777777777777,0.9133333333333333,0.8111111111111111,0.9044444444444444,0.892,0.04067577311519128,433
471,0.003913974761962891,0.003783303615922322,0.060727262496948244,0.024901022812670957,log_loss,2,8,3,random,"{'criterion': 'log_loss', 'max_depth': 2, 'min_samples_leaf': 8, 'min_samples_split': 3, 'splitter': 'random'}",0.9133333333333333,0.9177777777777778,0.9133333333333333,0.8111111111111111,0.9044444444444445,0.892,0.04067577311519129,433,0.9151785714285714,0.9392523364485982,0.9151785714285714,0.7348993288590604,0.9375,0.8884017616329603,0.07745115870404233,433,0.911504424778761,0.8983050847457628,0.911504424778761,0.9605263157894737,0.8760330578512396,0.9115746615887996,0.027696792526328156,337,0.9111111111111111,0.8933333333333333,0.9111111111111111,0.9733333333333334,0.8666666666666667,0.9111111111111111,0.03510829805890046,337,0.9155555555555556,0.9422222222222222,0.9155555555555556,0.6488888888888888,0.9422222222222222,0.8728888888888889,0.11263313110369534,433,0.912311780336581,0.9067579127459366,0.912311780336581,0.8763505402160864,0.8885163453478625,0.8992496717966094,0.014402677285634286,385,0.9133333333333333,0.9177777777777778,0.9133333333333333,0.8111111111111111,0.9044444444444444,0.892,0.040675773115191285,433,0.8767551622418879,0.875291902071563,0.8767551622418879,0.7988304093567251,0.8543067033976124,0.8563878678619353,0.030014023872931884,433,0.9133333333333333,0.9177777777777777,0.9133333333333333,0.8111111111111111,0.9044444444444444,0.892,0.04067577311519128,433
473,0.01813030242919922,0.014487983078068034,0.07044901847839355,0.007847638773746269,log_loss,2,8,4,random,"{'criterion': 'log_loss', 'max_depth': 2, 'min_samples_leaf': 8, 'min_samples_split': 4, 'splitter': 'random'}",0.9133333333333333,0.9177777777777778,0.9133333333333333,0.8111111111111111,0.9044444444444445,0.892,0.04067577311519129,433,0.9151785714285714,0.9392523364485982,0.9151785714285714,0.7348993288590604,0.9375,0.8884017616329603,0.07745115870404233,433,0.911504424778761,0.8983050847457628,0.911504424778761,0.9605263157894737,0.8760330578512396,0.9115746615887996,0.027696792526328156,337,0.9111111111111111,0.8933333333333333,0.9111111111111111,0.9733333333333334,0.8666666666666667,0.9111111111111111,0.03510829805890046,337,0.9155555555555556,0.9422222222222222,0.9155555555555556,0.6488888888888888,0.9422222222222222,0.8728888888888889,0.11263313110369534,433,0.912311780336581,0.9067579127459366,0.912311780336581,0.8763505402160864,0.8885163453478625,0.8992496717966094,0.014402677285634286,385,0.9133333333333333,0.9177777777777778,0.9133333333333333,0.8111111111111111,0.9044444444444444,0.892,0.040675773115191285,433,0.8767551622418879,0.875291902071563,0.8767551622418879,0.7988304093567251,0.8543067033976124,0.8563878678619353,0.030014023872931884,433,0.9133333333333333,0.9177777777777777,0.9133333333333333,0.8111111111111111,0.9044444444444444,0.892,0.04067577311519128,433
211,0.0073550701141357425,0.007188058621597345,0.046955442428588866,0.014755958866092444,entropy,1,5,2,random,"{'criterion': 'entropy', 'max_depth': 1, 'min_samples_leaf': 5, 'min_samples_split': 2, 'splitter': 'random'}",0.9133333333333333,0.9177777777777778,0.9133333333333333,0.8111111111111111,0.9044444444444445,0.892,0.04067577311519129,433,0.9151785714285714,0.9392523364485982,0.9151785714285714,0.7348993288590604,0.9375,0.8884017616329603,0.07745115870404233,433,0.911504424778761,0.8983050847457628,0.911504424778761,0.9605263157894737,0.8760330578512396,0.9115746615887996,0.027696792526328156,337,0.9111111111111111,0.8933333333333333,0.9111111111111111,0.9733333333333334,0.8666666666666667,0.9111111111111111,0.03510829805890046,337,0.9155555555555556,0.9422222222222222,0.9155555555555556,0.6488888888888888,0.9422222222222222,0.8728888888888889,0.11263313110369534,433,0.912311780336581,0.9067579127459366,0.912311780336581,0.8763505402160864,0.8885163453478625,0.8992496717966094,0.014402677285634286,385,0.9133333333333333,0.9177777777777778,0.9133333333333333,0.8111111111111111,0.9044444444444444,0.892,0.040675773115191285,433,0.8767551622418879,0.875291902071563,0.8767551622418879,0.7988304093567251,0.8543067033976124,0.8563878678619353,0.030014023872931884,433,0.9133333333333333,0.9177777777777777,0.9133333333333333,0.8111111111111111,0.9044444444444444,0.892,0.04067577311519128,433
475,0.0055907249450683595,0.0028186372535170916,0.05193867683410645,0.012330840000277603,log_loss,2,9,2,random,"{'criterion': 'log_loss', 'max_depth': 2, 'min_samples_leaf': 9, 'min_samples_split': 2, 'splitter': 'random'}",0.9133333333333333,0.9177777777777778,0.9133333333333333,0.8111111111111111,0.9044444444444445,0.892,0.04067577311519129,433,0.9151785714285714,0.9392523364485982,0.9151785714285714,0.7348993288590604,0.9375,0.8884017616329603,0.07745115870404233,433,0.911504424778761,0.8983050847457628,0.911504424778761,0.9605263157894737,0.8760330578512396,0.9115746615887996,0.027696792526328156,337,0.9111111111111111,0.8933333333333333,0.9111111111111111,0.9733333333333334,0.8666666666666667,0.9111111111111111,0.03510829805890046,337,0.9155555555555556,0.9422222222222222,0.9155555555555556,0.6488888888888888,0.9422222222222222,0.8728888888888889,0.11263313110369534,433,0.912311780336581,0.9067579127459366,0.912311780336581,0.8763505402160864,0.8885163453478625,0.8992496717966094,0.014402677285634286,385,0.9133333333333333,0.9177777777777778,0.9133333333333333,0.8111111111111111,0.9044444444444444,0.892,0.040675773115191285,433,0.8767551622418879,0.875291902071563,0.8767551622418879,0.7988304093567251,0.8543067033976124,0.8563878678619353,0.030014023872931884,433,0.9133333333333333,0.9177777777777777,0.9133333333333333,0.8111111111111111,0.9044444444444444,0.892,0.04067577311519128,433
477,0.0064829826354980465,0.0044893721412139825,0.04713029861450195,0.00620382997093159,log_loss,2,9,3,random,"{'criterion': 'log_loss', 'max_depth': 2, 'min_samples_leaf': 9, 'min_samples_split': 3, 'splitter': 'random'}",0.9133333333333333,0.9177777777777778,0.9133333333333333,0.8111111111111111,0.9044444444444445,0.892,0.04067577311519129,433,0.9151785714285714,0.9392523364485982,0.9151785714285714,0.7348993288590604,0.9375,0.8884017616329603,0.07745115870404233,433,0.911504424778761,0.8983050847457628,0.911504424778761,0.9605263157894737,0.8760330578512396,0.9115746615887996,0.027696792526328156,337,0.9111111111111111,0.8933333333333333,0.9111111111111111,0.9733333333333334,0.8666666666666667,0.9111111111111111,0.03510829805890046,337,0.9155555555555556,0.9422222222222222,0.9155555555555556,0.6488888888888888,0.9422222222222222,0.8728888888888889,0.11263313110369534,433,0.912311780336581,0.9067579127459366,0.912311780336581,0.8763505402160864,0.8885163453478625,0.8992496717966094,0.014402677285634286,385,0.9133333333333333,0.9177777777777778,0.9133333333333333,0.8111111111111111,0.9044444444444444,0.892,0.040675773115191285,433,0.8767551622418879,0.875291902071563,0.8767551622418879,0.7988304093567251,0.8543067033976124,0.8563878678619353,0.030014023872931884,433,0.9133333333333333,0.9177777777777777,0.9133333333333333,0.8111111111111111,0.9044444444444444,0.892,0.04067577311519128,433
209,0.01269984245300293,0.00951027386335838,0.05080680847167969,0.010172341479748114,entropy,1,4,4,random,"{'criterion': 'entropy', 'max_depth': 1, 'min_samples_leaf': 4, 'min_samples_split': 4, 'splitter': 'random'}",0.9133333333333333,0.9177777777777778,0.9133333333333333,0.8111111111111111,0.9044444444444445,0.892,0.04067577311519129,433,0.9151785714285714,0.9392523364485982,0.9151785714285714,0.7348993288590604,0.9375,0.8884017616329603,0.07745115870404233,433,0.911504424778761,0.8983050847457628,0.911504424778761,0.9605263157894737,0.8760330578512396,0.9115746615887996,0.027696792526328156,337,0.9111111111111111,0.8933333333333333,0.9111111111111111,0.9733333333333334,0.8666666666666667,0.9111111111111111,0.03510829805890046,337,0.9155555555555556,0.9422222222222222,0.9155555555555556,0.6488888888888888,0.9422222222222222,0.8728888888888889,0.11263313110369534,433,0.912311780336581,0.9067579127459366,0.912311780336581,0.8763505402160864,0.8885163453478625,0.8992496717966094,0.014402677285634286,385,0.9133333333333333,0.9177777777777778,0.9133333333333333,0.8111111111111111,0.9044444444444444,0.892,0.040675773115191285,433,0.8767551622418879,0.875291902071563,0.8767551622418879,0.7988304093567251,0.8543067033976124,0.8563878678619353,0.030014023872931884,433,0.9133333333333333,0.9177777777777777,0.9133333333333333,0.8111111111111111,0.9044444444444444,0.892,0.04067577311519128,433
479,0.009421539306640626,0.005814273071482103,0.051093673706054686,0.008261540644934362,log_loss,2,9,4,random,"{'criterion': 'log_loss', 'max_depth': 2, 'min_samples_leaf': 9, 'min_samples_split': 4, 'splitter': 'random'}",0.9133333333333333,0.9177777777777778,0.9133333333333333,0.8111111111111111,0.9044444444444445,0.892,0.04067577311519129,433,0.9151785714285714,0.9392523364485982,0.9151785714285714,0.7348993288590604,0.9375,0.8884017616329603,0.07745115870404233,433,0.911504424778761,0.8983050847457628,0.911504424778761,0.9605263157894737,0.8760330578512396,0.9115746615887996,0.027696792526328156,337,0.9111111111111111,0.8933333333333333,0.9111111111111111,0.9733333333333334,0.8666666666666667,0.9111111111111111,0.03510829805890046,337,0.9155555555555556,0.9422222222222222,0.9155555555555556,0.6488888888888888,0.9422222222222222,0.8728888888888889,0.11263313110369534,433,0.912311780336581,0.9067579127459366,0.912311780336581,0.8763505402160864,0.8885163453478625,0.8992496717966094,0.014402677285634286,385,0.9133333333333333,0.9177777777777778,0.9133333333333333,0.8111111111111111,0.9044444444444444,0.892,0.040675773115191285,433,0.8767551622418879,0.875291902071563,0.8767551622418879,0.7988304093567251,0.8543067033976124,0.8563878678619353,0.030014023872931884,433,0.9133333333333333,0.9177777777777777,0.9133333333333333,0.8111111111111111,0.9044444444444444,0.892,0.04067577311519128,433
207,0.0052359580993652345,0.00474179271701159,0.07031264305114746,0.024139134661871443,entropy,1,4,3,random,"{'criterion': 'entropy', 'max_depth': 1, 'min_samples_leaf': 4, 'min_samples_split': 3, 'splitter': 'random'}",0.9133333333333333,0.9177777777777778,0.9133333333333333,0.8111111111111111,0.9044444444444445,0.892,0.04067577311519129,433,0.9151785714285714,0.9392523364485982,0.9151785714285714,0.7348993288590604,0.9375,0.8884017616329603,0.07745115870404233,433,0.911504424778761,0.8983050847457628,0.911504424778761,0.9605263157894737,0.8760330578512396,0.9115746615887996,0.027696792526328156,337,0.9111111111111111,0.8933333333333333,0.9111111111111111,0.9733333333333334,0.8666666666666667,0.9111111111111111,0.03510829805890046,337,0.9155555555555556,0.9422222222222222,0.9155555555555556,0.6488888888888888,0.9422222222222222,0.8728888888888889,0.11263313110369534,433,0.912311780336581,0.9067579127459366,0.912311780336581,0.8763505402160864,0.8885163453478625,0.8992496717966094,0.014402677285634286,385,0.9133333333333333,0.9177777777777778,0.9133333333333333,0.8111111111111111,0.9044444444444444,0.892,0.040675773115191285,433,0.8767551622418879,0.875291902071563,0.8767551622418879,0.7988304093567251,0.8543067033976124,0.8563878678619353,0.030014023872931884,433,0.9133333333333333,0.9177777777777777,0.9133333333333333,0.8111111111111111,0.9044444444444444,0.892,0.04067577311519128,433
213,0.006396961212158203,0.0037045742292494705,0.056516170501708984,0.014180430510612383,entropy,1,5,3,random,"{'criterion': 'entropy', 'max_depth': 1, 'min_samples_leaf': 5, 'min_samples_split': 3, 'splitter': 'random'}",0.9133333333333333,0.9177777777777778,0.9133333333333333,0.8111111111111111,0.9044444444444445,0.892,0.04067577311519129,433,0.9151785714285714,0.9392523364485982,0.9151785714285714,0.7348993288590604,0.9375,0.8884017616329603,0.07745115870404233,433,0.911504424778761,0.8983050847457628,0.911504424778761,0.9605263157894737,0.8760330578512396,0.9115746615887996,0.027696792526328156,337,0.9111111111111111,0.8933333333333333,0.9111111111111111,0.9733333333333334,0.8666666666666667,0.9111111111111111,0.03510829805890046,337,0.9155555555555556,0.9422222222222222,0.9155555555555556,0.6488888888888888,0.9422222222222222,0.8728888888888889,0.11263313110369534,433,0.912311780336581,0.9067579127459366,0.912311780336581,0.8763505402160864,0.8885163453478625,0.8992496717966094,0.014402677285634286,385,0.9133333333333333,0.9177777777777778,0.9133333333333333,0.8111111111111111,0.9044444444444444,0.892,0.040675773115191285,433,0.8767551622418879,0.875291902071563,0.8767551622418879,0.7988304093567251,0.8543067033976124,0.8563878678619353,0.030014023872931884,433,0.9133333333333333,0.9177777777777777,0.9133333333333333,0.8111111111111111,0.9044444444444444,0.892,0.04067577311519128,433
455,0.0016037464141845704,0.003207492828369141,0.053489160537719724,0.01416314608148858,log_loss,2,5,4,random,"{'criterion': 'log_loss', 'max_depth': 2, 'min_samples_leaf': 5, 'min_samples_split': 4, 'splitter': 'random'}",0.9133333333333333,0.9177777777777778,0.9133333333333333,0.8111111111111111,0.9044444444444445,0.892,0.04067577311519129,433,0.9151785714285714,0.9392523364485982,0.9151785714285714,0.7348993288590604,0.9375,0.8884017616329603,0.07745115870404233,433,0.911504424778761,0.8983050847457628,0.911504424778761,0.9605263157894737,0.8760330578512396,0.9115746615887996,0.027696792526328156,337,0.9111111111111111,0.8933333333333333,0.9111111111111111,0.9733333333333334,0.8666666666666667,0.9111111111111111,0.03510829805890046,337,0.9155555555555556,0.9422222222222222,0.9155555555555556,0.6488888888888888,0.9422222222222222,0.8728888888888889,0.11263313110369534,433,0.912311780336581,0.9067579127459366,0.912311780336581,0.8763505402160864,0.8885163453478625,0.8992496717966094,0.014402677285634286,385,0.9133333333333333,0.9177777777777778,0.9133333333333333,0.8111111111111111,0.9044444444444444,0.892,0.040675773115191285,433,0.8767551622418879,0.875291902071563,0.8767551622418879,0.7988304093567251,0.8543067033976124,0.8563878678619353,0.030014023872931884,433,0.9133333333333333,0.9177777777777777,0.9133333333333333,0.8111111111111111,0.9044444444444444,0.892,0.04067577311519128,433
221,0.008234119415283203,0.003102011057852855,0.04178133010864258,0.003560664351254312,entropy,1,6,4,random,"{'criterion': 'entropy', 'max_depth': 1, 'min_samples_leaf': 6, 'min_samples_split': 4, 'splitter': 'random'}",0.9133333333333333,0.9177777777777778,0.9133333333333333,0.8111111111111111,0.9044444444444445,0.892,0.04067577311519129,433,0.9151785714285714,0.9392523364485982,0.9151785714285714,0.7348993288590604,0.9375,0.8884017616329603,0.07745115870404233,433,0.911504424778761,0.8983050847457628,0.911504424778761,0.9605263157894737,0.8760330578512396,0.9115746615887996,0.027696792526328156,337,0.9111111111111111,0.8933333333333333,0.9111111111111111,0.9733333333333334,0.8666666666666667,0.9111111111111111,0.03510829805890046,337,0.9155555555555556,0.9422222222222222,0.9155555555555556,0.6488888888888888,0.9422222222222222,0.8728888888888889,0.11263313110369534,433,0.912311780336581,0.9067579127459366,0.912311780336581,0.8763505402160864,0.8885163453478625,0.8992496717966094,0.014402677285634286,385,0.9133333333333333,0.9177777777777778,0.9133333333333333,0.8111111111111111,0.9044444444444444,0.892,0.040675773115191285,433,0.8767551622418879,0.875291902071563,0.8767551622418879,0.7988304093567251,0.8543067033976124,0.8563878678619353,0.030014023872931884,433,0.9133333333333333,0.9177777777777777,0.9133333333333333,0.8111111111111111,0.9044444444444444,0.892,0.04067577311519128,433
453,0.009826946258544921,0.01110704062784474,0.05911574363708496,0.012774141086589566,log_loss,2,5,3,random,"{'criterion': 'log_loss', 'max_depth': 2, 'min_samples_leaf': 5, 'min_samples_split': 3, 'splitter': 'random'}",0.9133333333333333,0.9177777777777778,0.9133333333333333,0.8111111111111111,0.9044444444444445,0.892,0.04067577311519129,433,0.9151785714285714,0.9392523364485982,0.9151785714285714,0.7348993288590604,0.9375,0.8884017616329603,0.07745115870404233,433,0.911504424778761,0.8983050847457628,0.911504424778761,0.9605263157894737,0.8760330578512396,0.9115746615887996,0.027696792526328156,337,0.9111111111111111,0.8933333333333333,0.9111111111111111,0.9733333333333334,0.8666666666666667,0.9111111111111111,0.03510829805890046,337,0.9155555555555556,0.9422222222222222,0.9155555555555556,0.6488888888888888,0.9422222222222222,0.8728888888888889,0.11263313110369534,433,0.912311780336581,0.9067579127459366,0.912311780336581,0.8763505402160864,0.8885163453478625,0.8992496717966094,0.014402677285634286,385,0.9133333333333333,0.9177777777777778,0.9133333333333333,0.8111111111111111,0.9044444444444444,0.892,0.040675773115191285,433,0.8767551622418879,0.875291902071563,0.8767551622418879,0.7988304093567251,0.8543067033976124,0.8563878678619353,0.030014023872931884,433,0.9133333333333333,0.9177777777777777,0.9133333333333333,0.8111111111111111,0.9044444444444444,0.892,0.04067577311519128,433
425,0.006213665008544922,0.003922008685360171,0.0495643138885498,0.003296552655653751,log_loss,1,8,4,random,"{'criterion': 'log_loss', 'max_depth': 1, 'min_samples_leaf': 8, 'min_samples_split': 4, 'splitter': 'random'}",0.9133333333333333,0.9177777777777778,0.9133333333333333,0.8111111111111111,0.9044444444444445,0.892,0.04067577311519129,433,0.9151785714285714,0.9392523364485982,0.9151785714285714,0.7348993288590604,0.9375,0.8884017616329603,0.07745115870404233,433,0.911504424778761,0.8983050847457628,0.911504424778761,0.9605263157894737,0.8760330578512396,0.9115746615887996,0.027696792526328156,337,0.9111111111111111,0.8933333333333333,0.9111111111111111,0.9733333333333334,0.8666666666666667,0.9111111111111111,0.03510829805890046,337,0.9155555555555556,0.9422222222222222,0.9155555555555556,0.6488888888888888,0.9422222222222222,0.8728888888888889,0.11263313110369534,433,0.912311780336581,0.9067579127459366,0.912311780336581,0.8763505402160864,0.8885163453478625,0.8992496717966094,0.014402677285634286,385,0.9133333333333333,0.9177777777777778,0.9133333333333333,0.8111111111111111,0.9044444444444444,0.892,0.040675773115191285,433,0.8767551622418879,0.875291902071563,0.8767551622418879,0.7988304093567251,0.8543067033976124,0.8563878678619353,0.030014023872931884,433,0.9133333333333333,0.9177777777777777,0.9133333333333333,0.8111111111111111,0.9044444444444444,0.892,0.04067577311519128,433
427,0.006801080703735351,0.0014251535402339548,0.0439849853515625,0.006325595103353076,log_loss,1,9,2,random,"{'criterion': 'log_loss', 'max_depth': 1, 'min_samples_leaf': 9, 'min_samples_split': 2, 'splitter': 'random'}",0.9133333333333333,0.9177777777777778,0.9133333333333333,0.8111111111111111,0.9044444444444445,0.892,0.04067577311519129,433,0.9151785714285714,0.9392523364485982,0.9151785714285714,0.7348993288590604,0.9375,0.8884017616329603,0.07745115870404233,433,0.911504424778761,0.8983050847457628,0.911504424778761,0.9605263157894737,0.8760330578512396,0.9115746615887996,0.027696792526328156,337,0.9111111111111111,0.8933333333333333,0.9111111111111111,0.9733333333333334,0.8666666666666667,0.9111111111111111,0.03510829805890046,337,0.9155555555555556,0.9422222222222222,0.9155555555555556,0.6488888888888888,0.9422222222222222,0.8728888888888889,0.11263313110369534,433,0.912311780336581,0.9067579127459366,0.912311780336581,0.8763505402160864,0.8885163453478625,0.8992496717966094,0.014402677285634286,385,0.9133333333333333,0.9177777777777778,0.9133333333333333,0.8111111111111111,0.9044444444444444,0.892,0.040675773115191285,433,0.8767551622418879,0.875291902071563,0.8767551622418879,0.7988304093567251,0.8543067033976124,0.8563878678619353,0.030014023872931884,433,0.9133333333333333,0.9177777777777777,0.9133333333333333,0.8111111111111111,0.9044444444444444,0.892,0.04067577311519128,433
429,0.010415220260620117,0.002063165483935536,0.043413209915161136,0.004656684701121443,log_loss,1,9,3,random,"{'criterion': 'log_loss', 'max_depth': 1, 'min_samples_leaf': 9, 'min_samples_split': 3, 'splitter': 'random'}",0.9133333333333333,0.9177777777777778,0.9133333333333333,0.8111111111111111,0.9044444444444445,0.892,0.04067577311519129,433,0.9151785714285714,0.9392523364485982,0.9151785714285714,0.7348993288590604,0.9375,0.8884017616329603,0.07745115870404233,433,0.911504424778761,0.8983050847457628,0.911504424778761,0.9605263157894737,0.8760330578512396,0.9115746615887996,0.027696792526328156,337,0.9111111111111111,0.8933333333333333,0.9111111111111111,0.9733333333333334,0.8666666666666667,0.9111111111111111,0.03510829805890046,337,0.9155555555555556,0.9422222222222222,0.9155555555555556,0.6488888888888888,0.9422222222222222,0.8728888888888889,0.11263313110369534,433,0.912311780336581,0.9067579127459366,0.912311780336581,0.8763505402160864,0.8885163453478625,0.8992496717966094,0.014402677285634286,385,0.9133333333333333,0.9177777777777778,0.9133333333333333,0.8111111111111111,0.9044444444444444,0.892,0.040675773115191285,433,0.8767551622418879,0.875291902071563,0.8767551622418879,0.7988304093567251,0.8543067033976124,0.8563878678619353,0.030014023872931884,433,0.9133333333333333,0.9177777777777777,0.9133333333333333,0.8111111111111111,0.9044444444444444,0.892,0.04067577311519128,433
431,0.008977603912353516,0.00367265642930279,0.037896728515625,0.0032918340632782897,log_loss,1,9,4,random,"{'criterion': 'log_loss', 'max_depth': 1, 'min_samples_leaf': 9, 'min_samples_split': 4, 'splitter': 'random'}",0.9133333333333333,0.9177777777777778,0.9133333333333333,0.8111111111111111,0.9044444444444445,0.892,0.04067577311519129,433,0.9151785714285714,0.9392523364485982,0.9151785714285714,0.7348993288590604,0.9375,0.8884017616329603,0.07745115870404233,433,0.911504424778761,0.8983050847457628,0.911504424778761,0.9605263157894737,0.8760330578512396,0.9115746615887996,0.027696792526328156,337,0.9111111111111111,0.8933333333333333,0.9111111111111111,0.9733333333333334,0.8666666666666667,0.9111111111111111,0.03510829805890046,337,0.9155555555555556,0.9422222222222222,0.9155555555555556,0.6488888888888888,0.9422222222222222,0.8728888888888889,0.11263313110369534,433,0.912311780336581,0.9067579127459366,0.912311780336581,0.8763505402160864,0.8885163453478625,0.8992496717966094,0.014402677285634286,385,0.9133333333333333,0.9177777777777778,0.9133333333333333,0.8111111111111111,0.9044444444444444,0.892,0.040675773115191285,433,0.8767551622418879,0.875291902071563,0.8767551622418879,0.7988304093567251,0.8543067033976124,0.8563878678619353,0.030014023872931884,433,0.9133333333333333,0.9177777777777777,0.9133333333333333,0.8111111111111111,0.9044444444444444,0.892,0.04067577311519128,433
433,0.0066564083099365234,0.0031069759747508916,0.042662954330444335,0.0028833524964584837,log_loss,2,2,2,random,"{'criterion': 'log_loss', 'max_depth': 2, 'min_samples_leaf': 2, 'min_samples_split': 2, 'splitter': 'random'}",0.9133333333333333,0.9177777777777778,0.9133333333333333,0.8111111111111111,0.9044444444444445,0.892,0.04067577311519129,433,0.9151785714285714,0.9392523364485982,0.9151785714285714,0.7348993288590604,0.9375,0.8884017616329603,0.07745115870404233,433,0.911504424778761,0.8983050847457628,0.911504424778761,0.9605263157894737,0.8760330578512396,0.9115746615887996,0.027696792526328156,337,0.9111111111111111,0.8933333333333333,0.9111111111111111,0.9733333333333334,0.8666666666666667,0.9111111111111111,0.03510829805890046,337,0.9155555555555556,0.9422222222222222,0.9155555555555556,0.6488888888888888,0.9422222222222222,0.8728888888888889,0.11263313110369534,433,0.912311780336581,0.9067579127459366,0.912311780336581,0.8763505402160864,0.8885163453478625,0.8992496717966094,0.014402677285634286,385,0.9133333333333333,0.9177777777777778,0.9133333333333333,0.8111111111111111,0.9044444444444444,0.892,0.040675773115191285,433,0.8767551622418879,0.875291902071563,0.8767551622418879,0.7988304093567251,0.8543067033976124,0.8563878678619353,0.030014023872931884,433,0.9133333333333333,0.9177777777777777,0.9133333333333333,0.8111111111111111,0.9044444444444444,0.892,0.04067577311519128,433
231,0.005295801162719727,0.004515277605172221,0.04033513069152832,0.005304763213788353,entropy,1,8,3,random,"{'criterion': 'entropy', 'max_depth': 1, 'min_samples_leaf': 8, 'min_samples_split': 3, 'splitter': 'random'}",0.9133333333333333,0.9177777777777778,0.9133333333333333,0.8111111111111111,0.9044444444444445,0.892,0.04067577311519129,433,0.9151785714285714,0.9392523364485982,0.9151785714285714,0.7348993288590604,0.9375,0.8884017616329603,0.07745115870404233,433,0.911504424778761,0.8983050847457628,0.911504424778761,0.9605263157894737,0.8760330578512396,0.9115746615887996,0.027696792526328156,337,0.9111111111111111,0.8933333333333333,0.9111111111111111,0.9733333333333334,0.8666666666666667,0.9111111111111111,0.03510829805890046,337,0.9155555555555556,0.9422222222222222,0.9155555555555556,0.6488888888888888,0.9422222222222222,0.8728888888888889,0.11263313110369534,433,0.912311780336581,0.9067579127459366,0.912311780336581,0.8763505402160864,0.8885163453478625,0.8992496717966094,0.014402677285634286,385,0.9133333333333333,0.9177777777777778,0.9133333333333333,0.8111111111111111,0.9044444444444444,0.892,0.040675773115191285,433,0.8767551622418879,0.875291902071563,0.8767551622418879,0.7988304093567251,0.8543067033976124,0.8563878678619353,0.030014023872931884,433,0.9133333333333333,0.9177777777777777,0.9133333333333333,0.8111111111111111,0.9044444444444444,0.892,0.04067577311519128,433
435,0.010274648666381836,0.005294691351465553,0.041686725616455075,0.007263658337369587,log_loss,2,2,3,random,"{'criterion': 'log_loss', 'max_depth': 2, 'min_samples_leaf': 2, 'min_samples_split': 3, 'splitter': 'random'}",0.9133333333333333,0.9177777777777778,0.9133333333333333,0.8111111111111111,0.9044444444444445,0.892,0.04067577311519129,433,0.9151785714285714,0.9392523364485982,0.9151785714285714,0.7348993288590604,0.9375,0.8884017616329603,0.07745115870404233,433,0.911504424778761,0.8983050847457628,0.911504424778761,0.9605263157894737,0.8760330578512396,0.9115746615887996,0.027696792526328156,337,0.9111111111111111,0.8933333333333333,0.9111111111111111,0.9733333333333334,0.8666666666666667,0.9111111111111111,0.03510829805890046,337,0.9155555555555556,0.9422222222222222,0.9155555555555556,0.6488888888888888,0.9422222222222222,0.8728888888888889,0.11263313110369534,433,0.912311780336581,0.9067579127459366,0.912311780336581,0.8763505402160864,0.8885163453478625,0.8992496717966094,0.014402677285634286,385,0.9133333333333333,0.9177777777777778,0.9133333333333333,0.8111111111111111,0.9044444444444444,0.892,0.040675773115191285,433,0.8767551622418879,0.875291902071563,0.8767551622418879,0.7988304093567251,0.8543067033976124,0.8563878678619353,0.030014023872931884,433,0.9133333333333333,0.9177777777777777,0.9133333333333333,0.8111111111111111,0.9044444444444444,0.892,0.04067577311519128,433
437,0.005611944198608399,0.0021480324571474794,0.05067787170410156,0.010902693290969118,log_loss,2,2,4,random,"{'criterion': 'log_loss', 'max_depth': 2, 'min_samples_leaf': 2, 'min_samples_split': 4, 'splitter': 'random'}",0.9133333333333333,0.9177777777777778,0.9133333333333333,0.8111111111111111,0.9044444444444445,0.892,0.04067577311519129,433,0.9151785714285714,0.9392523364485982,0.9151785714285714,0.7348993288590604,0.9375,0.8884017616329603,0.07745115870404233,433,0.911504424778761,0.8983050847457628,0.911504424778761,0.9605263157894737,0.8760330578512396,0.9115746615887996,0.027696792526328156,337,0.9111111111111111,0.8933333333333333,0.9111111111111111,0.9733333333333334,0.8666666666666667,0.9111111111111111,0.03510829805890046,337,0.9155555555555556,0.9422222222222222,0.9155555555555556,0.6488888888888888,0.9422222222222222,0.8728888888888889,0.11263313110369534,433,0.912311780336581,0.9067579127459366,0.912311780336581,0.8763505402160864,0.8885163453478625,0.8992496717966094,0.014402677285634286,385,0.9133333333333333,0.9177777777777778,0.9133333333333333,0.8111111111111111,0.9044444444444444,0.892,0.040675773115191285,433,0.8767551622418879,0.875291902071563,0.8767551622418879,0.7988304093567251,0.8543067033976124,0.8563878678619353,0.030014023872931884,433,0.9133333333333333,0.9177777777777777,0.9133333333333333,0.8111111111111111,0.9044444444444444,0.892,0.04067577311519128,433
229,0.007169246673583984,0.004001544095663784,0.03946099281311035,0.0035120254264400714,entropy,1,8,2,random,"{'criterion': 'entropy', 'max_depth': 1, 'min_samples_leaf': 8, 'min_samples_split': 2, 'splitter': 'random'}",0.9133333333333333,0.9177777777777778,0.9133333333333333,0.8111111111111111,0.9044444444444445,0.892,0.04067577311519129,433,0.9151785714285714,0.9392523364485982,0.9151785714285714,0.7348993288590604,0.9375,0.8884017616329603,0.07745115870404233,433,0.911504424778761,0.8983050847457628,0.911504424778761,0.9605263157894737,0.8760330578512396,0.9115746615887996,0.027696792526328156,337,0.9111111111111111,0.8933333333333333,0.9111111111111111,0.9733333333333334,0.8666666666666667,0.9111111111111111,0.03510829805890046,337,0.9155555555555556,0.9422222222222222,0.9155555555555556,0.6488888888888888,0.9422222222222222,0.8728888888888889,0.11263313110369534,433,0.912311780336581,0.9067579127459366,0.912311780336581,0.8763505402160864,0.8885163453478625,0.8992496717966094,0.014402677285634286,385,0.9133333333333333,0.9177777777777778,0.9133333333333333,0.8111111111111111,0.9044444444444444,0.892,0.040675773115191285,433,0.8767551622418879,0.875291902071563,0.8767551622418879,0.7988304093567251,0.8543067033976124,0.8563878678619353,0.030014023872931884,433,0.9133333333333333,0.9177777777777777,0.9133333333333333,0.8111111111111111,0.9044444444444444,0.892,0.04067577311519128,433
439,0.01028447151184082,0.0037344431532211906,0.042893838882446286,0.009131679969028795,log_loss,2,3,2,random,"{'criterion': 'log_loss', 'max_depth': 2, 'min_samples_leaf': 3, 'min_samples_split': 2, 'splitter': 'random'}",0.9133333333333333,0.9177777777777778,0.9133333333333333,0.8111111111111111,0.9044444444444445,0.892,0.04067577311519129,433,0.9151785714285714,0.9392523364485982,0.9151785714285714,0.7348993288590604,0.9375,0.8884017616329603,0.07745115870404233,433,0.911504424778761,0.8983050847457628,0.911504424778761,0.9605263157894737,0.8760330578512396,0.9115746615887996,0.027696792526328156,337,0.9111111111111111,0.8933333333333333,0.9111111111111111,0.9733333333333334,0.8666666666666667,0.9111111111111111,0.03510829805890046,337,0.9155555555555556,0.9422222222222222,0.9155555555555556,0.6488888888888888,0.9422222222222222,0.8728888888888889,0.11263313110369534,433,0.912311780336581,0.9067579127459366,0.912311780336581,0.8763505402160864,0.8885163453478625,0.8992496717966094,0.014402677285634286,385,0.9133333333333333,0.9177777777777778,0.9133333333333333,0.8111111111111111,0.9044444444444444,0.892,0.040675773115191285,433,0.8767551622418879,0.875291902071563,0.8767551622418879,0.7988304093567251,0.8543067033976124,0.8563878678619353,0.030014023872931884,433,0.9133333333333333,0.9177777777777777,0.9133333333333333,0.8111111111111111,0.9044444444444444,0.892,0.04067577311519128,433
441,0.009554290771484375,0.008120792545887993,0.043695259094238284,0.00590224428485583,log_loss,2,3,3,random,"{'criterion': 'log_loss', 'max_depth': 2, 'min_samples_leaf': 3, 'min_samples_split': 3, 'splitter': 'random'}",0.9133333333333333,0.9177777777777778,0.9133333333333333,0.8111111111111111,0.9044444444444445,0.892,0.04067577311519129,433,0.9151785714285714,0.9392523364485982,0.9151785714285714,0.7348993288590604,0.9375,0.8884017616329603,0.07745115870404233,433,0.911504424778761,0.8983050847457628,0.911504424778761,0.9605263157894737,0.8760330578512396,0.9115746615887996,0.027696792526328156,337,0.9111111111111111,0.8933333333333333,0.9111111111111111,0.9733333333333334,0.8666666666666667,0.9111111111111111,0.03510829805890046,337,0.9155555555555556,0.9422222222222222,0.9155555555555556,0.6488888888888888,0.9422222222222222,0.8728888888888889,0.11263313110369534,433,0.912311780336581,0.9067579127459366,0.912311780336581,0.8763505402160864,0.8885163453478625,0.8992496717966094,0.014402677285634286,385,0.9133333333333333,0.9177777777777778,0.9133333333333333,0.8111111111111111,0.9044444444444444,0.892,0.040675773115191285,433,0.8767551622418879,0.875291902071563,0.8767551622418879,0.7988304093567251,0.8543067033976124,0.8563878678619353,0.030014023872931884,433,0.9133333333333333,0.9177777777777777,0.9133333333333333,0.8111111111111111,0.9044444444444444,0.892,0.04067577311519128,433
227,0.005381059646606445,0.0033864133362986313,0.04098124504089355,0.0026193530233177007,entropy,1,7,4,random,"{'criterion': 'entropy', 'max_depth': 1, 'min_samples_leaf': 7, 'min_samples_split': 4, 'splitter': 'random'}",0.9133333333333333,0.9177777777777778,0.9133333333333333,0.8111111111111111,0.9044444444444445,0.892,0.04067577311519129,433,0.9151785714285714,0.9392523364485982,0.9151785714285714,0.7348993288590604,0.9375,0.8884017616329603,0.07745115870404233,433,0.911504424778761,0.8983050847457628,0.911504424778761,0.9605263157894737,0.8760330578512396,0.9115746615887996,0.027696792526328156,337,0.9111111111111111,0.8933333333333333,0.9111111111111111,0.9733333333333334,0.8666666666666667,0.9111111111111111,0.03510829805890046,337,0.9155555555555556,0.9422222222222222,0.9155555555555556,0.6488888888888888,0.9422222222222222,0.8728888888888889,0.11263313110369534,433,0.912311780336581,0.9067579127459366,0.912311780336581,0.8763505402160864,0.8885163453478625,0.8992496717966094,0.014402677285634286,385,0.9133333333333333,0.9177777777777778,0.9133333333333333,0.8111111111111111,0.9044444444444444,0.892,0.040675773115191285,433,0.8767551622418879,0.875291902071563,0.8767551622418879,0.7988304093567251,0.8543067033976124,0.8563878678619353,0.030014023872931884,433,0.9133333333333333,0.9177777777777777,0.9133333333333333,0.8111111111111111,0.9044444444444444,0.892,0.04067577311519128,433
443,0.0059658527374267575,0.004028012951906945,0.04205656051635742,0.00469474926490405,log_loss,2,3,4,random,"{'criterion': 'log_loss', 'max_depth': 2, 'min_samples_leaf': 3, 'min_samples_split': 4, 'splitter': 'random'}",0.9133333333333333,0.9177777777777778,0.9133333333333333,0.8111111111111111,0.9044444444444445,0.892,0.04067577311519129,433,0.9151785714285714,0.9392523364485982,0.9151785714285714,0.7348993288590604,0.9375,0.8884017616329603,0.07745115870404233,433,0.911504424778761,0.8983050847457628,0.911504424778761,0.9605263157894737,0.8760330578512396,0.9115746615887996,0.027696792526328156,337,0.9111111111111111,0.8933333333333333,0.9111111111111111,0.9733333333333334,0.8666666666666667,0.9111111111111111,0.03510829805890046,337,0.9155555555555556,0.9422222222222222,0.9155555555555556,0.6488888888888888,0.9422222222222222,0.8728888888888889,0.11263313110369534,433,0.912311780336581,0.9067579127459366,0.912311780336581,0.8763505402160864,0.8885163453478625,0.8992496717966094,0.014402677285634286,385,0.9133333333333333,0.9177777777777778,0.9133333333333333,0.8111111111111111,0.9044444444444444,0.892,0.040675773115191285,433,0.8767551622418879,0.875291902071563,0.8767551622418879,0.7988304093567251,0.8543067033976124,0.8563878678619353,0.030014023872931884,433,0.9133333333333333,0.9177777777777777,0.9133333333333333,0.8111111111111111,0.9044444444444444,0.892,0.04067577311519128,433
445,0.004564714431762695,0.003977949203372859,0.054027128219604495,0.0027292783095713277,log_loss,2,4,2,random,"{'criterion': 'log_loss', 'max_depth': 2, 'min_samples_leaf': 4, 'min_samples_split': 2, 'splitter': 'random'}",0.9133333333333333,0.9177777777777778,0.9133333333333333,0.8111111111111111,0.9044444444444445,0.892,0.04067577311519129,433,0.9151785714285714,0.9392523364485982,0.9151785714285714,0.7348993288590604,0.9375,0.8884017616329603,0.07745115870404233,433,0.911504424778761,0.8983050847457628,0.911504424778761,0.9605263157894737,0.8760330578512396,0.9115746615887996,0.027696792526328156,337,0.9111111111111111,0.8933333333333333,0.9111111111111111,0.9733333333333334,0.8666666666666667,0.9111111111111111,0.03510829805890046,337,0.9155555555555556,0.9422222222222222,0.9155555555555556,0.6488888888888888,0.9422222222222222,0.8728888888888889,0.11263313110369534,433,0.912311780336581,0.9067579127459366,0.912311780336581,0.8763505402160864,0.8885163453478625,0.8992496717966094,0.014402677285634286,385,0.9133333333333333,0.9177777777777778,0.9133333333333333,0.8111111111111111,0.9044444444444444,0.892,0.040675773115191285,433,0.8767551622418879,0.875291902071563,0.8767551622418879,0.7988304093567251,0.8543067033976124,0.8563878678619353,0.030014023872931884,433,0.9133333333333333,0.9177777777777777,0.9133333333333333,0.8111111111111111,0.9044444444444444,0.892,0.04067577311519128,433
225,0.006929779052734375,0.0041821752368829575,0.04021158218383789,0.0044529250472326865,entropy,1,7,3,random,"{'criterion': 'entropy', 'max_depth': 1, 'min_samples_leaf': 7, 'min_samples_split': 3, 'splitter': 'random'}",0.9133333333333333,0.9177777777777778,0.9133333333333333,0.8111111111111111,0.9044444444444445,0.892,0.04067577311519129,433,0.9151785714285714,0.9392523364485982,0.9151785714285714,0.7348993288590604,0.9375,0.8884017616329603,0.07745115870404233,433,0.911504424778761,0.8983050847457628,0.911504424778761,0.9605263157894737,0.8760330578512396,0.9115746615887996,0.027696792526328156,337,0.9111111111111111,0.8933333333333333,0.9111111111111111,0.9733333333333334,0.8666666666666667,0.9111111111111111,0.03510829805890046,337,0.9155555555555556,0.9422222222222222,0.9155555555555556,0.6488888888888888,0.9422222222222222,0.8728888888888889,0.11263313110369534,433,0.912311780336581,0.9067579127459366,0.912311780336581,0.8763505402160864,0.8885163453478625,0.8992496717966094,0.014402677285634286,385,0.9133333333333333,0.9177777777777778,0.9133333333333333,0.8111111111111111,0.9044444444444444,0.892,0.040675773115191285,433,0.8767551622418879,0.875291902071563,0.8767551622418879,0.7988304093567251,0.8543067033976124,0.8563878678619353,0.030014023872931884,433,0.9133333333333333,0.9177777777777777,0.9133333333333333,0.8111111111111111,0.9044444444444444,0.892,0.04067577311519128,433
447,0.006087017059326172,0.003711853777044947,0.0491849422454834,0.013776799458853597,log_loss,2,4,3,random,"{'criterion': 'log_loss', 'max_depth': 2, 'min_samples_leaf': 4, 'min_samples_split': 3, 'splitter': 'random'}",0.9133333333333333,0.9177777777777778,0.9133333333333333,0.8111111111111111,0.9044444444444445,0.892,0.04067577311519129,433,0.9151785714285714,0.9392523364485982,0.9151785714285714,0.7348993288590604,0.9375,0.8884017616329603,0.07745115870404233,433,0.911504424778761,0.8983050847457628,0.911504424778761,0.9605263157894737,0.8760330578512396,0.9115746615887996,0.027696792526328156,337,0.9111111111111111,0.8933333333333333,0.9111111111111111,0.9733333333333334,0.8666666666666667,0.9111111111111111,0.03510829805890046,337,0.9155555555555556,0.9422222222222222,0.9155555555555556,0.6488888888888888,0.9422222222222222,0.8728888888888889,0.11263313110369534,433,0.912311780336581,0.9067579127459366,0.912311780336581,0.8763505402160864,0.8885163453478625,0.8992496717966094,0.014402677285634286,385,0.9133333333333333,0.9177777777777778,0.9133333333333333,0.8111111111111111,0.9044444444444444,0.892,0.040675773115191285,433,0.8767551622418879,0.875291902071563,0.8767551622418879,0.7988304093567251,0.8543067033976124,0.8563878678619353,0.030014023872931884,433,0.9133333333333333,0.9177777777777777,0.9133333333333333,0.8111111111111111,0.9044444444444444,0.892,0.04067577311519128,433
449,0.007492685317993164,0.003919742051500594,0.05251059532165527,0.012754682757790228,log_loss,2,4,4,random,"{'criterion': 'log_loss', 'max_depth': 2, 'min_samples_leaf': 4, 'min_samples_split': 4, 'splitter': 'random'}",0.9133333333333333,0.9177777777777778,0.9133333333333333,0.8111111111111111,0.9044444444444445,0.892,0.04067577311519129,433,0.9151785714285714,0.9392523364485982,0.9151785714285714,0.7348993288590604,0.9375,0.8884017616329603,0.07745115870404233,433,0.911504424778761,0.8983050847457628,0.911504424778761,0.9605263157894737,0.8760330578512396,0.9115746615887996,0.027696792526328156,337,0.9111111111111111,0.8933333333333333,0.9111111111111111,0.9733333333333334,0.8666666666666667,0.9111111111111111,0.03510829805890046,337,0.9155555555555556,0.9422222222222222,0.9155555555555556,0.6488888888888888,0.9422222222222222,0.8728888888888889,0.11263313110369534,433,0.912311780336581,0.9067579127459366,0.912311780336581,0.8763505402160864,0.8885163453478625,0.8992496717966094,0.014402677285634286,385,0.9133333333333333,0.9177777777777778,0.9133333333333333,0.8111111111111111,0.9044444444444444,0.892,0.040675773115191285,433,0.8767551622418879,0.875291902071563,0.8767551622418879,0.7988304093567251,0.8543067033976124,0.8563878678619353,0.030014023872931884,433,0.9133333333333333,0.9177777777777777,0.9133333333333333,0.8111111111111111,0.9044444444444444,0.892,0.04067577311519128,433
223,0.008594322204589843,0.0019316258905110086,0.03546872138977051,0.0025649959313368462,entropy,1,7,2,random,"{'criterion': 'entropy', 'max_depth': 1, 'min_samples_leaf': 7, 'min_samples_split': 2, 'splitter': 'random'}",0.9133333333333333,0.9177777777777778,0.9133333333333333,0.8111111111111111,0.9044444444444445,0.892,0.04067577311519129,433,0.9151785714285714,0.9392523364485982,0.9151785714285714,0.7348993288590604,0.9375,0.8884017616329603,0.07745115870404233,433,0.911504424778761,0.8983050847457628,0.911504424778761,0.9605263157894737,0.8760330578512396,0.9115746615887996,0.027696792526328156,337,0.9111111111111111,0.8933333333333333,0.9111111111111111,0.9733333333333334,0.8666666666666667,0.9111111111111111,0.03510829805890046,337,0.9155555555555556,0.9422222222222222,0.9155555555555556,0.6488888888888888,0.9422222222222222,0.8728888888888889,0.11263313110369534,433,0.912311780336581,0.9067579127459366,0.912311780336581,0.8763505402160864,0.8885163453478625,0.8992496717966094,0.014402677285634286,385,0.9133333333333333,0.9177777777777778,0.9133333333333333,0.8111111111111111,0.9044444444444444,0.892,0.040675773115191285,433,0.8767551622418879,0.875291902071563,0.8767551622418879,0.7988304093567251,0.8543067033976124,0.8563878678619353,0.030014023872931884,433,0.9133333333333333,0.9177777777777777,0.9133333333333333,0.8111111111111111,0.9044444444444444,0.892,0.04067577311519128,433
451,0.011475229263305664,0.010729592037693698,0.06237163543701172,0.011190918348984145,log_loss,2,5,2,random,"{'criterion': 'log_loss', 'max_depth': 2, 'min_samples_leaf': 5, 'min_samples_split': 2, 'splitter': 'random'}",0.9133333333333333,0.9177777777777778,0.9133333333333333,0.8111111111111111,0.9044444444444445,0.892,0.04067577311519129,433,0.9151785714285714,0.9392523364485982,0.9151785714285714,0.7348993288590604,0.9375,0.8884017616329603,0.07745115870404233,433,0.911504424778761,0.8983050847457628,0.911504424778761,0.9605263157894737,0.8760330578512396,0.9115746615887996,0.027696792526328156,337,0.9111111111111111,0.8933333333333333,0.9111111111111111,0.9733333333333334,0.8666666666666667,0.9111111111111111,0.03510829805890046,337,0.9155555555555556,0.9422222222222222,0.9155555555555556,0.6488888888888888,0.9422222222222222,0.8728888888888889,0.11263313110369534,433,0.912311780336581,0.9067579127459366,0.912311780336581,0.8763505402160864,0.8885163453478625,0.8992496717966094,0.014402677285634286,385,0.9133333333333333,0.9177777777777778,0.9133333333333333,0.8111111111111111,0.9044444444444444,0.892,0.040675773115191285,433,0.8767551622418879,0.875291902071563,0.8767551622418879,0.7988304093567251,0.8543067033976124,0.8563878678619353,0.030014023872931884,433,0.9133333333333333,0.9177777777777777,0.9133333333333333,0.8111111111111111,0.9044444444444444,0.892,0.04067577311519128,433
421,0.008464241027832031,0.0044166067838548335,0.047301435470581056,0.008410009506133624,log_loss,1,8,2,random,"{'criterion': 'log_loss', 'max_depth': 1, 'min_samples_leaf': 8, 'min_samples_split': 2, 'splitter': 'random'}",0.9133333333333333,0.9177777777777778,0.9133333333333333,0.8111111111111111,0.9044444444444445,0.892,0.04067577311519129,433,0.9151785714285714,0.9392523364485982,0.9151785714285714,0.7348993288590604,0.9375,0.8884017616329603,0.07745115870404233,433,0.911504424778761,0.8983050847457628,0.911504424778761,0.9605263157894737,0.8760330578512396,0.9115746615887996,0.027696792526328156,337,0.9111111111111111,0.8933333333333333,0.9111111111111111,0.9733333333333334,0.8666666666666667,0.9111111111111111,0.03510829805890046,337,0.9155555555555556,0.9422222222222222,0.9155555555555556,0.6488888888888888,0.9422222222222222,0.8728888888888889,0.11263313110369534,433,0.912311780336581,0.9067579127459366,0.912311780336581,0.8763505402160864,0.8885163453478625,0.8992496717966094,0.014402677285634286,385,0.9133333333333333,0.9177777777777778,0.9133333333333333,0.8111111111111111,0.9044444444444444,0.892,0.040675773115191285,433,0.8767551622418879,0.875291902071563,0.8767551622418879,0.7988304093567251,0.8543067033976124,0.8563878678619353,0.030014023872931884,433,0.9133333333333333,0.9177777777777777,0.9133333333333333,0.8111111111111111,0.9044444444444444,0.892,0.04067577311519128,433
287,0.008019018173217773,0.004010678095619639,0.04050965309143066,0.00543418767116593,entropy,2,9,4,random,"{'criterion': 'entropy', 'max_depth': 2, 'min_samples_leaf': 9, 'min_samples_split': 4, 'splitter': 'random'}",0.9133333333333333,0.9177777777777778,0.9133333333333333,0.8111111111111111,0.9044444444444445,0.892,0.04067577311519129,433,0.9151785714285714,0.9392523364485982,0.9151785714285714,0.7348993288590604,0.9375,0.8884017616329603,0.07745115870404233,433,0.911504424778761,0.8983050847457628,0.911504424778761,0.9605263157894737,0.8760330578512396,0.9115746615887996,0.027696792526328156,337,0.9111111111111111,0.8933333333333333,0.9111111111111111,0.9733333333333334,0.8666666666666667,0.9111111111111111,0.03510829805890046,337,0.9155555555555556,0.9422222222222222,0.9155555555555556,0.6488888888888888,0.9422222222222222,0.8728888888888889,0.11263313110369534,433,0.912311780336581,0.9067579127459366,0.912311780336581,0.8763505402160864,0.8885163453478625,0.8992496717966094,0.014402677285634286,385,0.9133333333333333,0.9177777777777778,0.9133333333333333,0.8111111111111111,0.9044444444444444,0.892,0.040675773115191285,433,0.8767551622418879,0.875291902071563,0.8767551622418879,0.7988304093567251,0.8543067033976124,0.8563878678619353,0.030014023872931884,433,0.9133333333333333,0.9177777777777777,0.9133333333333333,0.8111111111111111,0.9044444444444444,0.892,0.04067577311519128,433
