,mean_fit_time,std_fit_time,mean_score_time,std_score_time,param_criterion,param_max_depth,param_min_samples_leaf,params,split0_test_accuracy_score,split1_test_accuracy_score,split2_test_accuracy_score,split3_test_accuracy_score,split4_test_accuracy_score,mean_test_accuracy_score,std_test_accuracy_score,rank_test_accuracy_score,split0_test_precision_0,split1_test_precision_0,split2_test_precision_0,split3_test_precision_0,split4_test_precision_0,mean_test_precision_0,std_test_precision_0,rank_test_precision_0,split0_test_precision_1,split1_test_precision_1,split2_test_precision_1,split3_test_precision_1,split4_test_precision_1,mean_test_precision_1,std_test_precision_1,rank_test_precision_1,split0_test_recall_0,split1_test_recall_0,split2_test_recall_0,split3_test_recall_0,split4_test_recall_0,mean_test_recall_0,std_test_recall_0,rank_test_recall_0,split0_test_recall_1,split1_test_recall_1,split2_test_recall_1,split3_test_recall_1,split4_test_recall_1,mean_test_recall_1,std_test_recall_1,rank_test_recall_1,split0_test_fbeta_score,split1_test_fbeta_score,split2_test_fbeta_score,split3_test_fbeta_score,split4_test_fbeta_score,mean_test_fbeta_score,std_test_fbeta_score,rank_test_fbeta_score,split0_test_balanced_accuracy_score,split1_test_balanced_accuracy_score,split2_test_balanced_accuracy_score,split3_test_balanced_accuracy_score,split4_test_balanced_accuracy_score,mean_test_balanced_accuracy_score,std_test_balanced_accuracy_score,rank_test_balanced_accuracy_score,split0_test_average_precision_score,split1_test_average_precision_score,split2_test_average_precision_score,split3_test_average_precision_score,split4_test_average_precision_score,mean_test_average_precision_score,std_test_average_precision_score,rank_test_average_precision_score,split0_test_roc_auc,split1_test_roc_auc,split2_test_roc_auc,split3_test_roc_auc,split4_test_roc_auc,mean_test_roc_auc,std_test_roc_auc,rank_test_roc_auc
34,1.071253776550293,0.14830643567983479,0.1634596347808838,0.039856574051098125,gini,4,8,"{'criterion': 'gini', 'max_depth': 4, 'min_samples_leaf': 8}",0.9533333333333334,0.9688888888888889,0.9577777777777777,0.9666666666666667,0.96,0.9613333333333334,0.005726266100766729,3,0.9473684210526315,0.9773755656108597,0.9478260869565217,0.9906542056074766,0.9726027397260274,0.9671654037907034,0.017037990130290438,56,0.9594594594594594,0.9606986899563319,0.9681818181818181,0.9449152542372882,0.948051948051948,0.9562614339773692,0.008580718163912949,1,0.96,0.96,0.9688888888888889,0.9422222222222222,0.9466666666666667,0.9555555555555555,0.009737289911202965,1,0.9466666666666667,0.9777777777777777,0.9466666666666667,0.9911111111111112,0.9733333333333334,0.9671111111111111,0.017688665548562153,56,0.9568733153638814,0.9640666082383874,0.9638009049773756,0.9538066723695466,0.9530026109660574,0.9583100223830495,0.0047707646499656736,1,0.9533333333333334,0.9688888888888889,0.9577777777777778,0.9666666666666667,0.96,0.9613333333333334,0.005726266100766714,3,0.934954954954955,0.9504609412906355,0.9432121212121212,0.9409604519774011,0.9361038961038961,0.9411384731078017,0.005564584141842156,1,0.9533333333333334,0.9688888888888889,0.9577777777777778,0.9666666666666666,0.96,0.9613333333333334,0.005726266100766694,3
27,0.5895777702331543,0.02161427089789035,0.08187103271484375,0.02140441897653062,gini,4,1,"{'criterion': 'gini', 'max_depth': 4, 'min_samples_leaf': 1}",0.9422222222222222,0.9711111111111111,0.9644444444444444,0.9711111111111111,0.96,0.9617777777777778,0.01064813204507642,1,0.9422222222222222,0.9818181818181818,0.9563318777292577,0.9907407407407407,0.9769585253456221,0.9696143095712049,0.017753577341443828,50,0.9422222222222222,0.9608695652173913,0.9728506787330317,0.9529914529914529,0.944206008583691,0.9546279855495576,0.0112802718941841,2,0.9422222222222222,0.96,0.9733333333333334,0.9511111111111111,0.9422222222222222,0.9537777777777778,0.01179244369904145,2,0.9422222222222222,0.9822222222222222,0.9555555555555556,0.9911111111111112,0.9777777777777777,0.9697777777777776,0.018086213288334065,52,0.9422222222222222,0.9650655021834061,0.9693417493237151,0.9603789836347976,0.9507346585998271,0.9575486231927937,0.00984805477356752,2,0.9422222222222222,0.971111111111111,0.9644444444444444,0.9711111111111111,0.96,0.9617777777777776,0.010648132045076399,2,0.9166716049382715,0.9526763285024156,0.9518350930115635,0.9489648622981957,0.9343347639484978,0.9408965305397888,0.013808820134613766,2,0.9422222222222222,0.971111111111111,0.9644444444444445,0.971111111111111,0.96,0.9617777777777778,0.010648132045076385,1
30,0.9473320007324219,0.07381507388706905,0.09564065933227539,0.017452888597229016,gini,4,4,"{'criterion': 'gini', 'max_depth': 4, 'min_samples_leaf': 4}",0.9422222222222222,0.9666666666666667,0.9666666666666667,0.9688888888888889,0.9644444444444444,0.9617777777777778,0.009878271453730185,1,0.9422222222222222,0.9772727272727273,0.972972972972973,0.9906976744186047,0.9771689497716894,0.9720669093316433,0.01607335101834402,40,0.9422222222222222,0.9565217391304348,0.9605263157894737,0.948936170212766,0.9523809523809523,0.9521174799471698,0.00629622575784731,3,0.9422222222222222,0.9555555555555556,0.96,0.9466666666666667,0.9511111111111111,0.9511111111111111,0.0062853936105470975,3,0.9422222222222222,0.9777777777777777,0.9733333333333334,0.9911111111111112,0.9777777777777777,0.9724444444444444,0.016245037228886303,41,0.9422222222222222,0.9606986899563319,0.9630606860158312,0.9570815450643777,0.9573542210617929,0.9560834728641112,0.007276358301086952,3,0.9422222222222222,0.9666666666666667,0.9666666666666667,0.9688888888888889,0.9644444444444444,0.9617777777777778,0.009878271453730185,1,0.9166716049382715,0.9463768115942028,0.9482456140350878,0.9449456264775413,0.9423280423280422,0.9397135398746291,0.011681922773234312,3,0.9422222222222222,0.9666666666666668,0.9666666666666667,0.9688888888888888,0.9644444444444445,0.9617777777777778,0.009878271453730185,1
29,0.8276855945587158,0.11786917824728205,0.11659560203552247,0.018864054380563027,gini,4,3,"{'criterion': 'gini', 'max_depth': 4, 'min_samples_leaf': 3}",0.94,0.9711111111111111,0.9644444444444444,0.9688888888888889,0.9622222222222222,0.9613333333333334,0.011119996447286076,3,0.9459459459459459,0.9818181818181818,0.9728506787330317,0.9906976744186047,0.9814814814814815,0.9745587924794492,0.015379847243433028,28,0.9342105263157895,0.9608695652173913,0.9563318777292577,0.948936170212766,0.9444444444444444,0.9489585167839298,0.009317940735141634,8,0.9333333333333333,0.96,0.9555555555555556,0.9466666666666667,0.9422222222222222,0.9475555555555555,0.00949073622402783,8,0.9466666666666667,0.9822222222222222,0.9733333333333334,0.9911111111111112,0.9822222222222222,0.9751111111111112,0.015293022696964684,28,0.9366754617414248,0.9650655021834061,0.9596844872918493,0.9570815450643777,0.9517657192075797,0.9540545430977275,0.00968887419786859,4,0.94,0.971111111111111,0.9644444444444444,0.9688888888888889,0.9622222222222222,0.9613333333333334,0.011119996447286057,3,0.9110526315789473,0.9526763285024156,0.9441630276564774,0.9449456264775413,0.9365432098765432,0.9378761648183851,0.01435148411763441,4,0.9400000000000001,0.971111111111111,0.9644444444444445,0.9688888888888888,0.9622222222222222,0.9613333333333334,0.011119996447286005,3
70,0.714740800857544,0.0399384177548937,0.07056732177734375,0.008229500798913594,entropy,4,8,"{'criterion': 'entropy', 'max_depth': 4, 'min_samples_leaf': 8}",0.9444444444444444,0.9711111111111111,0.9644444444444444,0.9688888888888889,0.9577777777777777,0.9613333333333334,0.009594236953299091,3,0.9545454545454546,0.9818181818181818,0.9728506787330317,0.9906976744186047,0.9768518518518519,0.975352768273425,0.011989326295722698,23,0.9347826086956522,0.9608695652173913,0.9563318777292577,0.948936170212766,0.9401709401709402,0.9482182324052015,0.0097126494205557,10,0.9333333333333333,0.96,0.9555555555555556,0.9466666666666667,0.9377777777777778,0.9466666666666667,0.01013489266754788,11,0.9555555555555556,0.9822222222222222,0.9733333333333334,0.9911111111111112,0.9777777777777777,0.976,0.011792443699041415,22,0.9388646288209607,0.9650655021834061,0.9596844872918493,0.9570815450643777,0.9474590869939707,0.953631050070913,0.00933206341335959,6,0.9444444444444444,0.971111111111111,0.9644444444444444,0.9688888888888889,0.9577777777777778,0.9613333333333334,0.00959423695329906,3,0.9154589371980677,0.9526763285024156,0.9441630276564774,0.9449456264775413,0.930389363722697,0.9375266567114398,0.013164499859947405,5,0.9444444444444446,0.971111111111111,0.9644444444444445,0.9688888888888888,0.9577777777777778,0.9613333333333334,0.009594236953298972,3
103,0.800416898727417,0.11503084537828828,0.07415108680725098,0.013683938772816711,log_loss,4,5,"{'criterion': 'log_loss', 'max_depth': 4, 'min_samples_leaf': 5}",0.9444444444444444,0.9688888888888889,0.9666666666666667,0.9688888888888889,0.9577777777777777,0.9613333333333334,0.0093860942586413,3,0.9504504504504504,0.9817351598173516,0.981651376146789,0.9906976744186047,0.9768518518518519,0.9762773025370096,0.01366727766656989,14,0.9385964912280702,0.9567099567099567,0.9525862068965517,0.948936170212766,0.9401709401709402,0.9473999530436569,0.0070098919754336495,15,0.9377777777777778,0.9555555555555556,0.9511111111111111,0.9466666666666667,0.9377777777777778,0.9457777777777778,0.007111111111111107,15,0.9511111111111111,0.9822222222222222,0.9822222222222222,0.9911111111111112,0.9777777777777777,0.9768888888888888,0.013597385369580764,14,0.9410729991204925,0.9617058311575283,0.95836947094536,0.9570815450643777,0.9474590869939707,0.9531377866563459,0.007669965653062909,8,0.9444444444444444,0.9688888888888889,0.9666666666666667,0.9688888888888889,0.9577777777777778,0.9613333333333334,0.009386094258641292,3,0.9171539961013646,0.9485906685906687,0.9445402298850574,0.9449456264775413,0.930389363722697,0.9371239769554659,0.011762815789825527,6,0.9444444444444444,0.9688888888888889,0.9666666666666666,0.9688888888888888,0.9577777777777778,0.9613333333333334,0.00938609425864126,3
102,0.7911148071289062,0.09531015988692158,0.06979808807373047,0.011176528881895775,log_loss,4,4,"{'criterion': 'log_loss', 'max_depth': 4, 'min_samples_leaf': 4}",0.9488888888888889,0.9688888888888889,0.96,0.9666666666666667,0.96,0.9608888888888888,0.0069708387294925055,7,0.963302752293578,0.9817351598173516,0.9641255605381166,0.9906542056074766,0.9813953488372092,0.9762426054187463,0.010758026901789071,15,0.9353448275862069,0.9567099567099567,0.9559471365638766,0.9449152542372882,0.9404255319148936,0.9466685414024443,0.00845219530636741,17,0.9333333333333333,0.9555555555555556,0.9555555555555556,0.9422222222222222,0.9377777777777778,0.9448888888888888,0.009151671236432901,20,0.9644444444444444,0.9822222222222222,0.9644444444444444,0.9911111111111112,0.9822222222222222,0.976888888888889,0.010666666666666684,13,0.9410234171725932,0.9617058311575283,0.9576345984112974,0.9538066723695466,0.9484978540772532,0.9525336746376437,0.007218618653215287,11,0.9488888888888889,0.9688888888888889,0.96,0.9666666666666667,0.96,0.9608888888888888,0.0069708387294925055,7,0.9198659003831418,0.9485906685906687,0.9397356828193832,0.9409604519774011,0.932595744680851,0.9363496896902891,0.009678564519952061,7,0.9488888888888889,0.9688888888888889,0.96,0.9666666666666666,0.96,0.9608888888888888,0.006970838729492486,7
101,0.9097095966339112,0.1425350620568796,0.07920522689819336,0.01669721529028603,log_loss,4,3,"{'criterion': 'log_loss', 'max_depth': 4, 'min_samples_leaf': 3}",0.9422222222222222,0.9688888888888889,0.9666666666666667,0.9666666666666667,0.96,0.9608888888888888,0.009797958971132734,7,0.9502262443438914,0.9817351598173516,0.9861111111111112,0.9906542056074766,0.9813953488372092,0.978024413943408,0.014302289177908852,4,0.9344978165938864,0.9567099567099567,0.9487179487179487,0.9449152542372882,0.9404255319148936,0.9450533016347947,0.007512134448991174,31,0.9333333333333333,0.9555555555555556,0.9466666666666667,0.9422222222222222,0.9377777777777778,0.9431111111111111,0.007646511348482341,31,0.9511111111111111,0.9822222222222222,0.9866666666666667,0.9911111111111112,0.9822222222222222,0.9786666666666667,0.014166557733785985,4,0.9377738825591586,0.9617058311575283,0.9560723514211886,0.9538066723695466,0.9484978540772532,0.9515713183169352,0.008096664414249041,20,0.9422222222222223,0.9688888888888889,0.9666666666666667,0.9666666666666667,0.96,0.9608888888888888,0.00979795897113269,7,0.913255701115963,0.9485906685906687,0.9427350427350427,0.9409604519774011,0.932595744680851,0.9356275218199853,0.012301952739743636,8,0.9422222222222222,0.9688888888888889,0.9666666666666667,0.9666666666666666,0.96,0.9608888888888888,0.00979795897113272,7
105,0.7971682071685791,0.07051385281525514,0.07356691360473633,0.008548977825376992,log_loss,4,7,"{'criterion': 'log_loss', 'max_depth': 4, 'min_samples_leaf': 7}",0.9422222222222222,0.9688888888888889,0.9644444444444444,0.9688888888888889,0.9577777777777777,0.9604444444444444,0.0099777530313972,10,0.954337899543379,0.9817351598173516,0.9771689497716894,0.9906976744186047,0.9768518518518519,0.9761583070805754,0.01200105892932824,18,0.9307359307359307,0.9567099567099567,0.9523809523809523,0.948936170212766,0.9401709401709402,0.9457867900421091,0.009282060957500834,27,0.9288888888888889,0.9555555555555556,0.9511111111111111,0.9466666666666667,0.9377777777777778,0.9440000000000002,0.009573626323794686,25,0.9555555555555556,0.9822222222222222,0.9777777777777777,0.9911111111111112,0.9777777777777777,0.9768888888888888,0.011725249740687034,14,0.9355961705831157,0.9617058311575283,0.9573542210617929,0.9570815450643777,0.9474590869939707,0.951839370972157,0.009362365554943148,14,0.9422222222222223,0.9688888888888889,0.9644444444444444,0.9688888888888889,0.9577777777777778,0.9604444444444444,0.009977753031397155,11,0.9115921115921117,0.9485906685906687,0.9423280423280422,0.9449456264775413,0.930389363722697,0.9355691625422123,0.013452802233989635,9,0.9422222222222223,0.9688888888888889,0.9644444444444445,0.9688888888888888,0.9577777777777778,0.9604444444444444,0.009977753031397144,10
96,0.7599072456359863,0.12299345698061742,0.06828384399414063,0.007031500757042196,log_loss,3,7,"{'criterion': 'log_loss', 'max_depth': 3, 'min_samples_leaf': 7}",0.9422222222222222,0.9711111111111111,0.9644444444444444,0.9688888888888889,0.9555555555555556,0.9604444444444444,0.010554970744033722,10,0.9502262443438914,0.9862385321100917,0.9771689497716894,0.9906976744186047,0.9767441860465116,0.9762151173381577,0.014048662091460187,17,0.9344978165938864,0.9568965517241379,0.9523809523809523,0.948936170212766,0.9361702127659575,0.9457763407355401,0.008907831510807268,29,0.9333333333333333,0.9555555555555556,0.9511111111111111,0.9466666666666667,0.9333333333333333,0.944,0.009151671236432896,28,0.9511111111111111,0.9866666666666667,0.9777777777777777,0.9911111111111112,0.9777777777777777,0.9768888888888888,0.01388488831272295,14,0.9377738825591586,0.9627059843885516,0.9573542210617929,0.9570815450643777,0.944206008583691,0.9518243283315144,0.009296045418459683,17,0.9422222222222223,0.9711111111111111,0.9644444444444444,0.9688888888888889,0.9555555555555555,0.9604444444444444,0.010554970744033696,11,0.913255701115963,0.9508045977011494,0.9423280423280422,0.9449456264775413,0.9264775413711583,0.9355623017987711,0.013756939466041666,10,0.9422222222222222,0.9711111111111111,0.9644444444444445,0.9688888888888888,0.9555555555555556,0.9604444444444444,0.010554970744033715,10
67,0.9784310817718506,0.23447687327910663,0.13325562477111816,0.05239481796828072,entropy,4,5,"{'criterion': 'entropy', 'max_depth': 4, 'min_samples_leaf': 5}",0.9422222222222222,0.9666666666666667,0.9666666666666667,0.9666666666666667,0.96,0.9604444444444444,0.009469900334516692,10,0.9502262443438914,0.9772727272727273,0.981651376146789,0.9906542056074766,0.9813953488372092,0.9762399804416187,0.013721603009004517,16,0.9344978165938864,0.9565217391304348,0.9525862068965517,0.9449152542372882,0.9404255319148936,0.9457893097546108,0.007980159830793655,26,0.9333333333333333,0.9555555555555556,0.9511111111111111,0.9422222222222222,0.9377777777777778,0.944,0.008243216440440633,28,0.9511111111111111,0.9777777777777777,0.9822222222222222,0.9911111111111112,0.9822222222222222,0.9768888888888888,0.013597385369580764,14,0.9377738825591586,0.9606986899563319,0.95836947094536,0.9538066723695466,0.9484978540772532,0.95182931398153,0.008173165935564693,16,0.9422222222222223,0.9666666666666667,0.9666666666666667,0.9666666666666667,0.96,0.9604444444444444,0.00946990033451665,11,0.913255701115963,0.9463768115942028,0.9445402298850574,0.9409604519774011,0.932595744680851,0.935545787850695,0.012108512475054825,11,0.9422222222222222,0.9666666666666668,0.9666666666666666,0.9666666666666666,0.96,0.9604444444444444,0.009469900334516678,10
107,0.7652039051055908,0.049213779007598615,0.05875897407531738,0.012028068368592543,log_loss,4,9,"{'criterion': 'log_loss', 'max_depth': 4, 'min_samples_leaf': 9}",0.9422222222222222,0.9711111111111111,0.9644444444444444,0.9666666666666667,0.9577777777777777,0.9604444444444444,0.010076252487781922,10,0.9461883408071748,0.9862385321100917,0.9771689497716894,0.9906542056074766,0.9813084112149533,0.9763116879022771,0.015731295128109318,13,0.9383259911894273,0.9568965517241379,0.9523809523809523,0.9449152542372882,0.9364406779661016,0.9457918854995814,0.00788267158875232,25,0.9377777777777778,0.9555555555555556,0.9511111111111111,0.9422222222222222,0.9333333333333333,0.944,0.008243216440440633,28,0.9466666666666667,0.9866666666666667,0.9777777777777777,0.9911111111111112,0.9822222222222222,0.9768888888888888,0.015751151241483883,14,0.9399823477493381,0.9627059843885516,0.9573542210617929,0.9538066723695466,0.9452523524379812,0.9518203156014421,0.00820174531159036,18,0.9422222222222223,0.9711111111111111,0.9644444444444444,0.9666666666666667,0.9577777777777778,0.9604444444444447,0.010076252487781876,10,0.9149486049926578,0.9508045977011494,0.9423280423280422,0.9409604519774011,0.9286817325800376,0.9355446859158576,0.012486056477748426,12,0.9422222222222223,0.9711111111111111,0.9644444444444445,0.9666666666666666,0.9577777777777777,0.9604444444444444,0.010076252487781876,10
71,0.7732195377349853,0.04912198821048759,0.07068133354187012,0.010498214360116756,entropy,4,9,"{'criterion': 'entropy', 'max_depth': 4, 'min_samples_leaf': 9}",0.94,0.9711111111111111,0.9644444444444444,0.9666666666666667,0.9577777777777777,0.96,0.010886621079036377,14,0.9459459459459459,0.9818181818181818,0.9771689497716894,0.9906542056074766,0.9768518518518519,0.9744878269990291,0.015116229066546553,30,0.9342105263157895,0.9608695652173913,0.9523809523809523,0.9449152542372882,0.9401709401709402,0.9465094476644722,0.00932383118722369,19,0.9333333333333333,0.96,0.9511111111111111,0.9422222222222222,0.9377777777777778,0.9448888888888888,0.009573626323794658,20,0.9466666666666667,0.9822222222222222,0.9777777777777777,0.9911111111111112,0.9777777777777777,0.9751111111111112,0.015032475133589136,28,0.9366754617414248,0.9650655021834061,0.9573542210617929,0.9538066723695466,0.9474590869939707,0.9520721888700281,0.009571566257787717,12,0.94,0.971111111111111,0.9644444444444444,0.9666666666666667,0.9577777777777778,0.9600000000000002,0.01088662107903635,14,0.9110526315789473,0.9526763285024156,0.9423280423280422,0.9409604519774011,0.930389363722697,0.9354813636219006,0.014108548103575778,13,0.9400000000000001,0.971111111111111,0.9644444444444445,0.9666666666666666,0.9577777777777778,0.9600000000000002,0.010886621079036304,14
31,0.9130616664886475,0.05292371298641092,0.10277018547058106,0.026137478631139015,gini,4,5,"{'criterion': 'gini', 'max_depth': 4, 'min_samples_leaf': 5}",0.94,0.9688888888888889,0.96,0.9644444444444444,0.9533333333333334,0.9573333333333333,0.010076252487781913,34,0.9419642857142857,0.9817351598173516,0.9559471365638766,0.9815668202764977,0.9553571428571429,0.9633141090458309,0.015785418141836084,67,0.9380530973451328,0.9567099567099567,0.9641255605381166,0.9484978540772532,0.9513274336283186,0.9517427804597556,0.008673125922833716,4,0.9377777777777778,0.9555555555555556,0.9644444444444444,0.9466666666666667,0.9511111111111111,0.9511111111111111,0.00888888888888888,3,0.9422222222222222,0.9822222222222222,0.9555555555555556,0.9822222222222222,0.9555555555555556,0.9635555555555555,0.016,66,0.9388839681133747,0.9617058311575283,0.9623992837958818,0.9550561797752809,0.9521700620017715,0.9540430649687675,0.008519121292093064,5,0.94,0.9688888888888889,0.96,0.9644444444444444,0.9533333333333334,0.9573333333333333,0.010076252487781913,37,0.9127433628318584,0.9485906685906687,0.9434977578475336,0.9405245588936575,0.9312684365781712,0.9353249569483779,0.012618980867408702,14,0.94,0.9688888888888889,0.9600000000000001,0.9644444444444443,0.9533333333333335,0.9573333333333333,0.010076252487781896,36
32,0.9847976207733155,0.06664775582222811,0.1261280059814453,0.05189007617437362,gini,4,6,"{'criterion': 'gini', 'max_depth': 4, 'min_samples_leaf': 6}",0.9422222222222222,0.9688888888888889,0.96,0.9666666666666667,0.9577777777777777,0.9591111111111111,0.009386094258641299,22,0.9502262443438914,0.9817351598173516,0.9641255605381166,0.9906542056074766,0.9681818181818181,0.9709845976977307,0.014059013186889091,46,0.9344978165938864,0.9567099567099567,0.9559471365638766,0.9449152542372882,0.9478260869565217,0.9479792502123059,0.008134777582520226,11,0.9333333333333333,0.9555555555555556,0.9555555555555556,0.9422222222222222,0.9466666666666667,0.9466666666666667,0.008432740427115698,11,0.9511111111111111,0.9822222222222222,0.9644444444444444,0.9911111111111112,0.9688888888888889,0.9715555555555555,0.013941677458985006,46,0.9377738825591586,0.9617058311575283,0.9576345984112974,0.9538066723695466,0.9519650655021834,0.9525772099999429,0.008123222312672528,10,0.9422222222222223,0.9688888888888889,0.96,0.9666666666666667,0.9577777777777778,0.9591111111111111,0.009386094258641255,22,0.913255701115963,0.9485906685906687,0.9397356828193832,0.9409604519774011,0.9338937198067633,0.9352872448620358,0.011969008263448934,15,0.9422222222222222,0.9688888888888889,0.96,0.9666666666666666,0.9577777777777777,0.9591111111111109,0.009386094258641281,24
68,0.9278709888458252,0.182665351508046,0.1019136905670166,0.02018117117520526,entropy,4,6,"{'criterion': 'entropy', 'max_depth': 4, 'min_samples_leaf': 6}",0.9422222222222222,0.9688888888888889,0.9622222222222222,0.9666666666666667,0.96,0.96,0.009428090415820652,14,0.954337899543379,0.9817351598173516,0.9684684684684685,0.9906542056074766,0.9813953488372092,0.975318216454777,0.012652225168581601,24,0.9307359307359307,0.9567099567099567,0.956140350877193,0.9449152542372882,0.9404255319148936,0.9457854048950525,0.009823877153611929,28,0.9288888888888889,0.9555555555555556,0.9555555555555556,0.9422222222222222,0.9377777777777778,0.9440000000000002,0.010366136701947222,25,0.9555555555555556,0.9822222222222222,0.9688888888888889,0.9911111111111112,0.9822222222222222,0.976,0.012444444444444439,22,0.9355961705831157,0.9617058311575283,0.9586631486367634,0.9538066723695466,0.9484978540772532,0.9516539353648413,0.009193656674129665,19,0.9422222222222223,0.9688888888888889,0.9622222222222223,0.9666666666666667,0.96,0.9600000000000002,0.009428090415820616,14,0.9115921115921117,0.9485906685906687,0.9419493177387914,0.9409604519774011,0.932595744680851,0.9351376589159648,0.012822957623115317,16,0.9422222222222223,0.9688888888888889,0.9622222222222223,0.9666666666666666,0.96,0.96,0.009428090415820599,16
104,0.789927339553833,0.08217268724909,0.07858667373657227,0.008321813012554606,log_loss,4,6,"{'criterion': 'log_loss', 'max_depth': 4, 'min_samples_leaf': 6}",0.9377777777777778,0.9688888888888889,0.9644444444444444,0.9688888888888889,0.9577777777777777,0.9595555555555556,0.011623730516108455,18,0.9417040358744395,0.9817351598173516,0.9771689497716894,0.9906976744186047,0.9768518518518519,0.9736315343467874,0.01672824434387303,34,0.933920704845815,0.9567099567099567,0.9523809523809523,0.948936170212766,0.9401709401709402,0.946423744864086,0.008282877916508755,21,0.9333333333333333,0.9555555555555556,0.9511111111111111,0.9466666666666667,0.9377777777777778,0.9448888888888888,0.008243216440440628,20,0.9422222222222222,0.9822222222222222,0.9777777777777777,0.9911111111111112,0.9777777777777777,0.9742222222222221,0.01672434464197938,35,0.9355692850838482,0.9617058311575283,0.9573542210617929,0.9570815450643777,0.9474590869939707,0.9518339938723036,0.009371696060909259,15,0.9377777777777778,0.9688888888888889,0.9644444444444444,0.9688888888888889,0.9577777777777778,0.9595555555555556,0.011623730516108452,18,0.9088497307880568,0.9485906685906687,0.9423280423280422,0.9449456264775413,0.930389363722697,0.9350206863814012,0.014438936042801418,17,0.9377777777777777,0.9688888888888889,0.9644444444444445,0.9688888888888888,0.9577777777777778,0.9595555555555556,0.011623730516108485,18
97,0.6888102054595947,0.08966693276212705,0.06748747825622559,0.006622757691185456,log_loss,3,8,"{'criterion': 'log_loss', 'max_depth': 3, 'min_samples_leaf': 8}",0.9422222222222222,0.9622222222222222,0.9666666666666667,0.9711111111111111,0.9555555555555556,0.9595555555555555,0.010076252487781913,21,0.9502262443438914,0.9684684684684685,0.9861111111111112,0.9907407407407407,0.9723502304147466,0.9735793590157916,0.014314731974239053,35,0.9344978165938864,0.956140350877193,0.9487179487179487,0.9529914529914529,0.9399141630901288,0.9464523464541219,0.00809208160495586,20,0.9333333333333333,0.9555555555555556,0.9466666666666667,0.9511111111111111,0.9377777777777778,0.9448888888888888,0.008243216440440628,20,0.9511111111111111,0.9688888888888889,0.9866666666666667,0.9911111111111112,0.9733333333333334,0.9742222222222223,0.014166557733785988,34,0.9377738825591586,0.9586631486367634,0.9560723514211886,0.9603789836347976,0.9464131374243734,0.9518603007352564,0.00854033762871426,13,0.9422222222222223,0.9622222222222223,0.9666666666666667,0.9711111111111111,0.9555555555555556,0.9595555555555556,0.010076252487781883,18,0.913255701115963,0.9419493177387914,0.9427350427350427,0.9489648622981957,0.9281831187410586,0.9350176085258102,0.012825163826720639,18,0.9422222222222222,0.9622222222222223,0.9666666666666667,0.971111111111111,0.9555555555555556,0.9595555555555556,0.010076252487781896,18
66,0.7727988719940185,0.11648284235299053,0.07221183776855469,0.009714067993955447,entropy,4,4,"{'criterion': 'entropy', 'max_depth': 4, 'min_samples_leaf': 4}",0.94,0.9711111111111111,0.9688888888888889,0.9666666666666667,0.9577777777777777,0.9608888888888888,0.01138333197765843,7,0.9583333333333334,0.9862385321100917,0.9861751152073732,0.9906542056074766,0.9768518518518519,0.9796506076220254,0.011569860274675416,1,0.9230769230769231,0.9568965517241379,0.9527896995708155,0.9449152542372882,0.9401709401709402,0.9435698737560209,0.011797706212752938,36,0.92,0.9555555555555556,0.9511111111111111,0.9422222222222222,0.9377777777777778,0.9413333333333334,0.012380789579719215,36,0.96,0.9866666666666667,0.9866666666666667,0.9911111111111112,0.9777777777777777,0.9804444444444445,0.011102218663819404,1,0.9302325581395349,0.9627059843885516,0.9593777009507347,0.9538066723695466,0.9474590869939707,0.9507164005684677,0.011476200736055209,25,0.94,0.9711111111111111,0.9688888888888889,0.9666666666666667,0.9577777777777778,0.9608888888888888,0.011383331977658425,7,0.9061538461538462,0.9508045977011494,0.9467525035765381,0.9409604519774011,0.930389363722697,0.9350121526263264,0.015979934022094997,19,0.9400000000000001,0.9711111111111111,0.968888888888889,0.9666666666666666,0.9577777777777778,0.9608888888888888,0.011383331977658387,7
28,0.6607311248779297,0.09989770769865929,0.06814565658569335,0.0060986837834149195,gini,4,2,"{'criterion': 'gini', 'max_depth': 4, 'min_samples_leaf': 2}",0.94,0.9577777777777777,0.9577777777777777,0.9688888888888889,0.9622222222222222,0.9573333333333334,0.009573626323794694,33,0.95,0.9598214285714286,0.9439655172413793,0.9906976744186047,0.9814814814814815,0.9651932203425788,0.018033802143799977,60,0.9304347826086956,0.9557522123893806,0.9724770642201835,0.948936170212766,0.9444444444444444,0.9504089347750939,0.01380046294872359,6,0.9288888888888889,0.9555555555555556,0.9733333333333334,0.9466666666666667,0.9422222222222222,0.9493333333333334,0.014767331311854384,6,0.9511111111111111,0.96,0.9422222222222222,0.9911111111111112,0.9822222222222222,0.9653333333333333,0.018517925916444165,62,0.9344978165938864,0.9565987599645704,0.9662716499544212,0.9570815450643777,0.9517657192075797,0.9532430981569672,0.010481464899585617,7,0.94,0.9577777777777778,0.9577777777777778,0.9688888888888889,0.9622222222222222,0.9573333333333334,0.009573626323794698,33,0.9093913043478261,0.9375221238938053,0.945178389398573,0.9449456264775413,0.9365432098765432,0.9347161307988578,0.013165561794525918,20,0.94,0.9577777777777778,0.9577777777777778,0.9688888888888888,0.9622222222222222,0.9573333333333334,0.009573626323794672,33
65,0.9316362857818603,0.14123889368495873,0.08630704879760742,0.01685366365326857,entropy,4,3,"{'criterion': 'entropy', 'max_depth': 4, 'min_samples_leaf': 3}",0.9355555555555556,0.9688888888888889,0.9688888888888889,0.9688888888888889,0.9577777777777777,0.96,0.012957670877434,14,0.9495412844036697,0.9817351598173516,0.9861751152073732,0.9906976744186047,0.9768518518518519,0.9770002171397703,0.014479183484442305,7,0.9224137931034483,0.9567099567099567,0.9527896995708155,0.948936170212766,0.9401709401709402,0.9442041119535853,0.012194960544346512,35,0.92,0.9555555555555556,0.9511111111111111,0.9466666666666667,0.9377777777777778,0.9422222222222223,0.012570787221094174,34,0.9511111111111111,0.9822222222222222,0.9866666666666667,0.9911111111111112,0.9777777777777777,0.9777777777777776,0.014054567378526136,11,0.9280138768430182,0.9617058311575283,0.9593777009507347,0.9570815450643777,0.9474590869939707,0.950727608201926,0.012347589405300249,24,0.9355555555555556,0.9688888888888889,0.9688888888888889,0.9688888888888889,0.9577777777777778,0.9600000000000002,0.012957670877433998,14,0.9017624521072798,0.9485906685906687,0.9467525035765381,0.9449456264775413,0.930389363722697,0.9344881228949451,0.017586503717554283,21,0.9355555555555556,0.9688888888888889,0.968888888888889,0.9688888888888888,0.9577777777777778,0.9600000000000002,0.012957670877433996,14
58,0.6518839836120606,0.03764854484293287,0.06343488693237305,0.0038815693094336693,entropy,3,5,"{'criterion': 'entropy', 'max_depth': 3, 'min_samples_leaf': 5}",0.9377777777777778,0.9688888888888889,0.9666666666666667,0.9666666666666667,0.9577777777777777,0.9595555555555556,0.011538448876219697,18,0.9417040358744395,0.9817351598173516,0.981651376146789,0.9906542056074766,0.9813084112149533,0.9754106377322019,0.017217615967284862,22,0.933920704845815,0.9567099567099567,0.9525862068965517,0.9449152542372882,0.9364406779661016,0.9449145601311425,0.008839197678615634,32,0.9333333333333333,0.9555555555555556,0.9511111111111111,0.9422222222222222,0.9333333333333333,0.9431111111111111,0.009064923579720517,31,0.9422222222222222,0.9822222222222222,0.9822222222222222,0.9911111111111112,0.9822222222222222,0.976,0.017236195048591415,22,0.9355692850838482,0.9617058311575283,0.95836947094536,0.9538066723695466,0.9452523524379812,0.9509407223988529,0.009464947741310846,23,0.9377777777777778,0.9688888888888889,0.9666666666666667,0.9666666666666667,0.9577777777777778,0.9595555555555556,0.011538448876219694,18,0.9088497307880568,0.9485906685906687,0.9445402298850574,0.9409604519774011,0.9286817325800376,0.9343245627642442,0.014371675285269093,22,0.9377777777777777,0.9688888888888889,0.9666666666666666,0.9666666666666666,0.9577777777777777,0.9595555555555555,0.011538448876219711,20
33,1.0461191654205322,0.060227329724837235,0.11440367698669433,0.029210758268697526,gini,4,7,"{'criterion': 'gini', 'max_depth': 4, 'min_samples_leaf': 7}",0.9377777777777778,0.9688888888888889,0.9666666666666667,0.9644444444444444,0.9555555555555556,0.9586666666666668,0.011383331977658383,25,0.9457013574660633,0.9817351598173516,0.9772727272727273,0.9815668202764977,0.9723502304147466,0.9717252590494774,0.013457064221340945,42,0.9301310043668122,0.9567099567099567,0.9565217391304348,0.9484978540772532,0.9399141630901288,0.946354943474917,0.010196881395770718,22,0.9288888888888889,0.9555555555555556,0.9555555555555556,0.9466666666666667,0.9377777777777778,0.944888888888889,0.010366136701947217,18,0.9466666666666667,0.9822222222222222,0.9777777777777777,0.9822222222222222,0.9733333333333334,0.9724444444444444,0.01330367070852957,41,0.9333917616126205,0.9617058311575283,0.9606986899563319,0.9550561797752809,0.9464131374243734,0.951453119985227,0.010537502368221447,21,0.9377777777777778,0.9688888888888889,0.9666666666666667,0.9644444444444444,0.9555555555555556,0.9586666666666668,0.011383331977658383,25,0.9071906841339155,0.9485906685906687,0.9463768115942028,0.9405245588936575,0.9281831187410586,0.9341731683907006,0.015238559854844224,23,0.9377777777777778,0.9688888888888889,0.9666666666666668,0.9644444444444443,0.9555555555555556,0.9586666666666666,0.011383331977658387,26
63,0.8648017883300781,0.15795116731746664,0.0758434772491455,0.013413395365107047,entropy,4,1,"{'criterion': 'entropy', 'max_depth': 4, 'min_samples_leaf': 1}",0.94,0.9688888888888889,0.9711111111111111,0.9622222222222222,0.9577777777777777,0.96,0.01106657742043446,14,0.95,0.9817351598173516,0.9862385321100917,0.9905660377358491,0.9813084112149533,0.9779696281756491,0.014385208424611802,5,0.9304347826086956,0.9567099567099567,0.9568965517241379,0.9369747899159664,0.9364406779661016,0.9434913517849715,0.011109297728654289,37,0.9288888888888889,0.9555555555555556,0.9555555555555556,0.9333333333333333,0.9333333333333333,0.9413333333333334,0.011725249740687062,36,0.9511111111111111,0.9822222222222222,0.9866666666666667,0.9911111111111112,0.9822222222222222,0.9786666666666667,0.014166557733785985,4,0.9344978165938864,0.9617058311575283,0.9627059843885516,0.9473237043330501,0.9452523524379812,0.9502971377821995,0.010658775485856573,29,0.94,0.9688888888888889,0.9711111111111111,0.9622222222222223,0.9577777777777778,0.9600000000000002,0.011066577420434461,14,0.9093913043478261,0.9485906685906687,0.9508045977011494,0.9330905695611578,0.9286817325800376,0.9341117745561679,0.01503275476975406,24,0.94,0.9688888888888889,0.9711111111111111,0.9622222222222223,0.9577777777777777,0.96,0.011066577420434464,16
56,0.6782622814178467,0.039884877242569845,0.067486572265625,0.01237308362483131,entropy,3,3,"{'criterion': 'entropy', 'max_depth': 3, 'min_samples_leaf': 3}",0.9422222222222222,0.9711111111111111,0.96,0.9622222222222222,0.9577777777777777,0.9586666666666666,0.0093860942586413,27,0.954337899543379,0.9862385321100917,0.96,0.9905660377358491,0.9813084112149533,0.9744901761208545,0.014553521774341441,29,0.9307359307359307,0.9568965517241379,0.96,0.9369747899159664,0.9364406779661016,0.9442095900684272,0.011870415882928967,34,0.9288888888888889,0.9555555555555556,0.96,0.9333333333333333,0.9333333333333333,0.9422222222222223,0.01288122377439061,34,0.9555555555555556,0.9866666666666667,0.96,0.9911111111111112,0.9822222222222222,0.9751111111111112,0.014497339049155648,28,0.9355961705831157,0.9627059843885516,0.96,0.9473237043330501,0.9452523524379812,0.9501756423485397,0.009984596194637934,32,0.9422222222222223,0.9711111111111111,0.96,0.9622222222222223,0.9577777777777778,0.9586666666666666,0.009386094258641266,27,0.9115921115921117,0.9508045977011494,0.9416,0.9330905695611578,0.9286817325800376,0.9331538022868913,0.013174207725877294,25,0.9422222222222223,0.9711111111111111,0.96,0.9622222222222223,0.9577777777777777,0.9586666666666666,0.00938609425864127,26
99,1.0943450450897216,0.31527098253550034,0.09729132652282715,0.03059372484856664,log_loss,4,1,"{'criterion': 'log_loss', 'max_depth': 4, 'min_samples_leaf': 1}",0.9333333333333333,0.9688888888888889,0.9644444444444444,0.9688888888888889,0.96,0.9591111111111111,0.013303670708529568,22,0.9577464788732394,0.9773755656108597,0.9771689497716894,0.9906976744186047,0.9813953488372092,0.9768768035023203,0.010749299124367905,10,0.9113924050632911,0.9606986899563319,0.9523809523809523,0.948936170212766,0.9404255319148936,0.9427667499056469,0.01698163670622303,40,0.9066666666666666,0.96,0.9511111111111111,0.9466666666666667,0.9377777777777778,0.9404444444444444,0.018346459947155825,41,0.96,0.9777777777777777,0.9777777777777777,0.9911111111111112,0.9822222222222222,0.9777777777777779,0.01013489266754792,6,0.9207161125319693,0.9640666082383874,0.9573542210617929,0.9570815450643777,0.9484978540772532,0.9495432681947561,0.01523720317617839,37,0.9333333333333333,0.9688888888888889,0.9644444444444444,0.9688888888888889,0.96,0.9591111111111111,0.013303670708529568,22,0.8949367088607595,0.9504609412906355,0.9423280423280422,0.9449456264775413,0.932595744680851,0.933053412727566,0.01991762097483542,26,0.9333333333333332,0.9688888888888889,0.9644444444444445,0.9688888888888888,0.96,0.9591111111111111,0.013303670708529605,22
100,1.0755264282226562,0.1470020513498992,0.0727088451385498,0.01409314436859245,log_loss,4,2,"{'criterion': 'log_loss', 'max_depth': 4, 'min_samples_leaf': 2}",0.9333333333333333,0.9711111111111111,0.9666666666666667,0.9666666666666667,0.96,0.9595555555555556,0.013582850479943225,18,0.9493087557603687,0.9862385321100917,0.9861111111111112,0.9906542056074766,0.9813953488372092,0.9787415906852515,0.015005056216918044,2,0.9184549356223176,0.9568965517241379,0.9487179487179487,0.9449152542372882,0.9404255319148936,0.9418820444433171,0.012902063666316297,44,0.9155555555555556,0.9555555555555556,0.9466666666666667,0.9422222222222222,0.9377777777777778,0.9395555555555555,0.013362930114109254,45,0.9511111111111111,0.9866666666666667,0.9866666666666667,0.9911111111111112,0.9822222222222222,0.9795555555555555,0.014497339049155643,2,0.9248055315471045,0.9627059843885516,0.9560723514211886,0.9538066723695466,0.9484978540772532,0.9491776787607289,0.013011094246741784,40,0.9333333333333333,0.9711111111111111,0.9666666666666667,0.9666666666666667,0.96,0.9595555555555556,0.013582850479943225,18,0.897997138769671,0.9508045977011494,0.9427350427350427,0.9409604519774011,0.932595744680851,0.933018595172823,0.01844183038533789,27,0.9333333333333332,0.9711111111111111,0.9666666666666667,0.9666666666666666,0.96,0.9595555555555555,0.013582850479943254,20
54,0.6725153446197509,0.0906419983435654,0.06756243705749512,0.007829579261955277,entropy,3,1,"{'criterion': 'entropy', 'max_depth': 3, 'min_samples_leaf': 1}",0.9333333333333333,0.9688888888888889,0.9644444444444444,0.9688888888888889,0.9577777777777777,0.9586666666666666,0.01330367070852957,27,0.9493087557603687,0.9817351598173516,0.9728506787330317,0.9906976744186047,0.9813084112149533,0.9751801359888619,0.014114338663864828,25,0.9184549356223176,0.9567099567099567,0.9563318777292577,0.948936170212766,0.9364406779661016,0.9433747236480798,0.014461831110606288,38,0.9155555555555556,0.9555555555555556,0.9555555555555556,0.9466666666666667,0.9333333333333333,0.9413333333333334,0.015241269510650895,36,0.9511111111111111,0.9822222222222222,0.9733333333333334,0.9911111111111112,0.9822222222222222,0.976,0.013655370218433084,22,0.9248055315471045,0.9617058311575283,0.9596844872918493,0.9570815450643777,0.9452523524379812,0.9497059494997682,0.013695496538694878,35,0.9333333333333333,0.9688888888888889,0.9644444444444444,0.9688888888888889,0.9577777777777778,0.9586666666666666,0.013303670708529568,27,0.897997138769671,0.9485906685906687,0.9441630276564774,0.9449456264775413,0.9286817325800376,0.9328756388148791,0.018730459283223304,28,0.9333333333333332,0.9688888888888889,0.9644444444444445,0.9688888888888888,0.9577777777777777,0.9586666666666666,0.013303670708529605,26
62,0.6611216545104981,0.06859574407337624,0.07214102745056153,0.015249145679655676,entropy,3,9,"{'criterion': 'entropy', 'max_depth': 3, 'min_samples_leaf': 9}",0.9422222222222222,0.9711111111111111,0.9666666666666667,0.96,0.9555555555555556,0.9591111111111111,0.009997530559290679,22,0.9502262443438914,0.9862385321100917,0.981651376146789,0.990521327014218,0.9767441860465116,0.9770763331323004,0.014189308360944944,6,0.9344978165938864,0.9568965517241379,0.9525862068965517,0.9330543933054394,0.9361702127659575,0.9426410362571946,0.01002211002232827,41,0.9333333333333333,0.9555555555555556,0.9511111111111111,0.9288888888888889,0.9333333333333333,0.9404444444444444,0.010740485309861858,41,0.9511111111111111,0.9866666666666667,0.9822222222222222,0.9911111111111112,0.9777777777777777,0.9777777777777776,0.014054567378526136,11,0.9377738825591586,0.9627059843885516,0.95836947094536,0.9441151566469094,0.944206008583691,0.9494341006247341,0.009461168407470966,38,0.9422222222222223,0.9711111111111111,0.9666666666666667,0.96,0.9555555555555555,0.9591111111111111,0.00999753055929065,22,0.913255701115963,0.9508045977011494,0.9445402298850574,0.9292050209205021,0.9264775413711583,0.9328566181987661,0.01339297938918809,29,0.9422222222222222,0.9711111111111111,0.9666666666666666,0.96,0.9555555555555556,0.9591111111111111,0.009997530559290663,22
19,0.7039372444152832,0.1326100506806146,0.10152711868286132,0.025076848899616314,gini,3,2,"{'criterion': 'gini', 'max_depth': 3, 'min_samples_leaf': 2}",0.9422222222222222,0.9577777777777777,0.9533333333333334,0.9644444444444444,0.9555555555555556,0.9546666666666667,0.007248669524577826,45,0.9422222222222222,0.9598214285714286,0.9396551724137931,0.9815668202764977,0.9680365296803652,0.9582604346328614,0.01577704907638331,82,0.9422222222222222,0.9557522123893806,0.9678899082568807,0.9484978540772532,0.9437229437229437,0.9516170281337362,0.0094044092842106,5,0.9422222222222222,0.9555555555555556,0.9688888888888889,0.9466666666666667,0.9422222222222222,0.9511111111111111,0.01013489266754792,3,0.9422222222222222,0.96,0.9377777777777778,0.9822222222222222,0.9688888888888889,0.9582222222222221,0.016534289100211798,83,0.9422222222222222,0.9565987599645704,0.9617137648131268,0.9550561797752809,0.9486510008703221,0.9528483855291044,0.00675378409911853,9,0.9422222222222222,0.9577777777777778,0.9533333333333334,0.9644444444444444,0.9555555555555555,0.9546666666666667,0.007248669524577832,45,0.9166716049382715,0.9375221238938053,0.9387767584097859,0.9405245588936575,0.9299182299182299,0.93268265521075,0.00878691962330975,30,0.9422222222222222,0.9577777777777778,0.9533333333333334,0.9644444444444443,0.9555555555555555,0.9546666666666667,0.007248669524577802,45
106,0.7963167190551758,0.09125862088472078,0.07401785850524903,0.006058494803913285,log_loss,4,8,"{'criterion': 'log_loss', 'max_depth': 4, 'min_samples_leaf': 8}",0.9377777777777778,0.9688888888888889,0.9644444444444444,0.9666666666666667,0.9555555555555556,0.9586666666666668,0.011383331977658383,25,0.9539170506912442,0.9817351598173516,0.9771689497716894,0.9906542056074766,0.9767441860465116,0.9760439103868546,0.012142529111515676,20,0.9227467811158798,0.9567099567099567,0.9523809523809523,0.9449152542372882,0.9361702127659575,0.9425846314420069,0.012129382449173241,42,0.92,0.9555555555555556,0.9511111111111111,0.9422222222222222,0.9333333333333333,0.9404444444444444,0.012757955639473175,41,0.9555555555555556,0.9822222222222222,0.9777777777777777,0.9911111111111112,0.9777777777777777,0.9768888888888888,0.011725249740687034,14,0.9291270527225584,0.9617058311575283,0.9573542210617929,0.9538066723695466,0.944206008583691,0.9492399571790233,0.011592788656521599,39,0.9377777777777778,0.9688888888888889,0.9644444444444444,0.9666666666666667,0.9555555555555555,0.9586666666666668,0.011383331977658388,25,0.9039580352885075,0.9485906685906687,0.9423280423280422,0.9409604519774011,0.9264775413711583,0.9324629479111554,0.015987408624290458,31,0.9377777777777779,0.9688888888888889,0.9644444444444445,0.9666666666666666,0.9555555555555556,0.9586666666666668,0.011383331977658338,25
91,0.6374870300292969,0.017216335781758428,0.0670708179473877,0.010645911455550284,log_loss,3,2,"{'criterion': 'log_loss', 'max_depth': 3, 'min_samples_leaf': 2}",0.9377777777777778,0.9666666666666667,0.96,0.9666666666666667,0.9533333333333334,0.9568888888888889,0.010758860832809055,38,0.9457013574660633,0.9772727272727273,0.9641255605381166,0.9906542056074766,0.9636363636363636,0.9682780429041495,0.015033908512503366,53,0.9301310043668122,0.9565217391304348,0.9559471365638766,0.9449152542372882,0.9434782608695652,0.9461986790335954,0.009683140166032961,23,0.9288888888888889,0.9555555555555556,0.9555555555555556,0.9422222222222222,0.9422222222222222,0.944888888888889,0.009977753031397205,18,0.9466666666666667,0.9777777777777777,0.9644444444444444,0.9911111111111112,0.9644444444444444,0.9688888888888888,0.014873956027272471,54,0.9333917616126205,0.9606986899563319,0.9576345984112974,0.9538066723695466,0.9475982532751092,0.9506259951249811,0.009663150980840782,26,0.9377777777777778,0.9666666666666667,0.96,0.9666666666666667,0.9533333333333334,0.9568888888888889,0.010758860832809055,38,0.9071906841339155,0.9463768115942028,0.9397356828193832,0.9409604519774011,0.9277101449275362,0.9323947550904877,0.013999636083235767,32,0.9377777777777778,0.9666666666666668,0.96,0.9666666666666666,0.9533333333333333,0.9568888888888889,0.010758860832809062,38
64,0.8657796859741211,0.1315182616248199,0.09779019355773926,0.05166355486636151,entropy,4,2,"{'criterion': 'entropy', 'max_depth': 4, 'min_samples_leaf': 2}",0.9355555555555556,0.9688888888888889,0.9644444444444444,0.9666666666666667,0.9577777777777777,0.9586666666666666,0.01213911136333125,27,0.9579439252336449,0.9817351598173516,0.9728506787330317,0.9906542056074766,0.9813084112149533,0.9768984761212917,0.01102470673942789,9,0.9152542372881356,0.9567099567099567,0.9563318777292577,0.9449152542372882,0.9364406779661016,0.9419304007861481,0.015339504015360593,43,0.9111111111111111,0.9555555555555556,0.9555555555555556,0.9422222222222222,0.9333333333333333,0.9395555555555555,0.016534289100211822,45,0.96,0.9822222222222222,0.9733333333333334,0.9911111111111112,0.9822222222222222,0.9777777777777779,0.010517475169954894,6,0.9238665526090676,0.9617058311575283,0.9596844872918493,0.9538066723695466,0.9452523524379812,0.9488631791731945,0.01374293966857239,43,0.9355555555555555,0.9688888888888889,0.9644444444444444,0.9666666666666667,0.9577777777777778,0.9586666666666666,0.012139111363331291,27,0.8986440677966102,0.9485906685906687,0.9441630276564774,0.9409604519774011,0.9286817325800376,0.9322079897202389,0.018038248467663588,33,0.9355555555555555,0.9688888888888889,0.9644444444444445,0.9666666666666666,0.9577777777777777,0.9586666666666666,0.012139111363331288,26
26,0.5476269721984863,0.024367361388578042,0.06157021522521973,0.006898048896668422,gini,3,9,"{'criterion': 'gini', 'max_depth': 3, 'min_samples_leaf': 9}",0.9355555555555556,0.9666666666666667,0.9511111111111111,0.9688888888888889,0.9555555555555556,0.9555555555555555,0.01200822763209448,44,0.9414414414414415,0.9772727272727273,0.9393939393939394,0.9861751152073732,0.9723502304147466,0.9633266907460456,0.019233862990712853,66,0.9298245614035088,0.9565217391304348,0.9634703196347032,0.9527896995708155,0.9399141630901288,0.9485040965659183,0.01207765547906334,9,0.9288888888888889,0.9555555555555556,0.9644444444444444,0.9511111111111111,0.9377777777777778,0.9475555555555555,0.012695872761853959,8,0.9422222222222222,0.9777777777777777,0.9377777777777778,0.9866666666666667,0.9733333333333334,0.9635555555555555,0.01975654290746033,66,0.9322779243623571,0.9606986899563319,0.9582198001816531,0.9593777009507347,0.9464131374243734,0.9513974505750902,0.010836434509773965,22,0.9355555555555555,0.9666666666666667,0.9511111111111111,0.9688888888888889,0.9555555555555556,0.9555555555555555,0.012008227632094519,44,0.9049902534113061,0.9463768115942028,0.9346321664129884,0.9467525035765381,0.9281831187410586,0.9321869707472187,0.015330868053997323,34,0.9355555555555555,0.9666666666666668,0.9511111111111111,0.968888888888889,0.9555555555555556,0.9555555555555555,0.012008227632094564,44
90,0.6546220302581787,0.0380710474646341,0.06315631866455078,0.0030019097910452455,log_loss,3,1,"{'criterion': 'log_loss', 'max_depth': 3, 'min_samples_leaf': 1}",0.9422222222222222,0.9666666666666667,0.9533333333333334,0.9666666666666667,0.9577777777777777,0.9573333333333333,0.009151671236432901,34,0.954337899543379,0.981651376146789,0.9473684210526315,0.9906542056074766,0.9813084112149533,0.9710640627130459,0.016982694419167707,45,0.9307359307359307,0.9525862068965517,0.9594594594594594,0.9449152542372882,0.9364406779661016,0.9448275058590664,0.010423152875096844,33,0.9288888888888889,0.9511111111111111,0.96,0.9422222222222222,0.9333333333333333,0.9431111111111111,0.011383331977658392,31,0.9555555555555556,0.9822222222222222,0.9466666666666667,0.9911111111111112,0.9822222222222222,0.9715555555555555,0.017236195048591398,46,0.9355961705831157,0.95836947094536,0.9568733153638814,0.9538066723695466,0.9452523524379812,0.949979596339977,0.008506346339325652,34,0.9422222222222223,0.9666666666666667,0.9533333333333334,0.9666666666666667,0.9577777777777778,0.9573333333333334,0.009151671236432866,33,0.9115921115921117,0.9445402298850574,0.934954954954955,0.9409604519774011,0.9286817325800376,0.9321458961979125,0.011607456253904963,35,0.9422222222222223,0.9666666666666666,0.9533333333333334,0.9666666666666666,0.9577777777777777,0.9573333333333333,0.00915167123643282,36
57,0.7841604709625244,0.0934934163652325,0.07348513603210449,0.015881573891146188,entropy,3,4,"{'criterion': 'entropy', 'max_depth': 3, 'min_samples_leaf': 4}",0.9377777777777778,0.9666666666666667,0.9622222222222222,0.9666666666666667,0.9577777777777777,0.9582222222222223,0.010740485309861826,30,0.9497716894977168,0.9861111111111112,0.9770642201834863,0.9906542056074766,0.9768518518518519,0.9760906156503285,0.014189585912827991,19,0.9264069264069265,0.9487179487179487,0.9482758620689655,0.9449152542372882,0.9401709401709402,0.9416973863204138,0.008234652581567964,46,0.9244444444444444,0.9466666666666667,0.9466666666666667,0.9422222222222222,0.9377777777777778,0.9395555555555555,0.008243216440440633,45,0.9511111111111111,0.9866666666666667,0.9777777777777777,0.9911111111111112,0.9777777777777777,0.9768888888888888,0.01388488831272295,14,0.9312445604873804,0.9560723514211886,0.9540329575021682,0.9538066723695466,0.9474590869939707,0.948523125754851,0.009109839900476797,44,0.9377777777777778,0.9666666666666667,0.9622222222222222,0.9666666666666667,0.9577777777777778,0.9582222222222223,0.010740485309861825,30,0.9055603655603657,0.9427350427350427,0.9383141762452107,0.9409604519774011,0.930389363722697,0.9315918800481434,0.013683678400648217,36,0.9377777777777777,0.9666666666666667,0.9622222222222222,0.9666666666666666,0.9577777777777778,0.9582222222222221,0.01074048530986185,30
35,1.170767068862915,0.0928076849050652,0.14502148628234862,0.027266090633187686,gini,4,9,"{'criterion': 'gini', 'max_depth': 4, 'min_samples_leaf': 9}",0.9355555555555556,0.9577777777777777,0.9622222222222222,0.9688888888888889,0.9555555555555556,0.9560000000000001,0.011190825166234809,42,0.9454545454545454,0.9598214285714286,0.9642857142857143,0.9906976744186047,0.9723502304147466,0.9665219186290079,0.014914206486560035,57,0.9260869565217391,0.9557522123893806,0.9601769911504425,0.948936170212766,0.9399141630901288,0.9461732986728913,0.012150147072329438,24,0.9244444444444444,0.9555555555555556,0.96,0.9466666666666667,0.9377777777777778,0.9448888888888888,0.012757955639473184,20,0.9466666666666667,0.96,0.9644444444444444,0.9911111111111112,0.9733333333333334,0.9671111111111111,0.014767331311854384,56,0.9301310043668122,0.9565987599645704,0.9610274579273693,0.9570815450643777,0.9464131374243734,0.9502503809495007,0.011159084724272274,30,0.9355555555555555,0.9577777777777778,0.9622222222222222,0.9688888888888889,0.9555555555555556,0.9560000000000001,0.011190825166234852,42,0.9033623188405797,0.9375221238938053,0.9438151425762046,0.9449456264775413,0.9281831187410586,0.9315656661058378,0.015306357021616738,37,0.9355555555555556,0.9577777777777778,0.9622222222222222,0.9688888888888888,0.9555555555555556,0.9560000000000001,0.011190825166234788,42
55,0.6698220729827881,0.07871114160557721,0.07072978019714356,0.013597670399354453,entropy,3,2,"{'criterion': 'entropy', 'max_depth': 3, 'min_samples_leaf': 2}",0.9333333333333333,0.9666666666666667,0.9644444444444444,0.9688888888888889,0.9555555555555556,0.9577777777777777,0.013033669598769046,31,0.9577464788732394,0.9772727272727273,0.9728506787330317,0.9906976744186047,0.9767441860465116,0.9750623490688228,0.010553753763679176,27,0.9113924050632911,0.9565217391304348,0.9563318777292577,0.948936170212766,0.9361702127659575,0.9418704809803413,0.016941791492996492,45,0.9066666666666666,0.9555555555555556,0.9555555555555556,0.9466666666666667,0.9333333333333333,0.9395555555555555,0.018346459947155846,45,0.96,0.9777777777777777,0.9733333333333334,0.9911111111111112,0.9777777777777777,0.976,0.009977753031397201,22,0.9207161125319693,0.9606986899563319,0.9596844872918493,0.9570815450643777,0.944206008583691,0.9484773686856439,0.015085913380115765,45,0.9333333333333333,0.9666666666666667,0.9644444444444444,0.9688888888888889,0.9555555555555555,0.9577777777777777,0.01303366959876905,31,0.8949367088607595,0.9463768115942028,0.9441630276564774,0.9449456264775413,0.9264775413711583,0.931379943192028,0.01961878663647305,38,0.9333333333333332,0.9666666666666668,0.9644444444444445,0.9688888888888888,0.9555555555555556,0.9577777777777777,0.013033669598769096,31
98,0.7286273002624511,0.07395295853618511,0.08987932205200196,0.03549777749436764,log_loss,3,9,"{'criterion': 'log_loss', 'max_depth': 3, 'min_samples_leaf': 9}",0.94,0.9577777777777777,0.9666666666666667,0.9644444444444444,0.9555555555555556,0.9568888888888889,0.009386094258641295,38,0.9541284403669725,0.9598214285714286,0.9772727272727273,0.9906103286384976,0.9767441860465116,0.9717154221792275,0.013145026506223994,43,0.9267241379310345,0.9557522123893806,0.9565217391304348,0.9409282700421941,0.9361702127659575,0.9432193144518003,0.011498326839674652,39,0.9244444444444444,0.9555555555555556,0.9555555555555556,0.9377777777777778,0.9333333333333333,0.9413333333333334,0.012380789579719246,36,0.9555555555555556,0.96,0.9777777777777777,0.9911111111111112,0.9777777777777777,0.9724444444444444,0.013003323411846932,41,0.9323503902862099,0.9565987599645704,0.9606986899563319,0.9505541346973572,0.944206008583691,0.9488815966976322,0.009971334865124012,42,0.94,0.9577777777777778,0.9666666666666667,0.9644444444444444,0.9555555555555555,0.9568888888888889,0.0093860942586413,38,0.9077586206896553,0.9375221238938053,0.9463768115942028,0.9370089076418191,0.9264775413711583,0.9310288010381281,0.013234059110761035,39,0.9400000000000001,0.9577777777777778,0.9666666666666668,0.9644444444444445,0.9555555555555556,0.9568888888888889,0.009386094258641299,38
61,0.6511741638183594,0.05027627188348206,0.06567401885986328,0.0019126419431295975,entropy,3,8,"{'criterion': 'entropy', 'max_depth': 3, 'min_samples_leaf': 8}",0.9266666666666666,0.9688888888888889,0.9666666666666667,0.9711111111111111,0.9555555555555556,0.9577777777777777,0.016450449354063795,31,0.9528301886792453,0.9817351598173516,0.9772727272727273,0.9907407407407407,0.9812206572769953,0.976759894757412,0.012751545390724577,11,0.9033613445378151,0.9567099567099567,0.9565217391304348,0.9529914529914529,0.9324894514767933,0.9404147889692906,0.02058595410333369,53,0.8977777777777778,0.9555555555555556,0.9555555555555556,0.9511111111111111,0.9288888888888889,0.9377777777777778,0.022310934040908698,53,0.9555555555555556,0.9822222222222222,0.9777777777777777,0.9911111111111112,0.9822222222222222,0.9777777777777779,0.011925695879998874,6,0.913338997451147,0.9617058311575283,0.9606986899563319,0.9603789836347976,0.9420289855072463,0.9476302975414101,0.018647790659384482,49,0.9266666666666667,0.9688888888888889,0.9666666666666667,0.9711111111111111,0.9555555555555555,0.9577777777777777,0.016450449354063756,31,0.8854341736694678,0.9485906685906687,0.9463768115942028,0.9489648622981957,0.9248007501172057,0.9308334532539482,0.024426013890374857,40,0.9266666666666667,0.9688888888888889,0.9666666666666668,0.971111111111111,0.9555555555555555,0.9577777777777777,0.01645044935406375,31
25,0.5588933944702148,0.04027299410990368,0.06179370880126953,0.002861759017990055,gini,3,8,"{'criterion': 'gini', 'max_depth': 3, 'min_samples_leaf': 8}",0.9377777777777778,0.9688888888888889,0.9488888888888889,0.9644444444444444,0.9511111111111111,0.9542222222222223,0.011208462411483095,47,0.9457013574660633,0.9773755656108597,0.9279661016949152,0.9906103286384976,0.967741935483871,0.9618790577788413,0.022413422732564674,71,0.9301310043668122,0.9606986899563319,0.9719626168224299,0.9409282700421941,0.9356223175965666,0.9478685797568669,0.015861240597124803,13,0.9288888888888889,0.96,0.9733333333333334,0.9377777777777778,0.9333333333333333,0.9466666666666667,0.01709811916593009,11,0.9466666666666667,0.9777777777777777,0.9244444444444444,0.9911111111111112,0.9688888888888889,0.9617777777777778,0.023618364898820333,73,0.9333917616126205,0.9640666082383874,0.9620721554116559,0.9505541346973572,0.9420916162489196,0.9504352552417881,0.011673408663600499,28,0.9377777777777778,0.9688888888888889,0.9488888888888889,0.9644444444444444,0.9511111111111111,0.9542222222222223,0.011208462411483095,47,0.9071906841339155,0.9504609412906355,0.9363032191069574,0.9370089076418191,0.92206962327134,0.9306066750889335,0.014756835487056983,41,0.9377777777777778,0.9688888888888889,0.948888888888889,0.9644444444444445,0.9511111111111111,0.9542222222222223,0.011208462411483103,47
60,0.6257896423339844,0.02494732769001463,0.06020474433898926,0.005047327124061184,entropy,3,7,"{'criterion': 'entropy', 'max_depth': 3, 'min_samples_leaf': 7}",0.9355555555555556,0.9688888888888889,0.96,0.9644444444444444,0.9577777777777777,0.9573333333333333,0.011538448876219696,34,0.9579439252336449,0.9817351598173516,0.9641255605381166,0.9906103286384976,0.9813084112149533,0.9751446770885128,0.012148244751980213,26,0.9152542372881356,0.9567099567099567,0.9559471365638766,0.9409282700421941,0.9364406779661016,0.9410560557140532,0.015191055133095713,48,0.9111111111111111,0.9555555555555556,0.9555555555555556,0.9377777777777778,0.9333333333333333,0.9386666666666666,0.016486432880881276,51,0.96,0.9822222222222222,0.9644444444444444,0.9911111111111112,0.9822222222222222,0.976,0.011792443699041446,22,0.9238665526090676,0.9617058311575283,0.9576345984112974,0.9505541346973572,0.9452523524379812,0.9478026938626464,0.013243693592458822,48,0.9355555555555555,0.9688888888888889,0.96,0.9644444444444444,0.9577777777777778,0.9573333333333334,0.011538448876219739,33,0.8986440677966102,0.9485906685906687,0.9397356828193832,0.9370089076418191,0.9286817325800376,0.9305322118857038,0.017164133131719456,42,0.9355555555555555,0.9688888888888889,0.96,0.9644444444444445,0.9577777777777777,0.9573333333333334,0.011538448876219753,33
20,0.7887061595916748,0.2305908114046681,0.08734636306762696,0.030601362871619665,gini,3,3,"{'criterion': 'gini', 'max_depth': 3, 'min_samples_leaf': 3}",0.9355555555555556,0.9688888888888889,0.94,0.9688888888888889,0.9577777777777777,0.9542222222222222,0.014096668024136637,48,0.9336283185840708,0.9817351598173516,0.9267241379310345,0.9906976744186047,0.9768518518518519,0.9619274285205828,0.02639288908573497,69,0.9375,0.9567099567099567,0.9541284403669725,0.948936170212766,0.9401709401709402,0.9474891014921271,0.007543694496311389,14,0.9377777777777778,0.9555555555555556,0.9555555555555556,0.9466666666666667,0.9377777777777778,0.9466666666666669,0.007950463919999253,10,0.9333333333333333,0.9822222222222222,0.9244444444444444,0.9911111111111112,0.9777777777777777,0.9617777777777776,0.027339655998630592,77,0.936663693131133,0.9617058311575283,0.9480401093892434,0.9570815450643777,0.9474590869939707,0.9501900531472506,0.008661970371738792,31,0.9355555555555556,0.9688888888888889,0.94,0.9688888888888889,0.9577777777777778,0.9542222222222222,0.014096668024136642,48,0.9083333333333333,0.9485906685906687,0.9198165137614679,0.9449456264775413,0.930389363722697,0.9304151011771417,0.015109087365167402,43,0.9355555555555557,0.9688888888888889,0.9400000000000001,0.9688888888888888,0.9577777777777778,0.9542222222222222,0.014096668024136567,48
94,0.8078227996826172,0.12369418305601883,0.09067611694335938,0.025135505211596302,log_loss,3,5,"{'criterion': 'log_loss', 'max_depth': 3, 'min_samples_leaf': 5}",0.9377777777777778,0.9688888888888889,0.9533333333333334,0.9666666666666667,0.9577777777777777,0.9568888888888889,0.011119996447286035,38,0.9497716894977168,0.9861751152073732,0.9636363636363636,0.9906542056074766,0.9768518518518519,0.9734178451601563,0.015009667024279999,36,0.9264069264069265,0.9527896995708155,0.9434782608695652,0.9449152542372882,0.9401709401709402,0.9415522162511071,0.008632362733381811,47,0.9244444444444444,0.9511111111111111,0.9422222222222222,0.9422222222222222,0.9377777777777778,0.9395555555555555,0.00870929686322909,45,0.9511111111111111,0.9866666666666667,0.9644444444444444,0.9911111111111112,0.9777777777777777,0.9742222222222221,0.014713729206441654,35,0.9312445604873804,0.9593777009507347,0.9475982532751092,0.9538066723695466,0.9474590869939707,0.9478972548153483,0.009426722448856423,47,0.9377777777777778,0.9688888888888889,0.9533333333333334,0.9666666666666667,0.9577777777777778,0.9568888888888889,0.011119996447286038,38,0.9055603655603657,0.9467525035765381,0.9277101449275362,0.9409604519774011,0.930389363722697,0.9302745659529077,0.014163980536718877,44,0.9377777777777777,0.968888888888889,0.9533333333333333,0.9666666666666666,0.9577777777777778,0.9568888888888889,0.011119996447286087,38
69,0.9723946571350097,0.11120526351679415,0.07089791297912598,0.01561949163671075,entropy,4,7,"{'criterion': 'entropy', 'max_depth': 4, 'min_samples_leaf': 7}",0.9288888888888889,0.9666666666666667,0.9644444444444444,0.9666666666666667,0.9577777777777777,0.9568888888888889,0.014374188114485542,38,0.9530516431924883,0.9772727272727273,0.9728506787330317,0.9906542056074766,0.9768518518518519,0.9741362213315151,0.012134810902988152,31,0.9071729957805907,0.9565217391304348,0.9563318777292577,0.9449152542372882,0.9401709401709402,0.9410225614097023,0.01809016907413988,49,0.9022222222222223,0.9555555555555556,0.9555555555555556,0.9422222222222222,0.9377777777777778,0.9386666666666666,0.01955555555555556,51,0.9555555555555556,0.9777777777777777,0.9733333333333334,0.9911111111111112,0.9777777777777777,0.9751111111111112,0.01145253220153344,28,0.9164535379369139,0.9606986899563319,0.9596844872918493,0.9538066723695466,0.9474590869939707,0.9476204949097224,0.0162865168092983,50,0.9288888888888889,0.9666666666666667,0.9644444444444444,0.9666666666666667,0.9577777777777778,0.9568888888888889,0.014374188114485544,38,0.8890764181903423,0.9463768115942028,0.9441630276564774,0.9409604519774011,0.930389363722697,0.9301932146282242,0.021277346219472828,45,0.928888888888889,0.9666666666666668,0.9644444444444445,0.9666666666666666,0.9577777777777778,0.9568888888888889,0.014374188114485513,38
24,0.6518494606018066,0.06473604134921356,0.07140154838562011,0.012203461819376937,gini,3,7,"{'criterion': 'gini', 'max_depth': 3, 'min_samples_leaf': 7}",0.9422222222222222,0.9577777777777777,0.9533333333333334,0.9644444444444444,0.9488888888888889,0.9533333333333334,0.0075686161626339595,50,0.9502262443438914,0.9598214285714286,0.9322033898305084,0.9815668202764977,0.9764150943396226,0.9600465954723898,0.01790408851420437,78,0.9344978165938864,0.9557522123893806,0.9766355140186916,0.9484978540772532,0.9243697478991597,0.9479506289956742,0.018005681893936948,12,0.9333333333333333,0.9555555555555556,0.9777777777777777,0.9466666666666667,0.92,0.9466666666666667,0.019676394329936564,11,0.9511111111111111,0.96,0.9288888888888889,0.9822222222222222,0.9777777777777777,0.96,0.019270651901047816,80,0.9377738825591586,0.9565987599645704,0.9666975023126735,0.9550561797752809,0.9345794392523364,0.950141152772804,0.012125074774161112,33,0.9422222222222223,0.9577777777777778,0.9533333333333334,0.9644444444444444,0.9488888888888889,0.9533333333333334,0.0075686161626339395,50,0.913255701115963,0.9375221238938053,0.9427414330218069,0.9405245588936575,0.9149393090569562,0.9297966251964379,0.012935856782410958,46,0.9422222222222222,0.9577777777777778,0.9533333333333333,0.9644444444444443,0.948888888888889,0.9533333333333334,0.0075686161626339265,50
59,0.6172553539276123,0.013938865786194164,0.06173295974731445,0.004069772734174967,entropy,3,6,"{'criterion': 'entropy', 'max_depth': 3, 'min_samples_leaf': 6}",0.9377777777777778,0.9666666666666667,0.9644444444444444,0.9622222222222222,0.9555555555555556,0.9573333333333333,0.010460979818613153,34,0.9539170506912442,0.9772727272727273,0.9815668202764977,0.9905660377358491,0.9812206572769953,0.9769086586506626,0.012292781523183013,8,0.9227467811158798,0.9565217391304348,0.9484978540772532,0.9369747899159664,0.9324894514767933,0.9394461231432654,0.011890174826180152,54,0.92,0.9555555555555556,0.9466666666666667,0.9333333333333333,0.9288888888888889,0.936888888888889,0.012695872761853957,56,0.9555555555555556,0.9777777777777777,0.9822222222222222,0.9911111111111112,0.9822222222222222,0.9777777777777779,0.011925695879998874,6,0.9291270527225584,0.9606986899563319,0.9550561797752809,0.9473237043330501,0.9420289855072463,0.9468469224588935,0.010924257314692,51,0.9377777777777778,0.9666666666666667,0.9644444444444444,0.9622222222222223,0.9555555555555555,0.9573333333333334,0.010460979818613169,33,0.9039580352885075,0.9463768115942028,0.9405245588936575,0.9330905695611578,0.9248007501172057,0.9297501450909463,0.014787980971795322,47,0.9377777777777779,0.9666666666666668,0.9644444444444443,0.9622222222222223,0.9555555555555555,0.9573333333333334,0.01046097981861313,33
22,0.7147725105285645,0.1601753489144662,0.07290816307067871,0.014823637225275476,gini,3,5,"{'criterion': 'gini', 'max_depth': 3, 'min_samples_leaf': 5}",0.9377777777777778,0.9577777777777777,0.9555555555555556,0.9688888888888889,0.9488888888888889,0.9537777777777778,0.010270417785147852,49,0.9417040358744395,0.9598214285714286,0.9515418502202643,0.9906976744186047,0.963302752293578,0.961413548275663,0.016429116120598716,74,0.933920704845815,0.9557522123893806,0.9596412556053812,0.948936170212766,0.9353448275862069,0.9467190341279099,0.010456267180034609,16,0.9333333333333333,0.9555555555555556,0.96,0.9466666666666667,0.9333333333333333,0.9457777777777778,0.011030821018658531,15,0.9422222222222222,0.96,0.9511111111111111,0.9911111111111112,0.9644444444444444,0.9617777777777776,0.016534289100211826,77,0.9355692850838482,0.9565987599645704,0.9579230080572964,0.9570815450643777,0.9410234171725932,0.9496392030685371,0.009430160872059282,36,0.9377777777777778,0.9577777777777778,0.9555555555555555,0.9688888888888889,0.9488888888888889,0.9537777777777776,0.010270417785147857,49,0.9088497307880568,0.9375221238938053,0.9371699053313403,0.9449456264775413,0.9198659003831418,0.9296706573747772,0.013272928622564496,48,0.9377777777777777,0.9577777777777778,0.9555555555555555,0.9688888888888888,0.9488888888888889,0.9537777777777776,0.010270417785147857,49
18,0.6000298500061035,0.027609190084829243,0.06635046005249023,0.006583157544584331,gini,3,1,"{'criterion': 'gini', 'max_depth': 3, 'min_samples_leaf': 1}",0.9444444444444444,0.9577777777777777,0.9377777777777778,0.9644444444444444,0.9555555555555556,0.952,0.009594236953299055,55,0.9464285714285714,0.9598214285714286,0.9227467811158798,0.9815668202764977,0.9638009049773756,0.9548729012739505,0.019596718027287945,85,0.9424778761061947,0.9557522123893806,0.9539170506912442,0.9484978540772532,0.9475982532751092,0.9496486493078363,0.004741754412101202,7,0.9422222222222222,0.9555555555555556,0.9555555555555556,0.9466666666666667,0.9466666666666667,0.9493333333333334,0.005333333333333368,6,0.9466666666666667,0.96,0.92,0.9822222222222222,0.9644444444444444,0.9546666666666667,0.020732273403894386,86,0.9433126660761736,0.9565987599645704,0.9469350411710887,0.9550561797752809,0.950920245398773,0.9505645784771772,0.004949264630855002,27,0.9444444444444444,0.9577777777777778,0.9377777777777778,0.9644444444444444,0.9555555555555555,0.952,0.00959423695329906,55,0.9188790560471976,0.9375221238938053,0.9176036866359447,0.9405245588936575,0.9316836487142164,0.9292426148369642,0.009430367742225113,49,0.9444444444444444,0.9577777777777778,0.9377777777777778,0.9644444444444443,0.9555555555555555,0.952,0.00959423695329903,55
23,0.6295900821685791,0.11678357941872382,0.07088112831115723,0.019982355105660758,gini,3,6,"{'criterion': 'gini', 'max_depth': 3, 'min_samples_leaf': 6}",0.9377777777777778,0.9555555555555556,0.9466666666666667,0.9666666666666667,0.9555555555555556,0.9524444444444444,0.009696632990787298,53,0.9417040358744395,0.9555555555555556,0.9427312775330396,0.9906542056074766,0.9638009049773756,0.9588891959095773,0.017892243776454885,81,0.933920704845815,0.9555555555555556,0.9506726457399103,0.9449152542372882,0.9475982532751092,0.9465324827307355,0.0072300073197250365,18,0.9333333333333333,0.9555555555555556,0.9511111111111111,0.9422222222222222,0.9466666666666667,0.9457777777777776,0.007646511348482348,17,0.9422222222222222,0.9555555555555556,0.9422222222222222,0.9911111111111112,0.9644444444444444,0.9591111111111111,0.01808621328833408,81,0.9355692850838482,0.9555555555555556,0.9489704565801254,0.9538066723695466,0.950920245398773,0.9489644429975698,0.007073123846959553,41,0.9377777777777778,0.9555555555555556,0.9466666666666667,0.9666666666666667,0.9555555555555555,0.9524444444444444,0.009696632990787291,53,0.9088497307880568,0.9353086419753087,0.9246337817638266,0.9409604519774011,0.9316836487142164,0.9282872510437619,0.01106897015195405,50,0.9377777777777777,0.9555555555555557,0.9466666666666667,0.9666666666666666,0.9555555555555555,0.9524444444444444,0.0096966329907873,53
21,0.6357101440429688,0.1344861194647099,0.0670130729675293,0.005838882149934543,gini,3,4,"{'criterion': 'gini', 'max_depth': 3, 'min_samples_leaf': 4}",0.9333333333333333,0.9533333333333334,0.96,0.9688888888888889,0.9488888888888889,0.952888888888889,0.01187590152523323,51,0.9411764705882353,0.9594594594594594,0.9559471365638766,0.9906976744186047,0.9590909090909091,0.961274330024217,0.016162284625398402,75,0.925764192139738,0.9473684210526315,0.9641255605381166,0.948936170212766,0.9391304347826087,0.9450649557451722,0.01258043658827108,30,0.9244444444444444,0.9466666666666667,0.9644444444444444,0.9466666666666667,0.9377777777777778,0.9440000000000002,0.013063945294843624,25,0.9422222222222222,0.96,0.9555555555555556,0.9911111111111112,0.96,0.9617777777777778,0.016049306742460284,73,0.9290096406660824,0.9498680738786279,0.9623992837958818,0.9570815450643777,0.9432314410480349,0.9483179968906009,0.011629022543655148,46,0.9333333333333333,0.9533333333333334,0.96,0.9688888888888889,0.9488888888888889,0.952888888888889,0.01187590152523323,51,0.9011644832605532,0.9294736842105262,0.9434977578475336,0.9449456264775413,0.9215652173913044,0.9281293538374917,0.01606844251312134,51,0.9333333333333332,0.9533333333333333,0.9600000000000001,0.9688888888888888,0.948888888888889,0.952888888888889,0.011875901525233242,51
93,0.7530641078948974,0.13181363070685723,0.07100706100463867,0.009056051906925395,log_loss,3,4,"{'criterion': 'log_loss', 'max_depth': 3, 'min_samples_leaf': 4}",0.9377777777777778,0.9688888888888889,0.9622222222222222,0.9644444444444444,0.9466666666666667,0.9559999999999998,0.011792443699041411,43,0.9497716894977168,0.9817351598173516,0.9814814814814815,0.9906103286384976,0.976303317535545,0.9759803953941185,0.013888230642641131,21,0.9264069264069265,0.9567099567099567,0.9444444444444444,0.9409282700421941,0.9205020920502092,0.9377983379307462,0.012965653934367452,57,0.9244444444444444,0.9555555555555556,0.9422222222222222,0.9377777777777778,0.9155555555555556,0.9351111111111111,0.013941677458985011,57,0.9511111111111111,0.9822222222222222,0.9822222222222222,0.9911111111111112,0.9777777777777777,0.9768888888888888,0.013597385369580764,14,0.9312445604873804,0.9617058311575283,0.9517657192075797,0.9505541346973572,0.9314140558848434,0.9453368602869376,0.012074193825816775,52,0.9377777777777778,0.9688888888888889,0.9622222222222222,0.9644444444444444,0.9466666666666667,0.9559999999999998,0.011792443699041411,43,0.9055603655603657,0.9485906685906687,0.9365432098765432,0.9370089076418191,0.91115760111576,0.9277721505570312,0.01652311412549828,52,0.9377777777777777,0.9688888888888889,0.9622222222222222,0.9644444444444445,0.9466666666666668,0.9560000000000001,0.011792443699041444,42
92,0.8547326564788819,0.15332460239565338,0.08646106719970703,0.015640324923910483,log_loss,3,3,"{'criterion': 'log_loss', 'max_depth': 3, 'min_samples_leaf': 3}",0.9266666666666666,0.9711111111111111,0.9666666666666667,0.9622222222222222,0.9466666666666667,0.9546666666666667,0.016245037228886296,45,0.9571428571428572,0.9862385321100917,0.9772727272727273,0.9905660377358491,0.971830985915493,0.9766102280354036,0.011745019827125443,12,0.9,0.9568965517241379,0.9565217391304348,0.9369747899159664,0.9240506329113924,0.9348887427363863,0.021407338819040937,60,0.8933333333333333,0.9555555555555556,0.9555555555555556,0.9333333333333333,0.92,0.9315555555555555,0.023450499481374103,61,0.96,0.9866666666666667,0.9777777777777777,0.9911111111111112,0.9733333333333334,0.9777777777777779,0.010886621079036372,6,0.9113924050632911,0.9627059843885516,0.9606986899563319,0.9473237043330501,0.9335038363171355,0.943124924011672,0.019023159665960847,54,0.9266666666666666,0.9711111111111111,0.9666666666666667,0.9622222222222223,0.9466666666666668,0.9546666666666667,0.016245037228886296,45,0.884,0.9508045977011494,0.9463768115942028,0.9330905695611578,0.9127426160337553,0.9254029189780532,0.02457126124340271,53,0.9266666666666666,0.9711111111111111,0.9666666666666668,0.9622222222222223,0.9466666666666668,0.9546666666666667,0.016245037228886313,45
49,0.6070087909698486,0.02525186095129732,0.06408638954162597,0.005157974869852379,entropy,2,5,"{'criterion': 'entropy', 'max_depth': 2, 'min_samples_leaf': 5}",0.9333333333333333,0.9666666666666667,0.9444444444444444,0.9622222222222222,0.9466666666666667,0.9506666666666665,0.012204026860218646,56,0.9411764705882353,0.981651376146789,0.9385964912280702,0.985981308411215,0.958904109589041,0.9612619511926701,0.01974580611068328,76,0.925764192139738,0.9525862068965517,0.9504504504504504,0.940677966101695,0.935064935064935,0.9409087501306741,0.009909269539605591,50,0.9244444444444444,0.9511111111111111,0.9511111111111111,0.9377777777777778,0.9333333333333333,0.9395555555555555,0.010366136701947217,45,0.9422222222222222,0.9822222222222222,0.9377777777777778,0.9866666666666667,0.96,0.9617777777777778,0.019995061118581323,73,0.9290096406660824,0.95836947094536,0.9478885893980233,0.9495295124037639,0.9399477806788512,0.9449489988184162,0.009887433345203688,53,0.9333333333333333,0.9666666666666667,0.9444444444444444,0.9622222222222223,0.9466666666666667,0.9506666666666665,0.012204026860218667,56,0.9011644832605532,0.9445402298850574,0.9224224224224224,0.9348022598870056,0.9176623376623376,0.9241183466234751,0.014850154022487638,54,0.9333333333333332,0.9666666666666666,0.9444444444444444,0.9622222222222223,0.9466666666666667,0.9506666666666665,0.012204026860218669,56
83,0.7077517986297608,0.047072557814165014,0.07068037986755371,0.010453284080247798,log_loss,2,3,"{'criterion': 'log_loss', 'max_depth': 2, 'min_samples_leaf': 3}",0.9355555555555556,0.9622222222222222,0.9533333333333334,0.9622222222222222,0.9511111111111111,0.9528888888888888,0.009777777777777759,52,0.9537037037037037,0.9770642201834863,0.9766355140186916,0.9905660377358491,0.967741935483871,0.9731422822251204,0.012150667485118175,37,0.9188034188034188,0.9482758620689655,0.9322033898305084,0.9369747899159664,0.9356223175965666,0.9343759556430852,0.009473528404749338,61,0.9155555555555556,0.9466666666666667,0.9288888888888889,0.9333333333333333,0.9333333333333333,0.9315555555555557,0.009977753031397172,60,0.9555555555555556,0.9777777777777777,0.9777777777777777,0.9911111111111112,0.9688888888888889,0.9742222222222221,0.011725249740687034,35,0.9259259259259259,0.9540329575021682,0.9409751924721984,0.9473237043330501,0.9420916162489196,0.9420698792964524,0.009301010265979546,56,0.9355555555555556,0.9622222222222222,0.9533333333333334,0.9622222222222223,0.9511111111111111,0.952888888888889,0.00977777777777778,51,0.9001899335232668,0.9383141762452107,0.9225988700564971,0.9330905695611578,0.92206962327134,0.9232526345314944,0.013094656206767835,55,0.9355555555555556,0.9622222222222222,0.9533333333333334,0.9622222222222223,0.9511111111111111,0.952888888888889,0.00977777777777778,51
95,0.7678736686706543,0.12560644460504133,0.08101334571838378,0.01982037876278798,log_loss,3,6,"{'criterion': 'log_loss', 'max_depth': 3, 'min_samples_leaf': 6}",0.9377777777777778,0.9666666666666667,0.9466666666666667,0.9577777777777777,0.9533333333333334,0.9524444444444444,0.0097979589711327,53,0.9539170506912442,0.9772727272727273,0.9631336405529954,0.9904761904761905,0.9722222222222222,0.9714043662430759,0.01243424414916858,44,0.9227467811158798,0.9565217391304348,0.9313304721030042,0.9291666666666667,0.9358974358974359,0.9351326189826843,0.011502497930470767,59,0.92,0.9555555555555556,0.9288888888888889,0.9244444444444444,0.9333333333333333,0.9324444444444445,0.012380789579719232,59,0.9555555555555556,0.9777777777777777,0.9644444444444444,0.9911111111111112,0.9733333333333334,0.9724444444444444,0.012057475525556036,41,0.9291270527225584,0.9606986899563319,0.9377700950734659,0.9409282700421941,0.9431524547803618,0.9423353125149824,0.01034563152338276,55,0.9377777777777778,0.9666666666666667,0.9466666666666667,0.9577777777777778,0.9533333333333334,0.9524444444444444,0.009797958971132711,53,0.9039580352885075,0.9463768115942028,0.9159942775393418,0.925351851851852,0.9242735042735043,0.9231908961094817,0.013893327184119505,56,0.9377777777777779,0.9666666666666668,0.9466666666666667,0.9577777777777777,0.9533333333333334,0.9524444444444444,0.009797958971132698,53
50,0.5878393173217773,0.02207067995005692,0.06391081809997559,0.004584077490207428,entropy,2,6,"{'criterion': 'entropy', 'max_depth': 2, 'min_samples_leaf': 6}",0.9222222222222223,0.9688888888888889,0.9488888888888889,0.9622222222222222,0.9488888888888889,0.9502222222222223,0.015999999999999983,57,0.9481132075471698,0.9861751152073732,0.9675925925925926,0.9905660377358491,0.9675925925925926,0.9720079091351155,0.01519908332350021,41,0.8991596638655462,0.9527896995708155,0.9316239316239316,0.9369747899159664,0.9316239316239316,0.9304344033200384,0.017455516093213042,69,0.8933333333333333,0.9511111111111111,0.9288888888888889,0.9333333333333333,0.9288888888888889,0.9271111111111111,0.01877218851728257,70,0.9511111111111111,0.9866666666666667,0.9688888888888889,0.9911111111111112,0.9688888888888889,0.9733333333333334,0.014332902663641876,39,0.9090909090909091,0.9593777009507347,0.9388458225667528,0.9473237043330501,0.9388458225667528,0.9386967919016399,0.016605278284191255,62,0.9222222222222223,0.9688888888888889,0.9488888888888889,0.9622222222222223,0.9488888888888889,0.9502222222222223,0.016,57,0.8796451914098973,0.9467525035765381,0.9181956315289649,0.9330905695611578,0.9181956315289649,0.9191759055211046,0.022444089948134772,57,0.9222222222222222,0.968888888888889,0.9488888888888889,0.9622222222222223,0.9488888888888889,0.9502222222222223,0.016000000000000066,57
89,0.6020262718200684,0.02812977788724305,0.06625289916992187,0.014244396189629043,log_loss,2,9,"{'criterion': 'log_loss', 'max_depth': 2, 'min_samples_leaf': 9}",0.9288888888888889,0.9644444444444444,0.9422222222222222,0.9644444444444444,0.9488888888888889,0.9497777777777777,0.013597385369580765,58,0.9530516431924883,0.986046511627907,0.9627906976744186,0.9906103286384976,0.9764150943396226,0.9737828550945867,0.014079065967320734,32,0.9071729957805907,0.9446808510638298,0.9234042553191489,0.9409282700421941,0.9243697478991597,0.9281112240209847,0.013515863337766214,75,0.9022222222222223,0.9422222222222222,0.92,0.9377777777777778,0.92,0.9244444444444445,0.014332902663641848,75,0.9555555555555556,0.9866666666666667,0.9644444444444444,0.9911111111111112,0.9777777777777777,0.9751111111111112,0.013362930114109255,28,0.9164535379369139,0.9527896995708155,0.9313304721030042,0.9505541346973572,0.9345794392523364,0.9371414567120855,0.01336479625090875,65,0.9288888888888889,0.9644444444444444,0.9422222222222223,0.9644444444444444,0.9488888888888889,0.9497777777777777,0.013597385369580751,58,0.8890764181903423,0.9387517730496455,0.9083498817966903,0.9370089076418191,0.9149393090569562,0.9176252579470907,0.01860289596538533,58,0.928888888888889,0.9644444444444444,0.9422222222222223,0.9644444444444445,0.948888888888889,0.9497777777777779,0.013597385369580741,58
48,0.6142133235931396,0.06708629738037011,0.06686286926269532,0.004676814195963551,entropy,2,4,"{'criterion': 'entropy', 'max_depth': 2, 'min_samples_leaf': 4}",0.9288888888888889,0.96,0.9466666666666667,0.9622222222222222,0.9444444444444444,0.9484444444444444,0.012041081941461388,60,0.9447004608294931,0.9769585253456221,0.9506726457399103,0.9905660377358491,0.9761904761904762,0.9678176291682702,0.017317647480544113,55,0.9141630901287554,0.944206008583691,0.9427312775330396,0.9369747899159664,0.9166666666666666,0.930948366565624,0.012935472919138177,65,0.9111111111111111,0.9422222222222222,0.9422222222222222,0.9333333333333333,0.9111111111111111,0.9280000000000002,0.014166557733785973,65,0.9466666666666667,0.9777777777777777,0.9511111111111111,0.9911111111111112,0.9777777777777777,0.9688888888888888,0.01709811916593009,54,0.9204840103716508,0.9507346585998271,0.9443954104148279,0.9473237043330501,0.9282700421940928,0.9382415651826899,0.01175750372652381,63,0.9288888888888889,0.96,0.9466666666666667,0.9622222222222223,0.9444444444444444,0.9484444444444445,0.012041081941461413,60,0.8920743919885552,0.9343347639484978,0.921086637298091,0.9330905695611578,0.9074074074074074,0.917598754040742,0.01604750640903367,59,0.9288888888888889,0.96,0.9466666666666667,0.9622222222222223,0.9444444444444445,0.9484444444444445,0.012041081941461406,60
47,0.6744558811187744,0.09148001836054867,0.08332428932189942,0.020706560839970696,entropy,2,3,"{'criterion': 'entropy', 'max_depth': 2, 'min_samples_leaf': 3}",0.9266666666666666,0.9622222222222222,0.9377777777777778,0.9622222222222222,0.9533333333333334,0.9484444444444444,0.014082648460226539,60,0.9571428571428572,0.9684684684684685,0.9624413145539906,0.9905660377358491,0.9722222222222222,0.9701681800246774,0.011424046516944605,48,0.9,0.956140350877193,0.9156118143459916,0.9369747899159664,0.9358974358974359,0.9289248782073175,0.019328661829457833,73,0.8933333333333333,0.9555555555555556,0.9111111111111111,0.9333333333333333,0.9333333333333333,0.9253333333333333,0.021296264090152808,74,0.96,0.9688888888888889,0.9644444444444444,0.9911111111111112,0.9733333333333334,0.9715555555555555,0.010740485309861872,46,0.9113924050632911,0.9586631486367634,0.9249786871270247,0.9473237043330501,0.9431524547803618,0.9371020799880982,0.016816256181753465,66,0.9266666666666666,0.9622222222222223,0.9377777777777778,0.9622222222222223,0.9533333333333334,0.9484444444444444,0.01408264846022658,61,0.884,0.9419493177387914,0.9008345053914675,0.9330905695611578,0.9242735042735043,0.9168295793929842,0.021375016953781953,60,0.9266666666666666,0.9622222222222223,0.9377777777777778,0.9622222222222223,0.9533333333333334,0.9484444444444444,0.01408264846022658,61
52,0.5871731281280518,0.044554186909532376,0.06384963989257812,0.008386200030578652,entropy,2,8,"{'criterion': 'entropy', 'max_depth': 2, 'min_samples_leaf': 8}",0.9288888888888889,0.9666666666666667,0.9466666666666667,0.9533333333333334,0.9488888888888889,0.9488888888888889,0.0121716123890037,59,0.9447004608294931,0.9861111111111112,0.9631336405529954,0.9903846153846154,0.9764150943396226,0.9721489844435676,0.01661551554783379,39,0.9141630901287554,0.9487179487179487,0.9313304721030042,0.9214876033057852,0.9243697478991597,0.9280137724309305,0.011724970029066972,76,0.9111111111111111,0.9466666666666667,0.9288888888888889,0.9155555555555556,0.92,0.9244444444444445,0.012570787221094174,75,0.9466666666666667,0.9866666666666667,0.9644444444444444,0.9911111111111112,0.9777777777777777,0.9733333333333333,0.01614746855518664,40,0.9204840103716508,0.9560723514211886,0.9377700950734659,0.9346186085498742,0.9345794392523364,0.9367049009337032,0.01138613429427604,68,0.9288888888888889,0.9666666666666667,0.9466666666666667,0.9533333333333334,0.9488888888888889,0.9488888888888889,0.0121716123890037,59,0.8920743919885552,0.9427350427350427,0.9159942775393418,0.917741046831956,0.9149393090569562,0.9166968136303704,0.016055689488021354,61,0.9288888888888889,0.9666666666666667,0.9466666666666667,0.9533333333333334,0.948888888888889,0.9488888888888889,0.0121716123890037,59
86,0.8015199661254883,0.07677704765400617,0.09916348457336426,0.022928530297931193,log_loss,2,6,"{'criterion': 'log_loss', 'max_depth': 2, 'min_samples_leaf': 6}",0.9155555555555556,0.9622222222222222,0.9488888888888889,0.9666666666666667,0.9444444444444444,0.9475555555555555,0.017976665258805938,62,0.9192825112107623,0.985981308411215,0.9719626168224299,0.9906542056074766,0.9629629629629629,0.9661687210029694,0.025433208048469293,58,0.9118942731277533,0.940677966101695,0.9279661016949152,0.9449152542372882,0.9273504273504274,0.9305608045024159,0.011609354708125918,66,0.9111111111111111,0.9377777777777778,0.9244444444444444,0.9422222222222222,0.9244444444444444,0.9279999999999999,0.011030821018658547,66,0.92,0.9866666666666667,0.9733333333333334,0.9911111111111112,0.9644444444444444,0.9671111111111111,0.02539174552370791,56,0.913503971756399,0.9495295124037639,0.9366980325064157,0.9538066723695466,0.9345391903531438,0.9376154758778539,0.014112186054198663,64,0.9155555555555556,0.9622222222222223,0.9488888888888889,0.9666666666666667,0.9444444444444444,0.9475555555555555,0.017976665258805955,62,0.8789427312775331,0.9348022598870056,0.9165536723163842,0.9409604519774011,0.9121557454890789,0.9166829721894805,0.021737262457192805,62,0.9155555555555555,0.9622222222222223,0.9488888888888889,0.9666666666666666,0.9444444444444444,0.9475555555555555,0.017976665258805972,62
12,0.49777746200561523,0.026037864198533333,0.056111478805541994,0.0029299098044731544,gini,2,4,"{'criterion': 'gini', 'max_depth': 2, 'min_samples_leaf': 4}",0.9266666666666666,0.9444444444444444,0.9488888888888889,0.9577777777777777,0.9355555555555556,0.9426666666666665,0.010740485309861832,75,0.9102564102564102,0.9587155963302753,0.9279661016949152,0.9813084112149533,0.9537037037037037,0.9463900446400515,0.02477814506795549,96,0.9444444444444444,0.9310344827586207,0.9719626168224299,0.9364406779661016,0.9188034188034188,0.9405371281590031,0.017789118890102387,52,0.9466666666666667,0.9288888888888889,0.9733333333333334,0.9333333333333333,0.9155555555555556,0.9395555555555557,0.019595917942265437,44,0.9066666666666666,0.96,0.9244444444444444,0.9822222222222222,0.9555555555555556,0.9457777777777778,0.02687327370281064,97,0.9366391184573003,0.9366869037294016,0.9620721554116559,0.9452523524379812,0.9259259259259259,0.9413152911924529,0.012053787692913574,57,0.9266666666666666,0.9444444444444444,0.9488888888888889,0.9577777777777778,0.9355555555555556,0.9426666666666665,0.010740485309861863,75,0.902962962962963,0.9137931034482758,0.9363032191069574,0.9286817325800376,0.9001899335232668,0.9163861903243001,0.014121574002904919,63,0.9266666666666666,0.9444444444444444,0.948888888888889,0.9577777777777777,0.9355555555555556,0.9426666666666665,0.010740485309861846,75
13,0.4812302589416504,0.018841249561487926,0.061360406875610354,0.00732489146990166,gini,2,5,"{'criterion': 'gini', 'max_depth': 2, 'min_samples_leaf': 5}",0.9333333333333333,0.9555555555555556,0.9333333333333333,0.96,0.9333333333333333,0.9431111111111111,0.012057475525556024,74,0.922077922077922,0.9555555555555556,0.922077922077922,0.9813953488372092,0.9620853080568721,0.9486384113210962,0.023292067530775406,94,0.9452054794520548,0.9555555555555556,0.9452054794520548,0.9404255319148936,0.9079497907949791,0.9388683674339076,0.01623060915348838,55,0.9466666666666667,0.9555555555555556,0.9466666666666667,0.9377777777777778,0.9022222222222223,0.9377777777777778,0.018645490634136022,53,0.92,0.9555555555555556,0.92,0.9822222222222222,0.9644444444444444,0.9484444444444444,0.02476157915943842,94,0.9400544959128065,0.9555555555555556,0.9400544959128065,0.9484978540772532,0.9187129551227773,0.9405750713162397,0.012374809224229481,59,0.9333333333333333,0.9555555555555556,0.9333333333333333,0.96,0.9333333333333333,0.9431111111111111,0.012057475525556024,74,0.9095890410958904,0.9353086419753087,0.9095890410958904,0.932595744680851,0.893444909344491,0.9161054756384864,0.01574242467671149,64,0.9333333333333332,0.9555555555555557,0.9333333333333332,0.96,0.9333333333333333,0.9431111111111111,0.012057475525556083,74
51,0.5809163570404052,0.027357835502901957,0.07265286445617676,0.014260876154342338,entropy,2,7,"{'criterion': 'entropy', 'max_depth': 2, 'min_samples_leaf': 7}",0.9155555555555556,0.9711111111111111,0.9488888888888889,0.9533333333333334,0.9488888888888889,0.9475555555555555,0.017976665258805948,62,0.9230769230769231,0.9862385321100917,0.9764150943396226,0.9903846153846154,0.9719626168224299,0.9696155563467365,0.024187864448782737,49,0.9082969432314411,0.9568965517241379,0.9243697478991597,0.9214876033057852,0.9279661016949152,0.9278033895710877,0.01599136679199506,77,0.9066666666666666,0.9555555555555556,0.92,0.9155555555555556,0.9244444444444444,0.9244444444444445,0.016629588385661986,75,0.9244444444444444,0.9866666666666667,0.9777777777777777,0.9911111111111112,0.9733333333333334,0.9706666666666667,0.023950566373879992,49,0.9114811568799299,0.9627059843885516,0.9345794392523364,0.9346186085498742,0.9366980325064157,0.9360166443154216,0.016240661128773582,73,0.9155555555555555,0.9711111111111111,0.9488888888888889,0.9533333333333334,0.9488888888888889,0.9475555555555555,0.01797666525880599,62,0.8774478408539543,0.9508045977011494,0.9149393090569562,0.917741046831956,0.9165536723163842,0.91549729335208,0.023241464189991234,65,0.9155555555555555,0.9711111111111111,0.948888888888889,0.9533333333333334,0.9488888888888889,0.9475555555555555,0.01797666525880599,62
10,0.511316442489624,0.051014820838134314,0.06143374443054199,0.006488770632590257,gini,2,2,"{'criterion': 'gini', 'max_depth': 2, 'min_samples_leaf': 2}",0.9266666666666666,0.9422222222222222,0.9444444444444444,0.9644444444444444,0.9422222222222222,0.944,0.0120410819414614,73,0.9247787610619469,0.9585253456221198,0.9385964912280702,0.9906103286384976,0.954337899543379,0.9533697652188027,0.02213626888291886,88,0.9285714285714286,0.927038626609442,0.9504504504504504,0.9409282700421941,0.9307359307359307,0.935544941281889,0.008891212328770173,58,0.9288888888888889,0.9244444444444444,0.9511111111111111,0.9377777777777778,0.9288888888888889,0.9342222222222223,0.009490736224027853,58,0.9244444444444444,0.96,0.9377777777777778,0.9911111111111112,0.9555555555555556,0.9537777777777776,0.02259247115935795,89,0.927743086529884,0.9334485738980121,0.9478885893980233,0.9505541346973572,0.9355961705831157,0.9390461110212784,0.008736325386553175,61,0.9266666666666666,0.9422222222222222,0.9444444444444444,0.9644444444444444,0.9422222222222223,0.944,0.012041081941461397,73,0.8961904761904762,0.9099570815450644,0.9224224224224224,0.9370089076418191,0.9115921115921117,0.9154341998783788,0.013633668900306138,66,0.9266666666666665,0.9422222222222222,0.9444444444444444,0.9644444444444445,0.9422222222222223,0.9440000000000002,0.012041081941461466,72
45,0.6496550559997558,0.1076085231451723,0.06833829879760742,0.01256038880537394,entropy,2,1,"{'criterion': 'entropy', 'max_depth': 2, 'min_samples_leaf': 1}",0.9244444444444444,0.9577777777777777,0.9355555555555556,0.9644444444444444,0.9488888888888889,0.9462222222222222,0.014565306318376834,67,0.9360730593607306,0.9813084112149533,0.9375,0.9906103286384976,0.9719626168224299,0.9634908832073222,0.022591865658337984,65,0.9134199134199135,0.9364406779661016,0.9336283185840708,0.9409282700421941,0.9279661016949152,0.9304766563414392,0.00950761927619192,67,0.9111111111111111,0.9333333333333333,0.9333333333333333,0.9377777777777778,0.9244444444444444,0.9279999999999999,0.009490736224027855,66,0.9377777777777778,0.9822222222222222,0.9377777777777778,0.9911111111111112,0.9733333333333334,0.9644444444444444,0.022487307805641808,64,0.918189730200174,0.9452523524379812,0.9344552701505757,0.9505541346973572,0.9366980325064157,0.9370299039985008,0.011065301633711591,67,0.9244444444444444,0.9577777777777778,0.9355555555555556,0.9644444444444444,0.9488888888888889,0.9462222222222222,0.014565306318376853,67,0.8876960076960078,0.9286817325800376,0.9066470009832842,0.9370089076418191,0.9165536723163842,0.9153174642435065,0.017255563683778518,67,0.9244444444444445,0.9577777777777777,0.9355555555555556,0.9644444444444445,0.9488888888888889,0.9462222222222223,0.014565306318376828,66
9,0.6727348327636719,0.03462368007470579,0.05829763412475586,0.005573934838263628,gini,2,1,"{'criterion': 'gini', 'max_depth': 2, 'min_samples_leaf': 1}",0.9244444444444444,0.9466666666666667,0.9333333333333333,0.9644444444444444,0.9377777777777778,0.9413333333333332,0.013597385369580764,78,0.9098712446351931,0.958904109589041,0.9148936170212766,0.9771689497716894,0.9539170506912442,0.9429509943416889,0.02618056918598533,99,0.9400921658986175,0.935064935064935,0.9534883720930233,0.9523809523809523,0.9227467811158798,0.9407546413106816,0.011440399192072443,51,0.9422222222222222,0.9333333333333333,0.9555555555555556,0.9511111111111111,0.92,0.9404444444444445,0.012757955639473175,40,0.9066666666666666,0.96,0.9111111111111111,0.9777777777777777,0.9555555555555556,0.9422222222222223,0.028249330812570146,99,0.9332113449222323,0.9399477806788512,0.9447004608294931,0.9573542210617929,0.9291270527225584,0.9408681720429856,0.00983670935130742,58,0.9244444444444444,0.9466666666666667,0.9333333333333333,0.9644444444444444,0.9377777777777778,0.9413333333333332,0.013597385369580764,78,0.8990168970814132,0.9176623376623376,0.9131782945736435,0.9423280423280422,0.9039580352885075,0.9152287213867888,0.015062214619398419,68,0.9244444444444444,0.9466666666666667,0.9333333333333332,0.9644444444444445,0.9377777777777779,0.9413333333333334,0.013597385369580807,78
14,0.4902787685394287,0.023740824305572894,0.06270318031311035,0.005044324638939831,gini,2,6,"{'criterion': 'gini', 'max_depth': 2, 'min_samples_leaf': 6}",0.9222222222222223,0.9511111111111111,0.9311111111111111,0.9622222222222222,0.9422222222222222,0.9417777777777777,0.014152607402747232,77,0.9094827586206896,0.9592760180995475,0.9181034482758621,0.9905660377358491,0.954337899543379,0.9463532324550654,0.029472046400153072,97,0.9357798165137615,0.9432314410480349,0.944954128440367,0.9369747899159664,0.9307359307359307,0.938335221330812,0.0051751905047678,56,0.9377777777777778,0.9422222222222222,0.9466666666666667,0.9333333333333333,0.9288888888888889,0.9377777777777776,0.006285393610547083,55,0.9066666666666666,0.96,0.9155555555555556,0.9911111111111112,0.9555555555555556,0.9457777777777778,0.030971113582549968,97,0.9298085688240656,0.9465381244522348,0.9389243391066545,0.9473237043330501,0.9355961705831157,0.9396381814598241,0.006635437928804238,60,0.9222222222222223,0.951111111111111,0.9311111111111111,0.9622222222222223,0.9422222222222223,0.9417777777777777,0.01415260740274725,77,0.8951070336391438,0.9255021834061135,0.9073802242609581,0.9330905695611578,0.9115921115921117,0.914534424491897,0.01343045462314715,69,0.9222222222222224,0.951111111111111,0.9311111111111111,0.9622222222222223,0.9422222222222223,0.9417777777777777,0.014152607402747219,77
88,0.6128686428070068,0.06056374784106113,0.07826213836669922,0.017212801212501593,log_loss,2,8,"{'criterion': 'log_loss', 'max_depth': 2, 'min_samples_leaf': 8}",0.9333333333333333,0.9511111111111111,0.9422222222222222,0.9622222222222222,0.94,0.9457777777777778,0.00999753055929066,68,0.9452054794520548,0.9511111111111111,0.9585253456221198,0.9905660377358491,0.9759615384615384,0.9642739024765346,0.016719969799558018,62,0.922077922077922,0.9511111111111111,0.927038626609442,0.9369747899159664,0.9090909090909091,0.9292586717610701,0.014144242662898434,71,0.92,0.9511111111111111,0.9244444444444444,0.9333333333333333,0.9022222222222223,0.9262222222222223,0.016049306742460252,72,0.9466666666666667,0.9511111111111111,0.96,0.9911111111111112,0.9777777777777777,0.9653333333333333,0.016724344641979375,62,0.9268929503916449,0.9511111111111111,0.9334485738980121,0.9473237043330501,0.9220452640402347,0.9361643207548106,0.011319184915108428,71,0.9333333333333333,0.9511111111111111,0.9422222222222222,0.9622222222222223,0.94,0.9457777777777778,0.009997530559290696,68,0.8995670995670995,0.9290567901234568,0.9099570815450644,0.9330905695611578,0.8999999999999999,0.9143343081593557,0.014221475097917598,70,0.9333333333333335,0.951111111111111,0.9422222222222222,0.9622222222222223,0.9400000000000001,0.9457777777777778,0.009997530559290644,68
82,0.7332075595855713,0.04667820456346254,0.086417818069458,0.015495036715965027,log_loss,2,2,"{'criterion': 'log_loss', 'max_depth': 2, 'min_samples_leaf': 2}",0.9355555555555556,0.9688888888888889,0.9288888888888889,0.9555555555555556,0.9377777777777778,0.9453333333333334,0.01471372920644165,69,0.9414414414414415,0.9817351598173516,0.9288888888888889,0.9904306220095693,0.9758454106280193,0.9636683045570541,0.02406057357948258,64,0.9298245614035088,0.9567099567099567,0.9288888888888889,0.9253112033195021,0.9053497942386831,0.929216880912108,0.01637826739864348,72,0.9288888888888889,0.9555555555555556,0.9288888888888889,0.92,0.8977777777777778,0.9262222222222223,0.018560544904729876,72,0.9422222222222222,0.9822222222222222,0.9288888888888889,0.9911111111111112,0.9777777777777777,0.9644444444444444,0.0243432247780074,64,0.9322779243623571,0.9617058311575283,0.9288888888888889,0.9377628259041211,0.9189640768588136,0.9359199094343417,0.014272418601858383,74,0.9355555555555555,0.9688888888888889,0.9288888888888889,0.9555555555555556,0.9377777777777778,0.9453333333333334,0.014713729206441664,69,0.9049902534113061,0.9485906685906687,0.8983901234567901,0.9215306592899954,0.896342021033379,0.913968745156428,0.019441544686765993,71,0.9355555555555555,0.9688888888888889,0.9288888888888889,0.9555555555555556,0.9377777777777778,0.9453333333333334,0.014713729206441664,69
46,0.6065486907958985,0.06147355855065235,0.06956892013549805,0.010651834683846909,entropy,2,2,"{'criterion': 'entropy', 'max_depth': 2, 'min_samples_leaf': 2}",0.9355555555555556,0.9488888888888889,0.9422222222222222,0.9533333333333334,0.9444444444444444,0.944888888888889,0.006028737762778021,71,0.9454545454545454,0.9855769230769231,0.919831223628692,0.9903846153846154,0.9716981132075472,0.9625890841504645,0.026479553463687956,68,0.9260869565217391,0.9173553719008265,0.9671361502347418,0.9214876033057852,0.9201680672268907,0.9304468298379966,0.018560289320484622,68,0.9244444444444444,0.9111111111111111,0.9688888888888889,0.9155555555555556,0.9155555555555556,0.9271111111111111,0.021333333333333343,70,0.9466666666666667,0.9866666666666667,0.9155555555555556,0.9911111111111112,0.9733333333333334,0.9626666666666667,0.02819333604827327,71,0.9301310043668122,0.9304274937133278,0.9563602599814299,0.9346186085498742,0.9303313508920985,0.9363737435007085,0.01013293172378241,70,0.9355555555555555,0.9488888888888889,0.9422222222222223,0.9533333333333334,0.9444444444444444,0.944888888888889,0.006028737762778045,71,0.9033623188405797,0.9117906336088155,0.9276890975482524,0.917741046831956,0.9089635854341737,0.9139093364527554,0.008303646857487502,72,0.9355555555555556,0.9488888888888889,0.9422222222222223,0.9533333333333334,0.9444444444444445,0.944888888888889,0.006028737762778009,71
87,0.6623436450958252,0.05974759768396508,0.06266512870788574,0.007969524753920562,log_loss,2,7,"{'criterion': 'log_loss', 'max_depth': 2, 'min_samples_leaf': 7}",0.9333333333333333,0.96,0.94,0.9577777777777777,0.9444444444444444,0.947111111111111,0.010270417785147846,64,0.9534883720930233,0.9769585253456221,0.9759615384615384,0.9904761904761905,0.9672897196261683,0.9728348692005084,0.012190426171012831,38,0.9148936170212766,0.944206008583691,0.9090909090909091,0.9291666666666667,0.923728813559322,0.9242172029843732,0.01216570660851941,80,0.9111111111111111,0.9422222222222222,0.9022222222222223,0.9244444444444444,0.92,0.9199999999999999,0.013480667456091623,83,0.9555555555555556,0.9777777777777777,0.9777777777777777,0.9911111111111112,0.9688888888888889,0.9742222222222221,0.011725249740687034,35,0.9227467811158798,0.9507346585998271,0.9220452640402347,0.9409282700421941,0.932420872540633,0.9337751692677537,0.010953002059655348,78,0.9333333333333333,0.96,0.94,0.9577777777777778,0.9444444444444444,0.947111111111111,0.010270417785147869,64,0.8964539007092198,0.9343347639484978,0.8999999999999999,0.925351851851852,0.9105461393596986,0.9133373311738537,0.014532489594603754,73,0.9333333333333333,0.96,0.9400000000000001,0.9577777777777777,0.9444444444444445,0.9471111111111112,0.010270417785147824,64
53,0.6449309825897217,0.08396481608734063,0.0645742416381836,0.005269047700441004,entropy,2,9,"{'criterion': 'entropy', 'max_depth': 2, 'min_samples_leaf': 9}",0.9311111111111111,0.9533333333333334,0.9555555555555556,0.9577777777777777,0.9288888888888889,0.9453333333333334,0.012617839614736353,69,0.9490740740740741,0.9594594594594594,0.9638009049773756,0.9904761904761905,0.966183574879227,0.9657988407732654,0.013660285009628879,59,0.9145299145299145,0.9473684210526315,0.9475982532751092,0.9291666666666667,0.897119341563786,0.9271565194176216,0.01945296556918627,78,0.9111111111111111,0.9466666666666667,0.9466666666666667,0.9244444444444444,0.8888888888888888,0.9235555555555557,0.02202579856598022,78,0.9511111111111111,0.96,0.9644444444444444,0.9911111111111112,0.9688888888888889,0.9671111111111111,0.013362930114109271,56,0.921619293712317,0.9498680738786279,0.950920245398773,0.9409282700421941,0.910609857978279,0.9347891482020382,0.016020975352980908,76,0.9311111111111111,0.9533333333333334,0.9555555555555555,0.9577777777777778,0.9288888888888889,0.9453333333333334,0.012617839614736358,69,0.8942640075973409,0.9294736842105262,0.9316836487142164,0.925351851851852,0.8847645176040239,0.913107541995592,0.01960230239515949,74,0.9311111111111111,0.9533333333333333,0.9555555555555555,0.9577777777777777,0.9288888888888889,0.9453333333333334,0.012617839614736321,69
16,0.6493105411529541,0.06968462021413081,0.06960258483886719,0.0175617429074887,gini,2,8,"{'criterion': 'gini', 'max_depth': 2, 'min_samples_leaf': 8}",0.9355555555555556,0.9466666666666667,0.9266666666666666,0.9577777777777777,0.9466666666666667,0.9426666666666665,0.010648132045076378,75,0.9414414414414415,0.958904109589041,0.9173913043478261,0.9904761904761905,0.9631336405529954,0.954269337281499,0.024230300987953864,86,0.9298245614035088,0.935064935064935,0.9363636363636364,0.9291666666666667,0.9313304721030042,0.9323500543203502,0.002864647887614666,63,0.9288888888888889,0.9333333333333333,0.9377777777777778,0.9244444444444444,0.9288888888888889,0.9306666666666665,0.004532461789860282,64,0.9422222222222222,0.96,0.9155555555555556,0.9911111111111112,0.9644444444444444,0.9546666666666667,0.02504711609529845,86,0.9322779243623571,0.9399477806788512,0.9321266968325792,0.9409282700421941,0.9377700950734659,0.9366101533978896,0.0037416825921104896,69,0.9355555555555555,0.9466666666666667,0.9266666666666667,0.9577777777777778,0.9466666666666667,0.9426666666666665,0.010648132045076393,75,0.9049902534113061,0.9176623376623376,0.8995151515151516,0.925351851851852,0.9159942775393418,0.912702774395998,0.009260958896425328,75,0.9355555555555555,0.9466666666666667,0.9266666666666667,0.9577777777777777,0.9466666666666667,0.9426666666666665,0.010648132045076362,75
84,0.7153970718383789,0.06797387033807427,0.08981313705444335,0.004204946670923504,log_loss,2,4,"{'criterion': 'log_loss', 'max_depth': 2, 'min_samples_leaf': 4}",0.9311111111111111,0.9644444444444444,0.9422222222222222,0.9488888888888889,0.9466666666666667,0.9466666666666667,0.010795518045769885,65,0.9619047619047619,0.986046511627907,0.954337899543379,0.9902912621359223,0.976303317535545,0.9737767505495031,0.013772964193761653,33,0.9041666666666667,0.9446808510638298,0.9307359307359307,0.9139344262295082,0.9205020920502092,0.9228039933492289,0.013948694924799655,83,0.8977777777777778,0.9422222222222222,0.9288888888888889,0.9066666666666666,0.9155555555555556,0.9182222222222223,0.01580123451967215,84,0.9644444444444444,0.9866666666666667,0.9555555555555556,0.9911111111111112,0.9777777777777777,0.9751111111111112,0.013362930114109255,28,0.9156118143459916,0.9527896995708155,0.9355961705831157,0.9283930058284763,0.9314140558848434,0.9327609492426484,0.012034743028814002,79,0.9311111111111111,0.9644444444444444,0.9422222222222223,0.9488888888888889,0.9466666666666667,0.9466666666666667,0.010795518045769876,65,0.8897962962962963,0.9387517730496455,0.9115921115921117,0.9102550091074681,0.91115760111576,0.9123105582322564,0.015569846431047238,76,0.9311111111111111,0.9644444444444444,0.9422222222222223,0.9488888888888889,0.9466666666666668,0.9466666666666669,0.010795518045769876,65
17,0.5889369487762451,0.06393511811862845,0.06854920387268067,0.006926430839011173,gini,2,9,"{'criterion': 'gini', 'max_depth': 2, 'min_samples_leaf': 9}",0.9333333333333333,0.9511111111111111,0.9311111111111111,0.9622222222222222,0.9244444444444444,0.9404444444444444,0.014012340240386178,81,0.9184549356223176,0.9592760180995475,0.9369369369369369,0.9905660377358491,0.9400921658986175,0.9490652188586537,0.0244588582326346,93,0.9493087557603687,0.9432314410480349,0.9254385964912281,0.9369747899159664,0.9098712446351931,0.9329649655701582,0.013989745286730715,62,0.9511111111111111,0.9422222222222222,0.9244444444444444,0.9333333333333333,0.9066666666666666,0.9315555555555555,0.015293022696964689,61,0.9155555555555556,0.96,0.9377777777777778,0.9911111111111112,0.9422222222222222,0.9493333333333334,0.0252356792294727,93,0.9423604757548033,0.9465381244522348,0.9278803869832893,0.9473237043330501,0.916162489196197,0.936053036143915,0.012158740764486253,72,0.9333333333333333,0.951111111111111,0.9311111111111111,0.9622222222222223,0.9244444444444444,0.9404444444444444,0.014012340240386197,80,0.9113671274961597,0.9255021834061135,0.8989668615984405,0.9330905695611578,0.8861897949451596,0.9110233074014061,0.017080874381359117,77,0.9333333333333333,0.951111111111111,0.9311111111111111,0.9622222222222223,0.9244444444444443,0.9404444444444444,0.014012340240386221,80
85,0.772497034072876,0.012224793629413389,0.09669580459594726,0.015120298421634554,log_loss,2,5,"{'criterion': 'log_loss', 'max_depth': 2, 'min_samples_leaf': 5}",0.9266666666666666,0.9688888888888889,0.9511111111111111,0.9466666666666667,0.9377777777777778,0.9462222222222223,0.014082648460226554,66,0.9571428571428572,0.9861751152073732,0.981042654028436,0.9902439024390244,0.9758454106280193,0.978089987889142,0.01153798573019645,3,0.9,0.9527896995708155,0.9246861924686193,0.9102040816326531,0.9053497942386831,0.9186059535821542,0.01896310373451764,89,0.8933333333333333,0.9511111111111111,0.92,0.9022222222222223,0.8977777777777778,0.912888888888889,0.02114733733932502,92,0.96,0.9866666666666667,0.9822222222222222,0.9911111111111112,0.9777777777777777,0.9795555555555555,0.01074048530986187,2,0.9113924050632911,0.9593777009507347,0.9356477561388654,0.9253112033195021,0.9189640768588136,0.9301386284662414,0.01664253211812724,81,0.9266666666666666,0.9688888888888889,0.9511111111111111,0.9466666666666668,0.9377777777777778,0.9462222222222223,0.014082648460226554,66,0.884,0.9467525035765381,0.9171362157136216,0.9065578231292517,0.896342021033379,0.910157712690558,0.02133511986586034,78,0.9266666666666666,0.968888888888889,0.9511111111111111,0.9466666666666667,0.9377777777777778,0.9462222222222223,0.014082648460226587,66
15,0.5088443756103516,0.01485259499538315,0.09861273765563965,0.02180757806440697,gini,2,7,"{'criterion': 'gini', 'max_depth': 2, 'min_samples_leaf': 7}",0.9311111111111111,0.9355555555555556,0.9355555555555556,0.96,0.9422222222222222,0.9408888888888889,0.010193195503270837,79,0.9330357142857143,0.9579439252336449,0.9336283185840708,0.9813953488372092,0.9585253456221198,0.9529057305125518,0.018083461990598588,89,0.9292035398230089,0.9152542372881356,0.9375,0.9404255319148936,0.927038626609442,0.9298843871270961,0.008851174872896914,70,0.9288888888888889,0.9111111111111111,0.9377777777777778,0.9377777777777778,0.9244444444444444,0.9279999999999999,0.009898247756142288,66,0.9333333333333333,0.96,0.9333333333333333,0.9822222222222222,0.96,0.9537777777777776,0.018560544904729855,89,0.9300265721877768,0.9238665526090676,0.936663693131133,0.9484978540772532,0.9334485738980121,0.9345006491806485,0.008183015841136426,77,0.9311111111111111,0.9355555555555555,0.9355555555555556,0.96,0.9422222222222222,0.9408888888888889,0.010193195503270849,79,0.9005899705014749,0.8986440677966102,0.9083333333333333,0.932595744680851,0.9099570815450644,0.9100240395714667,0.012090080721979285,79,0.9311111111111111,0.9355555555555555,0.9355555555555557,0.96,0.9422222222222222,0.9408888888888889,0.010193195503270837,79
11,0.554455041885376,0.06330952436835338,0.06638379096984863,0.006169811271682754,gini,2,3,"{'criterion': 'gini', 'max_depth': 2, 'min_samples_leaf': 3}",0.9266666666666666,0.9333333333333333,0.9244444444444444,0.9644444444444444,0.9466666666666667,0.939111111111111,0.0148473716342134,82,0.9210526315789473,0.9577464788732394,0.9170305676855895,0.9815668202764977,0.958904109589041,0.9472601216006631,0.02458924229128983,95,0.9324324324324325,0.9113924050632911,0.9321266968325792,0.9484978540772532,0.935064935064935,0.9319028646940982,0.011886142004366424,64,0.9333333333333333,0.9066666666666666,0.9333333333333333,0.9466666666666667,0.9333333333333333,0.9306666666666666,0.01306394529484363,63,0.92,0.96,0.9155555555555556,0.9822222222222222,0.96,0.9475555555555555,0.025670273916788697,95,0.9299191374663073,0.9207161125319693,0.9287646528403968,0.9550561797752809,0.9399477806788512,0.9348807726585611,0.01179308241738424,75,0.9266666666666667,0.9333333333333333,0.9244444444444444,0.9644444444444444,0.9466666666666667,0.939111111111111,0.014847371634213381,82,0.8978378378378378,0.8949367088607595,0.8956359979889392,0.9405245588936575,0.9176623376623376,0.9093194882487061,0.017716038581261945,80,0.9266666666666666,0.9333333333333332,0.9244444444444445,0.9644444444444443,0.9466666666666667,0.939111111111111,0.014847371634213348,82
81,0.7586470603942871,0.12447074882940669,0.0920865535736084,0.01819882614218378,log_loss,2,1,"{'criterion': 'log_loss', 'max_depth': 2, 'min_samples_leaf': 1}",0.9222222222222223,0.9688888888888889,0.9355555555555556,0.9533333333333334,0.94,0.9440000000000002,0.0159257536597057,72,0.9567307692307693,0.9861751152073732,0.9495412844036697,0.9903846153846154,0.9714285714285714,0.9708520711309998,0.015938689504938847,47,0.8925619834710744,0.9527896995708155,0.9224137931034483,0.9214876033057852,0.9125,0.9203506158902247,0.01945088096830156,86,0.8844444444444445,0.9511111111111111,0.92,0.9155555555555556,0.9066666666666666,0.9155555555555555,0.021591036091539766,88,0.96,0.9866666666666667,0.9511111111111111,0.9911111111111112,0.9733333333333334,0.9724444444444444,0.015241269510650905,41,0.9052808046940486,0.9593777009507347,0.9280138768430182,0.9346186085498742,0.9240506329113924,0.9302683247898138,0.017517985829695742,80,0.9222222222222223,0.9688888888888889,0.9355555555555556,0.9533333333333334,0.94,0.9440000000000002,0.0159257536597057,72,0.8768595041322315,0.9467525035765381,0.9017624521072798,0.917741046831956,0.9015,0.9089231013296011,0.022992483263505434,81,0.9222222222222223,0.968888888888889,0.9355555555555556,0.9533333333333334,0.9400000000000001,0.9440000000000002,0.01592575365970573,72
39,0.823782205581665,0.07196397338235906,0.11232843399047851,0.02767655011346363,entropy,1,4,"{'criterion': 'entropy', 'max_depth': 1, 'min_samples_leaf': 4}",0.9222222222222223,0.9511111111111111,0.9377777777777778,0.9555555555555556,0.9355555555555556,0.9404444444444445,0.011875901525233228,80,0.9481132075471698,0.9720930232558139,0.9758454106280193,0.9596412556053812,0.9537037037037037,0.9618793201480177,0.01058987164936919,70,0.8991596638655462,0.9319148936170213,0.9053497942386831,0.9515418502202643,0.9188034188034188,0.9213539241489868,0.018857716711322324,85,0.8933333333333333,0.9288888888888889,0.8977777777777778,0.9511111111111111,0.9155555555555556,0.9173333333333332,0.021147337339325018,86,0.9511111111111111,0.9733333333333334,0.9777777777777777,0.96,0.9555555555555556,0.9635555555555555,0.010289632802480193,66,0.9090909090909091,0.9399141630901288,0.9189640768588136,0.9532215357458076,0.9259259259259259,0.9294233221423169,0.01556565017721795,82,0.9222222222222223,0.9511111111111111,0.9377777777777778,0.9555555555555555,0.9355555555555556,0.9404444444444444,0.011875901525233198,80,0.8796451914098973,0.9203971631205674,0.896342021033379,0.9334801762114537,0.9001899335232668,0.9060108970597127,0.01888940000533594,82,0.9222222222222222,0.9511111111111111,0.9377777777777778,0.9555555555555555,0.9355555555555556,0.9404444444444444,0.011875901525233233,80
37,1.0266712188720704,0.16878859351398584,0.11336193084716797,0.015501614103049937,entropy,1,2,"{'criterion': 'entropy', 'max_depth': 1, 'min_samples_leaf': 2}",0.9155555555555556,0.9377777777777778,0.9466666666666667,0.9533333333333334,0.9311111111111111,0.936888888888889,0.013079056861833036,83,0.9348837209302325,0.9852216748768473,0.9674418604651163,0.9553571428571429,0.9663461538461539,0.9618501105950985,0.016535155820878396,72,0.8978723404255319,0.8987854251012146,0.9276595744680851,0.9513274336283186,0.9008264462809917,0.9152942439808284,0.021150286753632546,94,0.8933333333333333,0.8888888888888888,0.9244444444444444,0.9511111111111111,0.8933333333333333,0.9102222222222223,0.0240821638829228,95,0.9377777777777778,0.9866666666666667,0.9688888888888889,0.9555555555555556,0.9688888888888889,0.9635555555555555,0.01624503722888627,66,0.9055793991416309,0.9150865622423743,0.9356223175965666,0.9521700620017715,0.9136630343671417,0.924424275069897,0.017049054988249285,89,0.9155555555555556,0.9377777777777778,0.9466666666666667,0.9533333333333334,0.9311111111111111,0.936888888888889,0.013079056861833036,83,0.8731158392434988,0.8934682860998651,0.914354609929078,0.9312684365781712,0.888356290174472,0.9001126924050171,0.020419127400180776,83,0.9155555555555556,0.9377777777777778,0.9466666666666667,0.9533333333333335,0.9311111111111111,0.936888888888889,0.013079056861833064,83
8,0.7837371349334716,0.09154189126286422,0.09871277809143067,0.027959674854830745,gini,1,9,"{'criterion': 'gini', 'max_depth': 1, 'min_samples_leaf': 9}",0.9222222222222223,0.94,0.92,0.9533333333333334,0.9266666666666666,0.9324444444444445,0.01253932087081411,89,0.9130434782608695,0.9583333333333334,0.9126637554585153,0.9766355140186916,0.9444444444444444,0.9410241051031708,0.025166268927026034,100,0.9318181818181818,0.9230769230769231,0.9276018099547512,0.9322033898305084,0.9102564102564102,0.9249913429873551,0.008077340305530221,79,0.9333333333333333,0.92,0.9288888888888889,0.9288888888888889,0.9066666666666666,0.9235555555555555,0.009490736224027845,79,0.9111111111111111,0.96,0.9111111111111111,0.9777777777777777,0.9466666666666667,0.9413333333333332,0.0265776291337352,100,0.9276018099547512,0.9302325581395349,0.9242560865644724,0.9409751924721984,0.917312661498708,0.928075661725933,0.0077679593127049544,84,0.9222222222222223,0.94,0.9199999999999999,0.9533333333333334,0.9266666666666666,0.9324444444444444,0.012539320870814132,90,0.8934343434343435,0.9061538461538462,0.8895927601809954,0.9225988700564971,0.8883760683760684,0.9000311776403501,0.01292368494877231,84,0.9222222222222222,0.9400000000000001,0.9199999999999999,0.9533333333333334,0.9266666666666666,0.9324444444444444,0.012539320870814163,89
42,0.967955207824707,0.15794155219700648,0.144698429107666,0.04840343392391618,entropy,1,7,"{'criterion': 'entropy', 'max_depth': 1, 'min_samples_leaf': 7}",0.9155555555555556,0.9555555555555556,0.9288888888888889,0.9422222222222222,0.9244444444444444,0.9333333333333332,0.014054567378526145,88,0.9389671361502347,0.9723502304147466,0.957345971563981,0.9901477832512315,0.899581589958159,0.9516785422676707,0.031032219491850203,91,0.8945147679324894,0.9399141630901288,0.9037656903765691,0.902834008097166,0.95260663507109,0.9187270529134887,0.023062461756311492,88,0.8888888888888888,0.9377777777777778,0.8977777777777778,0.8933333333333333,0.9555555555555556,0.9146666666666666,0.026873273702810653,89,0.9422222222222222,0.9733333333333334,0.96,0.9911111111111112,0.8933333333333333,0.952,0.03342505898126788,91,0.9036658141517476,0.9464131374243734,0.9144792548687553,0.9192085737840066,0.9401309635173059,0.9247795487492377,0.016041195086944147,88,0.9155555555555555,0.9555555555555556,0.9288888888888889,0.9422222222222223,0.9244444444444444,0.9333333333333332,0.014054567378526187,88,0.8717205813408344,0.9281831187410586,0.8876150627615063,0.8992532613585245,0.9043285939968404,0.8982201236397527,0.01871285610148127,85,0.9155555555555555,0.9555555555555556,0.9288888888888889,0.9422222222222222,0.9244444444444445,0.9333333333333332,0.014054567378526157,88
6,0.49955096244812014,0.05292153411393641,0.07025442123413086,0.013383632972422356,gini,1,7,"{'criterion': 'gini', 'max_depth': 1, 'min_samples_leaf': 7}",0.9244444444444444,0.9377777777777778,0.9155555555555556,0.9511111111111111,0.9155555555555556,0.9288888888888888,0.013770607453181937,101,0.9134199134199135,0.958139534883721,0.9082969432314411,0.9765258215962441,0.8978723404255319,0.9308509107113704,0.030760278631115915,108,0.9360730593607306,0.9191489361702128,0.9230769230769231,0.9282700421940928,0.9348837209302325,0.9282905363464383,0.006554216727272345,74,0.9377777777777778,0.9155555555555556,0.9244444444444444,0.9244444444444444,0.9377777777777778,0.9279999999999999,0.00861809752429572,66,0.9111111111111111,0.96,0.9066666666666666,0.9777777777777777,0.8933333333333333,0.9297777777777778,0.03294889420951225,108,0.9309718437783833,0.927038626609442,0.9197475202885482,0.9377664109121909,0.9262672811059908,0.9283583365389111,0.0059262566114358615,83,0.9244444444444444,0.9377777777777778,0.9155555555555555,0.951111111111111,0.9155555555555556,0.9288888888888888,0.013770607453181923,101,0.8973110096397767,0.9023829787234042,0.8835897435897435,0.9187529301453352,0.8884961240310078,0.8981065572258535,0.012233492517305728,86,0.9244444444444444,0.9377777777777777,0.9155555555555556,0.951111111111111,0.9155555555555556,0.9288888888888888,0.013770607453181887,101
4,0.7851542949676513,0.14908146060286923,0.08804693222045898,0.017502305766246992,gini,1,5,"{'criterion': 'gini', 'max_depth': 1, 'min_samples_leaf': 5}",0.9266666666666666,0.9333333333333333,0.9133333333333333,0.9644444444444444,0.9133333333333333,0.9302222222222222,0.018782708096991504,97,0.9137931034482759,0.9577464788732394,0.9078947368421053,0.986046511627907,0.9227272727272727,0.93764162070376,0.029743252807052215,104,0.9403669724770642,0.9113924050632911,0.918918918918919,0.9446808510638298,0.9043478260869565,0.9239413947220122,0.01591562119708435,81,0.9422222222222222,0.9066666666666666,0.92,0.9422222222222222,0.9022222222222223,0.9226666666666666,0.017005445750852416,80,0.9111111111111111,0.96,0.9066666666666666,0.9866666666666667,0.9244444444444444,0.9377777777777778,0.03079201435678006,104,0.9343664539653601,0.9207161125319693,0.9164420485175202,0.9527896995708155,0.9082969432314411,0.9265222515634213,0.015614057408877634,85,0.9266666666666666,0.9333333333333333,0.9133333333333333,0.9644444444444444,0.9133333333333333,0.9302222222222222,0.018782708096991504,97,0.9012232415902142,0.8949367088607595,0.8798198198198199,0.9387517730496455,0.8737971014492754,0.897705728953943,0.02278748041377192,87,0.9266666666666666,0.9333333333333332,0.9133333333333334,0.9644444444444444,0.9133333333333333,0.9302222222222222,0.01878270809699148,97
7,0.48370022773742677,0.0575471732645984,0.07600846290588378,0.009473574831565284,gini,1,8,"{'criterion': 'gini', 'max_depth': 1, 'min_samples_leaf': 8}",0.92,0.9377777777777778,0.9133333333333333,0.9644444444444444,0.9155555555555556,0.9302222222222222,0.019147252647589343,97,0.9126637554585153,0.958139534883721,0.911504424778761,0.9771689497716894,0.9308755760368663,0.9380704481859107,0.025824333050020756,103,0.9276018099547512,0.9191489361702128,0.9151785714285714,0.9523809523809523,0.9012875536480687,0.9231195647165112,0.01692206431360438,82,0.9288888888888889,0.9155555555555556,0.9155555555555556,0.9511111111111111,0.8977777777777778,0.9217777777777778,0.017688665548562132,81,0.9111111111111111,0.96,0.9111111111111111,0.9777777777777777,0.9333333333333333,0.9386666666666666,0.026577629133735195,102,0.9242560865644724,0.927038626609442,0.9143621766280107,0.9573542210617929,0.9075194468452895,0.9261061115418014,0.017112104704807157,86,0.9199999999999999,0.9377777777777778,0.9133333333333333,0.9644444444444444,0.9155555555555556,0.9302222222222222,0.019147252647589354,97,0.8895927601809954,0.9023829787234042,0.8782738095238094,0.9423280423280422,0.8745350500715308,0.8974225281655563,0.024466003424145177,88,0.9199999999999999,0.9377777777777777,0.9133333333333333,0.9644444444444445,0.9155555555555556,0.9302222222222222,0.01914725264758939,97
3,0.5105688571929932,0.015228314421458,0.07964529991149902,0.010735792292935309,gini,1,4,"{'criterion': 'gini', 'max_depth': 1, 'min_samples_leaf': 4}",0.9177777777777778,0.9355555555555556,0.9155555555555556,0.9644444444444444,0.9133333333333333,0.9293333333333333,0.019239876286145208,99,0.9017094017094017,0.9579439252336449,0.9118942731277533,0.9771689497716894,0.9386792452830188,0.9374791590251018,0.028034222933083434,105,0.9351851851851852,0.9152542372881356,0.9192825112107623,0.9523809523809523,0.8907563025210085,0.922571837717209,0.020612011430767074,84,0.9377777777777778,0.9111111111111111,0.92,0.9511111111111111,0.8844444444444445,0.9208888888888888,0.022905064403066888,82,0.8977777777777778,0.96,0.9111111111111111,0.9777777777777777,0.9422222222222222,0.9377777777777778,0.029747912054544894,104,0.9274563820018366,0.9238665526090676,0.9176365264100269,0.9573542210617929,0.9005947323704333,0.9253816828906315,0.018456562834278354,87,0.9177777777777778,0.9355555555555555,0.9155555555555556,0.9644444444444444,0.9133333333333333,0.9293333333333333,0.0192398762861452,99,0.8906995884773663,0.8986440677966102,0.8820129546586946,0.9423280423280422,0.8681792717086836,0.8963727849938794,0.02510102977788717,89,0.9177777777777778,0.9355555555555555,0.9155555555555555,0.9644444444444445,0.9133333333333333,0.9293333333333333,0.019239876286145256,99
76,0.7195006370544433,0.10835309140236862,0.07335329055786133,0.0065320627129511095,log_loss,1,5,"{'criterion': 'log_loss', 'max_depth': 1, 'min_samples_leaf': 5}",0.9222222222222223,0.94,0.9244444444444444,0.9577777777777777,0.9266666666666666,0.9342222222222223,0.013303670708529546,86,0.9318181818181818,0.9852941176470589,0.9400921658986175,0.9904761904761905,0.9485981308411215,0.959255757336234,0.02402648722859363,80,0.9130434782608695,0.9024390243902439,0.9098712446351931,0.9291666666666667,0.9067796610169492,0.9122600149939846,0.009150311966827949,96,0.9111111111111111,0.8933333333333333,0.9066666666666666,0.9244444444444444,0.9022222222222223,0.9075555555555554,0.010289632802480188,96,0.9333333333333333,0.9866666666666667,0.9422222222222222,0.9911111111111112,0.9511111111111111,0.9608888888888888,0.023584887398082864,79,0.9170305676855895,0.9181141439205955,0.916162489196197,0.9409282700421941,0.9153122326775022,0.9215095407044158,0.009753712670863713,94,0.9222222222222223,0.94,0.9244444444444444,0.9577777777777778,0.9266666666666667,0.9342222222222223,0.013303670708529574,86,0.8855072463768116,0.8970731707317074,0.8861897949451596,0.925351851851852,0.8868926553672316,0.8962029438545525,0.015177342979500219,90,0.9222222222222222,0.9400000000000001,0.9244444444444443,0.9577777777777777,0.9266666666666666,0.9342222222222223,0.013303670708529593,86
43,0.9859523773193359,0.21572531828227054,0.09781360626220703,0.04529698206762867,entropy,1,8,"{'criterion': 'entropy', 'max_depth': 1, 'min_samples_leaf': 8}",0.9111111111111111,0.9377777777777778,0.9377777777777778,0.9444444444444444,0.9311111111111111,0.9324444444444444,0.011469767022723511,90,0.9342723004694836,0.958139534883721,0.966824644549763,0.9901960784313726,0.9145299145299145,0.952792494572851,0.02619749140544034,90,0.890295358649789,0.9191489361702128,0.9121338912133892,0.9065040650406504,0.9490740740740741,0.9154312650296232,0.019328947422836286,93,0.8844444444444445,0.9155555555555556,0.9066666666666666,0.8977777777777778,0.9511111111111111,0.9111111111111111,0.022487307805641808,93,0.9377777777777778,0.96,0.9688888888888889,0.9911111111111112,0.9111111111111111,0.9537777777777778,0.02733965599863059,88,0.8994032395566922,0.927038626609442,0.9229466553767993,0.9222497932175352,0.9412304866850322,0.9225737602891002,0.013454556904573443,90,0.9111111111111112,0.9377777777777778,0.9377777777777778,0.9444444444444444,0.9311111111111111,0.9324444444444445,0.011469767022723471,89,0.8660103141115799,0.9023829787234042,0.8993119479311948,0.9028906955736224,0.909156378600823,0.8959504629881249,0.015307856740688979,91,0.9111111111111112,0.9377777777777777,0.9377777777777777,0.9444444444444444,0.9311111111111111,0.9324444444444444,0.011469767022723449,89
78,0.6329747200012207,0.10578862633665147,0.09066081047058105,0.012843943284911848,log_loss,1,7,"{'criterion': 'log_loss', 'max_depth': 1, 'min_samples_leaf': 7}",0.9177777777777778,0.9511111111111111,0.9377777777777778,0.9488888888888889,0.9222222222222223,0.9355555555555556,0.013553733939535018,84,0.9311926605504587,0.9765258215962441,0.9758454106280193,0.9902912621359223,0.9656862745098039,0.9679082858840896,0.019956111720613727,54,0.9051724137931034,0.9282700421940928,0.9053497942386831,0.9139344262295082,0.8861788617886179,0.9077811076488012,0.013689655679320047,100,0.9022222222222223,0.9244444444444444,0.8977777777777778,0.9066666666666666,0.8755555555555555,0.9013333333333333,0.01575115124148386,101,0.9333333333333333,0.9777777777777777,0.9777777777777777,0.9911111111111112,0.9688888888888889,0.9697777777777776,0.01955555555555556,52,0.9106678230702515,0.9377664109121909,0.9189640768588136,0.9283930058284763,0.901571546732837,0.9194725726805139,0.012747294289170055,97,0.9177777777777778,0.951111111111111,0.9377777777777778,0.9488888888888889,0.9222222222222223,0.9355555555555556,0.013553733939534992,84,0.8781609195402299,0.9187529301453352,0.896342021033379,0.9102550091074681,0.8741644083107498,0.8955350576274324,0.01740668315481463,92,0.9177777777777778,0.951111111111111,0.9377777777777778,0.9488888888888889,0.9222222222222223,0.9355555555555556,0.013553733939534992,84
38,0.8193672657012939,0.09159943137732109,0.11363115310668945,0.023668013821229773,entropy,1,3,"{'criterion': 'entropy', 'max_depth': 1, 'min_samples_leaf': 3}",0.9244444444444444,0.9444444444444444,0.9288888888888889,0.9555555555555556,0.9244444444444444,0.9355555555555556,0.012412657816683532,84,0.9441860465116279,0.9854368932038835,0.9530516431924883,0.9904306220095693,0.9704433497536946,0.9687097109342527,0.017895179855473592,51,0.9063829787234042,0.9098360655737705,0.9071729957805907,0.9253112033195021,0.8866396761133604,0.9070685839021257,0.012314815043300165,102,0.9022222222222223,0.9022222222222223,0.9022222222222223,0.92,0.8755555555555555,0.9004444444444445,0.014222222222222244,102,0.9466666666666667,0.9866666666666667,0.9555555555555556,0.9911111111111112,0.9733333333333334,0.9706666666666667,0.017236195048591404,49,0.9141630901287554,0.9242298084929226,0.9164535379369139,0.9377628259041211,0.9027205276174773,0.9190659580160381,0.011612701388360952,98,0.9244444444444444,0.9444444444444444,0.9288888888888889,0.9555555555555556,0.9244444444444444,0.9355555555555556,0.012412657816683532,84,0.8847092198581561,0.9043715846994536,0.8890764181903423,0.9215306592899954,0.8763292847503374,0.8952034333576571,0.01600674946266901,93,0.9244444444444445,0.9444444444444445,0.928888888888889,0.9555555555555556,0.9244444444444444,0.9355555555555556,0.012412657816683515,84
74,0.6401398181915283,0.16288403994179573,0.08626370429992676,0.024227158804982347,log_loss,1,3,"{'criterion': 'log_loss', 'max_depth': 1, 'min_samples_leaf': 3}",0.9111111111111111,0.9422222222222222,0.9333333333333333,0.9422222222222222,0.9266666666666666,0.931111111111111,0.011589693164804703,94,0.9383886255924171,0.9344978165938864,0.9372197309417041,0.9901477832512315,0.9485981308411215,0.949770417444072,0.020746195697374695,92,0.8870292887029289,0.9502262443438914,0.9295154185022027,0.902834008097166,0.9067796610169492,0.9152769241326275,0.022132095483408974,95,0.88,0.9511111111111111,0.9288888888888889,0.8933333333333333,0.9022222222222223,0.9111111111111111,0.02560864051713411,93,0.9422222222222222,0.9333333333333333,0.9377777777777778,0.9911111111111112,0.9511111111111111,0.9511111111111111,0.020846292265881926,92,0.8975444538526672,0.9467989179440938,0.9311562224183584,0.9192085737840066,0.9153122326775022,0.9220040801353256,0.016428114233705285,93,0.9111111111111111,0.9422222222222223,0.9333333333333333,0.9422222222222223,0.9266666666666667,0.9311111111111112,0.011589693164804737,93,0.8646675964667596,0.9202111613876319,0.9027900146842879,0.8992532613585245,0.8868926553672316,0.8947629378528872,0.018438437939632547,94,0.9111111111111111,0.9422222222222223,0.9333333333333333,0.9422222222222222,0.9266666666666666,0.9311111111111112,0.011589693164804725,93
0,0.47513680458068847,0.04659406371930459,0.06343131065368653,0.011168423820791527,gini,1,1,"{'criterion': 'gini', 'max_depth': 1, 'min_samples_leaf': 1}",0.9222222222222223,0.9355555555555556,0.9133333333333333,0.9511111111111111,0.9177777777777778,0.9279999999999999,0.013741888741102496,102,0.9094827586206896,0.9579439252336449,0.9078947368421053,0.981042654028436,0.9392523364485982,0.9391232822346949,0.02816114229542327,101,0.9357798165137615,0.9152542372881356,0.918918918918919,0.9246861924686193,0.8983050847457628,0.9185888499870396,0.012291189000054176,90,0.9377777777777778,0.9111111111111111,0.92,0.92,0.8933333333333333,0.9164444444444444,0.014442734941575065,87,0.9066666666666666,0.96,0.9066666666666666,0.9822222222222222,0.9422222222222222,0.9395555555555555,0.0296947432684268,101,0.9298085688240656,0.9238665526090676,0.9164420485175202,0.9356477561388654,0.9067579127459366,0.9225045677670911,0.010125790030735066,91,0.9222222222222223,0.9355555555555555,0.9133333333333333,0.9511111111111111,0.9177777777777778,0.9279999999999999,0.013741888741102484,102,0.8951070336391438,0.8986440677966102,0.8798198198198199,0.9171362157136216,0.875291902071563,0.8931998078081517,0.014872432666163409,95,0.9222222222222224,0.9355555555555555,0.9133333333333334,0.9511111111111111,0.9177777777777777,0.9279999999999999,0.013741888741102467,102
40,0.8700820922851562,0.04864199048365635,0.09804048538208007,0.019610875784867265,entropy,1,5,"{'criterion': 'entropy', 'max_depth': 1, 'min_samples_leaf': 5}",0.9266666666666666,0.9511111111111111,0.9177777777777778,0.9488888888888889,0.9111111111111111,0.9311111111111112,0.01620851780338709,93,0.9485981308411215,0.9765258215962441,0.9122807017543859,0.9902912621359223,0.9556650246305419,0.9566721881916432,0.026687891414957136,84,0.9067796610169492,0.9282700421940928,0.9234234234234234,0.9139344262295082,0.8744939271255061,0.909380295997896,0.018966254647754758,97,0.9022222222222223,0.9244444444444444,0.9244444444444444,0.9066666666666666,0.8622222222222222,0.9040000000000001,0.022766663955316777,98,0.9511111111111111,0.9777777777777777,0.9111111111111111,0.9911111111111112,0.96,0.9582222222222221,0.027339655998630585,83,0.9153122326775022,0.9377664109121909,0.9209344115004492,0.9283930058284763,0.8903544929925804,0.9185521107822398,0.015983180914024196,99,0.9266666666666667,0.951111111111111,0.9177777777777778,0.9488888888888889,0.9111111111111111,0.9311111111111112,0.016208517803387057,93,0.8868926553672316,0.9187529301453352,0.8857857857857858,0.9102550091074681,0.8595141700404858,0.8922401100892612,0.020826458845692345,96,0.9266666666666666,0.951111111111111,0.9177777777777777,0.9488888888888889,0.9111111111111111,0.9311111111111112,0.01620851780338708,93
73,0.6125965595245362,0.06369819236076825,0.06762447357177734,0.00868286965597002,log_loss,1,2,"{'criterion': 'log_loss', 'max_depth': 1, 'min_samples_leaf': 2}",0.9111111111111111,0.9422222222222222,0.9422222222222222,0.9422222222222222,0.9311111111111111,0.9337777777777777,0.01212282817509853,87,0.9342723004694836,0.9853658536585366,0.9671361502347418,0.9901477832512315,0.9663461538461539,0.9686536482920294,0.019651972190715104,52,0.890295358649789,0.9061224489795918,0.919831223628692,0.902834008097166,0.9008264462809917,0.9039818971272462,0.009532879602149952,106,0.8844444444444445,0.8977777777777778,0.9155555555555556,0.8933333333333333,0.8933333333333333,0.896888888888889,0.0102896328024802,106,0.9377777777777778,0.9866666666666667,0.9688888888888889,0.9911111111111112,0.9688888888888889,0.9706666666666667,0.018772188517282556,49,0.8994032395566922,0.921161825726141,0.9292412617220801,0.9192085737840066,0.9136630343671417,0.9165355870312123,0.009917156858583836,103,0.9111111111111112,0.9422222222222223,0.9422222222222223,0.9422222222222223,0.9311111111111111,0.9337777777777777,0.012122828175098535,87,0.8660103141115799,0.9007074829931974,0.906769807782466,0.8992532613585245,0.888356290174472,0.892219431284048,0.014388029231080774,97,0.9111111111111112,0.9422222222222223,0.9422222222222222,0.9422222222222222,0.9311111111111111,0.9337777777777777,0.012122828175098504,87
1,0.49061198234558107,0.028615189784082902,0.07213854789733887,0.008371714280042587,gini,1,2,"{'criterion': 'gini', 'max_depth': 1, 'min_samples_leaf': 2}",0.9133333333333333,0.9333333333333333,0.9133333333333333,0.9511111111111111,0.9177777777777778,0.9257777777777777,0.0146464507140303,106,0.8940677966101694,0.9534883720930233,0.911504424778761,0.9720930232558139,0.9351851851851852,0.9332677603845905,0.028036514153355917,107,0.9345794392523364,0.9148936170212766,0.9151785714285714,0.9319148936170213,0.9017094017094017,0.9196551846057215,0.012147407599645834,87,0.9377777777777778,0.9111111111111111,0.9155555555555556,0.9288888888888889,0.8977777777777778,0.9182222222222223,0.013941677458985006,84,0.8888888888888888,0.9555555555555556,0.9111111111111111,0.9733333333333334,0.9377777777777778,0.9333333333333333,0.030274464650535866,107,0.9250693802035153,0.9227467811158798,0.9143621766280107,0.9399141630901288,0.9086993970714901,0.9221583796218049,0.010639670856648492,92,0.9133333333333333,0.9333333333333333,0.9133333333333333,0.9511111111111111,0.9177777777777778,0.9257777777777777,0.0146464507140303,106,0.8862928348909657,0.8964539007092198,0.8782738095238094,0.9203971631205674,0.8767141500474834,0.8916263716584092,0.016001095971693927,98,0.9133333333333333,0.9333333333333333,0.9133333333333333,0.9511111111111111,0.9177777777777778,0.9257777777777777,0.0146464507140303,106
36,1.1890623569488525,0.18649482432639422,0.19306445121765137,0.0838072539261633,entropy,1,1,"{'criterion': 'entropy', 'max_depth': 1, 'min_samples_leaf': 1}",0.9177777777777778,0.9333333333333333,0.9355555555555556,0.9466666666666667,0.92,0.9306666666666666,0.010648132045076378,96,0.9272727272727272,0.922077922077922,0.9757281553398058,0.9902439024390244,0.9701492537313433,0.9570943921721646,0.027320400605719615,83,0.908695652173913,0.9452054794520548,0.9016393442622951,0.9102040816326531,0.8795180722891566,0.9090525259620146,0.021145820873560227,98,0.9066666666666666,0.9466666666666667,0.8933333333333333,0.9022222222222223,0.8666666666666667,0.9031111111111112,0.02582371386014923,99,0.9288888888888889,0.92,0.9777777777777777,0.9911111111111112,0.9733333333333334,0.9582222222222223,0.028333115467571966,82,0.9126637554585153,0.9400544959128065,0.9159034138218152,0.9253112033195021,0.8968058968058968,0.9181477530637071,0.014295499422680552,100,0.9177777777777778,0.9333333333333333,0.9355555555555555,0.9466666666666668,0.92,0.9306666666666666,0.0106481320450764,96,0.8796328502415459,0.9095890410958904,0.8927140255009107,0.9065578231292517,0.8693975903614457,0.8915782660658088,0.015393118140339541,99,0.9177777777777777,0.9333333333333332,0.9355555555555556,0.9466666666666667,0.92,0.9306666666666666,0.010648132045076399,96
41,0.8560428619384766,0.030536211078448696,0.10731401443481445,0.014662171501264233,entropy,1,6,"{'criterion': 'entropy', 'max_depth': 1, 'min_samples_leaf': 6}",0.92,0.9533333333333334,0.9311111111111111,0.94,0.9133333333333333,0.9315555555555555,0.014222222222222221,92,0.9521531100478469,0.9678899082568807,0.9369369369369369,0.9900990099009901,0.9603960396039604,0.9614950009493229,0.017610572490804735,73,0.8921161825726142,0.9396551724137931,0.9254385964912281,0.8991935483870968,0.875,0.9062806999729464,0.023281855043327807,103,0.8844444444444445,0.9377777777777778,0.9244444444444444,0.8888888888888888,0.8622222222222222,0.8995555555555557,0.02762714714296899,103,0.9555555555555556,0.9688888888888889,0.9377777777777778,0.9911111111111112,0.9644444444444444,0.9635555555555555,0.017418593726458157,66,0.904121110176619,0.9453599306157849,0.9278803869832893,0.9161873459326212,0.8915365653245686,0.9170170678065765,0.0186417796579304,101,0.92,0.9533333333333334,0.9311111111111111,0.94,0.9133333333333333,0.9315555555555555,0.014222222222222221,92,0.8746887966804979,0.9259770114942529,0.8989668615984405,0.8956451612903227,0.8616666666666667,0.8913888995460362,0.022064375468618926,100,0.92,0.9533333333333334,0.9311111111111111,0.94,0.9133333333333333,0.9315555555555555,0.014222222222222221,92
72,0.5196157455444336,0.047012139801201745,0.07333688735961914,0.016213985634891903,log_loss,1,1,"{'criterion': 'log_loss', 'max_depth': 1, 'min_samples_leaf': 1}",0.92,0.9422222222222222,0.9266666666666666,0.9466666666666667,0.9244444444444444,0.932,0.010479845442268074,91,0.9276018099547512,0.9853658536585366,0.9485981308411215,0.9902439024390244,0.9704433497536946,0.9644506093294257,0.023442651053811738,61,0.9126637554585153,0.9061224489795918,0.9067796610169492,0.9102040816326531,0.8866396761133604,0.904481924640214,0.009230408238474595,105,0.9111111111111111,0.8977777777777778,0.9022222222222223,0.9022222222222223,0.8755555555555555,0.8977777777777778,0.011925695879998888,105,0.9288888888888889,0.9866666666666667,0.9511111111111111,0.9911111111111112,0.9733333333333334,0.9662222222222223,0.023281423739926765,60,0.915863277826468,0.921161825726141,0.9153122326775022,0.9253112033195021,0.9027205276174773,0.9160738134334181,0.007617766254883473,105,0.9199999999999999,0.9422222222222223,0.9266666666666667,0.9466666666666668,0.9244444444444444,0.932,0.01047984544226814,91,0.8833187772925765,0.9007074829931974,0.8868926553672316,0.9065578231292517,0.8763292847503374,0.890761204706519,0.011199083165807847,101,0.92,0.9422222222222223,0.9266666666666666,0.9466666666666667,0.9244444444444444,0.932,0.010479845442268097,91
2,0.5117713928222656,0.035942945901616466,0.06958580017089844,0.0062578390693598844,gini,1,3,"{'criterion': 'gini', 'max_depth': 1, 'min_samples_leaf': 3}",0.9155555555555556,0.9288888888888889,0.9177777777777778,0.9533333333333334,0.9155555555555556,0.9262222222222223,0.014429051627331496,105,0.8978723404255319,0.957345971563981,0.915929203539823,0.9903846153846154,0.9308755760368663,0.9384815413901635,0.03245107600778034,102,0.9348837209302325,0.9037656903765691,0.9196428571428571,0.9214876033057852,0.9012875536480687,0.9162134850807024,0.012376474817958874,92,0.9377777777777778,0.8977777777777778,0.92,0.9155555555555556,0.8977777777777778,0.9137777777777778,0.015032475133589138,91,0.8933333333333333,0.96,0.9155555555555556,0.9911111111111112,0.9333333333333333,0.9386666666666666,0.03412685123635995,102,0.9262672811059908,0.9144792548687553,0.9188224799286352,0.9346186085498742,0.9075194468452895,0.9203414142597091,0.009381141692592482,96,0.9155555555555556,0.9288888888888889,0.9177777777777778,0.9533333333333334,0.9155555555555556,0.9262222222222223,0.014429051627331496,105,0.8884961240310078,0.8876150627615063,0.8842063492063492,0.917741046831956,0.8745350500715308,0.8905187265804699,0.014483790438810163,102,0.9155555555555556,0.9288888888888889,0.9177777777777779,0.9533333333333334,0.9155555555555556,0.9262222222222223,0.014429051627331484,105
75,0.783842134475708,0.24608905028915803,0.08953914642333985,0.011750290196057594,log_loss,1,4,"{'criterion': 'log_loss', 'max_depth': 1, 'min_samples_leaf': 4}",0.9155555555555556,0.9444444444444444,0.9222222222222223,0.9511111111111111,0.9222222222222223,0.931111111111111,0.013984117975602004,94,0.9473684210526315,0.9854368932038835,0.9318181818181818,0.9903381642512077,0.9481132075471698,0.9606149735746149,0.023067796951876367,77,0.8879668049792531,0.9098360655737705,0.9130434782608695,0.9176954732510288,0.8991596638655462,0.9055402971860935,0.010696165363027803,104,0.88,0.9022222222222223,0.9111111111111111,0.9111111111111111,0.8933333333333333,0.8995555555555554,0.011792443699041416,104,0.9511111111111111,0.9866666666666667,0.9333333333333333,0.9911111111111112,0.9511111111111111,0.9626666666666667,0.02241692482296622,71,0.8999158957106812,0.9242298084929226,0.9170305676855895,0.9314954051796157,0.9090909090909091,0.9163525172319436,0.011087939441130654,104,0.9155555555555556,0.9444444444444444,0.9222222222222223,0.9511111111111111,0.9222222222222223,0.931111111111111,0.013984117975602004,95,0.8689995389580452,0.9043715846994536,0.8855072463768116,0.9139826245999085,0.8796451914098973,0.8905012372088233,0.016424851876392445,103,0.9155555555555556,0.9444444444444445,0.9222222222222222,0.9511111111111111,0.9222222222222222,0.9311111111111112,0.013984117975602055,93
5,0.5873609066009522,0.10332794168502116,0.06869392395019532,0.010870792826775916,gini,1,6,"{'criterion': 'gini', 'max_depth': 1, 'min_samples_leaf': 6}",0.9133333333333333,0.9333333333333333,0.9155555555555556,0.9533333333333334,0.9133333333333333,0.9257777777777777,0.015688322306420272,106,0.8974358974358975,0.9534883720930233,0.9192825112107623,0.9766355140186916,0.9345794392523364,0.9362843468021422,0.027296030199787616,106,0.9305555555555556,0.9148936170212766,0.9118942731277533,0.9322033898305084,0.8940677966101694,0.9167229264290528,0.013934873866663935,91,0.9333333333333333,0.9111111111111111,0.9111111111111111,0.9288888888888889,0.8888888888888888,0.9146666666666666,0.015751151241483886,89,0.8933333333333333,0.9555555555555556,0.92,0.9777777777777777,0.9377777777777778,0.936888888888889,0.028994678098311275,106,0.9228650137741047,0.9227467811158798,0.913503971756399,0.9409751924721984,0.9024807527801539,0.9205143423797472,0.012676840894669765,95,0.9133333333333333,0.9333333333333333,0.9155555555555556,0.9533333333333334,0.9133333333333333,0.9257777777777777,0.015688322306420272,106,0.8846296296296297,0.8964539007092198,0.8789427312775331,0.9225988700564971,0.86954802259887,0.89043463085435,0.01829088348089953,104,0.9133333333333333,0.9333333333333333,0.9155555555555555,0.9533333333333334,0.9133333333333333,0.9257777777777777,0.015688322306420286,106
77,0.5803964138031006,0.05167412033268538,0.09182543754577636,0.03226733408244191,log_loss,1,6,"{'criterion': 'log_loss', 'max_depth': 1, 'min_samples_leaf': 6}",0.9177777777777778,0.9333333333333333,0.9222222222222223,0.9488888888888889,0.9244444444444444,0.9293333333333333,0.0110128992829901,99,0.9433962264150944,0.9577464788732394,0.9398148148148148,0.9902912621359223,0.9400921658986175,0.9542681896275378,0.019171956213979744,87,0.8949579831932774,0.9113924050632911,0.905982905982906,0.9139344262295082,0.9098712446351931,0.9072277930208351,0.006654453183229023,101,0.8888888888888888,0.9066666666666666,0.9022222222222223,0.9066666666666666,0.9066666666666666,0.9022222222222223,0.006885303726590965,100,0.9466666666666667,0.96,0.9422222222222222,0.9911111111111112,0.9422222222222222,0.9564444444444444,0.018517925916444175,85,0.9048428207306712,0.9207161125319693,0.9130060292850991,0.9283930058284763,0.916162489196197,0.9166240915144825,0.00784032872289298,102,0.9177777777777778,0.9333333333333333,0.9222222222222223,0.9488888888888889,0.9244444444444444,0.9293333333333333,0.0110128992829901,99,0.8738935574229691,0.8949367088607595,0.8825261158594491,0.9102550091074681,0.8861897949451596,0.8895602372391611,0.012356889827816043,105,0.9177777777777778,0.9333333333333332,0.9222222222222222,0.9488888888888889,0.9244444444444443,0.9293333333333333,0.011012899282990114,99
79,0.6349584102630615,0.13018119005539674,0.07799491882324219,0.023353250653284655,log_loss,1,8,"{'criterion': 'log_loss', 'max_depth': 1, 'min_samples_leaf': 8}",0.8955555555555555,0.9222222222222223,0.92,0.9555555555555556,0.9355555555555556,0.9257777777777777,0.019706488246573672,106,0.8836206896551724,0.9567307692307693,0.9354838709677419,0.9904306220095693,0.9622641509433962,0.9457060205613299,0.03565133208091514,98,0.908256880733945,0.8925619834710744,0.9055793991416309,0.9253112033195021,0.9117647058823529,0.9086948345097012,0.010542243085271706,99,0.9111111111111111,0.8844444444444445,0.9022222222222223,0.92,0.9066666666666666,0.9048888888888887,0.011792443699041415,97,0.88,0.96,0.9377777777777778,0.9911111111111112,0.9644444444444444,0.9466666666666667,0.03739677149860024,96,0.902461257976299,0.9052808046940486,0.9118409680207433,0.9377628259041211,0.9218351741716228,0.9158362061533669,0.012829902083969478,106,0.8955555555555555,0.9222222222222223,0.92,0.9555555555555556,0.9355555555555555,0.9257777777777777,0.019706488246573662,106,0.8592660550458715,0.8768595041322315,0.880343347639485,0.9215306592899954,0.897124183006536,0.8870247498228239,0.021029383393692463,106,0.8955555555555554,0.9222222222222223,0.92,0.9555555555555556,0.9355555555555555,0.9257777777777777,0.019706488246573693,106
80,0.6696398258209229,0.16041029143241944,0.08691024780273438,0.031192630169318853,log_loss,1,9,"{'criterion': 'log_loss', 'max_depth': 1, 'min_samples_leaf': 9}",0.9155555555555556,0.9355555555555556,0.9222222222222223,0.9444444444444444,0.92,0.9275555555555556,0.010758860832809055,103,0.9230769230769231,0.9851485148514851,0.9357798165137615,0.9901960784313726,0.9655172413793104,0.9599437148505705,0.02655035201947736,79,0.9082969432314411,0.8951612903225806,0.9094827586206896,0.9065040650406504,0.8825910931174089,0.9004072300665541,0.010263710914192588,107,0.9066666666666666,0.8844444444444445,0.9066666666666666,0.8977777777777778,0.8711111111111111,0.8933333333333333,0.013770607453181921,107,0.9244444444444444,0.9866666666666667,0.9377777777777778,0.9911111111111112,0.9688888888888889,0.9617777777777778,0.026458446339799522,73,0.9114811568799299,0.9120788824979458,0.9150043365134432,0.9222497932175352,0.8985985160758451,0.9118825370369399,0.007666687722229114,107,0.9155555555555555,0.9355555555555556,0.9222222222222223,0.9444444444444444,0.9199999999999999,0.9275555555555556,0.010758860832809095,103,0.8774478408539543,0.8898924731182796,0.8840038314176245,0.9028906955736224,0.8706882591093118,0.8849846200145585,0.011016945906513939,107,0.9155555555555555,0.9355555555555556,0.9222222222222223,0.9444444444444444,0.9200000000000002,0.9275555555555556,0.010758860832809063,103
44,0.708634901046753,0.2359306060958267,0.07089705467224121,0.01184394153731804,entropy,1,9,"{'criterion': 'entropy', 'max_depth': 1, 'min_samples_leaf': 9}",0.92,0.9288888888888889,0.94,0.9311111111111111,0.9155555555555556,0.9271111111111111,0.008595146491472737,104,0.9478672985781991,0.957345971563981,0.9541284403669725,0.98989898989899,0.9698492462311558,0.9638179893278597,0.014878128639163947,63,0.895397489539749,0.9037656903765691,0.9267241379310345,0.8849206349206349,0.8725099601593626,0.8966635825854699,0.01831378830565962,108,0.8888888888888888,0.8977777777777778,0.9244444444444444,0.8711111111111111,0.8577777777777778,0.8879999999999999,0.022905064403066888,108,0.9511111111111111,0.96,0.9555555555555556,0.9911111111111112,0.9733333333333334,0.9662222222222223,0.014497339049155651,60,0.9060118543607113,0.9144792548687553,0.9323503902862099,0.9042984590429846,0.8909682668836453,0.9096216450884611,0.013634571120989482,108,0.9199999999999999,0.9288888888888889,0.94,0.9311111111111111,0.9155555555555556,0.9271111111111111,0.008595146491472756,104,0.8760669456066945,0.8876150627615063,0.9077586206896553,0.8814991181657847,0.8625763612217796,0.883103221689084,0.014843717456253467,108,0.9199999999999999,0.9288888888888889,0.9400000000000001,0.9311111111111111,0.9155555555555556,0.9271111111111111,0.00859514649147279,104
