,mean_fit_time,std_fit_time,mean_score_time,std_score_time,param_C,param_dual,param_fit_intercept,param_max_iter,param_n_jobs,param_penalty,param_solver,params,split0_test_accuracy_score,split1_test_accuracy_score,split2_test_accuracy_score,split3_test_accuracy_score,split4_test_accuracy_score,mean_test_accuracy_score,std_test_accuracy_score,rank_test_accuracy_score,split0_test_precision_0,split1_test_precision_0,split2_test_precision_0,split3_test_precision_0,split4_test_precision_0,mean_test_precision_0,std_test_precision_0,rank_test_precision_0,split0_test_precision_1,split1_test_precision_1,split2_test_precision_1,split3_test_precision_1,split4_test_precision_1,mean_test_precision_1,std_test_precision_1,rank_test_precision_1,split0_test_recall_0,split1_test_recall_0,split2_test_recall_0,split3_test_recall_0,split4_test_recall_0,mean_test_recall_0,std_test_recall_0,rank_test_recall_0,split0_test_recall_1,split1_test_recall_1,split2_test_recall_1,split3_test_recall_1,split4_test_recall_1,mean_test_recall_1,std_test_recall_1,rank_test_recall_1,split0_test_fbeta_score,split1_test_fbeta_score,split2_test_fbeta_score,split3_test_fbeta_score,split4_test_fbeta_score,mean_test_fbeta_score,std_test_fbeta_score,rank_test_fbeta_score,split0_test_balanced_accuracy_score,split1_test_balanced_accuracy_score,split2_test_balanced_accuracy_score,split3_test_balanced_accuracy_score,split4_test_balanced_accuracy_score,mean_test_balanced_accuracy_score,std_test_balanced_accuracy_score,rank_test_balanced_accuracy_score,split0_test_average_precision_score,split1_test_average_precision_score,split2_test_average_precision_score,split3_test_average_precision_score,split4_test_average_precision_score,mean_test_average_precision_score,std_test_average_precision_score,rank_test_average_precision_score,split0_test_roc_auc,split1_test_roc_auc,split2_test_roc_auc,split3_test_roc_auc,split4_test_roc_auc,mean_test_roc_auc,std_test_roc_auc,rank_test_roc_auc
455,0.08291473388671874,0.007861272942497624,0.07793726921081542,0.014945089802931437,8,False,True,500,-1,l2,lbfgs,"{'C': 8, 'dual': False, 'fit_intercept': True, 'max_iter': 500, 'n_jobs': -1, 'penalty': 'l2', 'solver': 'lbfgs'}",0.8911111111111111,0.9177777777777778,0.9288888888888889,0.9377777777777778,0.96,0.9271111111111111,0.022723240944291942,1,0.8928571428571429,0.9051724137931034,0.9071729957805907,0.9417040358744395,1.0,0.9293813176610553,0.03886423448826969,55,0.8893805309734514,0.9311926605504587,0.9530516431924883,0.933920704845815,0.9259259259259259,0.9266942930976277,0.0207849631824944,1,0.8888888888888888,0.9333333333333333,0.9555555555555556,0.9333333333333333,0.92,0.9262222222222223,0.021881837555717668,1,0.8933333333333333,0.9022222222222223,0.9022222222222223,0.9422222222222222,1.0,0.9279999999999999,0.0397920520632878,55,0.8901682905225864,0.9252506836827712,0.9424326833797586,0.9355692850838482,0.9398496240601504,0.9266541133458229,0.019161158338440655,1,0.8911111111111111,0.9177777777777778,0.9288888888888889,0.9377777777777778,0.96,0.9271111111111111,0.022723240944291942,1,0.8478466076696165,0.8890316004077472,0.9087532603025561,0.9088497307880568,0.9259259259259259,0.8960814250187804,0.026797749561584535,1,0.891111111111111,0.9177777777777778,0.928888888888889,0.9377777777777777,0.9600000000000001,0.9271111111111111,0.022723240944292,1
515,0.05420784950256348,0.014598700426331938,0.0751884937286377,0.02112165124794975,9,False,True,500,-1,l2,lbfgs,"{'C': 9, 'dual': False, 'fit_intercept': True, 'max_iter': 500, 'n_jobs': -1, 'penalty': 'l2', 'solver': 'lbfgs'}",0.8911111111111111,0.9177777777777778,0.9288888888888889,0.9377777777777778,0.96,0.9271111111111111,0.022723240944291942,1,0.8928571428571429,0.9051724137931034,0.9071729957805907,0.9417040358744395,1.0,0.9293813176610553,0.03886423448826969,55,0.8893805309734514,0.9311926605504587,0.9530516431924883,0.933920704845815,0.9259259259259259,0.9266942930976277,0.0207849631824944,1,0.8888888888888888,0.9333333333333333,0.9555555555555556,0.9333333333333333,0.92,0.9262222222222223,0.021881837555717668,1,0.8933333333333333,0.9022222222222223,0.9022222222222223,0.9422222222222222,1.0,0.9279999999999999,0.0397920520632878,55,0.8901682905225864,0.9252506836827712,0.9424326833797586,0.9355692850838482,0.9398496240601504,0.9266541133458229,0.019161158338440655,1,0.8911111111111111,0.9177777777777778,0.9288888888888889,0.9377777777777778,0.96,0.9271111111111111,0.022723240944291942,1,0.8478466076696165,0.8890316004077472,0.9087532603025561,0.9088497307880568,0.9259259259259259,0.8960814250187804,0.026797749561584535,1,0.891111111111111,0.9177777777777778,0.928888888888889,0.9377777777777777,0.9600000000000001,0.9271111111111111,0.022723240944292,1
395,0.0903707504272461,0.045852376249147585,0.07240667343139648,0.008554422260715363,7,False,True,500,-1,l2,lbfgs,"{'C': 7, 'dual': False, 'fit_intercept': True, 'max_iter': 500, 'n_jobs': -1, 'penalty': 'l2', 'solver': 'lbfgs'}",0.8911111111111111,0.9177777777777778,0.9288888888888889,0.9377777777777778,0.9577777777777777,0.9266666666666665,0.022088486470736315,3,0.8928571428571429,0.9051724137931034,0.9071729957805907,0.9417040358744395,1.0,0.9293813176610553,0.03886423448826969,55,0.8893805309734514,0.9311926605504587,0.9530516431924883,0.933920704845815,0.9221311475409836,0.9259353374206393,0.02086827886123169,3,0.8888888888888888,0.9333333333333333,0.9555555555555556,0.9333333333333333,0.9155555555555556,0.9253333333333333,0.022204437327638778,3,0.8933333333333333,0.9022222222222223,0.9022222222222223,0.9422222222222222,1.0,0.9279999999999999,0.0397920520632878,55,0.8901682905225864,0.9252506836827712,0.9424326833797586,0.9355692850838482,0.9367194004995837,0.9260280686337096,0.018766879265993453,3,0.8911111111111111,0.9177777777777778,0.9288888888888889,0.9377777777777778,0.9577777777777778,0.9266666666666665,0.022088486470736343,3,0.8478466076696165,0.8890316004077472,0.9087532603025561,0.9088497307880568,0.9221311475409836,0.8953224693417919,0.025983112393691506,3,0.891111111111111,0.9177777777777778,0.928888888888889,0.9377777777777777,0.9577777777777778,0.9266666666666665,0.022088486470736374,19
335,0.10383396148681641,0.04516405297140889,0.0700918197631836,0.009685996627253012,6,False,True,500,-1,l2,lbfgs,"{'C': 6, 'dual': False, 'fit_intercept': True, 'max_iter': 500, 'n_jobs': -1, 'penalty': 'l2', 'solver': 'lbfgs'}",0.8911111111111111,0.9177777777777778,0.9288888888888889,0.9377777777777778,0.9577777777777777,0.9266666666666665,0.022088486470736315,3,0.8928571428571429,0.9051724137931034,0.9071729957805907,0.9417040358744395,1.0,0.9293813176610553,0.03886423448826969,55,0.8893805309734514,0.9311926605504587,0.9530516431924883,0.933920704845815,0.9221311475409836,0.9259353374206393,0.02086827886123169,3,0.8888888888888888,0.9333333333333333,0.9555555555555556,0.9333333333333333,0.9155555555555556,0.9253333333333333,0.022204437327638778,3,0.8933333333333333,0.9022222222222223,0.9022222222222223,0.9422222222222222,1.0,0.9279999999999999,0.0397920520632878,55,0.8901682905225864,0.9252506836827712,0.9424326833797586,0.9355692850838482,0.9367194004995837,0.9260280686337096,0.018766879265993453,3,0.8911111111111111,0.9177777777777778,0.9288888888888889,0.9377777777777778,0.9577777777777778,0.9266666666666665,0.022088486470736343,3,0.8478466076696165,0.8890316004077472,0.9087532603025561,0.9088497307880568,0.9221311475409836,0.8953224693417919,0.025983112393691506,3,0.891111111111111,0.9177777777777778,0.928888888888889,0.9377777777777777,0.9577777777777778,0.9266666666666665,0.022088486470736374,19
458,0.19031205177307128,0.0986424640920287,0.0639880657196045,0.00956348053400442,8,False,True,500,-1,l2,sag,"{'C': 8, 'dual': False, 'fit_intercept': True, 'max_iter': 500, 'n_jobs': -1, 'penalty': 'l2', 'solver': 'sag'}",0.8911111111111111,0.9177777777777778,0.9266666666666666,0.9377777777777778,0.96,0.9266666666666665,0.022705848487901872,3,0.8928571428571429,0.9051724137931034,0.9067796610169492,0.9417040358744395,1.0,0.9293026507083268,0.03890947954332091,60,0.8893805309734514,0.9311926605504587,0.9485981308411215,0.933920704845815,0.9259259259259259,0.9258035906273545,0.019703679463012717,5,0.8888888888888888,0.9333333333333333,0.9511111111111111,0.9333333333333333,0.92,0.9253333333333333,0.020732273403894424,3,0.8933333333333333,0.9022222222222223,0.9022222222222223,0.9422222222222222,1.0,0.9279999999999999,0.0397920520632878,55,0.8901682905225864,0.9252506836827712,0.938945420906568,0.9355692850838482,0.9398496240601504,0.9259566608511847,0.018630248058893902,5,0.8911111111111111,0.9177777777777778,0.9266666666666667,0.9377777777777778,0.96,0.9266666666666665,0.022705848487901872,3,0.8478466076696165,0.8890316004077472,0.904735202492212,0.9088497307880568,0.9259259259259259,0.8952778134567116,0.02646386368319674,5,0.891111111111111,0.9177777777777778,0.9266666666666667,0.9377777777777777,0.9600000000000001,0.9266666666666667,0.02270584848790193,3
514,0.2570348262786865,0.08868518395186549,0.06333584785461426,0.020622695222687393,9,False,True,500,-1,l1,saga,"{'C': 9, 'dual': False, 'fit_intercept': True, 'max_iter': 500, 'n_jobs': -1, 'penalty': 'l1', 'solver': 'saga'}",0.8911111111111111,0.9177777777777778,0.9266666666666666,0.9377777777777778,0.96,0.9266666666666665,0.022705848487901872,3,0.8928571428571429,0.9051724137931034,0.9067796610169492,0.9417040358744395,1.0,0.9293026507083268,0.03890947954332091,60,0.8893805309734514,0.9311926605504587,0.9485981308411215,0.933920704845815,0.9259259259259259,0.9258035906273545,0.019703679463012717,5,0.8888888888888888,0.9333333333333333,0.9511111111111111,0.9333333333333333,0.92,0.9253333333333333,0.020732273403894424,3,0.8933333333333333,0.9022222222222223,0.9022222222222223,0.9422222222222222,1.0,0.9279999999999999,0.0397920520632878,55,0.8901682905225864,0.9252506836827712,0.938945420906568,0.9355692850838482,0.9398496240601504,0.9259566608511847,0.018630248058893902,5,0.8911111111111111,0.9177777777777778,0.9266666666666667,0.9377777777777778,0.96,0.9266666666666665,0.022705848487901872,3,0.8478466076696165,0.8890316004077472,0.904735202492212,0.9088497307880568,0.9259259259259259,0.8952778134567116,0.02646386368319674,5,0.891111111111111,0.9177777777777778,0.9266666666666667,0.9377777777777777,0.9600000000000001,0.9266666666666667,0.02270584848790193,3
516,0.07405214309692383,0.013165969938076564,0.07969584465026855,0.02593266205977175,9,False,True,500,-1,l2,newton-cg,"{'C': 9, 'dual': False, 'fit_intercept': True, 'max_iter': 500, 'n_jobs': -1, 'penalty': 'l2', 'solver': 'newton-cg'}",0.8911111111111111,0.9177777777777778,0.9266666666666666,0.9377777777777778,0.96,0.9266666666666665,0.022705848487901872,3,0.8928571428571429,0.9051724137931034,0.9067796610169492,0.9417040358744395,1.0,0.9293026507083268,0.03890947954332091,60,0.8893805309734514,0.9311926605504587,0.9485981308411215,0.933920704845815,0.9259259259259259,0.9258035906273545,0.019703679463012717,5,0.8888888888888888,0.9333333333333333,0.9511111111111111,0.9333333333333333,0.92,0.9253333333333333,0.020732273403894424,3,0.8933333333333333,0.9022222222222223,0.9022222222222223,0.9422222222222222,1.0,0.9279999999999999,0.0397920520632878,55,0.8901682905225864,0.9252506836827712,0.938945420906568,0.9355692850838482,0.9398496240601504,0.9259566608511847,0.018630248058893902,5,0.8911111111111111,0.9177777777777778,0.9266666666666667,0.9377777777777778,0.96,0.9266666666666665,0.022705848487901872,3,0.8478466076696165,0.8890316004077472,0.904735202492212,0.9088497307880568,0.9259259259259259,0.8952778134567116,0.02646386368319674,5,0.891111111111111,0.9177777777777778,0.9266666666666667,0.9377777777777777,0.9600000000000001,0.9266666666666667,0.02270584848790193,3
517,0.10000729560852051,0.037385772616867645,0.07225594520568848,0.014982412044321117,9,False,True,500,-1,l2,newton-cholesky,"{'C': 9, 'dual': False, 'fit_intercept': True, 'max_iter': 500, 'n_jobs': -1, 'penalty': 'l2', 'solver': 'newton-cholesky'}",0.8911111111111111,0.9177777777777778,0.9266666666666666,0.9377777777777778,0.96,0.9266666666666665,0.022705848487901872,3,0.8928571428571429,0.9051724137931034,0.9067796610169492,0.9417040358744395,1.0,0.9293026507083268,0.03890947954332091,60,0.8893805309734514,0.9311926605504587,0.9485981308411215,0.933920704845815,0.9259259259259259,0.9258035906273545,0.019703679463012717,5,0.8888888888888888,0.9333333333333333,0.9511111111111111,0.9333333333333333,0.92,0.9253333333333333,0.020732273403894424,3,0.8933333333333333,0.9022222222222223,0.9022222222222223,0.9422222222222222,1.0,0.9279999999999999,0.0397920520632878,55,0.8901682905225864,0.9252506836827712,0.938945420906568,0.9355692850838482,0.9398496240601504,0.9259566608511847,0.018630248058893902,5,0.8911111111111111,0.9177777777777778,0.9266666666666667,0.9377777777777778,0.96,0.9266666666666665,0.022705848487901872,3,0.8478466076696165,0.8890316004077472,0.904735202492212,0.9088497307880568,0.9259259259259259,0.8952778134567116,0.02646386368319674,5,0.891111111111111,0.9177777777777778,0.9266666666666667,0.9377777777777777,0.9600000000000001,0.9266666666666667,0.02270584848790193,3
518,0.2627871036529541,0.24242330977146498,0.07080059051513672,0.006355729357000396,9,False,True,500,-1,l2,sag,"{'C': 9, 'dual': False, 'fit_intercept': True, 'max_iter': 500, 'n_jobs': -1, 'penalty': 'l2', 'solver': 'sag'}",0.8911111111111111,0.9177777777777778,0.9266666666666666,0.9377777777777778,0.96,0.9266666666666665,0.022705848487901872,3,0.8928571428571429,0.9051724137931034,0.9067796610169492,0.9417040358744395,1.0,0.9293026507083268,0.03890947954332091,60,0.8893805309734514,0.9311926605504587,0.9485981308411215,0.933920704845815,0.9259259259259259,0.9258035906273545,0.019703679463012717,5,0.8888888888888888,0.9333333333333333,0.9511111111111111,0.9333333333333333,0.92,0.9253333333333333,0.020732273403894424,3,0.8933333333333333,0.9022222222222223,0.9022222222222223,0.9422222222222222,1.0,0.9279999999999999,0.0397920520632878,55,0.8901682905225864,0.9252506836827712,0.938945420906568,0.9355692850838482,0.9398496240601504,0.9259566608511847,0.018630248058893902,5,0.8911111111111111,0.9177777777777778,0.9266666666666667,0.9377777777777778,0.96,0.9266666666666665,0.022705848487901872,3,0.8478466076696165,0.8890316004077472,0.904735202492212,0.9088497307880568,0.9259259259259259,0.8952778134567116,0.02646386368319674,5,0.891111111111111,0.9177777777777778,0.9266666666666667,0.9377777777777777,0.9600000000000001,0.9266666666666667,0.02270584848790193,3
519,0.13478541374206543,0.02622046074700628,0.038146591186523436,0.005848437666865061,9,False,True,500,-1,l2,saga,"{'C': 9, 'dual': False, 'fit_intercept': True, 'max_iter': 500, 'n_jobs': -1, 'penalty': 'l2', 'solver': 'saga'}",0.8911111111111111,0.9177777777777778,0.9266666666666666,0.9377777777777778,0.96,0.9266666666666665,0.022705848487901872,3,0.8928571428571429,0.9051724137931034,0.9067796610169492,0.9417040358744395,1.0,0.9293026507083268,0.03890947954332091,60,0.8893805309734514,0.9311926605504587,0.9485981308411215,0.933920704845815,0.9259259259259259,0.9258035906273545,0.019703679463012717,5,0.8888888888888888,0.9333333333333333,0.9511111111111111,0.9333333333333333,0.92,0.9253333333333333,0.020732273403894424,3,0.8933333333333333,0.9022222222222223,0.9022222222222223,0.9422222222222222,1.0,0.9279999999999999,0.0397920520632878,55,0.8901682905225864,0.9252506836827712,0.938945420906568,0.9355692850838482,0.9398496240601504,0.9259566608511847,0.018630248058893902,5,0.8911111111111111,0.9177777777777778,0.9266666666666667,0.9377777777777778,0.96,0.9266666666666665,0.022705848487901872,3,0.8478466076696165,0.8890316004077472,0.904735202492212,0.9088497307880568,0.9259259259259259,0.8952778134567116,0.02646386368319674,5,0.891111111111111,0.9177777777777778,0.9266666666666667,0.9377777777777777,0.9600000000000001,0.9266666666666667,0.02270584848790193,3
454,0.2714348316192627,0.018760259418320813,0.0806739330291748,0.020664273690605726,8,False,True,500,-1,l1,saga,"{'C': 8, 'dual': False, 'fit_intercept': True, 'max_iter': 500, 'n_jobs': -1, 'penalty': 'l1', 'solver': 'saga'}",0.8911111111111111,0.9177777777777778,0.9266666666666666,0.9377777777777778,0.96,0.9266666666666665,0.022705848487901872,3,0.8928571428571429,0.9051724137931034,0.9067796610169492,0.9417040358744395,1.0,0.9293026507083268,0.03890947954332091,60,0.8893805309734514,0.9311926605504587,0.9485981308411215,0.933920704845815,0.9259259259259259,0.9258035906273545,0.019703679463012717,5,0.8888888888888888,0.9333333333333333,0.9511111111111111,0.9333333333333333,0.92,0.9253333333333333,0.020732273403894424,3,0.8933333333333333,0.9022222222222223,0.9022222222222223,0.9422222222222222,1.0,0.9279999999999999,0.0397920520632878,55,0.8901682905225864,0.9252506836827712,0.938945420906568,0.9355692850838482,0.9398496240601504,0.9259566608511847,0.018630248058893902,5,0.8911111111111111,0.9177777777777778,0.9266666666666667,0.9377777777777778,0.96,0.9266666666666665,0.022705848487901872,3,0.8478466076696165,0.8890316004077472,0.904735202492212,0.9088497307880568,0.9259259259259259,0.8952778134567116,0.02646386368319674,5,0.891111111111111,0.9177777777777778,0.9266666666666667,0.9377777777777777,0.9600000000000001,0.9266666666666667,0.02270584848790193,3
334,0.23369746208190917,0.039825309380448155,0.08322429656982422,0.02213275349804134,6,False,True,500,-1,l1,saga,"{'C': 6, 'dual': False, 'fit_intercept': True, 'max_iter': 500, 'n_jobs': -1, 'penalty': 'l1', 'solver': 'saga'}",0.8911111111111111,0.9177777777777778,0.9266666666666666,0.9377777777777778,0.96,0.9266666666666665,0.022705848487901872,3,0.8928571428571429,0.9051724137931034,0.9067796610169492,0.9417040358744395,1.0,0.9293026507083268,0.03890947954332091,60,0.8893805309734514,0.9311926605504587,0.9485981308411215,0.933920704845815,0.9259259259259259,0.9258035906273545,0.019703679463012717,5,0.8888888888888888,0.9333333333333333,0.9511111111111111,0.9333333333333333,0.92,0.9253333333333333,0.020732273403894424,3,0.8933333333333333,0.9022222222222223,0.9022222222222223,0.9422222222222222,1.0,0.9279999999999999,0.0397920520632878,55,0.8901682905225864,0.9252506836827712,0.938945420906568,0.9355692850838482,0.9398496240601504,0.9259566608511847,0.018630248058893902,5,0.8911111111111111,0.9177777777777778,0.9266666666666667,0.9377777777777778,0.96,0.9266666666666665,0.022705848487901872,3,0.8478466076696165,0.8890316004077472,0.904735202492212,0.9088497307880568,0.9259259259259259,0.8952778134567116,0.02646386368319674,5,0.891111111111111,0.9177777777777778,0.9266666666666667,0.9377777777777777,0.9600000000000001,0.9266666666666667,0.02270584848790193,3
459,0.2709349632263184,0.04696616903652424,0.07469487190246582,0.015018830239328403,8,False,True,500,-1,l2,saga,"{'C': 8, 'dual': False, 'fit_intercept': True, 'max_iter': 500, 'n_jobs': -1, 'penalty': 'l2', 'solver': 'saga'}",0.8911111111111111,0.9177777777777778,0.9266666666666666,0.9377777777777778,0.96,0.9266666666666665,0.022705848487901872,3,0.8928571428571429,0.9051724137931034,0.9067796610169492,0.9417040358744395,1.0,0.9293026507083268,0.03890947954332091,60,0.8893805309734514,0.9311926605504587,0.9485981308411215,0.933920704845815,0.9259259259259259,0.9258035906273545,0.019703679463012717,5,0.8888888888888888,0.9333333333333333,0.9511111111111111,0.9333333333333333,0.92,0.9253333333333333,0.020732273403894424,3,0.8933333333333333,0.9022222222222223,0.9022222222222223,0.9422222222222222,1.0,0.9279999999999999,0.0397920520632878,55,0.8901682905225864,0.9252506836827712,0.938945420906568,0.9355692850838482,0.9398496240601504,0.9259566608511847,0.018630248058893902,5,0.8911111111111111,0.9177777777777778,0.9266666666666667,0.9377777777777778,0.96,0.9266666666666665,0.022705848487901872,3,0.8478466076696165,0.8890316004077472,0.904735202492212,0.9088497307880568,0.9259259259259259,0.8952778134567116,0.02646386368319674,5,0.891111111111111,0.9177777777777778,0.9266666666666667,0.9377777777777777,0.9600000000000001,0.9266666666666667,0.02270584848790193,3
398,0.16788668632507325,0.03464060174271585,0.09213504791259766,0.024975069039473545,7,False,True,500,-1,l2,sag,"{'C': 7, 'dual': False, 'fit_intercept': True, 'max_iter': 500, 'n_jobs': -1, 'penalty': 'l2', 'solver': 'sag'}",0.8911111111111111,0.9177777777777778,0.9266666666666666,0.9377777777777778,0.96,0.9266666666666665,0.022705848487901872,3,0.8928571428571429,0.9051724137931034,0.9067796610169492,0.9417040358744395,1.0,0.9293026507083268,0.03890947954332091,60,0.8893805309734514,0.9311926605504587,0.9485981308411215,0.933920704845815,0.9259259259259259,0.9258035906273545,0.019703679463012717,5,0.8888888888888888,0.9333333333333333,0.9511111111111111,0.9333333333333333,0.92,0.9253333333333333,0.020732273403894424,3,0.8933333333333333,0.9022222222222223,0.9022222222222223,0.9422222222222222,1.0,0.9279999999999999,0.0397920520632878,55,0.8901682905225864,0.9252506836827712,0.938945420906568,0.9355692850838482,0.9398496240601504,0.9259566608511847,0.018630248058893902,5,0.8911111111111111,0.9177777777777778,0.9266666666666667,0.9377777777777778,0.96,0.9266666666666665,0.022705848487901872,3,0.8478466076696165,0.8890316004077472,0.904735202492212,0.9088497307880568,0.9259259259259259,0.8952778134567116,0.02646386368319674,5,0.891111111111111,0.9177777777777778,0.9266666666666667,0.9377777777777777,0.9600000000000001,0.9266666666666667,0.02270584848790193,3
394,0.2968796730041504,0.04762719046829646,0.07721261978149414,0.008441201040050342,7,False,True,500,-1,l1,saga,"{'C': 7, 'dual': False, 'fit_intercept': True, 'max_iter': 500, 'n_jobs': -1, 'penalty': 'l1', 'solver': 'saga'}",0.8911111111111111,0.9177777777777778,0.9266666666666666,0.9377777777777778,0.96,0.9266666666666665,0.022705848487901872,3,0.8928571428571429,0.9051724137931034,0.9067796610169492,0.9417040358744395,1.0,0.9293026507083268,0.03890947954332091,60,0.8893805309734514,0.9311926605504587,0.9485981308411215,0.933920704845815,0.9259259259259259,0.9258035906273545,0.019703679463012717,5,0.8888888888888888,0.9333333333333333,0.9511111111111111,0.9333333333333333,0.92,0.9253333333333333,0.020732273403894424,3,0.8933333333333333,0.9022222222222223,0.9022222222222223,0.9422222222222222,1.0,0.9279999999999999,0.0397920520632878,55,0.8901682905225864,0.9252506836827712,0.938945420906568,0.9355692850838482,0.9398496240601504,0.9259566608511847,0.018630248058893902,5,0.8911111111111111,0.9177777777777778,0.9266666666666667,0.9377777777777778,0.96,0.9266666666666665,0.022705848487901872,3,0.8478466076696165,0.8890316004077472,0.904735202492212,0.9088497307880568,0.9259259259259259,0.8952778134567116,0.02646386368319674,5,0.891111111111111,0.9177777777777778,0.9266666666666667,0.9377777777777777,0.9600000000000001,0.9266666666666667,0.02270584848790193,3
456,0.10722174644470214,0.037172900301129026,0.06602983474731446,0.007254251014654217,8,False,True,500,-1,l2,newton-cg,"{'C': 8, 'dual': False, 'fit_intercept': True, 'max_iter': 500, 'n_jobs': -1, 'penalty': 'l2', 'solver': 'newton-cg'}",0.8911111111111111,0.9177777777777778,0.9266666666666666,0.9377777777777778,0.96,0.9266666666666665,0.022705848487901872,3,0.8928571428571429,0.9051724137931034,0.9067796610169492,0.9417040358744395,1.0,0.9293026507083268,0.03890947954332091,60,0.8893805309734514,0.9311926605504587,0.9485981308411215,0.933920704845815,0.9259259259259259,0.9258035906273545,0.019703679463012717,5,0.8888888888888888,0.9333333333333333,0.9511111111111111,0.9333333333333333,0.92,0.9253333333333333,0.020732273403894424,3,0.8933333333333333,0.9022222222222223,0.9022222222222223,0.9422222222222222,1.0,0.9279999999999999,0.0397920520632878,55,0.8901682905225864,0.9252506836827712,0.938945420906568,0.9355692850838482,0.9398496240601504,0.9259566608511847,0.018630248058893902,5,0.8911111111111111,0.9177777777777778,0.9266666666666667,0.9377777777777778,0.96,0.9266666666666665,0.022705848487901872,3,0.8478466076696165,0.8890316004077472,0.904735202492212,0.9088497307880568,0.9259259259259259,0.8952778134567116,0.02646386368319674,5,0.891111111111111,0.9177777777777778,0.9266666666666667,0.9377777777777777,0.9600000000000001,0.9266666666666667,0.02270584848790193,3
457,0.0972203254699707,0.016406279594411193,0.09027962684631348,0.016917642905720585,8,False,True,500,-1,l2,newton-cholesky,"{'C': 8, 'dual': False, 'fit_intercept': True, 'max_iter': 500, 'n_jobs': -1, 'penalty': 'l2', 'solver': 'newton-cholesky'}",0.8911111111111111,0.9177777777777778,0.9266666666666666,0.9377777777777778,0.96,0.9266666666666665,0.022705848487901872,3,0.8928571428571429,0.9051724137931034,0.9067796610169492,0.9417040358744395,1.0,0.9293026507083268,0.03890947954332091,60,0.8893805309734514,0.9311926605504587,0.9485981308411215,0.933920704845815,0.9259259259259259,0.9258035906273545,0.019703679463012717,5,0.8888888888888888,0.9333333333333333,0.9511111111111111,0.9333333333333333,0.92,0.9253333333333333,0.020732273403894424,3,0.8933333333333333,0.9022222222222223,0.9022222222222223,0.9422222222222222,1.0,0.9279999999999999,0.0397920520632878,55,0.8901682905225864,0.9252506836827712,0.938945420906568,0.9355692850838482,0.9398496240601504,0.9259566608511847,0.018630248058893902,5,0.8911111111111111,0.9177777777777778,0.9266666666666667,0.9377777777777778,0.96,0.9266666666666665,0.022705848487901872,3,0.8478466076696165,0.8890316004077472,0.904735202492212,0.9088497307880568,0.9259259259259259,0.8952778134567116,0.02646386368319674,5,0.891111111111111,0.9177777777777778,0.9266666666666667,0.9377777777777777,0.9600000000000001,0.9266666666666667,0.02270584848790193,3
399,0.30304479598999023,0.05294053446255951,0.07549777030944824,0.013027836616947931,7,False,True,500,-1,l2,saga,"{'C': 7, 'dual': False, 'fit_intercept': True, 'max_iter': 500, 'n_jobs': -1, 'penalty': 'l2', 'solver': 'saga'}",0.8911111111111111,0.9177777777777778,0.9266666666666666,0.9377777777777778,0.96,0.9266666666666665,0.022705848487901872,3,0.8928571428571429,0.9051724137931034,0.9067796610169492,0.9417040358744395,1.0,0.9293026507083268,0.03890947954332091,60,0.8893805309734514,0.9311926605504587,0.9485981308411215,0.933920704845815,0.9259259259259259,0.9258035906273545,0.019703679463012717,5,0.8888888888888888,0.9333333333333333,0.9511111111111111,0.9333333333333333,0.92,0.9253333333333333,0.020732273403894424,3,0.8933333333333333,0.9022222222222223,0.9022222222222223,0.9422222222222222,1.0,0.9279999999999999,0.0397920520632878,55,0.8901682905225864,0.9252506836827712,0.938945420906568,0.9355692850838482,0.9398496240601504,0.9259566608511847,0.018630248058893902,5,0.8911111111111111,0.9177777777777778,0.9266666666666667,0.9377777777777778,0.96,0.9266666666666665,0.022705848487901872,3,0.8478466076696165,0.8890316004077472,0.904735202492212,0.9088497307880568,0.9259259259259259,0.8952778134567116,0.02646386368319674,5,0.891111111111111,0.9177777777777778,0.9266666666666667,0.9377777777777777,0.9600000000000001,0.9266666666666667,0.02270584848790193,3
396,0.10407428741455078,0.026415224690389153,0.0892289161682129,0.019108857826919644,7,False,True,500,-1,l2,newton-cg,"{'C': 7, 'dual': False, 'fit_intercept': True, 'max_iter': 500, 'n_jobs': -1, 'penalty': 'l2', 'solver': 'newton-cg'}",0.8911111111111111,0.9177777777777778,0.9266666666666666,0.9377777777777778,0.96,0.9266666666666665,0.022705848487901872,3,0.8928571428571429,0.9051724137931034,0.9067796610169492,0.9417040358744395,1.0,0.9293026507083268,0.03890947954332091,60,0.8893805309734514,0.9311926605504587,0.9485981308411215,0.933920704845815,0.9259259259259259,0.9258035906273545,0.019703679463012717,5,0.8888888888888888,0.9333333333333333,0.9511111111111111,0.9333333333333333,0.92,0.9253333333333333,0.020732273403894424,3,0.8933333333333333,0.9022222222222223,0.9022222222222223,0.9422222222222222,1.0,0.9279999999999999,0.0397920520632878,55,0.8901682905225864,0.9252506836827712,0.938945420906568,0.9355692850838482,0.9398496240601504,0.9259566608511847,0.018630248058893902,5,0.8911111111111111,0.9177777777777778,0.9266666666666667,0.9377777777777778,0.96,0.9266666666666665,0.022705848487901872,3,0.8478466076696165,0.8890316004077472,0.904735202492212,0.9088497307880568,0.9259259259259259,0.8952778134567116,0.02646386368319674,5,0.891111111111111,0.9177777777777778,0.9266666666666667,0.9377777777777777,0.9600000000000001,0.9266666666666667,0.02270584848790193,3
397,0.06337037086486816,0.015924297476464577,0.08941903114318847,0.03172664255872521,7,False,True,500,-1,l2,newton-cholesky,"{'C': 7, 'dual': False, 'fit_intercept': True, 'max_iter': 500, 'n_jobs': -1, 'penalty': 'l2', 'solver': 'newton-cholesky'}",0.8911111111111111,0.9177777777777778,0.9266666666666666,0.9377777777777778,0.96,0.9266666666666665,0.022705848487901872,3,0.8928571428571429,0.9051724137931034,0.9067796610169492,0.9417040358744395,1.0,0.9293026507083268,0.03890947954332091,60,0.8893805309734514,0.9311926605504587,0.9485981308411215,0.933920704845815,0.9259259259259259,0.9258035906273545,0.019703679463012717,5,0.8888888888888888,0.9333333333333333,0.9511111111111111,0.9333333333333333,0.92,0.9253333333333333,0.020732273403894424,3,0.8933333333333333,0.9022222222222223,0.9022222222222223,0.9422222222222222,1.0,0.9279999999999999,0.0397920520632878,55,0.8901682905225864,0.9252506836827712,0.938945420906568,0.9355692850838482,0.9398496240601504,0.9259566608511847,0.018630248058893902,5,0.8911111111111111,0.9177777777777778,0.9266666666666667,0.9377777777777778,0.96,0.9266666666666665,0.022705848487901872,3,0.8478466076696165,0.8890316004077472,0.904735202492212,0.9088497307880568,0.9259259259259259,0.8952778134567116,0.02646386368319674,5,0.891111111111111,0.9177777777777778,0.9266666666666667,0.9377777777777777,0.9600000000000001,0.9266666666666667,0.02270584848790193,3
274,0.22698383331298827,0.016796597491195137,0.0621586799621582,0.011228295538014497,5,False,True,500,-1,l1,saga,"{'C': 5, 'dual': False, 'fit_intercept': True, 'max_iter': 500, 'n_jobs': -1, 'penalty': 'l1', 'solver': 'saga'}",0.8911111111111111,0.9177777777777778,0.9266666666666666,0.9377777777777778,0.9577777777777777,0.9262222222222223,0.022061642037317076,21,0.8928571428571429,0.9051724137931034,0.9067796610169492,0.9417040358744395,1.0,0.9293026507083268,0.03890947954332091,60,0.8893805309734514,0.9311926605504587,0.9485981308411215,0.933920704845815,0.9221311475409836,0.925044634950366,0.019757361795568442,21,0.8888888888888888,0.9333333333333333,0.9511111111111111,0.9333333333333333,0.9155555555555556,0.9244444444444445,0.021034950339909767,21,0.8933333333333333,0.9022222222222223,0.9022222222222223,0.9422222222222222,1.0,0.9279999999999999,0.0397920520632878,55,0.8901682905225864,0.9252506836827712,0.938945420906568,0.9355692850838482,0.9367194004995837,0.9253306161390714,0.01820051203557373,21,0.8911111111111111,0.9177777777777778,0.9266666666666667,0.9377777777777778,0.9577777777777778,0.9262222222222223,0.02206164203731711,21,0.8478466076696165,0.8890316004077472,0.904735202492212,0.9088497307880568,0.9221311475409836,0.8945188577797232,0.02561482028096955,21,0.891111111111111,0.9177777777777778,0.9266666666666667,0.9377777777777777,0.9577777777777778,0.9262222222222223,0.02206164203731713,21
215,0.11401381492614746,0.027635497307849404,0.06562113761901855,0.010168129343084881,4,False,True,500,-1,l2,lbfgs,"{'C': 4, 'dual': False, 'fit_intercept': True, 'max_iter': 500, 'n_jobs': -1, 'penalty': 'l2', 'solver': 'lbfgs'}",0.8911111111111111,0.9177777777777778,0.9266666666666666,0.9377777777777778,0.9577777777777777,0.9262222222222223,0.022061642037317076,21,0.8928571428571429,0.9051724137931034,0.9067796610169492,0.9417040358744395,1.0,0.9293026507083268,0.03890947954332091,60,0.8893805309734514,0.9311926605504587,0.9485981308411215,0.933920704845815,0.9221311475409836,0.925044634950366,0.019757361795568442,21,0.8888888888888888,0.9333333333333333,0.9511111111111111,0.9333333333333333,0.9155555555555556,0.9244444444444445,0.021034950339909767,21,0.8933333333333333,0.9022222222222223,0.9022222222222223,0.9422222222222222,1.0,0.9279999999999999,0.0397920520632878,55,0.8901682905225864,0.9252506836827712,0.938945420906568,0.9355692850838482,0.9367194004995837,0.9253306161390714,0.01820051203557373,21,0.8911111111111111,0.9177777777777778,0.9266666666666667,0.9377777777777778,0.9577777777777778,0.9262222222222223,0.02206164203731711,21,0.8478466076696165,0.8890316004077472,0.904735202492212,0.9088497307880568,0.9221311475409836,0.8945188577797232,0.02561482028096955,21,0.891111111111111,0.9177777777777778,0.9266666666666667,0.9377777777777777,0.9577777777777778,0.9262222222222223,0.02206164203731713,21
216,0.10693345069885254,0.017950831438558384,0.0717991828918457,0.007733921130591349,4,False,True,500,-1,l2,newton-cg,"{'C': 4, 'dual': False, 'fit_intercept': True, 'max_iter': 500, 'n_jobs': -1, 'penalty': 'l2', 'solver': 'newton-cg'}",0.8911111111111111,0.9177777777777778,0.9266666666666666,0.9377777777777778,0.9577777777777777,0.9262222222222223,0.022061642037317076,21,0.8928571428571429,0.9051724137931034,0.9067796610169492,0.9417040358744395,1.0,0.9293026507083268,0.03890947954332091,60,0.8893805309734514,0.9311926605504587,0.9485981308411215,0.933920704845815,0.9221311475409836,0.925044634950366,0.019757361795568442,21,0.8888888888888888,0.9333333333333333,0.9511111111111111,0.9333333333333333,0.9155555555555556,0.9244444444444445,0.021034950339909767,21,0.8933333333333333,0.9022222222222223,0.9022222222222223,0.9422222222222222,1.0,0.9279999999999999,0.0397920520632878,55,0.8901682905225864,0.9252506836827712,0.938945420906568,0.9355692850838482,0.9367194004995837,0.9253306161390714,0.01820051203557373,21,0.8911111111111111,0.9177777777777778,0.9266666666666667,0.9377777777777778,0.9577777777777778,0.9262222222222223,0.02206164203731711,21,0.8478466076696165,0.8890316004077472,0.904735202492212,0.9088497307880568,0.9221311475409836,0.8945188577797232,0.02561482028096955,21,0.891111111111111,0.9177777777777778,0.9266666666666667,0.9377777777777777,0.9577777777777778,0.9262222222222223,0.02206164203731713,21
217,0.10334362983703613,0.02446291770630257,0.07549815177917481,0.011525169744035115,4,False,True,500,-1,l2,newton-cholesky,"{'C': 4, 'dual': False, 'fit_intercept': True, 'max_iter': 500, 'n_jobs': -1, 'penalty': 'l2', 'solver': 'newton-cholesky'}",0.8911111111111111,0.9177777777777778,0.9266666666666666,0.9377777777777778,0.9577777777777777,0.9262222222222223,0.022061642037317076,21,0.8928571428571429,0.9051724137931034,0.9067796610169492,0.9417040358744395,1.0,0.9293026507083268,0.03890947954332091,60,0.8893805309734514,0.9311926605504587,0.9485981308411215,0.933920704845815,0.9221311475409836,0.925044634950366,0.019757361795568442,21,0.8888888888888888,0.9333333333333333,0.9511111111111111,0.9333333333333333,0.9155555555555556,0.9244444444444445,0.021034950339909767,21,0.8933333333333333,0.9022222222222223,0.9022222222222223,0.9422222222222222,1.0,0.9279999999999999,0.0397920520632878,55,0.8901682905225864,0.9252506836827712,0.938945420906568,0.9355692850838482,0.9367194004995837,0.9253306161390714,0.01820051203557373,21,0.8911111111111111,0.9177777777777778,0.9266666666666667,0.9377777777777778,0.9577777777777778,0.9262222222222223,0.02206164203731711,21,0.8478466076696165,0.8890316004077472,0.904735202492212,0.9088497307880568,0.9221311475409836,0.8945188577797232,0.02561482028096955,21,0.891111111111111,0.9177777777777778,0.9266666666666667,0.9377777777777777,0.9577777777777778,0.9262222222222223,0.02206164203731713,21
337,0.13498005867004395,0.030225875835454524,0.06643538475036621,0.013059054476378923,6,False,True,500,-1,l2,newton-cholesky,"{'C': 6, 'dual': False, 'fit_intercept': True, 'max_iter': 500, 'n_jobs': -1, 'penalty': 'l2', 'solver': 'newton-cholesky'}",0.8911111111111111,0.9177777777777778,0.9266666666666666,0.9377777777777778,0.9577777777777777,0.9262222222222223,0.022061642037317076,21,0.8928571428571429,0.9051724137931034,0.9067796610169492,0.9417040358744395,1.0,0.9293026507083268,0.03890947954332091,60,0.8893805309734514,0.9311926605504587,0.9485981308411215,0.933920704845815,0.9221311475409836,0.925044634950366,0.019757361795568442,21,0.8888888888888888,0.9333333333333333,0.9511111111111111,0.9333333333333333,0.9155555555555556,0.9244444444444445,0.021034950339909767,21,0.8933333333333333,0.9022222222222223,0.9022222222222223,0.9422222222222222,1.0,0.9279999999999999,0.0397920520632878,55,0.8901682905225864,0.9252506836827712,0.938945420906568,0.9355692850838482,0.9367194004995837,0.9253306161390714,0.01820051203557373,21,0.8911111111111111,0.9177777777777778,0.9266666666666667,0.9377777777777778,0.9577777777777778,0.9262222222222223,0.02206164203731711,21,0.8478466076696165,0.8890316004077472,0.904735202492212,0.9088497307880568,0.9221311475409836,0.8945188577797232,0.02561482028096955,21,0.891111111111111,0.9177777777777778,0.9266666666666667,0.9377777777777777,0.9577777777777778,0.9262222222222223,0.02206164203731713,21
218,0.1796189308166504,0.08720201150564083,0.06883530616760254,0.01028032608496292,4,False,True,500,-1,l2,sag,"{'C': 4, 'dual': False, 'fit_intercept': True, 'max_iter': 500, 'n_jobs': -1, 'penalty': 'l2', 'solver': 'sag'}",0.8911111111111111,0.9177777777777778,0.9266666666666666,0.9377777777777778,0.9577777777777777,0.9262222222222223,0.022061642037317076,21,0.8928571428571429,0.9051724137931034,0.9067796610169492,0.9417040358744395,1.0,0.9293026507083268,0.03890947954332091,60,0.8893805309734514,0.9311926605504587,0.9485981308411215,0.933920704845815,0.9221311475409836,0.925044634950366,0.019757361795568442,21,0.8888888888888888,0.9333333333333333,0.9511111111111111,0.9333333333333333,0.9155555555555556,0.9244444444444445,0.021034950339909767,21,0.8933333333333333,0.9022222222222223,0.9022222222222223,0.9422222222222222,1.0,0.9279999999999999,0.0397920520632878,55,0.8901682905225864,0.9252506836827712,0.938945420906568,0.9355692850838482,0.9367194004995837,0.9253306161390714,0.01820051203557373,21,0.8911111111111111,0.9177777777777778,0.9266666666666667,0.9377777777777778,0.9577777777777778,0.9262222222222223,0.02206164203731711,21,0.8478466076696165,0.8890316004077472,0.904735202492212,0.9088497307880568,0.9221311475409836,0.8945188577797232,0.02561482028096955,21,0.891111111111111,0.9177777777777778,0.9266666666666667,0.9377777777777777,0.9577777777777778,0.9262222222222223,0.02206164203731713,21
219,0.21965351104736328,0.02684315920022542,0.06249799728393555,0.0033363860029191604,4,False,True,500,-1,l2,saga,"{'C': 4, 'dual': False, 'fit_intercept': True, 'max_iter': 500, 'n_jobs': -1, 'penalty': 'l2', 'solver': 'saga'}",0.8911111111111111,0.9177777777777778,0.9266666666666666,0.9377777777777778,0.9577777777777777,0.9262222222222223,0.022061642037317076,21,0.8928571428571429,0.9051724137931034,0.9067796610169492,0.9417040358744395,1.0,0.9293026507083268,0.03890947954332091,60,0.8893805309734514,0.9311926605504587,0.9485981308411215,0.933920704845815,0.9221311475409836,0.925044634950366,0.019757361795568442,21,0.8888888888888888,0.9333333333333333,0.9511111111111111,0.9333333333333333,0.9155555555555556,0.9244444444444445,0.021034950339909767,21,0.8933333333333333,0.9022222222222223,0.9022222222222223,0.9422222222222222,1.0,0.9279999999999999,0.0397920520632878,55,0.8901682905225864,0.9252506836827712,0.938945420906568,0.9355692850838482,0.9367194004995837,0.9253306161390714,0.01820051203557373,21,0.8911111111111111,0.9177777777777778,0.9266666666666667,0.9377777777777778,0.9577777777777778,0.9262222222222223,0.02206164203731711,21,0.8478466076696165,0.8890316004077472,0.904735202492212,0.9088497307880568,0.9221311475409836,0.8945188577797232,0.02561482028096955,21,0.891111111111111,0.9177777777777778,0.9266666666666667,0.9377777777777777,0.9577777777777778,0.9262222222222223,0.02206164203731713,21
339,0.28261408805847166,0.05224443283569039,0.0783421516418457,0.016591983408226506,6,False,True,500,-1,l2,saga,"{'C': 6, 'dual': False, 'fit_intercept': True, 'max_iter': 500, 'n_jobs': -1, 'penalty': 'l2', 'solver': 'saga'}",0.8911111111111111,0.9177777777777778,0.9266666666666666,0.9377777777777778,0.9577777777777777,0.9262222222222223,0.022061642037317076,21,0.8928571428571429,0.9051724137931034,0.9067796610169492,0.9417040358744395,1.0,0.9293026507083268,0.03890947954332091,60,0.8893805309734514,0.9311926605504587,0.9485981308411215,0.933920704845815,0.9221311475409836,0.925044634950366,0.019757361795568442,21,0.8888888888888888,0.9333333333333333,0.9511111111111111,0.9333333333333333,0.9155555555555556,0.9244444444444445,0.021034950339909767,21,0.8933333333333333,0.9022222222222223,0.9022222222222223,0.9422222222222222,1.0,0.9279999999999999,0.0397920520632878,55,0.8901682905225864,0.9252506836827712,0.938945420906568,0.9355692850838482,0.9367194004995837,0.9253306161390714,0.01820051203557373,21,0.8911111111111111,0.9177777777777778,0.9266666666666667,0.9377777777777778,0.9577777777777778,0.9262222222222223,0.02206164203731711,21,0.8478466076696165,0.8890316004077472,0.904735202492212,0.9088497307880568,0.9221311475409836,0.8945188577797232,0.02561482028096955,21,0.891111111111111,0.9177777777777778,0.9266666666666667,0.9377777777777777,0.9577777777777778,0.9262222222222223,0.02206164203731713,21
275,0.10461435317993165,0.02595137381043466,0.060461807250976565,0.010691082727031889,5,False,True,500,-1,l2,lbfgs,"{'C': 5, 'dual': False, 'fit_intercept': True, 'max_iter': 500, 'n_jobs': -1, 'penalty': 'l2', 'solver': 'lbfgs'}",0.8911111111111111,0.9177777777777778,0.9266666666666666,0.9377777777777778,0.9577777777777777,0.9262222222222223,0.022061642037317076,21,0.8928571428571429,0.9051724137931034,0.9067796610169492,0.9417040358744395,1.0,0.9293026507083268,0.03890947954332091,60,0.8893805309734514,0.9311926605504587,0.9485981308411215,0.933920704845815,0.9221311475409836,0.925044634950366,0.019757361795568442,21,0.8888888888888888,0.9333333333333333,0.9511111111111111,0.9333333333333333,0.9155555555555556,0.9244444444444445,0.021034950339909767,21,0.8933333333333333,0.9022222222222223,0.9022222222222223,0.9422222222222222,1.0,0.9279999999999999,0.0397920520632878,55,0.8901682905225864,0.9252506836827712,0.938945420906568,0.9355692850838482,0.9367194004995837,0.9253306161390714,0.01820051203557373,21,0.8911111111111111,0.9177777777777778,0.9266666666666667,0.9377777777777778,0.9577777777777778,0.9262222222222223,0.02206164203731711,21,0.8478466076696165,0.8890316004077472,0.904735202492212,0.9088497307880568,0.9221311475409836,0.8945188577797232,0.02561482028096955,21,0.891111111111111,0.9177777777777778,0.9266666666666667,0.9377777777777777,0.9577777777777778,0.9262222222222223,0.02206164203731713,21
338,0.20199041366577147,0.05395971886371508,0.07871451377868652,0.008523044500621505,6,False,True,500,-1,l2,sag,"{'C': 6, 'dual': False, 'fit_intercept': True, 'max_iter': 500, 'n_jobs': -1, 'penalty': 'l2', 'solver': 'sag'}",0.8911111111111111,0.9177777777777778,0.9266666666666666,0.9377777777777778,0.9577777777777777,0.9262222222222223,0.022061642037317076,21,0.8928571428571429,0.9051724137931034,0.9067796610169492,0.9417040358744395,1.0,0.9293026507083268,0.03890947954332091,60,0.8893805309734514,0.9311926605504587,0.9485981308411215,0.933920704845815,0.9221311475409836,0.925044634950366,0.019757361795568442,21,0.8888888888888888,0.9333333333333333,0.9511111111111111,0.9333333333333333,0.9155555555555556,0.9244444444444445,0.021034950339909767,21,0.8933333333333333,0.9022222222222223,0.9022222222222223,0.9422222222222222,1.0,0.9279999999999999,0.0397920520632878,55,0.8901682905225864,0.9252506836827712,0.938945420906568,0.9355692850838482,0.9367194004995837,0.9253306161390714,0.01820051203557373,21,0.8911111111111111,0.9177777777777778,0.9266666666666667,0.9377777777777778,0.9577777777777778,0.9262222222222223,0.02206164203731711,21,0.8478466076696165,0.8890316004077472,0.904735202492212,0.9088497307880568,0.9221311475409836,0.8945188577797232,0.02561482028096955,21,0.891111111111111,0.9177777777777778,0.9266666666666667,0.9377777777777777,0.9577777777777778,0.9262222222222223,0.02206164203731713,21
336,0.08964204788208008,0.021603241035322913,0.07383852005004883,0.0144733925518211,6,False,True,500,-1,l2,newton-cg,"{'C': 6, 'dual': False, 'fit_intercept': True, 'max_iter': 500, 'n_jobs': -1, 'penalty': 'l2', 'solver': 'newton-cg'}",0.8911111111111111,0.9177777777777778,0.9266666666666666,0.9377777777777778,0.9577777777777777,0.9262222222222223,0.022061642037317076,21,0.8928571428571429,0.9051724137931034,0.9067796610169492,0.9417040358744395,1.0,0.9293026507083268,0.03890947954332091,60,0.8893805309734514,0.9311926605504587,0.9485981308411215,0.933920704845815,0.9221311475409836,0.925044634950366,0.019757361795568442,21,0.8888888888888888,0.9333333333333333,0.9511111111111111,0.9333333333333333,0.9155555555555556,0.9244444444444445,0.021034950339909767,21,0.8933333333333333,0.9022222222222223,0.9022222222222223,0.9422222222222222,1.0,0.9279999999999999,0.0397920520632878,55,0.8901682905225864,0.9252506836827712,0.938945420906568,0.9355692850838482,0.9367194004995837,0.9253306161390714,0.01820051203557373,21,0.8911111111111111,0.9177777777777778,0.9266666666666667,0.9377777777777778,0.9577777777777778,0.9262222222222223,0.02206164203731711,21,0.8478466076696165,0.8890316004077472,0.904735202492212,0.9088497307880568,0.9221311475409836,0.8945188577797232,0.02561482028096955,21,0.891111111111111,0.9177777777777778,0.9266666666666667,0.9377777777777777,0.9577777777777778,0.9262222222222223,0.02206164203731713,21
276,0.08352794647216796,0.018069649963370207,0.06164107322692871,0.007861014704121198,5,False,True,500,-1,l2,newton-cg,"{'C': 5, 'dual': False, 'fit_intercept': True, 'max_iter': 500, 'n_jobs': -1, 'penalty': 'l2', 'solver': 'newton-cg'}",0.8911111111111111,0.9177777777777778,0.9266666666666666,0.9377777777777778,0.9577777777777777,0.9262222222222223,0.022061642037317076,21,0.8928571428571429,0.9051724137931034,0.9067796610169492,0.9417040358744395,1.0,0.9293026507083268,0.03890947954332091,60,0.8893805309734514,0.9311926605504587,0.9485981308411215,0.933920704845815,0.9221311475409836,0.925044634950366,0.019757361795568442,21,0.8888888888888888,0.9333333333333333,0.9511111111111111,0.9333333333333333,0.9155555555555556,0.9244444444444445,0.021034950339909767,21,0.8933333333333333,0.9022222222222223,0.9022222222222223,0.9422222222222222,1.0,0.9279999999999999,0.0397920520632878,55,0.8901682905225864,0.9252506836827712,0.938945420906568,0.9355692850838482,0.9367194004995837,0.9253306161390714,0.01820051203557373,21,0.8911111111111111,0.9177777777777778,0.9266666666666667,0.9377777777777778,0.9577777777777778,0.9262222222222223,0.02206164203731711,21,0.8478466076696165,0.8890316004077472,0.904735202492212,0.9088497307880568,0.9221311475409836,0.8945188577797232,0.02561482028096955,21,0.891111111111111,0.9177777777777778,0.9266666666666667,0.9377777777777777,0.9577777777777778,0.9262222222222223,0.02206164203731713,21
214,0.21227188110351564,0.0689593261773938,0.07729082107543946,0.009456739244269758,4,False,True,500,-1,l1,saga,"{'C': 4, 'dual': False, 'fit_intercept': True, 'max_iter': 500, 'n_jobs': -1, 'penalty': 'l1', 'solver': 'saga'}",0.8911111111111111,0.9177777777777778,0.9266666666666666,0.9377777777777778,0.9577777777777777,0.9262222222222223,0.022061642037317076,21,0.8928571428571429,0.9051724137931034,0.9067796610169492,0.9417040358744395,1.0,0.9293026507083268,0.03890947954332091,60,0.8893805309734514,0.9311926605504587,0.9485981308411215,0.933920704845815,0.9221311475409836,0.925044634950366,0.019757361795568442,21,0.8888888888888888,0.9333333333333333,0.9511111111111111,0.9333333333333333,0.9155555555555556,0.9244444444444445,0.021034950339909767,21,0.8933333333333333,0.9022222222222223,0.9022222222222223,0.9422222222222222,1.0,0.9279999999999999,0.0397920520632878,55,0.8901682905225864,0.9252506836827712,0.938945420906568,0.9355692850838482,0.9367194004995837,0.9253306161390714,0.01820051203557373,21,0.8911111111111111,0.9177777777777778,0.9266666666666667,0.9377777777777778,0.9577777777777778,0.9262222222222223,0.02206164203731711,21,0.8478466076696165,0.8890316004077472,0.904735202492212,0.9088497307880568,0.9221311475409836,0.8945188577797232,0.02561482028096955,21,0.891111111111111,0.9177777777777778,0.9266666666666667,0.9377777777777777,0.9577777777777778,0.9262222222222223,0.02206164203731713,21
278,0.16586756706237793,0.08061029966805215,0.06137843132019043,0.008751867091303447,5,False,True,500,-1,l2,sag,"{'C': 5, 'dual': False, 'fit_intercept': True, 'max_iter': 500, 'n_jobs': -1, 'penalty': 'l2', 'solver': 'sag'}",0.8911111111111111,0.9177777777777778,0.9266666666666666,0.9377777777777778,0.9577777777777777,0.9262222222222223,0.022061642037317076,21,0.8928571428571429,0.9051724137931034,0.9067796610169492,0.9417040358744395,1.0,0.9293026507083268,0.03890947954332091,60,0.8893805309734514,0.9311926605504587,0.9485981308411215,0.933920704845815,0.9221311475409836,0.925044634950366,0.019757361795568442,21,0.8888888888888888,0.9333333333333333,0.9511111111111111,0.9333333333333333,0.9155555555555556,0.9244444444444445,0.021034950339909767,21,0.8933333333333333,0.9022222222222223,0.9022222222222223,0.9422222222222222,1.0,0.9279999999999999,0.0397920520632878,55,0.8901682905225864,0.9252506836827712,0.938945420906568,0.9355692850838482,0.9367194004995837,0.9253306161390714,0.01820051203557373,21,0.8911111111111111,0.9177777777777778,0.9266666666666667,0.9377777777777778,0.9577777777777778,0.9262222222222223,0.02206164203731711,21,0.8478466076696165,0.8890316004077472,0.904735202492212,0.9088497307880568,0.9221311475409836,0.8945188577797232,0.02561482028096955,21,0.891111111111111,0.9177777777777778,0.9266666666666667,0.9377777777777777,0.9577777777777778,0.9262222222222223,0.02206164203731713,21
157,0.07611875534057617,0.022912418700206622,0.06867408752441406,0.010869212443732354,3,False,True,500,-1,l2,newton-cholesky,"{'C': 3, 'dual': False, 'fit_intercept': True, 'max_iter': 500, 'n_jobs': -1, 'penalty': 'l2', 'solver': 'newton-cholesky'}",0.8911111111111111,0.9177777777777778,0.9266666666666666,0.9377777777777778,0.9577777777777777,0.9262222222222223,0.022061642037317076,21,0.8928571428571429,0.9051724137931034,0.9067796610169492,0.9417040358744395,1.0,0.9293026507083268,0.03890947954332091,60,0.8893805309734514,0.9311926605504587,0.9485981308411215,0.933920704845815,0.9221311475409836,0.925044634950366,0.019757361795568442,21,0.8888888888888888,0.9333333333333333,0.9511111111111111,0.9333333333333333,0.9155555555555556,0.9244444444444445,0.021034950339909767,21,0.8933333333333333,0.9022222222222223,0.9022222222222223,0.9422222222222222,1.0,0.9279999999999999,0.0397920520632878,55,0.8901682905225864,0.9252506836827712,0.938945420906568,0.9355692850838482,0.9367194004995837,0.9253306161390714,0.01820051203557373,21,0.8911111111111111,0.9177777777777778,0.9266666666666667,0.9377777777777778,0.9577777777777778,0.9262222222222223,0.02206164203731711,21,0.8478466076696165,0.8890316004077472,0.904735202492212,0.9088497307880568,0.9221311475409836,0.8945188577797232,0.02561482028096955,21,0.891111111111111,0.9177777777777778,0.9266666666666667,0.9377777777777777,0.9577777777777778,0.9262222222222223,0.02206164203731713,21
158,0.16197624206542968,0.05266495676899654,0.07446832656860351,0.01773715517304353,3,False,True,500,-1,l2,sag,"{'C': 3, 'dual': False, 'fit_intercept': True, 'max_iter': 500, 'n_jobs': -1, 'penalty': 'l2', 'solver': 'sag'}",0.8911111111111111,0.9177777777777778,0.9266666666666666,0.9377777777777778,0.9577777777777777,0.9262222222222223,0.022061642037317076,21,0.8928571428571429,0.9051724137931034,0.9067796610169492,0.9417040358744395,1.0,0.9293026507083268,0.03890947954332091,60,0.8893805309734514,0.9311926605504587,0.9485981308411215,0.933920704845815,0.9221311475409836,0.925044634950366,0.019757361795568442,21,0.8888888888888888,0.9333333333333333,0.9511111111111111,0.9333333333333333,0.9155555555555556,0.9244444444444445,0.021034950339909767,21,0.8933333333333333,0.9022222222222223,0.9022222222222223,0.9422222222222222,1.0,0.9279999999999999,0.0397920520632878,55,0.8901682905225864,0.9252506836827712,0.938945420906568,0.9355692850838482,0.9367194004995837,0.9253306161390714,0.01820051203557373,21,0.8911111111111111,0.9177777777777778,0.9266666666666667,0.9377777777777778,0.9577777777777778,0.9262222222222223,0.02206164203731711,21,0.8478466076696165,0.8890316004077472,0.904735202492212,0.9088497307880568,0.9221311475409836,0.8945188577797232,0.02561482028096955,21,0.891111111111111,0.9177777777777778,0.9266666666666667,0.9377777777777777,0.9577777777777778,0.9262222222222223,0.02206164203731713,21
277,0.07994356155395507,0.04071945405813746,0.07322430610656738,0.02026896713436065,5,False,True,500,-1,l2,newton-cholesky,"{'C': 5, 'dual': False, 'fit_intercept': True, 'max_iter': 500, 'n_jobs': -1, 'penalty': 'l2', 'solver': 'newton-cholesky'}",0.8911111111111111,0.9177777777777778,0.9266666666666666,0.9377777777777778,0.9577777777777777,0.9262222222222223,0.022061642037317076,21,0.8928571428571429,0.9051724137931034,0.9067796610169492,0.9417040358744395,1.0,0.9293026507083268,0.03890947954332091,60,0.8893805309734514,0.9311926605504587,0.9485981308411215,0.933920704845815,0.9221311475409836,0.925044634950366,0.019757361795568442,21,0.8888888888888888,0.9333333333333333,0.9511111111111111,0.9333333333333333,0.9155555555555556,0.9244444444444445,0.021034950339909767,21,0.8933333333333333,0.9022222222222223,0.9022222222222223,0.9422222222222222,1.0,0.9279999999999999,0.0397920520632878,55,0.8901682905225864,0.9252506836827712,0.938945420906568,0.9355692850838482,0.9367194004995837,0.9253306161390714,0.01820051203557373,21,0.8911111111111111,0.9177777777777778,0.9266666666666667,0.9377777777777778,0.9577777777777778,0.9262222222222223,0.02206164203731711,21,0.8478466076696165,0.8890316004077472,0.904735202492212,0.9088497307880568,0.9221311475409836,0.8945188577797232,0.02561482028096955,21,0.891111111111111,0.9177777777777778,0.9266666666666667,0.9377777777777777,0.9577777777777778,0.9262222222222223,0.02206164203731713,21
159,0.22702374458312988,0.03392312387106661,0.07163543701171875,0.010007836388817932,3,False,True,500,-1,l2,saga,"{'C': 3, 'dual': False, 'fit_intercept': True, 'max_iter': 500, 'n_jobs': -1, 'penalty': 'l2', 'solver': 'saga'}",0.8911111111111111,0.9177777777777778,0.9266666666666666,0.9377777777777778,0.9577777777777777,0.9262222222222223,0.022061642037317076,21,0.8928571428571429,0.9051724137931034,0.9067796610169492,0.9417040358744395,1.0,0.9293026507083268,0.03890947954332091,60,0.8893805309734514,0.9311926605504587,0.9485981308411215,0.933920704845815,0.9221311475409836,0.925044634950366,0.019757361795568442,21,0.8888888888888888,0.9333333333333333,0.9511111111111111,0.9333333333333333,0.9155555555555556,0.9244444444444445,0.021034950339909767,21,0.8933333333333333,0.9022222222222223,0.9022222222222223,0.9422222222222222,1.0,0.9279999999999999,0.0397920520632878,55,0.8901682905225864,0.9252506836827712,0.938945420906568,0.9355692850838482,0.9367194004995837,0.9253306161390714,0.01820051203557373,21,0.8911111111111111,0.9177777777777778,0.9266666666666667,0.9377777777777778,0.9577777777777778,0.9262222222222223,0.02206164203731711,21,0.8478466076696165,0.8890316004077472,0.904735202492212,0.9088497307880568,0.9221311475409836,0.8945188577797232,0.02561482028096955,21,0.891111111111111,0.9177777777777778,0.9266666666666667,0.9377777777777777,0.9577777777777778,0.9262222222222223,0.02206164203731713,21
156,0.12105889320373535,0.05698022306477067,0.07905397415161133,0.016737644269215864,3,False,True,500,-1,l2,newton-cg,"{'C': 3, 'dual': False, 'fit_intercept': True, 'max_iter': 500, 'n_jobs': -1, 'penalty': 'l2', 'solver': 'newton-cg'}",0.8911111111111111,0.9177777777777778,0.9266666666666666,0.9377777777777778,0.9577777777777777,0.9262222222222223,0.022061642037317076,21,0.8928571428571429,0.9051724137931034,0.9067796610169492,0.9417040358744395,1.0,0.9293026507083268,0.03890947954332091,60,0.8893805309734514,0.9311926605504587,0.9485981308411215,0.933920704845815,0.9221311475409836,0.925044634950366,0.019757361795568442,21,0.8888888888888888,0.9333333333333333,0.9511111111111111,0.9333333333333333,0.9155555555555556,0.9244444444444445,0.021034950339909767,21,0.8933333333333333,0.9022222222222223,0.9022222222222223,0.9422222222222222,1.0,0.9279999999999999,0.0397920520632878,55,0.8901682905225864,0.9252506836827712,0.938945420906568,0.9355692850838482,0.9367194004995837,0.9253306161390714,0.01820051203557373,21,0.8911111111111111,0.9177777777777778,0.9266666666666667,0.9377777777777778,0.9577777777777778,0.9262222222222223,0.02206164203731711,21,0.8478466076696165,0.8890316004077472,0.904735202492212,0.9088497307880568,0.9221311475409836,0.8945188577797232,0.02561482028096955,21,0.891111111111111,0.9177777777777778,0.9266666666666667,0.9377777777777777,0.9577777777777778,0.9262222222222223,0.02206164203731713,21
279,0.26689729690551756,0.03969248866548824,0.06758437156677247,0.009898596931580607,5,False,True,500,-1,l2,saga,"{'C': 5, 'dual': False, 'fit_intercept': True, 'max_iter': 500, 'n_jobs': -1, 'penalty': 'l2', 'solver': 'saga'}",0.8911111111111111,0.9177777777777778,0.9266666666666666,0.9377777777777778,0.9577777777777777,0.9262222222222223,0.022061642037317076,21,0.8928571428571429,0.9051724137931034,0.9067796610169492,0.9417040358744395,1.0,0.9293026507083268,0.03890947954332091,60,0.8893805309734514,0.9311926605504587,0.9485981308411215,0.933920704845815,0.9221311475409836,0.925044634950366,0.019757361795568442,21,0.8888888888888888,0.9333333333333333,0.9511111111111111,0.9333333333333333,0.9155555555555556,0.9244444444444445,0.021034950339909767,21,0.8933333333333333,0.9022222222222223,0.9022222222222223,0.9422222222222222,1.0,0.9279999999999999,0.0397920520632878,55,0.8901682905225864,0.9252506836827712,0.938945420906568,0.9355692850838482,0.9367194004995837,0.9253306161390714,0.01820051203557373,21,0.8911111111111111,0.9177777777777778,0.9266666666666667,0.9377777777777778,0.9577777777777778,0.9262222222222223,0.02206164203731711,21,0.8478466076696165,0.8890316004077472,0.904735202492212,0.9088497307880568,0.9221311475409836,0.8945188577797232,0.02561482028096955,21,0.891111111111111,0.9177777777777778,0.9266666666666667,0.9377777777777777,0.9577777777777778,0.9262222222222223,0.02206164203731713,21
155,0.10370039939880371,0.06279350894688798,0.07476048469543457,0.01231548635267677,3,False,True,500,-1,l2,lbfgs,"{'C': 3, 'dual': False, 'fit_intercept': True, 'max_iter': 500, 'n_jobs': -1, 'penalty': 'l2', 'solver': 'lbfgs'}",0.8911111111111111,0.9177777777777778,0.9266666666666666,0.9377777777777778,0.9577777777777777,0.9262222222222223,0.022061642037317076,21,0.8928571428571429,0.9051724137931034,0.9067796610169492,0.9417040358744395,1.0,0.9293026507083268,0.03890947954332091,60,0.8893805309734514,0.9311926605504587,0.9485981308411215,0.933920704845815,0.9221311475409836,0.925044634950366,0.019757361795568442,21,0.8888888888888888,0.9333333333333333,0.9511111111111111,0.9333333333333333,0.9155555555555556,0.9244444444444445,0.021034950339909767,21,0.8933333333333333,0.9022222222222223,0.9022222222222223,0.9422222222222222,1.0,0.9279999999999999,0.0397920520632878,55,0.8901682905225864,0.9252506836827712,0.938945420906568,0.9355692850838482,0.9367194004995837,0.9253306161390714,0.01820051203557373,21,0.8911111111111111,0.9177777777777778,0.9266666666666667,0.9377777777777778,0.9577777777777778,0.9262222222222223,0.02206164203731711,21,0.8478466076696165,0.8890316004077472,0.904735202492212,0.9088497307880568,0.9221311475409836,0.8945188577797232,0.02561482028096955,21,0.891111111111111,0.9177777777777778,0.9266666666666667,0.9377777777777777,0.9577777777777778,0.9262222222222223,0.02206164203731713,21
154,0.212471866607666,0.05088243282587465,0.05835986137390137,0.005574883394948996,3,False,True,500,-1,l1,saga,"{'C': 3, 'dual': False, 'fit_intercept': True, 'max_iter': 500, 'n_jobs': -1, 'penalty': 'l1', 'solver': 'saga'}",0.8911111111111111,0.9177777777777778,0.9266666666666666,0.9377777777777778,0.9577777777777777,0.9262222222222223,0.022061642037317076,21,0.8928571428571429,0.9051724137931034,0.9067796610169492,0.9417040358744395,1.0,0.9293026507083268,0.03890947954332091,60,0.8893805309734514,0.9311926605504587,0.9485981308411215,0.933920704845815,0.9221311475409836,0.925044634950366,0.019757361795568442,21,0.8888888888888888,0.9333333333333333,0.9511111111111111,0.9333333333333333,0.9155555555555556,0.9244444444444445,0.021034950339909767,21,0.8933333333333333,0.9022222222222223,0.9022222222222223,0.9422222222222222,1.0,0.9279999999999999,0.0397920520632878,55,0.8901682905225864,0.9252506836827712,0.938945420906568,0.9355692850838482,0.9367194004995837,0.9253306161390714,0.01820051203557373,21,0.8911111111111111,0.9177777777777778,0.9266666666666667,0.9377777777777778,0.9577777777777778,0.9262222222222223,0.02206164203731711,21,0.8478466076696165,0.8890316004077472,0.904735202492212,0.9088497307880568,0.9221311475409836,0.8945188577797232,0.02561482028096955,21,0.891111111111111,0.9177777777777778,0.9266666666666667,0.9377777777777777,0.9577777777777778,0.9262222222222223,0.02206164203731713,21
94,0.19668679237365722,0.035825338578635256,0.07990431785583496,0.013623955200844926,2,False,True,500,-1,l1,saga,"{'C': 2, 'dual': False, 'fit_intercept': True, 'max_iter': 500, 'n_jobs': -1, 'penalty': 'l1', 'solver': 'saga'}",0.8933333333333333,0.9177777777777778,0.9266666666666666,0.9355555555555556,0.9577777777777777,0.9262222222222223,0.021147337339325004,21,0.8933333333333333,0.9051724137931034,0.9067796610169492,0.9414414414414415,1.0,0.9293453699169654,0.038804127366358805,59,0.8933333333333333,0.9311926605504587,0.9485981308411215,0.9298245614035088,0.9221311475409836,0.9250159667338812,0.018052722975499043,43,0.8933333333333333,0.9333333333333333,0.9511111111111111,0.9288888888888889,0.9155555555555556,0.9244444444444444,0.019270651901047833,48,0.8933333333333333,0.9022222222222223,0.9022222222222223,0.9422222222222222,1.0,0.9279999999999999,0.0397920520632878,55,0.8933333333333333,0.9252506836827712,0.938945420906568,0.9322779243623571,0.9367194004995837,0.9253053525569227,0.016656300396676732,43,0.8933333333333333,0.9177777777777778,0.9266666666666667,0.9355555555555555,0.9577777777777778,0.9262222222222221,0.02114733733932503,43,0.8513777777777778,0.8890316004077472,0.904735202492212,0.9049902534113061,0.9221311475409836,0.8944531963260053,0.02394871016019599,43,0.8933333333333333,0.9177777777777778,0.9266666666666667,0.9355555555555555,0.9577777777777778,0.9262222222222221,0.02114733733932503,43
99,0.1958211898803711,0.05046668835776386,0.07516956329345703,0.011366760224351489,2,False,True,500,-1,l2,saga,"{'C': 2, 'dual': False, 'fit_intercept': True, 'max_iter': 500, 'n_jobs': -1, 'penalty': 'l2', 'solver': 'saga'}",0.8911111111111111,0.9177777777777778,0.9266666666666666,0.9355555555555556,0.9577777777777777,0.9257777777777777,0.021845699071012456,44,0.8928571428571429,0.9051724137931034,0.9067796610169492,0.9375,1.0,0.9284618435334391,0.03867713895702536,104,0.8893805309734514,0.9311926605504587,0.9485981308411215,0.9336283185840708,0.9221311475409836,0.9249861576980172,0.01973141979480626,44,0.8888888888888888,0.9333333333333333,0.9511111111111111,0.9333333333333333,0.9155555555555556,0.9244444444444445,0.021034950339909767,21,0.8933333333333333,0.9022222222222223,0.9022222222222223,0.9377777777777778,1.0,0.9271111111111111,0.03951308581492065,98,0.8901682905225864,0.9252506836827712,0.938945420906568,0.9344552701505757,0.9367194004995837,0.9251078131524169,0.01808023205050165,44,0.8911111111111111,0.9177777777777778,0.9266666666666667,0.9355555555555556,0.9577777777777778,0.9257777777777779,0.021845699071012487,44,0.8478466076696165,0.8890316004077472,0.904735202492212,0.9066470009832842,0.9221311475409836,0.8940783118187687,0.02538244520450454,44,0.891111111111111,0.9177777777777778,0.9266666666666667,0.9355555555555556,0.9577777777777778,0.9257777777777779,0.021845699071012525,44
97,0.06394691467285156,0.01726231917903897,0.07517452239990234,0.017465213011209877,2,False,True,500,-1,l2,newton-cholesky,"{'C': 2, 'dual': False, 'fit_intercept': True, 'max_iter': 500, 'n_jobs': -1, 'penalty': 'l2', 'solver': 'newton-cholesky'}",0.8911111111111111,0.9177777777777778,0.9266666666666666,0.9355555555555556,0.9577777777777777,0.9257777777777777,0.021845699071012456,44,0.8928571428571429,0.9051724137931034,0.9067796610169492,0.9375,1.0,0.9284618435334391,0.03867713895702536,104,0.8893805309734514,0.9311926605504587,0.9485981308411215,0.9336283185840708,0.9221311475409836,0.9249861576980172,0.01973141979480626,44,0.8888888888888888,0.9333333333333333,0.9511111111111111,0.9333333333333333,0.9155555555555556,0.9244444444444445,0.021034950339909767,21,0.8933333333333333,0.9022222222222223,0.9022222222222223,0.9377777777777778,1.0,0.9271111111111111,0.03951308581492065,98,0.8901682905225864,0.9252506836827712,0.938945420906568,0.9344552701505757,0.9367194004995837,0.9251078131524169,0.01808023205050165,44,0.8911111111111111,0.9177777777777778,0.9266666666666667,0.9355555555555556,0.9577777777777778,0.9257777777777779,0.021845699071012487,44,0.8478466076696165,0.8890316004077472,0.904735202492212,0.9066470009832842,0.9221311475409836,0.8940783118187687,0.02538244520450454,44,0.891111111111111,0.9177777777777778,0.9266666666666667,0.9355555555555556,0.9577777777777778,0.9257777777777779,0.021845699071012525,44
98,0.1224827766418457,0.055482766513350636,0.08072175979614257,0.02150203258123158,2,False,True,500,-1,l2,sag,"{'C': 2, 'dual': False, 'fit_intercept': True, 'max_iter': 500, 'n_jobs': -1, 'penalty': 'l2', 'solver': 'sag'}",0.8911111111111111,0.9177777777777778,0.9266666666666666,0.9355555555555556,0.9577777777777777,0.9257777777777777,0.021845699071012456,44,0.8928571428571429,0.9051724137931034,0.9067796610169492,0.9375,1.0,0.9284618435334391,0.03867713895702536,104,0.8893805309734514,0.9311926605504587,0.9485981308411215,0.9336283185840708,0.9221311475409836,0.9249861576980172,0.01973141979480626,44,0.8888888888888888,0.9333333333333333,0.9511111111111111,0.9333333333333333,0.9155555555555556,0.9244444444444445,0.021034950339909767,21,0.8933333333333333,0.9022222222222223,0.9022222222222223,0.9377777777777778,1.0,0.9271111111111111,0.03951308581492065,98,0.8901682905225864,0.9252506836827712,0.938945420906568,0.9344552701505757,0.9367194004995837,0.9251078131524169,0.01808023205050165,44,0.8911111111111111,0.9177777777777778,0.9266666666666667,0.9355555555555556,0.9577777777777778,0.9257777777777779,0.021845699071012487,44,0.8478466076696165,0.8890316004077472,0.904735202492212,0.9066470009832842,0.9221311475409836,0.8940783118187687,0.02538244520450454,44,0.891111111111111,0.9177777777777778,0.9266666666666667,0.9355555555555556,0.9577777777777778,0.9257777777777779,0.021845699071012525,44
95,0.06338186264038086,0.011148392178482631,0.06421637535095215,0.0105976421817717,2,False,True,500,-1,l2,lbfgs,"{'C': 2, 'dual': False, 'fit_intercept': True, 'max_iter': 500, 'n_jobs': -1, 'penalty': 'l2', 'solver': 'lbfgs'}",0.8911111111111111,0.9177777777777778,0.9266666666666666,0.9355555555555556,0.9577777777777777,0.9257777777777777,0.021845699071012456,44,0.8928571428571429,0.9051724137931034,0.9067796610169492,0.9375,1.0,0.9284618435334391,0.03867713895702536,104,0.8893805309734514,0.9311926605504587,0.9485981308411215,0.9336283185840708,0.9221311475409836,0.9249861576980172,0.01973141979480626,44,0.8888888888888888,0.9333333333333333,0.9511111111111111,0.9333333333333333,0.9155555555555556,0.9244444444444445,0.021034950339909767,21,0.8933333333333333,0.9022222222222223,0.9022222222222223,0.9377777777777778,1.0,0.9271111111111111,0.03951308581492065,98,0.8901682905225864,0.9252506836827712,0.938945420906568,0.9344552701505757,0.9367194004995837,0.9251078131524169,0.01808023205050165,44,0.8911111111111111,0.9177777777777778,0.9266666666666667,0.9355555555555556,0.9577777777777778,0.9257777777777779,0.021845699071012487,44,0.8478466076696165,0.8890316004077472,0.904735202492212,0.9066470009832842,0.9221311475409836,0.8940783118187687,0.02538244520450454,44,0.891111111111111,0.9177777777777778,0.9266666666666667,0.9355555555555556,0.9577777777777778,0.9257777777777779,0.021845699071012525,44
96,0.09952516555786133,0.02197752765520459,0.1071732521057129,0.036379128317413696,2,False,True,500,-1,l2,newton-cg,"{'C': 2, 'dual': False, 'fit_intercept': True, 'max_iter': 500, 'n_jobs': -1, 'penalty': 'l2', 'solver': 'newton-cg'}",0.8911111111111111,0.9177777777777778,0.9266666666666666,0.9355555555555556,0.9577777777777777,0.9257777777777777,0.021845699071012456,44,0.8928571428571429,0.9051724137931034,0.9067796610169492,0.9375,1.0,0.9284618435334391,0.03867713895702536,104,0.8893805309734514,0.9311926605504587,0.9485981308411215,0.9336283185840708,0.9221311475409836,0.9249861576980172,0.01973141979480626,44,0.8888888888888888,0.9333333333333333,0.9511111111111111,0.9333333333333333,0.9155555555555556,0.9244444444444445,0.021034950339909767,21,0.8933333333333333,0.9022222222222223,0.9022222222222223,0.9377777777777778,1.0,0.9271111111111111,0.03951308581492065,98,0.8901682905225864,0.9252506836827712,0.938945420906568,0.9344552701505757,0.9367194004995837,0.9251078131524169,0.01808023205050165,44,0.8911111111111111,0.9177777777777778,0.9266666666666667,0.9355555555555556,0.9577777777777778,0.9257777777777779,0.021845699071012487,44,0.8478466076696165,0.8890316004077472,0.904735202492212,0.9066470009832842,0.9221311475409836,0.8940783118187687,0.02538244520450454,44,0.891111111111111,0.9177777777777778,0.9266666666666667,0.9355555555555556,0.9577777777777778,0.9257777777777779,0.021845699071012525,44
34,0.20646982192993163,0.036161284479211166,0.07816591262817382,0.0160060239764805,1,False,True,500,-1,l1,saga,"{'C': 1, 'dual': False, 'fit_intercept': True, 'max_iter': 500, 'n_jobs': -1, 'penalty': 'l1', 'solver': 'saga'}",0.8933333333333333,0.9177777777777778,0.9266666666666666,0.9333333333333333,0.9577777777777777,0.9257777777777777,0.0209691130881519,44,0.8933333333333333,0.9051724137931034,0.9067796610169492,0.9372197309417041,1.0,0.928501027817018,0.03857700753204413,98,0.8933333333333333,0.9311926605504587,0.9485981308411215,0.9295154185022027,0.9221311475409836,0.9249541381536199,0.018036670445525968,49,0.8933333333333333,0.9333333333333333,0.9511111111111111,0.9288888888888889,0.9155555555555556,0.9244444444444444,0.019270651901047833,48,0.8933333333333333,0.9022222222222223,0.9022222222222223,0.9377777777777778,1.0,0.9271111111111111,0.03951308581492065,98,0.8933333333333333,0.9252506836827712,0.938945420906568,0.9311562224183584,0.9367194004995837,0.9250810121681228,0.016568198405529495,49,0.8933333333333333,0.9177777777777778,0.9266666666666667,0.9333333333333333,0.9577777777777778,0.9257777777777779,0.020969113088151938,44,0.8513777777777778,0.8890316004077472,0.904735202492212,0.9027900146842879,0.9221311475409836,0.8940131485806017,0.02377060516652577,49,0.8933333333333333,0.9177777777777778,0.9266666666666667,0.9333333333333333,0.9577777777777778,0.9257777777777779,0.020969113088151938,44
39,0.18789258003234863,0.06466468000646593,0.10236978530883789,0.031297839328998094,1,False,True,500,-1,l2,saga,"{'C': 1, 'dual': False, 'fit_intercept': True, 'max_iter': 500, 'n_jobs': -1, 'penalty': 'l2', 'solver': 'saga'}",0.8933333333333333,0.9177777777777778,0.9266666666666666,0.9333333333333333,0.9577777777777777,0.9257777777777777,0.0209691130881519,44,0.8933333333333333,0.9051724137931034,0.9067796610169492,0.9372197309417041,1.0,0.928501027817018,0.03857700753204413,98,0.8933333333333333,0.9311926605504587,0.9485981308411215,0.9295154185022027,0.9221311475409836,0.9249541381536199,0.018036670445525968,49,0.8933333333333333,0.9333333333333333,0.9511111111111111,0.9288888888888889,0.9155555555555556,0.9244444444444444,0.019270651901047833,48,0.8933333333333333,0.9022222222222223,0.9022222222222223,0.9377777777777778,1.0,0.9271111111111111,0.03951308581492065,98,0.8933333333333333,0.9252506836827712,0.938945420906568,0.9311562224183584,0.9367194004995837,0.9250810121681228,0.016568198405529495,49,0.8933333333333333,0.9177777777777778,0.9266666666666667,0.9333333333333333,0.9577777777777778,0.9257777777777779,0.020969113088151938,44,0.8513777777777778,0.8890316004077472,0.904735202492212,0.9027900146842879,0.9221311475409836,0.8940131485806017,0.02377060516652577,49,0.8933333333333333,0.9177777777777778,0.9266666666666667,0.9333333333333333,0.9577777777777778,0.9257777777777779,0.020969113088151938,44
38,0.18339114189147948,0.07462749091533033,0.06818737983703613,0.012027626677719429,1,False,True,500,-1,l2,sag,"{'C': 1, 'dual': False, 'fit_intercept': True, 'max_iter': 500, 'n_jobs': -1, 'penalty': 'l2', 'solver': 'sag'}",0.8933333333333333,0.9177777777777778,0.9266666666666666,0.9333333333333333,0.9577777777777777,0.9257777777777777,0.0209691130881519,44,0.8933333333333333,0.9051724137931034,0.9067796610169492,0.9372197309417041,1.0,0.928501027817018,0.03857700753204413,98,0.8933333333333333,0.9311926605504587,0.9485981308411215,0.9295154185022027,0.9221311475409836,0.9249541381536199,0.018036670445525968,49,0.8933333333333333,0.9333333333333333,0.9511111111111111,0.9288888888888889,0.9155555555555556,0.9244444444444444,0.019270651901047833,48,0.8933333333333333,0.9022222222222223,0.9022222222222223,0.9377777777777778,1.0,0.9271111111111111,0.03951308581492065,98,0.8933333333333333,0.9252506836827712,0.938945420906568,0.9311562224183584,0.9367194004995837,0.9250810121681228,0.016568198405529495,49,0.8933333333333333,0.9177777777777778,0.9266666666666667,0.9333333333333333,0.9577777777777778,0.9257777777777779,0.020969113088151938,44,0.8513777777777778,0.8890316004077472,0.904735202492212,0.9027900146842879,0.9221311475409836,0.8940131485806017,0.02377060516652577,49,0.8933333333333333,0.9177777777777778,0.9266666666666667,0.9333333333333333,0.9577777777777778,0.9257777777777779,0.020969113088151938,44
35,0.19757966995239257,0.10972024364601908,0.0731429100036621,0.009341277235851401,1,False,True,500,-1,l2,lbfgs,"{'C': 1, 'dual': False, 'fit_intercept': True, 'max_iter': 500, 'n_jobs': -1, 'penalty': 'l2', 'solver': 'lbfgs'}",0.8933333333333333,0.9177777777777778,0.9266666666666666,0.9333333333333333,0.9577777777777777,0.9257777777777777,0.0209691130881519,44,0.8933333333333333,0.9051724137931034,0.9067796610169492,0.9372197309417041,1.0,0.928501027817018,0.03857700753204413,98,0.8933333333333333,0.9311926605504587,0.9485981308411215,0.9295154185022027,0.9221311475409836,0.9249541381536199,0.018036670445525968,49,0.8933333333333333,0.9333333333333333,0.9511111111111111,0.9288888888888889,0.9155555555555556,0.9244444444444444,0.019270651901047833,48,0.8933333333333333,0.9022222222222223,0.9022222222222223,0.9377777777777778,1.0,0.9271111111111111,0.03951308581492065,98,0.8933333333333333,0.9252506836827712,0.938945420906568,0.9311562224183584,0.9367194004995837,0.9250810121681228,0.016568198405529495,49,0.8933333333333333,0.9177777777777778,0.9266666666666667,0.9333333333333333,0.9577777777777778,0.9257777777777779,0.020969113088151938,44,0.8513777777777778,0.8890316004077472,0.904735202492212,0.9027900146842879,0.9221311475409836,0.8940131485806017,0.02377060516652577,49,0.8933333333333333,0.9177777777777778,0.9266666666666667,0.9333333333333333,0.9577777777777778,0.9257777777777779,0.020969113088151938,44
36,0.17093486785888673,0.100569520421295,0.06880760192871094,0.017346912655301288,1,False,True,500,-1,l2,newton-cg,"{'C': 1, 'dual': False, 'fit_intercept': True, 'max_iter': 500, 'n_jobs': -1, 'penalty': 'l2', 'solver': 'newton-cg'}",0.8933333333333333,0.9177777777777778,0.9266666666666666,0.9333333333333333,0.9577777777777777,0.9257777777777777,0.0209691130881519,44,0.8933333333333333,0.9051724137931034,0.9067796610169492,0.9372197309417041,1.0,0.928501027817018,0.03857700753204413,98,0.8933333333333333,0.9311926605504587,0.9485981308411215,0.9295154185022027,0.9221311475409836,0.9249541381536199,0.018036670445525968,49,0.8933333333333333,0.9333333333333333,0.9511111111111111,0.9288888888888889,0.9155555555555556,0.9244444444444444,0.019270651901047833,48,0.8933333333333333,0.9022222222222223,0.9022222222222223,0.9377777777777778,1.0,0.9271111111111111,0.03951308581492065,98,0.8933333333333333,0.9252506836827712,0.938945420906568,0.9311562224183584,0.9367194004995837,0.9250810121681228,0.016568198405529495,49,0.8933333333333333,0.9177777777777778,0.9266666666666667,0.9333333333333333,0.9577777777777778,0.9257777777777779,0.020969113088151938,44,0.8513777777777778,0.8890316004077472,0.904735202492212,0.9027900146842879,0.9221311475409836,0.8940131485806017,0.02377060516652577,49,0.8933333333333333,0.9177777777777778,0.9266666666666667,0.9333333333333333,0.9577777777777778,0.9257777777777779,0.020969113088151938,44
37,0.13211169242858886,0.035618778317580056,0.08984084129333496,0.021249974442485876,1,False,True,500,-1,l2,newton-cholesky,"{'C': 1, 'dual': False, 'fit_intercept': True, 'max_iter': 500, 'n_jobs': -1, 'penalty': 'l2', 'solver': 'newton-cholesky'}",0.8933333333333333,0.9177777777777778,0.9266666666666666,0.9333333333333333,0.9577777777777777,0.9257777777777777,0.0209691130881519,44,0.8933333333333333,0.9051724137931034,0.9067796610169492,0.9372197309417041,1.0,0.928501027817018,0.03857700753204413,98,0.8933333333333333,0.9311926605504587,0.9485981308411215,0.9295154185022027,0.9221311475409836,0.9249541381536199,0.018036670445525968,49,0.8933333333333333,0.9333333333333333,0.9511111111111111,0.9288888888888889,0.9155555555555556,0.9244444444444444,0.019270651901047833,48,0.8933333333333333,0.9022222222222223,0.9022222222222223,0.9377777777777778,1.0,0.9271111111111111,0.03951308581492065,98,0.8933333333333333,0.9252506836827712,0.938945420906568,0.9311562224183584,0.9367194004995837,0.9250810121681228,0.016568198405529495,49,0.8933333333333333,0.9177777777777778,0.9266666666666667,0.9333333333333333,0.9577777777777778,0.9257777777777779,0.020969113088151938,44,0.8513777777777778,0.8890316004077472,0.904735202492212,0.9027900146842879,0.9221311475409836,0.8940131485806017,0.02377060516652577,49,0.8933333333333333,0.9177777777777778,0.9266666666666667,0.9333333333333333,0.9577777777777778,0.9257777777777779,0.020969113088151938,44
49,0.13623466491699218,0.02614266703127098,0.06838045120239258,0.009281201946060184,1,False,False,500,-1,l1,saga,"{'C': 1, 'dual': False, 'fit_intercept': False, 'max_iter': 500, 'n_jobs': -1, 'penalty': 'l1', 'solver': 'saga'}",0.7911111111111111,0.8311111111111111,0.8133333333333334,0.8133333333333334,0.7822222222222223,0.8062222222222223,0.017463895737234225,55,1.0,1.0,1.0,1.0,1.0,1.0,0.0,1,0.7053291536050157,0.7475083056478405,0.7281553398058253,0.7281553398058253,0.6965944272445821,0.7211485132218178,0.01814489003087594,55,0.5822222222222222,0.6622222222222223,0.6266666666666667,0.6266666666666667,0.5644444444444444,0.6124444444444445,0.03492779147446848,55,1.0,1.0,1.0,1.0,1.0,1.0,0.0,1,0.7495003331112592,0.7872638208537439,0.7700205338809035,0.7700205338809035,0.7415952537903757,0.7636800951034373,0.016281279519897694,55,0.7911111111111111,0.8311111111111111,0.8133333333333334,0.8133333333333334,0.7822222222222222,0.8062222222222223,0.017463895737234256,55,0.7053291536050157,0.7475083056478405,0.7281553398058253,0.7281553398058253,0.6965944272445821,0.7211485132218178,0.01814489003087594,55,0.7911111111111111,0.8311111111111111,0.8133333333333334,0.8133333333333334,0.7822222222222223,0.8062222222222223,0.017463895737234225,55
50,0.11171011924743653,0.03809129588252856,0.08637447357177734,0.02375718078038784,1,False,False,500,-1,l2,lbfgs,"{'C': 1, 'dual': False, 'fit_intercept': False, 'max_iter': 500, 'n_jobs': -1, 'penalty': 'l2', 'solver': 'lbfgs'}",0.7911111111111111,0.8311111111111111,0.8133333333333334,0.8133333333333334,0.7822222222222223,0.8062222222222223,0.017463895737234225,55,1.0,1.0,1.0,1.0,1.0,1.0,0.0,1,0.7053291536050157,0.7475083056478405,0.7281553398058253,0.7281553398058253,0.6965944272445821,0.7211485132218178,0.01814489003087594,55,0.5822222222222222,0.6622222222222223,0.6266666666666667,0.6266666666666667,0.5644444444444444,0.6124444444444445,0.03492779147446848,55,1.0,1.0,1.0,1.0,1.0,1.0,0.0,1,0.7495003331112592,0.7872638208537439,0.7700205338809035,0.7700205338809035,0.7415952537903757,0.7636800951034373,0.016281279519897694,55,0.7911111111111111,0.8311111111111111,0.8133333333333334,0.8133333333333334,0.7822222222222222,0.8062222222222223,0.017463895737234256,55,0.7053291536050157,0.7475083056478405,0.7281553398058253,0.7281553398058253,0.6965944272445821,0.7211485132218178,0.01814489003087594,55,0.7911111111111111,0.8311111111111111,0.8133333333333334,0.8133333333333334,0.7822222222222223,0.8062222222222223,0.017463895737234225,55
109,0.11571674346923828,0.031161654845983402,0.09563241004943848,0.03009061034224512,2,False,False,500,-1,l1,saga,"{'C': 2, 'dual': False, 'fit_intercept': False, 'max_iter': 500, 'n_jobs': -1, 'penalty': 'l1', 'solver': 'saga'}",0.7911111111111111,0.8311111111111111,0.8133333333333334,0.8133333333333334,0.7822222222222223,0.8062222222222223,0.017463895737234225,55,1.0,1.0,1.0,1.0,1.0,1.0,0.0,1,0.7053291536050157,0.7475083056478405,0.7281553398058253,0.7281553398058253,0.6965944272445821,0.7211485132218178,0.01814489003087594,55,0.5822222222222222,0.6622222222222223,0.6266666666666667,0.6266666666666667,0.5644444444444444,0.6124444444444445,0.03492779147446848,55,1.0,1.0,1.0,1.0,1.0,1.0,0.0,1,0.7495003331112592,0.7872638208537439,0.7700205338809035,0.7700205338809035,0.7415952537903757,0.7636800951034373,0.016281279519897694,55,0.7911111111111111,0.8311111111111111,0.8133333333333334,0.8133333333333334,0.7822222222222222,0.8062222222222223,0.017463895737234256,55,0.7053291536050157,0.7475083056478405,0.7281553398058253,0.7281553398058253,0.6965944272445821,0.7211485132218178,0.01814489003087594,55,0.7911111111111111,0.8311111111111111,0.8133333333333334,0.8133333333333334,0.7822222222222223,0.8062222222222223,0.017463895737234225,55
110,0.08984184265136719,0.0436550709852532,0.06920347213745118,0.010380982251054547,2,False,False,500,-1,l2,lbfgs,"{'C': 2, 'dual': False, 'fit_intercept': False, 'max_iter': 500, 'n_jobs': -1, 'penalty': 'l2', 'solver': 'lbfgs'}",0.7911111111111111,0.8311111111111111,0.8133333333333334,0.8133333333333334,0.7822222222222223,0.8062222222222223,0.017463895737234225,55,1.0,1.0,1.0,1.0,1.0,1.0,0.0,1,0.7053291536050157,0.7475083056478405,0.7281553398058253,0.7281553398058253,0.6965944272445821,0.7211485132218178,0.01814489003087594,55,0.5822222222222222,0.6622222222222223,0.6266666666666667,0.6266666666666667,0.5644444444444444,0.6124444444444445,0.03492779147446848,55,1.0,1.0,1.0,1.0,1.0,1.0,0.0,1,0.7495003331112592,0.7872638208537439,0.7700205338809035,0.7700205338809035,0.7415952537903757,0.7636800951034373,0.016281279519897694,55,0.7911111111111111,0.8311111111111111,0.8133333333333334,0.8133333333333334,0.7822222222222222,0.8062222222222223,0.017463895737234256,55,0.7053291536050157,0.7475083056478405,0.7281553398058253,0.7281553398058253,0.6965944272445821,0.7211485132218178,0.01814489003087594,55,0.7911111111111111,0.8311111111111111,0.8133333333333334,0.8133333333333334,0.7822222222222223,0.8062222222222223,0.017463895737234225,55
170,0.07332673072814941,0.01658805528257607,0.06457157135009765,0.013610887992958415,3,False,False,500,-1,l2,lbfgs,"{'C': 3, 'dual': False, 'fit_intercept': False, 'max_iter': 500, 'n_jobs': -1, 'penalty': 'l2', 'solver': 'lbfgs'}",0.7911111111111111,0.8311111111111111,0.8133333333333334,0.8111111111111111,0.7822222222222223,0.8057777777777778,0.01730481985238381,59,1.0,1.0,1.0,1.0,1.0,1.0,0.0,1,0.7053291536050157,0.7475083056478405,0.7281553398058253,0.7258064516129032,0.6965944272445821,0.7206787355832335,0.0179871203214474,59,0.5822222222222222,0.6622222222222223,0.6266666666666667,0.6222222222222222,0.5644444444444444,0.6115555555555555,0.034609639704767645,59,1.0,1.0,1.0,1.0,1.0,1.0,0.0,1,0.7495003331112592,0.7872638208537439,0.7700205338809035,0.7679180887372014,0.7415952537903757,0.7632596060746968,0.016138622525220497,59,0.7911111111111111,0.8311111111111111,0.8133333333333334,0.8111111111111111,0.7822222222222222,0.8057777777777778,0.01730481985238384,59,0.7053291536050157,0.7475083056478405,0.7281553398058253,0.7258064516129032,0.6965944272445821,0.7206787355832335,0.0179871203214474,59,0.7911111111111111,0.8311111111111111,0.8133333333333334,0.8111111111111111,0.7822222222222223,0.8057777777777778,0.01730481985238381,59
171,0.1160041332244873,0.05341708344713206,0.07681689262390137,0.008497115888636372,3,False,False,500,-1,l2,newton-cg,"{'C': 3, 'dual': False, 'fit_intercept': False, 'max_iter': 500, 'n_jobs': -1, 'penalty': 'l2', 'solver': 'newton-cg'}",0.7911111111111111,0.8311111111111111,0.8133333333333334,0.8111111111111111,0.7822222222222223,0.8057777777777778,0.01730481985238381,59,1.0,1.0,1.0,1.0,1.0,1.0,0.0,1,0.7053291536050157,0.7475083056478405,0.7281553398058253,0.7258064516129032,0.6965944272445821,0.7206787355832335,0.0179871203214474,59,0.5822222222222222,0.6622222222222223,0.6266666666666667,0.6222222222222222,0.5644444444444444,0.6115555555555555,0.034609639704767645,59,1.0,1.0,1.0,1.0,1.0,1.0,0.0,1,0.7495003331112592,0.7872638208537439,0.7700205338809035,0.7679180887372014,0.7415952537903757,0.7632596060746968,0.016138622525220497,59,0.7911111111111111,0.8311111111111111,0.8133333333333334,0.8111111111111111,0.7822222222222222,0.8057777777777778,0.01730481985238384,59,0.7053291536050157,0.7475083056478405,0.7281553398058253,0.7258064516129032,0.6965944272445821,0.7206787355832335,0.0179871203214474,59,0.7911111111111111,0.8311111111111111,0.8133333333333334,0.8111111111111111,0.7822222222222223,0.8057777777777778,0.01730481985238381,59
172,0.1250030517578125,0.053526781660350076,0.06868681907653809,0.014072076063366959,3,False,False,500,-1,l2,newton-cholesky,"{'C': 3, 'dual': False, 'fit_intercept': False, 'max_iter': 500, 'n_jobs': -1, 'penalty': 'l2', 'solver': 'newton-cholesky'}",0.7911111111111111,0.8311111111111111,0.8133333333333334,0.8111111111111111,0.7822222222222223,0.8057777777777778,0.01730481985238381,59,1.0,1.0,1.0,1.0,1.0,1.0,0.0,1,0.7053291536050157,0.7475083056478405,0.7281553398058253,0.7258064516129032,0.6965944272445821,0.7206787355832335,0.0179871203214474,59,0.5822222222222222,0.6622222222222223,0.6266666666666667,0.6222222222222222,0.5644444444444444,0.6115555555555555,0.034609639704767645,59,1.0,1.0,1.0,1.0,1.0,1.0,0.0,1,0.7495003331112592,0.7872638208537439,0.7700205338809035,0.7679180887372014,0.7415952537903757,0.7632596060746968,0.016138622525220497,59,0.7911111111111111,0.8311111111111111,0.8133333333333334,0.8111111111111111,0.7822222222222222,0.8057777777777778,0.01730481985238384,59,0.7053291536050157,0.7475083056478405,0.7281553398058253,0.7258064516129032,0.6965944272445821,0.7206787355832335,0.0179871203214474,59,0.7911111111111111,0.8311111111111111,0.8133333333333334,0.8111111111111111,0.7822222222222223,0.8057777777777778,0.01730481985238381,59
173,0.09407920837402343,0.03855218376548805,0.07742128372192383,0.016361100406979537,3,False,False,500,-1,l2,sag,"{'C': 3, 'dual': False, 'fit_intercept': False, 'max_iter': 500, 'n_jobs': -1, 'penalty': 'l2', 'solver': 'sag'}",0.7911111111111111,0.8311111111111111,0.8133333333333334,0.8111111111111111,0.7822222222222223,0.8057777777777778,0.01730481985238381,59,1.0,1.0,1.0,1.0,1.0,1.0,0.0,1,0.7053291536050157,0.7475083056478405,0.7281553398058253,0.7258064516129032,0.6965944272445821,0.7206787355832335,0.0179871203214474,59,0.5822222222222222,0.6622222222222223,0.6266666666666667,0.6222222222222222,0.5644444444444444,0.6115555555555555,0.034609639704767645,59,1.0,1.0,1.0,1.0,1.0,1.0,0.0,1,0.7495003331112592,0.7872638208537439,0.7700205338809035,0.7679180887372014,0.7415952537903757,0.7632596060746968,0.016138622525220497,59,0.7911111111111111,0.8311111111111111,0.8133333333333334,0.8111111111111111,0.7822222222222222,0.8057777777777778,0.01730481985238384,59,0.7053291536050157,0.7475083056478405,0.7281553398058253,0.7258064516129032,0.6965944272445821,0.7206787355832335,0.0179871203214474,59,0.7911111111111111,0.8311111111111111,0.8133333333333334,0.8111111111111111,0.7822222222222223,0.8057777777777778,0.01730481985238381,59
174,0.10590128898620606,0.03426099980853094,0.06389975547790527,0.011977931171755524,3,False,False,500,-1,l2,saga,"{'C': 3, 'dual': False, 'fit_intercept': False, 'max_iter': 500, 'n_jobs': -1, 'penalty': 'l2', 'solver': 'saga'}",0.7911111111111111,0.8311111111111111,0.8133333333333334,0.8111111111111111,0.7822222222222223,0.8057777777777778,0.01730481985238381,59,1.0,1.0,1.0,1.0,1.0,1.0,0.0,1,0.7053291536050157,0.7475083056478405,0.7281553398058253,0.7258064516129032,0.6965944272445821,0.7206787355832335,0.0179871203214474,59,0.5822222222222222,0.6622222222222223,0.6266666666666667,0.6222222222222222,0.5644444444444444,0.6115555555555555,0.034609639704767645,59,1.0,1.0,1.0,1.0,1.0,1.0,0.0,1,0.7495003331112592,0.7872638208537439,0.7700205338809035,0.7679180887372014,0.7415952537903757,0.7632596060746968,0.016138622525220497,59,0.7911111111111111,0.8311111111111111,0.8133333333333334,0.8111111111111111,0.7822222222222222,0.8057777777777778,0.01730481985238384,59,0.7053291536050157,0.7475083056478405,0.7281553398058253,0.7258064516129032,0.6965944272445821,0.7206787355832335,0.0179871203214474,59,0.7911111111111111,0.8311111111111111,0.8133333333333334,0.8111111111111111,0.7822222222222223,0.8057777777777778,0.01730481985238381,59
169,0.10934033393859863,0.04421875490632552,0.08101277351379395,0.01399597412886218,3,False,False,500,-1,l1,saga,"{'C': 3, 'dual': False, 'fit_intercept': False, 'max_iter': 500, 'n_jobs': -1, 'penalty': 'l1', 'solver': 'saga'}",0.7911111111111111,0.8311111111111111,0.8133333333333334,0.8111111111111111,0.7822222222222223,0.8057777777777778,0.01730481985238381,59,1.0,1.0,1.0,1.0,1.0,1.0,0.0,1,0.7053291536050157,0.7475083056478405,0.7281553398058253,0.7258064516129032,0.6965944272445821,0.7206787355832335,0.0179871203214474,59,0.5822222222222222,0.6622222222222223,0.6266666666666667,0.6222222222222222,0.5644444444444444,0.6115555555555555,0.034609639704767645,59,1.0,1.0,1.0,1.0,1.0,1.0,0.0,1,0.7495003331112592,0.7872638208537439,0.7700205338809035,0.7679180887372014,0.7415952537903757,0.7632596060746968,0.016138622525220497,59,0.7911111111111111,0.8311111111111111,0.8133333333333334,0.8111111111111111,0.7822222222222222,0.8057777777777778,0.01730481985238384,59,0.7053291536050157,0.7475083056478405,0.7281553398058253,0.7258064516129032,0.6965944272445821,0.7206787355832335,0.0179871203214474,59,0.7911111111111111,0.8311111111111111,0.8133333333333334,0.8111111111111111,0.7822222222222223,0.8057777777777778,0.01730481985238381,59
350,0.07556705474853516,0.02599455303162244,0.07895832061767578,0.008792557544286962,6,False,False,500,-1,l2,lbfgs,"{'C': 6, 'dual': False, 'fit_intercept': False, 'max_iter': 500, 'n_jobs': -1, 'penalty': 'l2', 'solver': 'lbfgs'}",0.7911111111111111,0.8311111111111111,0.8133333333333334,0.8111111111111111,0.7822222222222223,0.8057777777777778,0.01730481985238381,59,1.0,1.0,1.0,1.0,1.0,1.0,0.0,1,0.7053291536050157,0.7475083056478405,0.7281553398058253,0.7258064516129032,0.6965944272445821,0.7206787355832335,0.0179871203214474,59,0.5822222222222222,0.6622222222222223,0.6266666666666667,0.6222222222222222,0.5644444444444444,0.6115555555555555,0.034609639704767645,59,1.0,1.0,1.0,1.0,1.0,1.0,0.0,1,0.7495003331112592,0.7872638208537439,0.7700205338809035,0.7679180887372014,0.7415952537903757,0.7632596060746968,0.016138622525220497,59,0.7911111111111111,0.8311111111111111,0.8133333333333334,0.8111111111111111,0.7822222222222222,0.8057777777777778,0.01730481985238384,59,0.7053291536050157,0.7475083056478405,0.7281553398058253,0.7258064516129032,0.6965944272445821,0.7206787355832335,0.0179871203214474,59,0.7911111111111111,0.8311111111111111,0.8133333333333334,0.8111111111111111,0.7822222222222223,0.8057777777777778,0.01730481985238381,59
111,0.09620461463928223,0.02818321351176572,0.07696547508239746,0.00929047342766814,2,False,False,500,-1,l2,newton-cg,"{'C': 2, 'dual': False, 'fit_intercept': False, 'max_iter': 500, 'n_jobs': -1, 'penalty': 'l2', 'solver': 'newton-cg'}",0.7911111111111111,0.8311111111111111,0.8133333333333334,0.8111111111111111,0.7822222222222223,0.8057777777777778,0.01730481985238381,59,1.0,1.0,1.0,1.0,1.0,1.0,0.0,1,0.7053291536050157,0.7475083056478405,0.7281553398058253,0.7258064516129032,0.6965944272445821,0.7206787355832335,0.0179871203214474,59,0.5822222222222222,0.6622222222222223,0.6266666666666667,0.6222222222222222,0.5644444444444444,0.6115555555555555,0.034609639704767645,59,1.0,1.0,1.0,1.0,1.0,1.0,0.0,1,0.7495003331112592,0.7872638208537439,0.7700205338809035,0.7679180887372014,0.7415952537903757,0.7632596060746968,0.016138622525220497,59,0.7911111111111111,0.8311111111111111,0.8133333333333334,0.8111111111111111,0.7822222222222222,0.8057777777777778,0.01730481985238384,59,0.7053291536050157,0.7475083056478405,0.7281553398058253,0.7258064516129032,0.6965944272445821,0.7206787355832335,0.0179871203214474,59,0.7911111111111111,0.8311111111111111,0.8133333333333334,0.8111111111111111,0.7822222222222223,0.8057777777777778,0.01730481985238381,59
234,0.11233010292053222,0.03343227643045382,0.07498311996459961,0.02035156512100701,4,False,False,500,-1,l2,saga,"{'C': 4, 'dual': False, 'fit_intercept': False, 'max_iter': 500, 'n_jobs': -1, 'penalty': 'l2', 'solver': 'saga'}",0.7911111111111111,0.8311111111111111,0.8133333333333334,0.8111111111111111,0.7822222222222223,0.8057777777777778,0.01730481985238381,59,1.0,1.0,1.0,1.0,1.0,1.0,0.0,1,0.7053291536050157,0.7475083056478405,0.7281553398058253,0.7258064516129032,0.6965944272445821,0.7206787355832335,0.0179871203214474,59,0.5822222222222222,0.6622222222222223,0.6266666666666667,0.6222222222222222,0.5644444444444444,0.6115555555555555,0.034609639704767645,59,1.0,1.0,1.0,1.0,1.0,1.0,0.0,1,0.7495003331112592,0.7872638208537439,0.7700205338809035,0.7679180887372014,0.7415952537903757,0.7632596060746968,0.016138622525220497,59,0.7911111111111111,0.8311111111111111,0.8133333333333334,0.8111111111111111,0.7822222222222222,0.8057777777777778,0.01730481985238384,59,0.7053291536050157,0.7475083056478405,0.7281553398058253,0.7258064516129032,0.6965944272445821,0.7206787355832335,0.0179871203214474,59,0.7911111111111111,0.8311111111111111,0.8133333333333334,0.8111111111111111,0.7822222222222223,0.8057777777777778,0.01730481985238381,59
414,0.09486689567565917,0.02595956997169328,0.07579340934753417,0.011349013366545624,7,False,False,500,-1,l2,saga,"{'C': 7, 'dual': False, 'fit_intercept': False, 'max_iter': 500, 'n_jobs': -1, 'penalty': 'l2', 'solver': 'saga'}",0.7911111111111111,0.8311111111111111,0.8133333333333334,0.8111111111111111,0.7822222222222223,0.8057777777777778,0.01730481985238381,59,1.0,1.0,1.0,1.0,1.0,1.0,0.0,1,0.7053291536050157,0.7475083056478405,0.7281553398058253,0.7258064516129032,0.6965944272445821,0.7206787355832335,0.0179871203214474,59,0.5822222222222222,0.6622222222222223,0.6266666666666667,0.6222222222222222,0.5644444444444444,0.6115555555555555,0.034609639704767645,59,1.0,1.0,1.0,1.0,1.0,1.0,0.0,1,0.7495003331112592,0.7872638208537439,0.7700205338809035,0.7679180887372014,0.7415952537903757,0.7632596060746968,0.016138622525220497,59,0.7911111111111111,0.8311111111111111,0.8133333333333334,0.8111111111111111,0.7822222222222222,0.8057777777777778,0.01730481985238384,59,0.7053291536050157,0.7475083056478405,0.7281553398058253,0.7258064516129032,0.6965944272445821,0.7206787355832335,0.0179871203214474,59,0.7911111111111111,0.8311111111111111,0.8133333333333334,0.8111111111111111,0.7822222222222223,0.8057777777777778,0.01730481985238381,59
412,0.10820860862731933,0.027441185533533682,0.06397333145141601,0.006424560435420655,7,False,False,500,-1,l2,newton-cholesky,"{'C': 7, 'dual': False, 'fit_intercept': False, 'max_iter': 500, 'n_jobs': -1, 'penalty': 'l2', 'solver': 'newton-cholesky'}",0.7911111111111111,0.8311111111111111,0.8133333333333334,0.8111111111111111,0.7822222222222223,0.8057777777777778,0.01730481985238381,59,1.0,1.0,1.0,1.0,1.0,1.0,0.0,1,0.7053291536050157,0.7475083056478405,0.7281553398058253,0.7258064516129032,0.6965944272445821,0.7206787355832335,0.0179871203214474,59,0.5822222222222222,0.6622222222222223,0.6266666666666667,0.6222222222222222,0.5644444444444444,0.6115555555555555,0.034609639704767645,59,1.0,1.0,1.0,1.0,1.0,1.0,0.0,1,0.7495003331112592,0.7872638208537439,0.7700205338809035,0.7679180887372014,0.7415952537903757,0.7632596060746968,0.016138622525220497,59,0.7911111111111111,0.8311111111111111,0.8133333333333334,0.8111111111111111,0.7822222222222222,0.8057777777777778,0.01730481985238384,59,0.7053291536050157,0.7475083056478405,0.7281553398058253,0.7258064516129032,0.6965944272445821,0.7206787355832335,0.0179871203214474,59,0.7911111111111111,0.8311111111111111,0.8133333333333334,0.8111111111111111,0.7822222222222223,0.8057777777777778,0.01730481985238381,59
411,0.11605668067932129,0.0511593860230968,0.09029340744018555,0.01313007602821934,7,False,False,500,-1,l2,newton-cg,"{'C': 7, 'dual': False, 'fit_intercept': False, 'max_iter': 500, 'n_jobs': -1, 'penalty': 'l2', 'solver': 'newton-cg'}",0.7911111111111111,0.8311111111111111,0.8133333333333334,0.8111111111111111,0.7822222222222223,0.8057777777777778,0.01730481985238381,59,1.0,1.0,1.0,1.0,1.0,1.0,0.0,1,0.7053291536050157,0.7475083056478405,0.7281553398058253,0.7258064516129032,0.6965944272445821,0.7206787355832335,0.0179871203214474,59,0.5822222222222222,0.6622222222222223,0.6266666666666667,0.6222222222222222,0.5644444444444444,0.6115555555555555,0.034609639704767645,59,1.0,1.0,1.0,1.0,1.0,1.0,0.0,1,0.7495003331112592,0.7872638208537439,0.7700205338809035,0.7679180887372014,0.7415952537903757,0.7632596060746968,0.016138622525220497,59,0.7911111111111111,0.8311111111111111,0.8133333333333334,0.8111111111111111,0.7822222222222222,0.8057777777777778,0.01730481985238384,59,0.7053291536050157,0.7475083056478405,0.7281553398058253,0.7258064516129032,0.6965944272445821,0.7206787355832335,0.0179871203214474,59,0.7911111111111111,0.8311111111111111,0.8133333333333334,0.8111111111111111,0.7822222222222223,0.8057777777777778,0.01730481985238381,59
410,0.07975983619689941,0.019138961315091345,0.08195695877075196,0.010752413575799181,7,False,False,500,-1,l2,lbfgs,"{'C': 7, 'dual': False, 'fit_intercept': False, 'max_iter': 500, 'n_jobs': -1, 'penalty': 'l2', 'solver': 'lbfgs'}",0.7911111111111111,0.8311111111111111,0.8133333333333334,0.8111111111111111,0.7822222222222223,0.8057777777777778,0.01730481985238381,59,1.0,1.0,1.0,1.0,1.0,1.0,0.0,1,0.7053291536050157,0.7475083056478405,0.7281553398058253,0.7258064516129032,0.6965944272445821,0.7206787355832335,0.0179871203214474,59,0.5822222222222222,0.6622222222222223,0.6266666666666667,0.6222222222222222,0.5644444444444444,0.6115555555555555,0.034609639704767645,59,1.0,1.0,1.0,1.0,1.0,1.0,0.0,1,0.7495003331112592,0.7872638208537439,0.7700205338809035,0.7679180887372014,0.7415952537903757,0.7632596060746968,0.016138622525220497,59,0.7911111111111111,0.8311111111111111,0.8133333333333334,0.8111111111111111,0.7822222222222222,0.8057777777777778,0.01730481985238384,59,0.7053291536050157,0.7475083056478405,0.7281553398058253,0.7258064516129032,0.6965944272445821,0.7206787355832335,0.0179871203214474,59,0.7911111111111111,0.8311111111111111,0.8133333333333334,0.8111111111111111,0.7822222222222223,0.8057777777777778,0.01730481985238381,59
409,0.08233308792114258,0.01476379324160239,0.0609623908996582,0.004948639103241479,7,False,False,500,-1,l1,saga,"{'C': 7, 'dual': False, 'fit_intercept': False, 'max_iter': 500, 'n_jobs': -1, 'penalty': 'l1', 'solver': 'saga'}",0.7911111111111111,0.8311111111111111,0.8133333333333334,0.8111111111111111,0.7822222222222223,0.8057777777777778,0.01730481985238381,59,1.0,1.0,1.0,1.0,1.0,1.0,0.0,1,0.7053291536050157,0.7475083056478405,0.7281553398058253,0.7258064516129032,0.6965944272445821,0.7206787355832335,0.0179871203214474,59,0.5822222222222222,0.6622222222222223,0.6266666666666667,0.6222222222222222,0.5644444444444444,0.6115555555555555,0.034609639704767645,59,1.0,1.0,1.0,1.0,1.0,1.0,0.0,1,0.7495003331112592,0.7872638208537439,0.7700205338809035,0.7679180887372014,0.7415952537903757,0.7632596060746968,0.016138622525220497,59,0.7911111111111111,0.8311111111111111,0.8133333333333334,0.8111111111111111,0.7822222222222222,0.8057777777777778,0.01730481985238384,59,0.7053291536050157,0.7475083056478405,0.7281553398058253,0.7258064516129032,0.6965944272445821,0.7206787355832335,0.0179871203214474,59,0.7911111111111111,0.8311111111111111,0.8133333333333334,0.8111111111111111,0.7822222222222223,0.8057777777777778,0.01730481985238381,59
354,0.08827390670776367,0.01777175245417848,0.07921876907348632,0.02609032049297043,6,False,False,500,-1,l2,saga,"{'C': 6, 'dual': False, 'fit_intercept': False, 'max_iter': 500, 'n_jobs': -1, 'penalty': 'l2', 'solver': 'saga'}",0.7911111111111111,0.8311111111111111,0.8133333333333334,0.8111111111111111,0.7822222222222223,0.8057777777777778,0.01730481985238381,59,1.0,1.0,1.0,1.0,1.0,1.0,0.0,1,0.7053291536050157,0.7475083056478405,0.7281553398058253,0.7258064516129032,0.6965944272445821,0.7206787355832335,0.0179871203214474,59,0.5822222222222222,0.6622222222222223,0.6266666666666667,0.6222222222222222,0.5644444444444444,0.6115555555555555,0.034609639704767645,59,1.0,1.0,1.0,1.0,1.0,1.0,0.0,1,0.7495003331112592,0.7872638208537439,0.7700205338809035,0.7679180887372014,0.7415952537903757,0.7632596060746968,0.016138622525220497,59,0.7911111111111111,0.8311111111111111,0.8133333333333334,0.8111111111111111,0.7822222222222222,0.8057777777777778,0.01730481985238384,59,0.7053291536050157,0.7475083056478405,0.7281553398058253,0.7258064516129032,0.6965944272445821,0.7206787355832335,0.0179871203214474,59,0.7911111111111111,0.8311111111111111,0.8133333333333334,0.8111111111111111,0.7822222222222223,0.8057777777777778,0.01730481985238381,59
353,0.12708020210266113,0.040766001099483494,0.06951737403869629,0.012507509662391735,6,False,False,500,-1,l2,sag,"{'C': 6, 'dual': False, 'fit_intercept': False, 'max_iter': 500, 'n_jobs': -1, 'penalty': 'l2', 'solver': 'sag'}",0.7911111111111111,0.8311111111111111,0.8133333333333334,0.8111111111111111,0.7822222222222223,0.8057777777777778,0.01730481985238381,59,1.0,1.0,1.0,1.0,1.0,1.0,0.0,1,0.7053291536050157,0.7475083056478405,0.7281553398058253,0.7258064516129032,0.6965944272445821,0.7206787355832335,0.0179871203214474,59,0.5822222222222222,0.6622222222222223,0.6266666666666667,0.6222222222222222,0.5644444444444444,0.6115555555555555,0.034609639704767645,59,1.0,1.0,1.0,1.0,1.0,1.0,0.0,1,0.7495003331112592,0.7872638208537439,0.7700205338809035,0.7679180887372014,0.7415952537903757,0.7632596060746968,0.016138622525220497,59,0.7911111111111111,0.8311111111111111,0.8133333333333334,0.8111111111111111,0.7822222222222222,0.8057777777777778,0.01730481985238384,59,0.7053291536050157,0.7475083056478405,0.7281553398058253,0.7258064516129032,0.6965944272445821,0.7206787355832335,0.0179871203214474,59,0.7911111111111111,0.8311111111111111,0.8133333333333334,0.8111111111111111,0.7822222222222223,0.8057777777777778,0.01730481985238381,59
351,0.07364459037780761,0.00930839616477902,0.09345021247863769,0.03028207378315499,6,False,False,500,-1,l2,newton-cg,"{'C': 6, 'dual': False, 'fit_intercept': False, 'max_iter': 500, 'n_jobs': -1, 'penalty': 'l2', 'solver': 'newton-cg'}",0.7911111111111111,0.8311111111111111,0.8133333333333334,0.8111111111111111,0.7822222222222223,0.8057777777777778,0.01730481985238381,59,1.0,1.0,1.0,1.0,1.0,1.0,0.0,1,0.7053291536050157,0.7475083056478405,0.7281553398058253,0.7258064516129032,0.6965944272445821,0.7206787355832335,0.0179871203214474,59,0.5822222222222222,0.6622222222222223,0.6266666666666667,0.6222222222222222,0.5644444444444444,0.6115555555555555,0.034609639704767645,59,1.0,1.0,1.0,1.0,1.0,1.0,0.0,1,0.7495003331112592,0.7872638208537439,0.7700205338809035,0.7679180887372014,0.7415952537903757,0.7632596060746968,0.016138622525220497,59,0.7911111111111111,0.8311111111111111,0.8133333333333334,0.8111111111111111,0.7822222222222222,0.8057777777777778,0.01730481985238384,59,0.7053291536050157,0.7475083056478405,0.7281553398058253,0.7258064516129032,0.6965944272445821,0.7206787355832335,0.0179871203214474,59,0.7911111111111111,0.8311111111111111,0.8133333333333334,0.8111111111111111,0.7822222222222223,0.8057777777777778,0.01730481985238381,59
352,0.09033050537109374,0.015739045688128537,0.0788306713104248,0.0135277523537185,6,False,False,500,-1,l2,newton-cholesky,"{'C': 6, 'dual': False, 'fit_intercept': False, 'max_iter': 500, 'n_jobs': -1, 'penalty': 'l2', 'solver': 'newton-cholesky'}",0.7911111111111111,0.8311111111111111,0.8133333333333334,0.8111111111111111,0.7822222222222223,0.8057777777777778,0.01730481985238381,59,1.0,1.0,1.0,1.0,1.0,1.0,0.0,1,0.7053291536050157,0.7475083056478405,0.7281553398058253,0.7258064516129032,0.6965944272445821,0.7206787355832335,0.0179871203214474,59,0.5822222222222222,0.6622222222222223,0.6266666666666667,0.6222222222222222,0.5644444444444444,0.6115555555555555,0.034609639704767645,59,1.0,1.0,1.0,1.0,1.0,1.0,0.0,1,0.7495003331112592,0.7872638208537439,0.7700205338809035,0.7679180887372014,0.7415952537903757,0.7632596060746968,0.016138622525220497,59,0.7911111111111111,0.8311111111111111,0.8133333333333334,0.8111111111111111,0.7822222222222222,0.8057777777777778,0.01730481985238384,59,0.7053291536050157,0.7475083056478405,0.7281553398058253,0.7258064516129032,0.6965944272445821,0.7206787355832335,0.0179871203214474,59,0.7911111111111111,0.8311111111111111,0.8133333333333334,0.8111111111111111,0.7822222222222223,0.8057777777777778,0.01730481985238381,59
230,0.11948642730712891,0.03034532100767367,0.07498364448547364,0.014469186972516375,4,False,False,500,-1,l2,lbfgs,"{'C': 4, 'dual': False, 'fit_intercept': False, 'max_iter': 500, 'n_jobs': -1, 'penalty': 'l2', 'solver': 'lbfgs'}",0.7911111111111111,0.8311111111111111,0.8133333333333334,0.8111111111111111,0.7822222222222223,0.8057777777777778,0.01730481985238381,59,1.0,1.0,1.0,1.0,1.0,1.0,0.0,1,0.7053291536050157,0.7475083056478405,0.7281553398058253,0.7258064516129032,0.6965944272445821,0.7206787355832335,0.0179871203214474,59,0.5822222222222222,0.6622222222222223,0.6266666666666667,0.6222222222222222,0.5644444444444444,0.6115555555555555,0.034609639704767645,59,1.0,1.0,1.0,1.0,1.0,1.0,0.0,1,0.7495003331112592,0.7872638208537439,0.7700205338809035,0.7679180887372014,0.7415952537903757,0.7632596060746968,0.016138622525220497,59,0.7911111111111111,0.8311111111111111,0.8133333333333334,0.8111111111111111,0.7822222222222222,0.8057777777777778,0.01730481985238384,59,0.7053291536050157,0.7475083056478405,0.7281553398058253,0.7258064516129032,0.6965944272445821,0.7206787355832335,0.0179871203214474,59,0.7911111111111111,0.8311111111111111,0.8133333333333334,0.8111111111111111,0.7822222222222223,0.8057777777777778,0.01730481985238381,59
114,0.09381914138793945,0.01682036294727459,0.08494811058044434,0.026944858574774244,2,False,False,500,-1,l2,saga,"{'C': 2, 'dual': False, 'fit_intercept': False, 'max_iter': 500, 'n_jobs': -1, 'penalty': 'l2', 'solver': 'saga'}",0.7911111111111111,0.8311111111111111,0.8133333333333334,0.8111111111111111,0.7822222222222223,0.8057777777777778,0.01730481985238381,59,1.0,1.0,1.0,1.0,1.0,1.0,0.0,1,0.7053291536050157,0.7475083056478405,0.7281553398058253,0.7258064516129032,0.6965944272445821,0.7206787355832335,0.0179871203214474,59,0.5822222222222222,0.6622222222222223,0.6266666666666667,0.6222222222222222,0.5644444444444444,0.6115555555555555,0.034609639704767645,59,1.0,1.0,1.0,1.0,1.0,1.0,0.0,1,0.7495003331112592,0.7872638208537439,0.7700205338809035,0.7679180887372014,0.7415952537903757,0.7632596060746968,0.016138622525220497,59,0.7911111111111111,0.8311111111111111,0.8133333333333334,0.8111111111111111,0.7822222222222222,0.8057777777777778,0.01730481985238384,59,0.7053291536050157,0.7475083056478405,0.7281553398058253,0.7258064516129032,0.6965944272445821,0.7206787355832335,0.0179871203214474,59,0.7911111111111111,0.8311111111111111,0.8133333333333334,0.8111111111111111,0.7822222222222223,0.8057777777777778,0.01730481985238381,59
113,0.08860626220703124,0.011791873504977016,0.0725858211517334,0.017383335825690942,2,False,False,500,-1,l2,sag,"{'C': 2, 'dual': False, 'fit_intercept': False, 'max_iter': 500, 'n_jobs': -1, 'penalty': 'l2', 'solver': 'sag'}",0.7911111111111111,0.8311111111111111,0.8133333333333334,0.8111111111111111,0.7822222222222223,0.8057777777777778,0.01730481985238381,59,1.0,1.0,1.0,1.0,1.0,1.0,0.0,1,0.7053291536050157,0.7475083056478405,0.7281553398058253,0.7258064516129032,0.6965944272445821,0.7206787355832335,0.0179871203214474,59,0.5822222222222222,0.6622222222222223,0.6266666666666667,0.6222222222222222,0.5644444444444444,0.6115555555555555,0.034609639704767645,59,1.0,1.0,1.0,1.0,1.0,1.0,0.0,1,0.7495003331112592,0.7872638208537439,0.7700205338809035,0.7679180887372014,0.7415952537903757,0.7632596060746968,0.016138622525220497,59,0.7911111111111111,0.8311111111111111,0.8133333333333334,0.8111111111111111,0.7822222222222222,0.8057777777777778,0.01730481985238384,59,0.7053291536050157,0.7475083056478405,0.7281553398058253,0.7258064516129032,0.6965944272445821,0.7206787355832335,0.0179871203214474,59,0.7911111111111111,0.8311111111111111,0.8133333333333334,0.8111111111111111,0.7822222222222223,0.8057777777777778,0.01730481985238381,59
112,0.12701945304870604,0.03795770841336202,0.06116437911987305,0.004277632799541352,2,False,False,500,-1,l2,newton-cholesky,"{'C': 2, 'dual': False, 'fit_intercept': False, 'max_iter': 500, 'n_jobs': -1, 'penalty': 'l2', 'solver': 'newton-cholesky'}",0.7911111111111111,0.8311111111111111,0.8133333333333334,0.8111111111111111,0.7822222222222223,0.8057777777777778,0.01730481985238381,59,1.0,1.0,1.0,1.0,1.0,1.0,0.0,1,0.7053291536050157,0.7475083056478405,0.7281553398058253,0.7258064516129032,0.6965944272445821,0.7206787355832335,0.0179871203214474,59,0.5822222222222222,0.6622222222222223,0.6266666666666667,0.6222222222222222,0.5644444444444444,0.6115555555555555,0.034609639704767645,59,1.0,1.0,1.0,1.0,1.0,1.0,0.0,1,0.7495003331112592,0.7872638208537439,0.7700205338809035,0.7679180887372014,0.7415952537903757,0.7632596060746968,0.016138622525220497,59,0.7911111111111111,0.8311111111111111,0.8133333333333334,0.8111111111111111,0.7822222222222222,0.8057777777777778,0.01730481985238384,59,0.7053291536050157,0.7475083056478405,0.7281553398058253,0.7258064516129032,0.6965944272445821,0.7206787355832335,0.0179871203214474,59,0.7911111111111111,0.8311111111111111,0.8133333333333334,0.8111111111111111,0.7822222222222223,0.8057777777777778,0.01730481985238381,59
231,0.10731253623962403,0.030014610315602028,0.08384838104248046,0.013874748141389686,4,False,False,500,-1,l2,newton-cg,"{'C': 4, 'dual': False, 'fit_intercept': False, 'max_iter': 500, 'n_jobs': -1, 'penalty': 'l2', 'solver': 'newton-cg'}",0.7911111111111111,0.8311111111111111,0.8133333333333334,0.8111111111111111,0.7822222222222223,0.8057777777777778,0.01730481985238381,59,1.0,1.0,1.0,1.0,1.0,1.0,0.0,1,0.7053291536050157,0.7475083056478405,0.7281553398058253,0.7258064516129032,0.6965944272445821,0.7206787355832335,0.0179871203214474,59,0.5822222222222222,0.6622222222222223,0.6266666666666667,0.6222222222222222,0.5644444444444444,0.6115555555555555,0.034609639704767645,59,1.0,1.0,1.0,1.0,1.0,1.0,0.0,1,0.7495003331112592,0.7872638208537439,0.7700205338809035,0.7679180887372014,0.7415952537903757,0.7632596060746968,0.016138622525220497,59,0.7911111111111111,0.8311111111111111,0.8133333333333334,0.8111111111111111,0.7822222222222222,0.8057777777777778,0.01730481985238384,59,0.7053291536050157,0.7475083056478405,0.7281553398058253,0.7258064516129032,0.6965944272445821,0.7206787355832335,0.0179871203214474,59,0.7911111111111111,0.8311111111111111,0.8133333333333334,0.8111111111111111,0.7822222222222223,0.8057777777777778,0.01730481985238381,59
232,0.07816267013549805,0.0203500390579853,0.07265324592590332,0.010176779435773888,4,False,False,500,-1,l2,newton-cholesky,"{'C': 4, 'dual': False, 'fit_intercept': False, 'max_iter': 500, 'n_jobs': -1, 'penalty': 'l2', 'solver': 'newton-cholesky'}",0.7911111111111111,0.8311111111111111,0.8133333333333334,0.8111111111111111,0.7822222222222223,0.8057777777777778,0.01730481985238381,59,1.0,1.0,1.0,1.0,1.0,1.0,0.0,1,0.7053291536050157,0.7475083056478405,0.7281553398058253,0.7258064516129032,0.6965944272445821,0.7206787355832335,0.0179871203214474,59,0.5822222222222222,0.6622222222222223,0.6266666666666667,0.6222222222222222,0.5644444444444444,0.6115555555555555,0.034609639704767645,59,1.0,1.0,1.0,1.0,1.0,1.0,0.0,1,0.7495003331112592,0.7872638208537439,0.7700205338809035,0.7679180887372014,0.7415952537903757,0.7632596060746968,0.016138622525220497,59,0.7911111111111111,0.8311111111111111,0.8133333333333334,0.8111111111111111,0.7822222222222222,0.8057777777777778,0.01730481985238384,59,0.7053291536050157,0.7475083056478405,0.7281553398058253,0.7258064516129032,0.6965944272445821,0.7206787355832335,0.0179871203214474,59,0.7911111111111111,0.8311111111111111,0.8133333333333334,0.8111111111111111,0.7822222222222223,0.8057777777777778,0.01730481985238381,59
233,0.12057967185974121,0.06198684802615391,0.0776282787322998,0.011712460561212086,4,False,False,500,-1,l2,sag,"{'C': 4, 'dual': False, 'fit_intercept': False, 'max_iter': 500, 'n_jobs': -1, 'penalty': 'l2', 'solver': 'sag'}",0.7911111111111111,0.8311111111111111,0.8133333333333334,0.8111111111111111,0.7822222222222223,0.8057777777777778,0.01730481985238381,59,1.0,1.0,1.0,1.0,1.0,1.0,0.0,1,0.7053291536050157,0.7475083056478405,0.7281553398058253,0.7258064516129032,0.6965944272445821,0.7206787355832335,0.0179871203214474,59,0.5822222222222222,0.6622222222222223,0.6266666666666667,0.6222222222222222,0.5644444444444444,0.6115555555555555,0.034609639704767645,59,1.0,1.0,1.0,1.0,1.0,1.0,0.0,1,0.7495003331112592,0.7872638208537439,0.7700205338809035,0.7679180887372014,0.7415952537903757,0.7632596060746968,0.016138622525220497,59,0.7911111111111111,0.8311111111111111,0.8133333333333334,0.8111111111111111,0.7822222222222222,0.8057777777777778,0.01730481985238384,59,0.7053291536050157,0.7475083056478405,0.7281553398058253,0.7258064516129032,0.6965944272445821,0.7206787355832335,0.0179871203214474,59,0.7911111111111111,0.8311111111111111,0.8133333333333334,0.8111111111111111,0.7822222222222223,0.8057777777777778,0.01730481985238381,59
229,0.12626938819885253,0.029223030473145027,0.07907514572143555,0.02195865266688159,4,False,False,500,-1,l1,saga,"{'C': 4, 'dual': False, 'fit_intercept': False, 'max_iter': 500, 'n_jobs': -1, 'penalty': 'l1', 'solver': 'saga'}",0.7911111111111111,0.8311111111111111,0.8133333333333334,0.8111111111111111,0.7822222222222223,0.8057777777777778,0.01730481985238381,59,1.0,1.0,1.0,1.0,1.0,1.0,0.0,1,0.7053291536050157,0.7475083056478405,0.7281553398058253,0.7258064516129032,0.6965944272445821,0.7206787355832335,0.0179871203214474,59,0.5822222222222222,0.6622222222222223,0.6266666666666667,0.6222222222222222,0.5644444444444444,0.6115555555555555,0.034609639704767645,59,1.0,1.0,1.0,1.0,1.0,1.0,0.0,1,0.7495003331112592,0.7872638208537439,0.7700205338809035,0.7679180887372014,0.7415952537903757,0.7632596060746968,0.016138622525220497,59,0.7911111111111111,0.8311111111111111,0.8133333333333334,0.8111111111111111,0.7822222222222222,0.8057777777777778,0.01730481985238384,59,0.7053291536050157,0.7475083056478405,0.7281553398058253,0.7258064516129032,0.6965944272445821,0.7206787355832335,0.0179871203214474,59,0.7911111111111111,0.8311111111111111,0.8133333333333334,0.8111111111111111,0.7822222222222223,0.8057777777777778,0.01730481985238381,59
349,0.10797619819641113,0.031147032927591183,0.07793755531311035,0.006035075000796326,6,False,False,500,-1,l1,saga,"{'C': 6, 'dual': False, 'fit_intercept': False, 'max_iter': 500, 'n_jobs': -1, 'penalty': 'l1', 'solver': 'saga'}",0.7911111111111111,0.8311111111111111,0.8133333333333334,0.8111111111111111,0.7822222222222223,0.8057777777777778,0.01730481985238381,59,1.0,1.0,1.0,1.0,1.0,1.0,0.0,1,0.7053291536050157,0.7475083056478405,0.7281553398058253,0.7258064516129032,0.6965944272445821,0.7206787355832335,0.0179871203214474,59,0.5822222222222222,0.6622222222222223,0.6266666666666667,0.6222222222222222,0.5644444444444444,0.6115555555555555,0.034609639704767645,59,1.0,1.0,1.0,1.0,1.0,1.0,0.0,1,0.7495003331112592,0.7872638208537439,0.7700205338809035,0.7679180887372014,0.7415952537903757,0.7632596060746968,0.016138622525220497,59,0.7911111111111111,0.8311111111111111,0.8133333333333334,0.8111111111111111,0.7822222222222222,0.8057777777777778,0.01730481985238384,59,0.7053291536050157,0.7475083056478405,0.7281553398058253,0.7258064516129032,0.6965944272445821,0.7206787355832335,0.0179871203214474,59,0.7911111111111111,0.8311111111111111,0.8133333333333334,0.8111111111111111,0.7822222222222223,0.8057777777777778,0.01730481985238381,59
413,0.10074734687805176,0.019922263509864167,0.07141547203063965,0.0072022856332680085,7,False,False,500,-1,l2,sag,"{'C': 7, 'dual': False, 'fit_intercept': False, 'max_iter': 500, 'n_jobs': -1, 'penalty': 'l2', 'solver': 'sag'}",0.7911111111111111,0.8311111111111111,0.8133333333333334,0.8111111111111111,0.7822222222222223,0.8057777777777778,0.01730481985238381,59,1.0,1.0,1.0,1.0,1.0,1.0,0.0,1,0.7053291536050157,0.7475083056478405,0.7281553398058253,0.7258064516129032,0.6965944272445821,0.7206787355832335,0.0179871203214474,59,0.5822222222222222,0.6622222222222223,0.6266666666666667,0.6222222222222222,0.5644444444444444,0.6115555555555555,0.034609639704767645,59,1.0,1.0,1.0,1.0,1.0,1.0,0.0,1,0.7495003331112592,0.7872638208537439,0.7700205338809035,0.7679180887372014,0.7415952537903757,0.7632596060746968,0.016138622525220497,59,0.7911111111111111,0.8311111111111111,0.8133333333333334,0.8111111111111111,0.7822222222222222,0.8057777777777778,0.01730481985238384,59,0.7053291536050157,0.7475083056478405,0.7281553398058253,0.7258064516129032,0.6965944272445821,0.7206787355832335,0.0179871203214474,59,0.7911111111111111,0.8311111111111111,0.8133333333333334,0.8111111111111111,0.7822222222222223,0.8057777777777778,0.01730481985238381,59
292,0.0707613468170166,0.017904513537924646,0.07080340385437012,0.01382456082429497,5,False,False,500,-1,l2,newton-cholesky,"{'C': 5, 'dual': False, 'fit_intercept': False, 'max_iter': 500, 'n_jobs': -1, 'penalty': 'l2', 'solver': 'newton-cholesky'}",0.7911111111111111,0.8311111111111111,0.8133333333333334,0.8111111111111111,0.7822222222222223,0.8057777777777778,0.01730481985238381,59,1.0,1.0,1.0,1.0,1.0,1.0,0.0,1,0.7053291536050157,0.7475083056478405,0.7281553398058253,0.7258064516129032,0.6965944272445821,0.7206787355832335,0.0179871203214474,59,0.5822222222222222,0.6622222222222223,0.6266666666666667,0.6222222222222222,0.5644444444444444,0.6115555555555555,0.034609639704767645,59,1.0,1.0,1.0,1.0,1.0,1.0,0.0,1,0.7495003331112592,0.7872638208537439,0.7700205338809035,0.7679180887372014,0.7415952537903757,0.7632596060746968,0.016138622525220497,59,0.7911111111111111,0.8311111111111111,0.8133333333333334,0.8111111111111111,0.7822222222222222,0.8057777777777778,0.01730481985238384,59,0.7053291536050157,0.7475083056478405,0.7281553398058253,0.7258064516129032,0.6965944272445821,0.7206787355832335,0.0179871203214474,59,0.7911111111111111,0.8311111111111111,0.8133333333333334,0.8111111111111111,0.7822222222222223,0.8057777777777778,0.01730481985238381,59
54,0.1367187976837158,0.025438124592084613,0.10907206535339356,0.01927137824259881,1,False,False,500,-1,l2,saga,"{'C': 1, 'dual': False, 'fit_intercept': False, 'max_iter': 500, 'n_jobs': -1, 'penalty': 'l2', 'solver': 'saga'}",0.7911111111111111,0.8311111111111111,0.8133333333333334,0.8111111111111111,0.7822222222222223,0.8057777777777778,0.01730481985238381,59,1.0,1.0,1.0,1.0,1.0,1.0,0.0,1,0.7053291536050157,0.7475083056478405,0.7281553398058253,0.7258064516129032,0.6965944272445821,0.7206787355832335,0.0179871203214474,59,0.5822222222222222,0.6622222222222223,0.6266666666666667,0.6222222222222222,0.5644444444444444,0.6115555555555555,0.034609639704767645,59,1.0,1.0,1.0,1.0,1.0,1.0,0.0,1,0.7495003331112592,0.7872638208537439,0.7700205338809035,0.7679180887372014,0.7415952537903757,0.7632596060746968,0.016138622525220497,59,0.7911111111111111,0.8311111111111111,0.8133333333333334,0.8111111111111111,0.7822222222222222,0.8057777777777778,0.01730481985238384,59,0.7053291536050157,0.7475083056478405,0.7281553398058253,0.7258064516129032,0.6965944272445821,0.7206787355832335,0.0179871203214474,59,0.7911111111111111,0.8311111111111111,0.8133333333333334,0.8111111111111111,0.7822222222222223,0.8057777777777778,0.01730481985238381,59
53,0.1506098747253418,0.046860990716715144,0.09365735054016114,0.029845368488410524,1,False,False,500,-1,l2,sag,"{'C': 1, 'dual': False, 'fit_intercept': False, 'max_iter': 500, 'n_jobs': -1, 'penalty': 'l2', 'solver': 'sag'}",0.7911111111111111,0.8311111111111111,0.8133333333333334,0.8111111111111111,0.7822222222222223,0.8057777777777778,0.01730481985238381,59,1.0,1.0,1.0,1.0,1.0,1.0,0.0,1,0.7053291536050157,0.7475083056478405,0.7281553398058253,0.7258064516129032,0.6965944272445821,0.7206787355832335,0.0179871203214474,59,0.5822222222222222,0.6622222222222223,0.6266666666666667,0.6222222222222222,0.5644444444444444,0.6115555555555555,0.034609639704767645,59,1.0,1.0,1.0,1.0,1.0,1.0,0.0,1,0.7495003331112592,0.7872638208537439,0.7700205338809035,0.7679180887372014,0.7415952537903757,0.7632596060746968,0.016138622525220497,59,0.7911111111111111,0.8311111111111111,0.8133333333333334,0.8111111111111111,0.7822222222222222,0.8057777777777778,0.01730481985238384,59,0.7053291536050157,0.7475083056478405,0.7281553398058253,0.7258064516129032,0.6965944272445821,0.7206787355832335,0.0179871203214474,59,0.7911111111111111,0.8311111111111111,0.8133333333333334,0.8111111111111111,0.7822222222222223,0.8057777777777778,0.01730481985238381,59
291,0.06542735099792481,0.012269199957309216,0.06799015998840333,0.009150574614055296,5,False,False,500,-1,l2,newton-cg,"{'C': 5, 'dual': False, 'fit_intercept': False, 'max_iter': 500, 'n_jobs': -1, 'penalty': 'l2', 'solver': 'newton-cg'}",0.7911111111111111,0.8311111111111111,0.8133333333333334,0.8111111111111111,0.7822222222222223,0.8057777777777778,0.01730481985238381,59,1.0,1.0,1.0,1.0,1.0,1.0,0.0,1,0.7053291536050157,0.7475083056478405,0.7281553398058253,0.7258064516129032,0.6965944272445821,0.7206787355832335,0.0179871203214474,59,0.5822222222222222,0.6622222222222223,0.6266666666666667,0.6222222222222222,0.5644444444444444,0.6115555555555555,0.034609639704767645,59,1.0,1.0,1.0,1.0,1.0,1.0,0.0,1,0.7495003331112592,0.7872638208537439,0.7700205338809035,0.7679180887372014,0.7415952537903757,0.7632596060746968,0.016138622525220497,59,0.7911111111111111,0.8311111111111111,0.8133333333333334,0.8111111111111111,0.7822222222222222,0.8057777777777778,0.01730481985238384,59,0.7053291536050157,0.7475083056478405,0.7281553398058253,0.7258064516129032,0.6965944272445821,0.7206787355832335,0.0179871203214474,59,0.7911111111111111,0.8311111111111111,0.8133333333333334,0.8111111111111111,0.7822222222222223,0.8057777777777778,0.01730481985238381,59
52,0.1313343048095703,0.06400833409366831,0.11031937599182129,0.03767615344681811,1,False,False,500,-1,l2,newton-cholesky,"{'C': 1, 'dual': False, 'fit_intercept': False, 'max_iter': 500, 'n_jobs': -1, 'penalty': 'l2', 'solver': 'newton-cholesky'}",0.7911111111111111,0.8311111111111111,0.8133333333333334,0.8111111111111111,0.7822222222222223,0.8057777777777778,0.01730481985238381,59,1.0,1.0,1.0,1.0,1.0,1.0,0.0,1,0.7053291536050157,0.7475083056478405,0.7281553398058253,0.7258064516129032,0.6965944272445821,0.7206787355832335,0.0179871203214474,59,0.5822222222222222,0.6622222222222223,0.6266666666666667,0.6222222222222222,0.5644444444444444,0.6115555555555555,0.034609639704767645,59,1.0,1.0,1.0,1.0,1.0,1.0,0.0,1,0.7495003331112592,0.7872638208537439,0.7700205338809035,0.7679180887372014,0.7415952537903757,0.7632596060746968,0.016138622525220497,59,0.7911111111111111,0.8311111111111111,0.8133333333333334,0.8111111111111111,0.7822222222222222,0.8057777777777778,0.01730481985238384,59,0.7053291536050157,0.7475083056478405,0.7281553398058253,0.7258064516129032,0.6965944272445821,0.7206787355832335,0.0179871203214474,59,0.7911111111111111,0.8311111111111111,0.8133333333333334,0.8111111111111111,0.7822222222222223,0.8057777777777778,0.01730481985238381,59
293,0.08109588623046875,0.015201324685741206,0.08552088737487792,0.02624923582884041,5,False,False,500,-1,l2,sag,"{'C': 5, 'dual': False, 'fit_intercept': False, 'max_iter': 500, 'n_jobs': -1, 'penalty': 'l2', 'solver': 'sag'}",0.7911111111111111,0.8311111111111111,0.8133333333333334,0.8111111111111111,0.7822222222222223,0.8057777777777778,0.01730481985238381,59,1.0,1.0,1.0,1.0,1.0,1.0,0.0,1,0.7053291536050157,0.7475083056478405,0.7281553398058253,0.7258064516129032,0.6965944272445821,0.7206787355832335,0.0179871203214474,59,0.5822222222222222,0.6622222222222223,0.6266666666666667,0.6222222222222222,0.5644444444444444,0.6115555555555555,0.034609639704767645,59,1.0,1.0,1.0,1.0,1.0,1.0,0.0,1,0.7495003331112592,0.7872638208537439,0.7700205338809035,0.7679180887372014,0.7415952537903757,0.7632596060746968,0.016138622525220497,59,0.7911111111111111,0.8311111111111111,0.8133333333333334,0.8111111111111111,0.7822222222222222,0.8057777777777778,0.01730481985238384,59,0.7053291536050157,0.7475083056478405,0.7281553398058253,0.7258064516129032,0.6965944272445821,0.7206787355832335,0.0179871203214474,59,0.7911111111111111,0.8311111111111111,0.8133333333333334,0.8111111111111111,0.7822222222222223,0.8057777777777778,0.01730481985238381,59
529,0.09019784927368164,0.0263300285051914,0.0747291088104248,0.004154763019558155,9,False,False,500,-1,l1,saga,"{'C': 9, 'dual': False, 'fit_intercept': False, 'max_iter': 500, 'n_jobs': -1, 'penalty': 'l1', 'solver': 'saga'}",0.7911111111111111,0.8311111111111111,0.8133333333333334,0.8111111111111111,0.7822222222222223,0.8057777777777778,0.01730481985238381,59,1.0,1.0,1.0,1.0,1.0,1.0,0.0,1,0.7053291536050157,0.7475083056478405,0.7281553398058253,0.7258064516129032,0.6965944272445821,0.7206787355832335,0.0179871203214474,59,0.5822222222222222,0.6622222222222223,0.6266666666666667,0.6222222222222222,0.5644444444444444,0.6115555555555555,0.034609639704767645,59,1.0,1.0,1.0,1.0,1.0,1.0,0.0,1,0.7495003331112592,0.7872638208537439,0.7700205338809035,0.7679180887372014,0.7415952537903757,0.7632596060746968,0.016138622525220497,59,0.7911111111111111,0.8311111111111111,0.8133333333333334,0.8111111111111111,0.7822222222222222,0.8057777777777778,0.01730481985238384,59,0.7053291536050157,0.7475083056478405,0.7281553398058253,0.7258064516129032,0.6965944272445821,0.7206787355832335,0.0179871203214474,59,0.7911111111111111,0.8311111111111111,0.8133333333333334,0.8111111111111111,0.7822222222222223,0.8057777777777778,0.01730481985238381,59
530,0.06862006187438965,0.015886091287544847,0.07005815505981446,0.006668592483643413,9,False,False,500,-1,l2,lbfgs,"{'C': 9, 'dual': False, 'fit_intercept': False, 'max_iter': 500, 'n_jobs': -1, 'penalty': 'l2', 'solver': 'lbfgs'}",0.7911111111111111,0.8311111111111111,0.8133333333333334,0.8111111111111111,0.7822222222222223,0.8057777777777778,0.01730481985238381,59,1.0,1.0,1.0,1.0,1.0,1.0,0.0,1,0.7053291536050157,0.7475083056478405,0.7281553398058253,0.7258064516129032,0.6965944272445821,0.7206787355832335,0.0179871203214474,59,0.5822222222222222,0.6622222222222223,0.6266666666666667,0.6222222222222222,0.5644444444444444,0.6115555555555555,0.034609639704767645,59,1.0,1.0,1.0,1.0,1.0,1.0,0.0,1,0.7495003331112592,0.7872638208537439,0.7700205338809035,0.7679180887372014,0.7415952537903757,0.7632596060746968,0.016138622525220497,59,0.7911111111111111,0.8311111111111111,0.8133333333333334,0.8111111111111111,0.7822222222222222,0.8057777777777778,0.01730481985238384,59,0.7053291536050157,0.7475083056478405,0.7281553398058253,0.7258064516129032,0.6965944272445821,0.7206787355832335,0.0179871203214474,59,0.7911111111111111,0.8311111111111111,0.8133333333333334,0.8111111111111111,0.7822222222222223,0.8057777777777778,0.01730481985238381,59
531,0.08566489219665527,0.0299101910869693,0.07975821495056153,0.01787513468081052,9,False,False,500,-1,l2,newton-cg,"{'C': 9, 'dual': False, 'fit_intercept': False, 'max_iter': 500, 'n_jobs': -1, 'penalty': 'l2', 'solver': 'newton-cg'}",0.7911111111111111,0.8311111111111111,0.8133333333333334,0.8111111111111111,0.7822222222222223,0.8057777777777778,0.01730481985238381,59,1.0,1.0,1.0,1.0,1.0,1.0,0.0,1,0.7053291536050157,0.7475083056478405,0.7281553398058253,0.7258064516129032,0.6965944272445821,0.7206787355832335,0.0179871203214474,59,0.5822222222222222,0.6622222222222223,0.6266666666666667,0.6222222222222222,0.5644444444444444,0.6115555555555555,0.034609639704767645,59,1.0,1.0,1.0,1.0,1.0,1.0,0.0,1,0.7495003331112592,0.7872638208537439,0.7700205338809035,0.7679180887372014,0.7415952537903757,0.7632596060746968,0.016138622525220497,59,0.7911111111111111,0.8311111111111111,0.8133333333333334,0.8111111111111111,0.7822222222222222,0.8057777777777778,0.01730481985238384,59,0.7053291536050157,0.7475083056478405,0.7281553398058253,0.7258064516129032,0.6965944272445821,0.7206787355832335,0.0179871203214474,59,0.7911111111111111,0.8311111111111111,0.8133333333333334,0.8111111111111111,0.7822222222222223,0.8057777777777778,0.01730481985238381,59
474,0.09527730941772461,0.023365457428043492,0.06686644554138184,0.006935385258574128,8,False,False,500,-1,l2,saga,"{'C': 8, 'dual': False, 'fit_intercept': False, 'max_iter': 500, 'n_jobs': -1, 'penalty': 'l2', 'solver': 'saga'}",0.7911111111111111,0.8311111111111111,0.8133333333333334,0.8111111111111111,0.7822222222222223,0.8057777777777778,0.01730481985238381,59,1.0,1.0,1.0,1.0,1.0,1.0,0.0,1,0.7053291536050157,0.7475083056478405,0.7281553398058253,0.7258064516129032,0.6965944272445821,0.7206787355832335,0.0179871203214474,59,0.5822222222222222,0.6622222222222223,0.6266666666666667,0.6222222222222222,0.5644444444444444,0.6115555555555555,0.034609639704767645,59,1.0,1.0,1.0,1.0,1.0,1.0,0.0,1,0.7495003331112592,0.7872638208537439,0.7700205338809035,0.7679180887372014,0.7415952537903757,0.7632596060746968,0.016138622525220497,59,0.7911111111111111,0.8311111111111111,0.8133333333333334,0.8111111111111111,0.7822222222222222,0.8057777777777778,0.01730481985238384,59,0.7053291536050157,0.7475083056478405,0.7281553398058253,0.7258064516129032,0.6965944272445821,0.7206787355832335,0.0179871203214474,59,0.7911111111111111,0.8311111111111111,0.8133333333333334,0.8111111111111111,0.7822222222222223,0.8057777777777778,0.01730481985238381,59
472,0.08543186187744141,0.020848450846779217,0.072735595703125,0.013468475295763265,8,False,False,500,-1,l2,newton-cholesky,"{'C': 8, 'dual': False, 'fit_intercept': False, 'max_iter': 500, 'n_jobs': -1, 'penalty': 'l2', 'solver': 'newton-cholesky'}",0.7911111111111111,0.8311111111111111,0.8133333333333334,0.8111111111111111,0.7822222222222223,0.8057777777777778,0.01730481985238381,59,1.0,1.0,1.0,1.0,1.0,1.0,0.0,1,0.7053291536050157,0.7475083056478405,0.7281553398058253,0.7258064516129032,0.6965944272445821,0.7206787355832335,0.0179871203214474,59,0.5822222222222222,0.6622222222222223,0.6266666666666667,0.6222222222222222,0.5644444444444444,0.6115555555555555,0.034609639704767645,59,1.0,1.0,1.0,1.0,1.0,1.0,0.0,1,0.7495003331112592,0.7872638208537439,0.7700205338809035,0.7679180887372014,0.7415952537903757,0.7632596060746968,0.016138622525220497,59,0.7911111111111111,0.8311111111111111,0.8133333333333334,0.8111111111111111,0.7822222222222222,0.8057777777777778,0.01730481985238384,59,0.7053291536050157,0.7475083056478405,0.7281553398058253,0.7258064516129032,0.6965944272445821,0.7206787355832335,0.0179871203214474,59,0.7911111111111111,0.8311111111111111,0.8133333333333334,0.8111111111111111,0.7822222222222223,0.8057777777777778,0.01730481985238381,59
473,0.10587339401245117,0.0231208475510889,0.0750004768371582,0.01943956547493423,8,False,False,500,-1,l2,sag,"{'C': 8, 'dual': False, 'fit_intercept': False, 'max_iter': 500, 'n_jobs': -1, 'penalty': 'l2', 'solver': 'sag'}",0.7911111111111111,0.8311111111111111,0.8133333333333334,0.8111111111111111,0.7822222222222223,0.8057777777777778,0.01730481985238381,59,1.0,1.0,1.0,1.0,1.0,1.0,0.0,1,0.7053291536050157,0.7475083056478405,0.7281553398058253,0.7258064516129032,0.6965944272445821,0.7206787355832335,0.0179871203214474,59,0.5822222222222222,0.6622222222222223,0.6266666666666667,0.6222222222222222,0.5644444444444444,0.6115555555555555,0.034609639704767645,59,1.0,1.0,1.0,1.0,1.0,1.0,0.0,1,0.7495003331112592,0.7872638208537439,0.7700205338809035,0.7679180887372014,0.7415952537903757,0.7632596060746968,0.016138622525220497,59,0.7911111111111111,0.8311111111111111,0.8133333333333334,0.8111111111111111,0.7822222222222222,0.8057777777777778,0.01730481985238384,59,0.7053291536050157,0.7475083056478405,0.7281553398058253,0.7258064516129032,0.6965944272445821,0.7206787355832335,0.0179871203214474,59,0.7911111111111111,0.8311111111111111,0.8133333333333334,0.8111111111111111,0.7822222222222223,0.8057777777777778,0.01730481985238381,59
470,0.11479735374450684,0.029870274399285583,0.06869359016418457,0.015612000627456924,8,False,False,500,-1,l2,lbfgs,"{'C': 8, 'dual': False, 'fit_intercept': False, 'max_iter': 500, 'n_jobs': -1, 'penalty': 'l2', 'solver': 'lbfgs'}",0.7911111111111111,0.8311111111111111,0.8133333333333334,0.8111111111111111,0.7822222222222223,0.8057777777777778,0.01730481985238381,59,1.0,1.0,1.0,1.0,1.0,1.0,0.0,1,0.7053291536050157,0.7475083056478405,0.7281553398058253,0.7258064516129032,0.6965944272445821,0.7206787355832335,0.0179871203214474,59,0.5822222222222222,0.6622222222222223,0.6266666666666667,0.6222222222222222,0.5644444444444444,0.6115555555555555,0.034609639704767645,59,1.0,1.0,1.0,1.0,1.0,1.0,0.0,1,0.7495003331112592,0.7872638208537439,0.7700205338809035,0.7679180887372014,0.7415952537903757,0.7632596060746968,0.016138622525220497,59,0.7911111111111111,0.8311111111111111,0.8133333333333334,0.8111111111111111,0.7822222222222222,0.8057777777777778,0.01730481985238384,59,0.7053291536050157,0.7475083056478405,0.7281553398058253,0.7258064516129032,0.6965944272445821,0.7206787355832335,0.0179871203214474,59,0.7911111111111111,0.8311111111111111,0.8133333333333334,0.8111111111111111,0.7822222222222223,0.8057777777777778,0.01730481985238381,59
469,0.0933199405670166,0.011827389442582843,0.07535724639892578,0.009988420450031692,8,False,False,500,-1,l1,saga,"{'C': 8, 'dual': False, 'fit_intercept': False, 'max_iter': 500, 'n_jobs': -1, 'penalty': 'l1', 'solver': 'saga'}",0.7911111111111111,0.8311111111111111,0.8133333333333334,0.8111111111111111,0.7822222222222223,0.8057777777777778,0.01730481985238381,59,1.0,1.0,1.0,1.0,1.0,1.0,0.0,1,0.7053291536050157,0.7475083056478405,0.7281553398058253,0.7258064516129032,0.6965944272445821,0.7206787355832335,0.0179871203214474,59,0.5822222222222222,0.6622222222222223,0.6266666666666667,0.6222222222222222,0.5644444444444444,0.6115555555555555,0.034609639704767645,59,1.0,1.0,1.0,1.0,1.0,1.0,0.0,1,0.7495003331112592,0.7872638208537439,0.7700205338809035,0.7679180887372014,0.7415952537903757,0.7632596060746968,0.016138622525220497,59,0.7911111111111111,0.8311111111111111,0.8133333333333334,0.8111111111111111,0.7822222222222222,0.8057777777777778,0.01730481985238384,59,0.7053291536050157,0.7475083056478405,0.7281553398058253,0.7258064516129032,0.6965944272445821,0.7206787355832335,0.0179871203214474,59,0.7911111111111111,0.8311111111111111,0.8133333333333334,0.8111111111111111,0.7822222222222223,0.8057777777777778,0.01730481985238381,59
532,0.08796257972717285,0.038749571659104476,0.07539763450622558,0.016560703555220883,9,False,False,500,-1,l2,newton-cholesky,"{'C': 9, 'dual': False, 'fit_intercept': False, 'max_iter': 500, 'n_jobs': -1, 'penalty': 'l2', 'solver': 'newton-cholesky'}",0.7911111111111111,0.8311111111111111,0.8133333333333334,0.8111111111111111,0.7822222222222223,0.8057777777777778,0.01730481985238381,59,1.0,1.0,1.0,1.0,1.0,1.0,0.0,1,0.7053291536050157,0.7475083056478405,0.7281553398058253,0.7258064516129032,0.6965944272445821,0.7206787355832335,0.0179871203214474,59,0.5822222222222222,0.6622222222222223,0.6266666666666667,0.6222222222222222,0.5644444444444444,0.6115555555555555,0.034609639704767645,59,1.0,1.0,1.0,1.0,1.0,1.0,0.0,1,0.7495003331112592,0.7872638208537439,0.7700205338809035,0.7679180887372014,0.7415952537903757,0.7632596060746968,0.016138622525220497,59,0.7911111111111111,0.8311111111111111,0.8133333333333334,0.8111111111111111,0.7822222222222222,0.8057777777777778,0.01730481985238384,59,0.7053291536050157,0.7475083056478405,0.7281553398058253,0.7258064516129032,0.6965944272445821,0.7206787355832335,0.0179871203214474,59,0.7911111111111111,0.8311111111111111,0.8133333333333334,0.8111111111111111,0.7822222222222223,0.8057777777777778,0.01730481985238381,59
533,0.09810476303100586,0.04501160266159598,0.07442827224731445,0.007968354894544344,9,False,False,500,-1,l2,sag,"{'C': 9, 'dual': False, 'fit_intercept': False, 'max_iter': 500, 'n_jobs': -1, 'penalty': 'l2', 'solver': 'sag'}",0.7911111111111111,0.8311111111111111,0.8133333333333334,0.8111111111111111,0.7822222222222223,0.8057777777777778,0.01730481985238381,59,1.0,1.0,1.0,1.0,1.0,1.0,0.0,1,0.7053291536050157,0.7475083056478405,0.7281553398058253,0.7258064516129032,0.6965944272445821,0.7206787355832335,0.0179871203214474,59,0.5822222222222222,0.6622222222222223,0.6266666666666667,0.6222222222222222,0.5644444444444444,0.6115555555555555,0.034609639704767645,59,1.0,1.0,1.0,1.0,1.0,1.0,0.0,1,0.7495003331112592,0.7872638208537439,0.7700205338809035,0.7679180887372014,0.7415952537903757,0.7632596060746968,0.016138622525220497,59,0.7911111111111111,0.8311111111111111,0.8133333333333334,0.8111111111111111,0.7822222222222222,0.8057777777777778,0.01730481985238384,59,0.7053291536050157,0.7475083056478405,0.7281553398058253,0.7258064516129032,0.6965944272445821,0.7206787355832335,0.0179871203214474,59,0.7911111111111111,0.8311111111111111,0.8133333333333334,0.8111111111111111,0.7822222222222223,0.8057777777777778,0.01730481985238381,59
534,0.10073275566101074,0.03893327425575346,0.07077269554138184,0.01986496742344744,9,False,False,500,-1,l2,saga,"{'C': 9, 'dual': False, 'fit_intercept': False, 'max_iter': 500, 'n_jobs': -1, 'penalty': 'l2', 'solver': 'saga'}",0.7911111111111111,0.8311111111111111,0.8133333333333334,0.8111111111111111,0.7822222222222223,0.8057777777777778,0.01730481985238381,59,1.0,1.0,1.0,1.0,1.0,1.0,0.0,1,0.7053291536050157,0.7475083056478405,0.7281553398058253,0.7258064516129032,0.6965944272445821,0.7206787355832335,0.0179871203214474,59,0.5822222222222222,0.6622222222222223,0.6266666666666667,0.6222222222222222,0.5644444444444444,0.6115555555555555,0.034609639704767645,59,1.0,1.0,1.0,1.0,1.0,1.0,0.0,1,0.7495003331112592,0.7872638208537439,0.7700205338809035,0.7679180887372014,0.7415952537903757,0.7632596060746968,0.016138622525220497,59,0.7911111111111111,0.8311111111111111,0.8133333333333334,0.8111111111111111,0.7822222222222222,0.8057777777777778,0.01730481985238384,59,0.7053291536050157,0.7475083056478405,0.7281553398058253,0.7258064516129032,0.6965944272445821,0.7206787355832335,0.0179871203214474,59,0.7911111111111111,0.8311111111111111,0.8133333333333334,0.8111111111111111,0.7822222222222223,0.8057777777777778,0.01730481985238381,59
294,0.09639887809753418,0.057249381294198966,0.08610615730285645,0.029334241723760517,5,False,False,500,-1,l2,saga,"{'C': 5, 'dual': False, 'fit_intercept': False, 'max_iter': 500, 'n_jobs': -1, 'penalty': 'l2', 'solver': 'saga'}",0.7911111111111111,0.8311111111111111,0.8133333333333334,0.8111111111111111,0.7822222222222223,0.8057777777777778,0.01730481985238381,59,1.0,1.0,1.0,1.0,1.0,1.0,0.0,1,0.7053291536050157,0.7475083056478405,0.7281553398058253,0.7258064516129032,0.6965944272445821,0.7206787355832335,0.0179871203214474,59,0.5822222222222222,0.6622222222222223,0.6266666666666667,0.6222222222222222,0.5644444444444444,0.6115555555555555,0.034609639704767645,59,1.0,1.0,1.0,1.0,1.0,1.0,0.0,1,0.7495003331112592,0.7872638208537439,0.7700205338809035,0.7679180887372014,0.7415952537903757,0.7632596060746968,0.016138622525220497,59,0.7911111111111111,0.8311111111111111,0.8133333333333334,0.8111111111111111,0.7822222222222222,0.8057777777777778,0.01730481985238384,59,0.7053291536050157,0.7475083056478405,0.7281553398058253,0.7258064516129032,0.6965944272445821,0.7206787355832335,0.0179871203214474,59,0.7911111111111111,0.8311111111111111,0.8133333333333334,0.8111111111111111,0.7822222222222223,0.8057777777777778,0.01730481985238381,59
51,0.13142433166503906,0.025714637107728838,0.08083057403564453,0.020175194149171814,1,False,False,500,-1,l2,newton-cg,"{'C': 1, 'dual': False, 'fit_intercept': False, 'max_iter': 500, 'n_jobs': -1, 'penalty': 'l2', 'solver': 'newton-cg'}",0.7911111111111111,0.8311111111111111,0.8133333333333334,0.8111111111111111,0.7822222222222223,0.8057777777777778,0.01730481985238381,59,1.0,1.0,1.0,1.0,1.0,1.0,0.0,1,0.7053291536050157,0.7475083056478405,0.7281553398058253,0.7258064516129032,0.6965944272445821,0.7206787355832335,0.0179871203214474,59,0.5822222222222222,0.6622222222222223,0.6266666666666667,0.6222222222222222,0.5644444444444444,0.6115555555555555,0.034609639704767645,59,1.0,1.0,1.0,1.0,1.0,1.0,0.0,1,0.7495003331112592,0.7872638208537439,0.7700205338809035,0.7679180887372014,0.7415952537903757,0.7632596060746968,0.016138622525220497,59,0.7911111111111111,0.8311111111111111,0.8133333333333334,0.8111111111111111,0.7822222222222222,0.8057777777777778,0.01730481985238384,59,0.7053291536050157,0.7475083056478405,0.7281553398058253,0.7258064516129032,0.6965944272445821,0.7206787355832335,0.0179871203214474,59,0.7911111111111111,0.8311111111111111,0.8133333333333334,0.8111111111111111,0.7822222222222223,0.8057777777777778,0.01730481985238381,59
290,0.08813395500183105,0.01467961085366745,0.07603816986083985,0.019165251330738483,5,False,False,500,-1,l2,lbfgs,"{'C': 5, 'dual': False, 'fit_intercept': False, 'max_iter': 500, 'n_jobs': -1, 'penalty': 'l2', 'solver': 'lbfgs'}",0.7911111111111111,0.8311111111111111,0.8133333333333334,0.8111111111111111,0.7822222222222223,0.8057777777777778,0.01730481985238381,59,1.0,1.0,1.0,1.0,1.0,1.0,0.0,1,0.7053291536050157,0.7475083056478405,0.7281553398058253,0.7258064516129032,0.6965944272445821,0.7206787355832335,0.0179871203214474,59,0.5822222222222222,0.6622222222222223,0.6266666666666667,0.6222222222222222,0.5644444444444444,0.6115555555555555,0.034609639704767645,59,1.0,1.0,1.0,1.0,1.0,1.0,0.0,1,0.7495003331112592,0.7872638208537439,0.7700205338809035,0.7679180887372014,0.7415952537903757,0.7632596060746968,0.016138622525220497,59,0.7911111111111111,0.8311111111111111,0.8133333333333334,0.8111111111111111,0.7822222222222222,0.8057777777777778,0.01730481985238384,59,0.7053291536050157,0.7475083056478405,0.7281553398058253,0.7258064516129032,0.6965944272445821,0.7206787355832335,0.0179871203214474,59,0.7911111111111111,0.8311111111111111,0.8133333333333334,0.8111111111111111,0.7822222222222223,0.8057777777777778,0.01730481985238381,59
289,0.10101881027221679,0.028873916779564624,0.06350712776184082,0.014926403058753932,5,False,False,500,-1,l1,saga,"{'C': 5, 'dual': False, 'fit_intercept': False, 'max_iter': 500, 'n_jobs': -1, 'penalty': 'l1', 'solver': 'saga'}",0.7911111111111111,0.8311111111111111,0.8133333333333334,0.8111111111111111,0.7822222222222223,0.8057777777777778,0.01730481985238381,59,1.0,1.0,1.0,1.0,1.0,1.0,0.0,1,0.7053291536050157,0.7475083056478405,0.7281553398058253,0.7258064516129032,0.6965944272445821,0.7206787355832335,0.0179871203214474,59,0.5822222222222222,0.6622222222222223,0.6266666666666667,0.6222222222222222,0.5644444444444444,0.6115555555555555,0.034609639704767645,59,1.0,1.0,1.0,1.0,1.0,1.0,0.0,1,0.7495003331112592,0.7872638208537439,0.7700205338809035,0.7679180887372014,0.7415952537903757,0.7632596060746968,0.016138622525220497,59,0.7911111111111111,0.8311111111111111,0.8133333333333334,0.8111111111111111,0.7822222222222222,0.8057777777777778,0.01730481985238384,59,0.7053291536050157,0.7475083056478405,0.7281553398058253,0.7258064516129032,0.6965944272445821,0.7206787355832335,0.0179871203214474,59,0.7911111111111111,0.8311111111111111,0.8133333333333334,0.8111111111111111,0.7822222222222223,0.8057777777777778,0.01730481985238381,59
471,0.08638625144958496,0.02849023420909638,0.08033170700073242,0.017627812781849737,8,False,False,500,-1,l2,newton-cg,"{'C': 8, 'dual': False, 'fit_intercept': False, 'max_iter': 500, 'n_jobs': -1, 'penalty': 'l2', 'solver': 'newton-cg'}",0.7911111111111111,0.8311111111111111,0.8133333333333334,0.8111111111111111,0.7822222222222223,0.8057777777777778,0.01730481985238381,59,1.0,1.0,1.0,1.0,1.0,1.0,0.0,1,0.7053291536050157,0.7475083056478405,0.7281553398058253,0.7258064516129032,0.6965944272445821,0.7206787355832335,0.0179871203214474,59,0.5822222222222222,0.6622222222222223,0.6266666666666667,0.6222222222222222,0.5644444444444444,0.6115555555555555,0.034609639704767645,59,1.0,1.0,1.0,1.0,1.0,1.0,0.0,1,0.7495003331112592,0.7872638208537439,0.7700205338809035,0.7679180887372014,0.7415952537903757,0.7632596060746968,0.016138622525220497,59,0.7911111111111111,0.8311111111111111,0.8133333333333334,0.8111111111111111,0.7822222222222222,0.8057777777777778,0.01730481985238384,59,0.7053291536050157,0.7475083056478405,0.7281553398058253,0.7258064516129032,0.6965944272445821,0.7206787355832335,0.0179871203214474,59,0.7911111111111111,0.8311111111111111,0.8133333333333334,0.8111111111111111,0.7822222222222223,0.8057777777777778,0.01730481985238381,59
309,0.002220296859741211,0.0016039850893411103,0.0,0.0,6,True,True,500,-1,l2,saga,"{'C': 6, 'dual': True, 'fit_intercept': True, 'max_iter': 500, 'n_jobs': -1, 'penalty': 'l2', 'solver': 'saga'}",,,,,,,,109,,,,,,,,109,,,,,,,,109,,,,,,,,109,,,,,,,,109,,,,,,,,109,,,,,,,,109,,,,,,,,109,,,,,,,,109
308,0.0025240421295166016,0.0007352932046101108,0.0,0.0,6,True,True,500,-1,l2,sag,"{'C': 6, 'dual': True, 'fit_intercept': True, 'max_iter': 500, 'n_jobs': -1, 'penalty': 'l2', 'solver': 'sag'}",,,,,,,,109,,,,,,,,109,,,,,,,,109,,,,,,,,109,,,,,,,,109,,,,,,,,109,,,,,,,,109,,,,,,,,109,,,,,,,,109
310,0.0031598091125488283,0.002669231092348547,0.0,0.0,6,True,True,500,-1,elasticnet,lbfgs,"{'C': 6, 'dual': True, 'fit_intercept': True, 'max_iter': 500, 'n_jobs': -1, 'penalty': 'elasticnet', 'solver': 'lbfgs'}",,,,,,,,109,,,,,,,,109,,,,,,,,109,,,,,,,,109,,,,,,,,109,,,,,,,,109,,,,,,,,109,,,,,,,,109,,,,,,,,109
345,0.001676321029663086,0.0008412894481907481,0.0,0.0,6,False,False,500,-1,l1,lbfgs,"{'C': 6, 'dual': False, 'fit_intercept': False, 'max_iter': 500, 'n_jobs': -1, 'penalty': 'l1', 'solver': 'lbfgs'}",,,,,,,,109,,,,,,,,109,,,,,,,,109,,,,,,,,109,,,,,,,,109,,,,,,,,109,,,,,,,,109,,,,,,,,109,,,,,,,,109
377,0.0032148361206054688,0.0012219866323003362,0.0,0.0,7,True,False,500,-1,l1,newton-cholesky,"{'C': 7, 'dual': True, 'fit_intercept': False, 'max_iter': 500, 'n_jobs': -1, 'penalty': 'l1', 'solver': 'newton-cholesky'}",,,,,,,,109,,,,,,,,109,,,,,,,,109,,,,,,,,109,,,,,,,,109,,,,,,,,109,,,,,,,,109,,,,,,,,109,,,,,,,,109
312,0.0027493953704833983,0.0009784271531150088,0.0,0.0,6,True,True,500,-1,elasticnet,newton-cholesky,"{'C': 6, 'dual': True, 'fit_intercept': True, 'max_iter': 500, 'n_jobs': -1, 'penalty': 'elasticnet', 'solver': 'newton-cholesky'}",,,,,,,,109,,,,,,,,109,,,,,,,,109,,,,,,,,109,,,,,,,,109,,,,,,,,109,,,,,,,,109,,,,,,,,109,,,,,,,,109
376,0.0028455257415771484,0.0020037855063125233,0.0,0.0,7,True,False,500,-1,l1,newton-cg,"{'C': 7, 'dual': True, 'fit_intercept': False, 'max_iter': 500, 'n_jobs': -1, 'penalty': 'l1', 'solver': 'newton-cg'}",,,,,,,,109,,,,,,,,109,,,,,,,,109,,,,,,,,109,,,,,,,,109,,,,,,,,109,,,,,,,,109,,,,,,,,109,,,,,,,,109
375,0.0024566173553466795,0.0013199690629557648,0.0,0.0,7,True,False,500,-1,l1,lbfgs,"{'C': 7, 'dual': True, 'fit_intercept': False, 'max_iter': 500, 'n_jobs': -1, 'penalty': 'l1', 'solver': 'lbfgs'}",,,,,,,,109,,,,,,,,109,,,,,,,,109,,,,,,,,109,,,,,,,,109,,,,,,,,109,,,,,,,,109,,,,,,,,109,,,,,,,,109
374,0.004248189926147461,0.0030636715254346125,0.0,0.0,7,True,True,500,-1,elasticnet,saga,"{'C': 7, 'dual': True, 'fit_intercept': True, 'max_iter': 500, 'n_jobs': -1, 'penalty': 'elasticnet', 'solver': 'saga'}",,,,,,,,109,,,,,,,,109,,,,,,,,109,,,,,,,,109,,,,,,,,109,,,,,,,,109,,,,,,,,109,,,,,,,,109,,,,,,,,109
307,0.003346157073974609,0.0006820201790433642,0.0,0.0,6,True,True,500,-1,l2,newton-cholesky,"{'C': 6, 'dual': True, 'fit_intercept': True, 'max_iter': 500, 'n_jobs': -1, 'penalty': 'l2', 'solver': 'newton-cholesky'}",,,,,,,,109,,,,,,,,109,,,,,,,,109,,,,,,,,109,,,,,,,,109,,,,,,,,109,,,,,,,,109,,,,,,,,109,,,,,,,,109
373,0.002801847457885742,0.0006550727269994625,0.0,0.0,7,True,True,500,-1,elasticnet,sag,"{'C': 7, 'dual': True, 'fit_intercept': True, 'max_iter': 500, 'n_jobs': -1, 'penalty': 'elasticnet', 'solver': 'sag'}",,,,,,,,109,,,,,,,,109,,,,,,,,109,,,,,,,,109,,,,,,,,109,,,,,,,,109,,,,,,,,109,,,,,,,,109,,,,,,,,109
372,0.004305744171142578,0.0030996082173053788,0.0,0.0,7,True,True,500,-1,elasticnet,newton-cholesky,"{'C': 7, 'dual': True, 'fit_intercept': True, 'max_iter': 500, 'n_jobs': -1, 'penalty': 'elasticnet', 'solver': 'newton-cholesky'}",,,,,,,,109,,,,,,,,109,,,,,,,,109,,,,,,,,109,,,,,,,,109,,,,,,,,109,,,,,,,,109,,,,,,,,109,,,,,,,,109
371,0.002956533432006836,0.002086830188190574,0.0,0.0,7,True,True,500,-1,elasticnet,newton-cg,"{'C': 7, 'dual': True, 'fit_intercept': True, 'max_iter': 500, 'n_jobs': -1, 'penalty': 'elasticnet', 'solver': 'newton-cg'}",,,,,,,,109,,,,,,,,109,,,,,,,,109,,,,,,,,109,,,,,,,,109,,,,,,,,109,,,,,,,,109,,,,,,,,109,,,,,,,,109
311,0.0032422542572021484,0.001665135613708236,0.0,0.0,6,True,True,500,-1,elasticnet,newton-cg,"{'C': 6, 'dual': True, 'fit_intercept': True, 'max_iter': 500, 'n_jobs': -1, 'penalty': 'elasticnet', 'solver': 'newton-cg'}",,,,,,,,109,,,,,,,,109,,,,,,,,109,,,,,,,,109,,,,,,,,109,,,,,,,,109,,,,,,,,109,,,,,,,,109,,,,,,,,109
306,0.002634620666503906,0.0017278234175937307,0.0,0.0,6,True,True,500,-1,l2,newton-cg,"{'C': 6, 'dual': True, 'fit_intercept': True, 'max_iter': 500, 'n_jobs': -1, 'penalty': 'l2', 'solver': 'newton-cg'}",,,,,,,,109,,,,,,,,109,,,,,,,,109,,,,,,,,109,,,,,,,,109,,,,,,,,109,,,,,,,,109,,,,,,,,109,,,,,,,,109
380,0.002434062957763672,0.0005062667575190904,0.0,0.0,7,True,False,500,-1,l2,lbfgs,"{'C': 7, 'dual': True, 'fit_intercept': False, 'max_iter': 500, 'n_jobs': -1, 'penalty': 'l2', 'solver': 'lbfgs'}",,,,,,,,109,,,,,,,,109,,,,,,,,109,,,,,,,,109,,,,,,,,109,,,,,,,,109,,,,,,,,109,,,,,,,,109,,,,,,,,109
304,0.0038341999053955076,0.001958394999007001,0.0,0.0,6,True,True,500,-1,l1,saga,"{'C': 6, 'dual': True, 'fit_intercept': True, 'max_iter': 500, 'n_jobs': -1, 'penalty': 'l1', 'solver': 'saga'}",,,,,,,,109,,,,,,,,109,,,,,,,,109,,,,,,,,109,,,,,,,,109,,,,,,,,109,,,,,,,,109,,,,,,,,109,,,,,,,,109
378,0.0030374526977539062,0.0023227939435630516,0.0,0.0,7,True,False,500,-1,l1,sag,"{'C': 7, 'dual': True, 'fit_intercept': False, 'max_iter': 500, 'n_jobs': -1, 'penalty': 'l1', 'solver': 'sag'}",,,,,,,,109,,,,,,,,109,,,,,,,,109,,,,,,,,109,,,,,,,,109,,,,,,,,109,,,,,,,,109,,,,,,,,109,,,,,,,,109
379,0.0037999629974365236,0.0006985025799829617,0.0,0.0,7,True,False,500,-1,l1,saga,"{'C': 7, 'dual': True, 'fit_intercept': False, 'max_iter': 500, 'n_jobs': -1, 'penalty': 'l1', 'solver': 'saga'}",,,,,,,,109,,,,,,,,109,,,,,,,,109,,,,,,,,109,,,,,,,,109,,,,,,,,109,,,,,,,,109,,,,,,,,109,,,,,,,,109
370,0.002882242202758789,0.002043642692396915,0.0,0.0,7,True,True,500,-1,elasticnet,lbfgs,"{'C': 7, 'dual': True, 'fit_intercept': True, 'max_iter': 500, 'n_jobs': -1, 'penalty': 'elasticnet', 'solver': 'lbfgs'}",,,,,,,,109,,,,,,,,109,,,,,,,,109,,,,,,,,109,,,,,,,,109,,,,,,,,109,,,,,,,,109,,,,,,,,109,,,,,,,,109
381,0.0026265621185302735,0.0004857277224128886,0.0,0.0,7,True,False,500,-1,l2,newton-cg,"{'C': 7, 'dual': True, 'fit_intercept': False, 'max_iter': 500, 'n_jobs': -1, 'penalty': 'l2', 'solver': 'newton-cg'}",,,,,,,,109,,,,,,,,109,,,,,,,,109,,,,,,,,109,,,,,,,,109,,,,,,,,109,,,,,,,,109,,,,,,,,109,,,,,,,,109
382,0.002317953109741211,0.0013012921115552619,0.0,0.0,7,True,False,500,-1,l2,newton-cholesky,"{'C': 7, 'dual': True, 'fit_intercept': False, 'max_iter': 500, 'n_jobs': -1, 'penalty': 'l2', 'solver': 'newton-cholesky'}",,,,,,,,109,,,,,,,,109,,,,,,,,109,,,,,,,,109,,,,,,,,109,,,,,,,,109,,,,,,,,109,,,,,,,,109,,,,,,,,109
383,0.0030961036682128906,0.0015562712584517673,0.0,0.0,7,True,False,500,-1,l2,sag,"{'C': 7, 'dual': True, 'fit_intercept': False, 'max_iter': 500, 'n_jobs': -1, 'penalty': 'l2', 'solver': 'sag'}",,,,,,,,109,,,,,,,,109,,,,,,,,109,,,,,,,,109,,,,,,,,109,,,,,,,,109,,,,,,,,109,,,,,,,,109,,,,,,,,109
384,0.0038547515869140625,0.00194372124843981,0.0,0.0,7,True,False,500,-1,l2,saga,"{'C': 7, 'dual': True, 'fit_intercept': False, 'max_iter': 500, 'n_jobs': -1, 'penalty': 'l2', 'solver': 'saga'}",,,,,,,,109,,,,,,,,109,,,,,,,,109,,,,,,,,109,,,,,,,,109,,,,,,,,109,,,,,,,,109,,,,,,,,109,,,,,,,,109
385,0.0030425071716308595,0.0008915142593607983,0.0,0.0,7,True,False,500,-1,elasticnet,lbfgs,"{'C': 7, 'dual': True, 'fit_intercept': False, 'max_iter': 500, 'n_jobs': -1, 'penalty': 'elasticnet', 'solver': 'lbfgs'}",,,,,,,,109,,,,,,,,109,,,,,,,,109,,,,,,,,109,,,,,,,,109,,,,,,,,109,,,,,,,,109,,,,,,,,109,,,,,,,,109
386,0.0029376983642578126,0.0007267920399281812,0.0,0.0,7,True,False,500,-1,elasticnet,newton-cg,"{'C': 7, 'dual': True, 'fit_intercept': False, 'max_iter': 500, 'n_jobs': -1, 'penalty': 'elasticnet', 'solver': 'newton-cg'}",,,,,,,,109,,,,,,,,109,,,,,,,,109,,,,,,,,109,,,,,,,,109,,,,,,,,109,,,,,,,,109,,,,,,,,109,,,,,,,,109
303,0.004247331619262695,0.002471768182435833,0.0,0.0,6,True,True,500,-1,l1,sag,"{'C': 6, 'dual': True, 'fit_intercept': True, 'max_iter': 500, 'n_jobs': -1, 'penalty': 'l1', 'solver': 'sag'}",,,,,,,,109,,,,,,,,109,,,,,,,,109,,,,,,,,109,,,,,,,,109,,,,,,,,109,,,,,,,,109,,,,,,,,109,,,,,,,,109
302,0.005369424819946289,0.0013979628037832687,0.0,0.0,6,True,True,500,-1,l1,newton-cholesky,"{'C': 6, 'dual': True, 'fit_intercept': True, 'max_iter': 500, 'n_jobs': -1, 'penalty': 'l1', 'solver': 'newton-cholesky'}",,,,,,,,109,,,,,,,,109,,,,,,,,109,,,,,,,,109,,,,,,,,109,,,,,,,,109,,,,,,,,109,,,,,,,,109,,,,,,,,109
387,0.0030716419219970702,0.0007675685608168404,0.0,0.0,7,True,False,500,-1,elasticnet,newton-cholesky,"{'C': 7, 'dual': True, 'fit_intercept': False, 'max_iter': 500, 'n_jobs': -1, 'penalty': 'elasticnet', 'solver': 'newton-cholesky'}",,,,,,,,109,,,,,,,,109,,,,,,,,109,,,,,,,,109,,,,,,,,109,,,,,,,,109,,,,,,,,109,,,,,,,,109,,,,,,,,109
305,0.0014699935913085938,0.002078330917739571,0.0,0.0,6,True,True,500,-1,l2,lbfgs,"{'C': 6, 'dual': True, 'fit_intercept': True, 'max_iter': 500, 'n_jobs': -1, 'penalty': 'l2', 'solver': 'lbfgs'}",,,,,,,,109,,,,,,,,109,,,,,,,,109,,,,,,,,109,,,,,,,,109,,,,,,,,109,,,,,,,,109,,,,,,,,109,,,,,,,,109
369,0.0029224395751953126,0.0006911585369189585,0.0,0.0,7,True,True,500,-1,l2,saga,"{'C': 7, 'dual': True, 'fit_intercept': True, 'max_iter': 500, 'n_jobs': -1, 'penalty': 'l2', 'solver': 'saga'}",,,,,,,,109,,,,,,,,109,,,,,,,,109,,,,,,,,109,,,,,,,,109,,,,,,,,109,,,,,,,,109,,,,,,,,109,,,,,,,,109
363,0.0026770114898681642,0.00043768161437759826,0.0,0.0,7,True,True,500,-1,l1,sag,"{'C': 7, 'dual': True, 'fit_intercept': True, 'max_iter': 500, 'n_jobs': -1, 'penalty': 'l1', 'solver': 'sag'}",,,,,,,,109,,,,,,,,109,,,,,,,,109,,,,,,,,109,,,,,,,,109,,,,,,,,109,,,,,,,,109,,,,,,,,109,,,,,,,,109
367,0.0013076305389404298,0.0011677024643259903,0.0,0.0,7,True,True,500,-1,l2,newton-cholesky,"{'C': 7, 'dual': True, 'fit_intercept': True, 'max_iter': 500, 'n_jobs': -1, 'penalty': 'l2', 'solver': 'newton-cholesky'}",,,,,,,,109,,,,,,,,109,,,,,,,,109,,,,,,,,109,,,,,,,,109,,,,,,,,109,,,,,,,,109,,,,,,,,109,,,,,,,,109
324,0.003615665435791016,0.0009680222328006179,0.0,0.0,6,True,False,500,-1,l2,saga,"{'C': 6, 'dual': True, 'fit_intercept': False, 'max_iter': 500, 'n_jobs': -1, 'penalty': 'l2', 'solver': 'saga'}",,,,,,,,109,,,,,,,,109,,,,,,,,109,,,,,,,,109,,,,,,,,109,,,,,,,,109,,,,,,,,109,,,,,,,,109,,,,,,,,109
325,0.002117443084716797,0.001214146546423287,0.0,0.0,6,True,False,500,-1,elasticnet,lbfgs,"{'C': 6, 'dual': True, 'fit_intercept': False, 'max_iter': 500, 'n_jobs': -1, 'penalty': 'elasticnet', 'solver': 'lbfgs'}",,,,,,,,109,,,,,,,,109,,,,,,,,109,,,,,,,,109,,,,,,,,109,,,,,,,,109,,,,,,,,109,,,,,,,,109,,,,,,,,109
326,0.003391265869140625,0.0025580864898180596,0.0,0.0,6,True,False,500,-1,elasticnet,newton-cg,"{'C': 6, 'dual': True, 'fit_intercept': False, 'max_iter': 500, 'n_jobs': -1, 'penalty': 'elasticnet', 'solver': 'newton-cg'}",,,,,,,,109,,,,,,,,109,,,,,,,,109,,,,,,,,109,,,,,,,,109,,,,,,,,109,,,,,,,,109,,,,,,,,109,,,,,,,,109
327,0.0019124507904052734,0.0024740987058053466,0.0,0.0,6,True,False,500,-1,elasticnet,newton-cholesky,"{'C': 6, 'dual': True, 'fit_intercept': False, 'max_iter': 500, 'n_jobs': -1, 'penalty': 'elasticnet', 'solver': 'newton-cholesky'}",,,,,,,,109,,,,,,,,109,,,,,,,,109,,,,,,,,109,,,,,,,,109,,,,,,,,109,,,,,,,,109,,,,,,,,109,,,,,,,,109
328,0.0021474361419677734,0.001867014520118789,0.0,0.0,6,True,False,500,-1,elasticnet,sag,"{'C': 6, 'dual': True, 'fit_intercept': False, 'max_iter': 500, 'n_jobs': -1, 'penalty': 'elasticnet', 'solver': 'sag'}",,,,,,,,109,,,,,,,,109,,,,,,,,109,,,,,,,,109,,,,,,,,109,,,,,,,,109,,,,,,,,109,,,,,,,,109,,,,,,,,109
329,0.0018407344818115235,0.0015308294574071675,0.0,0.0,6,True,False,500,-1,elasticnet,saga,"{'C': 6, 'dual': True, 'fit_intercept': False, 'max_iter': 500, 'n_jobs': -1, 'penalty': 'elasticnet', 'solver': 'saga'}",,,,,,,,109,,,,,,,,109,,,,,,,,109,,,,,,,,109,,,,,,,,109,,,,,,,,109,,,,,,,,109,,,,,,,,109,,,,,,,,109
330,0.002043628692626953,0.00032252852974707757,0.0,0.0,6,False,True,500,-1,l1,lbfgs,"{'C': 6, 'dual': False, 'fit_intercept': True, 'max_iter': 500, 'n_jobs': -1, 'penalty': 'l1', 'solver': 'lbfgs'}",,,,,,,,109,,,,,,,,109,,,,,,,,109,,,,,,,,109,,,,,,,,109,,,,,,,,109,,,,,,,,109,,,,,,,,109,,,,,,,,109
331,0.002531623840332031,0.0005500409650904634,0.0,0.0,6,False,True,500,-1,l1,newton-cg,"{'C': 6, 'dual': False, 'fit_intercept': True, 'max_iter': 500, 'n_jobs': -1, 'penalty': 'l1', 'solver': 'newton-cg'}",,,,,,,,109,,,,,,,,109,,,,,,,,109,,,,,,,,109,,,,,,,,109,,,,,,,,109,,,,,,,,109,,,,,,,,109,,,,,,,,109
323,0.0025066375732421876,0.0005120310531938192,0.0,0.0,6,True,False,500,-1,l2,sag,"{'C': 6, 'dual': True, 'fit_intercept': False, 'max_iter': 500, 'n_jobs': -1, 'penalty': 'l2', 'solver': 'sag'}",,,,,,,,109,,,,,,,,109,,,,,,,,109,,,,,,,,109,,,,,,,,109,,,,,,,,109,,,,,,,,109,,,,,,,,109,,,,,,,,109
332,0.0019637107849121093,0.0010636989647763338,0.0,0.0,6,False,True,500,-1,l1,newton-cholesky,"{'C': 6, 'dual': False, 'fit_intercept': True, 'max_iter': 500, 'n_jobs': -1, 'penalty': 'l1', 'solver': 'newton-cholesky'}",,,,,,,,109,,,,,,,,109,,,,,,,,109,,,,,,,,109,,,,,,,,109,,,,,,,,109,,,,,,,,109,,,,,,,,109,,,,,,,,109
340,0.003376626968383789,0.001725370975317981,0.0,0.0,6,False,True,500,-1,elasticnet,lbfgs,"{'C': 6, 'dual': False, 'fit_intercept': True, 'max_iter': 500, 'n_jobs': -1, 'penalty': 'elasticnet', 'solver': 'lbfgs'}",,,,,,,,109,,,,,,,,109,,,,,,,,109,,,,,,,,109,,,,,,,,109,,,,,,,,109,,,,,,,,109,,,,,,,,109,,,,,,,,109
341,0.002525949478149414,0.0012862518926436209,0.0,0.0,6,False,True,500,-1,elasticnet,newton-cg,"{'C': 6, 'dual': False, 'fit_intercept': True, 'max_iter': 500, 'n_jobs': -1, 'penalty': 'elasticnet', 'solver': 'newton-cg'}",,,,,,,,109,,,,,,,,109,,,,,,,,109,,,,,,,,109,,,,,,,,109,,,,,,,,109,,,,,,,,109,,,,,,,,109,,,,,,,,109
342,0.002226734161376953,0.0013353568537592347,0.0,0.0,6,False,True,500,-1,elasticnet,newton-cholesky,"{'C': 6, 'dual': False, 'fit_intercept': True, 'max_iter': 500, 'n_jobs': -1, 'penalty': 'elasticnet', 'solver': 'newton-cholesky'}",,,,,,,,109,,,,,,,,109,,,,,,,,109,,,,,,,,109,,,,,,,,109,,,,,,,,109,,,,,,,,109,,,,,,,,109,,,,,,,,109
388,0.002529144287109375,0.0005417662129460469,0.0,0.0,7,True,False,500,-1,elasticnet,sag,"{'C': 7, 'dual': True, 'fit_intercept': False, 'max_iter': 500, 'n_jobs': -1, 'penalty': 'elasticnet', 'solver': 'sag'}",,,,,,,,109,,,,,,,,109,,,,,,,,109,,,,,,,,109,,,,,,,,109,,,,,,,,109,,,,,,,,109,,,,,,,,109,,,,,,,,109
343,0.003651285171508789,0.0016941238068888657,0.0,0.0,6,False,True,500,-1,elasticnet,sag,"{'C': 6, 'dual': False, 'fit_intercept': True, 'max_iter': 500, 'n_jobs': -1, 'penalty': 'elasticnet', 'solver': 'sag'}",,,,,,,,109,,,,,,,,109,,,,,,,,109,,,,,,,,109,,,,,,,,109,,,,,,,,109,,,,,,,,109,,,,,,,,109,,,,,,,,109
348,0.0024230480194091797,0.0005851042391601161,0.0,0.0,6,False,False,500,-1,l1,sag,"{'C': 6, 'dual': False, 'fit_intercept': False, 'max_iter': 500, 'n_jobs': -1, 'penalty': 'l1', 'solver': 'sag'}",,,,,,,,109,,,,,,,,109,,,,,,,,109,,,,,,,,109,,,,,,,,109,,,,,,,,109,,,,,,,,109,,,,,,,,109,,,,,,,,109
347,0.002630758285522461,0.0010235112655081285,0.0,0.0,6,False,False,500,-1,l1,newton-cholesky,"{'C': 6, 'dual': False, 'fit_intercept': False, 'max_iter': 500, 'n_jobs': -1, 'penalty': 'l1', 'solver': 'newton-cholesky'}",,,,,,,,109,,,,,,,,109,,,,,,,,109,,,,,,,,109,,,,,,,,109,,,,,,,,109,,,,,,,,109,,,,,,,,109,,,,,,,,109
346,0.0020403385162353514,0.0010212808866516647,0.0,0.0,6,False,False,500,-1,l1,newton-cg,"{'C': 6, 'dual': False, 'fit_intercept': False, 'max_iter': 500, 'n_jobs': -1, 'penalty': 'l1', 'solver': 'newton-cg'}",,,,,,,,109,,,,,,,,109,,,,,,,,109,,,,,,,,109,,,,,,,,109,,,,,,,,109,,,,,,,,109,,,,,,,,109,,,,,,,,109
333,0.0032081127166748045,0.001059981872170212,0.0,0.0,6,False,True,500,-1,l1,sag,"{'C': 6, 'dual': False, 'fit_intercept': True, 'max_iter': 500, 'n_jobs': -1, 'penalty': 'l1', 'solver': 'sag'}",,,,,,,,109,,,,,,,,109,,,,,,,,109,,,,,,,,109,,,,,,,,109,,,,,,,,109,,,,,,,,109,,,,,,,,109,,,,,,,,109
322,0.002984762191772461,0.0007406080562667658,0.0,0.0,6,True,False,500,-1,l2,newton-cholesky,"{'C': 6, 'dual': True, 'fit_intercept': False, 'max_iter': 500, 'n_jobs': -1, 'penalty': 'l2', 'solver': 'newton-cholesky'}",,,,,,,,109,,,,,,,,109,,,,,,,,109,,,,,,,,109,,,,,,,,109,,,,,,,,109,,,,,,,,109,,,,,,,,109,,,,,,,,109
321,0.002845287322998047,0.00035009538727587687,0.0,0.0,6,True,False,500,-1,l2,newton-cg,"{'C': 6, 'dual': True, 'fit_intercept': False, 'max_iter': 500, 'n_jobs': -1, 'penalty': 'l2', 'solver': 'newton-cg'}",,,,,,,,109,,,,,,,,109,,,,,,,,109,,,,,,,,109,,,,,,,,109,,,,,,,,109,,,,,,,,109,,,,,,,,109,,,,,,,,109
320,0.002089977264404297,0.00010776361531809035,0.0,0.0,6,True,False,500,-1,l2,lbfgs,"{'C': 6, 'dual': True, 'fit_intercept': False, 'max_iter': 500, 'n_jobs': -1, 'penalty': 'l2', 'solver': 'lbfgs'}",,,,,,,,109,,,,,,,,109,,,,,,,,109,,,,,,,,109,,,,,,,,109,,,,,,,,109,,,,,,,,109,,,,,,,,109,,,,,,,,109
366,0.0022211074829101562,0.001455268040656588,0.0,0.0,7,True,True,500,-1,l2,newton-cg,"{'C': 7, 'dual': True, 'fit_intercept': True, 'max_iter': 500, 'n_jobs': -1, 'penalty': 'l2', 'solver': 'newton-cg'}",,,,,,,,109,,,,,,,,109,,,,,,,,109,,,,,,,,109,,,,,,,,109,,,,,,,,109,,,,,,,,109,,,,,,,,109,,,,,,,,109
365,0.0030336856842041017,0.0006014666427478792,0.0,0.0,7,True,True,500,-1,l2,lbfgs,"{'C': 7, 'dual': True, 'fit_intercept': True, 'max_iter': 500, 'n_jobs': -1, 'penalty': 'l2', 'solver': 'lbfgs'}",,,,,,,,109,,,,,,,,109,,,,,,,,109,,,,,,,,109,,,,,,,,109,,,,,,,,109,,,,,,,,109,,,,,,,,109,,,,,,,,109
364,0.00306849479675293,0.0010016744136546708,0.0,0.0,7,True,True,500,-1,l1,saga,"{'C': 7, 'dual': True, 'fit_intercept': True, 'max_iter': 500, 'n_jobs': -1, 'penalty': 'l1', 'solver': 'saga'}",,,,,,,,109,,,,,,,,109,,,,,,,,109,,,,,,,,109,,,,,,,,109,,,,,,,,109,,,,,,,,109,,,,,,,,109,,,,,,,,109
344,0.0035848140716552733,0.00210472678810723,0.0,0.0,6,False,True,500,-1,elasticnet,saga,"{'C': 6, 'dual': False, 'fit_intercept': True, 'max_iter': 500, 'n_jobs': -1, 'penalty': 'elasticnet', 'solver': 'saga'}",,,,,,,,109,,,,,,,,109,,,,,,,,109,,,,,,,,109,,,,,,,,109,,,,,,,,109,,,,,,,,109,,,,,,,,109,,,,,,,,109
362,0.002399778366088867,0.002267474351153866,0.0,0.0,7,True,True,500,-1,l1,newton-cholesky,"{'C': 7, 'dual': True, 'fit_intercept': True, 'max_iter': 500, 'n_jobs': -1, 'penalty': 'l1', 'solver': 'newton-cholesky'}",,,,,,,,109,,,,,,,,109,,,,,,,,109,,,,,,,,109,,,,,,,,109,,,,,,,,109,,,,,,,,109,,,,,,,,109,,,,,,,,109
361,0.0036047935485839845,0.0010465896145569387,0.0,0.0,7,True,True,500,-1,l1,newton-cg,"{'C': 7, 'dual': True, 'fit_intercept': True, 'max_iter': 500, 'n_jobs': -1, 'penalty': 'l1', 'solver': 'newton-cg'}",,,,,,,,109,,,,,,,,109,,,,,,,,109,,,,,,,,109,,,,,,,,109,,,,,,,,109,,,,,,,,109,,,,,,,,109,,,,,,,,109
313,0.002758502960205078,0.0005660659208462149,0.0,0.0,6,True,True,500,-1,elasticnet,sag,"{'C': 6, 'dual': True, 'fit_intercept': True, 'max_iter': 500, 'n_jobs': -1, 'penalty': 'elasticnet', 'solver': 'sag'}",,,,,,,,109,,,,,,,,109,,,,,,,,109,,,,,,,,109,,,,,,,,109,,,,,,,,109,,,,,,,,109,,,,,,,,109,,,,,,,,109
314,0.001600027084350586,0.0008005730368998854,0.0,0.0,6,True,True,500,-1,elasticnet,saga,"{'C': 6, 'dual': True, 'fit_intercept': True, 'max_iter': 500, 'n_jobs': -1, 'penalty': 'elasticnet', 'solver': 'saga'}",,,,,,,,109,,,,,,,,109,,,,,,,,109,,,,,,,,109,,,,,,,,109,,,,,,,,109,,,,,,,,109,,,,,,,,109,,,,,,,,109
315,0.0026091575622558595,0.0005123271127347039,0.0,0.0,6,True,False,500,-1,l1,lbfgs,"{'C': 6, 'dual': True, 'fit_intercept': False, 'max_iter': 500, 'n_jobs': -1, 'penalty': 'l1', 'solver': 'lbfgs'}",,,,,,,,109,,,,,,,,109,,,,,,,,109,,,,,,,,109,,,,,,,,109,,,,,,,,109,,,,,,,,109,,,,,,,,109,,,,,,,,109
316,0.0013880252838134766,0.001144643604587039,0.0,0.0,6,True,False,500,-1,l1,newton-cg,"{'C': 6, 'dual': True, 'fit_intercept': False, 'max_iter': 500, 'n_jobs': -1, 'penalty': 'l1', 'solver': 'newton-cg'}",,,,,,,,109,,,,,,,,109,,,,,,,,109,,,,,,,,109,,,,,,,,109,,,,,,,,109,,,,,,,,109,,,,,,,,109,,,,,,,,109
317,0.0017426490783691406,0.0021394623338439295,0.0,0.0,6,True,False,500,-1,l1,newton-cholesky,"{'C': 6, 'dual': True, 'fit_intercept': False, 'max_iter': 500, 'n_jobs': -1, 'penalty': 'l1', 'solver': 'newton-cholesky'}",,,,,,,,109,,,,,,,,109,,,,,,,,109,,,,,,,,109,,,,,,,,109,,,,,,,,109,,,,,,,,109,,,,,,,,109,,,,,,,,109
318,0.0032238483428955076,0.0009774690523652605,0.0,0.0,6,True,False,500,-1,l1,sag,"{'C': 6, 'dual': True, 'fit_intercept': False, 'max_iter': 500, 'n_jobs': -1, 'penalty': 'l1', 'solver': 'sag'}",,,,,,,,109,,,,,,,,109,,,,,,,,109,,,,,,,,109,,,,,,,,109,,,,,,,,109,,,,,,,,109,,,,,,,,109,,,,,,,,109
360,0.004189586639404297,0.0011563628536189233,0.0,0.0,7,True,True,500,-1,l1,lbfgs,"{'C': 7, 'dual': True, 'fit_intercept': True, 'max_iter': 500, 'n_jobs': -1, 'penalty': 'l1', 'solver': 'lbfgs'}",,,,,,,,109,,,,,,,,109,,,,,,,,109,,,,,,,,109,,,,,,,,109,,,,,,,,109,,,,,,,,109,,,,,,,,109,,,,,,,,109
359,0.003003692626953125,0.0015352721295304348,0.0,0.0,6,False,False,500,-1,elasticnet,saga,"{'C': 6, 'dual': False, 'fit_intercept': False, 'max_iter': 500, 'n_jobs': -1, 'penalty': 'elasticnet', 'solver': 'saga'}",,,,,,,,109,,,,,,,,109,,,,,,,,109,,,,,,,,109,,,,,,,,109,,,,,,,,109,,,,,,,,109,,,,,,,,109,,,,,,,,109
358,0.0034598350524902345,0.000899632613706631,0.0,0.0,6,False,False,500,-1,elasticnet,sag,"{'C': 6, 'dual': False, 'fit_intercept': False, 'max_iter': 500, 'n_jobs': -1, 'penalty': 'elasticnet', 'solver': 'sag'}",,,,,,,,109,,,,,,,,109,,,,,,,,109,,,,,,,,109,,,,,,,,109,,,,,,,,109,,,,,,,,109,,,,,,,,109,,,,,,,,109
357,0.0041045665740966795,0.0022799041797616736,0.0,0.0,6,False,False,500,-1,elasticnet,newton-cholesky,"{'C': 6, 'dual': False, 'fit_intercept': False, 'max_iter': 500, 'n_jobs': -1, 'penalty': 'elasticnet', 'solver': 'newton-cholesky'}",,,,,,,,109,,,,,,,,109,,,,,,,,109,,,,,,,,109,,,,,,,,109,,,,,,,,109,,,,,,,,109,,,,,,,,109,,,,,,,,109
356,0.002767658233642578,0.0005609647912323122,0.0,0.0,6,False,False,500,-1,elasticnet,newton-cg,"{'C': 6, 'dual': False, 'fit_intercept': False, 'max_iter': 500, 'n_jobs': -1, 'penalty': 'elasticnet', 'solver': 'newton-cg'}",,,,,,,,109,,,,,,,,109,,,,,,,,109,,,,,,,,109,,,,,,,,109,,,,,,,,109,,,,,,,,109,,,,,,,,109,,,,,,,,109
355,0.0020797252655029297,0.0013246780936341162,0.0,0.0,6,False,False,500,-1,elasticnet,lbfgs,"{'C': 6, 'dual': False, 'fit_intercept': False, 'max_iter': 500, 'n_jobs': -1, 'penalty': 'elasticnet', 'solver': 'lbfgs'}",,,,,,,,109,,,,,,,,109,,,,,,,,109,,,,,,,,109,,,,,,,,109,,,,,,,,109,,,,,,,,109,,,,,,,,109,,,,,,,,109
319,0.002431297302246094,0.000522196356965283,0.0,0.0,6,True,False,500,-1,l1,saga,"{'C': 6, 'dual': True, 'fit_intercept': False, 'max_iter': 500, 'n_jobs': -1, 'penalty': 'l1', 'solver': 'saga'}",,,,,,,,109,,,,,,,,109,,,,,,,,109,,,,,,,,109,,,,,,,,109,,,,,,,,109,,,,,,,,109,,,,,,,,109,,,,,,,,109
368,0.0030669212341308595,0.0003357280569676279,0.0,0.0,7,True,True,500,-1,l2,sag,"{'C': 7, 'dual': True, 'fit_intercept': True, 'max_iter': 500, 'n_jobs': -1, 'penalty': 'l2', 'solver': 'sag'}",,,,,,,,109,,,,,,,,109,,,,,,,,109,,,,,,,,109,,,,,,,,109,,,,,,,,109,,,,,,,,109,,,,,,,,109,,,,,,,,109
389,0.0014078140258789063,0.0017242130080683364,0.0,0.0,7,True,False,500,-1,elasticnet,saga,"{'C': 7, 'dual': True, 'fit_intercept': False, 'max_iter': 500, 'n_jobs': -1, 'penalty': 'elasticnet', 'solver': 'saga'}",,,,,,,,109,,,,,,,,109,,,,,,,,109,,,,,,,,109,,,,,,,,109,,,,,,,,109,,,,,,,,109,,,,,,,,109,,,,,,,,109
0,0.0062714099884033205,0.0036077303145981843,0.0,0.0,1,True,True,500,-1,l1,lbfgs,"{'C': 1, 'dual': True, 'fit_intercept': True, 'max_iter': 500, 'n_jobs': -1, 'penalty': 'l1', 'solver': 'lbfgs'}",,,,,,,,109,,,,,,,,109,,,,,,,,109,,,,,,,,109,,,,,,,,109,,,,,,,,109,,,,,,,,109,,,,,,,,109,,,,,,,,109
391,0.0032250404357910155,0.0009529130806231942,0.0,0.0,7,False,True,500,-1,l1,newton-cg,"{'C': 7, 'dual': False, 'fit_intercept': True, 'max_iter': 500, 'n_jobs': -1, 'penalty': 'l1', 'solver': 'newton-cg'}",,,,,,,,109,,,,,,,,109,,,,,,,,109,,,,,,,,109,,,,,,,,109,,,,,,,,109,,,,,,,,109,,,,,,,,109,,,,,,,,109
496,0.002921772003173828,0.0011353541742192632,0.0,0.0,9,True,False,500,-1,l1,newton-cg,"{'C': 9, 'dual': True, 'fit_intercept': False, 'max_iter': 500, 'n_jobs': -1, 'penalty': 'l1', 'solver': 'newton-cg'}",,,,,,,,109,,,,,,,,109,,,,,,,,109,,,,,,,,109,,,,,,,,109,,,,,,,,109,,,,,,,,109,,,,,,,,109,,,,,,,,109
495,0.0053843498229980465,0.0030332984340030304,0.0,0.0,9,True,False,500,-1,l1,lbfgs,"{'C': 9, 'dual': True, 'fit_intercept': False, 'max_iter': 500, 'n_jobs': -1, 'penalty': 'l1', 'solver': 'lbfgs'}",,,,,,,,109,,,,,,,,109,,,,,,,,109,,,,,,,,109,,,,,,,,109,,,,,,,,109,,,,,,,,109,,,,,,,,109,,,,,,,,109
494,0.0031158924102783203,0.0027616147415088312,0.0,0.0,9,True,True,500,-1,elasticnet,saga,"{'C': 9, 'dual': True, 'fit_intercept': True, 'max_iter': 500, 'n_jobs': -1, 'penalty': 'elasticnet', 'solver': 'saga'}",,,,,,,,109,,,,,,,,109,,,,,,,,109,,,,,,,,109,,,,,,,,109,,,,,,,,109,,,,,,,,109,,,,,,,,109,,,,,,,,109
493,0.0021056175231933595,0.0011867356142071844,0.0,0.0,9,True,True,500,-1,elasticnet,sag,"{'C': 9, 'dual': True, 'fit_intercept': True, 'max_iter': 500, 'n_jobs': -1, 'penalty': 'elasticnet', 'solver': 'sag'}",,,,,,,,109,,,,,,,,109,,,,,,,,109,,,,,,,,109,,,,,,,,109,,,,,,,,109,,,,,,,,109,,,,,,,,109,,,,,,,,109
492,0.0028228282928466795,0.0026709475614026135,0.0,0.0,9,True,True,500,-1,elasticnet,newton-cholesky,"{'C': 9, 'dual': True, 'fit_intercept': True, 'max_iter': 500, 'n_jobs': -1, 'penalty': 'elasticnet', 'solver': 'newton-cholesky'}",,,,,,,,109,,,,,,,,109,,,,,,,,109,,,,,,,,109,,,,,,,,109,,,,,,,,109,,,,,,,,109,,,,,,,,109,,,,,,,,109
491,0.0033960819244384767,0.0036057486101911764,0.0,0.0,9,True,True,500,-1,elasticnet,newton-cg,"{'C': 9, 'dual': True, 'fit_intercept': True, 'max_iter': 500, 'n_jobs': -1, 'penalty': 'elasticnet', 'solver': 'newton-cg'}",,,,,,,,109,,,,,,,,109,,,,,,,,109,,,,,,,,109,,,,,,,,109,,,,,,,,109,,,,,,,,109,,,,,,,,109,,,,,,,,109
490,0.0029440402984619142,0.0013965985135559512,0.0,0.0,9,True,True,500,-1,elasticnet,lbfgs,"{'C': 9, 'dual': True, 'fit_intercept': True, 'max_iter': 500, 'n_jobs': -1, 'penalty': 'elasticnet', 'solver': 'lbfgs'}",,,,,,,,109,,,,,,,,109,,,,,,,,109,,,,,,,,109,,,,,,,,109,,,,,,,,109,,,,,,,,109,,,,,,,,109,,,,,,,,109
489,0.004392147064208984,0.0011873377661368717,0.0,0.0,9,True,True,500,-1,l2,saga,"{'C': 9, 'dual': True, 'fit_intercept': True, 'max_iter': 500, 'n_jobs': -1, 'penalty': 'l2', 'solver': 'saga'}",,,,,,,,109,,,,,,,,109,,,,,,,,109,,,,,,,,109,,,,,,,,109,,,,,,,,109,,,,,,,,109,,,,,,,,109,,,,,,,,109
488,0.007358407974243164,0.0029924491325603467,0.0,0.0,9,True,True,500,-1,l2,sag,"{'C': 9, 'dual': True, 'fit_intercept': True, 'max_iter': 500, 'n_jobs': -1, 'penalty': 'l2', 'solver': 'sag'}",,,,,,,,109,,,,,,,,109,,,,,,,,109,,,,,,,,109,,,,,,,,109,,,,,,,,109,,,,,,,,109,,,,,,,,109,,,,,,,,109
487,0.0034503936767578125,0.0010054181530414206,0.0,0.0,9,True,True,500,-1,l2,newton-cholesky,"{'C': 9, 'dual': True, 'fit_intercept': True, 'max_iter': 500, 'n_jobs': -1, 'penalty': 'l2', 'solver': 'newton-cholesky'}",,,,,,,,109,,,,,,,,109,,,,,,,,109,,,,,,,,109,,,,,,,,109,,,,,,,,109,,,,,,,,109,,,,,,,,109,,,,,,,,109
486,0.009291124343872071,0.01352041127737866,0.0,0.0,9,True,True,500,-1,l2,newton-cg,"{'C': 9, 'dual': True, 'fit_intercept': True, 'max_iter': 500, 'n_jobs': -1, 'penalty': 'l2', 'solver': 'newton-cg'}",,,,,,,,109,,,,,,,,109,,,,,,,,109,,,,,,,,109,,,,,,,,109,,,,,,,,109,,,,,,,,109,,,,,,,,109,,,,,,,,109
497,0.0024308681488037108,0.0006619360858130887,0.0,0.0,9,True,False,500,-1,l1,newton-cholesky,"{'C': 9, 'dual': True, 'fit_intercept': False, 'max_iter': 500, 'n_jobs': -1, 'penalty': 'l1', 'solver': 'newton-cholesky'}",,,,,,,,109,,,,,,,,109,,,,,,,,109,,,,,,,,109,,,,,,,,109,,,,,,,,109,,,,,,,,109,,,,,,,,109,,,,,,,,109
485,0.0025296688079833986,0.0007251622862783343,0.0,0.0,9,True,True,500,-1,l2,lbfgs,"{'C': 9, 'dual': True, 'fit_intercept': True, 'max_iter': 500, 'n_jobs': -1, 'penalty': 'l2', 'solver': 'lbfgs'}",,,,,,,,109,,,,,,,,109,,,,,,,,109,,,,,,,,109,,,,,,,,109,,,,,,,,109,,,,,,,,109,,,,,,,,109,,,,,,,,109
483,0.009360361099243163,0.00823224175947499,0.0,0.0,9,True,True,500,-1,l1,sag,"{'C': 9, 'dual': True, 'fit_intercept': True, 'max_iter': 500, 'n_jobs': -1, 'penalty': 'l1', 'solver': 'sag'}",,,,,,,,109,,,,,,,,109,,,,,,,,109,,,,,,,,109,,,,,,,,109,,,,,,,,109,,,,,,,,109,,,,,,,,109,,,,,,,,109
482,0.0028847694396972657,0.002098595191589781,0.0,0.0,9,True,True,500,-1,l1,newton-cholesky,"{'C': 9, 'dual': True, 'fit_intercept': True, 'max_iter': 500, 'n_jobs': -1, 'penalty': 'l1', 'solver': 'newton-cholesky'}",,,,,,,,109,,,,,,,,109,,,,,,,,109,,,,,,,,109,,,,,,,,109,,,,,,,,109,,,,,,,,109,,,,,,,,109,,,,,,,,109
481,0.0017393112182617187,0.0008830682550170897,0.0,0.0,9,True,True,500,-1,l1,newton-cg,"{'C': 9, 'dual': True, 'fit_intercept': True, 'max_iter': 500, 'n_jobs': -1, 'penalty': 'l1', 'solver': 'newton-cg'}",,,,,,,,109,,,,,,,,109,,,,,,,,109,,,,,,,,109,,,,,,,,109,,,,,,,,109,,,,,,,,109,,,,,,,,109,,,,,,,,109
480,0.002929210662841797,0.0001979033337364998,0.0,0.0,9,True,True,500,-1,l1,lbfgs,"{'C': 9, 'dual': True, 'fit_intercept': True, 'max_iter': 500, 'n_jobs': -1, 'penalty': 'l1', 'solver': 'lbfgs'}",,,,,,,,109,,,,,,,,109,,,,,,,,109,,,,,,,,109,,,,,,,,109,,,,,,,,109,,,,,,,,109,,,,,,,,109,,,,,,,,109
479,0.005363321304321289,0.002576182685742932,0.0,0.0,8,False,False,500,-1,elasticnet,saga,"{'C': 8, 'dual': False, 'fit_intercept': False, 'max_iter': 500, 'n_jobs': -1, 'penalty': 'elasticnet', 'solver': 'saga'}",,,,,,,,109,,,,,,,,109,,,,,,,,109,,,,,,,,109,,,,,,,,109,,,,,,,,109,,,,,,,,109,,,,,,,,109,,,,,,,,109
478,0.008202409744262696,0.009038337842436489,0.0,0.0,8,False,False,500,-1,elasticnet,sag,"{'C': 8, 'dual': False, 'fit_intercept': False, 'max_iter': 500, 'n_jobs': -1, 'penalty': 'elasticnet', 'solver': 'sag'}",,,,,,,,109,,,,,,,,109,,,,,,,,109,,,,,,,,109,,,,,,,,109,,,,,,,,109,,,,,,,,109,,,,,,,,109,,,,,,,,109
477,0.0076869487762451175,0.008288931689404743,0.0,0.0,8,False,False,500,-1,elasticnet,newton-cholesky,"{'C': 8, 'dual': False, 'fit_intercept': False, 'max_iter': 500, 'n_jobs': -1, 'penalty': 'elasticnet', 'solver': 'newton-cholesky'}",,,,,,,,109,,,,,,,,109,,,,,,,,109,,,,,,,,109,,,,,,,,109,,,,,,,,109,,,,,,,,109,,,,,,,,109,,,,,,,,109
476,0.003909111022949219,0.0016155972655703195,0.0,0.0,8,False,False,500,-1,elasticnet,newton-cg,"{'C': 8, 'dual': False, 'fit_intercept': False, 'max_iter': 500, 'n_jobs': -1, 'penalty': 'elasticnet', 'solver': 'newton-cg'}",,,,,,,,109,,,,,,,,109,,,,,,,,109,,,,,,,,109,,,,,,,,109,,,,,,,,109,,,,,,,,109,,,,,,,,109,,,,,,,,109
475,0.004824447631835938,0.0033942071368460508,0.0,0.0,8,False,False,500,-1,elasticnet,lbfgs,"{'C': 8, 'dual': False, 'fit_intercept': False, 'max_iter': 500, 'n_jobs': -1, 'penalty': 'elasticnet', 'solver': 'lbfgs'}",,,,,,,,109,,,,,,,,109,,,,,,,,109,,,,,,,,109,,,,,,,,109,,,,,,,,109,,,,,,,,109,,,,,,,,109,,,,,,,,109
468,0.003102397918701172,0.0029114778270842422,0.0,0.0,8,False,False,500,-1,l1,sag,"{'C': 8, 'dual': False, 'fit_intercept': False, 'max_iter': 500, 'n_jobs': -1, 'penalty': 'l1', 'solver': 'sag'}",,,,,,,,109,,,,,,,,109,,,,,,,,109,,,,,,,,109,,,,,,,,109,,,,,,,,109,,,,,,,,109,,,,,,,,109,,,,,,,,109
467,0.0025187969207763673,0.0020884831279486885,0.0,0.0,8,False,False,500,-1,l1,newton-cholesky,"{'C': 8, 'dual': False, 'fit_intercept': False, 'max_iter': 500, 'n_jobs': -1, 'penalty': 'l1', 'solver': 'newton-cholesky'}",,,,,,,,109,,,,,,,,109,,,,,,,,109,,,,,,,,109,,,,,,,,109,,,,,,,,109,,,,,,,,109,,,,,,,,109,,,,,,,,109
484,0.003440713882446289,0.0015104484475612899,0.0,0.0,9,True,True,500,-1,l1,saga,"{'C': 9, 'dual': True, 'fit_intercept': True, 'max_iter': 500, 'n_jobs': -1, 'penalty': 'l1', 'solver': 'saga'}",,,,,,,,109,,,,,,,,109,,,,,,,,109,,,,,,,,109,,,,,,,,109,,,,,,,,109,,,,,,,,109,,,,,,,,109,,,,,,,,109
498,0.0020225048065185547,0.0010224617943768966,0.0,0.0,9,True,False,500,-1,l1,sag,"{'C': 9, 'dual': True, 'fit_intercept': False, 'max_iter': 500, 'n_jobs': -1, 'penalty': 'l1', 'solver': 'sag'}",,,,,,,,109,,,,,,,,109,,,,,,,,109,,,,,,,,109,,,,,,,,109,,,,,,,,109,,,,,,,,109,,,,,,,,109,,,,,,,,109
499,0.005718898773193359,0.0032668052125381913,0.0,0.0,9,True,False,500,-1,l1,saga,"{'C': 9, 'dual': True, 'fit_intercept': False, 'max_iter': 500, 'n_jobs': -1, 'penalty': 'l1', 'solver': 'saga'}",,,,,,,,109,,,,,,,,109,,,,,,,,109,,,,,,,,109,,,,,,,,109,,,,,,,,109,,,,,,,,109,,,,,,,,109,,,,,,,,109
500,0.006658315658569336,0.005365495997310394,0.0,0.0,9,True,False,500,-1,l2,lbfgs,"{'C': 9, 'dual': True, 'fit_intercept': False, 'max_iter': 500, 'n_jobs': -1, 'penalty': 'l2', 'solver': 'lbfgs'}",,,,,,,,109,,,,,,,,109,,,,,,,,109,,,,,,,,109,,,,,,,,109,,,,,,,,109,,,,,,,,109,,,,,,,,109,,,,,,,,109
537,0.0032347679138183595,0.0004039014971003992,0.0,0.0,9,False,False,500,-1,elasticnet,newton-cholesky,"{'C': 9, 'dual': False, 'fit_intercept': False, 'max_iter': 500, 'n_jobs': -1, 'penalty': 'elasticnet', 'solver': 'newton-cholesky'}",,,,,,,,109,,,,,,,,109,,,,,,,,109,,,,,,,,109,,,,,,,,109,,,,,,,,109,,,,,,,,109,,,,,,,,109,,,,,,,,109
536,0.0035225868225097655,0.003065700384985954,0.0,0.0,9,False,False,500,-1,elasticnet,newton-cg,"{'C': 9, 'dual': False, 'fit_intercept': False, 'max_iter': 500, 'n_jobs': -1, 'penalty': 'elasticnet', 'solver': 'newton-cg'}",,,,,,,,109,,,,,,,,109,,,,,,,,109,,,,,,,,109,,,,,,,,109,,,,,,,,109,,,,,,,,109,,,,,,,,109,,,,,,,,109
535,0.002092313766479492,0.0008870084443803824,0.0,0.0,9,False,False,500,-1,elasticnet,lbfgs,"{'C': 9, 'dual': False, 'fit_intercept': False, 'max_iter': 500, 'n_jobs': -1, 'penalty': 'elasticnet', 'solver': 'lbfgs'}",,,,,,,,109,,,,,,,,109,,,,,,,,109,,,,,,,,109,,,,,,,,109,,,,,,,,109,,,,,,,,109,,,,,,,,109,,,,,,,,109
528,0.003750038146972656,0.002762974798042464,0.0,0.0,9,False,False,500,-1,l1,sag,"{'C': 9, 'dual': False, 'fit_intercept': False, 'max_iter': 500, 'n_jobs': -1, 'penalty': 'l1', 'solver': 'sag'}",,,,,,,,109,,,,,,,,109,,,,,,,,109,,,,,,,,109,,,,,,,,109,,,,,,,,109,,,,,,,,109,,,,,,,,109,,,,,,,,109
527,0.003856325149536133,0.0007693726335881484,0.0,0.0,9,False,False,500,-1,l1,newton-cholesky,"{'C': 9, 'dual': False, 'fit_intercept': False, 'max_iter': 500, 'n_jobs': -1, 'penalty': 'l1', 'solver': 'newton-cholesky'}",,,,,,,,109,,,,,,,,109,,,,,,,,109,,,,,,,,109,,,,,,,,109,,,,,,,,109,,,,,,,,109,,,,,,,,109,,,,,,,,109
526,0.0022710323333740234,0.0006785701140193919,0.0,0.0,9,False,False,500,-1,l1,newton-cg,"{'C': 9, 'dual': False, 'fit_intercept': False, 'max_iter': 500, 'n_jobs': -1, 'penalty': 'l1', 'solver': 'newton-cg'}",,,,,,,,109,,,,,,,,109,,,,,,,,109,,,,,,,,109,,,,,,,,109,,,,,,,,109,,,,,,,,109,,,,,,,,109,,,,,,,,109
525,0.0027122020721435545,0.0006991293237502622,0.0,0.0,9,False,False,500,-1,l1,lbfgs,"{'C': 9, 'dual': False, 'fit_intercept': False, 'max_iter': 500, 'n_jobs': -1, 'penalty': 'l1', 'solver': 'lbfgs'}",,,,,,,,109,,,,,,,,109,,,,,,,,109,,,,,,,,109,,,,,,,,109,,,,,,,,109,,,,,,,,109,,,,,,,,109,,,,,,,,109
524,0.014174461364746094,0.009161058632086765,0.0,0.0,9,False,True,500,-1,elasticnet,saga,"{'C': 9, 'dual': False, 'fit_intercept': True, 'max_iter': 500, 'n_jobs': -1, 'penalty': 'elasticnet', 'solver': 'saga'}",,,,,,,,109,,,,,,,,109,,,,,,,,109,,,,,,,,109,,,,,,,,109,,,,,,,,109,,,,,,,,109,,,,,,,,109,,,,,,,,109
523,0.0048424720764160155,0.0033432855327621487,0.0,0.0,9,False,True,500,-1,elasticnet,sag,"{'C': 9, 'dual': False, 'fit_intercept': True, 'max_iter': 500, 'n_jobs': -1, 'penalty': 'elasticnet', 'solver': 'sag'}",,,,,,,,109,,,,,,,,109,,,,,,,,109,,,,,,,,109,,,,,,,,109,,,,,,,,109,,,,,,,,109,,,,,,,,109,,,,,,,,109
522,0.003432750701904297,0.001990673072864752,0.0,0.0,9,False,True,500,-1,elasticnet,newton-cholesky,"{'C': 9, 'dual': False, 'fit_intercept': True, 'max_iter': 500, 'n_jobs': -1, 'penalty': 'elasticnet', 'solver': 'newton-cholesky'}",,,,,,,,109,,,,,,,,109,,,,,,,,109,,,,,,,,109,,,,,,,,109,,,,,,,,109,,,,,,,,109,,,,,,,,109,,,,,,,,109
521,0.0034926891326904296,0.0018390077587004817,0.0,0.0,9,False,True,500,-1,elasticnet,newton-cg,"{'C': 9, 'dual': False, 'fit_intercept': True, 'max_iter': 500, 'n_jobs': -1, 'penalty': 'elasticnet', 'solver': 'newton-cg'}",,,,,,,,109,,,,,,,,109,,,,,,,,109,,,,,,,,109,,,,,,,,109,,,,,,,,109,,,,,,,,109,,,,,,,,109,,,,,,,,109
520,0.007029581069946289,0.00495893382588142,0.0,0.0,9,False,True,500,-1,elasticnet,lbfgs,"{'C': 9, 'dual': False, 'fit_intercept': True, 'max_iter': 500, 'n_jobs': -1, 'penalty': 'elasticnet', 'solver': 'lbfgs'}",,,,,,,,109,,,,,,,,109,,,,,,,,109,,,,,,,,109,,,,,,,,109,,,,,,,,109,,,,,,,,109,,,,,,,,109,,,,,,,,109
513,0.0028648853302001955,0.0011370018047782756,0.0,0.0,9,False,True,500,-1,l1,sag,"{'C': 9, 'dual': False, 'fit_intercept': True, 'max_iter': 500, 'n_jobs': -1, 'penalty': 'l1', 'solver': 'sag'}",,,,,,,,109,,,,,,,,109,,,,,,,,109,,,,,,,,109,,,,,,,,109,,,,,,,,109,,,,,,,,109,,,,,,,,109,,,,,,,,109
512,0.0030054569244384764,0.001301479320382167,0.0,0.0,9,False,True,500,-1,l1,newton-cholesky,"{'C': 9, 'dual': False, 'fit_intercept': True, 'max_iter': 500, 'n_jobs': -1, 'penalty': 'l1', 'solver': 'newton-cholesky'}",,,,,,,,109,,,,,,,,109,,,,,,,,109,,,,,,,,109,,,,,,,,109,,,,,,,,109,,,,,,,,109,,,,,,,,109,,,,,,,,109
511,0.00384979248046875,0.0013935152240221714,0.0,0.0,9,False,True,500,-1,l1,newton-cg,"{'C': 9, 'dual': False, 'fit_intercept': True, 'max_iter': 500, 'n_jobs': -1, 'penalty': 'l1', 'solver': 'newton-cg'}",,,,,,,,109,,,,,,,,109,,,,,,,,109,,,,,,,,109,,,,,,,,109,,,,,,,,109,,,,,,,,109,,,,,,,,109,,,,,,,,109
510,0.004796934127807617,0.005627972012473827,0.0,0.0,9,False,True,500,-1,l1,lbfgs,"{'C': 9, 'dual': False, 'fit_intercept': True, 'max_iter': 500, 'n_jobs': -1, 'penalty': 'l1', 'solver': 'lbfgs'}",,,,,,,,109,,,,,,,,109,,,,,,,,109,,,,,,,,109,,,,,,,,109,,,,,,,,109,,,,,,,,109,,,,,,,,109,,,,,,,,109
509,0.0029966354370117186,0.002898969986101166,0.0,0.0,9,True,False,500,-1,elasticnet,saga,"{'C': 9, 'dual': True, 'fit_intercept': False, 'max_iter': 500, 'n_jobs': -1, 'penalty': 'elasticnet', 'solver': 'saga'}",,,,,,,,109,,,,,,,,109,,,,,,,,109,,,,,,,,109,,,,,,,,109,,,,,,,,109,,,,,,,,109,,,,,,,,109,,,,,,,,109
508,0.002129364013671875,0.00039206925611406153,0.0,0.0,9,True,False,500,-1,elasticnet,sag,"{'C': 9, 'dual': True, 'fit_intercept': False, 'max_iter': 500, 'n_jobs': -1, 'penalty': 'elasticnet', 'solver': 'sag'}",,,,,,,,109,,,,,,,,109,,,,,,,,109,,,,,,,,109,,,,,,,,109,,,,,,,,109,,,,,,,,109,,,,,,,,109,,,,,,,,109
507,0.003346157073974609,0.0034765348533963205,0.0,0.0,9,True,False,500,-1,elasticnet,newton-cholesky,"{'C': 9, 'dual': True, 'fit_intercept': False, 'max_iter': 500, 'n_jobs': -1, 'penalty': 'elasticnet', 'solver': 'newton-cholesky'}",,,,,,,,109,,,,,,,,109,,,,,,,,109,,,,,,,,109,,,,,,,,109,,,,,,,,109,,,,,,,,109,,,,,,,,109,,,,,,,,109
506,0.0016361236572265624,0.0008859573909154714,0.0,0.0,9,True,False,500,-1,elasticnet,newton-cg,"{'C': 9, 'dual': True, 'fit_intercept': False, 'max_iter': 500, 'n_jobs': -1, 'penalty': 'elasticnet', 'solver': 'newton-cg'}",,,,,,,,109,,,,,,,,109,,,,,,,,109,,,,,,,,109,,,,,,,,109,,,,,,,,109,,,,,,,,109,,,,,,,,109,,,,,,,,109
505,0.003688144683837891,0.0015827985515095829,0.0,0.0,9,True,False,500,-1,elasticnet,lbfgs,"{'C': 9, 'dual': True, 'fit_intercept': False, 'max_iter': 500, 'n_jobs': -1, 'penalty': 'elasticnet', 'solver': 'lbfgs'}",,,,,,,,109,,,,,,,,109,,,,,,,,109,,,,,,,,109,,,,,,,,109,,,,,,,,109,,,,,,,,109,,,,,,,,109,,,,,,,,109
504,0.0033825397491455077,0.0015898947235954044,0.0,0.0,9,True,False,500,-1,l2,saga,"{'C': 9, 'dual': True, 'fit_intercept': False, 'max_iter': 500, 'n_jobs': -1, 'penalty': 'l2', 'solver': 'saga'}",,,,,,,,109,,,,,,,,109,,,,,,,,109,,,,,,,,109,,,,,,,,109,,,,,,,,109,,,,,,,,109,,,,,,,,109,,,,,,,,109
503,0.005572795867919922,0.004743067005535554,0.0,0.0,9,True,False,500,-1,l2,sag,"{'C': 9, 'dual': True, 'fit_intercept': False, 'max_iter': 500, 'n_jobs': -1, 'penalty': 'l2', 'solver': 'sag'}",,,,,,,,109,,,,,,,,109,,,,,,,,109,,,,,,,,109,,,,,,,,109,,,,,,,,109,,,,,,,,109,,,,,,,,109,,,,,,,,109
502,0.005261087417602539,0.005281734107093116,0.0,0.0,9,True,False,500,-1,l2,newton-cholesky,"{'C': 9, 'dual': True, 'fit_intercept': False, 'max_iter': 500, 'n_jobs': -1, 'penalty': 'l2', 'solver': 'newton-cholesky'}",,,,,,,,109,,,,,,,,109,,,,,,,,109,,,,,,,,109,,,,,,,,109,,,,,,,,109,,,,,,,,109,,,,,,,,109,,,,,,,,109
501,0.005584049224853516,0.0069472867672800385,0.0,0.0,9,True,False,500,-1,l2,newton-cg,"{'C': 9, 'dual': True, 'fit_intercept': False, 'max_iter': 500, 'n_jobs': -1, 'penalty': 'l2', 'solver': 'newton-cg'}",,,,,,,,109,,,,,,,,109,,,,,,,,109,,,,,,,,109,,,,,,,,109,,,,,,,,109,,,,,,,,109,,,,,,,,109,,,,,,,,109
466,0.0035010814666748048,0.0006518731703357195,0.0,0.0,8,False,False,500,-1,l1,newton-cg,"{'C': 8, 'dual': False, 'fit_intercept': False, 'max_iter': 500, 'n_jobs': -1, 'penalty': 'l1', 'solver': 'newton-cg'}",,,,,,,,109,,,,,,,,109,,,,,,,,109,,,,,,,,109,,,,,,,,109,,,,,,,,109,,,,,,,,109,,,,,,,,109,,,,,,,,109
465,0.003839874267578125,0.0022253841900704476,0.0,0.0,8,False,False,500,-1,l1,lbfgs,"{'C': 8, 'dual': False, 'fit_intercept': False, 'max_iter': 500, 'n_jobs': -1, 'penalty': 'l1', 'solver': 'lbfgs'}",,,,,,,,109,,,,,,,,109,,,,,,,,109,,,,,,,,109,,,,,,,,109,,,,,,,,109,,,,,,,,109,,,,,,,,109,,,,,,,,109
464,0.004175901412963867,0.004682520508964593,0.0,0.0,8,False,True,500,-1,elasticnet,saga,"{'C': 8, 'dual': False, 'fit_intercept': True, 'max_iter': 500, 'n_jobs': -1, 'penalty': 'elasticnet', 'solver': 'saga'}",,,,,,,,109,,,,,,,,109,,,,,,,,109,,,,,,,,109,,,,,,,,109,,,,,,,,109,,,,,,,,109,,,,,,,,109,,,,,,,,109
463,0.005350065231323242,0.0037385023217083703,0.0,0.0,8,False,True,500,-1,elasticnet,sag,"{'C': 8, 'dual': False, 'fit_intercept': True, 'max_iter': 500, 'n_jobs': -1, 'penalty': 'elasticnet', 'solver': 'sag'}",,,,,,,,109,,,,,,,,109,,,,,,,,109,,,,,,,,109,,,,,,,,109,,,,,,,,109,,,,,,,,109,,,,,,,,109,,,,,,,,109
427,0.003479194641113281,0.002845833685009039,0.0,0.0,8,True,True,500,-1,l2,newton-cholesky,"{'C': 8, 'dual': True, 'fit_intercept': True, 'max_iter': 500, 'n_jobs': -1, 'penalty': 'l2', 'solver': 'newton-cholesky'}",,,,,,,,109,,,,,,,,109,,,,,,,,109,,,,,,,,109,,,,,,,,109,,,,,,,,109,,,,,,,,109,,,,,,,,109,,,,,,,,109
426,0.005120849609375,0.005588788483117188,0.0,0.0,8,True,True,500,-1,l2,newton-cg,"{'C': 8, 'dual': True, 'fit_intercept': True, 'max_iter': 500, 'n_jobs': -1, 'penalty': 'l2', 'solver': 'newton-cg'}",,,,,,,,109,,,,,,,,109,,,,,,,,109,,,,,,,,109,,,,,,,,109,,,,,,,,109,,,,,,,,109,,,,,,,,109,,,,,,,,109
425,0.00483856201171875,0.0023618809945347694,0.0,0.0,8,True,True,500,-1,l2,lbfgs,"{'C': 8, 'dual': True, 'fit_intercept': True, 'max_iter': 500, 'n_jobs': -1, 'penalty': 'l2', 'solver': 'lbfgs'}",,,,,,,,109,,,,,,,,109,,,,,,,,109,,,,,,,,109,,,,,,,,109,,,,,,,,109,,,,,,,,109,,,,,,,,109,,,,,,,,109
424,0.0023269176483154295,0.0013817875781075614,0.0,0.0,8,True,True,500,-1,l1,saga,"{'C': 8, 'dual': True, 'fit_intercept': True, 'max_iter': 500, 'n_jobs': -1, 'penalty': 'l1', 'solver': 'saga'}",,,,,,,,109,,,,,,,,109,,,,,,,,109,,,,,,,,109,,,,,,,,109,,,,,,,,109,,,,,,,,109,,,,,,,,109,,,,,,,,109
423,0.003411865234375,0.0022321888485584175,0.0,0.0,8,True,True,500,-1,l1,sag,"{'C': 8, 'dual': True, 'fit_intercept': True, 'max_iter': 500, 'n_jobs': -1, 'penalty': 'l1', 'solver': 'sag'}",,,,,,,,109,,,,,,,,109,,,,,,,,109,,,,,,,,109,,,,,,,,109,,,,,,,,109,,,,,,,,109,,,,,,,,109,,,,,,,,109
422,0.0025513172149658203,0.0017373098201278693,0.0,0.0,8,True,True,500,-1,l1,newton-cholesky,"{'C': 8, 'dual': True, 'fit_intercept': True, 'max_iter': 500, 'n_jobs': -1, 'penalty': 'l1', 'solver': 'newton-cholesky'}",,,,,,,,109,,,,,,,,109,,,,,,,,109,,,,,,,,109,,,,,,,,109,,,,,,,,109,,,,,,,,109,,,,,,,,109,,,,,,,,109
421,0.0029950618743896486,0.0007766125074894128,0.0,0.0,8,True,True,500,-1,l1,newton-cg,"{'C': 8, 'dual': True, 'fit_intercept': True, 'max_iter': 500, 'n_jobs': -1, 'penalty': 'l1', 'solver': 'newton-cg'}",,,,,,,,109,,,,,,,,109,,,,,,,,109,,,,,,,,109,,,,,,,,109,,,,,,,,109,,,,,,,,109,,,,,,,,109,,,,,,,,109
420,0.002084207534790039,0.0003331442999555057,0.0,0.0,8,True,True,500,-1,l1,lbfgs,"{'C': 8, 'dual': True, 'fit_intercept': True, 'max_iter': 500, 'n_jobs': -1, 'penalty': 'l1', 'solver': 'lbfgs'}",,,,,,,,109,,,,,,,,109,,,,,,,,109,,,,,,,,109,,,,,,,,109,,,,,,,,109,,,,,,,,109,,,,,,,,109,,,,,,,,109
419,0.003120708465576172,0.0011419261917507341,0.0,0.0,7,False,False,500,-1,elasticnet,saga,"{'C': 7, 'dual': False, 'fit_intercept': False, 'max_iter': 500, 'n_jobs': -1, 'penalty': 'elasticnet', 'solver': 'saga'}",,,,,,,,109,,,,,,,,109,,,,,,,,109,,,,,,,,109,,,,,,,,109,,,,,,,,109,,,,,,,,109,,,,,,,,109,,,,,,,,109
418,0.004447412490844726,0.004322653812825828,0.0,0.0,7,False,False,500,-1,elasticnet,sag,"{'C': 7, 'dual': False, 'fit_intercept': False, 'max_iter': 500, 'n_jobs': -1, 'penalty': 'elasticnet', 'solver': 'sag'}",,,,,,,,109,,,,,,,,109,,,,,,,,109,,,,,,,,109,,,,,,,,109,,,,,,,,109,,,,,,,,109,,,,,,,,109,,,,,,,,109
417,0.0037565708160400392,0.002272149625286837,0.0,0.0,7,False,False,500,-1,elasticnet,newton-cholesky,"{'C': 7, 'dual': False, 'fit_intercept': False, 'max_iter': 500, 'n_jobs': -1, 'penalty': 'elasticnet', 'solver': 'newton-cholesky'}",,,,,,,,109,,,,,,,,109,,,,,,,,109,,,,,,,,109,,,,,,,,109,,,,,,,,109,,,,,,,,109,,,,,,,,109,,,,,,,,109
416,0.0038433074951171875,0.0018767899791266138,0.0,0.0,7,False,False,500,-1,elasticnet,newton-cg,"{'C': 7, 'dual': False, 'fit_intercept': False, 'max_iter': 500, 'n_jobs': -1, 'penalty': 'elasticnet', 'solver': 'newton-cg'}",,,,,,,,109,,,,,,,,109,,,,,,,,109,,,,,,,,109,,,,,,,,109,,,,,,,,109,,,,,,,,109,,,,,,,,109,,,,,,,,109
415,0.0010360240936279296,0.0014386572309254247,0.0,0.0,7,False,False,500,-1,elasticnet,lbfgs,"{'C': 7, 'dual': False, 'fit_intercept': False, 'max_iter': 500, 'n_jobs': -1, 'penalty': 'elasticnet', 'solver': 'lbfgs'}",,,,,,,,109,,,,,,,,109,,,,,,,,109,,,,,,,,109,,,,,,,,109,,,,,,,,109,,,,,,,,109,,,,,,,,109,,,,,,,,109
301,0.0023689746856689455,0.0004383884926713038,0.0,0.0,6,True,True,500,-1,l1,newton-cg,"{'C': 6, 'dual': True, 'fit_intercept': True, 'max_iter': 500, 'n_jobs': -1, 'penalty': 'l1', 'solver': 'newton-cg'}",,,,,,,,109,,,,,,,,109,,,,,,,,109,,,,,,,,109,,,,,,,,109,,,,,,,,109,,,,,,,,109,,,,,,,,109,,,,,,,,109
408,0.0035573482513427735,0.0009630266877090906,0.0,0.0,7,False,False,500,-1,l1,sag,"{'C': 7, 'dual': False, 'fit_intercept': False, 'max_iter': 500, 'n_jobs': -1, 'penalty': 'l1', 'solver': 'sag'}",,,,,,,,109,,,,,,,,109,,,,,,,,109,,,,,,,,109,,,,,,,,109,,,,,,,,109,,,,,,,,109,,,,,,,,109,,,,,,,,109
407,0.0018718242645263672,0.0016895060264163469,0.0,0.0,7,False,False,500,-1,l1,newton-cholesky,"{'C': 7, 'dual': False, 'fit_intercept': False, 'max_iter': 500, 'n_jobs': -1, 'penalty': 'l1', 'solver': 'newton-cholesky'}",,,,,,,,109,,,,,,,,109,,,,,,,,109,,,,,,,,109,,,,,,,,109,,,,,,,,109,,,,,,,,109,,,,,,,,109,,,,,,,,109
406,0.002879762649536133,0.001062182727920997,0.0,0.0,7,False,False,500,-1,l1,newton-cg,"{'C': 7, 'dual': False, 'fit_intercept': False, 'max_iter': 500, 'n_jobs': -1, 'penalty': 'l1', 'solver': 'newton-cg'}",,,,,,,,109,,,,,,,,109,,,,,,,,109,,,,,,,,109,,,,,,,,109,,,,,,,,109,,,,,,,,109,,,,,,,,109,,,,,,,,109
405,0.004714536666870117,0.0017046419843010179,0.0,0.0,7,False,False,500,-1,l1,lbfgs,"{'C': 7, 'dual': False, 'fit_intercept': False, 'max_iter': 500, 'n_jobs': -1, 'penalty': 'l1', 'solver': 'lbfgs'}",,,,,,,,109,,,,,,,,109,,,,,,,,109,,,,,,,,109,,,,,,,,109,,,,,,,,109,,,,,,,,109,,,,,,,,109,,,,,,,,109
404,0.0029450416564941405,0.0008594127868418939,0.0,0.0,7,False,True,500,-1,elasticnet,saga,"{'C': 7, 'dual': False, 'fit_intercept': True, 'max_iter': 500, 'n_jobs': -1, 'penalty': 'elasticnet', 'solver': 'saga'}",,,,,,,,109,,,,,,,,109,,,,,,,,109,,,,,,,,109,,,,,,,,109,,,,,,,,109,,,,,,,,109,,,,,,,,109,,,,,,,,109
403,0.002532815933227539,0.0007243727673423993,0.0,0.0,7,False,True,500,-1,elasticnet,sag,"{'C': 7, 'dual': False, 'fit_intercept': True, 'max_iter': 500, 'n_jobs': -1, 'penalty': 'elasticnet', 'solver': 'sag'}",,,,,,,,109,,,,,,,,109,,,,,,,,109,,,,,,,,109,,,,,,,,109,,,,,,,,109,,,,,,,,109,,,,,,,,109,,,,,,,,109
402,0.003846406936645508,0.0027873236753737846,0.0,0.0,7,False,True,500,-1,elasticnet,newton-cholesky,"{'C': 7, 'dual': False, 'fit_intercept': True, 'max_iter': 500, 'n_jobs': -1, 'penalty': 'elasticnet', 'solver': 'newton-cholesky'}",,,,,,,,109,,,,,,,,109,,,,,,,,109,,,,,,,,109,,,,,,,,109,,,,,,,,109,,,,,,,,109,,,,,,,,109,,,,,,,,109
401,0.005535793304443359,0.004456317306385389,0.0,0.0,7,False,True,500,-1,elasticnet,newton-cg,"{'C': 7, 'dual': False, 'fit_intercept': True, 'max_iter': 500, 'n_jobs': -1, 'penalty': 'elasticnet', 'solver': 'newton-cg'}",,,,,,,,109,,,,,,,,109,,,,,,,,109,,,,,,,,109,,,,,,,,109,,,,,,,,109,,,,,,,,109,,,,,,,,109,,,,,,,,109
400,0.0029309272766113283,0.0019791169672593125,0.0,0.0,7,False,True,500,-1,elasticnet,lbfgs,"{'C': 7, 'dual': False, 'fit_intercept': True, 'max_iter': 500, 'n_jobs': -1, 'penalty': 'elasticnet', 'solver': 'lbfgs'}",,,,,,,,109,,,,,,,,109,,,,,,,,109,,,,,,,,109,,,,,,,,109,,,,,,,,109,,,,,,,,109,,,,,,,,109,,,,,,,,109
393,0.00512547492980957,0.003372880538572161,0.0,0.0,7,False,True,500,-1,l1,sag,"{'C': 7, 'dual': False, 'fit_intercept': True, 'max_iter': 500, 'n_jobs': -1, 'penalty': 'l1', 'solver': 'sag'}",,,,,,,,109,,,,,,,,109,,,,,,,,109,,,,,,,,109,,,,,,,,109,,,,,,,,109,,,,,,,,109,,,,,,,,109,,,,,,,,109
392,0.0031133651733398437,0.0030842114415068796,0.0,0.0,7,False,True,500,-1,l1,newton-cholesky,"{'C': 7, 'dual': False, 'fit_intercept': True, 'max_iter': 500, 'n_jobs': -1, 'penalty': 'l1', 'solver': 'newton-cholesky'}",,,,,,,,109,,,,,,,,109,,,,,,,,109,,,,,,,,109,,,,,,,,109,,,,,,,,109,,,,,,,,109,,,,,,,,109,,,,,,,,109
428,0.0033931732177734375,0.0013241517786116907,0.0,0.0,8,True,True,500,-1,l2,sag,"{'C': 8, 'dual': True, 'fit_intercept': True, 'max_iter': 500, 'n_jobs': -1, 'penalty': 'l2', 'solver': 'sag'}",,,,,,,,109,,,,,,,,109,,,,,,,,109,,,,,,,,109,,,,,,,,109,,,,,,,,109,,,,,,,,109,,,,,,,,109,,,,,,,,109
390,0.0026103973388671873,0.0013770472578206465,0.0,0.0,7,False,True,500,-1,l1,lbfgs,"{'C': 7, 'dual': False, 'fit_intercept': True, 'max_iter': 500, 'n_jobs': -1, 'penalty': 'l1', 'solver': 'lbfgs'}",,,,,,,,109,,,,,,,,109,,,,,,,,109,,,,,,,,109,,,,,,,,109,,,,,,,,109,,,,,,,,109,,,,,,,,109,,,,,,,,109
429,0.0017181873321533204,0.0015506931232837546,0.0,0.0,8,True,True,500,-1,l2,saga,"{'C': 8, 'dual': True, 'fit_intercept': True, 'max_iter': 500, 'n_jobs': -1, 'penalty': 'l2', 'solver': 'saga'}",,,,,,,,109,,,,,,,,109,,,,,,,,109,,,,,,,,109,,,,,,,,109,,,,,,,,109,,,,,,,,109,,,,,,,,109,,,,,,,,109
431,0.0032566070556640627,0.00174539936727138,0.0,0.0,8,True,True,500,-1,elasticnet,newton-cg,"{'C': 8, 'dual': True, 'fit_intercept': True, 'max_iter': 500, 'n_jobs': -1, 'penalty': 'elasticnet', 'solver': 'newton-cg'}",,,,,,,,109,,,,,,,,109,,,,,,,,109,,,,,,,,109,,,,,,,,109,,,,,,,,109,,,,,,,,109,,,,,,,,109,,,,,,,,109
462,0.0029450416564941405,0.0007550069563236998,0.0,0.0,8,False,True,500,-1,elasticnet,newton-cholesky,"{'C': 8, 'dual': False, 'fit_intercept': True, 'max_iter': 500, 'n_jobs': -1, 'penalty': 'elasticnet', 'solver': 'newton-cholesky'}",,,,,,,,109,,,,,,,,109,,,,,,,,109,,,,,,,,109,,,,,,,,109,,,,,,,,109,,,,,,,,109,,,,,,,,109,,,,,,,,109
461,0.0024672508239746093,0.0017301818668352606,0.0,0.0,8,False,True,500,-1,elasticnet,newton-cg,"{'C': 8, 'dual': False, 'fit_intercept': True, 'max_iter': 500, 'n_jobs': -1, 'penalty': 'elasticnet', 'solver': 'newton-cg'}",,,,,,,,109,,,,,,,,109,,,,,,,,109,,,,,,,,109,,,,,,,,109,,,,,,,,109,,,,,,,,109,,,,,,,,109,,,,,,,,109
460,0.0022498607635498048,0.001254193529432215,0.0,0.0,8,False,True,500,-1,elasticnet,lbfgs,"{'C': 8, 'dual': False, 'fit_intercept': True, 'max_iter': 500, 'n_jobs': -1, 'penalty': 'elasticnet', 'solver': 'lbfgs'}",,,,,,,,109,,,,,,,,109,,,,,,,,109,,,,,,,,109,,,,,,,,109,,,,,,,,109,,,,,,,,109,,,,,,,,109,,,,,,,,109
453,0.00619354248046875,0.0027172027704571457,0.0,0.0,8,False,True,500,-1,l1,sag,"{'C': 8, 'dual': False, 'fit_intercept': True, 'max_iter': 500, 'n_jobs': -1, 'penalty': 'l1', 'solver': 'sag'}",,,,,,,,109,,,,,,,,109,,,,,,,,109,,,,,,,,109,,,,,,,,109,,,,,,,,109,,,,,,,,109,,,,,,,,109,,,,,,,,109
452,0.003963994979858399,0.0024789477049134605,0.0,0.0,8,False,True,500,-1,l1,newton-cholesky,"{'C': 8, 'dual': False, 'fit_intercept': True, 'max_iter': 500, 'n_jobs': -1, 'penalty': 'l1', 'solver': 'newton-cholesky'}",,,,,,,,109,,,,,,,,109,,,,,,,,109,,,,,,,,109,,,,,,,,109,,,,,,,,109,,,,,,,,109,,,,,,,,109,,,,,,,,109
451,0.004295063018798828,0.0014305631580553081,0.0,0.0,8,False,True,500,-1,l1,newton-cg,"{'C': 8, 'dual': False, 'fit_intercept': True, 'max_iter': 500, 'n_jobs': -1, 'penalty': 'l1', 'solver': 'newton-cg'}",,,,,,,,109,,,,,,,,109,,,,,,,,109,,,,,,,,109,,,,,,,,109,,,,,,,,109,,,,,,,,109,,,,,,,,109,,,,,,,,109
450,0.0015814781188964843,0.0012919288143003757,0.0,0.0,8,False,True,500,-1,l1,lbfgs,"{'C': 8, 'dual': False, 'fit_intercept': True, 'max_iter': 500, 'n_jobs': -1, 'penalty': 'l1', 'solver': 'lbfgs'}",,,,,,,,109,,,,,,,,109,,,,,,,,109,,,,,,,,109,,,,,,,,109,,,,,,,,109,,,,,,,,109,,,,,,,,109,,,,,,,,109
449,0.0023983478546142577,0.00043605428741114036,0.0,0.0,8,True,False,500,-1,elasticnet,saga,"{'C': 8, 'dual': True, 'fit_intercept': False, 'max_iter': 500, 'n_jobs': -1, 'penalty': 'elasticnet', 'solver': 'saga'}",,,,,,,,109,,,,,,,,109,,,,,,,,109,,,,,,,,109,,,,,,,,109,,,,,,,,109,,,,,,,,109,,,,,,,,109,,,,,,,,109
448,0.0011957645416259765,0.0010172086875098257,0.0,0.0,8,True,False,500,-1,elasticnet,sag,"{'C': 8, 'dual': True, 'fit_intercept': False, 'max_iter': 500, 'n_jobs': -1, 'penalty': 'elasticnet', 'solver': 'sag'}",,,,,,,,109,,,,,,,,109,,,,,,,,109,,,,,,,,109,,,,,,,,109,,,,,,,,109,,,,,,,,109,,,,,,,,109,,,,,,,,109
447,0.0028554439544677735,0.0015515302335303897,0.0,0.0,8,True,False,500,-1,elasticnet,newton-cholesky,"{'C': 8, 'dual': True, 'fit_intercept': False, 'max_iter': 500, 'n_jobs': -1, 'penalty': 'elasticnet', 'solver': 'newton-cholesky'}",,,,,,,,109,,,,,,,,109,,,,,,,,109,,,,,,,,109,,,,,,,,109,,,,,,,,109,,,,,,,,109,,,,,,,,109,,,,,,,,109
446,0.00244598388671875,0.002297328795016863,0.0,0.0,8,True,False,500,-1,elasticnet,newton-cg,"{'C': 8, 'dual': True, 'fit_intercept': False, 'max_iter': 500, 'n_jobs': -1, 'penalty': 'elasticnet', 'solver': 'newton-cg'}",,,,,,,,109,,,,,,,,109,,,,,,,,109,,,,,,,,109,,,,,,,,109,,,,,,,,109,,,,,,,,109,,,,,,,,109,,,,,,,,109
445,0.0037668228149414064,0.0019131599433493158,0.0,0.0,8,True,False,500,-1,elasticnet,lbfgs,"{'C': 8, 'dual': True, 'fit_intercept': False, 'max_iter': 500, 'n_jobs': -1, 'penalty': 'elasticnet', 'solver': 'lbfgs'}",,,,,,,,109,,,,,,,,109,,,,,,,,109,,,,,,,,109,,,,,,,,109,,,,,,,,109,,,,,,,,109,,,,,,,,109,,,,,,,,109
444,0.003441905975341797,0.001945890928756436,0.0,0.0,8,True,False,500,-1,l2,saga,"{'C': 8, 'dual': True, 'fit_intercept': False, 'max_iter': 500, 'n_jobs': -1, 'penalty': 'l2', 'solver': 'saga'}",,,,,,,,109,,,,,,,,109,,,,,,,,109,,,,,,,,109,,,,,,,,109,,,,,,,,109,,,,,,,,109,,,,,,,,109,,,,,,,,109
443,0.003321981430053711,0.002142612891758806,0.0,0.0,8,True,False,500,-1,l2,sag,"{'C': 8, 'dual': True, 'fit_intercept': False, 'max_iter': 500, 'n_jobs': -1, 'penalty': 'l2', 'solver': 'sag'}",,,,,,,,109,,,,,,,,109,,,,,,,,109,,,,,,,,109,,,,,,,,109,,,,,,,,109,,,,,,,,109,,,,,,,,109,,,,,,,,109
442,0.0033719539642333984,0.003230754146846124,0.0,0.0,8,True,False,500,-1,l2,newton-cholesky,"{'C': 8, 'dual': True, 'fit_intercept': False, 'max_iter': 500, 'n_jobs': -1, 'penalty': 'l2', 'solver': 'newton-cholesky'}",,,,,,,,109,,,,,,,,109,,,,,,,,109,,,,,,,,109,,,,,,,,109,,,,,,,,109,,,,,,,,109,,,,,,,,109,,,,,,,,109
441,0.005934381484985351,0.004893499548683682,0.0,0.0,8,True,False,500,-1,l2,newton-cg,"{'C': 8, 'dual': True, 'fit_intercept': False, 'max_iter': 500, 'n_jobs': -1, 'penalty': 'l2', 'solver': 'newton-cg'}",,,,,,,,109,,,,,,,,109,,,,,,,,109,,,,,,,,109,,,,,,,,109,,,,,,,,109,,,,,,,,109,,,,,,,,109,,,,,,,,109
440,0.0034499168395996094,0.00160180331691539,0.0,0.0,8,True,False,500,-1,l2,lbfgs,"{'C': 8, 'dual': True, 'fit_intercept': False, 'max_iter': 500, 'n_jobs': -1, 'penalty': 'l2', 'solver': 'lbfgs'}",,,,,,,,109,,,,,,,,109,,,,,,,,109,,,,,,,,109,,,,,,,,109,,,,,,,,109,,,,,,,,109,,,,,,,,109,,,,,,,,109
439,0.0029433250427246095,0.0013835339666698843,0.0,0.0,8,True,False,500,-1,l1,saga,"{'C': 8, 'dual': True, 'fit_intercept': False, 'max_iter': 500, 'n_jobs': -1, 'penalty': 'l1', 'solver': 'saga'}",,,,,,,,109,,,,,,,,109,,,,,,,,109,,,,,,,,109,,,,,,,,109,,,,,,,,109,,,,,,,,109,,,,,,,,109,,,,,,,,109
438,0.0015468597412109375,0.00099022792327583,0.0,0.0,8,True,False,500,-1,l1,sag,"{'C': 8, 'dual': True, 'fit_intercept': False, 'max_iter': 500, 'n_jobs': -1, 'penalty': 'l1', 'solver': 'sag'}",,,,,,,,109,,,,,,,,109,,,,,,,,109,,,,,,,,109,,,,,,,,109,,,,,,,,109,,,,,,,,109,,,,,,,,109,,,,,,,,109
437,0.002419900894165039,0.001245516350461293,0.0,0.0,8,True,False,500,-1,l1,newton-cholesky,"{'C': 8, 'dual': True, 'fit_intercept': False, 'max_iter': 500, 'n_jobs': -1, 'penalty': 'l1', 'solver': 'newton-cholesky'}",,,,,,,,109,,,,,,,,109,,,,,,,,109,,,,,,,,109,,,,,,,,109,,,,,,,,109,,,,,,,,109,,,,,,,,109,,,,,,,,109
436,0.0028151988983154295,0.0004252636152466417,0.0,0.0,8,True,False,500,-1,l1,newton-cg,"{'C': 8, 'dual': True, 'fit_intercept': False, 'max_iter': 500, 'n_jobs': -1, 'penalty': 'l1', 'solver': 'newton-cg'}",,,,,,,,109,,,,,,,,109,,,,,,,,109,,,,,,,,109,,,,,,,,109,,,,,,,,109,,,,,,,,109,,,,,,,,109,,,,,,,,109
435,0.0033601760864257813,0.0010692383468560722,0.0,0.0,8,True,False,500,-1,l1,lbfgs,"{'C': 8, 'dual': True, 'fit_intercept': False, 'max_iter': 500, 'n_jobs': -1, 'penalty': 'l1', 'solver': 'lbfgs'}",,,,,,,,109,,,,,,,,109,,,,,,,,109,,,,,,,,109,,,,,,,,109,,,,,,,,109,,,,,,,,109,,,,,,,,109,,,,,,,,109
434,0.003983163833618164,0.0007087583689639608,0.0,0.0,8,True,True,500,-1,elasticnet,saga,"{'C': 8, 'dual': True, 'fit_intercept': True, 'max_iter': 500, 'n_jobs': -1, 'penalty': 'elasticnet', 'solver': 'saga'}",,,,,,,,109,,,,,,,,109,,,,,,,,109,,,,,,,,109,,,,,,,,109,,,,,,,,109,,,,,,,,109,,,,,,,,109,,,,,,,,109
433,0.0030861854553222655,0.0011970007632754803,0.0,0.0,8,True,True,500,-1,elasticnet,sag,"{'C': 8, 'dual': True, 'fit_intercept': True, 'max_iter': 500, 'n_jobs': -1, 'penalty': 'elasticnet', 'solver': 'sag'}",,,,,,,,109,,,,,,,,109,,,,,,,,109,,,,,,,,109,,,,,,,,109,,,,,,,,109,,,,,,,,109,,,,,,,,109,,,,,,,,109
432,0.0006104946136474609,0.000747718244454797,0.0,0.0,8,True,True,500,-1,elasticnet,newton-cholesky,"{'C': 8, 'dual': True, 'fit_intercept': True, 'max_iter': 500, 'n_jobs': -1, 'penalty': 'elasticnet', 'solver': 'newton-cholesky'}",,,,,,,,109,,,,,,,,109,,,,,,,,109,,,,,,,,109,,,,,,,,109,,,,,,,,109,,,,,,,,109,,,,,,,,109,,,,,,,,109
430,0.0015364646911621093,0.0011473470033512036,0.0,0.0,8,True,True,500,-1,elasticnet,lbfgs,"{'C': 8, 'dual': True, 'fit_intercept': True, 'max_iter': 500, 'n_jobs': -1, 'penalty': 'elasticnet', 'solver': 'lbfgs'}",,,,,,,,109,,,,,,,,109,,,,,,,,109,,,,,,,,109,,,,,,,,109,,,,,,,,109,,,,,,,,109,,,,,,,,109,,,,,,,,109
300,0.00963578224182129,0.010725948055879867,0.0,0.0,6,True,True,500,-1,l1,lbfgs,"{'C': 6, 'dual': True, 'fit_intercept': True, 'max_iter': 500, 'n_jobs': -1, 'penalty': 'l1', 'solver': 'lbfgs'}",,,,,,,,109,,,,,,,,109,,,,,,,,109,,,,,,,,109,,,,,,,,109,,,,,,,,109,,,,,,,,109,,,,,,,,109,,,,,,,,109
269,0.005202627182006836,0.004137767582089176,0.0,0.0,5,True,False,500,-1,elasticnet,saga,"{'C': 5, 'dual': True, 'fit_intercept': False, 'max_iter': 500, 'n_jobs': -1, 'penalty': 'elasticnet', 'solver': 'saga'}",,,,,,,,109,,,,,,,,109,,,,,,,,109,,,,,,,,109,,,,,,,,109,,,,,,,,109,,,,,,,,109,,,,,,,,109,,,,,,,,109
298,0.004941701889038086,0.004511902627086099,0.0,0.0,5,False,False,500,-1,elasticnet,sag,"{'C': 5, 'dual': False, 'fit_intercept': False, 'max_iter': 500, 'n_jobs': -1, 'penalty': 'elasticnet', 'solver': 'sag'}",,,,,,,,109,,,,,,,,109,,,,,,,,109,,,,,,,,109,,,,,,,,109,,,,,,,,109,,,,,,,,109,,,,,,,,109,,,,,,,,109
104,0.002659463882446289,0.0029954816595840063,0.0,0.0,2,False,True,500,-1,elasticnet,saga,"{'C': 2, 'dual': False, 'fit_intercept': True, 'max_iter': 500, 'n_jobs': -1, 'penalty': 'elasticnet', 'solver': 'saga'}",,,,,,,,109,,,,,,,,109,,,,,,,,109,,,,,,,,109,,,,,,,,109,,,,,,,,109,,,,,,,,109,,,,,,,,109,,,,,,,,109
103,0.0026140689849853517,0.0007262183174839477,0.0,0.0,2,False,True,500,-1,elasticnet,sag,"{'C': 2, 'dual': False, 'fit_intercept': True, 'max_iter': 500, 'n_jobs': -1, 'penalty': 'elasticnet', 'solver': 'sag'}",,,,,,,,109,,,,,,,,109,,,,,,,,109,,,,,,,,109,,,,,,,,109,,,,,,,,109,,,,,,,,109,,,,,,,,109,,,,,,,,109
102,0.005269384384155274,0.004392890309227813,0.0,0.0,2,False,True,500,-1,elasticnet,newton-cholesky,"{'C': 2, 'dual': False, 'fit_intercept': True, 'max_iter': 500, 'n_jobs': -1, 'penalty': 'elasticnet', 'solver': 'newton-cholesky'}",,,,,,,,109,,,,,,,,109,,,,,,,,109,,,,,,,,109,,,,,,,,109,,,,,,,,109,,,,,,,,109,,,,,,,,109,,,,,,,,109
101,0.003200674057006836,0.002953957131619524,0.0,0.0,2,False,True,500,-1,elasticnet,newton-cg,"{'C': 2, 'dual': False, 'fit_intercept': True, 'max_iter': 500, 'n_jobs': -1, 'penalty': 'elasticnet', 'solver': 'newton-cg'}",,,,,,,,109,,,,,,,,109,,,,,,,,109,,,,,,,,109,,,,,,,,109,,,,,,,,109,,,,,,,,109,,,,,,,,109,,,,,,,,109
100,0.002887582778930664,0.0012763149684419824,0.0,0.0,2,False,True,500,-1,elasticnet,lbfgs,"{'C': 2, 'dual': False, 'fit_intercept': True, 'max_iter': 500, 'n_jobs': -1, 'penalty': 'elasticnet', 'solver': 'lbfgs'}",,,,,,,,109,,,,,,,,109,,,,,,,,109,,,,,,,,109,,,,,,,,109,,,,,,,,109,,,,,,,,109,,,,,,,,109,,,,,,,,109
93,0.0022348880767822264,0.0004072036729137601,0.0,0.0,2,False,True,500,-1,l1,sag,"{'C': 2, 'dual': False, 'fit_intercept': True, 'max_iter': 500, 'n_jobs': -1, 'penalty': 'l1', 'solver': 'sag'}",,,,,,,,109,,,,,,,,109,,,,,,,,109,,,,,,,,109,,,,,,,,109,,,,,,,,109,,,,,,,,109,,,,,,,,109,,,,,,,,109
92,0.0018316268920898437,0.0010192077932970468,0.0,0.0,2,False,True,500,-1,l1,newton-cholesky,"{'C': 2, 'dual': False, 'fit_intercept': True, 'max_iter': 500, 'n_jobs': -1, 'penalty': 'l1', 'solver': 'newton-cholesky'}",,,,,,,,109,,,,,,,,109,,,,,,,,109,,,,,,,,109,,,,,,,,109,,,,,,,,109,,,,,,,,109,,,,,,,,109,,,,,,,,109
91,0.0027246952056884767,0.0019362009559495946,0.0,0.0,2,False,True,500,-1,l1,newton-cg,"{'C': 2, 'dual': False, 'fit_intercept': True, 'max_iter': 500, 'n_jobs': -1, 'penalty': 'l1', 'solver': 'newton-cg'}",,,,,,,,109,,,,,,,,109,,,,,,,,109,,,,,,,,109,,,,,,,,109,,,,,,,,109,,,,,,,,109,,,,,,,,109,,,,,,,,109
90,0.0016448497772216797,0.0008292168430189447,0.0,0.0,2,False,True,500,-1,l1,lbfgs,"{'C': 2, 'dual': False, 'fit_intercept': True, 'max_iter': 500, 'n_jobs': -1, 'penalty': 'l1', 'solver': 'lbfgs'}",,,,,,,,109,,,,,,,,109,,,,,,,,109,,,,,,,,109,,,,,,,,109,,,,,,,,109,,,,,,,,109,,,,,,,,109,,,,,,,,109
89,0.002659130096435547,0.0010655613514506512,0.0,0.0,2,True,False,500,-1,elasticnet,saga,"{'C': 2, 'dual': True, 'fit_intercept': False, 'max_iter': 500, 'n_jobs': -1, 'penalty': 'elasticnet', 'solver': 'saga'}",,,,,,,,109,,,,,,,,109,,,,,,,,109,,,,,,,,109,,,,,,,,109,,,,,,,,109,,,,,,,,109,,,,,,,,109,,,,,,,,109
88,0.0028771877288818358,0.001985255078878608,0.0,0.0,2,True,False,500,-1,elasticnet,sag,"{'C': 2, 'dual': True, 'fit_intercept': False, 'max_iter': 500, 'n_jobs': -1, 'penalty': 'elasticnet', 'solver': 'sag'}",,,,,,,,109,,,,,,,,109,,,,,,,,109,,,,,,,,109,,,,,,,,109,,,,,,,,109,,,,,,,,109,,,,,,,,109,,,,,,,,109
87,0.0025333404541015626,0.0008101090399616565,0.0,0.0,2,True,False,500,-1,elasticnet,newton-cholesky,"{'C': 2, 'dual': True, 'fit_intercept': False, 'max_iter': 500, 'n_jobs': -1, 'penalty': 'elasticnet', 'solver': 'newton-cholesky'}",,,,,,,,109,,,,,,,,109,,,,,,,,109,,,,,,,,109,,,,,,,,109,,,,,,,,109,,,,,,,,109,,,,,,,,109,,,,,,,,109
105,0.0026723861694335936,0.00043262393436017276,0.0,0.0,2,False,False,500,-1,l1,lbfgs,"{'C': 2, 'dual': False, 'fit_intercept': False, 'max_iter': 500, 'n_jobs': -1, 'penalty': 'l1', 'solver': 'lbfgs'}",,,,,,,,109,,,,,,,,109,,,,,,,,109,,,,,,,,109,,,,,,,,109,,,,,,,,109,,,,,,,,109,,,,,,,,109,,,,,,,,109
86,0.0038938045501708983,0.001961632041171874,0.0,0.0,2,True,False,500,-1,elasticnet,newton-cg,"{'C': 2, 'dual': True, 'fit_intercept': False, 'max_iter': 500, 'n_jobs': -1, 'penalty': 'elasticnet', 'solver': 'newton-cg'}",,,,,,,,109,,,,,,,,109,,,,,,,,109,,,,,,,,109,,,,,,,,109,,,,,,,,109,,,,,,,,109,,,,,,,,109,,,,,,,,109
84,0.00276031494140625,0.0007822643376034833,0.0,0.0,2,True,False,500,-1,l2,saga,"{'C': 2, 'dual': True, 'fit_intercept': False, 'max_iter': 500, 'n_jobs': -1, 'penalty': 'l2', 'solver': 'saga'}",,,,,,,,109,,,,,,,,109,,,,,,,,109,,,,,,,,109,,,,,,,,109,,,,,,,,109,,,,,,,,109,,,,,,,,109,,,,,,,,109
83,0.004382276535034179,0.004308133677463571,0.0,0.0,2,True,False,500,-1,l2,sag,"{'C': 2, 'dual': True, 'fit_intercept': False, 'max_iter': 500, 'n_jobs': -1, 'penalty': 'l2', 'solver': 'sag'}",,,,,,,,109,,,,,,,,109,,,,,,,,109,,,,,,,,109,,,,,,,,109,,,,,,,,109,,,,,,,,109,,,,,,,,109,,,,,,,,109
82,0.003611469268798828,0.0035954456310874753,0.0,0.0,2,True,False,500,-1,l2,newton-cholesky,"{'C': 2, 'dual': True, 'fit_intercept': False, 'max_iter': 500, 'n_jobs': -1, 'penalty': 'l2', 'solver': 'newton-cholesky'}",,,,,,,,109,,,,,,,,109,,,,,,,,109,,,,,,,,109,,,,,,,,109,,,,,,,,109,,,,,,,,109,,,,,,,,109,,,,,,,,109
81,0.0036625385284423826,0.0025574534594248687,0.0,0.0,2,True,False,500,-1,l2,newton-cg,"{'C': 2, 'dual': True, 'fit_intercept': False, 'max_iter': 500, 'n_jobs': -1, 'penalty': 'l2', 'solver': 'newton-cg'}",,,,,,,,109,,,,,,,,109,,,,,,,,109,,,,,,,,109,,,,,,,,109,,,,,,,,109,,,,,,,,109,,,,,,,,109,,,,,,,,109
80,0.00187835693359375,0.001308726526024025,0.0,0.0,2,True,False,500,-1,l2,lbfgs,"{'C': 2, 'dual': True, 'fit_intercept': False, 'max_iter': 500, 'n_jobs': -1, 'penalty': 'l2', 'solver': 'lbfgs'}",,,,,,,,109,,,,,,,,109,,,,,,,,109,,,,,,,,109,,,,,,,,109,,,,,,,,109,,,,,,,,109,,,,,,,,109,,,,,,,,109
79,0.005806350708007812,0.004974750089055546,0.0,0.0,2,True,False,500,-1,l1,saga,"{'C': 2, 'dual': True, 'fit_intercept': False, 'max_iter': 500, 'n_jobs': -1, 'penalty': 'l1', 'solver': 'saga'}",,,,,,,,109,,,,,,,,109,,,,,,,,109,,,,,,,,109,,,,,,,,109,,,,,,,,109,,,,,,,,109,,,,,,,,109,,,,,,,,109
78,0.002466249465942383,0.00037558200373828367,0.0,0.0,2,True,False,500,-1,l1,sag,"{'C': 2, 'dual': True, 'fit_intercept': False, 'max_iter': 500, 'n_jobs': -1, 'penalty': 'l1', 'solver': 'sag'}",,,,,,,,109,,,,,,,,109,,,,,,,,109,,,,,,,,109,,,,,,,,109,,,,,,,,109,,,,,,,,109,,,,,,,,109,,,,,,,,109
77,0.0021738529205322264,0.00022114571307349268,0.0,0.0,2,True,False,500,-1,l1,newton-cholesky,"{'C': 2, 'dual': True, 'fit_intercept': False, 'max_iter': 500, 'n_jobs': -1, 'penalty': 'l1', 'solver': 'newton-cholesky'}",,,,,,,,109,,,,,,,,109,,,,,,,,109,,,,,,,,109,,,,,,,,109,,,,,,,,109,,,,,,,,109,,,,,,,,109,,,,,,,,109
76,0.003511190414428711,0.0027691921197624584,0.0,0.0,2,True,False,500,-1,l1,newton-cg,"{'C': 2, 'dual': True, 'fit_intercept': False, 'max_iter': 500, 'n_jobs': -1, 'penalty': 'l1', 'solver': 'newton-cg'}",,,,,,,,109,,,,,,,,109,,,,,,,,109,,,,,,,,109,,,,,,,,109,,,,,,,,109,,,,,,,,109,,,,,,,,109,,,,,,,,109
75,0.002304840087890625,0.0011777824853476892,0.0,0.0,2,True,False,500,-1,l1,lbfgs,"{'C': 2, 'dual': True, 'fit_intercept': False, 'max_iter': 500, 'n_jobs': -1, 'penalty': 'l1', 'solver': 'lbfgs'}",,,,,,,,109,,,,,,,,109,,,,,,,,109,,,,,,,,109,,,,,,,,109,,,,,,,,109,,,,,,,,109,,,,,,,,109,,,,,,,,109
74,0.0025053977966308593,0.0012551096557981848,0.0,0.0,2,True,True,500,-1,elasticnet,saga,"{'C': 2, 'dual': True, 'fit_intercept': True, 'max_iter': 500, 'n_jobs': -1, 'penalty': 'elasticnet', 'solver': 'saga'}",,,,,,,,109,,,,,,,,109,,,,,,,,109,,,,,,,,109,,,,,,,,109,,,,,,,,109,,,,,,,,109,,,,,,,,109,,,,,,,,109
73,0.002353954315185547,0.0017834086936898282,0.0,0.0,2,True,True,500,-1,elasticnet,sag,"{'C': 2, 'dual': True, 'fit_intercept': True, 'max_iter': 500, 'n_jobs': -1, 'penalty': 'elasticnet', 'solver': 'sag'}",,,,,,,,109,,,,,,,,109,,,,,,,,109,,,,,,,,109,,,,,,,,109,,,,,,,,109,,,,,,,,109,,,,,,,,109,,,,,,,,109
85,0.0016070365905761718,0.0008042055328909624,0.0,0.0,2,True,False,500,-1,elasticnet,lbfgs,"{'C': 2, 'dual': True, 'fit_intercept': False, 'max_iter': 500, 'n_jobs': -1, 'penalty': 'elasticnet', 'solver': 'lbfgs'}",,,,,,,,109,,,,,,,,109,,,,,,,,109,,,,,,,,109,,,,,,,,109,,,,,,,,109,,,,,,,,109,,,,,,,,109,,,,,,,,109
72,0.002834510803222656,0.001350414276411302,0.0,0.0,2,True,True,500,-1,elasticnet,newton-cholesky,"{'C': 2, 'dual': True, 'fit_intercept': True, 'max_iter': 500, 'n_jobs': -1, 'penalty': 'elasticnet', 'solver': 'newton-cholesky'}",,,,,,,,109,,,,,,,,109,,,,,,,,109,,,,,,,,109,,,,,,,,109,,,,,,,,109,,,,,,,,109,,,,,,,,109,,,,,,,,109
106,0.006871414184570312,0.008491942764980883,0.0,0.0,2,False,False,500,-1,l1,newton-cg,"{'C': 2, 'dual': False, 'fit_intercept': False, 'max_iter': 500, 'n_jobs': -1, 'penalty': 'l1', 'solver': 'newton-cg'}",,,,,,,,109,,,,,,,,109,,,,,,,,109,,,,,,,,109,,,,,,,,109,,,,,,,,109,,,,,,,,109,,,,,,,,109,,,,,,,,109
108,0.004514217376708984,0.006625839164188412,0.0,0.0,2,False,False,500,-1,l1,sag,"{'C': 2, 'dual': False, 'fit_intercept': False, 'max_iter': 500, 'n_jobs': -1, 'penalty': 'l1', 'solver': 'sag'}",,,,,,,,109,,,,,,,,109,,,,,,,,109,,,,,,,,109,,,,,,,,109,,,,,,,,109,,,,,,,,109,,,,,,,,109,,,,,,,,109
140,0.004204654693603515,0.002864108224524291,0.0,0.0,3,True,False,500,-1,l2,lbfgs,"{'C': 3, 'dual': True, 'fit_intercept': False, 'max_iter': 500, 'n_jobs': -1, 'penalty': 'l2', 'solver': 'lbfgs'}",,,,,,,,109,,,,,,,,109,,,,,,,,109,,,,,,,,109,,,,,,,,109,,,,,,,,109,,,,,,,,109,,,,,,,,109,,,,,,,,109
139,0.0028696537017822267,0.0009369041975853391,0.0,0.0,3,True,False,500,-1,l1,saga,"{'C': 3, 'dual': True, 'fit_intercept': False, 'max_iter': 500, 'n_jobs': -1, 'penalty': 'l1', 'solver': 'saga'}",,,,,,,,109,,,,,,,,109,,,,,,,,109,,,,,,,,109,,,,,,,,109,,,,,,,,109,,,,,,,,109,,,,,,,,109,,,,,,,,109
138,0.0027740955352783202,0.0012120004245239164,0.0,0.0,3,True,False,500,-1,l1,sag,"{'C': 3, 'dual': True, 'fit_intercept': False, 'max_iter': 500, 'n_jobs': -1, 'penalty': 'l1', 'solver': 'sag'}",,,,,,,,109,,,,,,,,109,,,,,,,,109,,,,,,,,109,,,,,,,,109,,,,,,,,109,,,,,,,,109,,,,,,,,109,,,,,,,,109
137,0.0028333187103271483,0.0017221565987673609,0.0,0.0,3,True,False,500,-1,l1,newton-cholesky,"{'C': 3, 'dual': True, 'fit_intercept': False, 'max_iter': 500, 'n_jobs': -1, 'penalty': 'l1', 'solver': 'newton-cholesky'}",,,,,,,,109,,,,,,,,109,,,,,,,,109,,,,,,,,109,,,,,,,,109,,,,,,,,109,,,,,,,,109,,,,,,,,109,,,,,,,,109
136,0.002668142318725586,0.001213904396666676,0.0,0.0,3,True,False,500,-1,l1,newton-cg,"{'C': 3, 'dual': True, 'fit_intercept': False, 'max_iter': 500, 'n_jobs': -1, 'penalty': 'l1', 'solver': 'newton-cg'}",,,,,,,,109,,,,,,,,109,,,,,,,,109,,,,,,,,109,,,,,,,,109,,,,,,,,109,,,,,,,,109,,,,,,,,109,,,,,,,,109
135,0.0026197433471679688,0.0019435960247270155,0.0,0.0,3,True,False,500,-1,l1,lbfgs,"{'C': 3, 'dual': True, 'fit_intercept': False, 'max_iter': 500, 'n_jobs': -1, 'penalty': 'l1', 'solver': 'lbfgs'}",,,,,,,,109,,,,,,,,109,,,,,,,,109,,,,,,,,109,,,,,,,,109,,,,,,,,109,,,,,,,,109,,,,,,,,109,,,,,,,,109
134,0.0029656410217285155,0.001639940455003446,0.0,0.0,3,True,True,500,-1,elasticnet,saga,"{'C': 3, 'dual': True, 'fit_intercept': True, 'max_iter': 500, 'n_jobs': -1, 'penalty': 'elasticnet', 'solver': 'saga'}",,,,,,,,109,,,,,,,,109,,,,,,,,109,,,,,,,,109,,,,,,,,109,,,,,,,,109,,,,,,,,109,,,,,,,,109,,,,,,,,109
133,0.003040933609008789,0.0014912346083043677,0.0,0.0,3,True,True,500,-1,elasticnet,sag,"{'C': 3, 'dual': True, 'fit_intercept': True, 'max_iter': 500, 'n_jobs': -1, 'penalty': 'elasticnet', 'solver': 'sag'}",,,,,,,,109,,,,,,,,109,,,,,,,,109,,,,,,,,109,,,,,,,,109,,,,,,,,109,,,,,,,,109,,,,,,,,109,,,,,,,,109
132,0.002903175354003906,0.0011802254134897414,0.0,0.0,3,True,True,500,-1,elasticnet,newton-cholesky,"{'C': 3, 'dual': True, 'fit_intercept': True, 'max_iter': 500, 'n_jobs': -1, 'penalty': 'elasticnet', 'solver': 'newton-cholesky'}",,,,,,,,109,,,,,,,,109,,,,,,,,109,,,,,,,,109,,,,,,,,109,,,,,,,,109,,,,,,,,109,,,,,,,,109,,,,,,,,109
131,0.004245185852050781,0.002794577324066417,0.0,0.0,3,True,True,500,-1,elasticnet,newton-cg,"{'C': 3, 'dual': True, 'fit_intercept': True, 'max_iter': 500, 'n_jobs': -1, 'penalty': 'elasticnet', 'solver': 'newton-cg'}",,,,,,,,109,,,,,,,,109,,,,,,,,109,,,,,,,,109,,,,,,,,109,,,,,,,,109,,,,,,,,109,,,,,,,,109,,,,,,,,109
130,0.002884054183959961,0.0007748951772066676,0.0,0.0,3,True,True,500,-1,elasticnet,lbfgs,"{'C': 3, 'dual': True, 'fit_intercept': True, 'max_iter': 500, 'n_jobs': -1, 'penalty': 'elasticnet', 'solver': 'lbfgs'}",,,,,,,,109,,,,,,,,109,,,,,,,,109,,,,,,,,109,,,,,,,,109,,,,,,,,109,,,,,,,,109,,,,,,,,109,,,,,,,,109
129,0.003258037567138672,0.0006241540561068629,0.0,0.0,3,True,True,500,-1,l2,saga,"{'C': 3, 'dual': True, 'fit_intercept': True, 'max_iter': 500, 'n_jobs': -1, 'penalty': 'l2', 'solver': 'saga'}",,,,,,,,109,,,,,,,,109,,,,,,,,109,,,,,,,,109,,,,,,,,109,,,,,,,,109,,,,,,,,109,,,,,,,,109,,,,,,,,109
107,0.0026242733001708984,0.0008830706573155466,0.0,0.0,2,False,False,500,-1,l1,newton-cholesky,"{'C': 2, 'dual': False, 'fit_intercept': False, 'max_iter': 500, 'n_jobs': -1, 'penalty': 'l1', 'solver': 'newton-cholesky'}",,,,,,,,109,,,,,,,,109,,,,,,,,109,,,,,,,,109,,,,,,,,109,,,,,,,,109,,,,,,,,109,,,,,,,,109,,,,,,,,109
128,0.0016169548034667969,0.0008087512308816376,0.0,0.0,3,True,True,500,-1,l2,sag,"{'C': 3, 'dual': True, 'fit_intercept': True, 'max_iter': 500, 'n_jobs': -1, 'penalty': 'l2', 'solver': 'sag'}",,,,,,,,109,,,,,,,,109,,,,,,,,109,,,,,,,,109,,,,,,,,109,,,,,,,,109,,,,,,,,109,,,,,,,,109,,,,,,,,109
126,0.003043460845947266,0.001076747594977203,0.0,0.0,3,True,True,500,-1,l2,newton-cg,"{'C': 3, 'dual': True, 'fit_intercept': True, 'max_iter': 500, 'n_jobs': -1, 'penalty': 'l2', 'solver': 'newton-cg'}",,,,,,,,109,,,,,,,,109,,,,,,,,109,,,,,,,,109,,,,,,,,109,,,,,,,,109,,,,,,,,109,,,,,,,,109,,,,,,,,109
125,0.003222036361694336,0.001889653830836683,0.0,0.0,3,True,True,500,-1,l2,lbfgs,"{'C': 3, 'dual': True, 'fit_intercept': True, 'max_iter': 500, 'n_jobs': -1, 'penalty': 'l2', 'solver': 'lbfgs'}",,,,,,,,109,,,,,,,,109,,,,,,,,109,,,,,,,,109,,,,,,,,109,,,,,,,,109,,,,,,,,109,,,,,,,,109,,,,,,,,109
124,0.0022658824920654295,0.0019282789204855741,0.0,0.0,3,True,True,500,-1,l1,saga,"{'C': 3, 'dual': True, 'fit_intercept': True, 'max_iter': 500, 'n_jobs': -1, 'penalty': 'l1', 'solver': 'saga'}",,,,,,,,109,,,,,,,,109,,,,,,,,109,,,,,,,,109,,,,,,,,109,,,,,,,,109,,,,,,,,109,,,,,,,,109,,,,,,,,109
123,0.0039031982421875,0.0014967719502386899,0.0,0.0,3,True,True,500,-1,l1,sag,"{'C': 3, 'dual': True, 'fit_intercept': True, 'max_iter': 500, 'n_jobs': -1, 'penalty': 'l1', 'solver': 'sag'}",,,,,,,,109,,,,,,,,109,,,,,,,,109,,,,,,,,109,,,,,,,,109,,,,,,,,109,,,,,,,,109,,,,,,,,109,,,,,,,,109
122,0.0031684398651123046,0.0016444311045951084,0.0,0.0,3,True,True,500,-1,l1,newton-cholesky,"{'C': 3, 'dual': True, 'fit_intercept': True, 'max_iter': 500, 'n_jobs': -1, 'penalty': 'l1', 'solver': 'newton-cholesky'}",,,,,,,,109,,,,,,,,109,,,,,,,,109,,,,,,,,109,,,,,,,,109,,,,,,,,109,,,,,,,,109,,,,,,,,109,,,,,,,,109
121,0.004351139068603516,0.004162839854251123,0.0,0.0,3,True,True,500,-1,l1,newton-cg,"{'C': 3, 'dual': True, 'fit_intercept': True, 'max_iter': 500, 'n_jobs': -1, 'penalty': 'l1', 'solver': 'newton-cg'}",,,,,,,,109,,,,,,,,109,,,,,,,,109,,,,,,,,109,,,,,,,,109,,,,,,,,109,,,,,,,,109,,,,,,,,109,,,,,,,,109
120,0.0026741981506347655,0.0021632898684838453,0.0,0.0,3,True,True,500,-1,l1,lbfgs,"{'C': 3, 'dual': True, 'fit_intercept': True, 'max_iter': 500, 'n_jobs': -1, 'penalty': 'l1', 'solver': 'lbfgs'}",,,,,,,,109,,,,,,,,109,,,,,,,,109,,,,,,,,109,,,,,,,,109,,,,,,,,109,,,,,,,,109,,,,,,,,109,,,,,,,,109
119,0.0023451328277587892,0.00028848220096913034,0.0,0.0,2,False,False,500,-1,elasticnet,saga,"{'C': 2, 'dual': False, 'fit_intercept': False, 'max_iter': 500, 'n_jobs': -1, 'penalty': 'elasticnet', 'solver': 'saga'}",,,,,,,,109,,,,,,,,109,,,,,,,,109,,,,,,,,109,,,,,,,,109,,,,,,,,109,,,,,,,,109,,,,,,,,109,,,,,,,,109
118,0.0038419246673583986,0.0033798255325688323,0.0,0.0,2,False,False,500,-1,elasticnet,sag,"{'C': 2, 'dual': False, 'fit_intercept': False, 'max_iter': 500, 'n_jobs': -1, 'penalty': 'elasticnet', 'solver': 'sag'}",,,,,,,,109,,,,,,,,109,,,,,,,,109,,,,,,,,109,,,,,,,,109,,,,,,,,109,,,,,,,,109,,,,,,,,109,,,,,,,,109
117,0.005120992660522461,0.00472845815786795,0.0,0.0,2,False,False,500,-1,elasticnet,newton-cholesky,"{'C': 2, 'dual': False, 'fit_intercept': False, 'max_iter': 500, 'n_jobs': -1, 'penalty': 'elasticnet', 'solver': 'newton-cholesky'}",,,,,,,,109,,,,,,,,109,,,,,,,,109,,,,,,,,109,,,,,,,,109,,,,,,,,109,,,,,,,,109,,,,,,,,109,,,,,,,,109
116,0.0033956527709960937,0.0018037644767651463,0.0,0.0,2,False,False,500,-1,elasticnet,newton-cg,"{'C': 2, 'dual': False, 'fit_intercept': False, 'max_iter': 500, 'n_jobs': -1, 'penalty': 'elasticnet', 'solver': 'newton-cg'}",,,,,,,,109,,,,,,,,109,,,,,,,,109,,,,,,,,109,,,,,,,,109,,,,,,,,109,,,,,,,,109,,,,,,,,109,,,,,,,,109
115,0.0018626213073730468,0.0013286074779770868,0.0,0.0,2,False,False,500,-1,elasticnet,lbfgs,"{'C': 2, 'dual': False, 'fit_intercept': False, 'max_iter': 500, 'n_jobs': -1, 'penalty': 'elasticnet', 'solver': 'lbfgs'}",,,,,,,,109,,,,,,,,109,,,,,,,,109,,,,,,,,109,,,,,,,,109,,,,,,,,109,,,,,,,,109,,,,,,,,109,,,,,,,,109
127,0.0029141902923583984,0.0012030714520601278,0.0,0.0,3,True,True,500,-1,l2,newton-cholesky,"{'C': 3, 'dual': True, 'fit_intercept': True, 'max_iter': 500, 'n_jobs': -1, 'penalty': 'l2', 'solver': 'newton-cholesky'}",,,,,,,,109,,,,,,,,109,,,,,,,,109,,,,,,,,109,,,,,,,,109,,,,,,,,109,,,,,,,,109,,,,,,,,109,,,,,,,,109
141,0.002573251724243164,0.001089615309743668,0.0,0.0,3,True,False,500,-1,l2,newton-cg,"{'C': 3, 'dual': True, 'fit_intercept': False, 'max_iter': 500, 'n_jobs': -1, 'penalty': 'l2', 'solver': 'newton-cg'}",,,,,,,,109,,,,,,,,109,,,,,,,,109,,,,,,,,109,,,,,,,,109,,,,,,,,109,,,,,,,,109,,,,,,,,109,,,,,,,,109
71,0.002032184600830078,0.002177717069161978,0.0,0.0,2,True,True,500,-1,elasticnet,newton-cg,"{'C': 2, 'dual': True, 'fit_intercept': True, 'max_iter': 500, 'n_jobs': -1, 'penalty': 'elasticnet', 'solver': 'newton-cg'}",,,,,,,,109,,,,,,,,109,,,,,,,,109,,,,,,,,109,,,,,,,,109,,,,,,,,109,,,,,,,,109,,,,,,,,109,,,,,,,,109
69,0.003741550445556641,0.0010384586781559027,0.0,0.0,2,True,True,500,-1,l2,saga,"{'C': 2, 'dual': True, 'fit_intercept': True, 'max_iter': 500, 'n_jobs': -1, 'penalty': 'l2', 'solver': 'saga'}",,,,,,,,109,,,,,,,,109,,,,,,,,109,,,,,,,,109,,,,,,,,109,,,,,,,,109,,,,,,,,109,,,,,,,,109,,,,,,,,109
26,0.0026934146881103516,0.0007345992217415185,0.0,0.0,1,True,False,500,-1,elasticnet,newton-cg,"{'C': 1, 'dual': True, 'fit_intercept': False, 'max_iter': 500, 'n_jobs': -1, 'penalty': 'elasticnet', 'solver': 'newton-cg'}",,,,,,,,109,,,,,,,,109,,,,,,,,109,,,,,,,,109,,,,,,,,109,,,,,,,,109,,,,,,,,109,,,,,,,,109,,,,,,,,109
25,0.0024353504180908204,0.0007259434201332179,0.0,0.0,1,True,False,500,-1,elasticnet,lbfgs,"{'C': 1, 'dual': True, 'fit_intercept': False, 'max_iter': 500, 'n_jobs': -1, 'penalty': 'elasticnet', 'solver': 'lbfgs'}",,,,,,,,109,,,,,,,,109,,,,,,,,109,,,,,,,,109,,,,,,,,109,,,,,,,,109,,,,,,,,109,,,,,,,,109,,,,,,,,109
24,0.0022516727447509767,0.0005108792322808655,0.0,0.0,1,True,False,500,-1,l2,saga,"{'C': 1, 'dual': True, 'fit_intercept': False, 'max_iter': 500, 'n_jobs': -1, 'penalty': 'l2', 'solver': 'saga'}",,,,,,,,109,,,,,,,,109,,,,,,,,109,,,,,,,,109,,,,,,,,109,,,,,,,,109,,,,,,,,109,,,,,,,,109,,,,,,,,109
23,0.0021359920501708984,0.0008796347674850059,0.0,0.0,1,True,False,500,-1,l2,sag,"{'C': 1, 'dual': True, 'fit_intercept': False, 'max_iter': 500, 'n_jobs': -1, 'penalty': 'l2', 'solver': 'sag'}",,,,,,,,109,,,,,,,,109,,,,,,,,109,,,,,,,,109,,,,,,,,109,,,,,,,,109,,,,,,,,109,,,,,,,,109,,,,,,,,109
22,0.007478237152099609,0.011212798009461294,0.0,0.0,1,True,False,500,-1,l2,newton-cholesky,"{'C': 1, 'dual': True, 'fit_intercept': False, 'max_iter': 500, 'n_jobs': -1, 'penalty': 'l2', 'solver': 'newton-cholesky'}",,,,,,,,109,,,,,,,,109,,,,,,,,109,,,,,,,,109,,,,,,,,109,,,,,,,,109,,,,,,,,109,,,,,,,,109,,,,,,,,109
21,0.0030368804931640626,0.0008928836534545581,0.0,0.0,1,True,False,500,-1,l2,newton-cg,"{'C': 1, 'dual': True, 'fit_intercept': False, 'max_iter': 500, 'n_jobs': -1, 'penalty': 'l2', 'solver': 'newton-cg'}",,,,,,,,109,,,,,,,,109,,,,,,,,109,,,,,,,,109,,,,,,,,109,,,,,,,,109,,,,,,,,109,,,,,,,,109,,,,,,,,109
20,0.0027364253997802734,0.0015802804829625234,0.0,0.0,1,True,False,500,-1,l2,lbfgs,"{'C': 1, 'dual': True, 'fit_intercept': False, 'max_iter': 500, 'n_jobs': -1, 'penalty': 'l2', 'solver': 'lbfgs'}",,,,,,,,109,,,,,,,,109,,,,,,,,109,,,,,,,,109,,,,,,,,109,,,,,,,,109,,,,,,,,109,,,,,,,,109,,,,,,,,109
19,0.002840137481689453,0.002373836134027948,0.0,0.0,1,True,False,500,-1,l1,saga,"{'C': 1, 'dual': True, 'fit_intercept': False, 'max_iter': 500, 'n_jobs': -1, 'penalty': 'l1', 'solver': 'saga'}",,,,,,,,109,,,,,,,,109,,,,,,,,109,,,,,,,,109,,,,,,,,109,,,,,,,,109,,,,,,,,109,,,,,,,,109,,,,,,,,109
18,0.003243160247802734,0.0014544741580364176,0.0,0.0,1,True,False,500,-1,l1,sag,"{'C': 1, 'dual': True, 'fit_intercept': False, 'max_iter': 500, 'n_jobs': -1, 'penalty': 'l1', 'solver': 'sag'}",,,,,,,,109,,,,,,,,109,,,,,,,,109,,,,,,,,109,,,,,,,,109,,,,,,,,109,,,,,,,,109,,,,,,,,109,,,,,,,,109
17,0.0035019397735595705,0.0010916926488546475,0.0,0.0,1,True,False,500,-1,l1,newton-cholesky,"{'C': 1, 'dual': True, 'fit_intercept': False, 'max_iter': 500, 'n_jobs': -1, 'penalty': 'l1', 'solver': 'newton-cholesky'}",,,,,,,,109,,,,,,,,109,,,,,,,,109,,,,,,,,109,,,,,,,,109,,,,,,,,109,,,,,,,,109,,,,,,,,109,,,,,,,,109
16,0.004082345962524414,0.001106758361986386,0.0,0.0,1,True,False,500,-1,l1,newton-cg,"{'C': 1, 'dual': True, 'fit_intercept': False, 'max_iter': 500, 'n_jobs': -1, 'penalty': 'l1', 'solver': 'newton-cg'}",,,,,,,,109,,,,,,,,109,,,,,,,,109,,,,,,,,109,,,,,,,,109,,,,,,,,109,,,,,,,,109,,,,,,,,109,,,,,,,,109
15,0.003502035140991211,0.0008957500510338199,0.0,0.0,1,True,False,500,-1,l1,lbfgs,"{'C': 1, 'dual': True, 'fit_intercept': False, 'max_iter': 500, 'n_jobs': -1, 'penalty': 'l1', 'solver': 'lbfgs'}",,,,,,,,109,,,,,,,,109,,,,,,,,109,,,,,,,,109,,,,,,,,109,,,,,,,,109,,,,,,,,109,,,,,,,,109,,,,,,,,109
27,0.0026160717010498048,0.0005940933003232272,0.0,0.0,1,True,False,500,-1,elasticnet,newton-cholesky,"{'C': 1, 'dual': True, 'fit_intercept': False, 'max_iter': 500, 'n_jobs': -1, 'penalty': 'elasticnet', 'solver': 'newton-cholesky'}",,,,,,,,109,,,,,,,,109,,,,,,,,109,,,,,,,,109,,,,,,,,109,,,,,,,,109,,,,,,,,109,,,,,,,,109,,,,,,,,109
14,0.00477895736694336,0.0016668169717935642,0.0,0.0,1,True,True,500,-1,elasticnet,saga,"{'C': 1, 'dual': True, 'fit_intercept': True, 'max_iter': 500, 'n_jobs': -1, 'penalty': 'elasticnet', 'solver': 'saga'}",,,,,,,,109,,,,,,,,109,,,,,,,,109,,,,,,,,109,,,,,,,,109,,,,,,,,109,,,,,,,,109,,,,,,,,109,,,,,,,,109
12,0.003145647048950195,0.0007209228344570224,0.0,0.0,1,True,True,500,-1,elasticnet,newton-cholesky,"{'C': 1, 'dual': True, 'fit_intercept': True, 'max_iter': 500, 'n_jobs': -1, 'penalty': 'elasticnet', 'solver': 'newton-cholesky'}",,,,,,,,109,,,,,,,,109,,,,,,,,109,,,,,,,,109,,,,,,,,109,,,,,,,,109,,,,,,,,109,,,,,,,,109,,,,,,,,109
11,0.0035797595977783204,0.0027005950384594974,0.0,0.0,1,True,True,500,-1,elasticnet,newton-cg,"{'C': 1, 'dual': True, 'fit_intercept': True, 'max_iter': 500, 'n_jobs': -1, 'penalty': 'elasticnet', 'solver': 'newton-cg'}",,,,,,,,109,,,,,,,,109,,,,,,,,109,,,,,,,,109,,,,,,,,109,,,,,,,,109,,,,,,,,109,,,,,,,,109,,,,,,,,109
10,0.002656841278076172,0.0019445170519735327,0.0,0.0,1,True,True,500,-1,elasticnet,lbfgs,"{'C': 1, 'dual': True, 'fit_intercept': True, 'max_iter': 500, 'n_jobs': -1, 'penalty': 'elasticnet', 'solver': 'lbfgs'}",,,,,,,,109,,,,,,,,109,,,,,,,,109,,,,,,,,109,,,,,,,,109,,,,,,,,109,,,,,,,,109,,,,,,,,109,,,,,,,,109
9,0.002017688751220703,0.001152093790085828,0.0,0.0,1,True,True,500,-1,l2,saga,"{'C': 1, 'dual': True, 'fit_intercept': True, 'max_iter': 500, 'n_jobs': -1, 'penalty': 'l2', 'solver': 'saga'}",,,,,,,,109,,,,,,,,109,,,,,,,,109,,,,,,,,109,,,,,,,,109,,,,,,,,109,,,,,,,,109,,,,,,,,109,,,,,,,,109
8,0.0028122901916503907,0.0006730031169669709,0.0,0.0,1,True,True,500,-1,l2,sag,"{'C': 1, 'dual': True, 'fit_intercept': True, 'max_iter': 500, 'n_jobs': -1, 'penalty': 'l2', 'solver': 'sag'}",,,,,,,,109,,,,,,,,109,,,,,,,,109,,,,,,,,109,,,,,,,,109,,,,,,,,109,,,,,,,,109,,,,,,,,109,,,,,,,,109
7,0.0023285865783691405,0.00040731759406070946,0.0,0.0,1,True,True,500,-1,l2,newton-cholesky,"{'C': 1, 'dual': True, 'fit_intercept': True, 'max_iter': 500, 'n_jobs': -1, 'penalty': 'l2', 'solver': 'newton-cholesky'}",,,,,,,,109,,,,,,,,109,,,,,,,,109,,,,,,,,109,,,,,,,,109,,,,,,,,109,,,,,,,,109,,,,,,,,109,,,,,,,,109
6,0.0048428535461425785,0.0023412927861517253,0.0,0.0,1,True,True,500,-1,l2,newton-cg,"{'C': 1, 'dual': True, 'fit_intercept': True, 'max_iter': 500, 'n_jobs': -1, 'penalty': 'l2', 'solver': 'newton-cg'}",,,,,,,,109,,,,,,,,109,,,,,,,,109,,,,,,,,109,,,,,,,,109,,,,,,,,109,,,,,,,,109,,,,,,,,109,,,,,,,,109
5,0.0030219554901123047,0.002467482133802371,0.0,0.0,1,True,True,500,-1,l2,lbfgs,"{'C': 1, 'dual': True, 'fit_intercept': True, 'max_iter': 500, 'n_jobs': -1, 'penalty': 'l2', 'solver': 'lbfgs'}",,,,,,,,109,,,,,,,,109,,,,,,,,109,,,,,,,,109,,,,,,,,109,,,,,,,,109,,,,,,,,109,,,,,,,,109,,,,,,,,109
4,0.004341745376586914,0.0006204454156016907,0.0,0.0,1,True,True,500,-1,l1,saga,"{'C': 1, 'dual': True, 'fit_intercept': True, 'max_iter': 500, 'n_jobs': -1, 'penalty': 'l1', 'solver': 'saga'}",,,,,,,,109,,,,,,,,109,,,,,,,,109,,,,,,,,109,,,,,,,,109,,,,,,,,109,,,,,,,,109,,,,,,,,109,,,,,,,,109
3,0.00525822639465332,0.001345923088326521,0.0,0.0,1,True,True,500,-1,l1,sag,"{'C': 1, 'dual': True, 'fit_intercept': True, 'max_iter': 500, 'n_jobs': -1, 'penalty': 'l1', 'solver': 'sag'}",,,,,,,,109,,,,,,,,109,,,,,,,,109,,,,,,,,109,,,,,,,,109,,,,,,,,109,,,,,,,,109,,,,,,,,109,,,,,,,,109
2,0.006211042404174805,0.004448563524362133,0.0,0.0,1,True,True,500,-1,l1,newton-cholesky,"{'C': 1, 'dual': True, 'fit_intercept': True, 'max_iter': 500, 'n_jobs': -1, 'penalty': 'l1', 'solver': 'newton-cholesky'}",,,,,,,,109,,,,,,,,109,,,,,,,,109,,,,,,,,109,,,,,,,,109,,,,,,,,109,,,,,,,,109,,,,,,,,109,,,,,,,,109
1,0.007385873794555664,0.005482325027322132,0.0,0.0,1,True,True,500,-1,l1,newton-cg,"{'C': 1, 'dual': True, 'fit_intercept': True, 'max_iter': 500, 'n_jobs': -1, 'penalty': 'l1', 'solver': 'newton-cg'}",,,,,,,,109,,,,,,,,109,,,,,,,,109,,,,,,,,109,,,,,,,,109,,,,,,,,109,,,,,,,,109,,,,,,,,109,,,,,,,,109
13,0.002524137496948242,0.0006535632442873583,0.0,0.0,1,True,True,500,-1,elasticnet,sag,"{'C': 1, 'dual': True, 'fit_intercept': True, 'max_iter': 500, 'n_jobs': -1, 'penalty': 'elasticnet', 'solver': 'sag'}",,,,,,,,109,,,,,,,,109,,,,,,,,109,,,,,,,,109,,,,,,,,109,,,,,,,,109,,,,,,,,109,,,,,,,,109,,,,,,,,109
70,0.005802774429321289,0.0058314875399493055,0.0,0.0,2,True,True,500,-1,elasticnet,lbfgs,"{'C': 2, 'dual': True, 'fit_intercept': True, 'max_iter': 500, 'n_jobs': -1, 'penalty': 'elasticnet', 'solver': 'lbfgs'}",,,,,,,,109,,,,,,,,109,,,,,,,,109,,,,,,,,109,,,,,,,,109,,,,,,,,109,,,,,,,,109,,,,,,,,109,,,,,,,,109
28,0.0024499416351318358,0.0006056947567815425,0.0,0.0,1,True,False,500,-1,elasticnet,sag,"{'C': 1, 'dual': True, 'fit_intercept': False, 'max_iter': 500, 'n_jobs': -1, 'penalty': 'elasticnet', 'solver': 'sag'}",,,,,,,,109,,,,,,,,109,,,,,,,,109,,,,,,,,109,,,,,,,,109,,,,,,,,109,,,,,,,,109,,,,,,,,109,,,,,,,,109
30,0.005431222915649414,0.0032650032267952976,0.0,0.0,1,False,True,500,-1,l1,lbfgs,"{'C': 1, 'dual': False, 'fit_intercept': True, 'max_iter': 500, 'n_jobs': -1, 'penalty': 'l1', 'solver': 'lbfgs'}",,,,,,,,109,,,,,,,,109,,,,,,,,109,,,,,,,,109,,,,,,,,109,,,,,,,,109,,,,,,,,109,,,,,,,,109,,,,,,,,109
68,0.005125617980957032,0.00408654232842826,0.0,0.0,2,True,True,500,-1,l2,sag,"{'C': 2, 'dual': True, 'fit_intercept': True, 'max_iter': 500, 'n_jobs': -1, 'penalty': 'l2', 'solver': 'sag'}",,,,,,,,109,,,,,,,,109,,,,,,,,109,,,,,,,,109,,,,,,,,109,,,,,,,,109,,,,,,,,109,,,,,,,,109,,,,,,,,109
67,0.0022893905639648437,0.0006242382781355589,0.0,0.0,2,True,True,500,-1,l2,newton-cholesky,"{'C': 2, 'dual': True, 'fit_intercept': True, 'max_iter': 500, 'n_jobs': -1, 'penalty': 'l2', 'solver': 'newton-cholesky'}",,,,,,,,109,,,,,,,,109,,,,,,,,109,,,,,,,,109,,,,,,,,109,,,,,,,,109,,,,,,,,109,,,,,,,,109,,,,,,,,109
66,0.0026484966278076173,0.0005262749689006161,0.0,0.0,2,True,True,500,-1,l2,newton-cg,"{'C': 2, 'dual': True, 'fit_intercept': True, 'max_iter': 500, 'n_jobs': -1, 'penalty': 'l2', 'solver': 'newton-cg'}",,,,,,,,109,,,,,,,,109,,,,,,,,109,,,,,,,,109,,,,,,,,109,,,,,,,,109,,,,,,,,109,,,,,,,,109,,,,,,,,109
65,0.0017602920532226562,0.0005529982801983102,0.0,0.0,2,True,True,500,-1,l2,lbfgs,"{'C': 2, 'dual': True, 'fit_intercept': True, 'max_iter': 500, 'n_jobs': -1, 'penalty': 'l2', 'solver': 'lbfgs'}",,,,,,,,109,,,,,,,,109,,,,,,,,109,,,,,,,,109,,,,,,,,109,,,,,,,,109,,,,,,,,109,,,,,,,,109,,,,,,,,109
64,0.0031966209411621095,0.0019784975015047254,0.0,0.0,2,True,True,500,-1,l1,saga,"{'C': 2, 'dual': True, 'fit_intercept': True, 'max_iter': 500, 'n_jobs': -1, 'penalty': 'l1', 'solver': 'saga'}",,,,,,,,109,,,,,,,,109,,,,,,,,109,,,,,,,,109,,,,,,,,109,,,,,,,,109,,,,,,,,109,,,,,,,,109,,,,,,,,109
63,0.001021432876586914,0.002042865753173828,0.0,0.0,2,True,True,500,-1,l1,sag,"{'C': 2, 'dual': True, 'fit_intercept': True, 'max_iter': 500, 'n_jobs': -1, 'penalty': 'l1', 'solver': 'sag'}",,,,,,,,109,,,,,,,,109,,,,,,,,109,,,,,,,,109,,,,,,,,109,,,,,,,,109,,,,,,,,109,,,,,,,,109,,,,,,,,109
62,0.002201557159423828,0.0009243975282878195,0.0,0.0,2,True,True,500,-1,l1,newton-cholesky,"{'C': 2, 'dual': True, 'fit_intercept': True, 'max_iter': 500, 'n_jobs': -1, 'penalty': 'l1', 'solver': 'newton-cholesky'}",,,,,,,,109,,,,,,,,109,,,,,,,,109,,,,,,,,109,,,,,,,,109,,,,,,,,109,,,,,,,,109,,,,,,,,109,,,,,,,,109
61,0.0037405967712402345,0.0011694218101852257,0.0,0.0,2,True,True,500,-1,l1,newton-cg,"{'C': 2, 'dual': True, 'fit_intercept': True, 'max_iter': 500, 'n_jobs': -1, 'penalty': 'l1', 'solver': 'newton-cg'}",,,,,,,,109,,,,,,,,109,,,,,,,,109,,,,,,,,109,,,,,,,,109,,,,,,,,109,,,,,,,,109,,,,,,,,109,,,,,,,,109
60,0.0032547950744628907,0.0021537464060888945,0.0,0.0,2,True,True,500,-1,l1,lbfgs,"{'C': 2, 'dual': True, 'fit_intercept': True, 'max_iter': 500, 'n_jobs': -1, 'penalty': 'l1', 'solver': 'lbfgs'}",,,,,,,,109,,,,,,,,109,,,,,,,,109,,,,,,,,109,,,,,,,,109,,,,,,,,109,,,,,,,,109,,,,,,,,109,,,,,,,,109
59,0.008868789672851563,0.008032708741281053,0.0,0.0,1,False,False,500,-1,elasticnet,saga,"{'C': 1, 'dual': False, 'fit_intercept': False, 'max_iter': 500, 'n_jobs': -1, 'penalty': 'elasticnet', 'solver': 'saga'}",,,,,,,,109,,,,,,,,109,,,,,,,,109,,,,,,,,109,,,,,,,,109,,,,,,,,109,,,,,,,,109,,,,,,,,109,,,,,,,,109
58,0.002396106719970703,0.000472916891253753,0.0,0.0,1,False,False,500,-1,elasticnet,sag,"{'C': 1, 'dual': False, 'fit_intercept': False, 'max_iter': 500, 'n_jobs': -1, 'penalty': 'elasticnet', 'solver': 'sag'}",,,,,,,,109,,,,,,,,109,,,,,,,,109,,,,,,,,109,,,,,,,,109,,,,,,,,109,,,,,,,,109,,,,,,,,109,,,,,,,,109
57,0.00451045036315918,0.002991832352723471,0.0,0.0,1,False,False,500,-1,elasticnet,newton-cholesky,"{'C': 1, 'dual': False, 'fit_intercept': False, 'max_iter': 500, 'n_jobs': -1, 'penalty': 'elasticnet', 'solver': 'newton-cholesky'}",,,,,,,,109,,,,,,,,109,,,,,,,,109,,,,,,,,109,,,,,,,,109,,,,,,,,109,,,,,,,,109,,,,,,,,109,,,,,,,,109
29,0.0041239261627197266,0.0022391040764444614,0.0,0.0,1,True,False,500,-1,elasticnet,saga,"{'C': 1, 'dual': True, 'fit_intercept': False, 'max_iter': 500, 'n_jobs': -1, 'penalty': 'elasticnet', 'solver': 'saga'}",,,,,,,,109,,,,,,,,109,,,,,,,,109,,,,,,,,109,,,,,,,,109,,,,,,,,109,,,,,,,,109,,,,,,,,109,,,,,,,,109
56,0.004024791717529297,0.0028124034440567226,0.0,0.0,1,False,False,500,-1,elasticnet,newton-cg,"{'C': 1, 'dual': False, 'fit_intercept': False, 'max_iter': 500, 'n_jobs': -1, 'penalty': 'elasticnet', 'solver': 'newton-cg'}",,,,,,,,109,,,,,,,,109,,,,,,,,109,,,,,,,,109,,,,,,,,109,,,,,,,,109,,,,,,,,109,,,,,,,,109,,,,,,,,109
48,0.0023305416107177734,0.0024128233866590886,0.0,0.0,1,False,False,500,-1,l1,sag,"{'C': 1, 'dual': False, 'fit_intercept': False, 'max_iter': 500, 'n_jobs': -1, 'penalty': 'l1', 'solver': 'sag'}",,,,,,,,109,,,,,,,,109,,,,,,,,109,,,,,,,,109,,,,,,,,109,,,,,,,,109,,,,,,,,109,,,,,,,,109,,,,,,,,109
47,0.00450601577758789,0.004538674017298137,0.0,0.0,1,False,False,500,-1,l1,newton-cholesky,"{'C': 1, 'dual': False, 'fit_intercept': False, 'max_iter': 500, 'n_jobs': -1, 'penalty': 'l1', 'solver': 'newton-cholesky'}",,,,,,,,109,,,,,,,,109,,,,,,,,109,,,,,,,,109,,,,,,,,109,,,,,,,,109,,,,,,,,109,,,,,,,,109,,,,,,,,109
46,0.004960250854492187,0.0041425744880911,0.0,0.0,1,False,False,500,-1,l1,newton-cg,"{'C': 1, 'dual': False, 'fit_intercept': False, 'max_iter': 500, 'n_jobs': -1, 'penalty': 'l1', 'solver': 'newton-cg'}",,,,,,,,109,,,,,,,,109,,,,,,,,109,,,,,,,,109,,,,,,,,109,,,,,,,,109,,,,,,,,109,,,,,,,,109,,,,,,,,109
45,0.003187084197998047,0.0016367743094012669,0.0,0.0,1,False,False,500,-1,l1,lbfgs,"{'C': 1, 'dual': False, 'fit_intercept': False, 'max_iter': 500, 'n_jobs': -1, 'penalty': 'l1', 'solver': 'lbfgs'}",,,,,,,,109,,,,,,,,109,,,,,,,,109,,,,,,,,109,,,,,,,,109,,,,,,,,109,,,,,,,,109,,,,,,,,109,,,,,,,,109
44,0.0032175064086914064,0.0014908471671713404,0.0,0.0,1,False,True,500,-1,elasticnet,saga,"{'C': 1, 'dual': False, 'fit_intercept': True, 'max_iter': 500, 'n_jobs': -1, 'penalty': 'elasticnet', 'solver': 'saga'}",,,,,,,,109,,,,,,,,109,,,,,,,,109,,,,,,,,109,,,,,,,,109,,,,,,,,109,,,,,,,,109,,,,,,,,109,,,,,,,,109
43,0.004061317443847657,0.0018388856237208891,0.0,0.0,1,False,True,500,-1,elasticnet,sag,"{'C': 1, 'dual': False, 'fit_intercept': True, 'max_iter': 500, 'n_jobs': -1, 'penalty': 'elasticnet', 'solver': 'sag'}",,,,,,,,109,,,,,,,,109,,,,,,,,109,,,,,,,,109,,,,,,,,109,,,,,,,,109,,,,,,,,109,,,,,,,,109,,,,,,,,109
42,0.013572359085083007,0.020018571809499158,0.0,0.0,1,False,True,500,-1,elasticnet,newton-cholesky,"{'C': 1, 'dual': False, 'fit_intercept': True, 'max_iter': 500, 'n_jobs': -1, 'penalty': 'elasticnet', 'solver': 'newton-cholesky'}",,,,,,,,109,,,,,,,,109,,,,,,,,109,,,,,,,,109,,,,,,,,109,,,,,,,,109,,,,,,,,109,,,,,,,,109,,,,,,,,109
41,0.003771066665649414,0.001705065546440501,0.0,0.0,1,False,True,500,-1,elasticnet,newton-cg,"{'C': 1, 'dual': False, 'fit_intercept': True, 'max_iter': 500, 'n_jobs': -1, 'penalty': 'elasticnet', 'solver': 'newton-cg'}",,,,,,,,109,,,,,,,,109,,,,,,,,109,,,,,,,,109,,,,,,,,109,,,,,,,,109,,,,,,,,109,,,,,,,,109,,,,,,,,109
40,0.0022150516510009766,0.0012159421827051921,0.0,0.0,1,False,True,500,-1,elasticnet,lbfgs,"{'C': 1, 'dual': False, 'fit_intercept': True, 'max_iter': 500, 'n_jobs': -1, 'penalty': 'elasticnet', 'solver': 'lbfgs'}",,,,,,,,109,,,,,,,,109,,,,,,,,109,,,,,,,,109,,,,,,,,109,,,,,,,,109,,,,,,,,109,,,,,,,,109,,,,,,,,109
33,0.007576084136962891,0.006459046962580369,0.0,0.0,1,False,True,500,-1,l1,sag,"{'C': 1, 'dual': False, 'fit_intercept': True, 'max_iter': 500, 'n_jobs': -1, 'penalty': 'l1', 'solver': 'sag'}",,,,,,,,109,,,,,,,,109,,,,,,,,109,,,,,,,,109,,,,,,,,109,,,,,,,,109,,,,,,,,109,,,,,,,,109,,,,,,,,109
32,0.002903127670288086,0.0009190774993053755,0.0,0.0,1,False,True,500,-1,l1,newton-cholesky,"{'C': 1, 'dual': False, 'fit_intercept': True, 'max_iter': 500, 'n_jobs': -1, 'penalty': 'l1', 'solver': 'newton-cholesky'}",,,,,,,,109,,,,,,,,109,,,,,,,,109,,,,,,,,109,,,,,,,,109,,,,,,,,109,,,,,,,,109,,,,,,,,109,,,,,,,,109
31,0.005288219451904297,0.006102603647897669,0.0,0.0,1,False,True,500,-1,l1,newton-cg,"{'C': 1, 'dual': False, 'fit_intercept': True, 'max_iter': 500, 'n_jobs': -1, 'penalty': 'l1', 'solver': 'newton-cg'}",,,,,,,,109,,,,,,,,109,,,,,,,,109,,,,,,,,109,,,,,,,,109,,,,,,,,109,,,,,,,,109,,,,,,,,109,,,,,,,,109
55,0.0015034675598144531,0.0013279364127582577,0.0,0.0,1,False,False,500,-1,elasticnet,lbfgs,"{'C': 1, 'dual': False, 'fit_intercept': False, 'max_iter': 500, 'n_jobs': -1, 'penalty': 'elasticnet', 'solver': 'lbfgs'}",,,,,,,,109,,,,,,,,109,,,,,,,,109,,,,,,,,109,,,,,,,,109,,,,,,,,109,,,,,,,,109,,,,,,,,109,,,,,,,,109
142,0.0036260604858398436,0.004067991165875541,0.0,0.0,3,True,False,500,-1,l2,newton-cholesky,"{'C': 3, 'dual': True, 'fit_intercept': False, 'max_iter': 500, 'n_jobs': -1, 'penalty': 'l2', 'solver': 'newton-cholesky'}",,,,,,,,109,,,,,,,,109,,,,,,,,109,,,,,,,,109,,,,,,,,109,,,,,,,,109,,,,,,,,109,,,,,,,,109,,,,,,,,109
143,0.003585672378540039,0.0008345946701704191,0.0,0.0,3,True,False,500,-1,l2,sag,"{'C': 3, 'dual': True, 'fit_intercept': False, 'max_iter': 500, 'n_jobs': -1, 'penalty': 'l2', 'solver': 'sag'}",,,,,,,,109,,,,,,,,109,,,,,,,,109,,,,,,,,109,,,,,,,,109,,,,,,,,109,,,,,,,,109,,,,,,,,109,,,,,,,,109
144,0.002561664581298828,0.0004497063499946047,0.0,0.0,3,True,False,500,-1,l2,saga,"{'C': 3, 'dual': True, 'fit_intercept': False, 'max_iter': 500, 'n_jobs': -1, 'penalty': 'l2', 'solver': 'saga'}",,,,,,,,109,,,,,,,,109,,,,,,,,109,,,,,,,,109,,,,,,,,109,,,,,,,,109,,,,,,,,109,,,,,,,,109,,,,,,,,109
255,0.0029843807220458984,0.000724741510431095,0.0,0.0,5,True,False,500,-1,l1,lbfgs,"{'C': 5, 'dual': True, 'fit_intercept': False, 'max_iter': 500, 'n_jobs': -1, 'penalty': 'l1', 'solver': 'lbfgs'}",,,,,,,,109,,,,,,,,109,,,,,,,,109,,,,,,,,109,,,,,,,,109,,,,,,,,109,,,,,,,,109,,,,,,,,109,,,,,,,,109
254,0.003197336196899414,0.0011321823971977886,0.0,0.0,5,True,True,500,-1,elasticnet,saga,"{'C': 5, 'dual': True, 'fit_intercept': True, 'max_iter': 500, 'n_jobs': -1, 'penalty': 'elasticnet', 'solver': 'saga'}",,,,,,,,109,,,,,,,,109,,,,,,,,109,,,,,,,,109,,,,,,,,109,,,,,,,,109,,,,,,,,109,,,,,,,,109,,,,,,,,109
253,0.0025596141815185545,0.000732900486722447,0.0,0.0,5,True,True,500,-1,elasticnet,sag,"{'C': 5, 'dual': True, 'fit_intercept': True, 'max_iter': 500, 'n_jobs': -1, 'penalty': 'elasticnet', 'solver': 'sag'}",,,,,,,,109,,,,,,,,109,,,,,,,,109,,,,,,,,109,,,,,,,,109,,,,,,,,109,,,,,,,,109,,,,,,,,109,,,,,,,,109
252,0.004474830627441406,0.004169624403841594,0.0,0.0,5,True,True,500,-1,elasticnet,newton-cholesky,"{'C': 5, 'dual': True, 'fit_intercept': True, 'max_iter': 500, 'n_jobs': -1, 'penalty': 'elasticnet', 'solver': 'newton-cholesky'}",,,,,,,,109,,,,,,,,109,,,,,,,,109,,,,,,,,109,,,,,,,,109,,,,,,,,109,,,,,,,,109,,,,,,,,109,,,,,,,,109
251,0.002370309829711914,0.0008719024665838728,0.0,0.0,5,True,True,500,-1,elasticnet,newton-cg,"{'C': 5, 'dual': True, 'fit_intercept': True, 'max_iter': 500, 'n_jobs': -1, 'penalty': 'elasticnet', 'solver': 'newton-cg'}",,,,,,,,109,,,,,,,,109,,,,,,,,109,,,,,,,,109,,,,,,,,109,,,,,,,,109,,,,,,,,109,,,,,,,,109,,,,,,,,109
250,0.002032613754272461,0.0005150255566289109,0.0,0.0,5,True,True,500,-1,elasticnet,lbfgs,"{'C': 5, 'dual': True, 'fit_intercept': True, 'max_iter': 500, 'n_jobs': -1, 'penalty': 'elasticnet', 'solver': 'lbfgs'}",,,,,,,,109,,,,,,,,109,,,,,,,,109,,,,,,,,109,,,,,,,,109,,,,,,,,109,,,,,,,,109,,,,,,,,109,,,,,,,,109
249,0.0038346290588378907,0.001349477191404709,0.0,0.0,5,True,True,500,-1,l2,saga,"{'C': 5, 'dual': True, 'fit_intercept': True, 'max_iter': 500, 'n_jobs': -1, 'penalty': 'l2', 'solver': 'saga'}",,,,,,,,109,,,,,,,,109,,,,,,,,109,,,,,,,,109,,,,,,,,109,,,,,,,,109,,,,,,,,109,,,,,,,,109,,,,,,,,109
248,0.0024098873138427733,0.001348244508470641,0.0,0.0,5,True,True,500,-1,l2,sag,"{'C': 5, 'dual': True, 'fit_intercept': True, 'max_iter': 500, 'n_jobs': -1, 'penalty': 'l2', 'solver': 'sag'}",,,,,,,,109,,,,,,,,109,,,,,,,,109,,,,,,,,109,,,,,,,,109,,,,,,,,109,,,,,,,,109,,,,,,,,109,,,,,,,,109
247,0.0029335498809814455,0.0007725004263009459,0.0,0.0,5,True,True,500,-1,l2,newton-cholesky,"{'C': 5, 'dual': True, 'fit_intercept': True, 'max_iter': 500, 'n_jobs': -1, 'penalty': 'l2', 'solver': 'newton-cholesky'}",,,,,,,,109,,,,,,,,109,,,,,,,,109,,,,,,,,109,,,,,,,,109,,,,,,,,109,,,,,,,,109,,,,,,,,109,,,,,,,,109
246,0.004272603988647461,0.0010130465588802852,0.0,0.0,5,True,True,500,-1,l2,newton-cg,"{'C': 5, 'dual': True, 'fit_intercept': True, 'max_iter': 500, 'n_jobs': -1, 'penalty': 'l2', 'solver': 'newton-cg'}",,,,,,,,109,,,,,,,,109,,,,,,,,109,,,,,,,,109,,,,,,,,109,,,,,,,,109,,,,,,,,109,,,,,,,,109,,,,,,,,109
245,0.0036786079406738283,0.002703912463109627,0.0,0.0,5,True,True,500,-1,l2,lbfgs,"{'C': 5, 'dual': True, 'fit_intercept': True, 'max_iter': 500, 'n_jobs': -1, 'penalty': 'l2', 'solver': 'lbfgs'}",,,,,,,,109,,,,,,,,109,,,,,,,,109,,,,,,,,109,,,,,,,,109,,,,,,,,109,,,,,,,,109,,,,,,,,109,,,,,,,,109
244,0.003360128402709961,0.0022015476712011458,0.0,0.0,5,True,True,500,-1,l1,saga,"{'C': 5, 'dual': True, 'fit_intercept': True, 'max_iter': 500, 'n_jobs': -1, 'penalty': 'l1', 'solver': 'saga'}",,,,,,,,109,,,,,,,,109,,,,,,,,109,,,,,,,,109,,,,,,,,109,,,,,,,,109,,,,,,,,109,,,,,,,,109,,,,,,,,109
256,0.0030678749084472657,0.0016578665964073573,0.0,0.0,5,True,False,500,-1,l1,newton-cg,"{'C': 5, 'dual': True, 'fit_intercept': False, 'max_iter': 500, 'n_jobs': -1, 'penalty': 'l1', 'solver': 'newton-cg'}",,,,,,,,109,,,,,,,,109,,,,,,,,109,,,,,,,,109,,,,,,,,109,,,,,,,,109,,,,,,,,109,,,,,,,,109,,,,,,,,109
243,0.003973388671875,0.0013241339341078,0.0,0.0,5,True,True,500,-1,l1,sag,"{'C': 5, 'dual': True, 'fit_intercept': True, 'max_iter': 500, 'n_jobs': -1, 'penalty': 'l1', 'solver': 'sag'}",,,,,,,,109,,,,,,,,109,,,,,,,,109,,,,,,,,109,,,,,,,,109,,,,,,,,109,,,,,,,,109,,,,,,,,109,,,,,,,,109
241,0.0026418685913085936,0.0010385435737236116,0.0,0.0,5,True,True,500,-1,l1,newton-cg,"{'C': 5, 'dual': True, 'fit_intercept': True, 'max_iter': 500, 'n_jobs': -1, 'penalty': 'l1', 'solver': 'newton-cg'}",,,,,,,,109,,,,,,,,109,,,,,,,,109,,,,,,,,109,,,,,,,,109,,,,,,,,109,,,,,,,,109,,,,,,,,109,,,,,,,,109
240,0.0012404918670654297,0.0010587911993545954,0.0,0.0,5,True,True,500,-1,l1,lbfgs,"{'C': 5, 'dual': True, 'fit_intercept': True, 'max_iter': 500, 'n_jobs': -1, 'penalty': 'l1', 'solver': 'lbfgs'}",,,,,,,,109,,,,,,,,109,,,,,,,,109,,,,,,,,109,,,,,,,,109,,,,,,,,109,,,,,,,,109,,,,,,,,109,,,,,,,,109
239,0.0030347347259521485,0.001384878607610212,0.0,0.0,4,False,False,500,-1,elasticnet,saga,"{'C': 4, 'dual': False, 'fit_intercept': False, 'max_iter': 500, 'n_jobs': -1, 'penalty': 'elasticnet', 'solver': 'saga'}",,,,,,,,109,,,,,,,,109,,,,,,,,109,,,,,,,,109,,,,,,,,109,,,,,,,,109,,,,,,,,109,,,,,,,,109,,,,,,,,109
238,0.002131032943725586,0.001489463002316353,0.0,0.0,4,False,False,500,-1,elasticnet,sag,"{'C': 4, 'dual': False, 'fit_intercept': False, 'max_iter': 500, 'n_jobs': -1, 'penalty': 'elasticnet', 'solver': 'sag'}",,,,,,,,109,,,,,,,,109,,,,,,,,109,,,,,,,,109,,,,,,,,109,,,,,,,,109,,,,,,,,109,,,,,,,,109,,,,,,,,109
237,0.0034476280212402343,0.001169745031034519,0.0,0.0,4,False,False,500,-1,elasticnet,newton-cholesky,"{'C': 4, 'dual': False, 'fit_intercept': False, 'max_iter': 500, 'n_jobs': -1, 'penalty': 'elasticnet', 'solver': 'newton-cholesky'}",,,,,,,,109,,,,,,,,109,,,,,,,,109,,,,,,,,109,,,,,,,,109,,,,,,,,109,,,,,,,,109,,,,,,,,109,,,,,,,,109
236,0.005445671081542969,0.005496561764579729,0.0,0.0,4,False,False,500,-1,elasticnet,newton-cg,"{'C': 4, 'dual': False, 'fit_intercept': False, 'max_iter': 500, 'n_jobs': -1, 'penalty': 'elasticnet', 'solver': 'newton-cg'}",,,,,,,,109,,,,,,,,109,,,,,,,,109,,,,,,,,109,,,,,,,,109,,,,,,,,109,,,,,,,,109,,,,,,,,109,,,,,,,,109
235,0.0028313636779785157,0.0007589476974349861,0.0,0.0,4,False,False,500,-1,elasticnet,lbfgs,"{'C': 4, 'dual': False, 'fit_intercept': False, 'max_iter': 500, 'n_jobs': -1, 'penalty': 'elasticnet', 'solver': 'lbfgs'}",,,,,,,,109,,,,,,,,109,,,,,,,,109,,,,,,,,109,,,,,,,,109,,,,,,,,109,,,,,,,,109,,,,,,,,109,,,,,,,,109
228,0.006097316741943359,0.007350647241772208,0.0,0.0,4,False,False,500,-1,l1,sag,"{'C': 4, 'dual': False, 'fit_intercept': False, 'max_iter': 500, 'n_jobs': -1, 'penalty': 'l1', 'solver': 'sag'}",,,,,,,,109,,,,,,,,109,,,,,,,,109,,,,,,,,109,,,,,,,,109,,,,,,,,109,,,,,,,,109,,,,,,,,109,,,,,,,,109
227,0.004096269607543945,0.004433914808078901,0.0,0.0,4,False,False,500,-1,l1,newton-cholesky,"{'C': 4, 'dual': False, 'fit_intercept': False, 'max_iter': 500, 'n_jobs': -1, 'penalty': 'l1', 'solver': 'newton-cholesky'}",,,,,,,,109,,,,,,,,109,,,,,,,,109,,,,,,,,109,,,,,,,,109,,,,,,,,109,,,,,,,,109,,,,,,,,109,,,,,,,,109
226,0.004771089553833008,0.0036201493713698654,0.0,0.0,4,False,False,500,-1,l1,newton-cg,"{'C': 4, 'dual': False, 'fit_intercept': False, 'max_iter': 500, 'n_jobs': -1, 'penalty': 'l1', 'solver': 'newton-cg'}",,,,,,,,109,,,,,,,,109,,,,,,,,109,,,,,,,,109,,,,,,,,109,,,,,,,,109,,,,,,,,109,,,,,,,,109,,,,,,,,109
225,0.011155128479003906,0.009645679016050797,0.0,0.0,4,False,False,500,-1,l1,lbfgs,"{'C': 4, 'dual': False, 'fit_intercept': False, 'max_iter': 500, 'n_jobs': -1, 'penalty': 'l1', 'solver': 'lbfgs'}",,,,,,,,109,,,,,,,,109,,,,,,,,109,,,,,,,,109,,,,,,,,109,,,,,,,,109,,,,,,,,109,,,,,,,,109,,,,,,,,109
224,0.005047512054443359,0.0034510383957817668,0.0,0.0,4,False,True,500,-1,elasticnet,saga,"{'C': 4, 'dual': False, 'fit_intercept': True, 'max_iter': 500, 'n_jobs': -1, 'penalty': 'elasticnet', 'solver': 'saga'}",,,,,,,,109,,,,,,,,109,,,,,,,,109,,,,,,,,109,,,,,,,,109,,,,,,,,109,,,,,,,,109,,,,,,,,109,,,,,,,,109
242,0.0028795719146728514,0.0009433213038396782,0.0,0.0,5,True,True,500,-1,l1,newton-cholesky,"{'C': 5, 'dual': True, 'fit_intercept': True, 'max_iter': 500, 'n_jobs': -1, 'penalty': 'l1', 'solver': 'newton-cholesky'}",,,,,,,,109,,,,,,,,109,,,,,,,,109,,,,,,,,109,,,,,,,,109,,,,,,,,109,,,,,,,,109,,,,,,,,109,,,,,,,,109
223,0.0033579349517822267,0.0020493208652552037,0.0,0.0,4,False,True,500,-1,elasticnet,sag,"{'C': 4, 'dual': False, 'fit_intercept': True, 'max_iter': 500, 'n_jobs': -1, 'penalty': 'elasticnet', 'solver': 'sag'}",,,,,,,,109,,,,,,,,109,,,,,,,,109,,,,,,,,109,,,,,,,,109,,,,,,,,109,,,,,,,,109,,,,,,,,109,,,,,,,,109
257,0.0023143768310546877,0.0007958068948822087,0.0,0.0,5,True,False,500,-1,l1,newton-cholesky,"{'C': 5, 'dual': True, 'fit_intercept': False, 'max_iter': 500, 'n_jobs': -1, 'penalty': 'l1', 'solver': 'newton-cholesky'}",,,,,,,,109,,,,,,,,109,,,,,,,,109,,,,,,,,109,,,,,,,,109,,,,,,,,109,,,,,,,,109,,,,,,,,109,,,,,,,,109
259,0.003618669509887695,0.002095591150645613,0.0,0.0,5,True,False,500,-1,l1,saga,"{'C': 5, 'dual': True, 'fit_intercept': False, 'max_iter': 500, 'n_jobs': -1, 'penalty': 'l1', 'solver': 'saga'}",,,,,,,,109,,,,,,,,109,,,,,,,,109,,,,,,,,109,,,,,,,,109,,,,,,,,109,,,,,,,,109,,,,,,,,109,,,,,,,,109
297,0.003514671325683594,0.0017631570674346785,0.0,0.0,5,False,False,500,-1,elasticnet,newton-cholesky,"{'C': 5, 'dual': False, 'fit_intercept': False, 'max_iter': 500, 'n_jobs': -1, 'penalty': 'elasticnet', 'solver': 'newton-cholesky'}",,,,,,,,109,,,,,,,,109,,,,,,,,109,,,,,,,,109,,,,,,,,109,,,,,,,,109,,,,,,,,109,,,,,,,,109,,,,,,,,109
296,0.0028103351593017577,0.001630438973278093,0.0,0.0,5,False,False,500,-1,elasticnet,newton-cg,"{'C': 5, 'dual': False, 'fit_intercept': False, 'max_iter': 500, 'n_jobs': -1, 'penalty': 'elasticnet', 'solver': 'newton-cg'}",,,,,,,,109,,,,,,,,109,,,,,,,,109,,,,,,,,109,,,,,,,,109,,,,,,,,109,,,,,,,,109,,,,,,,,109,,,,,,,,109
295,0.0032948017120361327,0.0010988833779962885,0.0,0.0,5,False,False,500,-1,elasticnet,lbfgs,"{'C': 5, 'dual': False, 'fit_intercept': False, 'max_iter': 500, 'n_jobs': -1, 'penalty': 'elasticnet', 'solver': 'lbfgs'}",,,,,,,,109,,,,,,,,109,,,,,,,,109,,,,,,,,109,,,,,,,,109,,,,,,,,109,,,,,,,,109,,,,,,,,109,,,,,,,,109
288,0.0035444259643554687,0.0015200824132995015,0.0,0.0,5,False,False,500,-1,l1,sag,"{'C': 5, 'dual': False, 'fit_intercept': False, 'max_iter': 500, 'n_jobs': -1, 'penalty': 'l1', 'solver': 'sag'}",,,,,,,,109,,,,,,,,109,,,,,,,,109,,,,,,,,109,,,,,,,,109,,,,,,,,109,,,,,,,,109,,,,,,,,109,,,,,,,,109
287,0.0030853271484375,0.0009710268078789293,0.0,0.0,5,False,False,500,-1,l1,newton-cholesky,"{'C': 5, 'dual': False, 'fit_intercept': False, 'max_iter': 500, 'n_jobs': -1, 'penalty': 'l1', 'solver': 'newton-cholesky'}",,,,,,,,109,,,,,,,,109,,,,,,,,109,,,,,,,,109,,,,,,,,109,,,,,,,,109,,,,,,,,109,,,,,,,,109,,,,,,,,109
286,0.006634569168090821,0.008549384177868014,0.0,0.0,5,False,False,500,-1,l1,newton-cg,"{'C': 5, 'dual': False, 'fit_intercept': False, 'max_iter': 500, 'n_jobs': -1, 'penalty': 'l1', 'solver': 'newton-cg'}",,,,,,,,109,,,,,,,,109,,,,,,,,109,,,,,,,,109,,,,,,,,109,,,,,,,,109,,,,,,,,109,,,,,,,,109,,,,,,,,109
285,0.003905487060546875,0.001123913429903266,0.0,0.0,5,False,False,500,-1,l1,lbfgs,"{'C': 5, 'dual': False, 'fit_intercept': False, 'max_iter': 500, 'n_jobs': -1, 'penalty': 'l1', 'solver': 'lbfgs'}",,,,,,,,109,,,,,,,,109,,,,,,,,109,,,,,,,,109,,,,,,,,109,,,,,,,,109,,,,,,,,109,,,,,,,,109,,,,,,,,109
284,0.0023826122283935546,0.0011140795914045183,0.0,0.0,5,False,True,500,-1,elasticnet,saga,"{'C': 5, 'dual': False, 'fit_intercept': True, 'max_iter': 500, 'n_jobs': -1, 'penalty': 'elasticnet', 'solver': 'saga'}",,,,,,,,109,,,,,,,,109,,,,,,,,109,,,,,,,,109,,,,,,,,109,,,,,,,,109,,,,,,,,109,,,,,,,,109,,,,,,,,109
283,0.0018304347991943359,0.0009991654460408425,0.0,0.0,5,False,True,500,-1,elasticnet,sag,"{'C': 5, 'dual': False, 'fit_intercept': True, 'max_iter': 500, 'n_jobs': -1, 'penalty': 'elasticnet', 'solver': 'sag'}",,,,,,,,109,,,,,,,,109,,,,,,,,109,,,,,,,,109,,,,,,,,109,,,,,,,,109,,,,,,,,109,,,,,,,,109,,,,,,,,109
282,0.0026617050170898438,0.000593223332914106,0.0,0.0,5,False,True,500,-1,elasticnet,newton-cholesky,"{'C': 5, 'dual': False, 'fit_intercept': True, 'max_iter': 500, 'n_jobs': -1, 'penalty': 'elasticnet', 'solver': 'newton-cholesky'}",,,,,,,,109,,,,,,,,109,,,,,,,,109,,,,,,,,109,,,,,,,,109,,,,,,,,109,,,,,,,,109,,,,,,,,109,,,,,,,,109
281,0.0025740623474121093,0.0008983304363699282,0.0,0.0,5,False,True,500,-1,elasticnet,newton-cg,"{'C': 5, 'dual': False, 'fit_intercept': True, 'max_iter': 500, 'n_jobs': -1, 'penalty': 'elasticnet', 'solver': 'newton-cg'}",,,,,,,,109,,,,,,,,109,,,,,,,,109,,,,,,,,109,,,,,,,,109,,,,,,,,109,,,,,,,,109,,,,,,,,109,,,,,,,,109
280,0.0021141529083251952,0.00024488689872448783,0.0,0.0,5,False,True,500,-1,elasticnet,lbfgs,"{'C': 5, 'dual': False, 'fit_intercept': True, 'max_iter': 500, 'n_jobs': -1, 'penalty': 'elasticnet', 'solver': 'lbfgs'}",,,,,,,,109,,,,,,,,109,,,,,,,,109,,,,,,,,109,,,,,,,,109,,,,,,,,109,,,,,,,,109,,,,,,,,109,,,,,,,,109
258,0.0023392200469970702,0.00027212013332020567,0.0,0.0,5,True,False,500,-1,l1,sag,"{'C': 5, 'dual': True, 'fit_intercept': False, 'max_iter': 500, 'n_jobs': -1, 'penalty': 'l1', 'solver': 'sag'}",,,,,,,,109,,,,,,,,109,,,,,,,,109,,,,,,,,109,,,,,,,,109,,,,,,,,109,,,,,,,,109,,,,,,,,109,,,,,,,,109
273,0.002471446990966797,0.0006495119339065112,0.0,0.0,5,False,True,500,-1,l1,sag,"{'C': 5, 'dual': False, 'fit_intercept': True, 'max_iter': 500, 'n_jobs': -1, 'penalty': 'l1', 'solver': 'sag'}",,,,,,,,109,,,,,,,,109,,,,,,,,109,,,,,,,,109,,,,,,,,109,,,,,,,,109,,,,,,,,109,,,,,,,,109,,,,,,,,109
271,0.004864120483398437,0.0027774650837917463,0.0,0.0,5,False,True,500,-1,l1,newton-cg,"{'C': 5, 'dual': False, 'fit_intercept': True, 'max_iter': 500, 'n_jobs': -1, 'penalty': 'l1', 'solver': 'newton-cg'}",,,,,,,,109,,,,,,,,109,,,,,,,,109,,,,,,,,109,,,,,,,,109,,,,,,,,109,,,,,,,,109,,,,,,,,109,,,,,,,,109
270,0.004155445098876953,0.0014793073669476101,0.0,0.0,5,False,True,500,-1,l1,lbfgs,"{'C': 5, 'dual': False, 'fit_intercept': True, 'max_iter': 500, 'n_jobs': -1, 'penalty': 'l1', 'solver': 'lbfgs'}",,,,,,,,109,,,,,,,,109,,,,,,,,109,,,,,,,,109,,,,,,,,109,,,,,,,,109,,,,,,,,109,,,,,,,,109,,,,,,,,109
538,0.0046875,0.0027986122419414107,0.0,0.0,9,False,False,500,-1,elasticnet,sag,"{'C': 9, 'dual': False, 'fit_intercept': False, 'max_iter': 500, 'n_jobs': -1, 'penalty': 'elasticnet', 'solver': 'sag'}",,,,,,,,109,,,,,,,,109,,,,,,,,109,,,,,,,,109,,,,,,,,109,,,,,,,,109,,,,,,,,109,,,,,,,,109,,,,,,,,109
268,0.0033295154571533203,0.0019168193886439874,0.0,0.0,5,True,False,500,-1,elasticnet,sag,"{'C': 5, 'dual': True, 'fit_intercept': False, 'max_iter': 500, 'n_jobs': -1, 'penalty': 'elasticnet', 'solver': 'sag'}",,,,,,,,109,,,,,,,,109,,,,,,,,109,,,,,,,,109,,,,,,,,109,,,,,,,,109,,,,,,,,109,,,,,,,,109,,,,,,,,109
267,0.003001117706298828,0.0009481484850017416,0.0,0.0,5,True,False,500,-1,elasticnet,newton-cholesky,"{'C': 5, 'dual': True, 'fit_intercept': False, 'max_iter': 500, 'n_jobs': -1, 'penalty': 'elasticnet', 'solver': 'newton-cholesky'}",,,,,,,,109,,,,,,,,109,,,,,,,,109,,,,,,,,109,,,,,,,,109,,,,,,,,109,,,,,,,,109,,,,,,,,109,,,,,,,,109
266,0.0025069713592529297,0.0009157541734120559,0.0,0.0,5,True,False,500,-1,elasticnet,newton-cg,"{'C': 5, 'dual': True, 'fit_intercept': False, 'max_iter': 500, 'n_jobs': -1, 'penalty': 'elasticnet', 'solver': 'newton-cg'}",,,,,,,,109,,,,,,,,109,,,,,,,,109,,,,,,,,109,,,,,,,,109,,,,,,,,109,,,,,,,,109,,,,,,,,109,,,,,,,,109
265,0.003096342086791992,0.0018730545052199963,0.0,0.0,5,True,False,500,-1,elasticnet,lbfgs,"{'C': 5, 'dual': True, 'fit_intercept': False, 'max_iter': 500, 'n_jobs': -1, 'penalty': 'elasticnet', 'solver': 'lbfgs'}",,,,,,,,109,,,,,,,,109,,,,,,,,109,,,,,,,,109,,,,,,,,109,,,,,,,,109,,,,,,,,109,,,,,,,,109,,,,,,,,109
264,0.0029790401458740234,0.0009173327144444504,0.0,0.0,5,True,False,500,-1,l2,saga,"{'C': 5, 'dual': True, 'fit_intercept': False, 'max_iter': 500, 'n_jobs': -1, 'penalty': 'l2', 'solver': 'saga'}",,,,,,,,109,,,,,,,,109,,,,,,,,109,,,,,,,,109,,,,,,,,109,,,,,,,,109,,,,,,,,109,,,,,,,,109,,,,,,,,109
263,0.005984115600585938,0.006423783189350913,0.0,0.0,5,True,False,500,-1,l2,sag,"{'C': 5, 'dual': True, 'fit_intercept': False, 'max_iter': 500, 'n_jobs': -1, 'penalty': 'l2', 'solver': 'sag'}",,,,,,,,109,,,,,,,,109,,,,,,,,109,,,,,,,,109,,,,,,,,109,,,,,,,,109,,,,,,,,109,,,,,,,,109,,,,,,,,109
262,0.00587005615234375,0.00903724730025366,0.0,0.0,5,True,False,500,-1,l2,newton-cholesky,"{'C': 5, 'dual': True, 'fit_intercept': False, 'max_iter': 500, 'n_jobs': -1, 'penalty': 'l2', 'solver': 'newton-cholesky'}",,,,,,,,109,,,,,,,,109,,,,,,,,109,,,,,,,,109,,,,,,,,109,,,,,,,,109,,,,,,,,109,,,,,,,,109,,,,,,,,109
261,0.0037689208984375,0.0020272233880182784,0.0,0.0,5,True,False,500,-1,l2,newton-cg,"{'C': 5, 'dual': True, 'fit_intercept': False, 'max_iter': 500, 'n_jobs': -1, 'penalty': 'l2', 'solver': 'newton-cg'}",,,,,,,,109,,,,,,,,109,,,,,,,,109,,,,,,,,109,,,,,,,,109,,,,,,,,109,,,,,,,,109,,,,,,,,109,,,,,,,,109
260,0.002573728561401367,0.0005236507264026331,0.0,0.0,5,True,False,500,-1,l2,lbfgs,"{'C': 5, 'dual': True, 'fit_intercept': False, 'max_iter': 500, 'n_jobs': -1, 'penalty': 'l2', 'solver': 'lbfgs'}",,,,,,,,109,,,,,,,,109,,,,,,,,109,,,,,,,,109,,,,,,,,109,,,,,,,,109,,,,,,,,109,,,,,,,,109,,,,,,,,109
272,0.0025498390197753905,0.0007442450077294899,0.0,0.0,5,False,True,500,-1,l1,newton-cholesky,"{'C': 5, 'dual': False, 'fit_intercept': True, 'max_iter': 500, 'n_jobs': -1, 'penalty': 'l1', 'solver': 'newton-cholesky'}",,,,,,,,109,,,,,,,,109,,,,,,,,109,,,,,,,,109,,,,,,,,109,,,,,,,,109,,,,,,,,109,,,,,,,,109,,,,,,,,109
222,0.0025409698486328126,0.0008061127503743621,0.0,0.0,4,False,True,500,-1,elasticnet,newton-cholesky,"{'C': 4, 'dual': False, 'fit_intercept': True, 'max_iter': 500, 'n_jobs': -1, 'penalty': 'elasticnet', 'solver': 'newton-cholesky'}",,,,,,,,109,,,,,,,,109,,,,,,,,109,,,,,,,,109,,,,,,,,109,,,,,,,,109,,,,,,,,109,,,,,,,,109,,,,,,,,109
221,0.003514003753662109,0.0015443049460573026,0.0,0.0,4,False,True,500,-1,elasticnet,newton-cg,"{'C': 4, 'dual': False, 'fit_intercept': True, 'max_iter': 500, 'n_jobs': -1, 'penalty': 'elasticnet', 'solver': 'newton-cg'}",,,,,,,,109,,,,,,,,109,,,,,,,,109,,,,,,,,109,,,,,,,,109,,,,,,,,109,,,,,,,,109,,,,,,,,109,,,,,,,,109
220,0.003611326217651367,0.0038175953108750315,0.0,0.0,4,False,True,500,-1,elasticnet,lbfgs,"{'C': 4, 'dual': False, 'fit_intercept': True, 'max_iter': 500, 'n_jobs': -1, 'penalty': 'elasticnet', 'solver': 'lbfgs'}",,,,,,,,109,,,,,,,,109,,,,,,,,109,,,,,,,,109,,,,,,,,109,,,,,,,,109,,,,,,,,109,,,,,,,,109,,,,,,,,109
182,0.0024346828460693358,0.0021938770098039666,0.0,0.0,4,True,True,500,-1,l1,newton-cholesky,"{'C': 4, 'dual': True, 'fit_intercept': True, 'max_iter': 500, 'n_jobs': -1, 'penalty': 'l1', 'solver': 'newton-cholesky'}",,,,,,,,109,,,,,,,,109,,,,,,,,109,,,,,,,,109,,,,,,,,109,,,,,,,,109,,,,,,,,109,,,,,,,,109,,,,,,,,109
181,0.004390144348144531,0.0015445408935364643,0.0,0.0,4,True,True,500,-1,l1,newton-cg,"{'C': 4, 'dual': True, 'fit_intercept': True, 'max_iter': 500, 'n_jobs': -1, 'penalty': 'l1', 'solver': 'newton-cg'}",,,,,,,,109,,,,,,,,109,,,,,,,,109,,,,,,,,109,,,,,,,,109,,,,,,,,109,,,,,,,,109,,,,,,,,109,,,,,,,,109
180,0.0025483131408691405,0.0006715311868976751,0.0,0.0,4,True,True,500,-1,l1,lbfgs,"{'C': 4, 'dual': True, 'fit_intercept': True, 'max_iter': 500, 'n_jobs': -1, 'penalty': 'l1', 'solver': 'lbfgs'}",,,,,,,,109,,,,,,,,109,,,,,,,,109,,,,,,,,109,,,,,,,,109,,,,,,,,109,,,,,,,,109,,,,,,,,109,,,,,,,,109
179,0.0025171279907226563,0.0008817192862299064,0.0,0.0,3,False,False,500,-1,elasticnet,saga,"{'C': 3, 'dual': False, 'fit_intercept': False, 'max_iter': 500, 'n_jobs': -1, 'penalty': 'elasticnet', 'solver': 'saga'}",,,,,,,,109,,,,,,,,109,,,,,,,,109,,,,,,,,109,,,,,,,,109,,,,,,,,109,,,,,,,,109,,,,,,,,109,,,,,,,,109
178,0.004513216018676758,0.004258239835506269,0.0,0.0,3,False,False,500,-1,elasticnet,sag,"{'C': 3, 'dual': False, 'fit_intercept': False, 'max_iter': 500, 'n_jobs': -1, 'penalty': 'elasticnet', 'solver': 'sag'}",,,,,,,,109,,,,,,,,109,,,,,,,,109,,,,,,,,109,,,,,,,,109,,,,,,,,109,,,,,,,,109,,,,,,,,109,,,,,,,,109
177,0.0025539398193359375,0.001335974903098422,0.0,0.0,3,False,False,500,-1,elasticnet,newton-cholesky,"{'C': 3, 'dual': False, 'fit_intercept': False, 'max_iter': 500, 'n_jobs': -1, 'penalty': 'elasticnet', 'solver': 'newton-cholesky'}",,,,,,,,109,,,,,,,,109,,,,,,,,109,,,,,,,,109,,,,,,,,109,,,,,,,,109,,,,,,,,109,,,,,,,,109,,,,,,,,109
176,0.005036020278930664,0.0016791934884053093,0.0,0.0,3,False,False,500,-1,elasticnet,newton-cg,"{'C': 3, 'dual': False, 'fit_intercept': False, 'max_iter': 500, 'n_jobs': -1, 'penalty': 'elasticnet', 'solver': 'newton-cg'}",,,,,,,,109,,,,,,,,109,,,,,,,,109,,,,,,,,109,,,,,,,,109,,,,,,,,109,,,,,,,,109,,,,,,,,109,,,,,,,,109
175,0.002688694000244141,0.0011279485906095772,0.0,0.0,3,False,False,500,-1,elasticnet,lbfgs,"{'C': 3, 'dual': False, 'fit_intercept': False, 'max_iter': 500, 'n_jobs': -1, 'penalty': 'elasticnet', 'solver': 'lbfgs'}",,,,,,,,109,,,,,,,,109,,,,,,,,109,,,,,,,,109,,,,,,,,109,,,,,,,,109,,,,,,,,109,,,,,,,,109,,,,,,,,109
168,0.0027623653411865236,0.0004754123237829523,0.0,0.0,3,False,False,500,-1,l1,sag,"{'C': 3, 'dual': False, 'fit_intercept': False, 'max_iter': 500, 'n_jobs': -1, 'penalty': 'l1', 'solver': 'sag'}",,,,,,,,109,,,,,,,,109,,,,,,,,109,,,,,,,,109,,,,,,,,109,,,,,,,,109,,,,,,,,109,,,,,,,,109,,,,,,,,109
167,0.0032941818237304686,0.0005483421943799191,0.0,0.0,3,False,False,500,-1,l1,newton-cholesky,"{'C': 3, 'dual': False, 'fit_intercept': False, 'max_iter': 500, 'n_jobs': -1, 'penalty': 'l1', 'solver': 'newton-cholesky'}",,,,,,,,109,,,,,,,,109,,,,,,,,109,,,,,,,,109,,,,,,,,109,,,,,,,,109,,,,,,,,109,,,,,,,,109,,,,,,,,109
166,0.0037464618682861326,0.0018449828060974952,0.0,0.0,3,False,False,500,-1,l1,newton-cg,"{'C': 3, 'dual': False, 'fit_intercept': False, 'max_iter': 500, 'n_jobs': -1, 'penalty': 'l1', 'solver': 'newton-cg'}",,,,,,,,109,,,,,,,,109,,,,,,,,109,,,,,,,,109,,,,,,,,109,,,,,,,,109,,,,,,,,109,,,,,,,,109,,,,,,,,109
165,0.004784440994262696,0.002430487766603531,0.0,0.0,3,False,False,500,-1,l1,lbfgs,"{'C': 3, 'dual': False, 'fit_intercept': False, 'max_iter': 500, 'n_jobs': -1, 'penalty': 'l1', 'solver': 'lbfgs'}",,,,,,,,109,,,,,,,,109,,,,,,,,109,,,,,,,,109,,,,,,,,109,,,,,,,,109,,,,,,,,109,,,,,,,,109,,,,,,,,109
183,0.0028745174407958985,0.0009743844153633857,0.0,0.0,4,True,True,500,-1,l1,sag,"{'C': 4, 'dual': True, 'fit_intercept': True, 'max_iter': 500, 'n_jobs': -1, 'penalty': 'l1', 'solver': 'sag'}",,,,,,,,109,,,,,,,,109,,,,,,,,109,,,,,,,,109,,,,,,,,109,,,,,,,,109,,,,,,,,109,,,,,,,,109,,,,,,,,109
164,0.0024595737457275392,0.0007539858161057093,0.0,0.0,3,False,True,500,-1,elasticnet,saga,"{'C': 3, 'dual': False, 'fit_intercept': True, 'max_iter': 500, 'n_jobs': -1, 'penalty': 'elasticnet', 'solver': 'saga'}",,,,,,,,109,,,,,,,,109,,,,,,,,109,,,,,,,,109,,,,,,,,109,,,,,,,,109,,,,,,,,109,,,,,,,,109,,,,,,,,109
162,0.0031979560852050783,0.0014482236920365084,0.0,0.0,3,False,True,500,-1,elasticnet,newton-cholesky,"{'C': 3, 'dual': False, 'fit_intercept': True, 'max_iter': 500, 'n_jobs': -1, 'penalty': 'elasticnet', 'solver': 'newton-cholesky'}",,,,,,,,109,,,,,,,,109,,,,,,,,109,,,,,,,,109,,,,,,,,109,,,,,,,,109,,,,,,,,109,,,,,,,,109,,,,,,,,109
161,0.0032320022583007812,0.002254713699707826,0.0,0.0,3,False,True,500,-1,elasticnet,newton-cg,"{'C': 3, 'dual': False, 'fit_intercept': True, 'max_iter': 500, 'n_jobs': -1, 'penalty': 'elasticnet', 'solver': 'newton-cg'}",,,,,,,,109,,,,,,,,109,,,,,,,,109,,,,,,,,109,,,,,,,,109,,,,,,,,109,,,,,,,,109,,,,,,,,109,,,,,,,,109
160,0.00233917236328125,0.001332801461636682,0.0,0.0,3,False,True,500,-1,elasticnet,lbfgs,"{'C': 3, 'dual': False, 'fit_intercept': True, 'max_iter': 500, 'n_jobs': -1, 'penalty': 'elasticnet', 'solver': 'lbfgs'}",,,,,,,,109,,,,,,,,109,,,,,,,,109,,,,,,,,109,,,,,,,,109,,,,,,,,109,,,,,,,,109,,,,,,,,109,,,,,,,,109
153,0.0024587154388427735,0.0003828211509101312,0.0,0.0,3,False,True,500,-1,l1,sag,"{'C': 3, 'dual': False, 'fit_intercept': True, 'max_iter': 500, 'n_jobs': -1, 'penalty': 'l1', 'solver': 'sag'}",,,,,,,,109,,,,,,,,109,,,,,,,,109,,,,,,,,109,,,,,,,,109,,,,,,,,109,,,,,,,,109,,,,,,,,109,,,,,,,,109
152,0.002105998992919922,0.00039734778878564806,0.0,0.0,3,False,True,500,-1,l1,newton-cholesky,"{'C': 3, 'dual': False, 'fit_intercept': True, 'max_iter': 500, 'n_jobs': -1, 'penalty': 'l1', 'solver': 'newton-cholesky'}",,,,,,,,109,,,,,,,,109,,,,,,,,109,,,,,,,,109,,,,,,,,109,,,,,,,,109,,,,,,,,109,,,,,,,,109,,,,,,,,109
151,0.0026491641998291015,0.0006423566894864001,0.0,0.0,3,False,True,500,-1,l1,newton-cg,"{'C': 3, 'dual': False, 'fit_intercept': True, 'max_iter': 500, 'n_jobs': -1, 'penalty': 'l1', 'solver': 'newton-cg'}",,,,,,,,109,,,,,,,,109,,,,,,,,109,,,,,,,,109,,,,,,,,109,,,,,,,,109,,,,,,,,109,,,,,,,,109,,,,,,,,109
150,0.0031298160552978515,0.000495840938877699,0.0,0.0,3,False,True,500,-1,l1,lbfgs,"{'C': 3, 'dual': False, 'fit_intercept': True, 'max_iter': 500, 'n_jobs': -1, 'penalty': 'l1', 'solver': 'lbfgs'}",,,,,,,,109,,,,,,,,109,,,,,,,,109,,,,,,,,109,,,,,,,,109,,,,,,,,109,,,,,,,,109,,,,,,,,109,,,,,,,,109
149,0.0033475875854492186,0.0010050255551891378,0.0,0.0,3,True,False,500,-1,elasticnet,saga,"{'C': 3, 'dual': True, 'fit_intercept': False, 'max_iter': 500, 'n_jobs': -1, 'penalty': 'elasticnet', 'solver': 'saga'}",,,,,,,,109,,,,,,,,109,,,,,,,,109,,,,,,,,109,,,,,,,,109,,,,,,,,109,,,,,,,,109,,,,,,,,109,,,,,,,,109
148,0.0021124362945556642,0.0006710351184520718,0.0,0.0,3,True,False,500,-1,elasticnet,sag,"{'C': 3, 'dual': True, 'fit_intercept': False, 'max_iter': 500, 'n_jobs': -1, 'penalty': 'elasticnet', 'solver': 'sag'}",,,,,,,,109,,,,,,,,109,,,,,,,,109,,,,,,,,109,,,,,,,,109,,,,,,,,109,,,,,,,,109,,,,,,,,109,,,,,,,,109
147,0.004630851745605469,0.002525585739068462,0.0,0.0,3,True,False,500,-1,elasticnet,newton-cholesky,"{'C': 3, 'dual': True, 'fit_intercept': False, 'max_iter': 500, 'n_jobs': -1, 'penalty': 'elasticnet', 'solver': 'newton-cholesky'}",,,,,,,,109,,,,,,,,109,,,,,,,,109,,,,,,,,109,,,,,,,,109,,,,,,,,109,,,,,,,,109,,,,,,,,109,,,,,,,,109
146,0.0019523143768310548,0.0007402628296358148,0.0,0.0,3,True,False,500,-1,elasticnet,newton-cg,"{'C': 3, 'dual': True, 'fit_intercept': False, 'max_iter': 500, 'n_jobs': -1, 'penalty': 'elasticnet', 'solver': 'newton-cg'}",,,,,,,,109,,,,,,,,109,,,,,,,,109,,,,,,,,109,,,,,,,,109,,,,,,,,109,,,,,,,,109,,,,,,,,109,,,,,,,,109
145,0.002792835235595703,0.00037062117124726703,0.0,0.0,3,True,False,500,-1,elasticnet,lbfgs,"{'C': 3, 'dual': True, 'fit_intercept': False, 'max_iter': 500, 'n_jobs': -1, 'penalty': 'elasticnet', 'solver': 'lbfgs'}",,,,,,,,109,,,,,,,,109,,,,,,,,109,,,,,,,,109,,,,,,,,109,,,,,,,,109,,,,,,,,109,,,,,,,,109,,,,,,,,109
163,0.0034017562866210938,0.0008954481052859854,0.0,0.0,3,False,True,500,-1,elasticnet,sag,"{'C': 3, 'dual': False, 'fit_intercept': True, 'max_iter': 500, 'n_jobs': -1, 'penalty': 'elasticnet', 'solver': 'sag'}",,,,,,,,109,,,,,,,,109,,,,,,,,109,,,,,,,,109,,,,,,,,109,,,,,,,,109,,,,,,,,109,,,,,,,,109,,,,,,,,109
184,0.0022230625152587892,0.0022151284596330155,0.0,0.0,4,True,True,500,-1,l1,saga,"{'C': 4, 'dual': True, 'fit_intercept': True, 'max_iter': 500, 'n_jobs': -1, 'penalty': 'l1', 'solver': 'saga'}",,,,,,,,109,,,,,,,,109,,,,,,,,109,,,,,,,,109,,,,,,,,109,,,,,,,,109,,,,,,,,109,,,,,,,,109,,,,,,,,109
185,0.007291173934936524,0.007777509776678688,0.0,0.0,4,True,True,500,-1,l2,lbfgs,"{'C': 4, 'dual': True, 'fit_intercept': True, 'max_iter': 500, 'n_jobs': -1, 'penalty': 'l2', 'solver': 'lbfgs'}",,,,,,,,109,,,,,,,,109,,,,,,,,109,,,,,,,,109,,,,,,,,109,,,,,,,,109,,,,,,,,109,,,,,,,,109,,,,,,,,109
186,0.0042689800262451175,0.0021721172485803437,0.0,0.0,4,True,True,500,-1,l2,newton-cg,"{'C': 4, 'dual': True, 'fit_intercept': True, 'max_iter': 500, 'n_jobs': -1, 'penalty': 'l2', 'solver': 'newton-cg'}",,,,,,,,109,,,,,,,,109,,,,,,,,109,,,,,,,,109,,,,,,,,109,,,,,,,,109,,,,,,,,109,,,,,,,,109,,,,,,,,109
213,0.00071563720703125,0.000613196522575002,0.0,0.0,4,False,True,500,-1,l1,sag,"{'C': 4, 'dual': False, 'fit_intercept': True, 'max_iter': 500, 'n_jobs': -1, 'penalty': 'l1', 'solver': 'sag'}",,,,,,,,109,,,,,,,,109,,,,,,,,109,,,,,,,,109,,,,,,,,109,,,,,,,,109,,,,,,,,109,,,,,,,,109,,,,,,,,109
212,0.004431247711181641,0.000771331350833909,0.0,0.0,4,False,True,500,-1,l1,newton-cholesky,"{'C': 4, 'dual': False, 'fit_intercept': True, 'max_iter': 500, 'n_jobs': -1, 'penalty': 'l1', 'solver': 'newton-cholesky'}",,,,,,,,109,,,,,,,,109,,,,,,,,109,,,,,,,,109,,,,,,,,109,,,,,,,,109,,,,,,,,109,,,,,,,,109,,,,,,,,109
211,0.002799797058105469,0.0006721566402319478,0.0,0.0,4,False,True,500,-1,l1,newton-cg,"{'C': 4, 'dual': False, 'fit_intercept': True, 'max_iter': 500, 'n_jobs': -1, 'penalty': 'l1', 'solver': 'newton-cg'}",,,,,,,,109,,,,,,,,109,,,,,,,,109,,,,,,,,109,,,,,,,,109,,,,,,,,109,,,,,,,,109,,,,,,,,109,,,,,,,,109
210,0.0032408714294433595,0.0035552523912185893,0.0,0.0,4,False,True,500,-1,l1,lbfgs,"{'C': 4, 'dual': False, 'fit_intercept': True, 'max_iter': 500, 'n_jobs': -1, 'penalty': 'l1', 'solver': 'lbfgs'}",,,,,,,,109,,,,,,,,109,,,,,,,,109,,,,,,,,109,,,,,,,,109,,,,,,,,109,,,,,,,,109,,,,,,,,109,,,,,,,,109
209,0.002745819091796875,0.0008494291452866728,0.0,0.0,4,True,False,500,-1,elasticnet,saga,"{'C': 4, 'dual': True, 'fit_intercept': False, 'max_iter': 500, 'n_jobs': -1, 'penalty': 'elasticnet', 'solver': 'saga'}",,,,,,,,109,,,,,,,,109,,,,,,,,109,,,,,,,,109,,,,,,,,109,,,,,,,,109,,,,,,,,109,,,,,,,,109,,,,,,,,109
208,0.002641773223876953,0.0007897789031945822,0.0,0.0,4,True,False,500,-1,elasticnet,sag,"{'C': 4, 'dual': True, 'fit_intercept': False, 'max_iter': 500, 'n_jobs': -1, 'penalty': 'elasticnet', 'solver': 'sag'}",,,,,,,,109,,,,,,,,109,,,,,,,,109,,,,,,,,109,,,,,,,,109,,,,,,,,109,,,,,,,,109,,,,,,,,109,,,,,,,,109
207,0.004540681838989258,0.002765729631877843,0.0,0.0,4,True,False,500,-1,elasticnet,newton-cholesky,"{'C': 4, 'dual': True, 'fit_intercept': False, 'max_iter': 500, 'n_jobs': -1, 'penalty': 'elasticnet', 'solver': 'newton-cholesky'}",,,,,,,,109,,,,,,,,109,,,,,,,,109,,,,,,,,109,,,,,,,,109,,,,,,,,109,,,,,,,,109,,,,,,,,109,,,,,,,,109
206,0.00281672477722168,0.0016369351367269802,0.0,0.0,4,True,False,500,-1,elasticnet,newton-cg,"{'C': 4, 'dual': True, 'fit_intercept': False, 'max_iter': 500, 'n_jobs': -1, 'penalty': 'elasticnet', 'solver': 'newton-cg'}",,,,,,,,109,,,,,,,,109,,,,,,,,109,,,,,,,,109,,,,,,,,109,,,,,,,,109,,,,,,,,109,,,,,,,,109,,,,,,,,109
205,0.003048133850097656,0.0007936621593370254,0.0,0.0,4,True,False,500,-1,elasticnet,lbfgs,"{'C': 4, 'dual': True, 'fit_intercept': False, 'max_iter': 500, 'n_jobs': -1, 'penalty': 'elasticnet', 'solver': 'lbfgs'}",,,,,,,,109,,,,,,,,109,,,,,,,,109,,,,,,,,109,,,,,,,,109,,,,,,,,109,,,,,,,,109,,,,,,,,109,,,,,,,,109
204,0.016497278213500978,0.017650045069556943,0.0,0.0,4,True,False,500,-1,l2,saga,"{'C': 4, 'dual': True, 'fit_intercept': False, 'max_iter': 500, 'n_jobs': -1, 'penalty': 'l2', 'solver': 'saga'}",,,,,,,,109,,,,,,,,109,,,,,,,,109,,,,,,,,109,,,,,,,,109,,,,,,,,109,,,,,,,,109,,,,,,,,109,,,,,,,,109
203,0.007282352447509766,0.009491232607109462,0.0,0.0,4,True,False,500,-1,l2,sag,"{'C': 4, 'dual': True, 'fit_intercept': False, 'max_iter': 500, 'n_jobs': -1, 'penalty': 'l2', 'solver': 'sag'}",,,,,,,,109,,,,,,,,109,,,,,,,,109,,,,,,,,109,,,,,,,,109,,,,,,,,109,,,,,,,,109,,,,,,,,109,,,,,,,,109
202,0.002037525177001953,0.0021234005022357965,0.0,0.0,4,True,False,500,-1,l2,newton-cholesky,"{'C': 4, 'dual': True, 'fit_intercept': False, 'max_iter': 500, 'n_jobs': -1, 'penalty': 'l2', 'solver': 'newton-cholesky'}",,,,,,,,109,,,,,,,,109,,,,,,,,109,,,,,,,,109,,,,,,,,109,,,,,,,,109,,,,,,,,109,,,,,,,,109,,,,,,,,109
201,0.0023155689239501955,0.0016865057914323225,0.0,0.0,4,True,False,500,-1,l2,newton-cg,"{'C': 4, 'dual': True, 'fit_intercept': False, 'max_iter': 500, 'n_jobs': -1, 'penalty': 'l2', 'solver': 'newton-cg'}",,,,,,,,109,,,,,,,,109,,,,,,,,109,,,,,,,,109,,,,,,,,109,,,,,,,,109,,,,,,,,109,,,,,,,,109,,,,,,,,109
200,0.003696584701538086,0.002463227711386323,0.0,0.0,4,True,False,500,-1,l2,lbfgs,"{'C': 4, 'dual': True, 'fit_intercept': False, 'max_iter': 500, 'n_jobs': -1, 'penalty': 'l2', 'solver': 'lbfgs'}",,,,,,,,109,,,,,,,,109,,,,,,,,109,,,,,,,,109,,,,,,,,109,,,,,,,,109,,,,,,,,109,,,,,,,,109,,,,,,,,109
199,0.0014261245727539063,0.0023608901884890642,0.0,0.0,4,True,False,500,-1,l1,saga,"{'C': 4, 'dual': True, 'fit_intercept': False, 'max_iter': 500, 'n_jobs': -1, 'penalty': 'l1', 'solver': 'saga'}",,,,,,,,109,,,,,,,,109,,,,,,,,109,,,,,,,,109,,,,,,,,109,,,,,,,,109,,,,,,,,109,,,,,,,,109,,,,,,,,109
198,0.002204608917236328,0.0008112700966315645,0.0,0.0,4,True,False,500,-1,l1,sag,"{'C': 4, 'dual': True, 'fit_intercept': False, 'max_iter': 500, 'n_jobs': -1, 'penalty': 'l1', 'solver': 'sag'}",,,,,,,,109,,,,,,,,109,,,,,,,,109,,,,,,,,109,,,,,,,,109,,,,,,,,109,,,,,,,,109,,,,,,,,109,,,,,,,,109
197,0.0078094482421875,0.010975392829404986,0.0,0.0,4,True,False,500,-1,l1,newton-cholesky,"{'C': 4, 'dual': True, 'fit_intercept': False, 'max_iter': 500, 'n_jobs': -1, 'penalty': 'l1', 'solver': 'newton-cholesky'}",,,,,,,,109,,,,,,,,109,,,,,,,,109,,,,,,,,109,,,,,,,,109,,,,,,,,109,,,,,,,,109,,,,,,,,109,,,,,,,,109
196,0.0028317928314208984,0.000988629351516842,0.0,0.0,4,True,False,500,-1,l1,newton-cg,"{'C': 4, 'dual': True, 'fit_intercept': False, 'max_iter': 500, 'n_jobs': -1, 'penalty': 'l1', 'solver': 'newton-cg'}",,,,,,,,109,,,,,,,,109,,,,,,,,109,,,,,,,,109,,,,,,,,109,,,,,,,,109,,,,,,,,109,,,,,,,,109,,,,,,,,109
195,0.0025283336639404298,0.0006824736986616425,0.0,0.0,4,True,False,500,-1,l1,lbfgs,"{'C': 4, 'dual': True, 'fit_intercept': False, 'max_iter': 500, 'n_jobs': -1, 'penalty': 'l1', 'solver': 'lbfgs'}",,,,,,,,109,,,,,,,,109,,,,,,,,109,,,,,,,,109,,,,,,,,109,,,,,,,,109,,,,,,,,109,,,,,,,,109,,,,,,,,109
194,0.003351116180419922,0.0016669566926499862,0.0,0.0,4,True,True,500,-1,elasticnet,saga,"{'C': 4, 'dual': True, 'fit_intercept': True, 'max_iter': 500, 'n_jobs': -1, 'penalty': 'elasticnet', 'solver': 'saga'}",,,,,,,,109,,,,,,,,109,,,,,,,,109,,,,,,,,109,,,,,,,,109,,,,,,,,109,,,,,,,,109,,,,,,,,109,,,,,,,,109
193,0.0022124767303466795,0.0017585905564707258,0.0,0.0,4,True,True,500,-1,elasticnet,sag,"{'C': 4, 'dual': True, 'fit_intercept': True, 'max_iter': 500, 'n_jobs': -1, 'penalty': 'elasticnet', 'solver': 'sag'}",,,,,,,,109,,,,,,,,109,,,,,,,,109,,,,,,,,109,,,,,,,,109,,,,,,,,109,,,,,,,,109,,,,,,,,109,,,,,,,,109
192,0.0028954505920410155,0.0005126605685558469,0.0,0.0,4,True,True,500,-1,elasticnet,newton-cholesky,"{'C': 4, 'dual': True, 'fit_intercept': True, 'max_iter': 500, 'n_jobs': -1, 'penalty': 'elasticnet', 'solver': 'newton-cholesky'}",,,,,,,,109,,,,,,,,109,,,,,,,,109,,,,,,,,109,,,,,,,,109,,,,,,,,109,,,,,,,,109,,,,,,,,109,,,,,,,,109
191,0.005353498458862305,0.0016416887348771482,0.0,0.0,4,True,True,500,-1,elasticnet,newton-cg,"{'C': 4, 'dual': True, 'fit_intercept': True, 'max_iter': 500, 'n_jobs': -1, 'penalty': 'elasticnet', 'solver': 'newton-cg'}",,,,,,,,109,,,,,,,,109,,,,,,,,109,,,,,,,,109,,,,,,,,109,,,,,,,,109,,,,,,,,109,,,,,,,,109,,,,,,,,109
190,0.0025104999542236326,0.00043294050006617736,0.0,0.0,4,True,True,500,-1,elasticnet,lbfgs,"{'C': 4, 'dual': True, 'fit_intercept': True, 'max_iter': 500, 'n_jobs': -1, 'penalty': 'elasticnet', 'solver': 'lbfgs'}",,,,,,,,109,,,,,,,,109,,,,,,,,109,,,,,,,,109,,,,,,,,109,,,,,,,,109,,,,,,,,109,,,,,,,,109,,,,,,,,109
189,0.007024049758911133,0.007111673467841835,0.0,0.0,4,True,True,500,-1,l2,saga,"{'C': 4, 'dual': True, 'fit_intercept': True, 'max_iter': 500, 'n_jobs': -1, 'penalty': 'l2', 'solver': 'saga'}",,,,,,,,109,,,,,,,,109,,,,,,,,109,,,,,,,,109,,,,,,,,109,,,,,,,,109,,,,,,,,109,,,,,,,,109,,,,,,,,109
188,0.0029531002044677736,0.0025571042917336326,0.0,0.0,4,True,True,500,-1,l2,sag,"{'C': 4, 'dual': True, 'fit_intercept': True, 'max_iter': 500, 'n_jobs': -1, 'penalty': 'l2', 'solver': 'sag'}",,,,,,,,109,,,,,,,,109,,,,,,,,109,,,,,,,,109,,,,,,,,109,,,,,,,,109,,,,,,,,109,,,,,,,,109,,,,,,,,109
187,0.003424406051635742,0.0017173500932256224,0.0,0.0,4,True,True,500,-1,l2,newton-cholesky,"{'C': 4, 'dual': True, 'fit_intercept': True, 'max_iter': 500, 'n_jobs': -1, 'penalty': 'l2', 'solver': 'newton-cholesky'}",,,,,,,,109,,,,,,,,109,,,,,,,,109,,,,,,,,109,,,,,,,,109,,,,,,,,109,,,,,,,,109,,,,,,,,109,,,,,,,,109
299,0.0032586574554443358,0.0017952731588735474,0.0,0.0,5,False,False,500,-1,elasticnet,saga,"{'C': 5, 'dual': False, 'fit_intercept': False, 'max_iter': 500, 'n_jobs': -1, 'penalty': 'elasticnet', 'solver': 'saga'}",,,,,,,,109,,,,,,,,109,,,,,,,,109,,,,,,,,109,,,,,,,,109,,,,,,,,109,,,,,,,,109,,,,,,,,109,,,,,,,,109
539,0.0004031658172607422,0.0008063316345214844,0.0,0.0,9,False,False,500,-1,elasticnet,saga,"{'C': 9, 'dual': False, 'fit_intercept': False, 'max_iter': 500, 'n_jobs': -1, 'penalty': 'elasticnet', 'solver': 'saga'}",,,,,,,,109,,,,,,,,109,,,,,,,,109,,,,,,,,109,,,,,,,,109,,,,,,,,109,,,,,,,,109,,,,,,,,109,,,,,,,,109
