,mean_fit_time,std_fit_time,mean_score_time,std_score_time,param_criterion,param_max_depth,param_min_samples_leaf,params,split0_test_accuracy_score,split1_test_accuracy_score,split2_test_accuracy_score,split3_test_accuracy_score,split4_test_accuracy_score,mean_test_accuracy_score,std_test_accuracy_score,rank_test_accuracy_score,split0_test_precision_0,split1_test_precision_0,split2_test_precision_0,split3_test_precision_0,split4_test_precision_0,mean_test_precision_0,std_test_precision_0,rank_test_precision_0,split0_test_precision_1,split1_test_precision_1,split2_test_precision_1,split3_test_precision_1,split4_test_precision_1,mean_test_precision_1,std_test_precision_1,rank_test_precision_1,split0_test_recall_0,split1_test_recall_0,split2_test_recall_0,split3_test_recall_0,split4_test_recall_0,mean_test_recall_0,std_test_recall_0,rank_test_recall_0,split0_test_recall_1,split1_test_recall_1,split2_test_recall_1,split3_test_recall_1,split4_test_recall_1,mean_test_recall_1,std_test_recall_1,rank_test_recall_1,split0_test_fbeta_score,split1_test_fbeta_score,split2_test_fbeta_score,split3_test_fbeta_score,split4_test_fbeta_score,mean_test_fbeta_score,std_test_fbeta_score,rank_test_fbeta_score,split0_test_balanced_accuracy_score,split1_test_balanced_accuracy_score,split2_test_balanced_accuracy_score,split3_test_balanced_accuracy_score,split4_test_balanced_accuracy_score,mean_test_balanced_accuracy_score,std_test_balanced_accuracy_score,rank_test_balanced_accuracy_score,split0_test_average_precision_score,split1_test_average_precision_score,split2_test_average_precision_score,split3_test_average_precision_score,split4_test_average_precision_score,mean_test_average_precision_score,std_test_average_precision_score,rank_test_average_precision_score,split0_test_roc_auc,split1_test_roc_auc,split2_test_roc_auc,split3_test_roc_auc,split4_test_roc_auc,mean_test_roc_auc,std_test_roc_auc,rank_test_roc_auc
28,0.6148368835449218,0.03629911687091467,0.06766557693481445,0.008552955391172743,gini,4,2,"{'criterion': 'gini', 'max_depth': 4, 'min_samples_leaf': 2}",0.9422222222222222,0.96,0.9644444444444444,0.9577777777777777,0.9733333333333334,0.9595555555555555,0.010173798348675225,5,0.9234042553191489,0.9519650655021834,0.9563318777292577,0.9598214285714286,1.0,0.9583045254244038,0.02450682574180505,34,0.9627906976744186,0.9683257918552036,0.9728506787330317,0.9557522123893806,0.9493670886075949,0.9618172938519258,0.00844791651199519,1,0.9644444444444444,0.9688888888888889,0.9733333333333334,0.9555555555555556,0.9466666666666667,0.9617777777777778,0.009573626323794686,1,0.92,0.9511111111111111,0.9555555555555556,0.96,1.0,0.9573333333333334,0.0255468584234665,33,0.9539170506912442,0.9648331830477908,0.9693417493237151,0.9565987599645704,0.959079283887468,0.9607540053829577,0.005607205051437206,1,0.9422222222222223,0.96,0.9644444444444444,0.9577777777777778,0.9733333333333334,0.9595555555555556,0.010173798348675184,3,0.9257674418604651,0.9454298642533936,0.9518350930115635,0.9375221238938053,0.9493670886075949,0.9419843223253646,0.00944788978686106,1,0.9422222222222222,0.96,0.9644444444444445,0.9577777777777778,0.9733333333333333,0.9595555555555556,0.010173798348675201,3
65,0.8851378440856934,0.09764339393300196,0.06851873397827149,0.007489638620173819,entropy,4,3,"{'criterion': 'entropy', 'max_depth': 4, 'min_samples_leaf': 3}",0.9533333333333334,0.9577777777777777,0.96,0.9622222222222222,0.9733333333333334,0.9613333333333334,0.006681465057054642,1,0.9473684210526315,0.9517543859649122,0.96,0.9684684684684685,1.0,0.9655182550972026,0.018692277545187905,1,0.9594594594594594,0.963963963963964,0.96,0.956140350877193,0.9493670886075949,0.9577861725816422,0.004887857019638236,14,0.96,0.9644444444444444,0.96,0.9555555555555556,0.9466666666666667,0.9573333333333333,0.006028737762778009,22,0.9466666666666667,0.9511111111111111,0.96,0.9688888888888889,1.0,0.9653333333333333,0.01893980066903335,1,0.9568733153638814,0.9613656783468104,0.96,0.9586631486367634,0.959079283887468,0.9591962852469846,0.0014863604453077778,3,0.9533333333333334,0.9577777777777778,0.96,0.9622222222222223,0.9733333333333334,0.9613333333333335,0.006681465057054634,1,0.934954954954955,0.9412812812812814,0.9416,0.9419493177387914,0.9493670886075949,0.9418305285165246,0.004570386780318466,2,0.9533333333333334,0.9577777777777777,0.96,0.9622222222222223,0.9733333333333333,0.9613333333333334,0.006681465057054605,1
34,0.6124617099761963,0.01909245369323883,0.0629817008972168,0.003243414402832155,gini,4,8,"{'criterion': 'gini', 'max_depth': 4, 'min_samples_leaf': 8}",0.9488888888888889,0.9577777777777777,0.96,0.96,0.9733333333333334,0.96,0.007825251938515134,2,0.9316239316239316,0.9517543859649122,0.9559471365638766,0.9641255605381166,1.0,0.9606902029381674,0.022379702672757736,15,0.9675925925925926,0.963963963963964,0.9641255605381166,0.9559471365638766,0.9493670886075949,0.960199268453229,0.006628222830694579,2,0.9688888888888889,0.9644444444444444,0.9644444444444444,0.9555555555555556,0.9466666666666667,0.96,0.007950463919999253,2,0.9288888888888889,0.9511111111111111,0.9555555555555556,0.9644444444444444,1.0,0.96,0.023179386329609416,14,0.9595959595959596,0.9613656783468104,0.9623992837958818,0.9576345984112974,0.959079283887468,0.9600149608074835,0.0016868083729419342,2,0.9488888888888889,0.9577777777777778,0.96,0.96,0.9733333333333334,0.96,0.007825251938515127,2,0.9343415637860082,0.9412812812812814,0.9434977578475336,0.9397356828193832,0.9493670886075949,0.9416446748683602,0.004902679420704214,3,0.9488888888888889,0.9577777777777777,0.9600000000000001,0.96,0.9733333333333333,0.96,0.007825251938515097,2
31,0.6667530059814453,0.050788414637207485,0.06638503074645996,0.006561664255348752,gini,4,5,"{'criterion': 'gini', 'max_depth': 4, 'min_samples_leaf': 5}",0.9377777777777778,0.96,0.9644444444444444,0.96,0.9733333333333334,0.9591111111111111,0.011725249740687034,6,0.9156118143459916,0.96,0.9644444444444444,0.96,1.0,0.9600112517580872,0.026795758914664725,22,0.9624413145539906,0.96,0.9644444444444444,0.96,0.9493670886075949,0.9592505695212059,0.00521466542814188,3,0.9644444444444444,0.96,0.9644444444444444,0.96,0.9466666666666667,0.9591111111111111,0.0065319726474218085,3,0.9111111111111111,0.96,0.9644444444444444,0.96,1.0,0.9591111111111111,0.028305214805494507,23,0.9517177344475395,0.96,0.9644444444444444,0.96,0.959079283887468,0.9590482925558904,0.0041150453695004315,4,0.9377777777777778,0.96,0.9644444444444444,0.96,0.9733333333333334,0.9591111111111111,0.011725249740687034,6,0.9213354199269692,0.9416,0.9479308641975308,0.9416,0.9493670886075949,0.940366674546419,0.010034493052365227,4,0.9377777777777777,0.96,0.9644444444444444,0.96,0.9733333333333333,0.9591111111111111,0.011725249740687047,6
99,0.8327345848083496,0.07966919498446598,0.06665101051330566,0.007658341865613887,log_loss,4,1,"{'criterion': 'log_loss', 'max_depth': 4, 'min_samples_leaf': 1}",0.9488888888888889,0.9555555555555556,0.9622222222222222,0.96,0.9711111111111111,0.9595555555555556,0.007356864603220824,3,0.9316239316239316,0.9515418502202643,0.9642857142857143,0.9641255605381166,1.0,0.9623154113336053,0.02229494787010389,8,0.9675925925925926,0.9596412556053812,0.9601769911504425,0.9559471365638766,0.9453781512605042,0.9577472254345596,0.0072478504684379075,15,0.9688888888888889,0.96,0.96,0.9555555555555556,0.9422222222222222,0.9573333333333334,0.00870929686322909,14,0.9288888888888889,0.9511111111111111,0.9644444444444444,0.9644444444444444,1.0,0.9617777777777776,0.02311111111111111,9,0.9595959595959596,0.9579230080572964,0.9610274579273693,0.9576345984112974,0.9558198810535259,0.9584001810090899,0.0017778767693397395,9,0.9488888888888889,0.9555555555555555,0.9622222222222222,0.96,0.971111111111111,0.9595555555555556,0.007356864603220803,3,0.9343415637860082,0.9371699053313403,0.9438151425762046,0.9397356828193832,0.9453781512605042,0.9400880891546881,0.004087498627648032,5,0.9488888888888889,0.9555555555555555,0.9622222222222222,0.96,0.971111111111111,0.9595555555555556,0.007356864603220803,3
102,0.705487060546875,0.02085137708226577,0.07056746482849122,0.008909904624166833,log_loss,4,4,"{'criterion': 'log_loss', 'max_depth': 4, 'min_samples_leaf': 4}",0.9444444444444444,0.9577777777777777,0.9622222222222222,0.9577777777777777,0.9733333333333334,0.9591111111111111,0.009280272452364959,6,0.9273504273504274,0.9517543859649122,0.9642857142857143,0.9598214285714286,1.0,0.9606423912344966,0.02345344600359804,16,0.9629629629629629,0.963963963963964,0.9601769911504425,0.9557522123893806,0.9493670886075949,0.958444643814869,0.005357804133138385,9,0.9644444444444444,0.9644444444444444,0.96,0.9555555555555556,0.9466666666666667,0.9582222222222223,0.00665183535426478,8,0.9244444444444444,0.9511111111111111,0.9644444444444444,0.96,1.0,0.96,0.024343224778007395,14,0.9550045913682277,0.9613656783468104,0.9610274579273693,0.9565987599645704,0.959079283887468,0.9586151542988892,0.0024779837932038798,7,0.9444444444444444,0.9577777777777778,0.9622222222222222,0.9577777777777778,0.9733333333333334,0.9591111111111111,0.009280272452364952,6,0.9279835390946501,0.9412812812812814,0.9438151425762046,0.9375221238938053,0.9493670886075949,0.9399938350907073,0.00713406414658551,6,0.9444444444444444,0.9577777777777777,0.9622222222222222,0.9577777777777778,0.9733333333333333,0.9591111111111111,0.00928027245236492,6
33,0.6118472576141357,0.023959487868968603,0.06295642852783204,0.009600559907887541,gini,4,7,"{'criterion': 'gini', 'max_depth': 4, 'min_samples_leaf': 7}",0.94,0.9577777777777777,0.9622222222222222,0.96,0.9733333333333334,0.9586666666666666,0.010758860832809101,12,0.9230769230769231,0.9478260869565217,0.9642857142857143,0.96,1.0,0.9590377448638318,0.02500102174096486,28,0.9583333333333334,0.9681818181818181,0.9601769911504425,0.96,0.9493670886075949,0.9592118462546377,0.0059950667294457775,5,0.96,0.9688888888888889,0.96,0.96,0.9466666666666667,0.9591111111111111,0.007111111111111118,3,0.92,0.9466666666666667,0.9644444444444444,0.96,1.0,0.9582222222222223,0.026006646823693844,28,0.9504132231404959,0.9638009049773756,0.9610274579273693,0.96,0.959079283887468,0.9588641739865418,0.0045123398251707345,5,0.94,0.9577777777777778,0.9622222222222222,0.96,0.9733333333333334,0.9586666666666666,0.0107588608328091,11,0.9216666666666666,0.9432121212121212,0.9438151425762046,0.9416,0.9493670886075949,0.9399322038125174,0.009500142251951685,7,0.94,0.9577777777777778,0.9622222222222222,0.96,0.9733333333333333,0.9586666666666666,0.010758860832809069,11
103,0.7100440502166748,0.02636253569244654,0.06974520683288574,0.007314595411887232,log_loss,4,5,"{'criterion': 'log_loss', 'max_depth': 4, 'min_samples_leaf': 5}",0.9422222222222222,0.9577777777777777,0.96,0.9577777777777777,0.9755555555555555,0.9586666666666666,0.010573668669662504,12,0.9234042553191489,0.9517543859649122,0.96,0.9598214285714286,1.0,0.958996013971098,0.02450400223467842,29,0.9627906976744186,0.963963963963964,0.96,0.9557522123893806,0.9533898305084746,0.9591793409072477,0.004046520415780684,6,0.9644444444444444,0.9644444444444444,0.96,0.9555555555555556,0.9511111111111111,0.9591111111111111,0.005183068350973584,3,0.92,0.9511111111111111,0.96,0.96,1.0,0.9582222222222223,0.0255468584234665,28,0.9539170506912442,0.9613656783468104,0.96,0.9565987599645704,0.962360992301112,0.9588484962607474,0.003142618772832464,6,0.9422222222222223,0.9577777777777778,0.96,0.9577777777777778,0.9755555555555555,0.9586666666666668,0.010573668669662467,9,0.9257674418604651,0.9412812812812814,0.9416,0.9375221238938053,0.9533898305084746,0.9399121355088053,0.008856141632971616,8,0.9422222222222222,0.9577777777777777,0.96,0.9577777777777778,0.9755555555555556,0.9586666666666666,0.010573668669662537,11
100,0.7211686134338379,0.07383169646195857,0.06755566596984863,0.003981578487104692,log_loss,4,2,"{'criterion': 'log_loss', 'max_depth': 4, 'min_samples_leaf': 2}",0.9466666666666667,0.96,0.96,0.9577777777777777,0.9733333333333334,0.9595555555555556,0.008479459568150648,3,0.935064935064935,0.96,0.96,0.963963963963964,1.0,0.9638057798057797,0.02080889556883356,2,0.958904109589041,0.96,0.96,0.9517543859649122,0.9493670886075949,0.9560051168323096,0.00452668694896669,31,0.96,0.96,0.96,0.9511111111111111,0.9466666666666667,0.9555555555555555,0.0056218269514104365,31,0.9333333333333333,0.96,0.96,0.9644444444444444,1.0,0.9635555555555555,0.02129626409015278,2,0.9536784741144414,0.96,0.96,0.9542656112576957,0.959079283887468,0.9574046738519211,0.002828923217587106,20,0.9466666666666667,0.96,0.96,0.9577777777777778,0.9733333333333334,0.9595555555555556,0.008479459568150645,3,0.928310502283105,0.9416,0.9416,0.9356920077972709,0.9493670886075949,0.9393139197375941,0.007010163650618841,9,0.9466666666666667,0.96,0.96,0.9577777777777778,0.9733333333333333,0.9595555555555556,0.008479459568150608,3
101,0.7893811225891113,0.06823525985611288,0.06858124732971191,0.008691450485355258,log_loss,4,3,"{'criterion': 'log_loss', 'max_depth': 4, 'min_samples_leaf': 3}",0.94,0.9644444444444444,0.96,0.9577777777777777,0.9711111111111111,0.9586666666666668,0.010385174618264848,9,0.9194915254237288,0.960352422907489,0.96,0.963963963963964,1.0,0.9607615824590363,0.02551028688784263,13,0.9626168224299065,0.968609865470852,0.96,0.9517543859649122,0.9453781512605042,0.9576718450252351,0.008193468453586048,16,0.9644444444444444,0.9688888888888889,0.96,0.9511111111111111,0.9422222222222222,0.9573333333333334,0.009573626323794686,14,0.9155555555555556,0.96,0.96,0.9644444444444444,1.0,0.96,0.026814405562663738,14,0.9528214616096207,0.9668755595344674,0.96,0.9542656112576957,0.9558198810535259,0.957956502691062,0.005065213415652038,12,0.94,0.9644444444444444,0.96,0.9577777777777778,0.971111111111111,0.9586666666666666,0.010385174618264818,11,0.9235514018691589,0.9498654708520179,0.9416,0.9356920077972709,0.9453781512605042,0.9392174063557904,0.009108950975186728,10,0.9400000000000001,0.9644444444444444,0.96,0.9577777777777778,0.971111111111111,0.9586666666666666,0.010385174618264778,11
54,0.6357710361480713,0.02624576695888512,0.06508736610412598,0.0054909814767769615,entropy,3,1,"{'criterion': 'entropy', 'max_depth': 3, 'min_samples_leaf': 1}",0.9377777777777778,0.9622222222222222,0.9644444444444444,0.9577777777777777,0.9711111111111111,0.9586666666666668,0.011296235579678954,9,0.9191489361702128,0.9601769911504425,0.9644444444444444,0.9598214285714286,1.0,0.9607183600673057,0.025636089834980856,14,0.958139534883721,0.9642857142857143,0.9644444444444444,0.9557522123893806,0.9453781512605042,0.957600011452753,0.0069946293514161414,17,0.96,0.9644444444444444,0.9644444444444444,0.9555555555555556,0.9422222222222222,0.9573333333333334,0.008243216440440633,14,0.9155555555555556,0.96,0.9644444444444444,0.96,1.0,0.96,0.026814405562663738,14,0.9493087557603687,0.9634255129348795,0.9644444444444444,0.9565987599645704,0.9558198810535259,0.9579194708315578,0.005535137735590995,13,0.9377777777777778,0.9622222222222222,0.9644444444444444,0.9577777777777778,0.971111111111111,0.9586666666666666,0.011296235579678928,11,0.9194521963824289,0.9457142857142857,0.9479308641975308,0.9375221238938053,0.9453781512605042,0.939199524289711,0.010484507387713863,11,0.9377777777777778,0.9622222222222222,0.9644444444444444,0.9577777777777778,0.971111111111111,0.9586666666666666,0.011296235579678928,11
32,0.6062666893005371,0.045877777580250495,0.06299591064453125,0.00433187657533366,gini,4,6,"{'criterion': 'gini', 'max_depth': 4, 'min_samples_leaf': 6}",0.94,0.9644444444444444,0.9577777777777777,0.9577777777777777,0.9733333333333334,0.9586666666666666,0.010940918777858851,12,0.9267241379310345,0.960352422907489,0.9557522123893806,0.9598214285714286,1.0,0.9605300403598666,0.02334128561910478,18,0.9541284403669725,0.968609865470852,0.9598214285714286,0.9557522123893806,0.9493670886075949,0.9575358070812457,0.006471138296543301,22,0.9555555555555556,0.9688888888888889,0.96,0.9555555555555556,0.9466666666666667,0.9573333333333334,0.007221367470787523,14,0.9244444444444444,0.96,0.9555555555555556,0.96,1.0,0.96,0.024016455264188982,14,0.9480401093892434,0.9668755595344674,0.9589652096342551,0.9565987599645704,0.959079283887468,0.9579117844820008,0.00603317536832354,14,0.94,0.9644444444444444,0.9577777777777778,0.9577777777777778,0.9733333333333334,0.9586666666666666,0.010940918777858848,11,0.9198165137614679,0.9498654708520179,0.9393849206349207,0.9375221238938053,0.9493670886075949,0.9391912235499614,0.010915040785520455,12,0.9400000000000001,0.9644444444444444,0.9577777777777778,0.9577777777777778,0.9733333333333333,0.9586666666666668,0.01094091877785878,9
27,0.6193798542022705,0.042623527317861155,0.05814957618713379,0.003197278217916259,gini,4,1,"{'criterion': 'gini', 'max_depth': 4, 'min_samples_leaf': 1}",0.94,0.9555555555555556,0.96,0.9622222222222222,0.9733333333333334,0.9582222222222223,0.010832051206181307,15,0.9230769230769231,0.9475982532751092,0.96,0.9642857142857143,1.0,0.9589921781275492,0.025021613671390653,30,0.9583333333333334,0.9638009049773756,0.96,0.9601769911504425,0.9493670886075949,0.9583356636137491,0.0048262761822734255,11,0.96,0.9644444444444444,0.96,0.96,0.9466666666666667,0.9582222222222221,0.006028737762778012,13,0.92,0.9466666666666667,0.96,0.9644444444444444,1.0,0.9582222222222223,0.026006646823693844,28,0.9504132231404959,0.9603246167718665,0.96,0.9610274579273693,0.959079283887468,0.9581689163454399,0.0039281221418103855,10,0.94,0.9555555555555555,0.96,0.9622222222222222,0.9733333333333334,0.9582222222222221,0.010832051206181314,20,0.9216666666666666,0.9390648567119155,0.9416,0.9438151425762046,0.9493670886075949,0.9391027509124763,0.009357542266154657,13,0.94,0.9555555555555556,0.96,0.9622222222222222,0.9733333333333333,0.9582222222222223,0.010832051206181277,15
29,0.594428300857544,0.010641931151455916,0.06548871994018554,0.007365946727423348,gini,4,3,"{'criterion': 'gini', 'max_depth': 4, 'min_samples_leaf': 3}",0.9377777777777778,0.9622222222222222,0.96,0.9555555555555556,0.9733333333333334,0.9577777777777777,0.011589693164804703,22,0.9121338912133892,0.956140350877193,0.96,0.9596412556053812,1.0,0.9575830995391927,0.027845943762337323,41,0.966824644549763,0.9684684684684685,0.96,0.9515418502202643,0.9493670886075949,0.959240410369218,0.007746030619243379,4,0.9688888888888889,0.9688888888888889,0.96,0.9511111111111111,0.9466666666666667,0.9591111111111111,0.009064923579720514,3,0.9066666666666666,0.9555555555555556,0.96,0.96,1.0,0.9564444444444444,0.02966812314360648,41,0.9541627689429373,0.9658580413297394,0.96,0.9532215357458076,0.959079283887468,0.9584643259811905,0.004547389074611484,8,0.9377777777777778,0.9622222222222223,0.96,0.9555555555555555,0.9733333333333334,0.957777777777778,0.011589693164804717,22,0.9232543443917851,0.9476476476476476,0.9416,0.9334801762114537,0.9493670886075949,0.9390698513716963,0.00966838213098821,14,0.9377777777777778,0.9622222222222223,0.96,0.9555555555555555,0.9733333333333333,0.957777777777778,0.011589693164804685,22
105,0.7807704448699951,0.05340054448895674,0.07189526557922363,0.009652899041064804,log_loss,4,7,"{'criterion': 'log_loss', 'max_depth': 4, 'min_samples_leaf': 7}",0.9511111111111111,0.9533333333333334,0.9622222222222222,0.9577777777777777,0.9711111111111111,0.9591111111111111,0.007111111111111113,6,0.9432314410480349,0.9473684210526315,0.9642857142857143,0.9598214285714286,1.0,0.9629414009915619,0.020079249944941684,5,0.9592760180995475,0.9594594594594594,0.9601769911504425,0.9557522123893806,0.9453781512605042,0.9560085664718668,0.0055323071468165235,30,0.96,0.96,0.96,0.9555555555555556,0.9422222222222222,0.9555555555555555,0.006885303726590965,31,0.9422222222222222,0.9466666666666667,0.9644444444444444,0.96,1.0,0.9626666666666667,0.020386391006541726,4,0.9558160504959423,0.9568733153638814,0.9610274579273693,0.9565987599645704,0.9558198810535259,0.9572270929610578,0.0019459712747605207,22,0.951111111111111,0.9533333333333334,0.9622222222222222,0.9577777777777778,0.971111111111111,0.9591111111111111,0.007111111111111097,6,0.9327400703871291,0.934954954954955,0.9438151425762046,0.9375221238938053,0.9453781512605042,0.9388820886145197,0.004930114035531466,15,0.951111111111111,0.9533333333333334,0.9622222222222222,0.9577777777777778,0.971111111111111,0.9591111111111111,0.007111111111111097,6
35,0.5825836658477783,0.008316741543839858,0.06330351829528809,0.004234792628597677,gini,4,9,"{'criterion': 'gini', 'max_depth': 4, 'min_samples_leaf': 9}",0.94,0.9577777777777777,0.9666666666666667,0.9555555555555556,0.9733333333333334,0.9586666666666668,0.011296235579678994,9,0.9230769230769231,0.9517543859649122,0.972972972972973,0.9596412556053812,1.0,0.9614891075240379,0.025253290001465218,10,0.9583333333333334,0.963963963963964,0.9605263157894737,0.9515418502202643,0.9493670886075949,0.956746510382926,0.005485269826157575,25,0.96,0.9644444444444444,0.96,0.9511111111111111,0.9466666666666667,0.9564444444444444,0.006531972647421799,25,0.92,0.9511111111111111,0.9733333333333334,0.96,1.0,0.9608888888888888,0.02627865866505685,10,0.9504132231404959,0.9613656783468104,0.9630606860158312,0.9532215357458076,0.959079283887468,0.9574280814272826,0.0048344728124206345,19,0.94,0.9577777777777778,0.9666666666666667,0.9555555555555555,0.9733333333333334,0.9586666666666668,0.011296235579679,9,0.9216666666666666,0.9412812812812814,0.9482456140350878,0.9334801762114537,0.9493670886075949,0.938808165360417,0.010284853385675342,16,0.94,0.9577777777777777,0.9666666666666667,0.9555555555555555,0.9733333333333333,0.9586666666666668,0.011296235579678971,9
98,0.6422054290771484,0.03174511428418656,0.07132377624511718,0.01112625215795357,log_loss,3,9,"{'criterion': 'log_loss', 'max_depth': 3, 'min_samples_leaf': 9}",0.9355555555555556,0.9577777777777777,0.9622222222222222,0.9622222222222222,0.9733333333333334,0.9582222222222223,0.012444444444444442,15,0.9152542372881356,0.9517543859649122,0.9642857142857143,0.9684684684684685,1.0,0.959952561201446,0.02742350993007383,23,0.9579439252336449,0.963963963963964,0.9601769911504425,0.956140350877193,0.9493670886075949,0.9575184639665679,0.004840193595789226,23,0.96,0.9644444444444444,0.96,0.9555555555555556,0.9466666666666667,0.9573333333333333,0.006028737762778009,22,0.9111111111111111,0.9511111111111111,0.9644444444444444,0.9688888888888889,1.0,0.9591111111111111,0.028858103254662988,23,0.9481961147086031,0.9613656783468104,0.9610274579273693,0.9586631486367634,0.959079283887468,0.9576663367014028,0.004850926156582551,18,0.9355555555555555,0.9577777777777778,0.9622222222222222,0.9622222222222223,0.9733333333333334,0.9582222222222223,0.012444444444444489,15,0.9172377985462099,0.9412812812812814,0.9438151425762046,0.9419493177387914,0.9493670886075949,0.9387301257500165,0.011115701464117318,17,0.9355555555555555,0.9577777777777777,0.9622222222222222,0.9622222222222223,0.9733333333333333,0.9582222222222223,0.012444444444444465,15
30,0.6340094089508057,0.05814871692273644,0.07026314735412598,0.0059314849177373756,gini,4,4,"{'criterion': 'gini', 'max_depth': 4, 'min_samples_leaf': 4}",0.9422222222222222,0.9555555555555556,0.96,0.96,0.9733333333333334,0.9582222222222223,0.009977753031397198,15,0.9234042553191489,0.9555555555555556,0.96,0.96,1.0,0.9597919621749409,0.02432605687933215,24,0.9627906976744186,0.9555555555555556,0.96,0.96,0.9493670886075949,0.9575426683675138,0.0046990954629249695,21,0.9644444444444444,0.9555555555555556,0.96,0.96,0.9466666666666667,0.9573333333333333,0.006028737762778009,22,0.92,0.9555555555555556,0.96,0.96,1.0,0.9591111111111111,0.025360609098110394,23,0.9539170506912442,0.9555555555555556,0.96,0.96,0.959079283887468,0.9577103780268535,0.0025056429503401284,17,0.9422222222222223,0.9555555555555556,0.96,0.96,0.9733333333333334,0.9582222222222223,0.009977753031397163,15,0.9257674418604651,0.9353086419753087,0.9416,0.9416,0.9493670886075949,0.9387286344886737,0.007865812723128623,18,0.9422222222222222,0.9555555555555557,0.96,0.96,0.9733333333333333,0.9582222222222223,0.00997775303139716,15
25,0.5527854919433594,0.01715635358254121,0.06168255805969238,0.007181841107557914,gini,3,8,"{'criterion': 'gini', 'max_depth': 3, 'min_samples_leaf': 8}",0.9377777777777778,0.96,0.9577777777777777,0.96,0.9733333333333334,0.9577777777777777,0.011417984514369,22,0.9227467811158798,0.9519650655021834,0.9557522123893806,0.96,1.0,0.9580928118014889,0.024707162342424517,37,0.9539170506912442,0.9683257918552036,0.9598214285714286,0.96,0.9493670886075949,0.9582862719450942,0.006398866391979953,12,0.9555555555555556,0.9688888888888889,0.96,0.96,0.9466666666666667,0.9582222222222223,0.007221367470787523,8,0.92,0.9511111111111111,0.9555555555555556,0.96,1.0,0.9573333333333334,0.0255468584234665,33,0.9469350411710887,0.9648331830477908,0.9589652096342551,0.96,0.959079283887468,0.9579625435481205,0.005919715751097955,11,0.9377777777777778,0.96,0.9577777777777778,0.96,0.9733333333333334,0.9577777777777777,0.011417984514369,23,0.9176036866359447,0.9454298642533936,0.9393849206349207,0.9416,0.9493670886075949,0.9386771120263708,0.011072567784983382,19,0.9377777777777778,0.96,0.9577777777777778,0.96,0.9733333333333333,0.9577777777777777,0.01141798451436897,23
57,0.6179113388061523,0.018272346119338624,0.07511067390441895,0.0060602858489592695,entropy,3,4,"{'criterion': 'entropy', 'max_depth': 3, 'min_samples_leaf': 4}",0.9377777777777778,0.9577777777777777,0.9622222222222222,0.96,0.9733333333333334,0.9582222222222223,0.011538448876219702,15,0.9227467811158798,0.9517543859649122,0.9642857142857143,0.9641255605381166,1.0,0.9605824883809244,0.02485752844176864,17,0.9539170506912442,0.963963963963964,0.9601769911504425,0.9559471365638766,0.9493670886075949,0.9566744461954244,0.005038542937056351,27,0.9555555555555556,0.9644444444444444,0.96,0.9555555555555556,0.9466666666666667,0.9564444444444444,0.005896221849520705,25,0.92,0.9511111111111111,0.9644444444444444,0.9644444444444444,1.0,0.96,0.025762447548781212,14,0.9469350411710887,0.9613656783468104,0.9610274579273693,0.9576345984112974,0.959079283887468,0.9572084119488068,0.005312097889506483,23,0.9377777777777778,0.9577777777777778,0.9622222222222222,0.96,0.9733333333333334,0.9582222222222223,0.0115384488762197,15,0.9176036866359447,0.9412812812812814,0.9438151425762046,0.9397356828193832,0.9493670886075949,0.9383605763840818,0.010882697372359883,20,0.9377777777777778,0.9577777777777777,0.9622222222222222,0.96,0.9733333333333333,0.9582222222222223,0.011538448876219673,15
107,0.612677812576294,0.053733926068198934,0.045331716537475586,0.01595405465463844,log_loss,4,9,"{'criterion': 'log_loss', 'max_depth': 4, 'min_samples_leaf': 9}",0.94,0.9555555555555556,0.96,0.96,0.9711111111111111,0.9573333333333334,0.010076252487781918,25,0.9159663865546218,0.9475982532751092,0.96,0.9641255605381166,1.0,0.9575380400735695,0.027127390037533092,44,0.9669811320754716,0.9638009049773756,0.96,0.9559471365638766,0.9453781512605042,0.9584214649754456,0.007495977350233312,10,0.9688888888888889,0.9644444444444444,0.96,0.9555555555555556,0.9422222222222222,0.9582222222222223,0.009151671236432903,8,0.9111111111111111,0.9466666666666667,0.96,0.9644444444444444,1.0,0.9564444444444444,0.028720878971384027,41,0.9552656104380243,0.9603246167718665,0.96,0.9576345984112974,0.9558198810535259,0.9578089413349428,0.002077722276292935,15,0.94,0.9555555555555555,0.96,0.96,0.971111111111111,0.9573333333333333,0.010076252487781894,25,0.9254716981132074,0.9390648567119155,0.9416,0.9397356828193832,0.9453781512605042,0.9382500777810021,0.0067555796845740704,21,0.94,0.9555555555555556,0.96,0.96,0.971111111111111,0.9573333333333334,0.010076252487781889,25
66,0.6932355880737304,0.03440403238636361,0.0625455379486084,0.0016550970846761924,entropy,4,4,"{'criterion': 'entropy', 'max_depth': 4, 'min_samples_leaf': 4}",0.94,0.96,0.9622222222222222,0.9555555555555556,0.9733333333333334,0.9582222222222223,0.010832051206181307,15,0.9230769230769231,0.96,0.9642857142857143,0.9596412556053812,1.0,0.9614007785936037,0.024380314807669754,11,0.9583333333333334,0.96,0.9601769911504425,0.9515418502202643,0.9493670886075949,0.9558838526623271,0.004531994295961374,34,0.96,0.96,0.96,0.9511111111111111,0.9466666666666667,0.9555555555555555,0.0056218269514104365,31,0.92,0.96,0.9644444444444444,0.96,1.0,0.9608888888888888,0.025360609098110394,10,0.9504132231404959,0.96,0.9610274579273693,0.9532215357458076,0.959079283887468,0.9567483001402282,0.004168680756821663,28,0.94,0.96,0.9622222222222222,0.9555555555555555,0.9733333333333334,0.9582222222222223,0.010832051206181314,15,0.9216666666666666,0.9416,0.9438151425762046,0.9334801762114537,0.9493670886075949,0.9379858148123839,0.009624886132875024,22,0.94,0.96,0.9622222222222222,0.9555555555555555,0.9733333333333333,0.9582222222222223,0.010832051206181283,15
104,0.835556173324585,0.07691197864110114,0.07674059867858887,0.014893890575950416,log_loss,4,6,"{'criterion': 'log_loss', 'max_depth': 4, 'min_samples_leaf': 6}",0.9422222222222222,0.9555555555555556,0.96,0.96,0.9733333333333334,0.9582222222222223,0.009977753031397198,15,0.927038626609442,0.9515418502202643,0.96,0.9683257918552036,1.0,0.9613812537369821,0.02373930047021086,12,0.9585253456221198,0.9596412556053812,0.96,0.9519650655021834,0.9493670886075949,0.9558997510674558,0.004378631603450231,33,0.96,0.96,0.96,0.9511111111111111,0.9466666666666667,0.9555555555555555,0.0056218269514104365,31,0.9244444444444444,0.9511111111111111,0.96,0.9688888888888889,1.0,0.9608888888888888,0.02456937770859602,10,0.9515096065873742,0.9579230080572964,0.96,0.9553023663453112,0.959079283887468,0.9567628529754899,0.0030633495279933447,27,0.9422222222222222,0.9555555555555555,0.96,0.96,0.9733333333333334,0.9582222222222223,0.009977753031397205,15,0.9238812083973373,0.9371699053313403,0.9416,0.9379039301310044,0.9493670886075949,0.9379844264934553,0.008272944501693056,23,0.9422222222222222,0.9555555555555555,0.96,0.96,0.9733333333333333,0.9582222222222223,0.009977753031397172,15
63,0.9258757591247558,0.018243287492975414,0.08338098526000977,0.049975779081645036,entropy,4,1,"{'criterion': 'entropy', 'max_depth': 4, 'min_samples_leaf': 1}",0.9444444444444444,0.9555555555555556,0.96,0.9555555555555556,0.9711111111111111,0.9573333333333334,0.008595146491472775,25,0.9310344827586207,0.9399141630901288,0.96,0.9596412556053812,1.0,0.9581179802908262,0.023769142769745254,36,0.9587155963302753,0.9723502304147466,0.96,0.9515418502202643,0.9453781512605042,0.9575971656451581,0.009062544649900806,18,0.96,0.9733333333333334,0.96,0.9511111111111111,0.9422222222222222,0.9573333333333334,0.010366136701947222,14,0.9288888888888889,0.9377777777777778,0.96,0.96,1.0,0.9573333333333334,0.02460151556106319,33,0.9525979945305378,0.9652333028362305,0.96,0.9532215357458076,0.9558198810535259,0.9573745428332204,0.004714509283577873,21,0.9444444444444444,0.9555555555555556,0.96,0.9555555555555555,0.971111111111111,0.9573333333333333,0.008595146491472744,25,0.9260958205912334,0.9429595494111623,0.9416,0.9334801762114537,0.9453781512605042,0.9379027394948707,0.007128607757914038,24,0.9444444444444444,0.9555555555555556,0.96,0.9555555555555555,0.971111111111111,0.9573333333333333,0.008595146491472744,26
70,0.6922935009002685,0.06521560612289541,0.05851302146911621,0.004785341024157519,entropy,4,8,"{'criterion': 'entropy', 'max_depth': 4, 'min_samples_leaf': 8}",0.9311111111111111,0.9577777777777777,0.9622222222222222,0.9577777777777777,0.9733333333333334,0.9564444444444444,0.01388488831272295,31,0.9008264462809917,0.9517543859649122,0.9642857142857143,0.9598214285714286,1.0,0.9553375950206094,0.0318722724143938,59,0.9663461538461539,0.963963963963964,0.9601769911504425,0.9557522123893806,0.9493670886075949,0.9591212819915071,0.006054085932416483,7,0.9688888888888889,0.9644444444444444,0.96,0.9555555555555556,0.9466666666666667,0.9591111111111111,0.0076465113484823375,3,0.8933333333333333,0.9511111111111111,0.9644444444444444,0.96,1.0,0.9537777777777778,0.03449530295454624,60,0.9508041627246925,0.9613656783468104,0.9610274579273693,0.9565987599645704,0.959079283887468,0.957775068570182,0.0038768214541019053,16,0.9311111111111111,0.9577777777777778,0.9622222222222222,0.9577777777777778,0.9733333333333334,0.9564444444444444,0.013884888312722953,31,0.9166025641025641,0.9412812812812814,0.9438151425762046,0.9375221238938053,0.9493670886075949,0.9377176400922901,0.011238090464235708,25,0.9311111111111111,0.9577777777777777,0.9622222222222222,0.9577777777777778,0.9733333333333333,0.9564444444444444,0.013884888312722924,32
106,0.752503490447998,0.09720206720098383,0.06501030921936035,0.006580497173439025,log_loss,4,8,"{'criterion': 'log_loss', 'max_depth': 4, 'min_samples_leaf': 8}",0.94,0.96,0.96,0.96,0.9711111111111111,0.9582222222222223,0.010076252487781922,15,0.9230769230769231,0.96,0.96,0.9683257918552036,1.0,0.9622805429864254,0.024521941350223304,9,0.9583333333333334,0.96,0.96,0.9519650655021834,0.9453781512605042,0.9551353100192042,0.005706318737617102,40,0.96,0.96,0.96,0.9511111111111111,0.9422222222222222,0.9546666666666667,0.007111111111111107,40,0.92,0.96,0.96,0.9688888888888889,1.0,0.9617777777777778,0.025546858423466504,7,0.9504132231404959,0.96,0.96,0.9553023663453112,0.9558198810535259,0.9563070941078665,0.0035569559253241035,29,0.94,0.96,0.96,0.96,0.971111111111111,0.9582222222222221,0.010076252487781894,20,0.9216666666666666,0.9416,0.9416,0.9379039301310044,0.9453781512605042,0.937629749611635,0.008324165981886292,26,0.94,0.96,0.96,0.96,0.971111111111111,0.9582222222222221,0.010076252487781894,21
71,0.7114474296569824,0.04534585418312736,0.0616569995880127,0.0021011571824142206,entropy,4,9,"{'criterion': 'entropy', 'max_depth': 4, 'min_samples_leaf': 9}",0.9377777777777778,0.9555555555555556,0.9622222222222222,0.9577777777777777,0.9711111111111111,0.9568888888888889,0.01094091877785881,27,0.9121338912133892,0.9515418502202643,0.9642857142857143,0.9598214285714286,1.0,0.9575565768581592,0.028111393844886347,43,0.966824644549763,0.9596412556053812,0.9601769911504425,0.9557522123893806,0.9453781512605042,0.9575546509910943,0.007052365530904684,20,0.9688888888888889,0.96,0.96,0.9555555555555556,0.9422222222222222,0.9573333333333334,0.00870929686322909,14,0.9066666666666666,0.9511111111111111,0.9644444444444444,0.96,1.0,0.9564444444444444,0.029933259094191544,41,0.9541627689429373,0.9579230080572964,0.9610274579273693,0.9565987599645704,0.9558198810535259,0.95710637518914,0.0023073507401893283,24,0.9377777777777778,0.9555555555555555,0.9622222222222222,0.9577777777777778,0.971111111111111,0.9568888888888889,0.010940918777858783,28,0.9232543443917851,0.9371699053313403,0.9438151425762046,0.9375221238938053,0.9453781512605042,0.9374279334907278,0.007809846103441489,27,0.9377777777777778,0.9555555555555555,0.9622222222222222,0.9577777777777778,0.971111111111111,0.9568888888888889,0.010940918777858783,28
68,0.7287139415740966,0.07710210004209934,0.07415733337402344,0.013403899782959807,entropy,4,6,"{'criterion': 'entropy', 'max_depth': 4, 'min_samples_leaf': 6}",0.9355555555555556,0.9533333333333334,0.9622222222222222,0.9622222222222222,0.9688888888888889,0.9564444444444444,0.011555555555555545,31,0.9117647058823529,0.9396551724137931,0.9642857142857143,0.9684684684684685,1.0,0.9568348122100658,0.02959914135423823,48,0.9622641509433962,0.9678899082568807,0.9601769911504425,0.956140350877193,0.9414225941422594,0.9575787990740345,0.008923162979557505,19,0.9644444444444444,0.9688888888888889,0.96,0.9555555555555556,0.9377777777777778,0.9573333333333334,0.010740485309861826,14,0.9066666666666666,0.9377777777777778,0.9644444444444444,0.9688888888888889,1.0,0.9555555555555557,0.03142696805273546,49,0.9506057781919851,0.9617137648131268,0.9610274579273693,0.9586631486367634,0.9525825571549534,0.9569185413448397,0.004507166642470932,26,0.9355555555555555,0.9533333333333334,0.9622222222222222,0.9622222222222223,0.9688888888888889,0.9564444444444444,0.011555555555555595,31,0.919119496855346,0.9387767584097859,0.9438151425762046,0.9419493177387914,0.9414225941422594,0.9370166619444774,0.009092514816170679,28,0.9355555555555556,0.9533333333333334,0.9622222222222222,0.9622222222222223,0.9688888888888889,0.9564444444444444,0.011555555555555555,32
91,0.6906030178070068,0.10952121752133943,0.062137603759765625,0.0065944040367516355,log_loss,3,2,"{'criterion': 'log_loss', 'max_depth': 3, 'min_samples_leaf': 2}",0.94,0.96,0.9622222222222222,0.9555555555555556,0.9711111111111111,0.9577777777777777,0.010231879496196767,22,0.9194915254237288,0.96,0.9684684684684685,0.9638009049773756,1.0,0.9623521797739146,0.0256882642500455,7,0.9626168224299065,0.96,0.956140350877193,0.9475982532751092,0.9453781512605042,0.9543467155685426,0.006775666890499976,44,0.9644444444444444,0.96,0.9555555555555556,0.9466666666666667,0.9422222222222222,0.9537777777777778,0.008243216440440633,44,0.9155555555555556,0.96,0.9688888888888889,0.9644444444444444,1.0,0.9617777777777778,0.027049109430583,7,0.9528214616096207,0.96,0.9586631486367634,0.950920245398773,0.9558198810535259,0.9556449473397365,0.0034176455242279063,37,0.94,0.96,0.9622222222222223,0.9555555555555555,0.971111111111111,0.9577777777777777,0.010231879496196753,23,0.9235514018691589,0.9416,0.9419493177387914,0.9316836487142164,0.9453781512605042,0.9368325039165342,0.00806023911074899,29,0.9400000000000001,0.96,0.9622222222222223,0.9555555555555555,0.971111111111111,0.9577777777777777,0.010231879496196713,23
18,0.5547248363494873,0.01782529962628813,0.06165323257446289,0.00238985162141419,gini,3,1,"{'criterion': 'gini', 'max_depth': 3, 'min_samples_leaf': 1}",0.9355555555555556,0.9577777777777777,0.96,0.96,0.9711111111111111,0.9568888888888889,0.011640711869963367,27,0.9188034188034188,0.9517543859649122,0.9559471365638766,0.9683257918552036,1.0,0.9589661466374823,0.026250899798956385,32,0.9537037037037037,0.963963963963964,0.9641255605381166,0.9519650655021834,0.9453781512605042,0.9558272889936944,0.007261923358810707,35,0.9555555555555556,0.9644444444444444,0.9644444444444444,0.9511111111111111,0.9422222222222222,0.9555555555555555,0.008432740427115686,31,0.9155555555555556,0.9511111111111111,0.9555555555555556,0.9688888888888889,1.0,0.9582222222222223,0.02733965599863057,28,0.945821854912764,0.9613656783468104,0.9623992837958818,0.9553023663453112,0.9558198810535259,0.9561418128908586,0.005894990342815767,30,0.9355555555555556,0.9577777777777778,0.96,0.96,0.971111111111111,0.9568888888888889,0.01164071186996334,28,0.9153909465020575,0.9412812812812814,0.9434977578475336,0.9379039301310044,0.9453781512605042,0.9366904134044762,0.010936477572386458,30,0.9355555555555556,0.9577777777777777,0.9600000000000001,0.96,0.971111111111111,0.9568888888888889,0.011640711869963346,28
22,0.5977082252502441,0.05557641973798411,0.06298890113830566,0.00660727299822571,gini,3,5,"{'criterion': 'gini', 'max_depth': 3, 'min_samples_leaf': 5}",0.9377777777777778,0.9533333333333334,0.9577777777777777,0.9622222222222222,0.9666666666666667,0.9555555555555555,0.009938079899999045,38,0.9156118143459916,0.9358974358974359,0.9517543859649122,0.9684684684684685,1.0,0.9543464209353616,0.028744164450508643,64,0.9624413145539906,0.9722222222222222,0.963963963963964,0.956140350877193,0.9375,0.9584535703234739,0.011664007979571147,8,0.9644444444444444,0.9733333333333334,0.9644444444444444,0.9555555555555556,0.9333333333333333,0.9582222222222223,0.013655370218433084,8,0.9111111111111111,0.9333333333333333,0.9511111111111111,0.9688888888888889,1.0,0.952888888888889,0.03035265969593578,64,0.9517177344475395,0.9641873278236914,0.9613656783468104,0.9586631486367634,0.9493670886075949,0.9570601955724799,0.005650282120695816,25,0.9377777777777778,0.9533333333333334,0.9577777777777778,0.9622222222222223,0.9666666666666667,0.9555555555555557,0.009938079899999064,38,0.9213354199269692,0.9407407407407408,0.9412812812812814,0.9419493177387914,0.9375,0.9365613519375564,0.007765117707148684,31,0.9377777777777777,0.9533333333333335,0.9577777777777777,0.9622222222222223,0.9666666666666667,0.9555555555555555,0.009938079899999095,38
64,0.9094521045684815,0.08816761641268009,0.07661294937133789,0.020161074672864283,entropy,4,2,"{'criterion': 'entropy', 'max_depth': 4, 'min_samples_leaf': 2}",0.9444444444444444,0.9533333333333334,0.9622222222222222,0.9533333333333334,0.9688888888888889,0.9564444444444444,0.008385761006272542,31,0.9273504273504274,0.9396551724137931,0.9642857142857143,0.9594594594594594,1.0,0.9581501547018789,0.024825214990376387,35,0.9629629629629629,0.9678899082568807,0.9601769911504425,0.9473684210526315,0.9414225941422594,0.9559641755130354,0.009942821796131342,32,0.9644444444444444,0.9688888888888889,0.96,0.9466666666666667,0.9377777777777778,0.9555555555555557,0.011589693164804698,30,0.9244444444444444,0.9377777777777778,0.9644444444444444,0.96,1.0,0.9573333333333334,0.02585429257288709,33,0.9550045913682277,0.9617137648131268,0.9610274579273693,0.9498680738786279,0.9525825571549534,0.956039289028461,0.004651558777737609,31,0.9444444444444444,0.9533333333333334,0.9622222222222222,0.9533333333333334,0.9688888888888889,0.9564444444444444,0.008385761006272542,31,0.9279835390946501,0.9387767584097859,0.9438151425762046,0.9294736842105262,0.9414225941422594,0.9362943436866852,0.006397102784634118,32,0.9444444444444444,0.9533333333333334,0.9622222222222222,0.9533333333333333,0.9688888888888889,0.9564444444444444,0.00838576100627255,32
20,0.5610108852386475,0.05418924632083096,0.06842541694641113,0.007709911746795697,gini,3,3,"{'criterion': 'gini', 'max_depth': 3, 'min_samples_leaf': 3}",0.9377777777777778,0.9533333333333334,0.9577777777777777,0.9622222222222222,0.9733333333333334,0.9568888888888889,0.011640711869963368,27,0.9227467811158798,0.9513274336283186,0.9598214285714286,0.9684684684684685,1.0,0.9604728223568191,0.025034555181789805,19,0.9539170506912442,0.9553571428571429,0.9557522123893806,0.956140350877193,0.9493670886075949,0.9541067690845111,0.0024862396200027413,47,0.9555555555555556,0.9555555555555556,0.9555555555555556,0.9555555555555556,0.9466666666666667,0.9537777777777778,0.0035555555555555783,44,0.92,0.9511111111111111,0.96,0.9688888888888889,1.0,0.9600000000000002,0.02591534175486799,13,0.9469350411710887,0.9545049063336307,0.9565987599645704,0.9586631486367634,0.959079283887468,0.9551562279987043,0.004422259402308006,42,0.9377777777777778,0.9533333333333334,0.9577777777777778,0.9622222222222223,0.9733333333333334,0.9568888888888891,0.011640711869963379,27,0.9176036866359447,0.9330952380952382,0.9375221238938053,0.9419493177387914,0.9493670886075949,0.9359074909942748,0.010613288821846483,33,0.9377777777777778,0.9533333333333334,0.9577777777777778,0.9622222222222223,0.9733333333333333,0.9568888888888891,0.011640711869963348,27
69,0.773436164855957,0.09987396649987683,0.06820330619812012,0.007915224694836579,entropy,4,7,"{'criterion': 'entropy', 'max_depth': 4, 'min_samples_leaf': 7}",0.9311111111111111,0.96,0.9622222222222222,0.9555555555555556,0.9733333333333334,0.9564444444444444,0.013955838638317857,31,0.9110169491525424,0.96,0.9642857142857143,0.9596412556053812,1.0,0.9589887838087275,0.028329216451842103,31,0.9532710280373832,0.96,0.9601769911504425,0.9515418502202643,0.9493670886075949,0.9548713916031369,0.004436132808524337,42,0.9555555555555556,0.96,0.96,0.9511111111111111,0.9466666666666667,0.9546666666666667,0.005183068350973589,40,0.9066666666666666,0.96,0.9644444444444444,0.96,1.0,0.9582222222222223,0.029827487529888935,28,0.9435707678075855,0.96,0.9610274579273693,0.9532215357458076,0.959079283887468,0.9553798090736461,0.0064967655806594535,39,0.9311111111111111,0.96,0.9622222222222222,0.9555555555555555,0.9733333333333334,0.9564444444444444,0.01395583863831786,31,0.9109657320872273,0.9416,0.9438151425762046,0.9334801762114537,0.9493670886075949,0.9358456278964962,0.013446638534978187,34,0.9311111111111112,0.96,0.9622222222222222,0.9555555555555555,0.9733333333333333,0.9564444444444445,0.013955838638317791,31
24,0.5616255760192871,0.02256747125340374,0.07334384918212891,0.009722222575801997,gini,3,7,"{'criterion': 'gini', 'max_depth': 3, 'min_samples_leaf': 7}",0.9377777777777778,0.9555555555555556,0.9577777777777777,0.9555555555555556,0.9733333333333334,0.9560000000000001,0.011278735591510684,36,0.9227467811158798,0.9515418502202643,0.9517543859649122,0.9596412556053812,1.0,0.9571368545812875,0.024845415894435924,45,0.9539170506912442,0.9596412556053812,0.963963963963964,0.9515418502202643,0.9493670886075949,0.9556862418176897,0.005374021478168933,38,0.9555555555555556,0.96,0.9644444444444444,0.9511111111111111,0.9466666666666667,0.9555555555555555,0.006285393610547083,31,0.92,0.9511111111111111,0.9511111111111111,0.96,1.0,0.9564444444444444,0.025670273916788697,41,0.9469350411710887,0.9579230080572964,0.9613656783468104,0.9532215357458076,0.959079283887468,0.9557049094416943,0.005126956277620321,34,0.9377777777777778,0.9555555555555555,0.9577777777777778,0.9555555555555555,0.9733333333333334,0.9560000000000001,0.01127873559151069,36,0.9176036866359447,0.9371699053313403,0.9412812812812814,0.9334801762114537,0.9493670886075949,0.935780427613523,0.010511636080543615,35,0.9377777777777778,0.9555555555555555,0.9577777777777777,0.9555555555555555,0.9733333333333333,0.9560000000000001,0.011278735591510651,36
97,0.6914751529693604,0.06848078920688014,0.0694589614868164,0.00950643429677258,log_loss,3,8,"{'criterion': 'log_loss', 'max_depth': 3, 'min_samples_leaf': 8}",0.9355555555555556,0.9555555555555556,0.96,0.9577777777777777,0.9688888888888889,0.9555555555555555,0.010976968031314184,38,0.9117647058823529,0.9437229437229437,0.9641255605381166,0.9598214285714286,1.0,0.9558869277429685,0.02871951072080904,53,0.9622641509433962,0.9680365296803652,0.9559471365638766,0.9557522123893806,0.9414225941422594,0.9566845247438556,0.008880762556755567,26,0.9644444444444444,0.9688888888888889,0.9555555555555556,0.9555555555555556,0.9377777777777778,0.9564444444444444,0.010666666666666654,25,0.9066666666666666,0.9422222222222222,0.9644444444444444,0.96,1.0,0.9546666666666667,0.030456607464909906,53,0.9506057781919851,0.9627611262488647,0.9576345984112974,0.9565987599645704,0.9525825571549534,0.9560365639943342,0.00423114909922329,32,0.9355555555555555,0.9555555555555555,0.96,0.9577777777777778,0.9688888888888889,0.9555555555555555,0.010976968031314229,39,0.919119496855346,0.9409944190766109,0.9397356828193832,0.9375221238938053,0.9414225941422594,0.935758863357481,0.008429490950638184,36,0.9355555555555556,0.9555555555555555,0.96,0.9577777777777778,0.9688888888888889,0.9555555555555555,0.01097696803131419,38
92,0.6456008434295655,0.017022916361815577,0.06446843147277832,0.005337321795745573,log_loss,3,3,"{'criterion': 'log_loss', 'max_depth': 3, 'min_samples_leaf': 3}",0.9355555555555556,0.96,0.96,0.9577777777777777,0.9688888888888889,0.9564444444444444,0.011119996447286036,31,0.9188034188034188,0.9559471365638766,0.96,0.963963963963964,1.0,0.9597429038662518,0.0258029708464589,25,0.9537037037037037,0.9641255605381166,0.96,0.9517543859649122,0.9414225941422594,0.9542012488697983,0.007767189744987544,45,0.9555555555555556,0.9644444444444444,0.96,0.9511111111111111,0.9377777777777778,0.9537777777777776,0.009151671236432868,48,0.9155555555555556,0.9555555555555556,0.96,0.9644444444444444,1.0,0.9591111111111111,0.026873273702810615,23,0.945821854912764,0.9623992837958818,0.96,0.9542656112576957,0.9525825571549534,0.9550138614242589,0.005837296360008282,44,0.9355555555555556,0.96,0.96,0.9577777777777778,0.9688888888888889,0.9564444444444444,0.011119996447286038,31,0.9153909465020575,0.9434977578475336,0.9416,0.9356920077972709,0.9414225941422594,0.9355206612578243,0.01039865392347645,37,0.9355555555555556,0.9600000000000001,0.96,0.9577777777777778,0.9688888888888889,0.9564444444444444,0.011119996447286047,32
26,0.5469287872314453,0.007871725265157512,0.06321096420288086,0.001142274673978088,gini,3,9,"{'criterion': 'gini', 'max_depth': 3, 'min_samples_leaf': 9}",0.9355555555555556,0.9511111111111111,0.96,0.96,0.9733333333333334,0.9560000000000001,0.012444444444444442,36,0.9260869565217391,0.9356223175965666,0.96,0.9683257918552036,1.0,0.9580070131947018,0.026053117837628547,40,0.9454545454545454,0.967741935483871,0.96,0.9519650655021834,0.9493670886075949,0.9549057270096389,0.007992104898356079,41,0.9466666666666667,0.9688888888888889,0.96,0.9511111111111111,0.9466666666666667,0.9546666666666667,0.008618097524295702,40,0.9244444444444444,0.9333333333333333,0.96,0.9688888888888889,1.0,0.9573333333333334,0.026902659467416108,33,0.9411764705882353,0.9606587374199451,0.96,0.9553023663453112,0.959079283887468,0.955243371648192,0.007273886282193661,41,0.9355555555555555,0.9511111111111111,0.96,0.96,0.9733333333333334,0.9560000000000001,0.012444444444444478,36,0.9117979797979797,0.9365591397849463,0.9416,0.9379039301310044,0.9493670886075949,0.9354456276643051,0.012634696541763302,38,0.9355555555555555,0.9511111111111111,0.96,0.96,0.9733333333333333,0.9560000000000001,0.012444444444444449,36
23,0.5647334575653076,0.04093230206544936,0.06188888549804687,0.0056643184991347,gini,3,6,"{'criterion': 'gini', 'max_depth': 3, 'min_samples_leaf': 6}",0.9266666666666666,0.9622222222222222,0.9533333333333334,0.96,0.9733333333333334,0.9551111111111112,0.015612593840222502,41,0.8934426229508197,0.9601769911504425,0.9553571428571429,0.9683257918552036,1.0,0.9554605097627217,0.034692234981123726,58,0.9660194174757282,0.9642857142857143,0.9513274336283186,0.9519650655021834,0.9493670886075949,0.9565929438999078,0.007062477778714252,28,0.9688888888888889,0.9644444444444444,0.9511111111111111,0.9511111111111111,0.9466666666666667,0.9564444444444444,0.008618097524295699,25,0.8844444444444445,0.96,0.9555555555555556,0.9688888888888889,1.0,0.9537777777777778,0.037983752211949315,60,0.9485224022878932,0.9634255129348795,0.9521700620017715,0.9553023663453112,0.959079283887468,0.9556999254914647,0.005200761355471987,35,0.9266666666666667,0.9622222222222222,0.9533333333333334,0.96,0.9733333333333334,0.9551111111111112,0.015612593840222462,41,0.912168284789644,0.9457142857142857,0.9312684365781712,0.9379039301310044,0.9493670886075949,0.93528440516414,0.01314875900731755,39,0.9266666666666667,0.9622222222222222,0.9533333333333335,0.96,0.9733333333333333,0.9551111111111112,0.015612593840222433,41
56,0.6300832271575928,0.010326042520795605,0.06727643013000488,0.014070901624685236,entropy,3,3,"{'criterion': 'entropy', 'max_depth': 3, 'min_samples_leaf': 3}",0.9355555555555556,0.9488888888888889,0.96,0.9577777777777777,0.9733333333333334,0.9551111111111112,0.012523558047649219,41,0.9224137931034483,0.9316239316239316,0.96,0.9598214285714286,1.0,0.9547718306597617,0.027134064641545177,62,0.9495412844036697,0.9675925925925926,0.96,0.9557522123893806,0.9493670886075949,0.9564506355986475,0.0068577658198241765,29,0.9511111111111111,0.9688888888888889,0.96,0.9555555555555556,0.9466666666666667,0.9564444444444444,0.0076465113484823375,25,0.92,0.9288888888888889,0.96,0.96,1.0,0.9537777777777776,0.028193336048273242,62,0.9434822242479489,0.9595959595959596,0.96,0.9565987599645704,0.959079283887468,0.9557512455391894,0.006247507407604057,33,0.9355555555555556,0.9488888888888889,0.96,0.9577777777777778,0.9733333333333334,0.9551111111111112,0.012523558047649224,41,0.913577981651376,0.9343415637860082,0.9416,0.9375221238938053,0.9493670886075949,0.935281751587757,0.01196055042700666,40,0.9355555555555556,0.9488888888888889,0.96,0.9577777777777778,0.9733333333333333,0.9551111111111112,0.01252355804764919,41
94,0.728838300704956,0.10114148610293285,0.06728630065917969,0.007487790484793551,log_loss,3,5,"{'criterion': 'log_loss', 'max_depth': 3, 'min_samples_leaf': 5}",0.9422222222222222,0.96,0.9622222222222222,0.9622222222222222,0.9577777777777777,0.9568888888888887,0.007516237566794566,30,0.9234042553191489,0.96,0.9642857142857143,0.9684684684684685,1.0,0.9632316876146664,0.02440127787511269,4,0.9627906976744186,0.96,0.9601769911504425,0.956140350877193,0.9221311475409836,0.9522478374486075,0.015207143559361966,50,0.9644444444444444,0.96,0.96,0.9555555555555556,0.9155555555555556,0.9511111111111111,0.017998628205614733,51,0.92,0.96,0.9644444444444444,0.9688888888888889,1.0,0.9626666666666666,0.025546858423466504,5,0.9539170506912442,0.96,0.9610274579273693,0.9586631486367634,0.9367194004995837,0.9540654115509921,0.009008159928155022,49,0.9422222222222223,0.96,0.9622222222222222,0.9622222222222223,0.9577777777777778,0.9568888888888889,0.007516237566794541,28,0.9257674418604651,0.9416,0.9438151425762046,0.9419493177387914,0.9221311475409836,0.9350526099432889,0.0091694428408127,41,0.9422222222222222,0.96,0.9622222222222222,0.9622222222222223,0.9577777777777778,0.9568888888888889,0.007516237566794585,28
55,0.622135591506958,0.00977830073432085,0.06719722747802734,0.007047171270710777,entropy,3,2,"{'criterion': 'entropy', 'max_depth': 3, 'min_samples_leaf': 2}",0.9377777777777778,0.9533333333333334,0.96,0.9555555555555556,0.9688888888888889,0.9551111111111112,0.010173798348675184,41,0.9191489361702128,0.9396551724137931,0.96,0.9596412556053812,1.0,0.9556890728378775,0.02679525949899673,54,0.958139534883721,0.9678899082568807,0.96,0.9515418502202643,0.9414225941422594,0.955798777500625,0.008878298670401593,36,0.96,0.9688888888888889,0.96,0.9511111111111111,0.9377777777777778,0.9555555555555555,0.010517475169954856,31,0.9155555555555556,0.9377777777777778,0.96,0.96,1.0,0.9546666666666667,0.02802468048077234,53,0.9493087557603687,0.9617137648131268,0.96,0.9532215357458076,0.9525825571549534,0.9553653226948514,0.004707537798398553,40,0.9377777777777778,0.9533333333333334,0.96,0.9555555555555555,0.9688888888888889,0.9551111111111112,0.010173798348675182,41,0.9194521963824289,0.9387767584097859,0.9416,0.9334801762114537,0.9414225941422594,0.9349463450291855,0.008283758651740102,42,0.9377777777777778,0.9533333333333334,0.96,0.9555555555555555,0.9688888888888889,0.9551111111111112,0.010173798348675182,41
90,0.7363060474395752,0.08903208086939077,0.08835945129394532,0.014609071533181469,log_loss,3,1,"{'criterion': 'log_loss', 'max_depth': 3, 'min_samples_leaf': 1}",0.9377777777777778,0.9488888888888889,0.96,0.96,0.9711111111111111,0.9555555555555555,0.011331154474650622,38,0.9301310043668122,0.9316239316239316,0.96,0.9683257918552036,1.0,0.9580161455691896,0.02587276009482422,39,0.9457013574660633,0.9675925925925926,0.96,0.9519650655021834,0.9453781512605042,0.9541274333642689,0.008579301592551348,46,0.9466666666666667,0.9688888888888889,0.96,0.9511111111111111,0.9422222222222222,0.9537777777777778,0.009573626323794686,44,0.9288888888888889,0.9288888888888889,0.96,0.9688888888888889,1.0,0.9573333333333334,0.02675540789918652,33,0.9422903516681695,0.9595959595959596,0.96,0.9553023663453112,0.9558198810535259,0.9546017117325933,0.006444043264215894,46,0.9377777777777778,0.9488888888888889,0.96,0.96,0.971111111111111,0.9555555555555555,0.011331154474650593,39,0.914007038712921,0.9343415637860082,0.9416,0.9379039301310044,0.9453781512605042,0.9346461367780876,0.010956374397958858,43,0.9377777777777777,0.9488888888888889,0.96,0.96,0.971111111111111,0.9555555555555555,0.011331154474650627,38
62,0.6918661594390869,0.06790751734993988,0.11335458755493164,0.03814255762705551,entropy,3,9,"{'criterion': 'entropy', 'max_depth': 3, 'min_samples_leaf': 9}",0.9377777777777778,0.9488888888888889,0.96,0.9577777777777777,0.9711111111111111,0.9551111111111112,0.011190825166234809,41,0.9227467811158798,0.9391304347826087,0.96,0.9598214285714286,1.0,0.9563397288939834,0.02590901400863614,52,0.9539170506912442,0.9590909090909091,0.96,0.9557522123893806,0.9453781512605042,0.9548276646864077,0.005213551874458279,43,0.9555555555555556,0.96,0.96,0.9555555555555556,0.9422222222222222,0.9546666666666667,0.0065319726474218145,40,0.92,0.9377777777777778,0.96,0.96,1.0,0.9555555555555555,0.026814405562663724,50,0.9469350411710887,0.9547511312217195,0.96,0.9565987599645704,0.9558198810535259,0.9548209626821809,0.0043167919371037795,45,0.9377777777777778,0.9488888888888889,0.96,0.9577777777777778,0.971111111111111,0.9551111111111112,0.011190825166234784,41,0.9176036866359447,0.9305252525252525,0.9416,0.9375221238938053,0.9453781512605042,0.9345258428631013,0.009789362504192144,44,0.9377777777777778,0.9488888888888889,0.96,0.9577777777777778,0.971111111111111,0.9551111111111112,0.011190825166234784,41
93,0.7222646236419678,0.09676317411635907,0.06768760681152344,0.004204006773410042,log_loss,3,4,"{'criterion': 'log_loss', 'max_depth': 3, 'min_samples_leaf': 4}",0.9333333333333333,0.9466666666666667,0.9622222222222222,0.9622222222222222,0.9688888888888889,0.9546666666666667,0.01292714628644354,46,0.9113924050632911,0.9313304721030042,0.9642857142857143,0.9684684684684685,1.0,0.9550954119840955,0.030836496242210274,60,0.9577464788732394,0.9631336405529954,0.9601769911504425,0.956140350877193,0.9414225941422594,0.9557240111192259,0.007530283947678902,37,0.96,0.9644444444444444,0.96,0.9555555555555556,0.9377777777777778,0.9555555555555555,0.009322745317067989,31,0.9066666666666666,0.9288888888888889,0.9644444444444444,0.9688888888888889,1.0,0.9537777777777776,0.03261144236061182,62,0.947075208913649,0.9560841720036597,0.9610274579273693,0.9586631486367634,0.9525825571549534,0.955086508927279,0.004889442926011669,43,0.9333333333333333,0.9466666666666667,0.9622222222222222,0.9622222222222223,0.9688888888888889,0.9546666666666667,0.012927146286443553,46,0.9150234741784038,0.930199692780338,0.9438151425762046,0.9419493177387914,0.9414225941422594,0.9344820442831994,0.010844469686166196,45,0.9333333333333333,0.9466666666666667,0.9622222222222222,0.9622222222222223,0.9688888888888889,0.9546666666666667,0.012927146286443553,46
59,0.6350625991821289,0.042121790222141124,0.06653275489807128,0.010110009729861247,entropy,3,6,"{'criterion': 'entropy', 'max_depth': 3, 'min_samples_leaf': 6}",0.9333333333333333,0.9511111111111111,0.96,0.9555555555555556,0.9688888888888889,0.9537777777777778,0.011792443699041418,51,0.9079497907949791,0.9319148936170213,0.96,0.9596412556053812,1.0,0.9519011880034765,0.030887448575740814,69,0.9620853080568721,0.9720930232558139,0.96,0.9515418502202643,0.9414225941422594,0.9574285551350419,0.010336231264728699,24,0.9644444444444444,0.9733333333333334,0.96,0.9511111111111111,0.9377777777777778,0.9573333333333334,0.012122828175098533,14,0.9022222222222223,0.9288888888888889,0.96,0.96,1.0,0.9502222222222223,0.03294889420951223,70,0.9494855004677268,0.9631336405529954,0.96,0.9532215357458076,0.9525825571549534,0.9556846467842968,0.00506416967829951,36,0.9333333333333333,0.9511111111111111,0.96,0.9555555555555555,0.9688888888888889,0.9537777777777776,0.011792443699041415,51,0.9169036334913113,0.9385219638242894,0.9416,0.9334801762114537,0.9414225941422594,0.9343856735338628,0.009220795028909653,46,0.9333333333333333,0.9511111111111111,0.96,0.9555555555555555,0.9688888888888889,0.9537777777777776,0.011792443699041415,51
60,0.68085618019104,0.07108458800782928,0.07116909027099609,0.013188613160733125,entropy,3,7,"{'criterion': 'entropy', 'max_depth': 3, 'min_samples_leaf': 7}",0.9244444444444444,0.96,0.96,0.96,0.9711111111111111,0.955111111111111,0.01592575365970572,45,0.899581589958159,0.96,0.96,0.9683257918552036,1.0,0.9575814763626725,0.03252831627698752,42,0.95260663507109,0.96,0.96,0.9519650655021834,0.9453781512605042,0.9539899703667556,0.005521199089954106,49,0.9555555555555556,0.96,0.96,0.9511111111111111,0.9422222222222222,0.9537777777777778,0.006651835354264786,44,0.8933333333333333,0.96,0.96,0.9688888888888889,1.0,0.9564444444444444,0.03481449960456203,41,0.9401309635173059,0.96,0.96,0.9553023663453112,0.9558198810535259,0.9542506421832286,0.007335450778031493,47,0.9244444444444444,0.96,0.96,0.96,0.971111111111111,0.955111111111111,0.015925753659705697,45,0.9043285939968404,0.9416,0.9416,0.9379039301310044,0.9453781512605042,0.9341621350776699,0.015102873182689158,47,0.9244444444444445,0.96,0.96,0.96,0.971111111111111,0.9551111111111112,0.015925753659705656,41
67,0.6908485889434814,0.01835248747390591,0.0620328426361084,0.005820535929013503,entropy,4,5,"{'criterion': 'entropy', 'max_depth': 4, 'min_samples_leaf': 5}",0.9311111111111111,0.9577777777777777,0.9511111111111111,0.96,0.9733333333333334,0.9546666666666667,0.0138135735714845,46,0.9041666666666667,0.9517543859649122,0.9592760180995475,0.9683257918552036,1.0,0.9567045725172661,0.03098675526822811,49,0.9619047619047619,0.963963963963964,0.9432314410480349,0.9519650655021834,0.9493670886075949,0.9540864642053078,0.0077883906763127845,48,0.9644444444444444,0.9644444444444444,0.9422222222222222,0.9511111111111111,0.9466666666666667,0.9537777777777776,0.009151671236432896,48,0.8977777777777778,0.9511111111111111,0.96,0.9688888888888889,1.0,0.9555555555555555,0.03325917677132392,50,0.9483568075117371,0.9613656783468104,0.9465381244522348,0.9553023663453112,0.959079283887468,0.9541284521087123,0.00581706470385747,48,0.9311111111111111,0.9577777777777778,0.951111111111111,0.96,0.9733333333333334,0.9546666666666667,0.013813573571484512,46,0.9146878306878307,0.9412812812812814,0.9255021834061135,0.9379039301310044,0.9493670886075949,0.9337484628227649,0.012241417854857722,48,0.9311111111111111,0.9577777777777777,0.951111111111111,0.96,0.9733333333333333,0.9546666666666667,0.013813573571484475,46
21,0.5964234352111817,0.06093374290932351,0.06874604225158691,0.01037149881240732,gini,3,4,"{'criterion': 'gini', 'max_depth': 3, 'min_samples_leaf': 4}",0.9311111111111111,0.9488888888888889,0.9533333333333334,0.9577777777777777,0.9711111111111111,0.9524444444444444,0.013003323411846934,56,0.9008264462809917,0.9316239316239316,0.9553571428571429,0.9557522123893806,1.0,0.9487119466302893,0.03258591657101698,81,0.9663461538461539,0.9675925925925926,0.9513274336283186,0.9598214285714286,0.9453781512605042,0.9580931519797996,0.008588184206716221,13,0.9688888888888889,0.9688888888888889,0.9511111111111111,0.96,0.9422222222222222,0.9582222222222223,0.010366136701947219,8,0.8933333333333333,0.9288888888888889,0.9555555555555556,0.9555555555555556,1.0,0.9466666666666667,0.03510829805890046,84,0.9508041627246925,0.9595959595959596,0.9521700620017715,0.9589652096342551,0.9558198810535259,0.955471055002041,0.0035219901315350736,38,0.9311111111111111,0.9488888888888889,0.9533333333333334,0.9577777777777778,0.971111111111111,0.9524444444444444,0.013003323411846911,56,0.9166025641025641,0.9343415637860082,0.9312684365781712,0.9393849206349207,0.9453781512605042,0.9333951272724337,0.009663117733126468,49,0.9311111111111111,0.9488888888888889,0.9533333333333335,0.9577777777777778,0.971111111111111,0.9524444444444444,0.013003323411846913,56
61,0.6485093116760254,0.04973849805060123,0.0768242359161377,0.018636465424554455,entropy,3,8,"{'criterion': 'entropy', 'max_depth': 3, 'min_samples_leaf': 8}",0.9333333333333333,0.9622222222222222,0.9466666666666667,0.96,0.9688888888888889,0.9542222222222222,0.012695872761853952,50,0.9045643153526971,0.9601769911504425,0.958904109589041,0.9683257918552036,1.0,0.9583942415894768,0.03075962920331364,33,0.9665071770334929,0.9642857142857143,0.935064935064935,0.9519650655021834,0.9414225941422594,0.9518490972057169,0.01232852190798285,52,0.9688888888888889,0.9644444444444444,0.9333333333333333,0.9511111111111111,0.9377777777777778,0.9511111111111111,0.014054567378526122,51,0.8977777777777778,0.96,0.96,0.9688888888888889,1.0,0.9573333333333334,0.033211629675145606,33,0.9519321394910462,0.9634255129348795,0.9399477806788512,0.9553023663453112,0.9525825571549534,0.9526380713210083,0.00754999685699024,51,0.9333333333333333,0.9622222222222222,0.9466666666666667,0.96,0.9688888888888889,0.9542222222222222,0.012695872761853952,50,0.9188197767145136,0.9457142857142857,0.9176623376623376,0.9379039301310044,0.9414225941422594,0.9323045848728801,0.011751989546070448,50,0.9333333333333333,0.9622222222222222,0.9466666666666667,0.96,0.9688888888888889,0.9542222222222222,0.012695872761853952,50
58,0.6698959350585938,0.03968238735605792,0.06408529281616211,0.008881287706255738,entropy,3,5,"{'criterion': 'entropy', 'max_depth': 3, 'min_samples_leaf': 5}",0.9244444444444444,0.9488888888888889,0.9533333333333334,0.9577777777777777,0.9733333333333334,0.9515555555555556,0.01586361626451091,58,0.8962655601659751,0.9316239316239316,0.9594594594594594,0.9598214285714286,1.0,0.949434075964159,0.03437851188057882,80,0.9569377990430622,0.9675925925925926,0.9473684210526315,0.9557522123893806,0.9493670886075949,0.9554036227370524,0.00710000574969238,39,0.96,0.9688888888888889,0.9466666666666667,0.9555555555555556,0.9466666666666667,0.9555555555555555,0.008432740427115686,31,0.8888888888888888,0.9288888888888889,0.96,0.96,1.0,0.9475555555555555,0.03701451166872359,78,0.942507068803016,0.9595959595959596,0.9498680738786279,0.9565987599645704,0.959079283887468,0.9535298292259284,0.006510336706341484,50,0.9244444444444444,0.9488888888888889,0.9533333333333334,0.9577777777777778,0.9733333333333334,0.9515555555555556,0.01586361626451092,58,0.906166932482722,0.9343415637860082,0.9294736842105262,0.9375221238938053,0.9493670886075949,0.9313742785961313,0.01420819870645555,51,0.9244444444444444,0.9488888888888889,0.9533333333333333,0.9577777777777778,0.9733333333333333,0.9515555555555556,0.015863616264510886,58
19,0.5363916397094727,0.00969344625416314,0.062471866607666016,0.010190372677029328,gini,3,2,"{'criterion': 'gini', 'max_depth': 3, 'min_samples_leaf': 2}",0.9355555555555556,0.9577777777777777,0.9444444444444444,0.9577777777777777,0.9688888888888889,0.952888888888889,0.011623730516108455,53,0.9117647058823529,0.9517543859649122,0.9545454545454546,0.9598214285714286,1.0,0.9555771949928296,0.028023603203889056,56,0.9622641509433962,0.963963963963964,0.9347826086956522,0.9557522123893806,0.9414225941422594,0.9516371060269305,0.011577823145676543,53,0.9644444444444444,0.9644444444444444,0.9333333333333333,0.9555555555555556,0.9377777777777778,0.9511111111111111,0.013184352865947834,51,0.9066666666666666,0.9511111111111111,0.9555555555555556,0.96,1.0,0.9546666666666667,0.02966812314360648,53,0.9506057781919851,0.9613656783468104,0.9388646288209607,0.9565987599645704,0.9525825571549534,0.9520034804958561,0.00753240554986601,52,0.9355555555555555,0.9577777777777778,0.9444444444444444,0.9577777777777778,0.9688888888888889,0.952888888888889,0.011623730516108507,53,0.919119496855346,0.9412812812812814,0.9154589371980677,0.9375221238938053,0.9414225941422594,0.930960886674152,0.011309612303237241,52,0.9355555555555556,0.9577777777777777,0.9444444444444446,0.9577777777777778,0.9688888888888889,0.952888888888889,0.011623730516108433,53
96,0.7015448570251465,0.08126679382345722,0.07415204048156739,0.010199478920063685,log_loss,3,7,"{'criterion': 'log_loss', 'max_depth': 3, 'min_samples_leaf': 7}",0.94,0.9577777777777777,0.9488888888888889,0.9555555555555556,0.9711111111111111,0.9546666666666667,0.010289632802480225,46,0.9267241379310345,0.9598214285714286,0.9590909090909091,0.9680365296803652,1.0,0.9627346010547475,0.023389471670515236,6,0.9541284403669725,0.9557522123893806,0.9391304347826087,0.9437229437229437,0.9453781512605042,0.947622436504482,0.006336849306261346,64,0.9555555555555556,0.9555555555555556,0.9377777777777778,0.9422222222222222,0.9422222222222222,0.9466666666666667,0.007436978013636249,64,0.9244444444444444,0.96,0.96,0.9688888888888889,1.0,0.9626666666666666,0.024114951051112082,5,0.9480401093892434,0.9565987599645704,0.9432314410480349,0.9486510008703221,0.9558198810535259,0.9504682384651393,0.0050555469019732645,59,0.94,0.9577777777777778,0.9488888888888889,0.9555555555555555,0.971111111111111,0.9546666666666667,0.010289632802480193,46,0.9198165137614679,0.9375221238938053,0.9215652173913044,0.9299182299182299,0.9453781512605042,0.9308400472450623,0.009637397191852356,53,0.9400000000000001,0.9577777777777778,0.948888888888889,0.9555555555555555,0.971111111111111,0.9546666666666667,0.01028963280248015,46
83,0.5882776260375977,0.012289683594192207,0.07431926727294921,0.008456449106272461,log_loss,2,3,"{'criterion': 'log_loss', 'max_depth': 2, 'min_samples_leaf': 3}",0.9377777777777778,0.96,0.9555555555555556,0.96,0.96,0.9546666666666667,0.008618097524295668,46,0.9264069264069265,0.96,0.9638009049773756,0.9683257918552036,1.0,0.9637067246479012,0.023424607761992858,3,0.9497716894977168,0.96,0.9475982532751092,0.9519650655021834,0.9259259259259259,0.9470521868401869,0.011364814348171472,69,0.9511111111111111,0.96,0.9466666666666667,0.9511111111111111,0.92,0.9457777777777778,0.01359738536958074,69,0.9244444444444444,0.96,0.9644444444444444,0.9688888888888889,1.0,0.9635555555555555,0.0240821638829228,2,0.9445958219800181,0.96,0.950920245398773,0.9553023663453112,0.9398496240601504,0.9501336115568506,0.007226450747153321,60,0.9377777777777778,0.96,0.9555555555555555,0.96,0.96,0.9546666666666667,0.008618097524295664,46,0.915788939624556,0.9416,0.9316836487142164,0.9379039301310044,0.9259259259259259,0.9305804888791405,0.009129449757463036,54,0.9377777777777778,0.96,0.9555555555555555,0.96,0.9600000000000001,0.9546666666666667,0.008618097524295678,46
50,0.5693637371063233,0.04042555889375008,0.06043930053710937,0.004839727317479753,entropy,2,6,"{'criterion': 'entropy', 'max_depth': 2, 'min_samples_leaf': 6}",0.9266666666666666,0.9488888888888889,0.96,0.9622222222222222,0.9666666666666667,0.9528888888888888,0.014360439485692017,55,0.9102564102564102,0.9429824561403509,0.96,0.9684684684684685,1.0,0.9563414669730459,0.029559472790455933,51,0.9444444444444444,0.954954954954955,0.96,0.956140350877193,0.9375,0.9506079500553184,0.008336925916460243,55,0.9466666666666667,0.9555555555555556,0.96,0.9555555555555556,0.9333333333333333,0.9502222222222223,0.00949073622402783,54,0.9066666666666666,0.9422222222222222,0.96,0.9688888888888889,1.0,0.9555555555555555,0.03079201435678006,50,0.9366391184573003,0.9523809523809523,0.96,0.9586631486367634,0.9493670886075949,0.9514100616165221,0.008362911480576142,53,0.9266666666666666,0.9488888888888889,0.96,0.9622222222222223,0.9666666666666667,0.952888888888889,0.014360439485692031,53,0.902962962962963,0.9286686686686687,0.9416,0.9419493177387914,0.9375,0.9305361898740845,0.0145940570875486,55,0.9266666666666666,0.9488888888888888,0.96,0.9622222222222223,0.9666666666666667,0.952888888888889,0.014360439485692036,53
95,0.658469295501709,0.019893778933332166,0.08219385147094727,0.019400102781893327,log_loss,3,6,"{'criterion': 'log_loss', 'max_depth': 3, 'min_samples_leaf': 6}",0.9355555555555556,0.9622222222222222,0.9466666666666667,0.9555555555555556,0.9688888888888889,0.9537777777777778,0.011708390997617321,51,0.9224137931034483,0.9601769911504425,0.958904109589041,0.9596412556053812,1.0,0.9602272298896626,0.024551276060349483,20,0.9495412844036697,0.9642857142857143,0.935064935064935,0.9515418502202643,0.9414225941422594,0.9483712756233684,0.009899835303084083,61,0.9511111111111111,0.9644444444444444,0.9333333333333333,0.9511111111111111,0.9377777777777778,0.9475555555555555,0.011030821018658528,62,0.92,0.96,0.96,0.96,1.0,0.96,0.02529822128134702,14,0.9434822242479489,0.9634255129348795,0.9399477806788512,0.9532215357458076,0.9525825571549534,0.9505319221524882,0.008239006004824845,57,0.9355555555555556,0.9622222222222222,0.9466666666666667,0.9555555555555555,0.9688888888888889,0.9537777777777776,0.011708390997617318,51,0.913577981651376,0.9457142857142857,0.9176623376623376,0.9334801762114537,0.9414225941422594,0.9303714750763424,0.012733708720170626,56,0.9355555555555556,0.9622222222222222,0.9466666666666667,0.9555555555555555,0.9688888888888889,0.9537777777777776,0.011708390997617318,51
49,0.5573617935180664,0.014121006868105333,0.06548776626586914,0.00925216370096964,entropy,2,5,"{'criterion': 'entropy', 'max_depth': 2, 'min_samples_leaf': 5}",0.9288888888888889,0.9488888888888889,0.9577777777777777,0.9555555555555556,0.9733333333333334,0.952888888888889,0.014429051627331508,53,0.9141630901287554,0.9469026548672567,0.9557522123893806,0.9680365296803652,1.0,0.9569708974131516,0.02796181307623259,46,0.9447004608294931,0.9508928571428571,0.9598214285714286,0.9437229437229437,0.9493670886075949,0.9497009557748634,0.00573929688331231,57,0.9466666666666667,0.9511111111111111,0.96,0.9422222222222222,0.9466666666666667,0.9493333333333333,0.006028737762778016,58,0.9111111111111111,0.9466666666666667,0.9555555555555556,0.9688888888888889,1.0,0.9564444444444444,0.028994678098311282,41,0.9377859103385179,0.9500446030330062,0.9589652096342551,0.9486510008703221,0.959079283887468,0.9509052015527137,0.007870415551689106,56,0.9288888888888889,0.9488888888888889,0.9577777777777778,0.9555555555555555,0.9733333333333334,0.952888888888889,0.01442905162733151,53,0.9051715309779826,0.9268452380952381,0.9393849206349207,0.9299182299182299,0.9493670886075949,0.9301374016467931,0.01476129088795943,57,0.9288888888888888,0.948888888888889,0.9577777777777778,0.9555555555555555,0.9733333333333333,0.952888888888889,0.014429051627331513,53
88,0.6171175956726074,0.07258678020866123,0.0736584186553955,0.014989463995203433,log_loss,2,8,"{'criterion': 'log_loss', 'max_depth': 2, 'min_samples_leaf': 8}",0.9288888888888889,0.9577777777777777,0.9444444444444444,0.9577777777777777,0.9733333333333334,0.9524444444444444,0.014913743764944474,56,0.9037656903765691,0.9517543859649122,0.9545454545454546,0.9681818181818181,1.0,0.955649469813751,0.031088088973136443,55,0.957345971563981,0.963963963963964,0.9347826086956522,0.9478260869565217,0.9493670886075949,0.9506571439575427,0.009833533136791773,54,0.96,0.9644444444444444,0.9333333333333333,0.9466666666666667,0.9466666666666667,0.9502222222222223,0.011030821018658528,54,0.8977777777777778,0.9511111111111111,0.9555555555555556,0.9688888888888889,1.0,0.9546666666666667,0.033187830582390165,53,0.9448082319925164,0.9613656783468104,0.9388646288209607,0.9519650655021834,0.959079283887468,0.9512165777099879,0.008473773213115595,55,0.9288888888888889,0.9577777777777778,0.9444444444444444,0.9577777777777778,0.9733333333333334,0.9524444444444444,0.01491374376494449,56,0.9105950500263297,0.9412812812812814,0.9154589371980677,0.9338937198067633,0.9493670886075949,0.9301192153840073,0.014869001390590221,58,0.9288888888888888,0.9577777777777777,0.9444444444444446,0.9577777777777777,0.9733333333333333,0.9524444444444444,0.014913743764944453,56
11,0.5186592102050781,0.05249727245529515,0.07167634963989258,0.014969671089655176,gini,2,3,"{'criterion': 'gini', 'max_depth': 2, 'min_samples_leaf': 3}",0.9333333333333333,0.9466666666666667,0.9466666666666667,0.9577777777777777,0.9688888888888889,0.9506666666666668,0.011958776930732185,61,0.9079497907949791,0.9313304721030042,0.9506726457399103,0.963963963963964,1.0,0.9507833745203715,0.031013376887289133,72,0.9620853080568721,0.9631336405529954,0.9427312775330396,0.9517543859649122,0.9414225941422594,0.9522254412500158,0.009200742675267076,51,0.9644444444444444,0.9644444444444444,0.9422222222222222,0.9511111111111111,0.9377777777777778,0.952,0.011030821018658531,50,0.9022222222222223,0.9288888888888889,0.9511111111111111,0.9644444444444444,1.0,0.9493333333333334,0.0329728657617625,73,0.9494855004677268,0.9560841720036597,0.9443954104148279,0.9542656112576957,0.9525825571549534,0.9513626502597727,0.0041054657559193896,54,0.9333333333333333,0.9466666666666667,0.9466666666666667,0.9577777777777778,0.9688888888888889,0.9506666666666668,0.011958776930732197,61,0.9169036334913113,0.930199692780338,0.921086637298091,0.9356920077972709,0.9414225941422594,0.9290609131018541,0.00904950734884312,59,0.9333333333333333,0.9466666666666667,0.9466666666666667,0.9577777777777778,0.9688888888888889,0.9506666666666668,0.011958776930732197,61
10,0.5274016380310058,0.05353046770936639,0.06321477890014648,0.00870446828690157,gini,2,2,"{'criterion': 'gini', 'max_depth': 2, 'min_samples_leaf': 2}",0.9333333333333333,0.9355555555555556,0.9511111111111111,0.96,0.9755555555555555,0.9511111111111111,0.015713484026367696,60,0.922077922077922,0.9298245614035088,0.9432314410480349,0.9683257918552036,1.0,0.952691943276934,0.028397556241418757,68,0.9452054794520548,0.9414414414414415,0.9592760180995475,0.9519650655021834,0.9533898305084746,0.9502555670007405,0.006281826557822126,56,0.9466666666666667,0.9422222222222222,0.96,0.9511111111111111,0.9511111111111111,0.9502222222222223,0.005896221849520712,54,0.92,0.9288888888888889,0.9422222222222222,0.9688888888888889,1.0,0.952,0.029130612636753667,67,0.9400544959128065,0.9389038634321654,0.9558160504959423,0.9553023663453112,0.962360992301112,0.9504875536974675,0.009333642570189182,58,0.9333333333333333,0.9355555555555555,0.951111111111111,0.96,0.9755555555555555,0.9511111111111111,0.015713484026367717,60,0.9095890410958904,0.9100500500500501,0.9327400703871291,0.9379039301310044,0.9533898305084746,0.9287345844345098,0.01687403705152515,60,0.9333333333333332,0.9355555555555556,0.951111111111111,0.96,0.9755555555555556,0.9511111111111111,0.015713484026367755,60
45,0.5832343578338623,0.03350045368225215,0.06099448204040527,0.0014760398040307705,entropy,2,1,"{'criterion': 'entropy', 'max_depth': 2, 'min_samples_leaf': 1}",0.9355555555555556,0.9533333333333334,0.9444444444444444,0.96,0.9644444444444444,0.9515555555555555,0.010460979818613162,59,0.9224137931034483,0.9434782608695652,0.9545454545454546,0.9641255605381166,1.0,0.956912613811317,0.025631244063617137,47,0.9495412844036697,0.9636363636363636,0.9347826086956522,0.9559471365638766,0.9336099585062241,0.9475034703611573,0.011752177871527384,66,0.9511111111111111,0.9644444444444444,0.9333333333333333,0.9555555555555556,0.9288888888888889,0.9466666666666669,0.013480667456091652,63,0.92,0.9422222222222222,0.9555555555555556,0.9644444444444444,1.0,0.9564444444444444,0.026428566661899557,41,0.9434822242479489,0.9592760180995475,0.9388646288209607,0.9576345984112974,0.9461732548359967,0.9490861448831502,0.008015956828865578,61,0.9355555555555556,0.9533333333333334,0.9444444444444444,0.96,0.9644444444444444,0.9515555555555555,0.010460979818613162,59,0.913577981651376,0.9368484848484848,0.9154589371980677,0.9397356828193832,0.9336099585062241,0.9278462090047072,0.011069310555689351,61,0.9355555555555556,0.9533333333333333,0.9444444444444446,0.96,0.9644444444444444,0.9515555555555556,0.010460979818613127,58
87,0.6089808940887451,0.07789755618479598,0.07248239517211914,0.011768985327044451,log_loss,2,7,"{'criterion': 'log_loss', 'max_depth': 2, 'min_samples_leaf': 7}",0.9311111111111111,0.9488888888888889,0.9577777777777777,0.9577777777777777,0.9533333333333334,0.9497777777777777,0.009898247756142247,64,0.9145299145299145,0.9316239316239316,0.9557522123893806,0.9681818181818181,1.0,0.954017575345009,0.029593136885846444,65,0.9490740740740741,0.9675925925925926,0.9598214285714286,0.9478260869565217,0.9146341463414634,0.947789665707216,0.018098943210150494,63,0.9511111111111111,0.9688888888888889,0.96,0.9466666666666667,0.9066666666666666,0.9466666666666667,0.021407279251186323,64,0.9111111111111111,0.9288888888888889,0.9555555555555556,0.9688888888888889,1.0,0.952888888888889,0.030996614709622578,64,0.9412304866850322,0.9595959595959596,0.9589652096342551,0.9519650655021834,0.9305210918114144,0.9484555626457689,0.011142034832797144,64,0.9311111111111111,0.9488888888888889,0.9577777777777778,0.9577777777777778,0.9533333333333334,0.9497777777777777,0.009898247756142283,64,0.909156378600823,0.9343415637860082,0.9393849206349207,0.9338937198067633,0.9146341463414634,0.9262821458339957,0.012029470304670392,62,0.9311111111111111,0.9488888888888889,0.9577777777777778,0.9577777777777777,0.9533333333333333,0.9497777777777777,0.009898247756142257,64
15,0.5036603450775147,0.011936752386786993,0.07205815315246582,0.026119745494907518,gini,2,7,"{'criterion': 'gini', 'max_depth': 2, 'min_samples_leaf': 7}",0.9222222222222223,0.9355555555555556,0.9511111111111111,0.96,0.9755555555555555,0.9488888888888889,0.01859244503409053,67,0.902542372881356,0.9298245614035088,0.947136563876652,0.9683257918552036,1.0,0.949565858003344,0.03317338153242592,78,0.9439252336448598,0.9414414414414415,0.9551569506726457,0.9519650655021834,0.9533898305084746,0.9491757043539211,0.005453457029320981,59,0.9466666666666667,0.9422222222222222,0.9555555555555556,0.9511111111111111,0.9511111111111111,0.9493333333333334,0.004532461789860282,57,0.8977777777777778,0.9288888888888889,0.9466666666666667,0.9688888888888889,1.0,0.9484444444444445,0.034723599972665976,77,0.9343200740055504,0.9389038634321654,0.9534467323187108,0.9553023663453112,0.962360992301112,0.9488668056805698,0.010539002441411583,62,0.9222222222222223,0.9355555555555555,0.9511111111111111,0.96,0.9755555555555555,0.9488888888888889,0.018592445034090545,67,0.8985462097611631,0.9100500500500501,0.9308819133034378,0.9379039301310044,0.9533898305084746,0.9261543867508261,0.01961495231138171,63,0.9222222222222222,0.9355555555555556,0.9511111111111112,0.96,0.9755555555555556,0.9488888888888889,0.018592445034090598,67
89,0.5986775398254395,0.04730770535426445,0.06780023574829101,0.006947619010009378,log_loss,2,9,"{'criterion': 'log_loss', 'max_depth': 2, 'min_samples_leaf': 9}",0.9288888888888889,0.9577777777777777,0.9466666666666667,0.96,0.96,0.9506666666666668,0.011958776930732174,61,0.9071729957805907,0.9557522123893806,0.958904109589041,0.9683257918552036,1.0,0.9580310219228432,0.02986593874918316,38,0.9530516431924883,0.9598214285714286,0.935064935064935,0.9519650655021834,0.9259259259259259,0.9451657996513921,0.012612725398358761,72,0.9555555555555556,0.96,0.9333333333333333,0.9511111111111111,0.92,0.9440000000000002,0.015032475133589109,72,0.9022222222222223,0.9555555555555556,0.96,0.9688888888888889,1.0,0.9573333333333334,0.03162746111050167,33,0.9424326833797586,0.9589652096342551,0.9399477806788512,0.9553023663453112,0.9398496240601504,0.9472995328196653,0.008165402421405113,67,0.9288888888888889,0.9577777777777778,0.9466666666666667,0.96,0.96,0.9506666666666668,0.01195877693073219,61,0.9087532603025561,0.9393849206349207,0.9176623376623376,0.9379039301310044,0.9259259259259259,0.9259260749313489,0.011728635545576445,64,0.928888888888889,0.9577777777777778,0.9466666666666667,0.96,0.9600000000000001,0.9506666666666668,0.011958776930732164,61
48,0.5580476760864258,0.01757654956143569,0.05714545249938965,0.00518335889815932,entropy,2,4,"{'criterion': 'entropy', 'max_depth': 2, 'min_samples_leaf': 4}",0.9155555555555556,0.9555555555555556,0.9466666666666667,0.96,0.9644444444444444,0.9484444444444444,0.017463895737234218,68,0.8847736625514403,0.9437229437229437,0.9506726457399103,0.9683257918552036,1.0,0.9494990087738996,0.03775952507865329,79,0.9516908212560387,0.9680365296803652,0.9427312775330396,0.9519650655021834,0.9336099585062241,0.9496067304955703,0.011425683732821051,58,0.9555555555555556,0.9688888888888889,0.9422222222222222,0.9511111111111111,0.9288888888888889,0.9493333333333333,0.013362930114109271,58,0.8755555555555555,0.9422222222222222,0.9511111111111111,0.9688888888888889,1.0,0.9475555555555555,0.04106243364427058,78,0.9354226020892688,0.9627611262488647,0.9443954104148279,0.9553023663453112,0.9461732548359967,0.9488109519868537,0.00940689309950689,63,0.9155555555555556,0.9555555555555555,0.9466666666666667,0.96,0.9644444444444444,0.9484444444444444,0.017463895737234208,68,0.895480407944176,0.9409944190766109,0.921086637298091,0.9379039301310044,0.9336099585062241,0.9258150705912213,0.016612424641445835,65,0.9155555555555557,0.9555555555555555,0.9466666666666667,0.96,0.9644444444444444,0.9484444444444444,0.017463895737234166,68
86,0.6053679466247559,0.06173170296584841,0.07322483062744141,0.014478892700766277,log_loss,2,6,"{'criterion': 'log_loss', 'max_depth': 2, 'min_samples_leaf': 6}",0.9288888888888889,0.9422222222222222,0.9466666666666667,0.9622222222222222,0.9666666666666667,0.9493333333333333,0.01372750685464934,66,0.9071729957805907,0.9307359307359307,0.958904109589041,0.9684684684684685,1.0,0.9530563009148061,0.03187136418089253,67,0.9530516431924883,0.954337899543379,0.935064935064935,0.956140350877193,0.9375,0.947218965735599,0.009016309824240714,68,0.9555555555555556,0.9555555555555556,0.9333333333333333,0.9555555555555556,0.9333333333333333,0.9466666666666667,0.010886621079036363,64,0.9022222222222223,0.9288888888888889,0.96,0.9688888888888889,1.0,0.952,0.03366061551779819,67,0.9424326833797586,0.9491371480472298,0.9399477806788512,0.9586631486367634,0.9493670886075949,0.9479095698700396,0.006521612348122477,65,0.9288888888888889,0.9422222222222223,0.9466666666666667,0.9622222222222223,0.9666666666666667,0.9493333333333334,0.01372750685464935,65,0.9087532603025561,0.922029426686961,0.9176623376623376,0.9419493177387914,0.9375,0.9255788684781292,0.012397387413659698,66,0.928888888888889,0.9422222222222223,0.9466666666666667,0.9622222222222223,0.9666666666666667,0.9493333333333334,0.013727506854649317,65
51,0.635912561416626,0.08293106458574453,0.06842145919799805,0.008836759281231127,entropy,2,7,"{'criterion': 'entropy', 'max_depth': 2, 'min_samples_leaf': 7}",0.9288888888888889,0.9577777777777777,0.9466666666666667,0.9577777777777777,0.96,0.9502222222222223,0.01164071186996336,63,0.9177489177489178,0.9517543859649122,0.958904109589041,0.9681818181818181,1.0,0.9593178462969378,0.026529080490599394,27,0.9406392694063926,0.963963963963964,0.935064935064935,0.9478260869565217,0.9259259259259259,0.9426840362635478,0.012824523733275911,74,0.9422222222222222,0.9644444444444444,0.9333333333333333,0.9466666666666667,0.92,0.9413333333333334,0.014713729206441628,74,0.9155555555555556,0.9511111111111111,0.96,0.9688888888888889,1.0,0.9591111111111111,0.02731074043686616,23,0.935513169845595,0.9613656783468104,0.9399477806788512,0.9519650655021834,0.9398496240601504,0.945728263686718,0.009547219113263332,72,0.9288888888888889,0.9577777777777778,0.9466666666666667,0.9577777777777778,0.96,0.9502222222222223,0.011640711869963388,63,0.903429731100964,0.9412812812812814,0.9176623376623376,0.9338937198067633,0.9259259259259259,0.9244385991554545,0.013134516705221436,67,0.9288888888888889,0.9577777777777777,0.9466666666666667,0.9577777777777777,0.9600000000000001,0.9502222222222223,0.011640711869963379,63
85,0.5890316009521485,0.02189622831770894,0.08297872543334961,0.01781440828719209,log_loss,2,5,"{'criterion': 'log_loss', 'max_depth': 2, 'min_samples_leaf': 5}",0.9288888888888889,0.9333333333333333,0.96,0.9577777777777777,0.96,0.9480000000000001,0.013884888312722922,69,0.9071729957805907,0.9184549356223176,0.96,0.9681818181818181,1.0,0.9507619499169454,0.03393204694980382,73,0.9530516431924883,0.9493087557603687,0.96,0.9478260869565217,0.9259259259259259,0.9472224823670607,0.011449928071488091,67,0.9555555555555556,0.9511111111111111,0.96,0.9466666666666667,0.92,0.9466666666666667,0.014054567378526115,64,0.9022222222222223,0.9155555555555556,0.96,0.9688888888888889,1.0,0.9493333333333333,0.03584328027316612,75,0.9424326833797586,0.9423604757548033,0.96,0.9519650655021834,0.9398496240601504,0.9473215697393791,0.007571634993408367,66,0.9288888888888889,0.9333333333333333,0.96,0.9577777777777778,0.96,0.9480000000000001,0.013884888312722938,69,0.9087532603025561,0.9113671274961597,0.9416,0.9338937198067633,0.9259259259259259,0.924308006706281,0.0126722774648539,68,0.928888888888889,0.9333333333333333,0.96,0.9577777777777777,0.9600000000000001,0.9480000000000001,0.013884888312722912,69
53,0.58328218460083,0.034217574419127955,0.06248316764831543,0.00293210964330304,entropy,2,9,"{'criterion': 'entropy', 'max_depth': 2, 'min_samples_leaf': 9}",0.9288888888888889,0.94,0.9511111111111111,0.9577777777777777,0.9577777777777777,0.947111111111111,0.011190825166234812,71,0.9004149377593361,0.9159663865546218,0.9634703196347032,0.9681818181818181,1.0,0.9496066924260959,0.036409393872404,77,0.9617224880382775,0.9669811320754716,0.9393939393939394,0.9478260869565217,0.9221311475409836,0.9476109588010388,0.01606938293776685,65,0.9644444444444444,0.9688888888888889,0.9377777777777778,0.9466666666666667,0.9155555555555556,0.9466666666666667,0.019270651901047816,64,0.8933333333333333,0.9111111111111111,0.9644444444444444,0.9688888888888889,1.0,0.9475555555555555,0.03939292409984061,78,0.9472196041470311,0.9552656104380243,0.9442993907745866,0.9519650655021834,0.9367194004995837,0.9470938142722819,0.00641810607614848,68,0.9288888888888889,0.94,0.9511111111111111,0.9577777777777778,0.9577777777777778,0.947111111111111,0.011190825166234855,71,0.9124720893141945,0.9254716981132074,0.9237710437710438,0.9338937198067633,0.9221311475409836,0.9235479397092385,0.006862471124412818,69,0.9288888888888889,0.94,0.9511111111111111,0.9577777777777777,0.9577777777777778,0.947111111111111,0.011190825166234833,71
46,0.548803186416626,0.015259025871853257,0.05995998382568359,0.00306070583021334,entropy,2,2,"{'criterion': 'entropy', 'max_depth': 2, 'min_samples_leaf': 2}",0.9244444444444444,0.94,0.9577777777777777,0.9555555555555556,0.9577777777777777,0.947111111111111,0.013139329332528439,71,0.899581589958159,0.9230769230769231,0.963963963963964,0.9680365296803652,1.0,0.9509318013358822,0.03544809040273666,71,0.95260663507109,0.9583333333333334,0.9517543859649122,0.9437229437229437,0.9221311475409836,0.9457096891266525,0.012675625403822128,71,0.9555555555555556,0.96,0.9511111111111111,0.9422222222222222,0.9155555555555556,0.9448888888888888,0.015801234519672157,71,0.8933333333333333,0.92,0.9644444444444444,0.9688888888888889,1.0,0.9493333333333333,0.0378796013380667,75,0.9401309635173059,0.9504132231404959,0.9542656112576957,0.9486510008703221,0.9367194004995837,0.9460360398570806,0.006563433484563298,71,0.9244444444444444,0.94,0.9577777777777778,0.9555555555555555,0.9577777777777778,0.947111111111111,0.01313932933252846,71,0.9043285939968404,0.9216666666666666,0.9356920077972709,0.9299182299182299,0.9221311475409836,0.9227473291839983,0.010580962516986092,70,0.9244444444444445,0.94,0.9577777777777778,0.9555555555555555,0.9577777777777778,0.947111111111111,0.013139329332528423,71
9,0.5482507228851319,0.05142677190557192,0.06565656661987304,0.009305640132472572,gini,2,1,"{'criterion': 'gini', 'max_depth': 2, 'min_samples_leaf': 1}",0.9177777777777778,0.94,0.9444444444444444,0.96,0.9666666666666667,0.9457777777777778,0.01707499796648759,76,0.8852459016393442,0.9267241379310345,0.9464285714285714,0.9683257918552036,1.0,0.9453448805708307,0.03866548350717189,94,0.9563106796116505,0.9541284403669725,0.9424778761061947,0.9519650655021834,0.9375,0.9484764123174003,0.007238175601535635,60,0.96,0.9555555555555556,0.9422222222222222,0.9511111111111111,0.9333333333333333,0.9484444444444444,0.009573626323794675,60,0.8755555555555555,0.9244444444444444,0.9466666666666667,0.9688888888888889,1.0,0.9431111111111111,0.042013519282120805,95,0.9389895138226882,0.9480401093892434,0.9433126660761736,0.9553023663453112,0.9493670886075949,0.9470023488482022,0.005538565078191606,69,0.9177777777777778,0.94,0.9444444444444444,0.96,0.9666666666666667,0.9457777777777778,0.01707499796648759,76,0.8995253505933118,0.9198165137614679,0.9188790560471976,0.9379039301310044,0.9375,0.9227249701065963,0.014213900622971294,71,0.9177777777777778,0.9400000000000001,0.9444444444444444,0.96,0.9666666666666667,0.9457777777777778,0.01707499796648758,76
81,0.6309587001800537,0.0916358834862179,0.07166919708251954,0.011915875557402061,log_loss,2,1,"{'criterion': 'log_loss', 'max_depth': 2, 'min_samples_leaf': 1}",0.9288888888888889,0.9555555555555556,0.94,0.9577777777777777,0.9644444444444444,0.9493333333333334,0.012988123729957748,65,0.9141630901287554,0.9596412556053812,0.9583333333333334,0.9681818181818181,1.0,0.9600638994498578,0.027462157653487158,21,0.9447004608294931,0.9515418502202643,0.9230769230769231,0.9478260869565217,0.9336099585062241,0.9401510559178853,0.010427515034298122,77,0.9466666666666667,0.9511111111111111,0.92,0.9466666666666667,0.9288888888888889,0.9386666666666666,0.012057475525556022,78,0.9111111111111111,0.96,0.96,0.9688888888888889,1.0,0.96,0.02852765606378883,14,0.9377859103385179,0.9532215357458076,0.9302325581395349,0.9519650655021834,0.9461732548359967,0.943875664912408,0.00873249215493099,75,0.9288888888888889,0.9555555555555555,0.94,0.9577777777777778,0.9644444444444444,0.9493333333333334,0.012988123729957753,65,0.9051715309779826,0.9334801762114537,0.9061538461538462,0.9338937198067633,0.9336099585062241,0.9224618463312539,0.013720623924418125,72,0.9288888888888888,0.9555555555555555,0.9400000000000001,0.9577777777777777,0.9644444444444444,0.9493333333333333,0.012988123729957756,66
17,0.5219889163970948,0.020973312670952694,0.06645455360412597,0.0018847708661190751,gini,2,9,"{'criterion': 'gini', 'max_depth': 2, 'min_samples_leaf': 9}",0.9133333333333333,0.9422222222222222,0.9555555555555556,0.9555555555555556,0.96,0.9453333333333334,0.017074997966487603,79,0.8811475409836066,0.9307359307359307,0.9515418502202643,0.9638009049773756,1.0,0.9454452453834354,0.039245073090582186,93,0.9514563106796117,0.954337899543379,0.9596412556053812,0.9475982532751092,0.9259259259259259,0.9477919290058814,0.011617603583971021,62,0.9555555555555556,0.9555555555555556,0.96,0.9466666666666667,0.92,0.9475555555555557,0.01444273494157503,61,0.8711111111111111,0.9288888888888889,0.9511111111111111,0.9644444444444444,1.0,0.9431111111111111,0.04275915900730915,95,0.9342230695900858,0.9491371480472298,0.9579230080572964,0.950920245398773,0.9398496240601504,0.9464106190307071,0.008389145462182501,70,0.9133333333333333,0.9422222222222223,0.9555555555555555,0.9555555555555555,0.96,0.9453333333333334,0.017074997966487572,79,0.8932686084142394,0.922029426686961,0.9371699053313403,0.9316836487142164,0.9259259259259259,0.9220155030145365,0.015263056713679276,73,0.9133333333333333,0.9422222222222223,0.9555555555555555,0.9555555555555555,0.9600000000000001,0.9453333333333334,0.017074997966487593,78
12,0.5388983726501465,0.058416972565381094,0.06393451690673828,0.01001797793577011,gini,2,4,"{'criterion': 'gini', 'max_depth': 2, 'min_samples_leaf': 4}",0.9222222222222223,0.9377777777777778,0.9488888888888889,0.9555555555555556,0.9622222222222222,0.9453333333333335,0.014096668024136607,78,0.8958333333333334,0.9264069264069265,0.9469026548672567,0.9638009049773756,1.0,0.9465887639169784,0.03502152699795169,88,0.9523809523809523,0.9497716894977168,0.9508928571428571,0.9475982532751092,0.9297520661157025,0.9460791636824675,0.008311446090451018,70,0.9555555555555556,0.9511111111111111,0.9511111111111111,0.9466666666666667,0.9244444444444444,0.9457777777777778,0.011030821018658567,69,0.8888888888888888,0.9244444444444444,0.9466666666666667,0.9644444444444444,1.0,0.9448888888888888,0.037354491359023474,91,0.9389671361502347,0.9445958219800181,0.9500446030330062,0.950920245398773,0.9430008382229673,0.9455057289569998,0.004467078919494397,73,0.9222222222222223,0.9377777777777778,0.9488888888888889,0.9555555555555555,0.9622222222222222,0.9453333333333335,0.014096668024136592,78,0.9021164021164021,0.915788939624556,0.9268452380952381,0.9316836487142164,0.9297520661157025,0.9212372589332232,0.011030591822666663,74,0.9222222222222222,0.9377777777777778,0.948888888888889,0.9555555555555555,0.9622222222222222,0.9453333333333334,0.014096668024136633,78
84,0.5738706588745117,0.01698373761052605,0.06768755912780762,0.008997078003082968,log_loss,2,4,"{'criterion': 'log_loss', 'max_depth': 2, 'min_samples_leaf': 4}",0.9266666666666666,0.9488888888888889,0.9422222222222222,0.96,0.9577777777777777,0.947111111111111,0.012041081941461388,71,0.9,0.9508928571428571,0.9585253456221198,0.9683257918552036,1.0,0.9555487989240362,0.0324202637604245,57,0.9571428571428572,0.9469026548672567,0.927038626609442,0.9519650655021834,0.9221311475409836,0.9410360703325444,0.013904048816154794,76,0.96,0.9466666666666667,0.9244444444444444,0.9511111111111111,0.9155555555555556,0.9395555555555555,0.01677152201254507,76,0.8933333333333333,0.9511111111111111,0.96,0.9688888888888889,1.0,0.9546666666666667,0.03481449960456203,53,0.9436619718309859,0.9477413640389726,0.9334485738980121,0.9553023663453112,0.9367194004995837,0.943374735322573,0.0078005191520279325,76,0.9266666666666666,0.9488888888888889,0.9422222222222222,0.96,0.9577777777777778,0.947111111111111,0.012041081941461407,71,0.9083809523809524,0.925054080629302,0.9099570815450644,0.9379039301310044,0.9221311475409836,0.9206854384454612,0.010808788871454669,75,0.9266666666666666,0.9488888888888888,0.9422222222222222,0.96,0.9577777777777778,0.947111111111111,0.012041081941461404,71
13,0.5221758365631104,0.05720439579770923,0.06149024963378906,0.002234581194229654,gini,2,5,"{'criterion': 'gini', 'max_depth': 2, 'min_samples_leaf': 5}",0.9222222222222223,0.9422222222222222,0.9466666666666667,0.9533333333333334,0.9555555555555556,0.9440000000000002,0.011875901525233228,81,0.8958333333333334,0.9307359307359307,0.9547511312217195,0.9473684210526315,1.0,0.9457377632687229,0.033893354181206765,91,0.9523809523809523,0.954337899543379,0.9388646288209607,0.9594594594594594,0.9183673469387755,0.9446820574287054,0.01481341516992488,73,0.9555555555555556,0.9555555555555556,0.9377777777777778,0.96,0.9111111111111111,0.9440000000000002,0.01812984715944102,72,0.8888888888888888,0.9288888888888889,0.9555555555555556,0.9466666666666667,1.0,0.9440000000000002,0.03617242657666812,93,0.9389671361502347,0.9491371480472298,0.9421560035056967,0.9568733153638814,0.9336099585062241,0.9441487123146534,0.008107835291841059,74,0.9222222222222223,0.9422222222222223,0.9466666666666668,0.9533333333333334,0.9555555555555555,0.9440000000000002,0.011875901525233209,81,0.9021164021164021,0.922029426686961,0.9193595342066958,0.934954954954955,0.9183673469387755,0.9193655329807578,0.01047525974955177,76,0.9222222222222222,0.9422222222222223,0.9466666666666668,0.9533333333333334,0.9555555555555555,0.9440000000000002,0.011875901525233249,81
52,0.6096807003021241,0.04101444330132554,0.06191864013671875,0.006476762776950712,entropy,2,8,"{'criterion': 'entropy', 'max_depth': 2, 'min_samples_leaf': 8}",0.9311111111111111,0.9355555555555556,0.9444444444444444,0.9488888888888889,0.9711111111111111,0.9462222222222222,0.013941677458985006,74,0.9217391304347826,0.9495412844036697,0.9587155963302753,0.9429824561403509,1.0,0.9545956934618157,0.025762347400111175,63,0.9409090909090909,0.9224137931034483,0.9310344827586207,0.954954954954955,0.9453781512605042,0.9389380945973238,0.011290868805891027,79,0.9422222222222222,0.92,0.9288888888888889,0.9555555555555556,0.9422222222222222,0.9377777777777778,0.012252487779635751,79,0.92,0.9511111111111111,0.96,0.9422222222222222,1.0,0.9546666666666667,0.02627865866505685,53,0.9366515837104072,0.9280138768430182,0.9366869037294016,0.9523809523809523,0.9558198810535259,0.9419106395434611,0.010499138516687271,78,0.9311111111111111,0.9355555555555556,0.9444444444444444,0.9488888888888889,0.971111111111111,0.9462222222222222,0.013941677458984968,74,0.9056363636363636,0.9017624521072798,0.9137931034482758,0.9286686686686687,0.9453781512605042,0.9190477478242185,0.016075510719019984,77,0.9311111111111111,0.9355555555555556,0.9444444444444444,0.9488888888888888,0.971111111111111,0.9462222222222222,0.013941677458984962,74
14,0.5120689392089843,0.02775711387054252,0.06412434577941895,0.003858393559429631,gini,2,6,"{'criterion': 'gini', 'max_depth': 2, 'min_samples_leaf': 6}",0.9311111111111111,0.9288888888888889,0.9466666666666667,0.96,0.9644444444444444,0.9462222222222222,0.01449733904915563,74,0.9217391304347826,0.9251101321585903,0.958904109589041,0.9683257918552036,1.0,0.9548158328075236,0.029042516613712637,61,0.9409090909090909,0.9327354260089686,0.935064935064935,0.9519650655021834,0.9336099585062241,0.9388568951982805,0.00714726979049503,80,0.9422222222222222,0.9333333333333333,0.9333333333333333,0.9511111111111111,0.9288888888888889,0.9377777777777778,0.007950463919999253,79,0.92,0.9244444444444444,0.96,0.9688888888888889,1.0,0.9546666666666667,0.029668123143606465,53,0.9366515837104072,0.9310653536257834,0.9399477806788512,0.9553023663453112,0.9461732548359967,0.94182806783927,0.008325921633664558,79,0.9311111111111111,0.9288888888888889,0.9466666666666667,0.96,0.9644444444444444,0.9462222222222222,0.01449733904915563,74,0.9056363636363636,0.900039860488291,0.9176623376623376,0.9379039301310044,0.9336099585062241,0.9189704900848442,0.01490414784862655,78,0.9311111111111111,0.9288888888888889,0.9466666666666667,0.96,0.9644444444444444,0.9462222222222222,0.01449733904915563,74
16,0.5433836460113526,0.01995560210486165,0.06435470581054688,0.007434417877547105,gini,2,8,"{'criterion': 'gini', 'max_depth': 2, 'min_samples_leaf': 8}",0.9244444444444444,0.9444444444444444,0.9377777777777778,0.96,0.9577777777777777,0.9448888888888888,0.01313932933252842,80,0.899581589958159,0.9385964912280702,0.9497716894977168,0.9641255605381166,1.0,0.9504150662444125,0.03277431393553157,74,0.95260663507109,0.9504504504504504,0.9264069264069265,0.9559471365638766,0.9221311475409836,0.9415084592066654,0.014248793766756744,75,0.9555555555555556,0.9511111111111111,0.9244444444444444,0.9555555555555556,0.9155555555555556,0.9404444444444445,0.01700544575085246,75,0.8933333333333333,0.9377777777777778,0.9511111111111111,0.9644444444444444,1.0,0.9493333333333334,0.034837187452916314,73,0.9401309635173059,0.9478885893980233,0.9312445604873804,0.9576345984112974,0.9367194004995837,0.9427236224627181,0.009203863458410963,77,0.9244444444444444,0.9444444444444444,0.9377777777777778,0.96,0.9577777777777778,0.9448888888888888,0.01313932933252844,80,0.9043285939968404,0.9224224224224224,0.9055603655603657,0.9397356828193832,0.9221311475409836,0.918835642467999,0.01301710000834209,79,0.9244444444444445,0.9444444444444444,0.9377777777777777,0.96,0.9577777777777778,0.9448888888888888,0.013139329332528418,80
82,0.6294523715972901,0.08475717106521818,0.07379231452941895,0.013691509816883489,log_loss,2,2,"{'criterion': 'log_loss', 'max_depth': 2, 'min_samples_leaf': 2}",0.9311111111111111,0.9377777777777778,0.9466666666666667,0.9577777777777777,0.9622222222222222,0.9471111111111112,0.011708390997617304,70,0.9292035398230089,0.9457013574660633,0.958904109589041,0.963963963963964,1.0,0.9595545941684154,0.023532085296771702,26,0.9330357142857143,0.9301310043668122,0.935064935064935,0.9517543859649122,0.9297520661157025,0.9359476211596153,0.008140394133092827,85,0.9333333333333333,0.9288888888888889,0.9333333333333333,0.9511111111111111,0.9244444444444444,0.9342222222222223,0.009064923579720522,85,0.9288888888888889,0.9466666666666667,0.96,0.9644444444444444,1.0,0.96,0.023517789431685254,14,0.9322033898305084,0.9333917616126205,0.9399477806788512,0.9542656112576957,0.9430008382229673,0.9405618763205286,0.007942201724650651,80,0.9311111111111111,0.9377777777777778,0.9466666666666667,0.9577777777777778,0.9622222222222222,0.9471111111111112,0.011708390997617325,70,0.9022420634920635,0.9071906841339155,0.9176623376623376,0.9356920077972709,0.9297520661157025,0.918507831840258,0.01276790210122132,80,0.9311111111111111,0.9377777777777778,0.9466666666666667,0.9577777777777778,0.9622222222222222,0.9471111111111112,0.011708390997617325,70
47,0.5510689735412597,0.012224586342874646,0.05592713356018066,0.0057049463848348305,entropy,2,3,"{'criterion': 'entropy', 'max_depth': 2, 'min_samples_leaf': 3}",0.9311111111111111,0.9377777777777778,0.9444444444444444,0.9511111111111111,0.9644444444444444,0.9457777777777778,0.011469767022723495,76,0.9181034482758621,0.9377777777777778,0.9587155963302753,0.967741935483871,1.0,0.9564677515735571,0.027742932685496227,50,0.944954128440367,0.9377777777777778,0.9310344827586207,0.9356223175965666,0.9336099585062241,0.9365997330159113,0.004733916250128403,84,0.9466666666666667,0.9377777777777778,0.9288888888888889,0.9333333333333333,0.9288888888888889,0.9351111111111112,0.0066518353542647886,84,0.9155555555555556,0.9377777777777778,0.96,0.9688888888888889,1.0,0.9564444444444444,0.028582995894779598,41,0.9389243391066545,0.9377777777777778,0.9366869037294016,0.9420916162489196,0.9461732548359967,0.94033077833975,0.0034353686006985064,81,0.9311111111111111,0.9377777777777778,0.9444444444444444,0.9511111111111111,0.9644444444444444,0.9457777777777778,0.011469767022723495,76,0.9073802242609581,0.9105382716049383,0.9137931034482758,0.92206962327134,0.9336099585062241,0.9174782362183473,0.009434261570505337,81,0.9311111111111111,0.9377777777777778,0.9444444444444444,0.9511111111111111,0.9644444444444444,0.9457777777777778,0.011469767022723495,76
36,0.49251999855041506,0.011547525531004937,0.05755529403686523,0.005767564526149823,entropy,1,1,"{'criterion': 'entropy', 'max_depth': 1, 'min_samples_leaf': 1}",0.9177777777777778,0.9311111111111111,0.9377777777777778,0.9444444444444444,0.9733333333333334,0.9408888888888889,0.018464513846969774,82,0.8983050847457628,0.907563025210084,0.9457013574660633,0.9672897196261683,1.0,0.9437718374096157,0.03767419217073539,98,0.9392523364485982,0.9575471698113207,0.9301310043668122,0.923728813559322,0.9493670886075949,0.9400052825587295,0.012315461514892597,78,0.9422222222222222,0.96,0.9288888888888889,0.92,0.9466666666666667,0.9395555555555555,0.013941677458984975,76,0.8933333333333333,0.9022222222222223,0.9466666666666667,0.9688888888888889,1.0,0.9422222222222223,0.04014787481115099,98,0.9296947271045328,0.9459459459459459,0.9333917616126205,0.932420872540633,0.959079283887468,0.94010651821824,0.011014783277726703,82,0.9177777777777778,0.9311111111111111,0.9377777777777778,0.9444444444444444,0.9733333333333334,0.9408888888888889,0.018464513846969774,82,0.8923987538940811,0.9128092243186583,0.9071906841339155,0.9105461393596986,0.9493670886075949,0.9144623780627897,0.018847226348464162,82,0.9177777777777777,0.9311111111111111,0.9377777777777778,0.9444444444444445,0.9733333333333333,0.9408888888888889,0.01846451384696977,82
77,0.5529996395111084,0.0868301276787067,0.07086677551269531,0.0060455985363661565,log_loss,1,6,"{'criterion': 'log_loss', 'max_depth': 1, 'min_samples_leaf': 6}",0.8955555555555555,0.9422222222222222,0.9355555555555556,0.9511111111111111,0.9755555555555555,0.9400000000000001,0.026029423047726784,83,0.8677685950413223,0.9383259911894273,0.9622641509433962,0.9551569506726457,1.0,0.9447031375693584,0.043439627585291664,96,0.9278846153846154,0.9461883408071748,0.9117647058823529,0.947136563876652,0.9533898305084746,0.9372728112918539,0.015331929128433208,83,0.9333333333333333,0.9466666666666667,0.9066666666666666,0.9466666666666667,0.9511111111111111,0.936888888888889,0.0162450372288863,81,0.8577777777777778,0.9377777777777778,0.9644444444444444,0.9555555555555556,1.0,0.9431111111111111,0.047236729797640625,95,0.912961210974456,0.9444941808415398,0.9218351741716228,0.9488084730803178,0.962360992301112,0.9380920062738097,0.018114390109417365,83,0.8955555555555555,0.9422222222222223,0.9355555555555555,0.9511111111111111,0.9755555555555555,0.9400000000000001,0.02602942304772679,83,0.8670299145299145,0.9184255107125062,0.897124183006536,0.9272638277043563,0.9533898305084746,0.9126466532923576,0.029082288113669134,83,0.8955555555555555,0.9422222222222222,0.9355555555555555,0.9511111111111111,0.9755555555555556,0.9400000000000001,0.026029423047726815,83
80,0.5624610424041748,0.05487341260449106,0.06977148056030273,0.012571580759565047,log_loss,1,9,"{'criterion': 'log_loss', 'max_depth': 1, 'min_samples_leaf': 9}",0.9155555555555556,0.9266666666666666,0.94,0.9555555555555556,0.9511111111111111,0.9377777777777778,0.014940210056863667,85,0.8847736625514403,0.9444444444444444,0.95,0.9596412556053812,1.0,0.9477718725202532,0.037022885743287284,83,0.9516908212560387,0.9102564102564102,0.9304347826086956,0.9515418502202643,0.9109311740890689,0.9309710076860955,0.018349099441350467,90,0.9555555555555556,0.9066666666666666,0.9288888888888889,0.9511111111111111,0.9022222222222223,0.928888888888889,0.021953936062628403,91,0.8755555555555555,0.9466666666666667,0.9511111111111111,0.96,1.0,0.9466666666666667,0.040246156169499635,84,0.9354226020892688,0.917312661498708,0.9344978165938864,0.9532215357458076,0.9274525968672712,0.9335814425589885,0.011766043148611483,87,0.9155555555555556,0.9266666666666666,0.94,0.9555555555555555,0.9511111111111111,0.9377777777777778,0.014940210056863641,85,0.895480407944176,0.8883760683760684,0.9093913043478261,0.9334801762114537,0.9109311740890689,0.9075318261937186,0.015495223994224762,84,0.9155555555555557,0.9266666666666666,0.94,0.9555555555555555,0.9511111111111111,0.9377777777777778,0.01494021005686361,85
78,0.5319352626800538,0.05728356727090364,0.06562285423278809,0.0044142876625679955,log_loss,1,7,"{'criterion': 'log_loss', 'max_depth': 1, 'min_samples_leaf': 7}",0.92,0.9266666666666666,0.9311111111111111,0.9488888888888889,0.96,0.9373333333333334,0.014834061571803217,86,0.9055793991416309,0.9137931034482759,0.944954128440367,0.9675925925925926,1.0,0.9463838447245733,0.03479570771681779,90,0.9354838709677419,0.9403669724770642,0.9181034482758621,0.9316239316239316,0.9259259259259259,0.9303008298541051,0.007718259422056004,91,0.9377777777777778,0.9422222222222222,0.9155555555555556,0.9288888888888889,0.92,0.928888888888889,0.010134892667547881,91,0.9022222222222223,0.9111111111111111,0.9466666666666667,0.9688888888888889,1.0,0.9457777777777778,0.03625969431888202,88,0.9286367795059469,0.9343664539653601,0.9236773633998265,0.9388458225667528,0.9398496240601504,0.9330752086996073,0.006146204555706401,89,0.92,0.9266666666666666,0.9311111111111111,0.9488888888888889,0.96,0.9373333333333334,0.014834061571803217,86,0.8929032258064515,0.9012232415902142,0.8958045977011495,0.9181956315289649,0.9259259259259259,0.9068105245105412,0.012967500497030967,85,0.92,0.9266666666666666,0.9311111111111111,0.9488888888888889,0.9600000000000001,0.9373333333333334,0.014834061571803251,86
42,0.5170199871063232,0.03277705189558183,0.07946429252624512,0.016107457929951198,entropy,1,7,"{'criterion': 'entropy', 'max_depth': 1, 'min_samples_leaf': 7}",0.9155555555555556,0.9177777777777778,0.9288888888888889,0.9422222222222222,0.9644444444444444,0.9337777777777777,0.018020564384634025,92,0.8879668049792531,0.8790322580645161,0.9488372093023256,0.954337899543379,1.0,0.9340348343778947,0.045011719735758265,106,0.9473684210526315,0.9653465346534653,0.9106382978723404,0.9307359307359307,0.9336099585062241,0.9375398285641184,0.01819474315143582,82,0.9511111111111111,0.9688888888888889,0.9066666666666666,0.9288888888888889,0.9288888888888889,0.936888888888889,0.021296264090152808,81,0.88,0.8666666666666667,0.9511111111111111,0.9555555555555556,1.0,0.9306666666666666,0.05001530629914737,106,0.9330819981149858,0.9438528557599225,0.9184549356223176,0.9355961705831157,0.9461732548359967,0.9354318429832678,0.009798525835878312,84,0.9155555555555556,0.9177777777777778,0.9288888888888889,0.9422222222222223,0.9644444444444444,0.9337777777777777,0.01802056438463404,92,0.8936842105263156,0.9033003300330033,0.8905626477541371,0.9115921115921117,0.9336099585062241,0.9065498516823582,0.015423025442919765,86,0.9155555555555556,0.9177777777777778,0.9288888888888888,0.9422222222222223,0.9644444444444444,0.9337777777777777,0.018020564384634043,92
0,0.4471315860748291,0.020962654453786887,0.06331892013549804,0.005319457136118606,gini,1,1,"{'criterion': 'gini', 'max_depth': 1, 'min_samples_leaf': 1}",0.9155555555555556,0.9244444444444444,0.9266666666666666,0.9555555555555556,0.9533333333333334,0.9351111111111111,0.016232873215777516,89,0.8978723404255319,0.9098712446351931,0.9324324324324325,0.9555555555555556,1.0,0.9391463146097425,0.03627142427547791,101,0.9348837209302325,0.9400921658986175,0.9210526315789473,0.9555555555555556,0.9146341463414634,0.9332436440609634,0.014438474218207395,88,0.9377777777777778,0.9422222222222222,0.92,0.9555555555555556,0.9066666666666666,0.9324444444444444,0.017190292982945544,88,0.8933333333333333,0.9066666666666666,0.9333333333333333,0.9555555555555556,1.0,0.9377777777777778,0.03781697313099139,101,0.9262672811059908,0.9332113449222323,0.9234828496042217,0.9555555555555556,0.9305210918114144,0.933807624599883,0.011380572101553396,85,0.9155555555555556,0.9244444444444444,0.9266666666666667,0.9555555555555556,0.9533333333333334,0.9351111111111111,0.016232873215777502,89,0.8884961240310078,0.8990168970814132,0.8929824561403509,0.9353086419753087,0.9146341463414634,0.9060876531139088,0.017076957636464836,87,0.9155555555555556,0.9244444444444444,0.9266666666666667,0.9555555555555557,0.9533333333333333,0.9351111111111111,0.016232873215777505,89
73,0.49878249168395994,0.013489018964605352,0.07212748527526855,0.008140739688556463,log_loss,1,2,"{'criterion': 'log_loss', 'max_depth': 1, 'min_samples_leaf': 2}",0.92,0.9288888888888889,0.9333333333333333,0.9422222222222222,0.9666666666666667,0.9382222222222222,0.015925753659705697,84,0.8921161825726142,0.9488372093023256,0.9577464788732394,0.9671361502347418,1.0,0.9531672041965843,0.03508671563387037,66,0.9521531100478469,0.9106382978723404,0.9113924050632911,0.919831223628692,0.9375,0.9263030073224341,0.016144309350360316,96,0.9555555555555556,0.9066666666666666,0.9066666666666666,0.9155555555555556,0.9333333333333333,0.9235555555555555,0.01873005111618268,96,0.8844444444444445,0.9511111111111111,0.96,0.9688888888888889,1.0,0.952888888888889,0.037983752211949315,64,0.937794533459001,0.9184549356223176,0.9207161125319693,0.9292412617220801,0.9493670886075949,0.9311147863885927,0.01139894636617991,93,0.92,0.9288888888888889,0.9333333333333333,0.9422222222222223,0.9666666666666667,0.9382222222222222,0.015925753659705704,84,0.8999043062200958,0.8905626477541371,0.8949367088607595,0.906769807782466,0.9375,0.9059346941234917,0.016677451949187096,88,0.92,0.9288888888888888,0.9333333333333332,0.9422222222222222,0.9666666666666667,0.9382222222222222,0.015925753659705718,84
75,0.5017055034637451,0.010349081205621592,0.06589932441711426,0.005482275832360581,log_loss,1,4,"{'criterion': 'log_loss', 'max_depth': 1, 'min_samples_leaf': 4}",0.9155555555555556,0.9266666666666666,0.9288888888888889,0.94,0.96,0.9342222222222223,0.015045609670942879,90,0.8945147679324894,0.9102564102564102,0.9141630901287554,0.9669811320754716,1.0,0.9371830800786253,0.039772954825162146,103,0.9389671361502347,0.9444444444444444,0.9447004608294931,0.9159663865546218,0.9259259259259259,0.9340008707809441,0.011301863611911388,86,0.9422222222222222,0.9466666666666667,0.9466666666666667,0.9111111111111111,0.92,0.9333333333333333,0.014873956027272444,86,0.8888888888888888,0.9066666666666666,0.9111111111111111,0.9688888888888889,1.0,0.9351111111111111,0.04212620661714771,103,0.9285051067780873,0.9366391184573003,0.9377859103385179,0.9260832625318607,0.9398496240601504,0.9337726044331834,0.005442907401539616,86,0.9155555555555555,0.9266666666666666,0.9288888888888889,0.94,0.96,0.9342222222222223,0.015045609670942909,90,0.8901930099113198,0.902962962962963,0.9051715309779826,0.9030252100840336,0.9259259259259259,0.9054557279724451,0.011525464237054752,89,0.9155555555555556,0.9266666666666666,0.9288888888888888,0.94,0.9600000000000001,0.9342222222222223,0.015045609670942926,90
37,0.49666528701782225,0.019609653697311064,0.06609921455383301,0.004939379387411577,entropy,1,2,"{'criterion': 'entropy', 'max_depth': 1, 'min_samples_leaf': 2}",0.92,0.9244444444444444,0.9333333333333333,0.9511111111111111,0.9533333333333334,0.9364444444444444,0.013597385369580769,87,0.9162995594713657,0.9098712446351931,0.9493087557603687,0.9592760180995475,1.0,0.9469511155932949,0.03251485982964482,87,0.9237668161434978,0.9400921658986175,0.9184549356223176,0.9432314410480349,0.9146341463414634,0.9280359010107861,0.011540233720900473,94,0.9244444444444444,0.9422222222222222,0.9155555555555556,0.9422222222222222,0.9066666666666666,0.9262222222222223,0.014222222222222216,94,0.9155555555555556,0.9066666666666666,0.9511111111111111,0.96,1.0,0.9466666666666667,0.03349589987807427,84,0.9221128021486124,0.9332113449222323,0.9248055315471045,0.9465381244522348,0.9305210918114144,0.9314377789763197,0.008519955208971513,91,0.9199999999999999,0.9244444444444444,0.9333333333333333,0.951111111111111,0.9533333333333334,0.9364444444444444,0.013597385369580772,87,0.887982062780269,0.8990168970814132,0.897997138769671,0.9255021834061135,0.9146341463414634,0.9050264856757861,0.013323667406925838,90,0.92,0.9244444444444444,0.9333333333333332,0.951111111111111,0.9533333333333333,0.9364444444444444,0.013597385369580722,87
6,0.43644418716430666,0.009730423645641457,0.061676549911499026,0.007570993385462518,gini,1,7,"{'criterion': 'gini', 'max_depth': 1, 'min_samples_leaf': 7}",0.9044444444444445,0.9244444444444444,0.9311111111111111,0.9422222222222222,0.9644444444444444,0.9333333333333332,0.019826407131729284,94,0.8699186991869918,0.9098712446351931,0.944954128440367,0.954337899543379,1.0,0.9358163943611861,0.04373039353742389,104,0.946078431372549,0.9400921658986175,0.9181034482758621,0.9307359307359307,0.9336099585062241,0.9337239869578366,0.009445937867741172,87,0.9511111111111111,0.9422222222222222,0.9155555555555556,0.9288888888888889,0.9288888888888889,0.9333333333333332,0.012252487779635751,87,0.8577777777777778,0.9066666666666666,0.9466666666666667,0.9555555555555556,1.0,0.9333333333333333,0.04803291052837796,104,0.9269932756964457,0.9332113449222323,0.9236773633998265,0.9355961705831157,0.9461732548359967,0.9331302818875236,0.007787513525299571,88,0.9044444444444444,0.9244444444444444,0.9311111111111111,0.9422222222222223,0.9644444444444444,0.9333333333333332,0.019826407131729326,94,0.882636165577342,0.8990168970814132,0.8958045977011495,0.9115921115921117,0.9336099585062241,0.9045319460916481,0.017212694865832417,91,0.9044444444444445,0.9244444444444444,0.9311111111111111,0.9422222222222223,0.9644444444444444,0.9333333333333332,0.01982640713172929,94
76,0.6073730945587158,0.06812383089301992,0.07398824691772461,0.019911615278045074,log_loss,1,5,"{'criterion': 'log_loss', 'max_depth': 1, 'min_samples_leaf': 5}",0.9177777777777778,0.9244444444444444,0.9333333333333333,0.9533333333333334,0.9511111111111111,0.9360000000000002,0.014152607402747264,88,0.9122807017543859,0.9098712446351931,0.9577464788732394,0.9594594594594594,1.0,0.9478715769444556,0.03364491299424607,82,0.9234234234234234,0.9400921658986175,0.9113924050632911,0.9473684210526315,0.9109311740890689,0.9266415179054064,0.014833953774404149,95,0.9244444444444444,0.9422222222222222,0.9066666666666666,0.9466666666666667,0.9022222222222223,0.9244444444444445,0.017998628205614733,95,0.9111111111111111,0.9066666666666666,0.96,0.96,1.0,0.9475555555555555,0.03481449960456203,78,0.9209344115004492,0.9332113449222323,0.9207161125319693,0.9498680738786279,0.9274525968672712,0.93043650794011,0.010760716742207759,95,0.9177777777777778,0.9244444444444444,0.9333333333333333,0.9533333333333334,0.9511111111111111,0.9360000000000002,0.014152607402747264,88,0.8857857857857858,0.8990168970814132,0.8949367088607595,0.9294736842105262,0.9109311740890689,0.9040288500055107,0.015071016955133777,92,0.9177777777777777,0.9244444444444444,0.9333333333333332,0.9533333333333333,0.9511111111111111,0.9359999999999999,0.014152607402747269,88
7,0.5315969467163086,0.04574673772248654,0.06782078742980957,0.012169516651245826,gini,1,8,"{'criterion': 'gini', 'max_depth': 1, 'min_samples_leaf': 8}",0.9066666666666666,0.9222222222222223,0.9266666666666666,0.9533333333333334,0.9533333333333334,0.9324444444444444,0.018303342472865802,98,0.8734693877551021,0.9130434782608695,0.9363636363636364,0.9678899082568807,1.0,0.9381532821272976,0.043650875635019,102,0.9463414634146341,0.9318181818181818,0.9173913043478261,0.9396551724137931,0.9146341463414634,0.9299680536671797,0.012317914822401315,93,0.9511111111111111,0.9333333333333333,0.9155555555555556,0.9377777777777778,0.9066666666666666,0.928888888888889,0.015900927839998528,91,0.8622222222222222,0.9111111111111111,0.9377777777777778,0.9688888888888889,1.0,0.9359999999999999,0.04742036859857472,102,0.9282296650717703,0.9276018099547512,0.9213973799126638,0.9453599306157849,0.9305210918114144,0.930621975473277,0.007964360757388397,94,0.9066666666666667,0.9222222222222223,0.9266666666666667,0.9533333333333334,0.9533333333333334,0.9324444444444444,0.018303342472865764,97,0.8848455284552845,0.8934343434343435,0.8914202898550725,0.9259770114942529,0.9146341463414634,0.9020622639160834,0.01558252856969453,93,0.9066666666666666,0.9222222222222222,0.9266666666666667,0.9533333333333334,0.9533333333333333,0.9324444444444444,0.01830334247286578,97
3,0.4678031444549561,0.044171920469233496,0.05982708930969238,0.008121954032082178,gini,1,4,"{'criterion': 'gini', 'max_depth': 1, 'min_samples_leaf': 4}",0.9066666666666666,0.9155555555555556,0.9288888888888889,0.9511111111111111,0.9555555555555556,0.9315555555555555,0.019188473906598162,102,0.8704453441295547,0.9192825112107623,0.9366515837104072,0.947136563876652,1.0,0.9347032005854754,0.041925950222776495,105,0.9507389162561576,0.9118942731277533,0.9213973799126638,0.9551569506726457,0.9183673469387755,0.9315109733815993,0.01782526660114004,89,0.9555555555555556,0.9111111111111111,0.92,0.9555555555555556,0.9111111111111111,0.9306666666666666,0.02057926560496043,89,0.8577777777777778,0.92,0.9377777777777778,0.9466666666666667,1.0,0.9324444444444445,0.04587906809089402,105,0.9305689488910318,0.913503971756399,0.9246275197195443,0.9534467323187108,0.9336099585062241,0.931151426238382,0.013095482732209146,92,0.9066666666666667,0.9155555555555556,0.9288888888888889,0.9511111111111111,0.9555555555555555,0.9315555555555555,0.019188473906598103,102,0.8866338259441707,0.8789427312775331,0.8951770984958758,0.9308819133034378,0.9183673469387755,0.9020005831919585,0.019577353708660688,94,0.9066666666666666,0.9155555555555555,0.928888888888889,0.9511111111111112,0.9555555555555555,0.9315555555555555,0.019188473906598173,102
43,0.49103631973266604,0.023039555523752885,0.06027841567993164,0.0033906843857006014,entropy,1,8,"{'criterion': 'entropy', 'max_depth': 1, 'min_samples_leaf': 8}",0.9,0.9244444444444444,0.9311111111111111,0.9466666666666667,0.9355555555555556,0.9275555555555556,0.01556190346667697,107,0.8488372093023255,0.9098712446351931,0.9008264462809917,0.9674418604651163,1.0,0.9253953521367253,0.05298969829755979,108,0.96875,0.9400921658986175,0.9663461538461539,0.9276595744680851,0.8858267716535433,0.93773493317328,0.03027230731271277,81,0.9733333333333334,0.9422222222222222,0.9688888888888889,0.9244444444444444,0.8711111111111111,0.9360000000000002,0.037035851832888315,83,0.8266666666666667,0.9066666666666666,0.8933333333333333,0.9688888888888889,1.0,0.9191111111111112,0.060640205869548595,108,0.9365558912386707,0.9332113449222323,0.9508041627246925,0.9356223175965666,0.9065269943593876,0.9325441421683098,0.014396768977213828,90,0.9,0.9244444444444444,0.9311111111111111,0.9466666666666667,0.9355555555555555,0.9275555555555556,0.015561903466676958,107,0.8875,0.8990168970814132,0.9166025641025641,0.914354609929078,0.8858267716535433,0.9006601685533198,0.012943088823855876,95,0.9000000000000001,0.9244444444444444,0.9311111111111111,0.9466666666666667,0.9355555555555556,0.9275555555555556,0.01556190346667693,107
79,0.5523443222045898,0.06661018591236749,0.06826944351196289,0.011420847504218854,log_loss,1,8,"{'criterion': 'log_loss', 'max_depth': 1, 'min_samples_leaf': 8}",0.92,0.9444444444444444,0.9311111111111111,0.9377777777777778,0.9377777777777778,0.9342222222222223,0.008267144550105887,90,0.902127659574468,0.9385964912280702,0.9490740740740741,0.966824644549763,1.0,0.9513245738852751,0.032239585956671056,70,0.9395348837209302,0.9504504504504504,0.9145299145299145,0.9121338912133892,0.8893280632411067,0.9211954406311582,0.021606764820985423,102,0.9422222222222222,0.9511111111111111,0.9111111111111111,0.9066666666666666,0.8755555555555555,0.9173333333333333,0.027049109430583012,102,0.8977777777777778,0.9377777777777778,0.9511111111111111,0.9688888888888889,1.0,0.9511111111111111,0.033847880470506256,69,0.9308755760368663,0.9478885893980233,0.921619293712317,0.9229466553767993,0.9094583670169766,0.9265576963081965,0.012676478883173097,100,0.9199999999999999,0.9444444444444444,0.9311111111111111,0.9377777777777778,0.9377777777777778,0.9342222222222223,0.008267144550105925,90,0.8946046511627906,0.9224224224224224,0.8942640075973409,0.8993119479311948,0.8893280632411067,0.899986218470971,0.011654519512966506,96,0.92,0.9444444444444444,0.9311111111111111,0.9377777777777777,0.9377777777777777,0.9342222222222223,0.008267144550105868,90
8,0.45895867347717284,0.04722354293883631,0.058128976821899415,0.004096756190950133,gini,1,9,"{'criterion': 'gini', 'max_depth': 1, 'min_samples_leaf': 9}",0.92,0.9177777777777778,0.9288888888888889,0.9466666666666667,0.9533333333333334,0.9333333333333333,0.014263828031894405,93,0.9090909090909091,0.9272727272727272,0.9406392694063926,0.958904109589041,1.0,0.947181403071814,0.031039544604358982,85,0.9315068493150684,0.908695652173913,0.9177489177489178,0.935064935064935,0.9146341463414634,0.9215301001288596,0.010092589897621379,101,0.9333333333333333,0.9066666666666666,0.9155555555555556,0.9333333333333333,0.9066666666666666,0.9191111111111111,0.012057475525556059,101,0.9066666666666666,0.9288888888888889,0.9422222222222222,0.96,1.0,0.9475555555555555,0.03147721103933472,78,0.9264305177111717,0.9126637554585153,0.9225413402959095,0.9399477806788512,0.9305210918114144,0.9264208971911725,0.008989974145941706,102,0.9199999999999999,0.9177777777777778,0.9288888888888889,0.9466666666666667,0.9533333333333334,0.9333333333333333,0.014263828031894427,93,0.8912328767123288,0.8796328502415459,0.8936123136123135,0.9176623376623376,0.9146341463414634,0.8993549049139979,0.014536309365886764,97,0.92,0.9177777777777777,0.9288888888888889,0.9466666666666667,0.9533333333333333,0.9333333333333333,0.0142638280318944,93
41,0.5457676887512207,0.06448833461569864,0.06911063194274902,0.005022011772424539,entropy,1,6,"{'criterion': 'entropy', 'max_depth': 1, 'min_samples_leaf': 6}",0.9111111111111111,0.9177777777777778,0.9422222222222222,0.9466666666666667,0.9466666666666667,0.9328888888888889,0.015293022696964661,95,0.8870292887029289,0.9234234234234234,0.954337899543379,0.9674418604651163,1.0,0.9464464944269695,0.03855262316220509,89,0.9383886255924171,0.9122807017543859,0.9307359307359307,0.9276595744680851,0.9036144578313253,0.9225358580764288,0.01271213213921371,100,0.9422222222222222,0.9111111111111111,0.9288888888888889,0.9244444444444444,0.8933333333333333,0.9199999999999999,0.016629588385661958,99,0.88,0.9244444444444444,0.9555555555555556,0.9688888888888889,1.0,0.9457777777777778,0.04086956064914721,88,0.9260991580916744,0.9146877748460862,0.9355961705831157,0.9356223175965666,0.9213759213759214,0.9266762684986729,0.00814551611329336,98,0.9111111111111111,0.9177777777777778,0.9422222222222223,0.9466666666666667,0.9466666666666667,0.9328888888888889,0.015293022696964675,95,0.8857819905213271,0.881130604288499,0.9115921115921117,0.914354609929078,0.9036144578313253,0.8992947548324682,0.01348491911073697,98,0.911111111111111,0.9177777777777778,0.9422222222222223,0.9466666666666667,0.9466666666666667,0.9328888888888889,0.015293022696964706,95
40,0.5077883720397949,0.04838944866457828,0.06950669288635254,0.012039703609062171,entropy,1,5,"{'criterion': 'entropy', 'max_depth': 1, 'min_samples_leaf': 5}",0.9133333333333333,0.92,0.9311111111111111,0.9444444444444444,0.9511111111111111,0.932,0.014236104336041744,99,0.8842975206611571,0.92,0.9490740740740741,0.9629629629629629,1.0,0.9432669115396388,0.03913831661631676,99,0.9471153846153846,0.92,0.9145299145299145,0.9273504273504274,0.9109311740890689,0.9239853801169591,0.012822028155823855,98,0.9511111111111111,0.92,0.9111111111111111,0.9244444444444444,0.9022222222222223,0.9217777777777778,0.016534289100211798,97,0.8755555555555555,0.92,0.9511111111111111,0.9644444444444444,1.0,0.9422222222222223,0.0420699006798195,98,0.9318826868495743,0.92,0.921619293712317,0.9345391903531438,0.9274525968672712,0.9270987535564613,0.005635390045168987,97,0.9133333333333333,0.92,0.9311111111111111,0.9444444444444444,0.9511111111111111,0.932,0.014236104336041744,99,0.891474358974359,0.8864000000000001,0.8942640075973409,0.9121557454890789,0.9109311740890689,0.8990450572299695,0.010518947672006717,99,0.9133333333333333,0.9199999999999999,0.9311111111111111,0.9444444444444444,0.9511111111111111,0.932,0.014236104336041762,99
5,0.44457302093505857,0.01084079700295098,0.056339073181152347,0.004303990994877318,gini,1,6,"{'criterion': 'gini', 'max_depth': 1, 'min_samples_leaf': 6}",0.92,0.9244444444444444,0.9333333333333333,0.9444444444444444,0.9377777777777778,0.932,0.008844332774281063,99,0.9090909090909091,0.9063829787234042,0.9493087557603687,0.9587155963302753,1.0,0.9446996479809915,0.03467555059235647,97,0.9315068493150684,0.9441860465116279,0.9184549356223176,0.9310344827586207,0.8893280632411067,0.9229020754897481,0.018655706657772893,99,0.9333333333333333,0.9466666666666667,0.9155555555555556,0.9288888888888889,0.8755555555555555,0.9199999999999999,0.024343224778007388,99,0.9066666666666666,0.9022222222222223,0.9511111111111111,0.96,1.0,0.944,0.0362814784568152,94,0.9264305177111717,0.9354838709677419,0.9248055315471045,0.9366869037294016,0.9094583670169766,0.9265730381944792,0.009774963714738356,99,0.9199999999999999,0.9244444444444444,0.9333333333333333,0.9444444444444444,0.9377777777777778,0.932,0.008844332774281092,99,0.8912328767123288,0.9007545219638242,0.897997138769671,0.9137931034482758,0.8893280632411067,0.8986211408270413,0.008672679874980625,100,0.92,0.9244444444444444,0.9333333333333332,0.9444444444444444,0.9377777777777777,0.932,0.008844332774281044,99
1,0.4364053726196289,0.030210328022398304,0.06198868751525879,0.00492156667853614,gini,1,2,"{'criterion': 'gini', 'max_depth': 1, 'min_samples_leaf': 2}",0.9155555555555556,0.9177777777777778,0.9311111111111111,0.9488888888888889,0.9377777777777778,0.9302222222222223,0.012460307350112164,104,0.891213389121339,0.9196428571428571,0.9409090909090909,0.9469026548672567,1.0,0.9397335984081087,0.035896141597081585,100,0.943127962085308,0.915929203539823,0.9217391304347826,0.9508928571428571,0.8893280632411067,0.9242034432887755,0.02173149897402198,97,0.9466666666666667,0.9155555555555556,0.92,0.9511111111111111,0.8755555555555555,0.9217777777777778,0.027049109430583012,97,0.8844444444444445,0.92,0.9422222222222222,0.9466666666666667,1.0,0.9386666666666666,0.037754241033947186,100,0.930776426566885,0.91674047829938,0.925764192139738,0.9500446030330062,0.9094583670169766,0.9265568134111971,0.013847938107209412,101,0.9155555555555556,0.9177777777777778,0.9311111111111111,0.9488888888888889,0.9377777777777778,0.9302222222222223,0.012460307350112164,104,0.8919220642443391,0.8826548672566372,0.8973719806763285,0.9268452380952381,0.8893280632411067,0.8976244427027298,0.015358084787732016,101,0.9155555555555556,0.9177777777777778,0.9311111111111111,0.948888888888889,0.9377777777777777,0.9302222222222222,0.012460307350112184,105
38,0.503211784362793,0.009843256213348918,0.061012983322143555,0.0022576070659204857,entropy,1,3,"{'criterion': 'entropy', 'max_depth': 1, 'min_samples_leaf': 3}",0.9111111111111111,0.9288888888888889,0.94,0.94,0.94,0.932,0.011296235579678949,99,0.8969957081545065,0.9213973799126638,0.95,0.9669811320754716,1.0,0.9470748440285284,0.03570193549145528,86,0.9262672811059908,0.9366515837104072,0.9304347826086956,0.9159663865546218,0.8928571428571429,0.9204354353673716,0.015345979617642131,103,0.9288888888888889,0.9377777777777778,0.9288888888888889,0.9111111111111111,0.88,0.9173333333333333,0.020579265604960408,102,0.8933333333333333,0.92,0.9511111111111111,0.9688888888888889,1.0,0.9466666666666667,0.03718489006818114,84,0.9194876486733761,0.933273219116321,0.9344978165938864,0.9260832625318607,0.9124087591240876,0.9251501412079062,0.008350338727770497,103,0.9111111111111111,0.9288888888888889,0.94,0.94,0.94,0.932,0.011296235579678949,99,0.8807987711213517,0.9017194570135747,0.9093913043478261,0.9030252100840336,0.8928571428571429,0.8975583770847859,0.009901565655395843,102,0.9111111111111111,0.9288888888888889,0.94,0.94,0.94,0.932,0.011296235579678949,99
72,0.510536527633667,0.022097500979172437,0.062249374389648435,0.01216738107344646,log_loss,1,1,"{'criterion': 'log_loss', 'max_depth': 1, 'min_samples_leaf': 1}",0.9177777777777778,0.9177777777777778,0.9288888888888889,0.9488888888888889,0.9488888888888889,0.9324444444444445,0.014026430078275103,96,0.9051724137931034,0.9234234234234234,0.957345971563981,0.963302752293578,1.0,0.9498489122148172,0.03300496716216012,76,0.9311926605504587,0.9122807017543859,0.9037656903765691,0.9353448275862069,0.907258064516129,0.9179683889567499,0.012849898528176975,106,0.9333333333333333,0.9111111111111111,0.8977777777777778,0.9333333333333333,0.8977777777777778,0.9146666666666666,0.016000000000000004,106,0.9022222222222223,0.9244444444444444,0.96,0.9644444444444444,1.0,0.9502222222222223,0.033894535048777985,70,0.9252506836827712,0.9146877748460862,0.9144792548687553,0.9410234171725932,0.924404272801972,0.9239690806744356,0.009683818704960802,106,0.9177777777777778,0.9177777777777778,0.9288888888888889,0.9488888888888889,0.9488888888888889,0.9324444444444445,0.014026430078275103,96,0.8890316004077472,0.881130604288499,0.8876150627615063,0.9198659003831418,0.907258064516129,0.8969802464714046,0.014363046307937988,103,0.9177777777777778,0.9177777777777778,0.9288888888888889,0.9488888888888889,0.9488888888888889,0.9324444444444445,0.014026430078275103,96
44,0.5084291458129883,0.020572684776587302,0.06752333641052247,0.010722302510149318,entropy,1,9,"{'criterion': 'entropy', 'max_depth': 1, 'min_samples_leaf': 9}",0.92,0.92,0.9311111111111111,0.9466666666666667,0.9444444444444444,0.9324444444444445,0.011469767022723478,96,0.9090909090909091,0.92,0.9532710280373832,0.9674418604651163,1.0,0.9499607595186816,0.03282823218157605,75,0.9315068493150684,0.92,0.9110169491525424,0.9276595744680851,0.9,0.9180366745871392,0.011423647677829663,105,0.9333333333333333,0.92,0.9066666666666666,0.9244444444444444,0.8888888888888888,0.9146666666666668,0.015498307354811306,105,0.9066666666666666,0.92,0.9555555555555556,0.9688888888888889,1.0,0.9502222222222223,0.03366061551779821,70,0.9264305177111717,0.92,0.9195893926432849,0.9356223175965666,0.9183673469387755,0.9240019149779597,0.006452377888612966,105,0.9199999999999999,0.92,0.9311111111111111,0.9466666666666667,0.9444444444444444,0.9324444444444444,0.0114697670227235,97,0.8912328767123288,0.8864000000000001,0.8927495291902072,0.914354609929078,0.9,0.8969474031663228,0.009735038436246547,104,0.92,0.9199999999999999,0.9311111111111112,0.9466666666666667,0.9444444444444444,0.9324444444444444,0.011469767022723499,97
4,0.48398189544677733,0.03859574859282629,0.05678863525390625,0.005990231100896484,gini,1,5,"{'criterion': 'gini', 'max_depth': 1, 'min_samples_leaf': 5}",0.9,0.9155555555555556,0.9266666666666666,0.9422222222222222,0.9488888888888889,0.9266666666666665,0.017722135144334995,108,0.8658536585365854,0.9118942731277533,0.9137931034482759,0.9422222222222222,1.0,0.9267526514669673,0.04404972262824389,107,0.9411764705882353,0.9192825112107623,0.9403669724770642,0.9422222222222222,0.907258064516129,0.9300612482028825,0.014239464652770355,92,0.9466666666666667,0.92,0.9422222222222222,0.9422222222222222,0.8977777777777778,0.9297777777777778,0.018517925916444123,90,0.8533333333333334,0.9111111111111111,0.9111111111111111,0.9422222222222222,1.0,0.9235555555555555,0.04781858722244537,107,0.9221902017291066,0.9176365264100269,0.9343664539653601,0.9422222222222222,0.924404272801972,0.9281639354257376,0.008907901681018321,96,0.9,0.9155555555555556,0.9266666666666666,0.9422222222222222,0.9488888888888889,0.9266666666666665,0.017722135144334995,108,0.8764705882352941,0.8820129546586946,0.9012232415902142,0.9166716049382715,0.907258064516129,0.8967272907877206,0.015203500398846883,105,0.9,0.9155555555555555,0.9266666666666666,0.9422222222222222,0.9488888888888889,0.9266666666666665,0.01772213514433501,108
2,0.4985191345214844,0.06032353225419976,0.06540751457214355,0.008597120116258147,gini,1,3,"{'criterion': 'gini', 'max_depth': 1, 'min_samples_leaf': 3}",0.9222222222222223,0.9155555555555556,0.9311111111111111,0.9444444444444444,0.9422222222222222,0.931111111111111,0.011155467020454316,103,0.9130434782608695,0.9155555555555556,0.9409090909090909,0.9587155963302753,1.0,0.9456447442111582,0.03198740137835997,92,0.9318181818181818,0.9155555555555556,0.9217391304347826,0.9310344827586207,0.896414342629482,0.9193123386393245,0.012947013054689304,104,0.9333333333333333,0.9155555555555556,0.92,0.9288888888888889,0.8844444444444445,0.9164444444444444,0.017190292982945516,104,0.9111111111111111,0.9155555555555556,0.9422222222222222,0.96,1.0,0.9457777777777778,0.032465746431554976,88,0.9276018099547512,0.9155555555555556,0.925764192139738,0.9366869037294016,0.9153783563873068,0.9241973635533505,0.00803105913057309,104,0.9222222222222223,0.9155555555555556,0.9311111111111111,0.9444444444444444,0.9422222222222223,0.931111111111111,0.011155467020454338,103,0.8934343434343435,0.8804641975308642,0.8973719806763285,0.9137931034482758,0.896414342629482,0.8962955935438588,0.01064100949505182,106,0.9222222222222222,0.9155555555555557,0.9311111111111111,0.9444444444444444,0.9422222222222223,0.931111111111111,0.011155467020454325,103
39,0.550343370437622,0.04432011364320586,0.06893405914306641,0.006515075321426128,entropy,1,4,"{'criterion': 'entropy', 'max_depth': 1, 'min_samples_leaf': 4}",0.9133333333333333,0.92,0.94,0.9466666666666667,0.9311111111111111,0.9302222222222223,0.012300757780531581,104,0.8974358974358975,0.9237668161434978,0.95,0.9674418604651163,1.0,0.9477289148089023,0.035297575470213276,84,0.9305555555555556,0.9162995594713657,0.9304347826086956,0.9276595744680851,0.87890625,0.9167711444207404,0.01964299126721375,108,0.9333333333333333,0.9155555555555556,0.9288888888888889,0.9244444444444444,0.8622222222222222,0.9128888888888887,0.02600664682369385,108,0.8933333333333333,0.9244444444444444,0.9511111111111111,0.9688888888888889,1.0,0.9475555555555555,0.03658509444845633,78,0.9228650137741047,0.9179170344218888,0.9344978165938864,0.9356223175965666,0.900720576461169,0.9223245517695231,0.012739458465311894,107,0.9133333333333333,0.9199999999999999,0.94,0.9466666666666667,0.9311111111111111,0.9302222222222223,0.012300757780531598,104,0.8846296296296297,0.8848458149779735,0.9093913043478261,0.914354609929078,0.87890625,0.8944255217769015,0.014489453297741454,107,0.9133333333333333,0.92,0.94,0.9466666666666667,0.9311111111111111,0.9302222222222223,0.012300757780531581,104
74,0.5038700580596924,0.00794992745348018,0.06791086196899414,0.007400044812326638,log_loss,1,3,"{'criterion': 'log_loss', 'max_depth': 1, 'min_samples_leaf': 3}",0.9155555555555556,0.9177777777777778,0.9311111111111111,0.9444444444444444,0.9377777777777778,0.9293333333333333,0.011190825166234812,106,0.9047619047619048,0.9122807017543859,0.9490740740740741,0.9587155963302753,1.0,0.944966455384128,0.03440746088314365,95,0.9269406392694064,0.9234234234234234,0.9145299145299145,0.9310344827586207,0.8893280632411067,0.9170513046444944,0.014892062511607011,107,0.9288888888888889,0.9244444444444444,0.9111111111111111,0.9288888888888889,0.8755555555555555,0.9137777777777778,0.020191674118400973,107,0.9022222222222223,0.9111111111111111,0.9511111111111111,0.96,1.0,0.9448888888888888,0.03539965822531533,91,0.92188919164396,0.9209344115004492,0.921619293712317,0.9366869037294016,0.9094583670169766,0.9221176335206207,0.008651256618911805,108,0.9155555555555556,0.9177777777777778,0.9311111111111111,0.9444444444444444,0.9377777777777778,0.9293333333333333,0.011190825166234812,106,0.88519533231862,0.8857857857857858,0.8942640075973409,0.9137931034482758,0.8893280632411067,0.8936732584782258,0.010565276382858885,108,0.9155555555555556,0.9177777777777777,0.9311111111111111,0.9444444444444444,0.9377777777777777,0.9293333333333333,0.011190825166234817,106
