,mean_fit_time,std_fit_time,mean_score_time,std_score_time,param_C,param_dual,param_fit_intercept,param_max_iter,param_n_jobs,param_penalty,param_solver,params,split0_test_accuracy_score,split1_test_accuracy_score,split2_test_accuracy_score,split3_test_accuracy_score,split4_test_accuracy_score,mean_test_accuracy_score,std_test_accuracy_score,rank_test_accuracy_score,split0_test_precision_0,split1_test_precision_0,split2_test_precision_0,split3_test_precision_0,split4_test_precision_0,mean_test_precision_0,std_test_precision_0,rank_test_precision_0,split0_test_precision_1,split1_test_precision_1,split2_test_precision_1,split3_test_precision_1,split4_test_precision_1,mean_test_precision_1,std_test_precision_1,rank_test_precision_1,split0_test_recall_0,split1_test_recall_0,split2_test_recall_0,split3_test_recall_0,split4_test_recall_0,mean_test_recall_0,std_test_recall_0,rank_test_recall_0,split0_test_recall_1,split1_test_recall_1,split2_test_recall_1,split3_test_recall_1,split4_test_recall_1,mean_test_recall_1,std_test_recall_1,rank_test_recall_1,split0_test_fbeta_score,split1_test_fbeta_score,split2_test_fbeta_score,split3_test_fbeta_score,split4_test_fbeta_score,mean_test_fbeta_score,std_test_fbeta_score,rank_test_fbeta_score,split0_test_balanced_accuracy_score,split1_test_balanced_accuracy_score,split2_test_balanced_accuracy_score,split3_test_balanced_accuracy_score,split4_test_balanced_accuracy_score,mean_test_balanced_accuracy_score,std_test_balanced_accuracy_score,rank_test_balanced_accuracy_score,split0_test_average_precision_score,split1_test_average_precision_score,split2_test_average_precision_score,split3_test_average_precision_score,split4_test_average_precision_score,mean_test_average_precision_score,std_test_average_precision_score,rank_test_average_precision_score,split0_test_roc_auc,split1_test_roc_auc,split2_test_roc_auc,split3_test_roc_auc,split4_test_roc_auc,mean_test_roc_auc,std_test_roc_auc,rank_test_roc_auc
516,0.03571715354919434,0.011981067336799905,0.022544479370117186,0.010039745953880207,9,False,True,500,-1,l2,newton-cg,"{'C': 9, 'dual': False, 'fit_intercept': True, 'max_iter': 500, 'n_jobs': -1, 'penalty': 'l2', 'solver': 'newton-cg'}",0.9925705794947994,0.9955423476968797,0.9955357142857143,0.9955357142857143,0.9985119047619048,0.9955392521050026,0.001878814280346927,1,0.9853801169590644,1.0,0.9970149253731343,0.9940652818991098,0.9970326409495549,0.9946985930361727,0.005023010458864341,68,1.0,0.9911764705882353,0.9940652818991098,0.9970149253731343,1.0,0.9964513355720959,0.003435727714354186,1,1.0,0.9910714285714286,0.9940476190476191,0.9970238095238095,1.0,0.9964285714285713,0.0034708046993126664,1,0.9851190476190477,1.0,0.9970238095238095,0.9940476190476191,0.9970238095238095,0.9946428571428572,0.005120431706572974,64,0.9969879518072289,0.9929286977018268,0.9946555819477435,0.9964200477326969,0.9994033412887828,0.9960791240956558,0.002188345283199845,1,0.9925595238095238,0.9955357142857143,0.9955357142857143,0.9955357142857143,0.9985119047619048,0.9955357142857144,0.0018823081310526,1,0.9925484681242482,0.9911764705882353,0.9925948495125053,0.9940565031982942,0.9985119047619048,0.9937776392370375,0.0025364134783319673,1,0.9925595238095238,0.9955357142857143,0.9955357142857143,0.9955357142857143,0.9985119047619048,0.9955357142857144,0.0018823081310526,1
455,0.04110760688781738,0.011118381014672425,0.03612499237060547,0.001039530688152282,8,False,True,500,-1,l2,lbfgs,"{'C': 8, 'dual': False, 'fit_intercept': True, 'max_iter': 500, 'n_jobs': -1, 'penalty': 'l2', 'solver': 'lbfgs'}",0.9925705794947994,0.9955423476968797,0.9955357142857143,0.9955357142857143,0.9985119047619048,0.9955392521050026,0.001878814280346927,1,0.9853801169590644,1.0,0.9970149253731343,0.9940652818991098,0.9970326409495549,0.9946985930361727,0.005023010458864341,68,1.0,0.9911764705882353,0.9940652818991098,0.9970149253731343,1.0,0.9964513355720959,0.003435727714354186,1,1.0,0.9910714285714286,0.9940476190476191,0.9970238095238095,1.0,0.9964285714285713,0.0034708046993126664,1,0.9851190476190477,1.0,0.9970238095238095,0.9940476190476191,0.9970238095238095,0.9946428571428572,0.005120431706572974,64,0.9969879518072289,0.9929286977018268,0.9946555819477435,0.9964200477326969,0.9994033412887828,0.9960791240956558,0.002188345283199845,1,0.9925595238095238,0.9955357142857143,0.9955357142857143,0.9955357142857143,0.9985119047619048,0.9955357142857144,0.0018823081310526,1,0.9925484681242482,0.9911764705882353,0.9925948495125053,0.9940565031982942,0.9985119047619048,0.9937776392370375,0.0025364134783319673,1,0.9925595238095238,0.9955357142857143,0.9955357142857143,0.9955357142857143,0.9985119047619048,0.9955357142857144,0.0018823081310526,1
215,0.0714942455291748,0.020435435409408047,0.04215459823608399,0.003263163915593569,4,False,True,500,-1,l2,lbfgs,"{'C': 4, 'dual': False, 'fit_intercept': True, 'max_iter': 500, 'n_jobs': -1, 'penalty': 'l2', 'solver': 'lbfgs'}",0.9925705794947994,0.9955423476968797,0.9970238095238095,0.9955357142857143,0.9970238095238095,0.9955392521050024,0.0016260910567919798,3,0.9853801169590644,1.0,0.9970238095238095,0.9940652818991098,0.9970238095238095,0.9946986035811587,0.005023012216196281,64,1.0,0.9911764705882353,0.9970238095238095,0.9970149253731343,0.9970238095238095,0.9964478030017977,0.0028771598405087453,3,1.0,0.9910714285714286,0.9970238095238095,0.9970238095238095,0.9970238095238095,0.9964285714285713,0.0029160592175990112,1,0.9851190476190477,1.0,0.9970238095238095,0.9940476190476191,0.9970238095238095,0.9946428571428572,0.005120431706572974,64,0.9969879518072289,0.9929286977018268,0.9970238095238095,0.9964200477326969,0.9970238095238095,0.9960768632578743,0.0015907368580595329,3,0.9925595238095238,0.9955357142857143,0.9970238095238095,0.9955357142857143,0.9970238095238095,0.9955357142857142,0.00163012665924156,3,0.9925484681242482,0.9911764705882353,0.9955445719954649,0.9940565031982942,0.9955445719954649,0.9937741171803415,0.0017087273506387923,3,0.9925595238095238,0.9955357142857143,0.9970238095238095,0.9955357142857143,0.9970238095238095,0.9955357142857142,0.00163012665924156,3
335,0.0879638671875,0.04891703166914998,0.04140739440917969,0.008806240915443167,6,False,True,500,-1,l2,lbfgs,"{'C': 6, 'dual': False, 'fit_intercept': True, 'max_iter': 500, 'n_jobs': -1, 'penalty': 'l2', 'solver': 'lbfgs'}",0.9925705794947994,0.9955423476968797,0.9970238095238095,0.9955357142857143,0.9970238095238095,0.9955392521050024,0.0016260910567919798,3,0.9853801169590644,1.0,0.9970238095238095,0.9940652818991098,0.9970238095238095,0.9946986035811587,0.005023012216196281,64,1.0,0.9911764705882353,0.9970238095238095,0.9970149253731343,0.9970238095238095,0.9964478030017977,0.0028771598405087453,3,1.0,0.9910714285714286,0.9970238095238095,0.9970238095238095,0.9970238095238095,0.9964285714285713,0.0029160592175990112,1,0.9851190476190477,1.0,0.9970238095238095,0.9940476190476191,0.9970238095238095,0.9946428571428572,0.005120431706572974,64,0.9969879518072289,0.9929286977018268,0.9970238095238095,0.9964200477326969,0.9970238095238095,0.9960768632578743,0.0015907368580595329,3,0.9925595238095238,0.9955357142857143,0.9970238095238095,0.9955357142857143,0.9970238095238095,0.9955357142857142,0.00163012665924156,3,0.9925484681242482,0.9911764705882353,0.9955445719954649,0.9940565031982942,0.9955445719954649,0.9937741171803415,0.0017087273506387923,3,0.9925595238095238,0.9955357142857143,0.9970238095238095,0.9955357142857143,0.9970238095238095,0.9955357142857142,0.00163012665924156,3
275,0.05668740272521973,0.01692129248359581,0.04009137153625488,0.003711978425596603,5,False,True,500,-1,l2,lbfgs,"{'C': 5, 'dual': False, 'fit_intercept': True, 'max_iter': 500, 'n_jobs': -1, 'penalty': 'l2', 'solver': 'lbfgs'}",0.9925705794947994,0.9955423476968797,0.9970238095238095,0.9955357142857143,0.9970238095238095,0.9955392521050024,0.0016260910567919798,3,0.9853801169590644,1.0,0.9970238095238095,0.9940652818991098,0.9970238095238095,0.9946986035811587,0.005023012216196281,64,1.0,0.9911764705882353,0.9970238095238095,0.9970149253731343,0.9970238095238095,0.9964478030017977,0.0028771598405087453,3,1.0,0.9910714285714286,0.9970238095238095,0.9970238095238095,0.9970238095238095,0.9964285714285713,0.0029160592175990112,1,0.9851190476190477,1.0,0.9970238095238095,0.9940476190476191,0.9970238095238095,0.9946428571428572,0.005120431706572974,64,0.9969879518072289,0.9929286977018268,0.9970238095238095,0.9964200477326969,0.9970238095238095,0.9960768632578743,0.0015907368580595329,3,0.9925595238095238,0.9955357142857143,0.9970238095238095,0.9955357142857143,0.9970238095238095,0.9955357142857142,0.00163012665924156,3,0.9925484681242482,0.9911764705882353,0.9955445719954649,0.9940565031982942,0.9955445719954649,0.9937741171803415,0.0017087273506387923,3,0.9925595238095238,0.9955357142857143,0.9970238095238095,0.9955357142857143,0.9970238095238095,0.9955357142857142,0.00163012665924156,3
216,0.1215585708618164,0.06272569920655023,0.04051675796508789,0.005582781245623383,4,False,True,500,-1,l2,newton-cg,"{'C': 4, 'dual': False, 'fit_intercept': True, 'max_iter': 500, 'n_jobs': -1, 'penalty': 'l2', 'solver': 'newton-cg'}",0.9925705794947994,0.9940564635958395,0.9970238095238095,0.9955357142857143,0.9970238095238095,0.9952420752847944,0.001730776848283229,6,0.9853801169590644,1.0,0.9970238095238095,0.9940652818991098,0.9970238095238095,0.9946986035811587,0.005023012216196281,64,1.0,0.9882697947214076,0.9970238095238095,0.9970149253731343,0.9970238095238095,0.9958664678284321,0.003969719507473475,6,1.0,0.9880952380952381,0.9970238095238095,0.9970238095238095,0.9970238095238095,0.9958333333333332,0.004037101180431693,6,0.9851190476190477,1.0,0.9970238095238095,0.9940476190476191,0.9970238095238095,0.9946428571428572,0.005120431706572974,64,0.9969879518072289,0.9905937683715461,0.9970238095238095,0.9964200477326969,0.9970238095238095,0.9956098773918182,0.002518540169489424,6,0.9925595238095238,0.9940476190476191,0.9970238095238095,0.9955357142857143,0.9970238095238095,0.9952380952380953,0.0017354023496563332,6,0.9925484681242482,0.9882697947214076,0.9955445719954649,0.9940565031982942,0.9955445719954649,0.9931927820069759,0.0027003255651713016,6,0.9925595238095238,0.9940476190476191,0.9970238095238095,0.9955357142857143,0.9970238095238095,0.9952380952380953,0.0017354023496563332,6
396,0.0698422908782959,0.00862052876157971,0.04799799919128418,0.007557044711429585,7,False,True,500,-1,l2,newton-cg,"{'C': 7, 'dual': False, 'fit_intercept': True, 'max_iter': 500, 'n_jobs': -1, 'penalty': 'l2', 'solver': 'newton-cg'}",0.9925705794947994,0.9955423476968797,0.9955357142857143,0.9955357142857143,0.9970238095238095,0.9952416330573834,0.0014542404838125116,7,0.9853801169590644,1.0,0.9970149253731343,0.9940652818991098,0.9970238095238095,0.9946968267510237,0.005022190892487083,70,1.0,0.9911764705882353,0.9940652818991098,0.9970149253731343,0.9970238095238095,0.9958560974768578,0.002999476283930661,7,1.0,0.9910714285714286,0.9940476190476191,0.9970238095238095,0.9970238095238095,0.9958333333333332,0.0030351306628528373,6,0.9851190476190477,1.0,0.9970238095238095,0.9940476190476191,0.9970238095238095,0.9946428571428572,0.005120431706572974,64,0.9969879518072289,0.9929286977018268,0.9946555819477435,0.9964200477326969,0.9970238095238095,0.995603217742661,0.0015908395091583684,7,0.9925595238095238,0.9955357142857143,0.9955357142857143,0.9955357142857143,0.9970238095238095,0.9952380952380953,0.0014580296087995056,6,0.9925484681242482,0.9911764705882353,0.9925948495125053,0.9940565031982942,0.9955445719954649,0.9931841726837496,0.0014909550783856762,7,0.9925595238095238,0.9955357142857143,0.9955357142857143,0.9955357142857143,0.9970238095238095,0.9952380952380953,0.0014580296087995056,6
337,0.046184349060058597,0.006871425859963082,0.04074106216430664,0.005580103388290396,6,False,True,500,-1,l2,newton-cholesky,"{'C': 6, 'dual': False, 'fit_intercept': True, 'max_iter': 500, 'n_jobs': -1, 'penalty': 'l2', 'solver': 'newton-cholesky'}",0.9925705794947994,0.9955423476968797,0.9955357142857143,0.9955357142857143,0.9970238095238095,0.9952416330573834,0.0014542404838125116,7,0.9853801169590644,1.0,0.9970149253731343,0.9940652818991098,0.9970238095238095,0.9946968267510237,0.005022190892487083,70,1.0,0.9911764705882353,0.9940652818991098,0.9970149253731343,0.9970238095238095,0.9958560974768578,0.002999476283930661,7,1.0,0.9910714285714286,0.9940476190476191,0.9970238095238095,0.9970238095238095,0.9958333333333332,0.0030351306628528373,6,0.9851190476190477,1.0,0.9970238095238095,0.9940476190476191,0.9970238095238095,0.9946428571428572,0.005120431706572974,64,0.9969879518072289,0.9929286977018268,0.9946555819477435,0.9964200477326969,0.9970238095238095,0.995603217742661,0.0015908395091583684,7,0.9925595238095238,0.9955357142857143,0.9955357142857143,0.9955357142857143,0.9970238095238095,0.9952380952380953,0.0014580296087995056,6,0.9925484681242482,0.9911764705882353,0.9925948495125053,0.9940565031982942,0.9955445719954649,0.9931841726837496,0.0014909550783856762,7,0.9925595238095238,0.9955357142857143,0.9955357142857143,0.9955357142857143,0.9970238095238095,0.9952380952380953,0.0014580296087995056,6
395,0.06940593719482421,0.02156172153406006,0.044710302352905275,0.007957407411377512,7,False,True,500,-1,l2,lbfgs,"{'C': 7, 'dual': False, 'fit_intercept': True, 'max_iter': 500, 'n_jobs': -1, 'penalty': 'l2', 'solver': 'lbfgs'}",0.9925705794947994,0.9955423476968797,0.9955357142857143,0.9955357142857143,0.9970238095238095,0.9952416330573834,0.0014542404838125116,7,0.9853801169590644,1.0,0.9970149253731343,0.9940652818991098,0.9970238095238095,0.9946968267510237,0.005022190892487083,70,1.0,0.9911764705882353,0.9940652818991098,0.9970149253731343,0.9970238095238095,0.9958560974768578,0.002999476283930661,7,1.0,0.9910714285714286,0.9940476190476191,0.9970238095238095,0.9970238095238095,0.9958333333333332,0.0030351306628528373,6,0.9851190476190477,1.0,0.9970238095238095,0.9940476190476191,0.9970238095238095,0.9946428571428572,0.005120431706572974,64,0.9969879518072289,0.9929286977018268,0.9946555819477435,0.9964200477326969,0.9970238095238095,0.995603217742661,0.0015908395091583684,7,0.9925595238095238,0.9955357142857143,0.9955357142857143,0.9955357142857143,0.9970238095238095,0.9952380952380953,0.0014580296087995056,6,0.9925484681242482,0.9911764705882353,0.9925948495125053,0.9940565031982942,0.9955445719954649,0.9931841726837496,0.0014909550783856762,7,0.9925595238095238,0.9955357142857143,0.9955357142857143,0.9955357142857143,0.9970238095238095,0.9952380952380953,0.0014580296087995056,6
276,0.07411446571350097,0.029604626861636046,0.04026761054992676,0.006972897096123619,5,False,True,500,-1,l2,newton-cg,"{'C': 5, 'dual': False, 'fit_intercept': True, 'max_iter': 500, 'n_jobs': -1, 'penalty': 'l2', 'solver': 'newton-cg'}",0.9925705794947994,0.9955423476968797,0.9955357142857143,0.9955357142857143,0.9970238095238095,0.9952416330573834,0.0014542404838125116,7,0.9853801169590644,1.0,0.9970149253731343,0.9940652818991098,0.9970238095238095,0.9946968267510237,0.005022190892487083,70,1.0,0.9911764705882353,0.9940652818991098,0.9970149253731343,0.9970238095238095,0.9958560974768578,0.002999476283930661,7,1.0,0.9910714285714286,0.9940476190476191,0.9970238095238095,0.9970238095238095,0.9958333333333332,0.0030351306628528373,6,0.9851190476190477,1.0,0.9970238095238095,0.9940476190476191,0.9970238095238095,0.9946428571428572,0.005120431706572974,64,0.9969879518072289,0.9929286977018268,0.9946555819477435,0.9964200477326969,0.9970238095238095,0.995603217742661,0.0015908395091583684,7,0.9925595238095238,0.9955357142857143,0.9955357142857143,0.9955357142857143,0.9970238095238095,0.9952380952380953,0.0014580296087995056,6,0.9925484681242482,0.9911764705882353,0.9925948495125053,0.9940565031982942,0.9955445719954649,0.9931841726837496,0.0014909550783856762,7,0.9925595238095238,0.9955357142857143,0.9955357142857143,0.9955357142857143,0.9970238095238095,0.9952380952380953,0.0014580296087995056,6
515,0.01962285041809082,0.0019284708181620427,0.018758249282836915,0.005714325429829809,9,False,True,500,-1,l2,lbfgs,"{'C': 9, 'dual': False, 'fit_intercept': True, 'max_iter': 500, 'n_jobs': -1, 'penalty': 'l2', 'solver': 'lbfgs'}",0.9925705794947994,0.9955423476968797,0.9955357142857143,0.9955357142857143,0.9970238095238095,0.9952416330573834,0.0014542404838125116,7,0.9853801169590644,1.0,0.9970149253731343,0.9940652818991098,0.9970238095238095,0.9946968267510237,0.005022190892487083,70,1.0,0.9911764705882353,0.9940652818991098,0.9970149253731343,0.9970238095238095,0.9958560974768578,0.002999476283930661,7,1.0,0.9910714285714286,0.9940476190476191,0.9970238095238095,0.9970238095238095,0.9958333333333332,0.0030351306628528373,6,0.9851190476190477,1.0,0.9970238095238095,0.9940476190476191,0.9970238095238095,0.9946428571428572,0.005120431706572974,64,0.9969879518072289,0.9929286977018268,0.9946555819477435,0.9964200477326969,0.9970238095238095,0.995603217742661,0.0015908395091583684,7,0.9925595238095238,0.9955357142857143,0.9955357142857143,0.9955357142857143,0.9970238095238095,0.9952380952380953,0.0014580296087995056,6,0.9925484681242482,0.9911764705882353,0.9925948495125053,0.9940565031982942,0.9955445719954649,0.9931841726837496,0.0014909550783856762,7,0.9925595238095238,0.9955357142857143,0.9955357142857143,0.9955357142857143,0.9970238095238095,0.9952380952380953,0.0014580296087995056,6
517,0.09331469535827637,0.02885729363459063,0.044157218933105466,0.005570588269493619,9,False,True,500,-1,l2,newton-cholesky,"{'C': 9, 'dual': False, 'fit_intercept': True, 'max_iter': 500, 'n_jobs': -1, 'penalty': 'l2', 'solver': 'newton-cholesky'}",0.9925705794947994,0.9955423476968797,0.9955357142857143,0.9955357142857143,0.9970238095238095,0.9952416330573834,0.0014542404838125116,7,0.9853801169590644,1.0,0.9970149253731343,0.9940652818991098,0.9970238095238095,0.9946968267510237,0.005022190892487083,70,1.0,0.9911764705882353,0.9940652818991098,0.9970149253731343,0.9970238095238095,0.9958560974768578,0.002999476283930661,7,1.0,0.9910714285714286,0.9940476190476191,0.9970238095238095,0.9970238095238095,0.9958333333333332,0.0030351306628528373,6,0.9851190476190477,1.0,0.9970238095238095,0.9940476190476191,0.9970238095238095,0.9946428571428572,0.005120431706572974,64,0.9969879518072289,0.9929286977018268,0.9946555819477435,0.9964200477326969,0.9970238095238095,0.995603217742661,0.0015908395091583684,7,0.9925595238095238,0.9955357142857143,0.9955357142857143,0.9955357142857143,0.9970238095238095,0.9952380952380953,0.0014580296087995056,6,0.9925484681242482,0.9911764705882353,0.9925948495125053,0.9940565031982942,0.9955445719954649,0.9931841726837496,0.0014909550783856762,7,0.9925595238095238,0.9955357142857143,0.9955357142857143,0.9955357142857143,0.9970238095238095,0.9952380952380953,0.0014580296087995056,6
277,0.05512685775756836,0.010738622109659654,0.04079113006591797,0.002238387374969815,5,False,True,500,-1,l2,newton-cholesky,"{'C': 5, 'dual': False, 'fit_intercept': True, 'max_iter': 500, 'n_jobs': -1, 'penalty': 'l2', 'solver': 'newton-cholesky'}",0.9925705794947994,0.9955423476968797,0.9955357142857143,0.9955357142857143,0.9970238095238095,0.9952416330573834,0.0014542404838125116,7,0.9853801169590644,1.0,0.9970149253731343,0.9940652818991098,0.9970238095238095,0.9946968267510237,0.005022190892487083,70,1.0,0.9911764705882353,0.9940652818991098,0.9970149253731343,0.9970238095238095,0.9958560974768578,0.002999476283930661,7,1.0,0.9910714285714286,0.9940476190476191,0.9970238095238095,0.9970238095238095,0.9958333333333332,0.0030351306628528373,6,0.9851190476190477,1.0,0.9970238095238095,0.9940476190476191,0.9970238095238095,0.9946428571428572,0.005120431706572974,64,0.9969879518072289,0.9929286977018268,0.9946555819477435,0.9964200477326969,0.9970238095238095,0.995603217742661,0.0015908395091583684,7,0.9925595238095238,0.9955357142857143,0.9955357142857143,0.9955357142857143,0.9970238095238095,0.9952380952380953,0.0014580296087995056,6,0.9925484681242482,0.9911764705882353,0.9925948495125053,0.9940565031982942,0.9955445719954649,0.9931841726837496,0.0014909550783856762,7,0.9925595238095238,0.9955357142857143,0.9955357142857143,0.9955357142857143,0.9970238095238095,0.9952380952380953,0.0014580296087995056,6
397,0.04385848045349121,0.0054633828463844835,0.04244356155395508,0.005133351556874318,7,False,True,500,-1,l2,newton-cholesky,"{'C': 7, 'dual': False, 'fit_intercept': True, 'max_iter': 500, 'n_jobs': -1, 'penalty': 'l2', 'solver': 'newton-cholesky'}",0.9925705794947994,0.9955423476968797,0.9955357142857143,0.9955357142857143,0.9970238095238095,0.9952416330573834,0.0014542404838125116,7,0.9853801169590644,1.0,0.9970149253731343,0.9940652818991098,0.9970238095238095,0.9946968267510237,0.005022190892487083,70,1.0,0.9911764705882353,0.9940652818991098,0.9970149253731343,0.9970238095238095,0.9958560974768578,0.002999476283930661,7,1.0,0.9910714285714286,0.9940476190476191,0.9970238095238095,0.9970238095238095,0.9958333333333332,0.0030351306628528373,6,0.9851190476190477,1.0,0.9970238095238095,0.9940476190476191,0.9970238095238095,0.9946428571428572,0.005120431706572974,64,0.9969879518072289,0.9929286977018268,0.9946555819477435,0.9964200477326969,0.9970238095238095,0.995603217742661,0.0015908395091583684,7,0.9925595238095238,0.9955357142857143,0.9955357142857143,0.9955357142857143,0.9970238095238095,0.9952380952380953,0.0014580296087995056,6,0.9925484681242482,0.9911764705882353,0.9925948495125053,0.9940565031982942,0.9955445719954649,0.9931841726837496,0.0014909550783856762,7,0.9925595238095238,0.9955357142857143,0.9955357142857143,0.9955357142857143,0.9970238095238095,0.9952380952380953,0.0014580296087995056,6
457,0.04253134727478027,0.009374184999356694,0.03943014144897461,0.004167139203738743,8,False,True,500,-1,l2,newton-cholesky,"{'C': 8, 'dual': False, 'fit_intercept': True, 'max_iter': 500, 'n_jobs': -1, 'penalty': 'l2', 'solver': 'newton-cholesky'}",0.9925705794947994,0.9955423476968797,0.9955357142857143,0.9955357142857143,0.9970238095238095,0.9952416330573834,0.0014542404838125116,7,0.9853801169590644,1.0,0.9970149253731343,0.9940652818991098,0.9970238095238095,0.9946968267510237,0.005022190892487083,70,1.0,0.9911764705882353,0.9940652818991098,0.9970149253731343,0.9970238095238095,0.9958560974768578,0.002999476283930661,7,1.0,0.9910714285714286,0.9940476190476191,0.9970238095238095,0.9970238095238095,0.9958333333333332,0.0030351306628528373,6,0.9851190476190477,1.0,0.9970238095238095,0.9940476190476191,0.9970238095238095,0.9946428571428572,0.005120431706572974,64,0.9969879518072289,0.9929286977018268,0.9946555819477435,0.9964200477326969,0.9970238095238095,0.995603217742661,0.0015908395091583684,7,0.9925595238095238,0.9955357142857143,0.9955357142857143,0.9955357142857143,0.9970238095238095,0.9952380952380953,0.0014580296087995056,6,0.9925484681242482,0.9911764705882353,0.9925948495125053,0.9940565031982942,0.9955445719954649,0.9931841726837496,0.0014909550783856762,7,0.9925595238095238,0.9955357142857143,0.9955357142857143,0.9955357142857143,0.9970238095238095,0.9952380952380953,0.0014580296087995056,6
456,0.09158129692077636,0.049258562606134086,0.03923907279968262,0.00333746121475367,8,False,True,500,-1,l2,newton-cg,"{'C': 8, 'dual': False, 'fit_intercept': True, 'max_iter': 500, 'n_jobs': -1, 'penalty': 'l2', 'solver': 'newton-cg'}",0.9925705794947994,0.9955423476968797,0.9955357142857143,0.9955357142857143,0.9970238095238095,0.9952416330573834,0.0014542404838125116,7,0.9853801169590644,1.0,0.9970149253731343,0.9940652818991098,0.9970238095238095,0.9946968267510237,0.005022190892487083,70,1.0,0.9911764705882353,0.9940652818991098,0.9970149253731343,0.9970238095238095,0.9958560974768578,0.002999476283930661,7,1.0,0.9910714285714286,0.9940476190476191,0.9970238095238095,0.9970238095238095,0.9958333333333332,0.0030351306628528373,6,0.9851190476190477,1.0,0.9970238095238095,0.9940476190476191,0.9970238095238095,0.9946428571428572,0.005120431706572974,64,0.9969879518072289,0.9929286977018268,0.9946555819477435,0.9964200477326969,0.9970238095238095,0.995603217742661,0.0015908395091583684,7,0.9925595238095238,0.9955357142857143,0.9955357142857143,0.9955357142857143,0.9970238095238095,0.9952380952380953,0.0014580296087995056,6,0.9925484681242482,0.9911764705882353,0.9925948495125053,0.9940565031982942,0.9955445719954649,0.9931841726837496,0.0014909550783856762,7,0.9925595238095238,0.9955357142857143,0.9955357142857143,0.9955357142857143,0.9970238095238095,0.9952380952380953,0.0014580296087995056,6
336,0.05874762535095215,0.012948278857680705,0.041355323791503903,0.004672441919233372,6,False,True,500,-1,l2,newton-cg,"{'C': 6, 'dual': False, 'fit_intercept': True, 'max_iter': 500, 'n_jobs': -1, 'penalty': 'l2', 'solver': 'newton-cg'}",0.9925705794947994,0.9955423476968797,0.9955357142857143,0.9955357142857143,0.9970238095238095,0.9952416330573834,0.0014542404838125116,7,0.9853801169590644,1.0,0.9970149253731343,0.9940652818991098,0.9970238095238095,0.9946968267510237,0.005022190892487083,70,1.0,0.9911764705882353,0.9940652818991098,0.9970149253731343,0.9970238095238095,0.9958560974768578,0.002999476283930661,7,1.0,0.9910714285714286,0.9940476190476191,0.9970238095238095,0.9970238095238095,0.9958333333333332,0.0030351306628528373,6,0.9851190476190477,1.0,0.9970238095238095,0.9940476190476191,0.9970238095238095,0.9946428571428572,0.005120431706572974,64,0.9969879518072289,0.9929286977018268,0.9946555819477435,0.9964200477326969,0.9970238095238095,0.995603217742661,0.0015908395091583684,7,0.9925595238095238,0.9955357142857143,0.9955357142857143,0.9955357142857143,0.9970238095238095,0.9952380952380953,0.0014580296087995056,6,0.9925484681242482,0.9911764705882353,0.9925948495125053,0.9940565031982942,0.9955445719954649,0.9931841726837496,0.0014909550783856762,7,0.9925595238095238,0.9955357142857143,0.9955357142857143,0.9955357142857143,0.9970238095238095,0.9952380952380953,0.0014580296087995056,6
217,0.06951117515563965,0.022887502844938942,0.037685823440551755,0.001726254619441179,4,False,True,500,-1,l2,newton-cholesky,"{'C': 4, 'dual': False, 'fit_intercept': True, 'max_iter': 500, 'n_jobs': -1, 'penalty': 'l2', 'solver': 'newton-cholesky'}",0.9925705794947994,0.9940564635958395,0.9955357142857143,0.9955357142857143,0.9970238095238095,0.9949444562371754,0.0015130567715469503,21,0.9853801169590644,1.0,0.9970149253731343,0.9940652818991098,0.9970238095238095,0.9946968267510237,0.005022190892487083,70,1.0,0.9882697947214076,0.9940652818991098,0.9970149253731343,0.9970238095238095,0.9952747623034922,0.003973603368505342,18,1.0,0.9880952380952381,0.9940476190476191,0.9970238095238095,0.9970238095238095,0.9952380952380953,0.0040371011804316926,21,0.9851190476190477,1.0,0.9970238095238095,0.9940476190476191,0.9970238095238095,0.9946428571428572,0.005120431706572974,64,0.9969879518072289,0.9905937683715461,0.9946555819477435,0.9964200477326969,0.9970238095238095,0.9951362318766049,0.002429197327388422,18,0.9925595238095238,0.9940476190476191,0.9955357142857143,0.9955357142857143,0.9970238095238095,0.9949404761904763,0.0015175653314264187,21,0.9925484681242482,0.9882697947214076,0.9925948495125053,0.9940565031982942,0.9955445719954649,0.992602837510384,0.002430852745942476,18,0.9925595238095238,0.9940476190476191,0.9955357142857143,0.9955357142857143,0.9970238095238095,0.9949404761904763,0.0015175653314264187,21
155,0.08547382354736328,0.05647714675095118,0.04645528793334961,0.006198495230280307,3,False,True,500,-1,l2,lbfgs,"{'C': 3, 'dual': False, 'fit_intercept': True, 'max_iter': 500, 'n_jobs': -1, 'penalty': 'l2', 'solver': 'lbfgs'}",0.9910846953937593,0.9940564635958395,0.9970238095238095,0.9955357142857143,0.9970238095238095,0.9949448984645863,0.002221859130676093,18,0.9853372434017595,1.0,0.9970238095238095,0.9940652818991098,0.9970238095238095,0.9946900288696977,0.005038923743701448,82,0.9969879518072289,0.9882697947214076,0.9970238095238095,0.9970149253731343,0.9970238095238095,0.9952640581898781,0.00349715644712311,19,0.9970326409495549,0.9880952380952381,0.9970238095238095,0.9970238095238095,0.9970238095238095,0.9952398615232443,0.0035723133514735015,18,0.9851190476190477,1.0,0.9970238095238095,0.9940476190476191,0.9970238095238095,0.9946428571428572,0.005120431706572974,64,0.9945913461538461,0.9905937683715461,0.9970238095238095,0.9964200477326969,0.9970238095238095,0.9951305562611417,0.002437408295030162,19,0.9910758442843013,0.9940476190476191,0.9970238095238095,0.9955357142857143,0.9970238095238095,0.9949413593330508,0.0022256429944467887,18,0.9895812420772029,0.9882697947214076,0.9955445719954649,0.9940565031982942,0.9955445719954649,0.992599336797567,0.0030765560287960084,19,0.9910758442843013,0.9940476190476191,0.9970238095238095,0.9955357142857143,0.9970238095238095,0.9949413593330508,0.0022256429944467887,18
157,0.05687799453735352,0.021193620794155918,0.04390535354614258,0.010501866427022766,3,False,True,500,-1,l2,newton-cholesky,"{'C': 3, 'dual': False, 'fit_intercept': True, 'max_iter': 500, 'n_jobs': -1, 'penalty': 'l2', 'solver': 'newton-cholesky'}",0.9910846953937593,0.9940564635958395,0.9970238095238095,0.9955357142857143,0.9970238095238095,0.9949448984645863,0.002221859130676093,18,0.9853372434017595,1.0,0.9970238095238095,0.9940652818991098,0.9970238095238095,0.9946900288696977,0.005038923743701448,82,0.9969879518072289,0.9882697947214076,0.9970238095238095,0.9970149253731343,0.9970238095238095,0.9952640581898781,0.00349715644712311,19,0.9970326409495549,0.9880952380952381,0.9970238095238095,0.9970238095238095,0.9970238095238095,0.9952398615232443,0.0035723133514735015,18,0.9851190476190477,1.0,0.9970238095238095,0.9940476190476191,0.9970238095238095,0.9946428571428572,0.005120431706572974,64,0.9945913461538461,0.9905937683715461,0.9970238095238095,0.9964200477326969,0.9970238095238095,0.9951305562611417,0.002437408295030162,19,0.9910758442843013,0.9940476190476191,0.9970238095238095,0.9955357142857143,0.9970238095238095,0.9949413593330508,0.0022256429944467887,18,0.9895812420772029,0.9882697947214076,0.9955445719954649,0.9940565031982942,0.9955445719954649,0.992599336797567,0.0030765560287960084,19,0.9910758442843013,0.9940476190476191,0.9970238095238095,0.9955357142857143,0.9970238095238095,0.9949413593330508,0.0022256429944467887,18
156,0.05441327095031738,0.018721474960978507,0.036290216445922854,0.0018850930294580042,3,False,True,500,-1,l2,newton-cg,"{'C': 3, 'dual': False, 'fit_intercept': True, 'max_iter': 500, 'n_jobs': -1, 'penalty': 'l2', 'solver': 'newton-cg'}",0.9910846953937593,0.9940564635958395,0.9970238095238095,0.9955357142857143,0.9970238095238095,0.9949448984645863,0.002221859130676093,18,0.9853372434017595,1.0,0.9970238095238095,0.9940652818991098,0.9970238095238095,0.9946900288696977,0.005038923743701448,82,0.9969879518072289,0.9882697947214076,0.9970238095238095,0.9970149253731343,0.9970238095238095,0.9952640581898781,0.00349715644712311,19,0.9970326409495549,0.9880952380952381,0.9970238095238095,0.9970238095238095,0.9970238095238095,0.9952398615232443,0.0035723133514735015,18,0.9851190476190477,1.0,0.9970238095238095,0.9940476190476191,0.9970238095238095,0.9946428571428572,0.005120431706572974,64,0.9945913461538461,0.9905937683715461,0.9970238095238095,0.9964200477326969,0.9970238095238095,0.9951305562611417,0.002437408295030162,19,0.9910758442843013,0.9940476190476191,0.9970238095238095,0.9955357142857143,0.9970238095238095,0.9949413593330508,0.0022256429944467887,18,0.9895812420772029,0.9882697947214076,0.9955445719954649,0.9940565031982942,0.9955445719954649,0.992599336797567,0.0030765560287960084,19,0.9910758442843013,0.9940476190476191,0.9970238095238095,0.9955357142857143,0.9970238095238095,0.9949413593330508,0.0022256429944467887,18
518,1.081963014602661,0.0882092366764473,0.03946566581726074,0.0031516289130945232,9,False,True,500,-1,l2,sag,"{'C': 9, 'dual': False, 'fit_intercept': True, 'max_iter': 500, 'n_jobs': -1, 'penalty': 'l2', 'solver': 'sag'}",0.9910846953937593,0.9940564635958395,0.9955357142857143,0.9955357142857143,0.9970238095238095,0.9946472794169674,0.0020133353738336886,23,0.9853372434017595,1.0,0.9970149253731343,0.9940652818991098,0.9970238095238095,0.9946882520395626,0.005038101989812225,85,0.9969879518072289,0.9882697947214076,0.9940652818991098,0.9970149253731343,0.9970238095238095,0.994672352664938,0.003398243039427444,22,0.9970326409495549,0.9880952380952381,0.9940476190476191,0.9970238095238095,0.9970238095238095,0.9946446234280062,0.0034720179465961946,22,0.9851190476190477,1.0,0.9970238095238095,0.9940476190476191,0.9970238095238095,0.9946428571428572,0.005120431706572974,64,0.9945913461538461,0.9905937683715461,0.9946555819477435,0.9964200477326969,0.9970238095238095,0.9946569107459284,0.002246076058141696,22,0.9910758442843013,0.9940476190476191,0.9955357142857143,0.9955357142857143,0.9970238095238095,0.9946437402854317,0.0020169882111150967,23,0.9895812420772029,0.9882697947214076,0.9925948495125053,0.9940565031982942,0.9955445719954649,0.992009392300975,0.0027170359663096105,22,0.9910758442843013,0.9940476190476191,0.9955357142857143,0.9955357142857143,0.9970238095238095,0.9946437402854317,0.0020169882111150967,23
458,1.0555703163146972,0.09292391581202972,0.05355525016784668,0.018032221226608452,8,False,True,500,-1,l2,sag,"{'C': 8, 'dual': False, 'fit_intercept': True, 'max_iter': 500, 'n_jobs': -1, 'penalty': 'l2', 'solver': 'sag'}",0.9910846953937593,0.9940564635958395,0.9955357142857143,0.9955357142857143,0.9970238095238095,0.9946472794169674,0.0020133353738336886,23,0.9853372434017595,1.0,0.9970149253731343,0.9940652818991098,0.9970238095238095,0.9946882520395626,0.005038101989812225,85,0.9969879518072289,0.9882697947214076,0.9940652818991098,0.9970149253731343,0.9970238095238095,0.994672352664938,0.003398243039427444,22,0.9970326409495549,0.9880952380952381,0.9940476190476191,0.9970238095238095,0.9970238095238095,0.9946446234280062,0.0034720179465961946,22,0.9851190476190477,1.0,0.9970238095238095,0.9940476190476191,0.9970238095238095,0.9946428571428572,0.005120431706572974,64,0.9945913461538461,0.9905937683715461,0.9946555819477435,0.9964200477326969,0.9970238095238095,0.9946569107459284,0.002246076058141696,22,0.9910758442843013,0.9940476190476191,0.9955357142857143,0.9955357142857143,0.9970238095238095,0.9946437402854317,0.0020169882111150967,23,0.9895812420772029,0.9882697947214076,0.9925948495125053,0.9940565031982942,0.9955445719954649,0.992009392300975,0.0027170359663096105,22,0.9910758442843013,0.9940476190476191,0.9955357142857143,0.9955357142857143,0.9970238095238095,0.9946437402854317,0.0020169882111150967,23
34,1.5226263046264648,0.1240234102527251,0.038839530944824216,0.002447652098232795,1,False,True,500,-1,l1,saga,"{'C': 1, 'dual': False, 'fit_intercept': True, 'max_iter': 500, 'n_jobs': -1, 'penalty': 'l1', 'solver': 'saga'}",0.9881129271916791,0.9940564635958395,0.9955357142857143,0.9970238095238095,0.9985119047619048,0.9946481638717894,0.003589411075616396,22,0.9852507374631269,1.0,0.9970149253731343,0.9970238095238095,0.9970326409495549,0.995264422661925,0.005137818248438735,55,0.9910179640718563,0.9882697947214076,0.9940652818991098,0.9970238095238095,1.0,0.9940753700432368,0.00416766297478798,24,0.9910979228486647,0.9880952380952381,0.9940476190476191,0.9970238095238095,1.0,0.9940529179030662,0.004205233763582757,24,0.9851190476190477,1.0,0.9970238095238095,0.9970238095238095,0.9970238095238095,0.9952380952380953,0.005189165408976975,55,0.9898325358851675,0.9905937683715461,0.9946555819477435,0.9970238095238095,0.9994033412887828,0.99430180740341,0.00366835225464744,24,0.9881084852338562,0.9940476190476191,0.9955357142857143,0.9970238095238095,0.9985119047619048,0.9946455065705809,0.0035913214040015702,22,0.9837000934450352,0.9882697947214076,0.9925948495125053,0.9955445719954649,0.9985119047619048,0.9917242428872635,0.005248721949525281,24,0.9881084852338562,0.9940476190476191,0.9955357142857143,0.9970238095238095,0.9985119047619048,0.9946455065705809,0.0035913214040015702,22
95,0.0936934471130371,0.02575578368101309,0.04689908027648926,0.014004867430704789,2,False,True,500,-1,l2,lbfgs,"{'C': 2, 'dual': False, 'fit_intercept': True, 'max_iter': 500, 'n_jobs': -1, 'penalty': 'l2', 'solver': 'lbfgs'}",0.9895988112927192,0.9940564635958395,0.9955357142857143,0.9955357142857143,0.9970238095238095,0.9943501025967594,0.0025542533861948017,25,0.9852941176470589,1.0,0.9970149253731343,0.9940652818991098,0.9970238095238095,0.9946796268886224,0.005054114853715926,87,0.993993993993994,0.9882697947214076,0.9940652818991098,0.9970149253731343,0.9970238095238095,0.9940735611022911,0.003195174273690441,25,0.9940652818991098,0.9880952380952381,0.9940476190476191,0.9970238095238095,0.9970238095238095,0.9940511516179171,0.0032602609737399616,25,0.9851190476190477,1.0,0.9970238095238095,0.9940476190476191,0.9970238095238095,0.9946428571428572,0.005120431706572974,64,0.9922062350119905,0.9905937683715461,0.9946555819477435,0.9964200477326969,0.9970238095238095,0.9941798885175575,0.0024530817393704353,25,0.9895921647590787,0.9940476190476191,0.9955357142857143,0.9955357142857143,0.9970238095238095,0.9943470043803873,0.0025569309594018863,25,0.9866318372076174,0.9882697947214076,0.9925948495125053,0.9940565031982942,0.9955445719954649,0.9914195113270579,0.0034115629751492156,25,0.9895921647590787,0.9940476190476191,0.9955357142857143,0.9955357142857143,0.9970238095238095,0.9943470043803873,0.0025569309594018863,25
218,1.0449646949768066,0.062247266848928805,0.04234776496887207,0.005133550738729581,4,False,True,500,-1,l2,sag,"{'C': 4, 'dual': False, 'fit_intercept': True, 'max_iter': 500, 'n_jobs': -1, 'penalty': 'l2', 'solver': 'sag'}",0.9895988112927192,0.9940564635958395,0.9955357142857143,0.9955357142857143,0.9970238095238095,0.9943501025967594,0.0025542533861948017,25,0.9852941176470589,1.0,0.9970149253731343,0.9940652818991098,0.9970238095238095,0.9946796268886224,0.005054114853715926,87,0.993993993993994,0.9882697947214076,0.9940652818991098,0.9970149253731343,0.9970238095238095,0.9940735611022911,0.003195174273690441,25,0.9940652818991098,0.9880952380952381,0.9940476190476191,0.9970238095238095,0.9970238095238095,0.9940511516179171,0.0032602609737399616,25,0.9851190476190477,1.0,0.9970238095238095,0.9940476190476191,0.9970238095238095,0.9946428571428572,0.005120431706572974,64,0.9922062350119905,0.9905937683715461,0.9946555819477435,0.9964200477326969,0.9970238095238095,0.9941798885175575,0.0024530817393704353,25,0.9895921647590787,0.9940476190476191,0.9955357142857143,0.9955357142857143,0.9970238095238095,0.9943470043803873,0.0025569309594018863,25,0.9866318372076174,0.9882697947214076,0.9925948495125053,0.9940565031982942,0.9955445719954649,0.9914195113270579,0.0034115629751492156,25,0.9895921647590787,0.9940476190476191,0.9955357142857143,0.9955357142857143,0.9970238095238095,0.9943470043803873,0.0025569309594018863,25
98,1.194431686401367,0.15604407322186478,0.047246122360229494,0.009401560163581357,2,False,True,500,-1,l2,sag,"{'C': 2, 'dual': False, 'fit_intercept': True, 'max_iter': 500, 'n_jobs': -1, 'penalty': 'l2', 'solver': 'sag'}",0.9895988112927192,0.9940564635958395,0.9955357142857143,0.9955357142857143,0.9970238095238095,0.9943501025967594,0.0025542533861948017,25,0.9852941176470589,1.0,0.9970149253731343,0.9940652818991098,0.9970238095238095,0.9946796268886224,0.005054114853715926,87,0.993993993993994,0.9882697947214076,0.9940652818991098,0.9970149253731343,0.9970238095238095,0.9940735611022911,0.003195174273690441,25,0.9940652818991098,0.9880952380952381,0.9940476190476191,0.9970238095238095,0.9970238095238095,0.9940511516179171,0.0032602609737399616,25,0.9851190476190477,1.0,0.9970238095238095,0.9940476190476191,0.9970238095238095,0.9946428571428572,0.005120431706572974,64,0.9922062350119905,0.9905937683715461,0.9946555819477435,0.9964200477326969,0.9970238095238095,0.9941798885175575,0.0024530817393704353,25,0.9895921647590787,0.9940476190476191,0.9955357142857143,0.9955357142857143,0.9970238095238095,0.9943470043803873,0.0025569309594018863,25,0.9866318372076174,0.9882697947214076,0.9925948495125053,0.9940565031982942,0.9955445719954649,0.9914195113270579,0.0034115629751492156,25,0.9895921647590787,0.9940476190476191,0.9955357142857143,0.9955357142857143,0.9970238095238095,0.9943470043803873,0.0025569309594018863,25
278,1.0564849376678467,0.041285856450342114,0.03996772766113281,0.002458070396901441,5,False,True,500,-1,l2,sag,"{'C': 5, 'dual': False, 'fit_intercept': True, 'max_iter': 500, 'n_jobs': -1, 'penalty': 'l2', 'solver': 'sag'}",0.9895988112927192,0.9940564635958395,0.9955357142857143,0.9955357142857143,0.9970238095238095,0.9943501025967594,0.0025542533861948017,25,0.9852941176470589,1.0,0.9970149253731343,0.9940652818991098,0.9970238095238095,0.9946796268886224,0.005054114853715926,87,0.993993993993994,0.9882697947214076,0.9940652818991098,0.9970149253731343,0.9970238095238095,0.9940735611022911,0.003195174273690441,25,0.9940652818991098,0.9880952380952381,0.9940476190476191,0.9970238095238095,0.9970238095238095,0.9940511516179171,0.0032602609737399616,25,0.9851190476190477,1.0,0.9970238095238095,0.9940476190476191,0.9970238095238095,0.9946428571428572,0.005120431706572974,64,0.9922062350119905,0.9905937683715461,0.9946555819477435,0.9964200477326969,0.9970238095238095,0.9941798885175575,0.0024530817393704353,25,0.9895921647590787,0.9940476190476191,0.9955357142857143,0.9955357142857143,0.9970238095238095,0.9943470043803873,0.0025569309594018863,25,0.9866318372076174,0.9882697947214076,0.9925948495125053,0.9940565031982942,0.9955445719954649,0.9914195113270579,0.0034115629751492156,25,0.9895921647590787,0.9940476190476191,0.9955357142857143,0.9955357142857143,0.9970238095238095,0.9943470043803873,0.0025569309594018863,25
338,1.0803293704986572,0.08152413303838826,0.038891172409057616,0.004023208215818843,6,False,True,500,-1,l2,sag,"{'C': 6, 'dual': False, 'fit_intercept': True, 'max_iter': 500, 'n_jobs': -1, 'penalty': 'l2', 'solver': 'sag'}",0.9895988112927192,0.9940564635958395,0.9955357142857143,0.9955357142857143,0.9970238095238095,0.9943501025967594,0.0025542533861948017,25,0.9852941176470589,1.0,0.9970149253731343,0.9940652818991098,0.9970238095238095,0.9946796268886224,0.005054114853715926,87,0.993993993993994,0.9882697947214076,0.9940652818991098,0.9970149253731343,0.9970238095238095,0.9940735611022911,0.003195174273690441,25,0.9940652818991098,0.9880952380952381,0.9940476190476191,0.9970238095238095,0.9970238095238095,0.9940511516179171,0.0032602609737399616,25,0.9851190476190477,1.0,0.9970238095238095,0.9940476190476191,0.9970238095238095,0.9946428571428572,0.005120431706572974,64,0.9922062350119905,0.9905937683715461,0.9946555819477435,0.9964200477326969,0.9970238095238095,0.9941798885175575,0.0024530817393704353,25,0.9895921647590787,0.9940476190476191,0.9955357142857143,0.9955357142857143,0.9970238095238095,0.9943470043803873,0.0025569309594018863,25,0.9866318372076174,0.9882697947214076,0.9925948495125053,0.9940565031982942,0.9955445719954649,0.9914195113270579,0.0034115629751492156,25,0.9895921647590787,0.9940476190476191,0.9955357142857143,0.9955357142857143,0.9970238095238095,0.9943470043803873,0.0025569309594018863,25
158,1.1194206714630126,0.08368499796171015,0.05099954605102539,0.013416841311150847,3,False,True,500,-1,l2,sag,"{'C': 3, 'dual': False, 'fit_intercept': True, 'max_iter': 500, 'n_jobs': -1, 'penalty': 'l2', 'solver': 'sag'}",0.9895988112927192,0.9940564635958395,0.9955357142857143,0.9955357142857143,0.9970238095238095,0.9943501025967594,0.0025542533861948017,25,0.9852941176470589,1.0,0.9970149253731343,0.9940652818991098,0.9970238095238095,0.9946796268886224,0.005054114853715926,87,0.993993993993994,0.9882697947214076,0.9940652818991098,0.9970149253731343,0.9970238095238095,0.9940735611022911,0.003195174273690441,25,0.9940652818991098,0.9880952380952381,0.9940476190476191,0.9970238095238095,0.9970238095238095,0.9940511516179171,0.0032602609737399616,25,0.9851190476190477,1.0,0.9970238095238095,0.9940476190476191,0.9970238095238095,0.9946428571428572,0.005120431706572974,64,0.9922062350119905,0.9905937683715461,0.9946555819477435,0.9964200477326969,0.9970238095238095,0.9941798885175575,0.0024530817393704353,25,0.9895921647590787,0.9940476190476191,0.9955357142857143,0.9955357142857143,0.9970238095238095,0.9943470043803873,0.0025569309594018863,25,0.9866318372076174,0.9882697947214076,0.9925948495125053,0.9940565031982942,0.9955445719954649,0.9914195113270579,0.0034115629751492156,25,0.9895921647590787,0.9940476190476191,0.9955357142857143,0.9955357142857143,0.9970238095238095,0.9943470043803873,0.0025569309594018863,25
398,1.0339648723602295,0.028234427685718908,0.0404151439666748,0.004054226674278046,7,False,True,500,-1,l2,sag,"{'C': 7, 'dual': False, 'fit_intercept': True, 'max_iter': 500, 'n_jobs': -1, 'penalty': 'l2', 'solver': 'sag'}",0.9895988112927192,0.9940564635958395,0.9955357142857143,0.9955357142857143,0.9970238095238095,0.9943501025967594,0.0025542533861948017,25,0.9852941176470589,1.0,0.9970149253731343,0.9940652818991098,0.9970238095238095,0.9946796268886224,0.005054114853715926,87,0.993993993993994,0.9882697947214076,0.9940652818991098,0.9970149253731343,0.9970238095238095,0.9940735611022911,0.003195174273690441,25,0.9940652818991098,0.9880952380952381,0.9940476190476191,0.9970238095238095,0.9970238095238095,0.9940511516179171,0.0032602609737399616,25,0.9851190476190477,1.0,0.9970238095238095,0.9940476190476191,0.9970238095238095,0.9946428571428572,0.005120431706572974,64,0.9922062350119905,0.9905937683715461,0.9946555819477435,0.9964200477326969,0.9970238095238095,0.9941798885175575,0.0024530817393704353,25,0.9895921647590787,0.9940476190476191,0.9955357142857143,0.9955357142857143,0.9970238095238095,0.9943470043803873,0.0025569309594018863,25,0.9866318372076174,0.9882697947214076,0.9925948495125053,0.9940565031982942,0.9955445719954649,0.9914195113270579,0.0034115629751492156,25,0.9895921647590787,0.9940476190476191,0.9955357142857143,0.9955357142857143,0.9970238095238095,0.9943470043803873,0.0025569309594018863,25
219,1.1274953842163087,0.058982930825620894,0.03850865364074707,0.0021627052473205508,4,False,True,500,-1,l2,saga,"{'C': 4, 'dual': False, 'fit_intercept': True, 'max_iter': 500, 'n_jobs': -1, 'penalty': 'l2', 'solver': 'saga'}",0.9881129271916791,0.9940564635958395,0.9955357142857143,0.9955357142857143,0.9970238095238095,0.9940529257765514,0.003114709279209986,40,0.9852507374631269,1.0,0.9970149253731343,0.9940652818991098,0.9970238095238095,0.994670950851836,0.005070230378975605,96,0.9910179640718563,0.9882697947214076,0.9940652818991098,0.9970149253731343,0.9970238095238095,0.9934783551178634,0.003423585391499779,34,0.9910979228486647,0.9880952380952381,0.9940476190476191,0.9970238095238095,0.9970238095238095,0.9934576798078281,0.0034671840053940484,32,0.9851190476190477,1.0,0.9970238095238095,0.9940476190476191,0.9970238095238095,0.9946428571428572,0.005120431706572974,64,0.9898325358851675,0.9905937683715461,0.9946555819477435,0.9964200477326969,0.9970238095238095,0.9937051486921927,0.0029653103494082216,34,0.9881084852338562,0.9940476190476191,0.9955357142857143,0.9955357142857143,0.9970238095238095,0.9940502684753427,0.003116403054365577,40,0.9837000934450352,0.9882697947214076,0.9925948495125053,0.9940565031982942,0.9955445719954649,0.9908331625745413,0.004316071693855153,32,0.9881084852338562,0.9940476190476191,0.9955357142857143,0.9955357142857143,0.9970238095238095,0.9940502684753427,0.003116403054365577,40
99,1.3052731037139893,0.16559380057934253,0.05109639167785644,0.015532922723013286,2,False,True,500,-1,l2,saga,"{'C': 2, 'dual': False, 'fit_intercept': True, 'max_iter': 500, 'n_jobs': -1, 'penalty': 'l2', 'solver': 'saga'}",0.9881129271916791,0.9940564635958395,0.9955357142857143,0.9955357142857143,0.9970238095238095,0.9940529257765514,0.003114709279209986,40,0.9852507374631269,1.0,0.9970149253731343,0.9940652818991098,0.9970238095238095,0.994670950851836,0.005070230378975605,96,0.9910179640718563,0.9882697947214076,0.9940652818991098,0.9970149253731343,0.9970238095238095,0.9934783551178634,0.003423585391499779,34,0.9910979228486647,0.9880952380952381,0.9940476190476191,0.9970238095238095,0.9970238095238095,0.9934576798078281,0.0034671840053940484,32,0.9851190476190477,1.0,0.9970238095238095,0.9940476190476191,0.9970238095238095,0.9946428571428572,0.005120431706572974,64,0.9898325358851675,0.9905937683715461,0.9946555819477435,0.9964200477326969,0.9970238095238095,0.9937051486921927,0.0029653103494082216,34,0.9881084852338562,0.9940476190476191,0.9955357142857143,0.9955357142857143,0.9970238095238095,0.9940502684753427,0.003116403054365577,40,0.9837000934450352,0.9882697947214076,0.9925948495125053,0.9940565031982942,0.9955445719954649,0.9908331625745413,0.004316071693855153,32,0.9881084852338562,0.9940476190476191,0.9955357142857143,0.9955357142857143,0.9970238095238095,0.9940502684753427,0.003116403054365577,40
159,1.1317963123321533,0.02926525402307381,0.047608804702758786,0.008740898604920683,3,False,True,500,-1,l2,saga,"{'C': 3, 'dual': False, 'fit_intercept': True, 'max_iter': 500, 'n_jobs': -1, 'penalty': 'l2', 'solver': 'saga'}",0.9881129271916791,0.9940564635958395,0.9955357142857143,0.9955357142857143,0.9970238095238095,0.9940529257765514,0.003114709279209986,40,0.9852507374631269,1.0,0.9970149253731343,0.9940652818991098,0.9970238095238095,0.994670950851836,0.005070230378975605,96,0.9910179640718563,0.9882697947214076,0.9940652818991098,0.9970149253731343,0.9970238095238095,0.9934783551178634,0.003423585391499779,34,0.9910979228486647,0.9880952380952381,0.9940476190476191,0.9970238095238095,0.9970238095238095,0.9934576798078281,0.0034671840053940484,32,0.9851190476190477,1.0,0.9970238095238095,0.9940476190476191,0.9970238095238095,0.9946428571428572,0.005120431706572974,64,0.9898325358851675,0.9905937683715461,0.9946555819477435,0.9964200477326969,0.9970238095238095,0.9937051486921927,0.0029653103494082216,34,0.9881084852338562,0.9940476190476191,0.9955357142857143,0.9955357142857143,0.9970238095238095,0.9940502684753427,0.003116403054365577,40,0.9837000934450352,0.9882697947214076,0.9925948495125053,0.9940565031982942,0.9955445719954649,0.9908331625745413,0.004316071693855153,32,0.9881084852338562,0.9940476190476191,0.9955357142857143,0.9955357142857143,0.9970238095238095,0.9940502684753427,0.003116403054365577,40
97,0.057479476928710936,0.02457226929922044,0.03976011276245117,0.004750482421591044,2,False,True,500,-1,l2,newton-cholesky,"{'C': 2, 'dual': False, 'fit_intercept': True, 'max_iter': 500, 'n_jobs': -1, 'penalty': 'l2', 'solver': 'newton-cholesky'}",0.9895988112927192,0.9940564635958395,0.9940476190476191,0.9955357142857143,0.9970238095238095,0.9940524835491404,0.002484511522912449,43,0.9852941176470589,1.0,0.9970059880239521,0.9940652818991098,0.9970238095238095,0.9946778394187861,0.005053290134510916,94,0.993993993993994,0.9882697947214076,0.9911242603550295,0.9970149253731343,0.9970238095238095,0.993485356793475,0.0034062905925451915,32,0.9940652818991098,0.9880952380952381,0.9910714285714286,0.9970238095238095,0.9970238095238095,0.993455913522679,0.0034714176668637358,35,0.9851190476190477,1.0,0.9970238095238095,0.9940476190476191,0.9970238095238095,0.9946428571428572,0.005120431706572974,64,0.9922062350119905,0.9905937683715461,0.9922985781990521,0.9964200477326969,0.9970238095238095,0.9937084877678191,0.0025412595711924494,32,0.9895921647590787,0.9940476190476191,0.9940476190476191,0.9955357142857143,0.9970238095238095,0.9940493853327682,0.0024868934237986477,43,0.9866318372076174,0.9882697947214076,0.9896625810087348,0.9940565031982942,0.9955445719954649,0.9908330576263038,0.0034111450935038166,35,0.9895921647590787,0.9940476190476191,0.9940476190476191,0.9955357142857143,0.9970238095238095,0.9940493853327682,0.0024868934237986477,43
96,0.08389382362365723,0.045078373323027214,0.03961825370788574,0.0020054247510777486,2,False,True,500,-1,l2,newton-cg,"{'C': 2, 'dual': False, 'fit_intercept': True, 'max_iter': 500, 'n_jobs': -1, 'penalty': 'l2', 'solver': 'newton-cg'}",0.9895988112927192,0.9940564635958395,0.9940476190476191,0.9955357142857143,0.9970238095238095,0.9940524835491404,0.002484511522912449,43,0.9852941176470589,1.0,0.9970059880239521,0.9940652818991098,0.9970238095238095,0.9946778394187861,0.005053290134510916,94,0.993993993993994,0.9882697947214076,0.9911242603550295,0.9970149253731343,0.9970238095238095,0.993485356793475,0.0034062905925451915,32,0.9940652818991098,0.9880952380952381,0.9910714285714286,0.9970238095238095,0.9970238095238095,0.993455913522679,0.0034714176668637358,35,0.9851190476190477,1.0,0.9970238095238095,0.9940476190476191,0.9970238095238095,0.9946428571428572,0.005120431706572974,64,0.9922062350119905,0.9905937683715461,0.9922985781990521,0.9964200477326969,0.9970238095238095,0.9937084877678191,0.0025412595711924494,32,0.9895921647590787,0.9940476190476191,0.9940476190476191,0.9955357142857143,0.9970238095238095,0.9940493853327682,0.0024868934237986477,43,0.9866318372076174,0.9882697947214076,0.9896625810087348,0.9940565031982942,0.9955445719954649,0.9908330576263038,0.0034111450935038166,35,0.9895921647590787,0.9940476190476191,0.9940476190476191,0.9955357142857143,0.9970238095238095,0.9940493853327682,0.0024868934237986477,43
94,1.5837549686431884,0.12499539878283766,0.039501953125,0.001990023248615535,2,False,True,500,-1,l1,saga,"{'C': 2, 'dual': False, 'fit_intercept': True, 'max_iter': 500, 'n_jobs': -1, 'penalty': 'l1', 'solver': 'saga'}",0.986627043090639,0.9940564635958395,0.9955357142857143,0.9970238095238095,0.9970238095238095,0.9940533680039623,0.003872846690630147,32,0.985207100591716,1.0,0.9970149253731343,0.9970238095238095,0.9970238095238095,0.9952539290024939,0.005154221830031298,56,0.9880597014925373,0.9882697947214076,0.9940652818991098,0.9970238095238095,0.9970238095238095,0.9928884794321347,0.004005898621471791,37,0.9881305637982196,0.9880952380952381,0.9940476190476191,0.9970238095238095,0.9970238095238095,0.9928642079977392,0.004028783755997769,37,0.9851190476190477,1.0,0.9970238095238095,0.9970238095238095,0.9970238095238095,0.9952380952380953,0.005189165408976975,55,0.9874701670644391,0.9905937683715461,0.9946555819477435,0.9970238095238095,0.9970238095238095,0.9933534272862696,0.0037647705498497796,37,0.9866248057086336,0.9940476190476191,0.9955357142857143,0.9970238095238095,0.9970238095238095,0.9940511516179171,0.0038737047489175204,32,0.9807858526302895,0.9882697947214076,0.9925948495125053,0.9955445719954649,0.9955445719954649,0.9905479281710263,0.005560769674642629,37,0.9866248057086336,0.9940476190476191,0.9955357142857143,0.9970238095238095,0.9970238095238095,0.9940511516179171,0.0038737047489175204,32
454,1.525407075881958,0.06332662871591105,0.04744753837585449,0.005679721252251936,8,False,True,500,-1,l1,saga,"{'C': 8, 'dual': False, 'fit_intercept': True, 'max_iter': 500, 'n_jobs': -1, 'penalty': 'l1', 'solver': 'saga'}",0.986627043090639,0.9940564635958395,0.9955357142857143,0.9970238095238095,0.9970238095238095,0.9940533680039623,0.003872846690630147,32,0.985207100591716,1.0,0.9970149253731343,0.9970238095238095,0.9970238095238095,0.9952539290024939,0.005154221830031298,56,0.9880597014925373,0.9882697947214076,0.9940652818991098,0.9970238095238095,0.9970238095238095,0.9928884794321347,0.004005898621471791,37,0.9881305637982196,0.9880952380952381,0.9940476190476191,0.9970238095238095,0.9970238095238095,0.9928642079977392,0.004028783755997769,37,0.9851190476190477,1.0,0.9970238095238095,0.9970238095238095,0.9970238095238095,0.9952380952380953,0.005189165408976975,55,0.9874701670644391,0.9905937683715461,0.9946555819477435,0.9970238095238095,0.9970238095238095,0.9933534272862696,0.0037647705498497796,37,0.9866248057086336,0.9940476190476191,0.9955357142857143,0.9970238095238095,0.9970238095238095,0.9940511516179171,0.0038737047489175204,32,0.9807858526302895,0.9882697947214076,0.9925948495125053,0.9955445719954649,0.9955445719954649,0.9905479281710263,0.005560769674642629,37,0.9866248057086336,0.9940476190476191,0.9955357142857143,0.9970238095238095,0.9970238095238095,0.9940511516179171,0.0038737047489175204,32
274,1.4400671482086183,0.01638998130710186,0.038053035736083984,0.0017036974141374978,5,False,True,500,-1,l1,saga,"{'C': 5, 'dual': False, 'fit_intercept': True, 'max_iter': 500, 'n_jobs': -1, 'penalty': 'l1', 'solver': 'saga'}",0.986627043090639,0.9940564635958395,0.9955357142857143,0.9970238095238095,0.9970238095238095,0.9940533680039623,0.003872846690630147,32,0.985207100591716,1.0,0.9970149253731343,0.9970238095238095,0.9970238095238095,0.9952539290024939,0.005154221830031298,56,0.9880597014925373,0.9882697947214076,0.9940652818991098,0.9970238095238095,0.9970238095238095,0.9928884794321347,0.004005898621471791,37,0.9881305637982196,0.9880952380952381,0.9940476190476191,0.9970238095238095,0.9970238095238095,0.9928642079977392,0.004028783755997769,37,0.9851190476190477,1.0,0.9970238095238095,0.9970238095238095,0.9970238095238095,0.9952380952380953,0.005189165408976975,55,0.9874701670644391,0.9905937683715461,0.9946555819477435,0.9970238095238095,0.9970238095238095,0.9933534272862696,0.0037647705498497796,37,0.9866248057086336,0.9940476190476191,0.9955357142857143,0.9970238095238095,0.9970238095238095,0.9940511516179171,0.0038737047489175204,32,0.9807858526302895,0.9882697947214076,0.9925948495125053,0.9955445719954649,0.9955445719954649,0.9905479281710263,0.005560769674642629,37,0.9866248057086336,0.9940476190476191,0.9955357142857143,0.9970238095238095,0.9970238095238095,0.9940511516179171,0.0038737047489175204,32
334,1.5132269382476806,0.06516748588350794,0.04514918327331543,0.007162595208819439,6,False,True,500,-1,l1,saga,"{'C': 6, 'dual': False, 'fit_intercept': True, 'max_iter': 500, 'n_jobs': -1, 'penalty': 'l1', 'solver': 'saga'}",0.986627043090639,0.9940564635958395,0.9955357142857143,0.9970238095238095,0.9970238095238095,0.9940533680039623,0.003872846690630147,32,0.985207100591716,1.0,0.9970149253731343,0.9970238095238095,0.9970238095238095,0.9952539290024939,0.005154221830031298,56,0.9880597014925373,0.9882697947214076,0.9940652818991098,0.9970238095238095,0.9970238095238095,0.9928884794321347,0.004005898621471791,37,0.9881305637982196,0.9880952380952381,0.9940476190476191,0.9970238095238095,0.9970238095238095,0.9928642079977392,0.004028783755997769,37,0.9851190476190477,1.0,0.9970238095238095,0.9970238095238095,0.9970238095238095,0.9952380952380953,0.005189165408976975,55,0.9874701670644391,0.9905937683715461,0.9946555819477435,0.9970238095238095,0.9970238095238095,0.9933534272862696,0.0037647705498497796,37,0.9866248057086336,0.9940476190476191,0.9955357142857143,0.9970238095238095,0.9970238095238095,0.9940511516179171,0.0038737047489175204,32,0.9807858526302895,0.9882697947214076,0.9925948495125053,0.9955445719954649,0.9955445719954649,0.9905479281710263,0.005560769674642629,37,0.9866248057086336,0.9940476190476191,0.9955357142857143,0.9970238095238095,0.9970238095238095,0.9940511516179171,0.0038737047489175204,32
394,1.4784217357635498,0.05169677414457439,0.045314359664916995,0.007136638734524878,7,False,True,500,-1,l1,saga,"{'C': 7, 'dual': False, 'fit_intercept': True, 'max_iter': 500, 'n_jobs': -1, 'penalty': 'l1', 'solver': 'saga'}",0.986627043090639,0.9940564635958395,0.9955357142857143,0.9970238095238095,0.9970238095238095,0.9940533680039623,0.003872846690630147,32,0.985207100591716,1.0,0.9970149253731343,0.9970238095238095,0.9970238095238095,0.9952539290024939,0.005154221830031298,56,0.9880597014925373,0.9882697947214076,0.9940652818991098,0.9970238095238095,0.9970238095238095,0.9928884794321347,0.004005898621471791,37,0.9881305637982196,0.9880952380952381,0.9940476190476191,0.9970238095238095,0.9970238095238095,0.9928642079977392,0.004028783755997769,37,0.9851190476190477,1.0,0.9970238095238095,0.9970238095238095,0.9970238095238095,0.9952380952380953,0.005189165408976975,55,0.9874701670644391,0.9905937683715461,0.9946555819477435,0.9970238095238095,0.9970238095238095,0.9933534272862696,0.0037647705498497796,37,0.9866248057086336,0.9940476190476191,0.9955357142857143,0.9970238095238095,0.9970238095238095,0.9940511516179171,0.0038737047489175204,32,0.9807858526302895,0.9882697947214076,0.9925948495125053,0.9955445719954649,0.9955445719954649,0.9905479281710263,0.005560769674642629,37,0.9866248057086336,0.9940476190476191,0.9955357142857143,0.9970238095238095,0.9970238095238095,0.9940511516179171,0.0038737047489175204,32
154,1.5918859481811523,0.0945162550732503,0.03953237533569336,0.005280925269171864,3,False,True,500,-1,l1,saga,"{'C': 3, 'dual': False, 'fit_intercept': True, 'max_iter': 500, 'n_jobs': -1, 'penalty': 'l1', 'solver': 'saga'}",0.986627043090639,0.9940564635958395,0.9955357142857143,0.9970238095238095,0.9970238095238095,0.9940533680039623,0.003872846690630147,32,0.985207100591716,1.0,0.9970149253731343,0.9970238095238095,0.9970238095238095,0.9952539290024939,0.005154221830031298,56,0.9880597014925373,0.9882697947214076,0.9940652818991098,0.9970238095238095,0.9970238095238095,0.9928884794321347,0.004005898621471791,37,0.9881305637982196,0.9880952380952381,0.9940476190476191,0.9970238095238095,0.9970238095238095,0.9928642079977392,0.004028783755997769,37,0.9851190476190477,1.0,0.9970238095238095,0.9970238095238095,0.9970238095238095,0.9952380952380953,0.005189165408976975,55,0.9874701670644391,0.9905937683715461,0.9946555819477435,0.9970238095238095,0.9970238095238095,0.9933534272862696,0.0037647705498497796,37,0.9866248057086336,0.9940476190476191,0.9955357142857143,0.9970238095238095,0.9970238095238095,0.9940511516179171,0.0038737047489175204,32,0.9807858526302895,0.9882697947214076,0.9925948495125053,0.9955445719954649,0.9955445719954649,0.9905479281710263,0.005560769674642629,37,0.9866248057086336,0.9940476190476191,0.9955357142857143,0.9970238095238095,0.9970238095238095,0.9940511516179171,0.0038737047489175204,32
214,1.5294329643249511,0.03803359538993556,0.03785738945007324,0.0013893733621493979,4,False,True,500,-1,l1,saga,"{'C': 4, 'dual': False, 'fit_intercept': True, 'max_iter': 500, 'n_jobs': -1, 'penalty': 'l1', 'solver': 'saga'}",0.986627043090639,0.9940564635958395,0.9955357142857143,0.9970238095238095,0.9970238095238095,0.9940533680039623,0.003872846690630147,32,0.985207100591716,1.0,0.9970149253731343,0.9970238095238095,0.9970238095238095,0.9952539290024939,0.005154221830031298,56,0.9880597014925373,0.9882697947214076,0.9940652818991098,0.9970238095238095,0.9970238095238095,0.9928884794321347,0.004005898621471791,37,0.9881305637982196,0.9880952380952381,0.9940476190476191,0.9970238095238095,0.9970238095238095,0.9928642079977392,0.004028783755997769,37,0.9851190476190477,1.0,0.9970238095238095,0.9970238095238095,0.9970238095238095,0.9952380952380953,0.005189165408976975,55,0.9874701670644391,0.9905937683715461,0.9946555819477435,0.9970238095238095,0.9970238095238095,0.9933534272862696,0.0037647705498497796,37,0.9866248057086336,0.9940476190476191,0.9955357142857143,0.9970238095238095,0.9970238095238095,0.9940511516179171,0.0038737047489175204,32,0.9807858526302895,0.9882697947214076,0.9925948495125053,0.9955445719954649,0.9955445719954649,0.9905479281710263,0.005560769674642629,37,0.9866248057086336,0.9940476190476191,0.9955357142857143,0.9970238095238095,0.9970238095238095,0.9940511516179171,0.0038737047489175204,32
514,1.2517569065093994,0.37428219876933116,0.03163957595825195,0.010508225858329744,9,False,True,500,-1,l1,saga,"{'C': 9, 'dual': False, 'fit_intercept': True, 'max_iter': 500, 'n_jobs': -1, 'penalty': 'l1', 'solver': 'saga'}",0.986627043090639,0.9940564635958395,0.9955357142857143,0.9970238095238095,0.9970238095238095,0.9940533680039623,0.003872846690630147,32,0.985207100591716,1.0,0.9970149253731343,0.9970238095238095,0.9970238095238095,0.9952539290024939,0.005154221830031298,56,0.9880597014925373,0.9882697947214076,0.9940652818991098,0.9970238095238095,0.9970238095238095,0.9928884794321347,0.004005898621471791,37,0.9881305637982196,0.9880952380952381,0.9940476190476191,0.9970238095238095,0.9970238095238095,0.9928642079977392,0.004028783755997769,37,0.9851190476190477,1.0,0.9970238095238095,0.9970238095238095,0.9970238095238095,0.9952380952380953,0.005189165408976975,55,0.9874701670644391,0.9905937683715461,0.9946555819477435,0.9970238095238095,0.9970238095238095,0.9933534272862696,0.0037647705498497796,37,0.9866248057086336,0.9940476190476191,0.9955357142857143,0.9970238095238095,0.9970238095238095,0.9940511516179171,0.0038737047489175204,32,0.9807858526302895,0.9882697947214076,0.9925948495125053,0.9955445719954649,0.9955445719954649,0.9905479281710263,0.005560769674642629,37,0.9866248057086336,0.9940476190476191,0.9955357142857143,0.9970238095238095,0.9970238095238095,0.9940511516179171,0.0038737047489175204,32
459,1.1770777225494384,0.06662914032377647,0.03920001983642578,0.0036855642725068497,8,False,True,500,-1,l2,saga,"{'C': 8, 'dual': False, 'fit_intercept': True, 'max_iter': 500, 'n_jobs': -1, 'penalty': 'l2', 'solver': 'saga'}",0.986627043090639,0.9940564635958395,0.9955357142857143,0.9955357142857143,0.9970238095238095,0.9937557489563433,0.0036858011241597917,45,0.985207100591716,1.0,0.9970149253731343,0.9940652818991098,0.9970238095238095,0.994662223477554,0.005086449470923395,99,0.9880597014925373,0.9882697947214076,0.9940652818991098,0.9970149253731343,0.9970238095238095,0.9928867026019997,0.004004065538394744,45,0.9881305637982196,0.9880952380952381,0.9940476190476191,0.9970238095238095,0.9970238095238095,0.9928642079977392,0.004028783755997769,37,0.9851190476190477,1.0,0.9970238095238095,0.9940476190476191,0.9970238095238095,0.9946428571428572,0.005120431706572974,64,0.9874701670644391,0.9905937683715461,0.9946555819477435,0.9964200477326969,0.9970238095238095,0.993232674928047,0.0036531366248142615,45,0.9866248057086336,0.9940476190476191,0.9955357142857143,0.9955357142857143,0.9970238095238095,0.9937535325702982,0.0036865237883555047,45,0.9807858526302895,0.9882697947214076,0.9925948495125053,0.9940565031982942,0.9955445719954649,0.9902503144115922,0.005319992036399513,45,0.9866248057086336,0.9940476190476191,0.9955357142857143,0.9955357142857143,0.9970238095238095,0.9937535325702982,0.0036865237883555047,45
399,1.1091931343078614,0.027563968333140926,0.04465665817260742,0.005173270221350464,7,False,True,500,-1,l2,saga,"{'C': 7, 'dual': False, 'fit_intercept': True, 'max_iter': 500, 'n_jobs': -1, 'penalty': 'l2', 'solver': 'saga'}",0.986627043090639,0.9940564635958395,0.9955357142857143,0.9955357142857143,0.9970238095238095,0.9937557489563433,0.0036858011241597917,45,0.985207100591716,1.0,0.9970149253731343,0.9940652818991098,0.9970238095238095,0.994662223477554,0.005086449470923395,99,0.9880597014925373,0.9882697947214076,0.9940652818991098,0.9970149253731343,0.9970238095238095,0.9928867026019997,0.004004065538394744,45,0.9881305637982196,0.9880952380952381,0.9940476190476191,0.9970238095238095,0.9970238095238095,0.9928642079977392,0.004028783755997769,37,0.9851190476190477,1.0,0.9970238095238095,0.9940476190476191,0.9970238095238095,0.9946428571428572,0.005120431706572974,64,0.9874701670644391,0.9905937683715461,0.9946555819477435,0.9964200477326969,0.9970238095238095,0.993232674928047,0.0036531366248142615,45,0.9866248057086336,0.9940476190476191,0.9955357142857143,0.9955357142857143,0.9970238095238095,0.9937535325702982,0.0036865237883555047,45,0.9807858526302895,0.9882697947214076,0.9925948495125053,0.9940565031982942,0.9955445719954649,0.9902503144115922,0.005319992036399513,45,0.9866248057086336,0.9940476190476191,0.9955357142857143,0.9955357142857143,0.9970238095238095,0.9937535325702982,0.0036865237883555047,45
339,1.1206970691680909,0.028789045702458327,0.039694929122924806,0.0031879292887004853,6,False,True,500,-1,l2,saga,"{'C': 6, 'dual': False, 'fit_intercept': True, 'max_iter': 500, 'n_jobs': -1, 'penalty': 'l2', 'solver': 'saga'}",0.986627043090639,0.9940564635958395,0.9955357142857143,0.9955357142857143,0.9970238095238095,0.9937557489563433,0.0036858011241597917,45,0.985207100591716,1.0,0.9970149253731343,0.9940652818991098,0.9970238095238095,0.994662223477554,0.005086449470923395,99,0.9880597014925373,0.9882697947214076,0.9940652818991098,0.9970149253731343,0.9970238095238095,0.9928867026019997,0.004004065538394744,45,0.9881305637982196,0.9880952380952381,0.9940476190476191,0.9970238095238095,0.9970238095238095,0.9928642079977392,0.004028783755997769,37,0.9851190476190477,1.0,0.9970238095238095,0.9940476190476191,0.9970238095238095,0.9946428571428572,0.005120431706572974,64,0.9874701670644391,0.9905937683715461,0.9946555819477435,0.9964200477326969,0.9970238095238095,0.993232674928047,0.0036531366248142615,45,0.9866248057086336,0.9940476190476191,0.9955357142857143,0.9955357142857143,0.9970238095238095,0.9937535325702982,0.0036865237883555047,45,0.9807858526302895,0.9882697947214076,0.9925948495125053,0.9940565031982942,0.9955445719954649,0.9902503144115922,0.005319992036399513,45,0.9866248057086336,0.9940476190476191,0.9955357142857143,0.9955357142857143,0.9970238095238095,0.9937535325702982,0.0036865237883555047,45
519,1.1040290355682374,0.0409374876397413,0.0448089599609375,0.009398318629790046,9,False,True,500,-1,l2,saga,"{'C': 9, 'dual': False, 'fit_intercept': True, 'max_iter': 500, 'n_jobs': -1, 'penalty': 'l2', 'solver': 'saga'}",0.986627043090639,0.9940564635958395,0.9955357142857143,0.9955357142857143,0.9970238095238095,0.9937557489563433,0.0036858011241597917,45,0.985207100591716,1.0,0.9970149253731343,0.9940652818991098,0.9970238095238095,0.994662223477554,0.005086449470923395,99,0.9880597014925373,0.9882697947214076,0.9940652818991098,0.9970149253731343,0.9970238095238095,0.9928867026019997,0.004004065538394744,45,0.9881305637982196,0.9880952380952381,0.9940476190476191,0.9970238095238095,0.9970238095238095,0.9928642079977392,0.004028783755997769,37,0.9851190476190477,1.0,0.9970238095238095,0.9940476190476191,0.9970238095238095,0.9946428571428572,0.005120431706572974,64,0.9874701670644391,0.9905937683715461,0.9946555819477435,0.9964200477326969,0.9970238095238095,0.993232674928047,0.0036531366248142615,45,0.9866248057086336,0.9940476190476191,0.9955357142857143,0.9955357142857143,0.9970238095238095,0.9937535325702982,0.0036865237883555047,45,0.9807858526302895,0.9882697947214076,0.9925948495125053,0.9940565031982942,0.9955445719954649,0.9902503144115922,0.005319992036399513,45,0.9866248057086336,0.9940476190476191,0.9955357142857143,0.9955357142857143,0.9970238095238095,0.9937535325702982,0.0036865237883555047,45
279,1.1627825260162354,0.06863581900945621,0.04059128761291504,0.0033142323129800606,5,False,True,500,-1,l2,saga,"{'C': 5, 'dual': False, 'fit_intercept': True, 'max_iter': 500, 'n_jobs': -1, 'penalty': 'l2', 'solver': 'saga'}",0.986627043090639,0.9940564635958395,0.9955357142857143,0.9955357142857143,0.9970238095238095,0.9937557489563433,0.0036858011241597917,45,0.985207100591716,1.0,0.9970149253731343,0.9940652818991098,0.9970238095238095,0.994662223477554,0.005086449470923395,99,0.9880597014925373,0.9882697947214076,0.9940652818991098,0.9970149253731343,0.9970238095238095,0.9928867026019997,0.004004065538394744,45,0.9881305637982196,0.9880952380952381,0.9940476190476191,0.9970238095238095,0.9970238095238095,0.9928642079977392,0.004028783755997769,37,0.9851190476190477,1.0,0.9970238095238095,0.9940476190476191,0.9970238095238095,0.9946428571428572,0.005120431706572974,64,0.9874701670644391,0.9905937683715461,0.9946555819477435,0.9964200477326969,0.9970238095238095,0.993232674928047,0.0036531366248142615,45,0.9866248057086336,0.9940476190476191,0.9955357142857143,0.9955357142857143,0.9970238095238095,0.9937535325702982,0.0036865237883555047,45,0.9807858526302895,0.9882697947214076,0.9925948495125053,0.9940565031982942,0.9955445719954649,0.9902503144115922,0.005319992036399513,45,0.9866248057086336,0.9940476190476191,0.9955357142857143,0.9955357142857143,0.9970238095238095,0.9937535325702982,0.0036865237883555047,45
38,0.8558900356292725,0.022313900318901472,0.043492603302001956,0.006568049361555423,1,False,True,500,-1,l2,sag,"{'C': 1, 'dual': False, 'fit_intercept': True, 'max_iter': 500, 'n_jobs': -1, 'penalty': 'l2', 'solver': 'sag'}",0.9895988112927192,0.9940564635958395,0.9925595238095238,0.9940476190476191,0.9970238095238095,0.9934572454539022,0.0024133545513872717,50,0.9852941176470589,1.0,0.9940298507462687,0.9940476190476191,0.9970238095238095,0.9940790793929513,0.004917472978437893,104,0.993993993993994,0.9882697947214076,0.9910979228486647,0.9940476190476191,0.9970238095238095,0.9928866280270989,0.0029733834686763248,50,0.9940652818991098,0.9880952380952381,0.9910714285714286,0.9940476190476191,0.9970238095238095,0.992860675427441,0.003036524154105053,50,0.9851190476190477,1.0,0.9940476190476191,0.9940476190476191,0.9970238095238095,0.9940476190476192,0.004980119205559956,104,0.9922062350119905,0.9905937683715461,0.9916864608076009,0.9940476190476191,0.9970238095238095,0.9931115785525133,0.0022526295124524996,50,0.9895921647590787,0.9940476190476191,0.9925595238095238,0.9940476190476191,0.9970238095238095,0.9934541472375301,0.0024150431117737525,50,0.9866318372076174,0.9882697947214076,0.9881747209269465,0.9911068594104309,0.9955445719954649,0.9899455568523734,0.0031503133394099672,50,0.9895921647590787,0.9940476190476191,0.9925595238095238,0.9940476190476191,0.9970238095238095,0.9934541472375301,0.0024150431117737525,50
37,0.05415000915527344,0.008887147170061241,0.04619531631469727,0.009783626008002661,1,False,True,500,-1,l2,newton-cholesky,"{'C': 1, 'dual': False, 'fit_intercept': True, 'max_iter': 500, 'n_jobs': -1, 'penalty': 'l2', 'solver': 'newton-cholesky'}",0.9895988112927192,0.9940564635958395,0.9925595238095238,0.9940476190476191,0.9970238095238095,0.9934572454539022,0.0024133545513872717,50,0.9852941176470589,1.0,0.9940298507462687,0.9940476190476191,0.9970238095238095,0.9940790793929513,0.004917472978437893,104,0.993993993993994,0.9882697947214076,0.9910979228486647,0.9940476190476191,0.9970238095238095,0.9928866280270989,0.0029733834686763248,50,0.9940652818991098,0.9880952380952381,0.9910714285714286,0.9940476190476191,0.9970238095238095,0.992860675427441,0.003036524154105053,50,0.9851190476190477,1.0,0.9940476190476191,0.9940476190476191,0.9970238095238095,0.9940476190476192,0.004980119205559956,104,0.9922062350119905,0.9905937683715461,0.9916864608076009,0.9940476190476191,0.9970238095238095,0.9931115785525133,0.0022526295124524996,50,0.9895921647590787,0.9940476190476191,0.9925595238095238,0.9940476190476191,0.9970238095238095,0.9934541472375301,0.0024150431117737525,50,0.9866318372076174,0.9882697947214076,0.9881747209269465,0.9911068594104309,0.9955445719954649,0.9899455568523734,0.0031503133394099672,50,0.9895921647590787,0.9940476190476191,0.9925595238095238,0.9940476190476191,0.9970238095238095,0.9934541472375301,0.0024150431117737525,50
35,0.06992964744567871,0.02731527942690093,0.04255409240722656,0.004524291454336079,1,False,True,500,-1,l2,lbfgs,"{'C': 1, 'dual': False, 'fit_intercept': True, 'max_iter': 500, 'n_jobs': -1, 'penalty': 'l2', 'solver': 'lbfgs'}",0.9895988112927192,0.9940564635958395,0.9925595238095238,0.9940476190476191,0.9970238095238095,0.9934572454539022,0.0024133545513872717,50,0.9852941176470589,1.0,0.9940298507462687,0.9940476190476191,0.9970238095238095,0.9940790793929513,0.004917472978437893,104,0.993993993993994,0.9882697947214076,0.9910979228486647,0.9940476190476191,0.9970238095238095,0.9928866280270989,0.0029733834686763248,50,0.9940652818991098,0.9880952380952381,0.9910714285714286,0.9940476190476191,0.9970238095238095,0.992860675427441,0.003036524154105053,50,0.9851190476190477,1.0,0.9940476190476191,0.9940476190476191,0.9970238095238095,0.9940476190476192,0.004980119205559956,104,0.9922062350119905,0.9905937683715461,0.9916864608076009,0.9940476190476191,0.9970238095238095,0.9931115785525133,0.0022526295124524996,50,0.9895921647590787,0.9940476190476191,0.9925595238095238,0.9940476190476191,0.9970238095238095,0.9934541472375301,0.0024150431117737525,50,0.9866318372076174,0.9882697947214076,0.9881747209269465,0.9911068594104309,0.9955445719954649,0.9899455568523734,0.0031503133394099672,50,0.9895921647590787,0.9940476190476191,0.9925595238095238,0.9940476190476191,0.9970238095238095,0.9934541472375301,0.0024150431117737525,50
36,0.05626921653747559,0.013634190408622088,0.04296488761901855,0.008832169106592227,1,False,True,500,-1,l2,newton-cg,"{'C': 1, 'dual': False, 'fit_intercept': True, 'max_iter': 500, 'n_jobs': -1, 'penalty': 'l2', 'solver': 'newton-cg'}",0.9895988112927192,0.9940564635958395,0.9925595238095238,0.9940476190476191,0.9970238095238095,0.9934572454539022,0.0024133545513872717,50,0.9852941176470589,1.0,0.9940298507462687,0.9940476190476191,0.9970238095238095,0.9940790793929513,0.004917472978437893,104,0.993993993993994,0.9882697947214076,0.9910979228486647,0.9940476190476191,0.9970238095238095,0.9928866280270989,0.0029733834686763248,50,0.9940652818991098,0.9880952380952381,0.9910714285714286,0.9940476190476191,0.9970238095238095,0.992860675427441,0.003036524154105053,50,0.9851190476190477,1.0,0.9940476190476191,0.9940476190476191,0.9970238095238095,0.9940476190476192,0.004980119205559956,104,0.9922062350119905,0.9905937683715461,0.9916864608076009,0.9940476190476191,0.9970238095238095,0.9931115785525133,0.0022526295124524996,50,0.9895921647590787,0.9940476190476191,0.9925595238095238,0.9940476190476191,0.9970238095238095,0.9934541472375301,0.0024150431117737525,50,0.9866318372076174,0.9882697947214076,0.9881747209269465,0.9911068594104309,0.9955445719954649,0.9899455568523734,0.0031503133394099672,50,0.9895921647590787,0.9940476190476191,0.9925595238095238,0.9940476190476191,0.9970238095238095,0.9934541472375301,0.0024150431117737525,50
39,1.3676654815673828,0.1953116633454113,0.047997903823852536,0.011967189428162571,1,False,True,500,-1,l2,saga,"{'C': 1, 'dual': False, 'fit_intercept': True, 'max_iter': 500, 'n_jobs': -1, 'penalty': 'l2', 'solver': 'saga'}",0.9881129271916791,0.9940564635958395,0.9925595238095238,0.9940476190476191,0.9970238095238095,0.9931600686336942,0.0029104657411799634,54,0.9852507374631269,1.0,0.9940298507462687,0.9940476190476191,0.9970238095238095,0.9940704033561648,0.004932978703650882,108,0.9910179640718563,0.9882697947214076,0.9910979228486647,0.9940476190476191,0.9970238095238095,0.9922914220426715,0.0029899612382933145,54,0.9910979228486647,0.9880952380952381,0.9910714285714286,0.9940476190476191,0.9970238095238095,0.992267203617352,0.0030330700831949662,54,0.9851190476190477,1.0,0.9940476190476191,0.9940476190476191,0.9970238095238095,0.9940476190476192,0.004980119205559956,104,0.9898325358851675,0.9905937683715461,0.9916864608076009,0.9940476190476191,0.9970238095238095,0.9926368387271486,0.002614470614898217,54,0.9881084852338562,0.9940476190476191,0.9925595238095238,0.9940476190476191,0.9970238095238095,0.9931574113324855,0.0029114635070896498,54,0.9837000934450352,0.9882697947214076,0.9881747209269465,0.9911068594104309,0.9955445719954649,0.989359208099857,0.003896881360082523,54,0.9881084852338562,0.9940476190476191,0.9925595238095238,0.9940476190476191,0.9970238095238095,0.9931574113324855,0.0029114635070896498,54
50,0.05143823623657227,0.043163860455995205,0.04342474937438965,0.0034233855155224647,1,False,False,500,-1,l2,lbfgs,"{'C': 1, 'dual': False, 'fit_intercept': False, 'max_iter': 500, 'n_jobs': -1, 'penalty': 'l2', 'solver': 'lbfgs'}",0.8291233283803864,0.849925705794948,0.8244047619047619,0.8467261904761905,0.8407738095238095,0.8381907592160193,0.00989451090984265,55,0.9826086956521739,1.0,1.0,1.0,1.0,0.9965217391304348,0.00695652173913044,37,0.7494356659142212,0.769406392694064,0.7400881057268722,0.765375854214123,0.7584650112866818,0.7565542059671925,0.010662620953911513,55,0.6706231454005934,0.6994047619047619,0.6488095238095238,0.6934523809523809,0.6815476190476191,0.6787674862229758,0.017961526765279907,55,0.9880952380952381,1.0,1.0,1.0,1.0,0.9976190476190476,0.004761904761904744,1,0.7874762808349146,0.8066060315940642,0.7806691449814126,0.8030592734225621,0.7969639468690702,0.7949549355404048,0.009648611779710227,55,0.8293591917479157,0.8497023809523809,0.8244047619047619,0.8467261904761905,0.8407738095238095,0.8381932669210117,0.00979891264434475,55,0.7464573491527362,0.769406392694064,0.7400881057268722,0.765375854214123,0.7584650112866818,0.7559585426148955,0.011117160239319131,55,0.8293591917479158,0.8497023809523809,0.8244047619047619,0.8467261904761905,0.8407738095238095,0.8381932669210117,0.009798912644344729,55
54,0.28676447868347166,0.01952849233705873,0.044894075393676756,0.004169880182249879,1,False,False,500,-1,l2,saga,"{'C': 1, 'dual': False, 'fit_intercept': False, 'max_iter': 500, 'n_jobs': -1, 'penalty': 'l2', 'solver': 'saga'}",0.8276374442793462,0.849925705794948,0.8244047619047619,0.8467261904761905,0.8407738095238095,0.8378935823958111,0.010180562996281227,56,0.982532751091703,1.0,1.0,1.0,1.0,0.9965065502183407,0.006986899563318793,53,0.7477477477477478,0.769406392694064,0.7400881057268722,0.765375854214123,0.7584650112866818,0.7562166223338977,0.01090658249289566,56,0.6676557863501483,0.6994047619047619,0.6488095238095238,0.6934523809523809,0.6815476190476191,0.6781740144128868,0.01826724260190985,56,0.9880952380952381,1.0,1.0,1.0,1.0,0.9976190476190476,0.004761904761904744,1,0.7859848484848485,0.8066060315940642,0.7806691449814126,0.8030592734225621,0.7969639468690702,0.7946566490703916,0.009895108466986683,56,0.8278755122226933,0.8497023809523809,0.8244047619047619,0.8467261904761905,0.8407738095238095,0.8378965310159672,0.010080360726894104,56,0.7447895252501494,0.769406392694064,0.7400881057268722,0.765375854214123,0.7584650112866818,0.7556249778343782,0.011418180269273243,56,0.8278755122226933,0.8497023809523809,0.8244047619047619,0.8467261904761905,0.8407738095238095,0.8378965310159672,0.010080360726894104,56
351,0.14054083824157715,0.10372738706793391,0.038450002670288086,0.0015934366937975215,6,False,False,500,-1,l2,newton-cg,"{'C': 6, 'dual': False, 'fit_intercept': False, 'max_iter': 500, 'n_jobs': -1, 'penalty': 'l2', 'solver': 'newton-cg'}",0.8306092124814265,0.8484398216939079,0.8214285714285714,0.8452380952380952,0.8422619047619048,0.8375955211207812,0.010079302566148751,61,0.9826839826839827,1.0,1.0,1.0,1.0,0.9965367965367966,0.006926406926406913,1,0.751131221719457,0.7676537585421412,0.7368421052631579,0.7636363636363637,0.7601809954751131,0.7558888889272466,0.010975181686412233,57,0.6735905044510386,0.6964285714285714,0.6428571428571429,0.6904761904761905,0.6845238095238095,0.6775752437473506,0.018928230948442277,63,0.9880952380952381,1.0,1.0,1.0,1.0,0.9976190476190476,0.004761904761904744,1,0.7889733840304183,0.8050645007166747,0.7777777777777778,0.8015267175572519,0.7984790874524715,0.7943642935069188,0.009868137522751947,57,0.8308428712731384,0.8482142857142857,0.8214285714285714,0.8452380952380952,0.8422619047619048,0.8375971456831991,0.009999107620546413,63,0.7481327197698144,0.7676537585421412,0.7368421052631579,0.7636363636363637,0.7601809954751131,0.7552891885373181,0.011295995973786605,57,0.8308428712731384,0.8482142857142857,0.8214285714285714,0.8452380952380952,0.8422619047619048,0.8375971456831991,0.009999107620546413,63
412,0.041842317581176756,0.012951771650267847,0.05115566253662109,0.008268295868099297,7,False,False,500,-1,l2,newton-cholesky,"{'C': 7, 'dual': False, 'fit_intercept': False, 'max_iter': 500, 'n_jobs': -1, 'penalty': 'l2', 'solver': 'newton-cholesky'}",0.8306092124814265,0.8484398216939079,0.8214285714285714,0.8452380952380952,0.8422619047619048,0.8375955211207812,0.010079302566148751,61,0.9826839826839827,1.0,1.0,1.0,1.0,0.9965367965367966,0.006926406926406913,1,0.751131221719457,0.7676537585421412,0.7368421052631579,0.7636363636363637,0.7601809954751131,0.7558888889272466,0.010975181686412233,57,0.6735905044510386,0.6964285714285714,0.6428571428571429,0.6904761904761905,0.6845238095238095,0.6775752437473506,0.018928230948442277,63,0.9880952380952381,1.0,1.0,1.0,1.0,0.9976190476190476,0.004761904761904744,1,0.7889733840304183,0.8050645007166747,0.7777777777777778,0.8015267175572519,0.7984790874524715,0.7943642935069188,0.009868137522751947,57,0.8308428712731384,0.8482142857142857,0.8214285714285714,0.8452380952380952,0.8422619047619048,0.8375971456831991,0.009999107620546413,63,0.7481327197698144,0.7676537585421412,0.7368421052631579,0.7636363636363637,0.7601809954751131,0.7552891885373181,0.011295995973786605,57,0.8308428712731384,0.8482142857142857,0.8214285714285714,0.8452380952380952,0.8422619047619048,0.8375971456831991,0.009999107620546413,63
411,0.05731453895568848,0.013353943506347377,0.04524917602539062,0.0069703210916773365,7,False,False,500,-1,l2,newton-cg,"{'C': 7, 'dual': False, 'fit_intercept': False, 'max_iter': 500, 'n_jobs': -1, 'penalty': 'l2', 'solver': 'newton-cg'}",0.8306092124814265,0.8484398216939079,0.8214285714285714,0.8452380952380952,0.8422619047619048,0.8375955211207812,0.010079302566148751,61,0.9826839826839827,1.0,1.0,1.0,1.0,0.9965367965367966,0.006926406926406913,1,0.751131221719457,0.7676537585421412,0.7368421052631579,0.7636363636363637,0.7601809954751131,0.7558888889272466,0.010975181686412233,57,0.6735905044510386,0.6964285714285714,0.6428571428571429,0.6904761904761905,0.6845238095238095,0.6775752437473506,0.018928230948442277,63,0.9880952380952381,1.0,1.0,1.0,1.0,0.9976190476190476,0.004761904761904744,1,0.7889733840304183,0.8050645007166747,0.7777777777777778,0.8015267175572519,0.7984790874524715,0.7943642935069188,0.009868137522751947,57,0.8308428712731384,0.8482142857142857,0.8214285714285714,0.8452380952380952,0.8422619047619048,0.8375971456831991,0.009999107620546413,63,0.7481327197698144,0.7676537585421412,0.7368421052631579,0.7636363636363637,0.7601809954751131,0.7552891885373181,0.011295995973786605,57,0.8308428712731384,0.8482142857142857,0.8214285714285714,0.8452380952380952,0.8422619047619048,0.8375971456831991,0.009999107620546413,63
353,0.15817484855651856,0.0035154808173140616,0.03931865692138672,0.0030565273802661192,6,False,False,500,-1,l2,sag,"{'C': 6, 'dual': False, 'fit_intercept': False, 'max_iter': 500, 'n_jobs': -1, 'penalty': 'l2', 'solver': 'sag'}",0.8306092124814265,0.8484398216939079,0.8214285714285714,0.8452380952380952,0.8422619047619048,0.8375955211207812,0.010079302566148751,61,0.9826839826839827,1.0,1.0,1.0,1.0,0.9965367965367966,0.006926406926406913,1,0.751131221719457,0.7676537585421412,0.7368421052631579,0.7636363636363637,0.7601809954751131,0.7558888889272466,0.010975181686412233,57,0.6735905044510386,0.6964285714285714,0.6428571428571429,0.6904761904761905,0.6845238095238095,0.6775752437473506,0.018928230948442277,63,0.9880952380952381,1.0,1.0,1.0,1.0,0.9976190476190476,0.004761904761904744,1,0.7889733840304183,0.8050645007166747,0.7777777777777778,0.8015267175572519,0.7984790874524715,0.7943642935069188,0.009868137522751947,57,0.8308428712731384,0.8482142857142857,0.8214285714285714,0.8452380952380952,0.8422619047619048,0.8375971456831991,0.009999107620546413,63,0.7481327197698144,0.7676537585421412,0.7368421052631579,0.7636363636363637,0.7601809954751131,0.7552891885373181,0.011295995973786605,57,0.8308428712731384,0.8482142857142857,0.8214285714285714,0.8452380952380952,0.8422619047619048,0.8375971456831991,0.009999107620546413,63
470,0.0978060245513916,0.06045228795301591,0.04083795547485351,0.0023174672525814745,8,False,False,500,-1,l2,lbfgs,"{'C': 8, 'dual': False, 'fit_intercept': False, 'max_iter': 500, 'n_jobs': -1, 'penalty': 'l2', 'solver': 'lbfgs'}",0.8306092124814265,0.8484398216939079,0.8214285714285714,0.8452380952380952,0.8422619047619048,0.8375955211207812,0.010079302566148751,61,0.9826839826839827,1.0,1.0,1.0,1.0,0.9965367965367966,0.006926406926406913,1,0.751131221719457,0.7676537585421412,0.7368421052631579,0.7636363636363637,0.7601809954751131,0.7558888889272466,0.010975181686412233,57,0.6735905044510386,0.6964285714285714,0.6428571428571429,0.6904761904761905,0.6845238095238095,0.6775752437473506,0.018928230948442277,63,0.9880952380952381,1.0,1.0,1.0,1.0,0.9976190476190476,0.004761904761904744,1,0.7889733840304183,0.8050645007166747,0.7777777777777778,0.8015267175572519,0.7984790874524715,0.7943642935069188,0.009868137522751947,57,0.8308428712731384,0.8482142857142857,0.8214285714285714,0.8452380952380952,0.8422619047619048,0.8375971456831991,0.009999107620546413,63,0.7481327197698144,0.7676537585421412,0.7368421052631579,0.7636363636363637,0.7601809954751131,0.7552891885373181,0.011295995973786605,57,0.8308428712731384,0.8482142857142857,0.8214285714285714,0.8452380952380952,0.8422619047619048,0.8375971456831991,0.009999107620546413,63
471,0.03987164497375488,0.008171639495743512,0.039030027389526364,0.0019437034231680216,8,False,False,500,-1,l2,newton-cg,"{'C': 8, 'dual': False, 'fit_intercept': False, 'max_iter': 500, 'n_jobs': -1, 'penalty': 'l2', 'solver': 'newton-cg'}",0.8306092124814265,0.8484398216939079,0.8214285714285714,0.8452380952380952,0.8422619047619048,0.8375955211207812,0.010079302566148751,61,0.9826839826839827,1.0,1.0,1.0,1.0,0.9965367965367966,0.006926406926406913,1,0.751131221719457,0.7676537585421412,0.7368421052631579,0.7636363636363637,0.7601809954751131,0.7558888889272466,0.010975181686412233,57,0.6735905044510386,0.6964285714285714,0.6428571428571429,0.6904761904761905,0.6845238095238095,0.6775752437473506,0.018928230948442277,63,0.9880952380952381,1.0,1.0,1.0,1.0,0.9976190476190476,0.004761904761904744,1,0.7889733840304183,0.8050645007166747,0.7777777777777778,0.8015267175572519,0.7984790874524715,0.7943642935069188,0.009868137522751947,57,0.8308428712731384,0.8482142857142857,0.8214285714285714,0.8452380952380952,0.8422619047619048,0.8375971456831991,0.009999107620546413,63,0.7481327197698144,0.7676537585421412,0.7368421052631579,0.7636363636363637,0.7601809954751131,0.7552891885373181,0.011295995973786605,57,0.8308428712731384,0.8482142857142857,0.8214285714285714,0.8452380952380952,0.8422619047619048,0.8375971456831991,0.009999107620546413,63
472,0.02669496536254883,0.001883303162880573,0.04110865592956543,0.003679942117127857,8,False,False,500,-1,l2,newton-cholesky,"{'C': 8, 'dual': False, 'fit_intercept': False, 'max_iter': 500, 'n_jobs': -1, 'penalty': 'l2', 'solver': 'newton-cholesky'}",0.8306092124814265,0.8484398216939079,0.8214285714285714,0.8452380952380952,0.8422619047619048,0.8375955211207812,0.010079302566148751,61,0.9826839826839827,1.0,1.0,1.0,1.0,0.9965367965367966,0.006926406926406913,1,0.751131221719457,0.7676537585421412,0.7368421052631579,0.7636363636363637,0.7601809954751131,0.7558888889272466,0.010975181686412233,57,0.6735905044510386,0.6964285714285714,0.6428571428571429,0.6904761904761905,0.6845238095238095,0.6775752437473506,0.018928230948442277,63,0.9880952380952381,1.0,1.0,1.0,1.0,0.9976190476190476,0.004761904761904744,1,0.7889733840304183,0.8050645007166747,0.7777777777777778,0.8015267175572519,0.7984790874524715,0.7943642935069188,0.009868137522751947,57,0.8308428712731384,0.8482142857142857,0.8214285714285714,0.8452380952380952,0.8422619047619048,0.8375971456831991,0.009999107620546413,63,0.7481327197698144,0.7676537585421412,0.7368421052631579,0.7636363636363637,0.7601809954751131,0.7552891885373181,0.011295995973786605,57,0.8308428712731384,0.8482142857142857,0.8214285714285714,0.8452380952380952,0.8422619047619048,0.8375971456831991,0.009999107620546413,63
473,0.1903456687927246,0.026305990519407574,0.04977259635925293,0.007655573725074397,8,False,False,500,-1,l2,sag,"{'C': 8, 'dual': False, 'fit_intercept': False, 'max_iter': 500, 'n_jobs': -1, 'penalty': 'l2', 'solver': 'sag'}",0.8306092124814265,0.8484398216939079,0.8214285714285714,0.8452380952380952,0.8422619047619048,0.8375955211207812,0.010079302566148751,61,0.9826839826839827,1.0,1.0,1.0,1.0,0.9965367965367966,0.006926406926406913,1,0.751131221719457,0.7676537585421412,0.7368421052631579,0.7636363636363637,0.7601809954751131,0.7558888889272466,0.010975181686412233,57,0.6735905044510386,0.6964285714285714,0.6428571428571429,0.6904761904761905,0.6845238095238095,0.6775752437473506,0.018928230948442277,63,0.9880952380952381,1.0,1.0,1.0,1.0,0.9976190476190476,0.004761904761904744,1,0.7889733840304183,0.8050645007166747,0.7777777777777778,0.8015267175572519,0.7984790874524715,0.7943642935069188,0.009868137522751947,57,0.8308428712731384,0.8482142857142857,0.8214285714285714,0.8452380952380952,0.8422619047619048,0.8375971456831991,0.009999107620546413,63,0.7481327197698144,0.7676537585421412,0.7368421052631579,0.7636363636363637,0.7601809954751131,0.7552891885373181,0.011295995973786605,57,0.8308428712731384,0.8482142857142857,0.8214285714285714,0.8452380952380952,0.8422619047619048,0.8375971456831991,0.009999107620546413,63
232,0.028729867935180665,0.005944483021706395,0.03918166160583496,0.0018415133571308116,4,False,False,500,-1,l2,newton-cholesky,"{'C': 4, 'dual': False, 'fit_intercept': False, 'max_iter': 500, 'n_jobs': -1, 'penalty': 'l2', 'solver': 'newton-cholesky'}",0.8306092124814265,0.8484398216939079,0.8214285714285714,0.8452380952380952,0.8422619047619048,0.8375955211207812,0.010079302566148751,61,0.9826839826839827,1.0,1.0,1.0,1.0,0.9965367965367966,0.006926406926406913,1,0.751131221719457,0.7676537585421412,0.7368421052631579,0.7636363636363637,0.7601809954751131,0.7558888889272466,0.010975181686412233,57,0.6735905044510386,0.6964285714285714,0.6428571428571429,0.6904761904761905,0.6845238095238095,0.6775752437473506,0.018928230948442277,63,0.9880952380952381,1.0,1.0,1.0,1.0,0.9976190476190476,0.004761904761904744,1,0.7889733840304183,0.8050645007166747,0.7777777777777778,0.8015267175572519,0.7984790874524715,0.7943642935069188,0.009868137522751947,57,0.8308428712731384,0.8482142857142857,0.8214285714285714,0.8452380952380952,0.8422619047619048,0.8375971456831991,0.009999107620546413,63,0.7481327197698144,0.7676537585421412,0.7368421052631579,0.7636363636363637,0.7601809954751131,0.7552891885373181,0.011295995973786605,57,0.8308428712731384,0.8482142857142857,0.8214285714285714,0.8452380952380952,0.8422619047619048,0.8375971456831991,0.009999107620546413,63
231,0.06318826675415039,0.03926971251205059,0.0390352725982666,0.0023578086173955065,4,False,False,500,-1,l2,newton-cg,"{'C': 4, 'dual': False, 'fit_intercept': False, 'max_iter': 500, 'n_jobs': -1, 'penalty': 'l2', 'solver': 'newton-cg'}",0.8306092124814265,0.8484398216939079,0.8214285714285714,0.8452380952380952,0.8422619047619048,0.8375955211207812,0.010079302566148751,61,0.9826839826839827,1.0,1.0,1.0,1.0,0.9965367965367966,0.006926406926406913,1,0.751131221719457,0.7676537585421412,0.7368421052631579,0.7636363636363637,0.7601809954751131,0.7558888889272466,0.010975181686412233,57,0.6735905044510386,0.6964285714285714,0.6428571428571429,0.6904761904761905,0.6845238095238095,0.6775752437473506,0.018928230948442277,63,0.9880952380952381,1.0,1.0,1.0,1.0,0.9976190476190476,0.004761904761904744,1,0.7889733840304183,0.8050645007166747,0.7777777777777778,0.8015267175572519,0.7984790874524715,0.7943642935069188,0.009868137522751947,57,0.8308428712731384,0.8482142857142857,0.8214285714285714,0.8452380952380952,0.8422619047619048,0.8375971456831991,0.009999107620546413,63,0.7481327197698144,0.7676537585421412,0.7368421052631579,0.7636363636363637,0.7601809954751131,0.7552891885373181,0.011295995973786605,57,0.8308428712731384,0.8482142857142857,0.8214285714285714,0.8452380952380952,0.8422619047619048,0.8375971456831991,0.009999107620546413,63
230,0.04732890129089355,0.016097948614850543,0.04559082984924316,0.009336261960493163,4,False,False,500,-1,l2,lbfgs,"{'C': 4, 'dual': False, 'fit_intercept': False, 'max_iter': 500, 'n_jobs': -1, 'penalty': 'l2', 'solver': 'lbfgs'}",0.8306092124814265,0.8484398216939079,0.8214285714285714,0.8452380952380952,0.8422619047619048,0.8375955211207812,0.010079302566148751,61,0.9826839826839827,1.0,1.0,1.0,1.0,0.9965367965367966,0.006926406926406913,1,0.751131221719457,0.7676537585421412,0.7368421052631579,0.7636363636363637,0.7601809954751131,0.7558888889272466,0.010975181686412233,57,0.6735905044510386,0.6964285714285714,0.6428571428571429,0.6904761904761905,0.6845238095238095,0.6775752437473506,0.018928230948442277,63,0.9880952380952381,1.0,1.0,1.0,1.0,0.9976190476190476,0.004761904761904744,1,0.7889733840304183,0.8050645007166747,0.7777777777777778,0.8015267175572519,0.7984790874524715,0.7943642935069188,0.009868137522751947,57,0.8308428712731384,0.8482142857142857,0.8214285714285714,0.8452380952380952,0.8422619047619048,0.8375971456831991,0.009999107620546413,63,0.7481327197698144,0.7676537585421412,0.7368421052631579,0.7636363636363637,0.7601809954751131,0.7552891885373181,0.011295995973786605,57,0.8308428712731384,0.8482142857142857,0.8214285714285714,0.8452380952380952,0.8422619047619048,0.8375971456831991,0.009999107620546413,63
352,0.03883061408996582,0.00899116746940203,0.0413118839263916,0.0031774807929611975,6,False,False,500,-1,l2,newton-cholesky,"{'C': 6, 'dual': False, 'fit_intercept': False, 'max_iter': 500, 'n_jobs': -1, 'penalty': 'l2', 'solver': 'newton-cholesky'}",0.8306092124814265,0.8484398216939079,0.8214285714285714,0.8452380952380952,0.8422619047619048,0.8375955211207812,0.010079302566148751,61,0.9826839826839827,1.0,1.0,1.0,1.0,0.9965367965367966,0.006926406926406913,1,0.751131221719457,0.7676537585421412,0.7368421052631579,0.7636363636363637,0.7601809954751131,0.7558888889272466,0.010975181686412233,57,0.6735905044510386,0.6964285714285714,0.6428571428571429,0.6904761904761905,0.6845238095238095,0.6775752437473506,0.018928230948442277,63,0.9880952380952381,1.0,1.0,1.0,1.0,0.9976190476190476,0.004761904761904744,1,0.7889733840304183,0.8050645007166747,0.7777777777777778,0.8015267175572519,0.7984790874524715,0.7943642935069188,0.009868137522751947,57,0.8308428712731384,0.8482142857142857,0.8214285714285714,0.8452380952380952,0.8422619047619048,0.8375971456831991,0.009999107620546413,63,0.7481327197698144,0.7676537585421412,0.7368421052631579,0.7636363636363637,0.7601809954751131,0.7552891885373181,0.011295995973786605,57,0.8308428712731384,0.8482142857142857,0.8214285714285714,0.8452380952380952,0.8422619047619048,0.8375971456831991,0.009999107620546413,63
350,0.029906749725341797,0.005133135889030694,0.0388674259185791,0.002919625283128521,6,False,False,500,-1,l2,lbfgs,"{'C': 6, 'dual': False, 'fit_intercept': False, 'max_iter': 500, 'n_jobs': -1, 'penalty': 'l2', 'solver': 'lbfgs'}",0.8306092124814265,0.8484398216939079,0.8214285714285714,0.8452380952380952,0.8422619047619048,0.8375955211207812,0.010079302566148751,61,0.9826839826839827,1.0,1.0,1.0,1.0,0.9965367965367966,0.006926406926406913,1,0.751131221719457,0.7676537585421412,0.7368421052631579,0.7636363636363637,0.7601809954751131,0.7558888889272466,0.010975181686412233,57,0.6735905044510386,0.6964285714285714,0.6428571428571429,0.6904761904761905,0.6845238095238095,0.6775752437473506,0.018928230948442277,63,0.9880952380952381,1.0,1.0,1.0,1.0,0.9976190476190476,0.004761904761904744,1,0.7889733840304183,0.8050645007166747,0.7777777777777778,0.8015267175572519,0.7984790874524715,0.7943642935069188,0.009868137522751947,57,0.8308428712731384,0.8482142857142857,0.8214285714285714,0.8452380952380952,0.8422619047619048,0.8375971456831991,0.009999107620546413,63,0.7481327197698144,0.7676537585421412,0.7368421052631579,0.7636363636363637,0.7601809954751131,0.7552891885373181,0.011295995973786605,57,0.8308428712731384,0.8482142857142857,0.8214285714285714,0.8452380952380952,0.8422619047619048,0.8375971456831991,0.009999107620546413,63
410,0.04729275703430176,0.01589965450886644,0.04951257705688476,0.009017484159949936,7,False,False,500,-1,l2,lbfgs,"{'C': 7, 'dual': False, 'fit_intercept': False, 'max_iter': 500, 'n_jobs': -1, 'penalty': 'l2', 'solver': 'lbfgs'}",0.8306092124814265,0.8484398216939079,0.8214285714285714,0.8452380952380952,0.8422619047619048,0.8375955211207812,0.010079302566148751,61,0.9826839826839827,1.0,1.0,1.0,1.0,0.9965367965367966,0.006926406926406913,1,0.751131221719457,0.7676537585421412,0.7368421052631579,0.7636363636363637,0.7601809954751131,0.7558888889272466,0.010975181686412233,57,0.6735905044510386,0.6964285714285714,0.6428571428571429,0.6904761904761905,0.6845238095238095,0.6775752437473506,0.018928230948442277,63,0.9880952380952381,1.0,1.0,1.0,1.0,0.9976190476190476,0.004761904761904744,1,0.7889733840304183,0.8050645007166747,0.7777777777777778,0.8015267175572519,0.7984790874524715,0.7943642935069188,0.009868137522751947,57,0.8308428712731384,0.8482142857142857,0.8214285714285714,0.8452380952380952,0.8422619047619048,0.8375971456831991,0.009999107620546413,63,0.7481327197698144,0.7676537585421412,0.7368421052631579,0.7636363636363637,0.7601809954751131,0.7552891885373181,0.011295995973786605,57,0.8308428712731384,0.8482142857142857,0.8214285714285714,0.8452380952380952,0.8422619047619048,0.8375971456831991,0.009999107620546413,63
413,0.17240991592407226,0.017431021162000387,0.03830413818359375,0.0010083712195191551,7,False,False,500,-1,l2,sag,"{'C': 7, 'dual': False, 'fit_intercept': False, 'max_iter': 500, 'n_jobs': -1, 'penalty': 'l2', 'solver': 'sag'}",0.8306092124814265,0.8484398216939079,0.8214285714285714,0.8452380952380952,0.8422619047619048,0.8375955211207812,0.010079302566148751,61,0.9826839826839827,1.0,1.0,1.0,1.0,0.9965367965367966,0.006926406926406913,1,0.751131221719457,0.7676537585421412,0.7368421052631579,0.7636363636363637,0.7601809954751131,0.7558888889272466,0.010975181686412233,57,0.6735905044510386,0.6964285714285714,0.6428571428571429,0.6904761904761905,0.6845238095238095,0.6775752437473506,0.018928230948442277,63,0.9880952380952381,1.0,1.0,1.0,1.0,0.9976190476190476,0.004761904761904744,1,0.7889733840304183,0.8050645007166747,0.7777777777777778,0.8015267175572519,0.7984790874524715,0.7943642935069188,0.009868137522751947,57,0.8308428712731384,0.8482142857142857,0.8214285714285714,0.8452380952380952,0.8422619047619048,0.8375971456831991,0.009999107620546413,63,0.7481327197698144,0.7676537585421412,0.7368421052631579,0.7636363636363637,0.7601809954751131,0.7552891885373181,0.011295995973786605,57,0.8308428712731384,0.8482142857142857,0.8214285714285714,0.8452380952380952,0.8422619047619048,0.8375971456831991,0.009999107620546413,63
530,0.03170852661132813,0.005082433853998903,0.04185066223144531,0.003484792523408531,9,False,False,500,-1,l2,lbfgs,"{'C': 9, 'dual': False, 'fit_intercept': False, 'max_iter': 500, 'n_jobs': -1, 'penalty': 'l2', 'solver': 'lbfgs'}",0.8306092124814265,0.8484398216939079,0.8214285714285714,0.8452380952380952,0.8422619047619048,0.8375955211207812,0.010079302566148751,61,0.9826839826839827,1.0,1.0,1.0,1.0,0.9965367965367966,0.006926406926406913,1,0.751131221719457,0.7676537585421412,0.7368421052631579,0.7636363636363637,0.7601809954751131,0.7558888889272466,0.010975181686412233,57,0.6735905044510386,0.6964285714285714,0.6428571428571429,0.6904761904761905,0.6845238095238095,0.6775752437473506,0.018928230948442277,63,0.9880952380952381,1.0,1.0,1.0,1.0,0.9976190476190476,0.004761904761904744,1,0.7889733840304183,0.8050645007166747,0.7777777777777778,0.8015267175572519,0.7984790874524715,0.7943642935069188,0.009868137522751947,57,0.8308428712731384,0.8482142857142857,0.8214285714285714,0.8452380952380952,0.8422619047619048,0.8375971456831991,0.009999107620546413,63,0.7481327197698144,0.7676537585421412,0.7368421052631579,0.7636363636363637,0.7601809954751131,0.7552891885373181,0.011295995973786605,57,0.8308428712731384,0.8482142857142857,0.8214285714285714,0.8452380952380952,0.8422619047619048,0.8375971456831991,0.009999107620546413,63
531,0.039159965515136716,0.004277996537176091,0.04320883750915527,0.0026884129386494644,9,False,False,500,-1,l2,newton-cg,"{'C': 9, 'dual': False, 'fit_intercept': False, 'max_iter': 500, 'n_jobs': -1, 'penalty': 'l2', 'solver': 'newton-cg'}",0.8306092124814265,0.8484398216939079,0.8214285714285714,0.8452380952380952,0.8422619047619048,0.8375955211207812,0.010079302566148751,61,0.9826839826839827,1.0,1.0,1.0,1.0,0.9965367965367966,0.006926406926406913,1,0.751131221719457,0.7676537585421412,0.7368421052631579,0.7636363636363637,0.7601809954751131,0.7558888889272466,0.010975181686412233,57,0.6735905044510386,0.6964285714285714,0.6428571428571429,0.6904761904761905,0.6845238095238095,0.6775752437473506,0.018928230948442277,63,0.9880952380952381,1.0,1.0,1.0,1.0,0.9976190476190476,0.004761904761904744,1,0.7889733840304183,0.8050645007166747,0.7777777777777778,0.8015267175572519,0.7984790874524715,0.7943642935069188,0.009868137522751947,57,0.8308428712731384,0.8482142857142857,0.8214285714285714,0.8452380952380952,0.8422619047619048,0.8375971456831991,0.009999107620546413,63,0.7481327197698144,0.7676537585421412,0.7368421052631579,0.7636363636363637,0.7601809954751131,0.7552891885373181,0.011295995973786605,57,0.8308428712731384,0.8482142857142857,0.8214285714285714,0.8452380952380952,0.8422619047619048,0.8375971456831991,0.009999107620546413,63
532,0.031978273391723634,0.004535520203444104,0.04982080459594727,0.006917000608445484,9,False,False,500,-1,l2,newton-cholesky,"{'C': 9, 'dual': False, 'fit_intercept': False, 'max_iter': 500, 'n_jobs': -1, 'penalty': 'l2', 'solver': 'newton-cholesky'}",0.8306092124814265,0.8484398216939079,0.8214285714285714,0.8452380952380952,0.8422619047619048,0.8375955211207812,0.010079302566148751,61,0.9826839826839827,1.0,1.0,1.0,1.0,0.9965367965367966,0.006926406926406913,1,0.751131221719457,0.7676537585421412,0.7368421052631579,0.7636363636363637,0.7601809954751131,0.7558888889272466,0.010975181686412233,57,0.6735905044510386,0.6964285714285714,0.6428571428571429,0.6904761904761905,0.6845238095238095,0.6775752437473506,0.018928230948442277,63,0.9880952380952381,1.0,1.0,1.0,1.0,0.9976190476190476,0.004761904761904744,1,0.7889733840304183,0.8050645007166747,0.7777777777777778,0.8015267175572519,0.7984790874524715,0.7943642935069188,0.009868137522751947,57,0.8308428712731384,0.8482142857142857,0.8214285714285714,0.8452380952380952,0.8422619047619048,0.8375971456831991,0.009999107620546413,63,0.7481327197698144,0.7676537585421412,0.7368421052631579,0.7636363636363637,0.7601809954751131,0.7552891885373181,0.011295995973786605,57,0.8308428712731384,0.8482142857142857,0.8214285714285714,0.8452380952380952,0.8422619047619048,0.8375971456831991,0.009999107620546413,63
533,0.1723703384399414,0.02486400626241031,0.04764003753662109,0.014771661788004271,9,False,False,500,-1,l2,sag,"{'C': 9, 'dual': False, 'fit_intercept': False, 'max_iter': 500, 'n_jobs': -1, 'penalty': 'l2', 'solver': 'sag'}",0.8306092124814265,0.8484398216939079,0.8214285714285714,0.8452380952380952,0.8422619047619048,0.8375955211207812,0.010079302566148751,61,0.9826839826839827,1.0,1.0,1.0,1.0,0.9965367965367966,0.006926406926406913,1,0.751131221719457,0.7676537585421412,0.7368421052631579,0.7636363636363637,0.7601809954751131,0.7558888889272466,0.010975181686412233,57,0.6735905044510386,0.6964285714285714,0.6428571428571429,0.6904761904761905,0.6845238095238095,0.6775752437473506,0.018928230948442277,63,0.9880952380952381,1.0,1.0,1.0,1.0,0.9976190476190476,0.004761904761904744,1,0.7889733840304183,0.8050645007166747,0.7777777777777778,0.8015267175572519,0.7984790874524715,0.7943642935069188,0.009868137522751947,57,0.8308428712731384,0.8482142857142857,0.8214285714285714,0.8452380952380952,0.8422619047619048,0.8375971456831991,0.009999107620546413,63,0.7481327197698144,0.7676537585421412,0.7368421052631579,0.7636363636363637,0.7601809954751131,0.7552891885373181,0.011295995973786605,57,0.8308428712731384,0.8482142857142857,0.8214285714285714,0.8452380952380952,0.8422619047619048,0.8375971456831991,0.009999107620546413,63
292,0.05392303466796875,0.05204504826225988,0.03916845321655273,0.001891323153456292,5,False,False,500,-1,l2,newton-cholesky,"{'C': 5, 'dual': False, 'fit_intercept': False, 'max_iter': 500, 'n_jobs': -1, 'penalty': 'l2', 'solver': 'newton-cholesky'}",0.8306092124814265,0.8484398216939079,0.8214285714285714,0.8452380952380952,0.8422619047619048,0.8375955211207812,0.010079302566148751,61,0.9826839826839827,1.0,1.0,1.0,1.0,0.9965367965367966,0.006926406926406913,1,0.751131221719457,0.7676537585421412,0.7368421052631579,0.7636363636363637,0.7601809954751131,0.7558888889272466,0.010975181686412233,57,0.6735905044510386,0.6964285714285714,0.6428571428571429,0.6904761904761905,0.6845238095238095,0.6775752437473506,0.018928230948442277,63,0.9880952380952381,1.0,1.0,1.0,1.0,0.9976190476190476,0.004761904761904744,1,0.7889733840304183,0.8050645007166747,0.7777777777777778,0.8015267175572519,0.7984790874524715,0.7943642935069188,0.009868137522751947,57,0.8308428712731384,0.8482142857142857,0.8214285714285714,0.8452380952380952,0.8422619047619048,0.8375971456831991,0.009999107620546413,63,0.7481327197698144,0.7676537585421412,0.7368421052631579,0.7636363636363637,0.7601809954751131,0.7552891885373181,0.011295995973786605,57,0.8308428712731384,0.8482142857142857,0.8214285714285714,0.8452380952380952,0.8422619047619048,0.8375971456831991,0.009999107620546413,63
293,0.1444221019744873,0.0054528229463066,0.0401214599609375,0.0057762986800443394,5,False,False,500,-1,l2,sag,"{'C': 5, 'dual': False, 'fit_intercept': False, 'max_iter': 500, 'n_jobs': -1, 'penalty': 'l2', 'solver': 'sag'}",0.8306092124814265,0.8484398216939079,0.8214285714285714,0.8452380952380952,0.8422619047619048,0.8375955211207812,0.010079302566148751,61,0.9826839826839827,1.0,1.0,1.0,1.0,0.9965367965367966,0.006926406926406913,1,0.751131221719457,0.7676537585421412,0.7368421052631579,0.7636363636363637,0.7601809954751131,0.7558888889272466,0.010975181686412233,57,0.6735905044510386,0.6964285714285714,0.6428571428571429,0.6904761904761905,0.6845238095238095,0.6775752437473506,0.018928230948442277,63,0.9880952380952381,1.0,1.0,1.0,1.0,0.9976190476190476,0.004761904761904744,1,0.7889733840304183,0.8050645007166747,0.7777777777777778,0.8015267175572519,0.7984790874524715,0.7943642935069188,0.009868137522751947,57,0.8308428712731384,0.8482142857142857,0.8214285714285714,0.8452380952380952,0.8422619047619048,0.8375971456831991,0.009999107620546413,63,0.7481327197698144,0.7676537585421412,0.7368421052631579,0.7636363636363637,0.7601809954751131,0.7552891885373181,0.011295995973786605,57,0.8308428712731384,0.8482142857142857,0.8214285714285714,0.8452380952380952,0.8422619047619048,0.8375971456831991,0.009999107620546413,63
290,0.03907470703125,0.008497607331225086,0.041584205627441403,0.005641027622099352,5,False,False,500,-1,l2,lbfgs,"{'C': 5, 'dual': False, 'fit_intercept': False, 'max_iter': 500, 'n_jobs': -1, 'penalty': 'l2', 'solver': 'lbfgs'}",0.8306092124814265,0.8484398216939079,0.8214285714285714,0.8452380952380952,0.8422619047619048,0.8375955211207812,0.010079302566148751,61,0.9826839826839827,1.0,1.0,1.0,1.0,0.9965367965367966,0.006926406926406913,1,0.751131221719457,0.7676537585421412,0.7368421052631579,0.7636363636363637,0.7601809954751131,0.7558888889272466,0.010975181686412233,57,0.6735905044510386,0.6964285714285714,0.6428571428571429,0.6904761904761905,0.6845238095238095,0.6775752437473506,0.018928230948442277,63,0.9880952380952381,1.0,1.0,1.0,1.0,0.9976190476190476,0.004761904761904744,1,0.7889733840304183,0.8050645007166747,0.7777777777777778,0.8015267175572519,0.7984790874524715,0.7943642935069188,0.009868137522751947,57,0.8308428712731384,0.8482142857142857,0.8214285714285714,0.8452380952380952,0.8422619047619048,0.8375971456831991,0.009999107620546413,63,0.7481327197698144,0.7676537585421412,0.7368421052631579,0.7636363636363637,0.7601809954751131,0.7552891885373181,0.011295995973786605,57,0.8308428712731384,0.8482142857142857,0.8214285714285714,0.8452380952380952,0.8422619047619048,0.8375971456831991,0.009999107620546413,63
291,0.040387964248657225,0.005983249857152814,0.03991227149963379,0.003205512160911212,5,False,False,500,-1,l2,newton-cg,"{'C': 5, 'dual': False, 'fit_intercept': False, 'max_iter': 500, 'n_jobs': -1, 'penalty': 'l2', 'solver': 'newton-cg'}",0.8306092124814265,0.8484398216939079,0.8214285714285714,0.8452380952380952,0.8422619047619048,0.8375955211207812,0.010079302566148751,61,0.9826839826839827,1.0,1.0,1.0,1.0,0.9965367965367966,0.006926406926406913,1,0.751131221719457,0.7676537585421412,0.7368421052631579,0.7636363636363637,0.7601809954751131,0.7558888889272466,0.010975181686412233,57,0.6735905044510386,0.6964285714285714,0.6428571428571429,0.6904761904761905,0.6845238095238095,0.6775752437473506,0.018928230948442277,63,0.9880952380952381,1.0,1.0,1.0,1.0,0.9976190476190476,0.004761904761904744,1,0.7889733840304183,0.8050645007166747,0.7777777777777778,0.8015267175572519,0.7984790874524715,0.7943642935069188,0.009868137522751947,57,0.8308428712731384,0.8482142857142857,0.8214285714285714,0.8452380952380952,0.8422619047619048,0.8375971456831991,0.009999107620546413,63,0.7481327197698144,0.7676537585421412,0.7368421052631579,0.7636363636363637,0.7601809954751131,0.7552891885373181,0.011295995973786605,57,0.8308428712731384,0.8482142857142857,0.8214285714285714,0.8452380952380952,0.8422619047619048,0.8375971456831991,0.009999107620546413,63
53,0.1342491626739502,0.00510258268519556,0.045559120178222653,0.008351538245039172,1,False,False,500,-1,l2,sag,"{'C': 1, 'dual': False, 'fit_intercept': False, 'max_iter': 500, 'n_jobs': -1, 'penalty': 'l2', 'solver': 'sag'}",0.8276374442793462,0.849925705794948,0.8244047619047619,0.8467261904761905,0.8392857142857143,0.8375959633481921,0.010113542920349447,60,0.982532751091703,1.0,1.0,1.0,1.0,0.9965065502183407,0.006986899563318793,53,0.7477477477477478,0.769406392694064,0.7400881057268722,0.765375854214123,0.7567567567567568,0.7558749714279127,0.010857445132034006,80,0.6676557863501483,0.6994047619047619,0.6488095238095238,0.6934523809523809,0.6785714285714286,0.6775787763176486,0.018195966306942646,57,0.9880952380952381,1.0,1.0,1.0,1.0,0.9976190476190476,0.004761904761904744,1,0.7859848484848485,0.8066060315940642,0.7806691449814126,0.8030592734225621,0.7954545454545454,0.7943547687874866,0.009842999693682635,80,0.8278755122226933,0.8497023809523809,0.8244047619047619,0.8467261904761905,0.8392857142857143,0.8375989119683481,0.010012757611959562,57,0.7447895252501494,0.769406392694064,0.7400881057268722,0.765375854214123,0.7567567567567568,0.7552833269283932,0.01135346387777086,80,0.8278755122226933,0.8497023809523809,0.8244047619047619,0.8467261904761905,0.8392857142857143,0.8375989119683481,0.010012757611959562,57
172,0.11752514839172364,0.08030711247589914,0.04505562782287598,0.008238594458431966,3,False,False,500,-1,l2,newton-cholesky,"{'C': 3, 'dual': False, 'fit_intercept': False, 'max_iter': 500, 'n_jobs': -1, 'penalty': 'l2', 'solver': 'newton-cholesky'}",0.8291233283803864,0.8484398216939079,0.8229166666666666,0.8452380952380952,0.8422619047619048,0.8375959633481923,0.009849159835059552,57,0.9826086956521739,1.0,1.0,1.0,1.0,0.9965217391304348,0.00695652173913044,37,0.7494356659142212,0.7676537585421412,0.7384615384615385,0.7636363636363637,0.7601809954751131,0.7558736644058756,0.010603897138527142,81,0.6706231454005934,0.6964285714285714,0.6458333333333334,0.6904761904761905,0.6845238095238095,0.6775770100324996,0.018033554780249456,59,0.9880952380952381,1.0,1.0,1.0,1.0,0.9976190476190476,0.004761904761904744,1,0.7874762808349146,0.8050645007166747,0.7792207792207793,0.8015267175572519,0.7984790874524715,0.7943534731564184,0.009586411632379837,81,0.8293591917479157,0.8482142857142857,0.8229166666666667,0.8452380952380952,0.8422619047619048,0.8375980288257736,0.009759591129730074,58,0.7464573491527362,0.7676537585421412,0.7384615384615385,0.7636363636363637,0.7601809954751131,0.7552780010535786,0.011024139574986633,81,0.8293591917479158,0.8482142857142857,0.8229166666666666,0.8452380952380952,0.8422619047619048,0.8375980288257736,0.009759591129730088,58
170,0.174621057510376,0.12466481774716283,0.045319557189941406,0.012247943785909593,3,False,False,500,-1,l2,lbfgs,"{'C': 3, 'dual': False, 'fit_intercept': False, 'max_iter': 500, 'n_jobs': -1, 'penalty': 'l2', 'solver': 'lbfgs'}",0.8291233283803864,0.8484398216939079,0.8229166666666666,0.8452380952380952,0.8422619047619048,0.8375959633481923,0.009849159835059552,57,0.9826086956521739,1.0,1.0,1.0,1.0,0.9965217391304348,0.00695652173913044,37,0.7494356659142212,0.7676537585421412,0.7384615384615385,0.7636363636363637,0.7601809954751131,0.7558736644058756,0.010603897138527142,81,0.6706231454005934,0.6964285714285714,0.6458333333333334,0.6904761904761905,0.6845238095238095,0.6775770100324996,0.018033554780249456,59,0.9880952380952381,1.0,1.0,1.0,1.0,0.9976190476190476,0.004761904761904744,1,0.7874762808349146,0.8050645007166747,0.7792207792207793,0.8015267175572519,0.7984790874524715,0.7943534731564184,0.009586411632379837,81,0.8293591917479157,0.8482142857142857,0.8229166666666667,0.8452380952380952,0.8422619047619048,0.8375980288257736,0.009759591129730074,58,0.7464573491527362,0.7676537585421412,0.7384615384615385,0.7636363636363637,0.7601809954751131,0.7552780010535786,0.011024139574986633,81,0.8293591917479158,0.8482142857142857,0.8229166666666666,0.8452380952380952,0.8422619047619048,0.8375980288257736,0.009759591129730088,58
52,0.03204951286315918,0.005268403599573935,0.040568971633911134,0.0063092917033053956,1,False,False,500,-1,l2,newton-cholesky,"{'C': 1, 'dual': False, 'fit_intercept': False, 'max_iter': 500, 'n_jobs': -1, 'penalty': 'l2', 'solver': 'newton-cholesky'}",0.8291233283803864,0.849925705794948,0.8244047619047619,0.8452380952380952,0.8392857142857143,0.8375955211207812,0.009581996918157299,61,0.9826086956521739,1.0,1.0,1.0,1.0,0.9965217391304348,0.00695652173913044,37,0.7494356659142212,0.769406392694064,0.7400881057268722,0.7636363636363637,0.7567567567567568,0.7558646569456556,0.010342198683841303,83,0.6706231454005934,0.6994047619047619,0.6488095238095238,0.6904761904761905,0.6785714285714286,0.6775770100324996,0.017434178919894606,59,0.9880952380952381,1.0,1.0,1.0,1.0,0.9976190476190476,0.004761904761904744,1,0.7874762808349146,0.8066060315940642,0.7806691449814126,0.8015267175572519,0.7954545454545454,0.7943465440844377,0.009352532870572899,83,0.8293591917479157,0.8497023809523809,0.8244047619047619,0.8452380952380952,0.8392857142857143,0.8375980288257736,0.009483406200789166,58,0.7464573491527362,0.769406392694064,0.7400881057268722,0.7636363636363637,0.7567567567567568,0.7552689935933585,0.010772156777195112,83,0.8293591917479158,0.8497023809523809,0.8244047619047619,0.8452380952380952,0.8392857142857143,0.8375980288257736,0.009483406200789147,58
51,0.048413419723510744,0.008120773810368083,0.05394058227539063,0.012383450313669265,1,False,False,500,-1,l2,newton-cg,"{'C': 1, 'dual': False, 'fit_intercept': False, 'max_iter': 500, 'n_jobs': -1, 'penalty': 'l2', 'solver': 'newton-cg'}",0.8291233283803864,0.849925705794948,0.8244047619047619,0.8452380952380952,0.8392857142857143,0.8375955211207812,0.009581996918157299,61,0.9826086956521739,1.0,1.0,1.0,1.0,0.9965217391304348,0.00695652173913044,37,0.7494356659142212,0.769406392694064,0.7400881057268722,0.7636363636363637,0.7567567567567568,0.7558646569456556,0.010342198683841303,83,0.6706231454005934,0.6994047619047619,0.6488095238095238,0.6904761904761905,0.6785714285714286,0.6775770100324996,0.017434178919894606,59,0.9880952380952381,1.0,1.0,1.0,1.0,0.9976190476190476,0.004761904761904744,1,0.7874762808349146,0.8066060315940642,0.7806691449814126,0.8015267175572519,0.7954545454545454,0.7943465440844377,0.009352532870572899,83,0.8293591917479157,0.8497023809523809,0.8244047619047619,0.8452380952380952,0.8392857142857143,0.8375980288257736,0.009483406200789166,58,0.7464573491527362,0.769406392694064,0.7400881057268722,0.7636363636363637,0.7567567567567568,0.7552689935933585,0.010772156777195112,83,0.8293591917479158,0.8497023809523809,0.8244047619047619,0.8452380952380952,0.8392857142857143,0.8375980288257736,0.009483406200789147,58
110,0.04950380325317383,0.039895653756122924,0.03822846412658691,0.0013776159761096462,2,False,False,500,-1,l2,lbfgs,"{'C': 2, 'dual': False, 'fit_intercept': False, 'max_iter': 500, 'n_jobs': -1, 'penalty': 'l2', 'solver': 'lbfgs'}",0.8291233283803864,0.8484398216939079,0.8244047619047619,0.8452380952380952,0.8407738095238095,0.8375959633481923,0.009293906485212238,57,0.9826086956521739,1.0,1.0,1.0,1.0,0.9965217391304348,0.00695652173913044,37,0.7494356659142212,0.7676537585421412,0.7400881057268722,0.7636363636363637,0.7584650112866818,0.7558557810212561,0.009963686909658896,85,0.6706231454005934,0.6964285714285714,0.6488095238095238,0.6904761904761905,0.6815476190476191,0.6775770100324997,0.01681344971174973,58,0.9880952380952381,1.0,1.0,1.0,1.0,0.9976190476190476,0.004761904761904744,1,0.7874762808349146,0.8050645007166747,0.7806691449814126,0.8015267175572519,0.7969639468690702,0.7943401181918648,0.009028309251326323,85,0.8293591917479157,0.8482142857142857,0.8244047619047619,0.8452380952380952,0.8407738095238095,0.8375980288257736,0.009198932944577121,58,0.7464573491527362,0.7676537585421412,0.7400881057268722,0.7636363636363637,0.7584650112866818,0.7552601176689591,0.010408783345058379,85,0.8293591917479158,0.8482142857142857,0.8244047619047619,0.8452380952380952,0.8407738095238095,0.8375980288257736,0.009198932944577102,58
49,0.3758978843688965,0.015836729056338806,0.04462242126464844,0.0035464861012172865,1,False,False,500,-1,l1,saga,"{'C': 1, 'dual': False, 'fit_intercept': False, 'max_iter': 500, 'n_jobs': -1, 'penalty': 'l1', 'solver': 'saga'}",0.8291233283803864,0.8484398216939079,0.8229166666666666,0.8467261904761905,0.8392857142857143,0.8372983443005731,0.009905856634698935,90,0.9826086956521739,1.0,1.0,1.0,1.0,0.9965217391304348,0.00695652173913044,37,0.7494356659142212,0.7676537585421412,0.7384615384615385,0.765375854214123,0.7567567567567568,0.7555367147777561,0.0107135835305651,97,0.6706231454005934,0.6964285714285714,0.6458333333333334,0.6934523809523809,0.6785714285714286,0.6769817719372616,0.018235368594542833,86,0.9880952380952381,1.0,1.0,1.0,1.0,0.9976190476190476,0.004761904761904744,1,0.7874762808349146,0.8050645007166747,0.7792207792207793,0.8030592734225621,0.7954545454545454,0.7940550759298952,0.009670350824338866,97,0.8293591917479157,0.8482142857142857,0.8229166666666667,0.8467261904761905,0.8392857142857143,0.8373004097781547,0.009816867865113895,86,0.7464573491527362,0.7676537585421412,0.7384615384615385,0.765375854214123,0.7567567567567568,0.7549410514254593,0.011111636865045424,86,0.8293591917479158,0.8482142857142857,0.8229166666666666,0.8467261904761905,0.8392857142857143,0.8373004097781547,0.00981686786511391,86
169,0.4936946392059326,0.13040828292367027,0.05132780075073242,0.01961443278718597,3,False,False,500,-1,l1,saga,"{'C': 3, 'dual': False, 'fit_intercept': False, 'max_iter': 500, 'n_jobs': -1, 'penalty': 'l1', 'solver': 'saga'}",0.8306092124814265,0.8454680534918276,0.8214285714285714,0.8467261904761905,0.8422619047619048,0.8372987865279843,0.009765854174203935,86,0.9826839826839827,1.0,1.0,1.0,1.0,0.9965367965367966,0.006926406926406913,1,0.751131221719457,0.764172335600907,0.7368421052631579,0.765375854214123,0.7601809954751131,0.7555405024545516,0.01060045920989183,86,0.6735905044510386,0.6904761904761905,0.6428571428571429,0.6934523809523809,0.6845238095238095,0.6769800056521126,0.0183643873483958,90,0.9880952380952381,1.0,1.0,1.0,1.0,0.9976190476190476,0.004761904761904744,1,0.7889733840304183,0.8019990480723465,0.7777777777777778,0.8030592734225621,0.7984790874524715,0.7940577141511153,0.009534444259965623,86,0.8308428712731384,0.8452380952380952,0.8214285714285714,0.8467261904761905,0.8422619047619048,0.83729952663558,0.009696222738175516,90,0.7481327197698144,0.764172335600907,0.7368421052631579,0.765375854214123,0.7601809954751131,0.7549408020646231,0.010913147687243272,87,0.8308428712731384,0.8452380952380952,0.8214285714285714,0.8467261904761905,0.8422619047619048,0.83729952663558,0.009696222738175516,90
233,0.15787119865417482,0.02713041772468015,0.03997392654418945,0.0017793006677626723,4,False,False,500,-1,l2,sag,"{'C': 4, 'dual': False, 'fit_intercept': False, 'max_iter': 500, 'n_jobs': -1, 'penalty': 'l2', 'solver': 'sag'}",0.8306092124814265,0.8469539375928677,0.8214285714285714,0.8452380952380952,0.8422619047619048,0.8372983443005731,0.009772422777717149,90,0.9826839826839827,1.0,1.0,1.0,1.0,0.9965367965367966,0.006926406926406913,1,0.751131221719457,0.7659090909090909,0.7368421052631579,0.7636363636363637,0.7601809954751131,0.7555399554006365,0.010617500486652349,87,0.6735905044510386,0.6934523809523809,0.6428571428571429,0.6904761904761905,0.6845238095238095,0.6769800056521124,0.0183643873483958,91,0.9880952380952381,1.0,1.0,1.0,1.0,0.9976190476190476,0.004761904761904744,1,0.7889733840304183,0.8035288507391511,0.7777777777777778,0.8015267175572519,0.7984790874524715,0.7940571635114141,0.00954907033799816,87,0.8308428712731384,0.8467261904761905,0.8214285714285714,0.8452380952380952,0.8422619047619048,0.83729952663558,0.009696222738175516,90,0.7481327197698144,0.7659090909090909,0.7368421052631579,0.7636363636363637,0.7601809954751131,0.7549402550107079,0.01092967142370589,88,0.8308428712731384,0.8467261904761905,0.8214285714285714,0.8452380952380952,0.8422619047619048,0.83729952663558,0.009696222738175516,90
409,0.43953862190246584,0.10332751210493116,0.039997434616088866,0.0012035833533464858,7,False,False,500,-1,l1,saga,"{'C': 7, 'dual': False, 'fit_intercept': False, 'max_iter': 500, 'n_jobs': -1, 'penalty': 'l1', 'solver': 'saga'}",0.8306092124814265,0.8469539375928677,0.8214285714285714,0.8452380952380952,0.8422619047619048,0.8372983443005731,0.009772422777717149,90,0.9826839826839827,1.0,1.0,1.0,1.0,0.9965367965367966,0.006926406926406913,1,0.751131221719457,0.7659090909090909,0.7368421052631579,0.7636363636363637,0.7601809954751131,0.7555399554006365,0.010617500486652349,87,0.6735905044510386,0.6934523809523809,0.6428571428571429,0.6904761904761905,0.6845238095238095,0.6769800056521124,0.0183643873483958,91,0.9880952380952381,1.0,1.0,1.0,1.0,0.9976190476190476,0.004761904761904744,1,0.7889733840304183,0.8035288507391511,0.7777777777777778,0.8015267175572519,0.7984790874524715,0.7940571635114141,0.00954907033799816,87,0.8308428712731384,0.8467261904761905,0.8214285714285714,0.8452380952380952,0.8422619047619048,0.83729952663558,0.009696222738175516,90,0.7481327197698144,0.7659090909090909,0.7368421052631579,0.7636363636363637,0.7601809954751131,0.7549402550107079,0.01092967142370589,88,0.8308428712731384,0.8467261904761905,0.8214285714285714,0.8452380952380952,0.8422619047619048,0.83729952663558,0.009696222738175516,90
529,0.39759840965271,0.009578235777859689,0.03819761276245117,0.0034316491717562366,9,False,False,500,-1,l1,saga,"{'C': 9, 'dual': False, 'fit_intercept': False, 'max_iter': 500, 'n_jobs': -1, 'penalty': 'l1', 'solver': 'saga'}",0.8306092124814265,0.8469539375928677,0.8214285714285714,0.8452380952380952,0.8422619047619048,0.8372983443005731,0.009772422777717149,90,0.9826839826839827,1.0,1.0,1.0,1.0,0.9965367965367966,0.006926406926406913,1,0.751131221719457,0.7659090909090909,0.7368421052631579,0.7636363636363637,0.7601809954751131,0.7555399554006365,0.010617500486652349,87,0.6735905044510386,0.6934523809523809,0.6428571428571429,0.6904761904761905,0.6845238095238095,0.6769800056521124,0.0183643873483958,91,0.9880952380952381,1.0,1.0,1.0,1.0,0.9976190476190476,0.004761904761904744,1,0.7889733840304183,0.8035288507391511,0.7777777777777778,0.8015267175572519,0.7984790874524715,0.7940571635114141,0.00954907033799816,87,0.8308428712731384,0.8467261904761905,0.8214285714285714,0.8452380952380952,0.8422619047619048,0.83729952663558,0.009696222738175516,90,0.7481327197698144,0.7659090909090909,0.7368421052631579,0.7636363636363637,0.7601809954751131,0.7549402550107079,0.01092967142370589,88,0.8308428712731384,0.8467261904761905,0.8214285714285714,0.8452380952380952,0.8422619047619048,0.83729952663558,0.009696222738175516,90
414,0.287964916229248,0.010205392366891266,0.04937634468078613,0.009943075064348527,7,False,False,500,-1,l2,saga,"{'C': 7, 'dual': False, 'fit_intercept': False, 'max_iter': 500, 'n_jobs': -1, 'penalty': 'l2', 'solver': 'saga'}",0.8306092124814265,0.8469539375928677,0.8214285714285714,0.8452380952380952,0.8422619047619048,0.8372983443005731,0.009772422777717149,90,0.9826839826839827,1.0,1.0,1.0,1.0,0.9965367965367966,0.006926406926406913,1,0.751131221719457,0.7659090909090909,0.7368421052631579,0.7636363636363637,0.7601809954751131,0.7555399554006365,0.010617500486652349,87,0.6735905044510386,0.6934523809523809,0.6428571428571429,0.6904761904761905,0.6845238095238095,0.6769800056521124,0.0183643873483958,91,0.9880952380952381,1.0,1.0,1.0,1.0,0.9976190476190476,0.004761904761904744,1,0.7889733840304183,0.8035288507391511,0.7777777777777778,0.8015267175572519,0.7984790874524715,0.7940571635114141,0.00954907033799816,87,0.8308428712731384,0.8467261904761905,0.8214285714285714,0.8452380952380952,0.8422619047619048,0.83729952663558,0.009696222738175516,90,0.7481327197698144,0.7659090909090909,0.7368421052631579,0.7636363636363637,0.7601809954751131,0.7549402550107079,0.01092967142370589,88,0.8308428712731384,0.8467261904761905,0.8214285714285714,0.8452380952380952,0.8422619047619048,0.83729952663558,0.009696222738175516,90
354,0.3318624496459961,0.04580912469043981,0.03957433700561523,0.0047403693394466795,6,False,False,500,-1,l2,saga,"{'C': 6, 'dual': False, 'fit_intercept': False, 'max_iter': 500, 'n_jobs': -1, 'penalty': 'l2', 'solver': 'saga'}",0.8306092124814265,0.8469539375928677,0.8214285714285714,0.8452380952380952,0.8422619047619048,0.8372983443005731,0.009772422777717149,90,0.9826839826839827,1.0,1.0,1.0,1.0,0.9965367965367966,0.006926406926406913,1,0.751131221719457,0.7659090909090909,0.7368421052631579,0.7636363636363637,0.7601809954751131,0.7555399554006365,0.010617500486652349,87,0.6735905044510386,0.6934523809523809,0.6428571428571429,0.6904761904761905,0.6845238095238095,0.6769800056521124,0.0183643873483958,91,0.9880952380952381,1.0,1.0,1.0,1.0,0.9976190476190476,0.004761904761904744,1,0.7889733840304183,0.8035288507391511,0.7777777777777778,0.8015267175572519,0.7984790874524715,0.7940571635114141,0.00954907033799816,87,0.8308428712731384,0.8467261904761905,0.8214285714285714,0.8452380952380952,0.8422619047619048,0.83729952663558,0.009696222738175516,90,0.7481327197698144,0.7659090909090909,0.7368421052631579,0.7636363636363637,0.7601809954751131,0.7549402550107079,0.01092967142370589,88,0.8308428712731384,0.8467261904761905,0.8214285714285714,0.8452380952380952,0.8422619047619048,0.83729952663558,0.009696222738175516,90
294,0.2933844566345215,0.015084476543649073,0.0393280029296875,0.0021894429980141724,5,False,False,500,-1,l2,saga,"{'C': 5, 'dual': False, 'fit_intercept': False, 'max_iter': 500, 'n_jobs': -1, 'penalty': 'l2', 'solver': 'saga'}",0.8306092124814265,0.8469539375928677,0.8214285714285714,0.8452380952380952,0.8422619047619048,0.8372983443005731,0.009772422777717149,90,0.9826839826839827,1.0,1.0,1.0,1.0,0.9965367965367966,0.006926406926406913,1,0.751131221719457,0.7659090909090909,0.7368421052631579,0.7636363636363637,0.7601809954751131,0.7555399554006365,0.010617500486652349,87,0.6735905044510386,0.6934523809523809,0.6428571428571429,0.6904761904761905,0.6845238095238095,0.6769800056521124,0.0183643873483958,91,0.9880952380952381,1.0,1.0,1.0,1.0,0.9976190476190476,0.004761904761904744,1,0.7889733840304183,0.8035288507391511,0.7777777777777778,0.8015267175572519,0.7984790874524715,0.7940571635114141,0.00954907033799816,87,0.8308428712731384,0.8467261904761905,0.8214285714285714,0.8452380952380952,0.8422619047619048,0.83729952663558,0.009696222738175516,90,0.7481327197698144,0.7659090909090909,0.7368421052631579,0.7636363636363637,0.7601809954751131,0.7549402550107079,0.01092967142370589,88,0.8308428712731384,0.8467261904761905,0.8214285714285714,0.8452380952380952,0.8422619047619048,0.83729952663558,0.009696222738175516,90
474,0.3611281871795654,0.07978732989821176,0.03883175849914551,0.0035157480585427192,8,False,False,500,-1,l2,saga,"{'C': 8, 'dual': False, 'fit_intercept': False, 'max_iter': 500, 'n_jobs': -1, 'penalty': 'l2', 'solver': 'saga'}",0.8306092124814265,0.8469539375928677,0.8214285714285714,0.8452380952380952,0.8422619047619048,0.8372983443005731,0.009772422777717149,90,0.9826839826839827,1.0,1.0,1.0,1.0,0.9965367965367966,0.006926406926406913,1,0.751131221719457,0.7659090909090909,0.7368421052631579,0.7636363636363637,0.7601809954751131,0.7555399554006365,0.010617500486652349,87,0.6735905044510386,0.6934523809523809,0.6428571428571429,0.6904761904761905,0.6845238095238095,0.6769800056521124,0.0183643873483958,91,0.9880952380952381,1.0,1.0,1.0,1.0,0.9976190476190476,0.004761904761904744,1,0.7889733840304183,0.8035288507391511,0.7777777777777778,0.8015267175572519,0.7984790874524715,0.7940571635114141,0.00954907033799816,87,0.8308428712731384,0.8467261904761905,0.8214285714285714,0.8452380952380952,0.8422619047619048,0.83729952663558,0.009696222738175516,90,0.7481327197698144,0.7659090909090909,0.7368421052631579,0.7636363636363637,0.7601809954751131,0.7549402550107079,0.01092967142370589,88,0.8308428712731384,0.8467261904761905,0.8214285714285714,0.8452380952380952,0.8422619047619048,0.83729952663558,0.009696222738175516,90
534,0.3218674182891846,0.03391992639783643,0.030567502975463866,0.004898480391481999,9,False,False,500,-1,l2,saga,"{'C': 9, 'dual': False, 'fit_intercept': False, 'max_iter': 500, 'n_jobs': -1, 'penalty': 'l2', 'solver': 'saga'}",0.8306092124814265,0.8469539375928677,0.8214285714285714,0.8452380952380952,0.8422619047619048,0.8372983443005731,0.009772422777717149,90,0.9826839826839827,1.0,1.0,1.0,1.0,0.9965367965367966,0.006926406926406913,1,0.751131221719457,0.7659090909090909,0.7368421052631579,0.7636363636363637,0.7601809954751131,0.7555399554006365,0.010617500486652349,87,0.6735905044510386,0.6934523809523809,0.6428571428571429,0.6904761904761905,0.6845238095238095,0.6769800056521124,0.0183643873483958,91,0.9880952380952381,1.0,1.0,1.0,1.0,0.9976190476190476,0.004761904761904744,1,0.7889733840304183,0.8035288507391511,0.7777777777777778,0.8015267175572519,0.7984790874524715,0.7940571635114141,0.00954907033799816,87,0.8308428712731384,0.8467261904761905,0.8214285714285714,0.8452380952380952,0.8422619047619048,0.83729952663558,0.009696222738175516,90,0.7481327197698144,0.7659090909090909,0.7368421052631579,0.7636363636363637,0.7601809954751131,0.7549402550107079,0.01092967142370589,88,0.8308428712731384,0.8467261904761905,0.8214285714285714,0.8452380952380952,0.8422619047619048,0.83729952663558,0.009696222738175516,90
349,0.45322508811950685,0.06866183368956222,0.03762130737304688,0.0020181247125067373,6,False,False,500,-1,l1,saga,"{'C': 6, 'dual': False, 'fit_intercept': False, 'max_iter': 500, 'n_jobs': -1, 'penalty': 'l1', 'solver': 'saga'}",0.8306092124814265,0.8469539375928677,0.8214285714285714,0.8452380952380952,0.8422619047619048,0.8372983443005731,0.009772422777717149,90,0.9826839826839827,1.0,1.0,1.0,1.0,0.9965367965367966,0.006926406926406913,1,0.751131221719457,0.7659090909090909,0.7368421052631579,0.7636363636363637,0.7601809954751131,0.7555399554006365,0.010617500486652349,87,0.6735905044510386,0.6934523809523809,0.6428571428571429,0.6904761904761905,0.6845238095238095,0.6769800056521124,0.0183643873483958,91,0.9880952380952381,1.0,1.0,1.0,1.0,0.9976190476190476,0.004761904761904744,1,0.7889733840304183,0.8035288507391511,0.7777777777777778,0.8015267175572519,0.7984790874524715,0.7940571635114141,0.00954907033799816,87,0.8308428712731384,0.8467261904761905,0.8214285714285714,0.8452380952380952,0.8422619047619048,0.83729952663558,0.009696222738175516,90,0.7481327197698144,0.7659090909090909,0.7368421052631579,0.7636363636363637,0.7601809954751131,0.7549402550107079,0.01092967142370589,88,0.8308428712731384,0.8467261904761905,0.8214285714285714,0.8452380952380952,0.8422619047619048,0.83729952663558,0.009696222738175516,90
469,0.43345866203308103,0.0475786626216197,0.04591245651245117,0.011276489436520291,8,False,False,500,-1,l1,saga,"{'C': 8, 'dual': False, 'fit_intercept': False, 'max_iter': 500, 'n_jobs': -1, 'penalty': 'l1', 'solver': 'saga'}",0.8306092124814265,0.8469539375928677,0.8214285714285714,0.8452380952380952,0.8422619047619048,0.8372983443005731,0.009772422777717149,90,0.9826839826839827,1.0,1.0,1.0,1.0,0.9965367965367966,0.006926406926406913,1,0.751131221719457,0.7659090909090909,0.7368421052631579,0.7636363636363637,0.7601809954751131,0.7555399554006365,0.010617500486652349,87,0.6735905044510386,0.6934523809523809,0.6428571428571429,0.6904761904761905,0.6845238095238095,0.6769800056521124,0.0183643873483958,91,0.9880952380952381,1.0,1.0,1.0,1.0,0.9976190476190476,0.004761904761904744,1,0.7889733840304183,0.8035288507391511,0.7777777777777778,0.8015267175572519,0.7984790874524715,0.7940571635114141,0.00954907033799816,87,0.8308428712731384,0.8467261904761905,0.8214285714285714,0.8452380952380952,0.8422619047619048,0.83729952663558,0.009696222738175516,90,0.7481327197698144,0.7659090909090909,0.7368421052631579,0.7636363636363637,0.7601809954751131,0.7549402550107079,0.01092967142370589,88,0.8308428712731384,0.8467261904761905,0.8214285714285714,0.8452380952380952,0.8422619047619048,0.83729952663558,0.009696222738175516,90
174,0.34847207069396974,0.031675089836477786,0.045152902603149414,0.007453463741167407,3,False,False,500,-1,l2,saga,"{'C': 3, 'dual': False, 'fit_intercept': False, 'max_iter': 500, 'n_jobs': -1, 'penalty': 'l2', 'solver': 'saga'}",0.8291233283803864,0.8469539375928677,0.8229166666666666,0.8452380952380952,0.8422619047619048,0.8372987865279843,0.00953488956530143,86,0.9826086956521739,1.0,1.0,1.0,1.0,0.9965217391304348,0.00695652173913044,37,0.7494356659142212,0.7659090909090909,0.7384615384615385,0.7636363636363637,0.7601809954751131,0.7555247308792655,0.010232727562429413,98,0.6706231454005934,0.6934523809523809,0.6458333333333334,0.6904761904761905,0.6845238095238095,0.6769817719372615,0.017440871439725288,87,0.9880952380952381,1.0,1.0,1.0,1.0,0.9976190476190476,0.004761904761904744,1,0.7874762808349146,0.8035288507391511,0.7792207792207793,0.8015267175572519,0.7984790874524715,0.7940463431609137,0.009257280790227643,98,0.8293591917479157,0.8467261904761905,0.8229166666666667,0.8452380952380952,0.8422619047619048,0.8373004097781547,0.009449059576521484,86,0.7464573491527362,0.7659090909090909,0.7384615384615385,0.7636363636363637,0.7601809954751131,0.7549290675269684,0.01064810022411727,98,0.8293591917479158,0.8467261904761905,0.8229166666666666,0.8452380952380952,0.8422619047619048,0.8373004097781547,0.0094490595765215,86
173,0.31566638946533204,0.12929571743392537,0.04127712249755859,0.002500968380903986,3,False,False,500,-1,l2,sag,"{'C': 3, 'dual': False, 'fit_intercept': False, 'max_iter': 500, 'n_jobs': -1, 'penalty': 'l2', 'solver': 'sag'}",0.8291233283803864,0.8469539375928677,0.8229166666666666,0.8452380952380952,0.8422619047619048,0.8372987865279843,0.00953488956530143,86,0.9826086956521739,1.0,1.0,1.0,1.0,0.9965217391304348,0.00695652173913044,37,0.7494356659142212,0.7659090909090909,0.7384615384615385,0.7636363636363637,0.7601809954751131,0.7555247308792655,0.010232727562429413,98,0.6706231454005934,0.6934523809523809,0.6458333333333334,0.6904761904761905,0.6845238095238095,0.6769817719372615,0.017440871439725288,87,0.9880952380952381,1.0,1.0,1.0,1.0,0.9976190476190476,0.004761904761904744,1,0.7874762808349146,0.8035288507391511,0.7792207792207793,0.8015267175572519,0.7984790874524715,0.7940463431609137,0.009257280790227643,98,0.8293591917479157,0.8467261904761905,0.8229166666666667,0.8452380952380952,0.8422619047619048,0.8373004097781547,0.009449059576521484,86,0.7464573491527362,0.7659090909090909,0.7384615384615385,0.7636363636363637,0.7601809954751131,0.7549290675269684,0.01064810022411727,98,0.8293591917479158,0.8467261904761905,0.8229166666666666,0.8452380952380952,0.8422619047619048,0.8373004097781547,0.0094490595765215,86
171,0.10942716598510742,0.05892574875749385,0.046110916137695315,0.008293278911090184,3,False,False,500,-1,l2,newton-cg,"{'C': 3, 'dual': False, 'fit_intercept': False, 'max_iter': 500, 'n_jobs': -1, 'penalty': 'l2', 'solver': 'newton-cg'}",0.8291233283803864,0.8469539375928677,0.8229166666666666,0.8452380952380952,0.8422619047619048,0.8372987865279843,0.00953488956530143,86,0.9826086956521739,1.0,1.0,1.0,1.0,0.9965217391304348,0.00695652173913044,37,0.7494356659142212,0.7659090909090909,0.7384615384615385,0.7636363636363637,0.7601809954751131,0.7555247308792655,0.010232727562429413,98,0.6706231454005934,0.6934523809523809,0.6458333333333334,0.6904761904761905,0.6845238095238095,0.6769817719372615,0.017440871439725288,87,0.9880952380952381,1.0,1.0,1.0,1.0,0.9976190476190476,0.004761904761904744,1,0.7874762808349146,0.8035288507391511,0.7792207792207793,0.8015267175572519,0.7984790874524715,0.7940463431609137,0.009257280790227643,98,0.8293591917479157,0.8467261904761905,0.8229166666666667,0.8452380952380952,0.8422619047619048,0.8373004097781547,0.009449059576521484,86,0.7464573491527362,0.7659090909090909,0.7384615384615385,0.7636363636363637,0.7601809954751131,0.7549290675269684,0.01064810022411727,98,0.8293591917479158,0.8467261904761905,0.8229166666666666,0.8452380952380952,0.8422619047619048,0.8373004097781547,0.0094490595765215,86
234,0.307725715637207,0.01807919318394091,0.038623380661010745,0.0033311731570109418,4,False,False,500,-1,l2,saga,"{'C': 4, 'dual': False, 'fit_intercept': False, 'max_iter': 500, 'n_jobs': -1, 'penalty': 'l2', 'solver': 'saga'}",0.8291233283803864,0.8469539375928677,0.8214285714285714,0.8452380952380952,0.8422619047619048,0.8370011674803651,0.009991457003072843,101,0.9826086956521739,1.0,1.0,1.0,1.0,0.9965217391304348,0.00695652173913044,37,0.7494356659142212,0.7659090909090909,0.7368421052631579,0.7636363636363637,0.7601809954751131,0.7552008442395893,0.010778747779635396,101,0.6706231454005934,0.6934523809523809,0.6428571428571429,0.6904761904761905,0.6845238095238095,0.6763865338420233,0.01851169102663508,105,0.9880952380952381,1.0,1.0,1.0,1.0,0.9976190476190476,0.004761904761904744,1,0.7874762808349146,0.8035288507391511,0.7777777777777778,0.8015267175572519,0.7984790874524715,0.7937577428723134,0.009725622458177588,101,0.8293591917479157,0.8467261904761905,0.8214285714285714,0.8452380952380952,0.8422619047619048,0.8370027907305355,0.009909631028587886,101,0.7464573491527362,0.7659090909090909,0.7368421052631579,0.7636363636363637,0.7601809954751131,0.7546051808872923,0.01115656192157025,101,0.8293591917479158,0.8467261904761905,0.8214285714285714,0.8452380952380952,0.8422619047619048,0.8370027907305355,0.00990963102858787,101
229,0.3948906421661377,0.028787817203715226,0.03968029022216797,0.0018856364137473706,4,False,False,500,-1,l1,saga,"{'C': 4, 'dual': False, 'fit_intercept': False, 'max_iter': 500, 'n_jobs': -1, 'penalty': 'l1', 'solver': 'saga'}",0.8306092124814265,0.8454680534918276,0.8214285714285714,0.8452380952380952,0.8422619047619048,0.8370011674803651,0.009492874494728595,101,0.9826839826839827,1.0,1.0,1.0,1.0,0.9965367965367966,0.006926406926406913,1,0.751131221719457,0.764172335600907,0.7368421052631579,0.7636363636363637,0.7601809954751131,0.7551926043389997,0.010296138459146191,102,0.6735905044510386,0.6904761904761905,0.6428571428571429,0.6904761904761905,0.6845238095238095,0.6763847675568744,0.01786219431219056,106,0.9880952380952381,1.0,1.0,1.0,1.0,0.9976190476190476,0.004761904761904744,1,0.7889733840304183,0.8019990480723465,0.7777777777777778,0.8015267175572519,0.7984790874524715,0.7937512029780531,0.009260845898722295,102,0.8308428712731384,0.8452380952380952,0.8214285714285714,0.8452380952380952,0.8422619047619048,0.8370019075879609,0.00942124908647467,106,0.7481327197698144,0.764172335600907,0.7368421052631579,0.7636363636363637,0.7601809954751131,0.7545929039490712,0.01059812506445401,102,0.8308428712731384,0.8452380952380952,0.8214285714285714,0.8452380952380952,0.8422619047619048,0.8370019075879609,0.00942124908647467,106
289,0.40130343437194826,0.023644448612176017,0.04989752769470215,0.013021419434461728,5,False,False,500,-1,l1,saga,"{'C': 5, 'dual': False, 'fit_intercept': False, 'max_iter': 500, 'n_jobs': -1, 'penalty': 'l1', 'solver': 'saga'}",0.8306092124814265,0.8454680534918276,0.8214285714285714,0.8452380952380952,0.8422619047619048,0.8370011674803651,0.009492874494728595,101,0.9826839826839827,1.0,1.0,1.0,1.0,0.9965367965367966,0.006926406926406913,1,0.751131221719457,0.764172335600907,0.7368421052631579,0.7636363636363637,0.7601809954751131,0.7551926043389997,0.010296138459146191,102,0.6735905044510386,0.6904761904761905,0.6428571428571429,0.6904761904761905,0.6845238095238095,0.6763847675568744,0.01786219431219056,106,0.9880952380952381,1.0,1.0,1.0,1.0,0.9976190476190476,0.004761904761904744,1,0.7889733840304183,0.8019990480723465,0.7777777777777778,0.8015267175572519,0.7984790874524715,0.7937512029780531,0.009260845898722295,102,0.8308428712731384,0.8452380952380952,0.8214285714285714,0.8452380952380952,0.8422619047619048,0.8370019075879609,0.00942124908647467,106,0.7481327197698144,0.764172335600907,0.7368421052631579,0.7636363636363637,0.7601809954751131,0.7545929039490712,0.01059812506445401,102,0.8308428712731384,0.8452380952380952,0.8214285714285714,0.8452380952380952,0.8422619047619048,0.8370019075879609,0.00942124908647467,106
114,0.3714162826538086,0.0836874647618527,0.04141745567321777,0.005398125058467439,2,False,False,500,-1,l2,saga,"{'C': 2, 'dual': False, 'fit_intercept': False, 'max_iter': 500, 'n_jobs': -1, 'penalty': 'l2', 'solver': 'saga'}",0.8291233283803864,0.8469539375928677,0.8244047619047619,0.8452380952380952,0.8392857142857143,0.8370011674803651,0.008864012051147766,101,0.9826086956521739,1.0,1.0,1.0,1.0,0.9965217391304348,0.00695652173913044,37,0.7494356659142212,0.7659090909090909,0.7400881057268722,0.7636363636363637,0.7567567567567568,0.755165196588661,0.009485475113997183,104,0.6706231454005934,0.6934523809523809,0.6488095238095238,0.6904761904761905,0.6785714285714286,0.6763865338420235,0.01605143890933644,101,0.9880952380952381,1.0,1.0,1.0,1.0,0.9976190476190476,0.004761904761904744,1,0.7874762808349146,0.8035288507391511,0.7806691449814126,0.8015267175572519,0.7954545454545454,0.7937311079134551,0.008596223223898636,104,0.8293591917479157,0.8467261904761905,0.8244047619047619,0.8452380952380952,0.8392857142857143,0.8370027907305355,0.008771675080701022,101,0.7464573491527362,0.7659090909090909,0.7400881057268722,0.7636363636363637,0.7567567567567568,0.7545695332363639,0.00991056206037726,104,0.8293591917479158,0.8467261904761905,0.8244047619047619,0.8452380952380952,0.8392857142857143,0.8370027907305355,0.008771675080701003,101
113,0.18312654495239258,0.017985299466512686,0.04659171104431152,0.007160560772034169,2,False,False,500,-1,l2,sag,"{'C': 2, 'dual': False, 'fit_intercept': False, 'max_iter': 500, 'n_jobs': -1, 'penalty': 'l2', 'solver': 'sag'}",0.8291233283803864,0.8469539375928677,0.8244047619047619,0.8452380952380952,0.8392857142857143,0.8370011674803651,0.008864012051147766,101,0.9826086956521739,1.0,1.0,1.0,1.0,0.9965217391304348,0.00695652173913044,37,0.7494356659142212,0.7659090909090909,0.7400881057268722,0.7636363636363637,0.7567567567567568,0.755165196588661,0.009485475113997183,104,0.6706231454005934,0.6934523809523809,0.6488095238095238,0.6904761904761905,0.6785714285714286,0.6763865338420235,0.01605143890933644,101,0.9880952380952381,1.0,1.0,1.0,1.0,0.9976190476190476,0.004761904761904744,1,0.7874762808349146,0.8035288507391511,0.7806691449814126,0.8015267175572519,0.7954545454545454,0.7937311079134551,0.008596223223898636,104,0.8293591917479157,0.8467261904761905,0.8244047619047619,0.8452380952380952,0.8392857142857143,0.8370027907305355,0.008771675080701022,101,0.7464573491527362,0.7659090909090909,0.7400881057268722,0.7636363636363637,0.7567567567567568,0.7545695332363639,0.00991056206037726,104,0.8293591917479158,0.8467261904761905,0.8244047619047619,0.8452380952380952,0.8392857142857143,0.8370027907305355,0.008771675080701003,101
112,0.029932737350463867,0.008688944714881002,0.038024091720581056,0.0012615848821948654,2,False,False,500,-1,l2,newton-cholesky,"{'C': 2, 'dual': False, 'fit_intercept': False, 'max_iter': 500, 'n_jobs': -1, 'penalty': 'l2', 'solver': 'newton-cholesky'}",0.8291233283803864,0.8469539375928677,0.8244047619047619,0.8452380952380952,0.8392857142857143,0.8370011674803651,0.008864012051147766,101,0.9826086956521739,1.0,1.0,1.0,1.0,0.9965217391304348,0.00695652173913044,37,0.7494356659142212,0.7659090909090909,0.7400881057268722,0.7636363636363637,0.7567567567567568,0.755165196588661,0.009485475113997183,104,0.6706231454005934,0.6934523809523809,0.6488095238095238,0.6904761904761905,0.6785714285714286,0.6763865338420235,0.01605143890933644,101,0.9880952380952381,1.0,1.0,1.0,1.0,0.9976190476190476,0.004761904761904744,1,0.7874762808349146,0.8035288507391511,0.7806691449814126,0.8015267175572519,0.7954545454545454,0.7937311079134551,0.008596223223898636,104,0.8293591917479157,0.8467261904761905,0.8244047619047619,0.8452380952380952,0.8392857142857143,0.8370027907305355,0.008771675080701022,101,0.7464573491527362,0.7659090909090909,0.7400881057268722,0.7636363636363637,0.7567567567567568,0.7545695332363639,0.00991056206037726,104,0.8293591917479158,0.8467261904761905,0.8244047619047619,0.8452380952380952,0.8392857142857143,0.8370027907305355,0.008771675080701003,101
111,0.09237618446350097,0.05073454271901965,0.040471363067626956,0.003834165025004054,2,False,False,500,-1,l2,newton-cg,"{'C': 2, 'dual': False, 'fit_intercept': False, 'max_iter': 500, 'n_jobs': -1, 'penalty': 'l2', 'solver': 'newton-cg'}",0.8291233283803864,0.8469539375928677,0.8244047619047619,0.8452380952380952,0.8392857142857143,0.8370011674803651,0.008864012051147766,101,0.9826086956521739,1.0,1.0,1.0,1.0,0.9965217391304348,0.00695652173913044,37,0.7494356659142212,0.7659090909090909,0.7400881057268722,0.7636363636363637,0.7567567567567568,0.755165196588661,0.009485475113997183,104,0.6706231454005934,0.6934523809523809,0.6488095238095238,0.6904761904761905,0.6785714285714286,0.6763865338420235,0.01605143890933644,101,0.9880952380952381,1.0,1.0,1.0,1.0,0.9976190476190476,0.004761904761904744,1,0.7874762808349146,0.8035288507391511,0.7806691449814126,0.8015267175572519,0.7954545454545454,0.7937311079134551,0.008596223223898636,104,0.8293591917479157,0.8467261904761905,0.8244047619047619,0.8452380952380952,0.8392857142857143,0.8370027907305355,0.008771675080701022,101,0.7464573491527362,0.7659090909090909,0.7400881057268722,0.7636363636363637,0.7567567567567568,0.7545695332363639,0.00991056206037726,104,0.8293591917479158,0.8467261904761905,0.8244047619047619,0.8452380952380952,0.8392857142857143,0.8370027907305355,0.008771675080701003,101
109,0.47893695831298827,0.09662003118909387,0.05267906188964844,0.01812705007658618,2,False,False,500,-1,l1,saga,"{'C': 2, 'dual': False, 'fit_intercept': False, 'max_iter': 500, 'n_jobs': -1, 'penalty': 'l1', 'solver': 'saga'}",0.8291233283803864,0.8454680534918276,0.8214285714285714,0.8467261904761905,0.8392857142857143,0.8364063716125381,0.009739410363690781,108,0.9826086956521739,1.0,1.0,1.0,1.0,0.9965217391304348,0.00695652173913044,37,0.7494356659142212,0.764172335600907,0.7368421052631579,0.765375854214123,0.7567567567567568,0.7545165435498331,0.010529753935844578,108,0.6706231454005934,0.6904761904761905,0.6428571428571429,0.6934523809523809,0.6785714285714286,0.6751960576515472,0.018137727889593835,108,0.9880952380952381,1.0,1.0,1.0,1.0,0.9976190476190476,0.004761904761904744,1,0.7874762808349146,0.8019990480723465,0.7777777777777778,0.8030592734225621,0.7954545454545454,0.7931533851124293,0.009490063532143177,108,0.8293591917479157,0.8452380952380952,0.8214285714285714,0.8467261904761905,0.8392857142857143,0.8364075526352975,0.009662151450142882,108,0.7464573491527362,0.764172335600907,0.7368421052631579,0.765375854214123,0.7567567567567568,0.7539208801975363,0.010878784972440263,108,0.8293591917479158,0.8452380952380952,0.8214285714285714,0.8467261904761905,0.8392857142857143,0.8364075526352975,0.009662151450142866,108
371,0.001006746292114258,0.0007084659263795656,0.0,0.0,7,True,True,500,-1,elasticnet,newton-cg,"{'C': 7, 'dual': True, 'fit_intercept': True, 'max_iter': 500, 'n_jobs': -1, 'penalty': 'elasticnet', 'solver': 'newton-cg'}",,,,,,,,109,,,,,,,,109,,,,,,,,109,,,,,,,,109,,,,,,,,109,,,,,,,,109,,,,,,,,109,,,,,,,,109,,,,,,,,109
367,0.0016606807708740234,0.0007719337743005132,0.0,0.0,7,True,True,500,-1,l2,newton-cholesky,"{'C': 7, 'dual': True, 'fit_intercept': True, 'max_iter': 500, 'n_jobs': -1, 'penalty': 'l2', 'solver': 'newton-cholesky'}",,,,,,,,109,,,,,,,,109,,,,,,,,109,,,,,,,,109,,,,,,,,109,,,,,,,,109,,,,,,,,109,,,,,,,,109,,,,,,,,109
368,0.0018158912658691405,0.0005172940521732099,0.0,0.0,7,True,True,500,-1,l2,sag,"{'C': 7, 'dual': True, 'fit_intercept': True, 'max_iter': 500, 'n_jobs': -1, 'penalty': 'l2', 'solver': 'sag'}",,,,,,,,109,,,,,,,,109,,,,,,,,109,,,,,,,,109,,,,,,,,109,,,,,,,,109,,,,,,,,109,,,,,,,,109,,,,,,,,109
369,0.0019752025604248048,0.0006063131678628269,0.0,0.0,7,True,True,500,-1,l2,saga,"{'C': 7, 'dual': True, 'fit_intercept': True, 'max_iter': 500, 'n_jobs': -1, 'penalty': 'l2', 'solver': 'saga'}",,,,,,,,109,,,,,,,,109,,,,,,,,109,,,,,,,,109,,,,,,,,109,,,,,,,,109,,,,,,,,109,,,,,,,,109,,,,,,,,109
374,0.0018066883087158204,0.0003955557343066797,0.0,0.0,7,True,True,500,-1,elasticnet,saga,"{'C': 7, 'dual': True, 'fit_intercept': True, 'max_iter': 500, 'n_jobs': -1, 'penalty': 'elasticnet', 'solver': 'saga'}",,,,,,,,109,,,,,,,,109,,,,,,,,109,,,,,,,,109,,,,,,,,109,,,,,,,,109,,,,,,,,109,,,,,,,,109,,,,,,,,109
375,0.0020369529724121095,3.8733620604038615e-05,0.0,0.0,7,True,False,500,-1,l1,lbfgs,"{'C': 7, 'dual': True, 'fit_intercept': False, 'max_iter': 500, 'n_jobs': -1, 'penalty': 'l1', 'solver': 'lbfgs'}",,,,,,,,109,,,,,,,,109,,,,,,,,109,,,,,,,,109,,,,,,,,109,,,,,,,,109,,,,,,,,109,,,,,,,,109,,,,,,,,109
376,0.002003002166748047,0.00042434007427540553,0.0,0.0,7,True,False,500,-1,l1,newton-cg,"{'C': 7, 'dual': True, 'fit_intercept': False, 'max_iter': 500, 'n_jobs': -1, 'penalty': 'l1', 'solver': 'newton-cg'}",,,,,,,,109,,,,,,,,109,,,,,,,,109,,,,,,,,109,,,,,,,,109,,,,,,,,109,,,,,,,,109,,,,,,,,109,,,,,,,,109
377,0.0017180442810058594,0.0006081907946397732,0.0,0.0,7,True,False,500,-1,l1,newton-cholesky,"{'C': 7, 'dual': True, 'fit_intercept': False, 'max_iter': 500, 'n_jobs': -1, 'penalty': 'l1', 'solver': 'newton-cholesky'}",,,,,,,,109,,,,,,,,109,,,,,,,,109,,,,,,,,109,,,,,,,,109,,,,,,,,109,,,,,,,,109,,,,,,,,109,,,,,,,,109
372,0.0018720626831054688,0.0004606373560095348,0.0,0.0,7,True,True,500,-1,elasticnet,newton-cholesky,"{'C': 7, 'dual': True, 'fit_intercept': True, 'max_iter': 500, 'n_jobs': -1, 'penalty': 'elasticnet', 'solver': 'newton-cholesky'}",,,,,,,,109,,,,,,,,109,,,,,,,,109,,,,,,,,109,,,,,,,,109,,,,,,,,109,,,,,,,,109,,,,,,,,109,,,,,,,,109
304,0.002074003219604492,0.0003316774182906049,0.0,0.0,6,True,True,500,-1,l1,saga,"{'C': 6, 'dual': True, 'fit_intercept': True, 'max_iter': 500, 'n_jobs': -1, 'penalty': 'l1', 'solver': 'saga'}",,,,,,,,109,,,,,,,,109,,,,,,,,109,,,,,,,,109,,,,,,,,109,,,,,,,,109,,,,,,,,109,,,,,,,,109,,,,,,,,109
370,0.0021225452423095704,0.0002686682932915329,0.0,0.0,7,True,True,500,-1,elasticnet,lbfgs,"{'C': 7, 'dual': True, 'fit_intercept': True, 'max_iter': 500, 'n_jobs': -1, 'penalty': 'elasticnet', 'solver': 'lbfgs'}",,,,,,,,109,,,,,,,,109,,,,,,,,109,,,,,,,,109,,,,,,,,109,,,,,,,,109,,,,,,,,109,,,,,,,,109,,,,,,,,109
373,0.001350545883178711,0.00037915350946455016,0.0,0.0,7,True,True,500,-1,elasticnet,sag,"{'C': 7, 'dual': True, 'fit_intercept': True, 'max_iter': 500, 'n_jobs': -1, 'penalty': 'elasticnet', 'solver': 'sag'}",,,,,,,,109,,,,,,,,109,,,,,,,,109,,,,,,,,109,,,,,,,,109,,,,,,,,109,,,,,,,,109,,,,,,,,109,,,,,,,,109
332,0.0022994518280029298,0.00039977754344444865,0.0,0.0,6,False,True,500,-1,l1,newton-cholesky,"{'C': 6, 'dual': False, 'fit_intercept': True, 'max_iter': 500, 'n_jobs': -1, 'penalty': 'l1', 'solver': 'newton-cholesky'}",,,,,,,,109,,,,,,,,109,,,,,,,,109,,,,,,,,109,,,,,,,,109,,,,,,,,109,,,,,,,,109,,,,,,,,109,,,,,,,,109
378,0.0018531322479248048,0.00035429705513971403,0.0,0.0,7,True,False,500,-1,l1,sag,"{'C': 7, 'dual': True, 'fit_intercept': False, 'max_iter': 500, 'n_jobs': -1, 'penalty': 'l1', 'solver': 'sag'}",,,,,,,,109,,,,,,,,109,,,,,,,,109,,,,,,,,109,,,,,,,,109,,,,,,,,109,,,,,,,,109,,,,,,,,109,,,,,,,,109
379,0.0016239166259765625,0.00018887666101233646,0.0,0.0,7,True,False,500,-1,l1,saga,"{'C': 7, 'dual': True, 'fit_intercept': False, 'max_iter': 500, 'n_jobs': -1, 'penalty': 'l1', 'solver': 'saga'}",,,,,,,,109,,,,,,,,109,,,,,,,,109,,,,,,,,109,,,,,,,,109,,,,,,,,109,,,,,,,,109,,,,,,,,109,,,,,,,,109
380,0.0019896984100341796,0.0004925171025757167,0.0,0.0,7,True,False,500,-1,l2,lbfgs,"{'C': 7, 'dual': True, 'fit_intercept': False, 'max_iter': 500, 'n_jobs': -1, 'penalty': 'l2', 'solver': 'lbfgs'}",,,,,,,,109,,,,,,,,109,,,,,,,,109,,,,,,,,109,,,,,,,,109,,,,,,,,109,,,,,,,,109,,,,,,,,109,,,,,,,,109
381,0.0022504329681396484,0.0005347423123808367,0.0,0.0,7,True,False,500,-1,l2,newton-cg,"{'C': 7, 'dual': True, 'fit_intercept': False, 'max_iter': 500, 'n_jobs': -1, 'penalty': 'l2', 'solver': 'newton-cg'}",,,,,,,,109,,,,,,,,109,,,,,,,,109,,,,,,,,109,,,,,,,,109,,,,,,,,109,,,,,,,,109,,,,,,,,109,,,,,,,,109
382,0.0018242835998535157,0.0008985254594151345,0.0,0.0,7,True,False,500,-1,l2,newton-cholesky,"{'C': 7, 'dual': True, 'fit_intercept': False, 'max_iter': 500, 'n_jobs': -1, 'penalty': 'l2', 'solver': 'newton-cholesky'}",,,,,,,,109,,,,,,,,109,,,,,,,,109,,,,,,,,109,,,,,,,,109,,,,,,,,109,,,,,,,,109,,,,,,,,109,,,,,,,,109
383,0.0016013145446777343,0.00046077995171615974,0.0,0.0,7,True,False,500,-1,l2,sag,"{'C': 7, 'dual': True, 'fit_intercept': False, 'max_iter': 500, 'n_jobs': -1, 'penalty': 'l2', 'solver': 'sag'}",,,,,,,,109,,,,,,,,109,,,,,,,,109,,,,,,,,109,,,,,,,,109,,,,,,,,109,,,,,,,,109,,,,,,,,109,,,,,,,,109
384,0.0019106864929199219,0.0002002479334872651,0.0,0.0,7,True,False,500,-1,l2,saga,"{'C': 7, 'dual': True, 'fit_intercept': False, 'max_iter': 500, 'n_jobs': -1, 'penalty': 'l2', 'solver': 'saga'}",,,,,,,,109,,,,,,,,109,,,,,,,,109,,,,,,,,109,,,,,,,,109,,,,,,,,109,,,,,,,,109,,,,,,,,109,,,,,,,,109
385,0.0018085956573486329,0.0006206760060119623,0.0,0.0,7,True,False,500,-1,elasticnet,lbfgs,"{'C': 7, 'dual': True, 'fit_intercept': False, 'max_iter': 500, 'n_jobs': -1, 'penalty': 'elasticnet', 'solver': 'lbfgs'}",,,,,,,,109,,,,,,,,109,,,,,,,,109,,,,,,,,109,,,,,,,,109,,,,,,,,109,,,,,,,,109,,,,,,,,109,,,,,,,,109
386,0.0021028041839599608,0.0010049373303115754,0.0,0.0,7,True,False,500,-1,elasticnet,newton-cg,"{'C': 7, 'dual': True, 'fit_intercept': False, 'max_iter': 500, 'n_jobs': -1, 'penalty': 'elasticnet', 'solver': 'newton-cg'}",,,,,,,,109,,,,,,,,109,,,,,,,,109,,,,,,,,109,,,,,,,,109,,,,,,,,109,,,,,,,,109,,,,,,,,109,,,,,,,,109
303,0.0019141197204589843,0.00037683263133035525,0.0,0.0,6,True,True,500,-1,l1,sag,"{'C': 6, 'dual': True, 'fit_intercept': True, 'max_iter': 500, 'n_jobs': -1, 'penalty': 'l1', 'solver': 'sag'}",,,,,,,,109,,,,,,,,109,,,,,,,,109,,,,,,,,109,,,,,,,,109,,,,,,,,109,,,,,,,,109,,,,,,,,109,,,,,,,,109
302,0.0018506526947021484,0.00047884258086399345,0.0,0.0,6,True,True,500,-1,l1,newton-cholesky,"{'C': 6, 'dual': True, 'fit_intercept': True, 'max_iter': 500, 'n_jobs': -1, 'penalty': 'l1', 'solver': 'newton-cholesky'}",,,,,,,,109,,,,,,,,109,,,,,,,,109,,,,,,,,109,,,,,,,,109,,,,,,,,109,,,,,,,,109,,,,,,,,109,,,,,,,,109
387,0.0013871192932128906,0.0004544105257023133,0.0,0.0,7,True,False,500,-1,elasticnet,newton-cholesky,"{'C': 7, 'dual': True, 'fit_intercept': False, 'max_iter': 500, 'n_jobs': -1, 'penalty': 'elasticnet', 'solver': 'newton-cholesky'}",,,,,,,,109,,,,,,,,109,,,,,,,,109,,,,,,,,109,,,,,,,,109,,,,,,,,109,,,,,,,,109,,,,,,,,109,,,,,,,,109
366,0.0016049861907958985,0.00037706012179926,0.0,0.0,7,True,True,500,-1,l2,newton-cg,"{'C': 7, 'dual': True, 'fit_intercept': True, 'max_iter': 500, 'n_jobs': -1, 'penalty': 'l2', 'solver': 'newton-cg'}",,,,,,,,109,,,,,,,,109,,,,,,,,109,,,,,,,,109,,,,,,,,109,,,,,,,,109,,,,,,,,109,,,,,,,,109,,,,,,,,109
365,0.0017255306243896484,0.0003967156087169673,0.0,0.0,7,True,True,500,-1,l2,lbfgs,"{'C': 7, 'dual': True, 'fit_intercept': True, 'max_iter': 500, 'n_jobs': -1, 'penalty': 'l2', 'solver': 'lbfgs'}",,,,,,,,109,,,,,,,,109,,,,,,,,109,,,,,,,,109,,,,,,,,109,,,,,,,,109,,,,,,,,109,,,,,,,,109,,,,,,,,109
309,0.0020856380462646483,0.000582448857412661,0.0,0.0,6,True,True,500,-1,l2,saga,"{'C': 6, 'dual': True, 'fit_intercept': True, 'max_iter': 500, 'n_jobs': -1, 'penalty': 'l2', 'solver': 'saga'}",,,,,,,,109,,,,,,,,109,,,,,,,,109,,,,,,,,109,,,,,,,,109,,,,,,,,109,,,,,,,,109,,,,,,,,109,,,,,,,,109
363,0.0016451835632324218,0.00037980085936867286,0.0,0.0,7,True,True,500,-1,l1,sag,"{'C': 7, 'dual': True, 'fit_intercept': True, 'max_iter': 500, 'n_jobs': -1, 'penalty': 'l1', 'solver': 'sag'}",,,,,,,,109,,,,,,,,109,,,,,,,,109,,,,,,,,109,,,,,,,,109,,,,,,,,109,,,,,,,,109,,,,,,,,109,,,,,,,,109
322,0.002039813995361328,8.09003951818765e-05,0.0,0.0,6,True,False,500,-1,l2,newton-cholesky,"{'C': 6, 'dual': True, 'fit_intercept': False, 'max_iter': 500, 'n_jobs': -1, 'penalty': 'l2', 'solver': 'newton-cholesky'}",,,,,,,,109,,,,,,,,109,,,,,,,,109,,,,,,,,109,,,,,,,,109,,,,,,,,109,,,,,,,,109,,,,,,,,109,,,,,,,,109
323,0.001810598373413086,0.0003960229888538544,0.0,0.0,6,True,False,500,-1,l2,sag,"{'C': 6, 'dual': True, 'fit_intercept': False, 'max_iter': 500, 'n_jobs': -1, 'penalty': 'l2', 'solver': 'sag'}",,,,,,,,109,,,,,,,,109,,,,,,,,109,,,,,,,,109,,,,,,,,109,,,,,,,,109,,,,,,,,109,,,,,,,,109,,,,,,,,109
324,0.002178049087524414,0.0004564322689857943,0.0,0.0,6,True,False,500,-1,l2,saga,"{'C': 6, 'dual': True, 'fit_intercept': False, 'max_iter': 500, 'n_jobs': -1, 'penalty': 'l2', 'solver': 'saga'}",,,,,,,,109,,,,,,,,109,,,,,,,,109,,,,,,,,109,,,,,,,,109,,,,,,,,109,,,,,,,,109,,,,,,,,109,,,,,,,,109
388,0.0022249698638916017,0.0007754591081207916,0.0,0.0,7,True,False,500,-1,elasticnet,sag,"{'C': 7, 'dual': True, 'fit_intercept': False, 'max_iter': 500, 'n_jobs': -1, 'penalty': 'elasticnet', 'solver': 'sag'}",,,,,,,,109,,,,,,,,109,,,,,,,,109,,,,,,,,109,,,,,,,,109,,,,,,,,109,,,,,,,,109,,,,,,,,109,,,,,,,,109
348,0.0021581172943115233,0.00035528020863002626,0.0,0.0,6,False,False,500,-1,l1,sag,"{'C': 6, 'dual': False, 'fit_intercept': False, 'max_iter': 500, 'n_jobs': -1, 'penalty': 'l1', 'solver': 'sag'}",,,,,,,,109,,,,,,,,109,,,,,,,,109,,,,,,,,109,,,,,,,,109,,,,,,,,109,,,,,,,,109,,,,,,,,109,,,,,,,,109
347,0.0018503665924072266,0.0004354494055548466,0.0,0.0,6,False,False,500,-1,l1,newton-cholesky,"{'C': 6, 'dual': False, 'fit_intercept': False, 'max_iter': 500, 'n_jobs': -1, 'penalty': 'l1', 'solver': 'newton-cholesky'}",,,,,,,,109,,,,,,,,109,,,,,,,,109,,,,,,,,109,,,,,,,,109,,,,,,,,109,,,,,,,,109,,,,,,,,109,,,,,,,,109
346,0.0020959854125976564,0.0007342980644501587,0.0,0.0,6,False,False,500,-1,l1,newton-cg,"{'C': 6, 'dual': False, 'fit_intercept': False, 'max_iter': 500, 'n_jobs': -1, 'penalty': 'l1', 'solver': 'newton-cg'}",,,,,,,,109,,,,,,,,109,,,,,,,,109,,,,,,,,109,,,,,,,,109,,,,,,,,109,,,,,,,,109,,,,,,,,109,,,,,,,,109
345,0.00181121826171875,0.00027392264889379206,0.0,0.0,6,False,False,500,-1,l1,lbfgs,"{'C': 6, 'dual': False, 'fit_intercept': False, 'max_iter': 500, 'n_jobs': -1, 'penalty': 'l1', 'solver': 'lbfgs'}",,,,,,,,109,,,,,,,,109,,,,,,,,109,,,,,,,,109,,,,,,,,109,,,,,,,,109,,,,,,,,109,,,,,,,,109,,,,,,,,109
344,0.00200958251953125,0.0011491270113551412,0.0,0.0,6,False,True,500,-1,elasticnet,saga,"{'C': 6, 'dual': False, 'fit_intercept': True, 'max_iter': 500, 'n_jobs': -1, 'penalty': 'elasticnet', 'solver': 'saga'}",,,,,,,,109,,,,,,,,109,,,,,,,,109,,,,,,,,109,,,,,,,,109,,,,,,,,109,,,,,,,,109,,,,,,,,109,,,,,,,,109
321,0.002316570281982422,0.0005128811486316326,0.0,0.0,6,True,False,500,-1,l2,newton-cg,"{'C': 6, 'dual': True, 'fit_intercept': False, 'max_iter': 500, 'n_jobs': -1, 'penalty': 'l2', 'solver': 'newton-cg'}",,,,,,,,109,,,,,,,,109,,,,,,,,109,,,,,,,,109,,,,,,,,109,,,,,,,,109,,,,,,,,109,,,,,,,,109,,,,,,,,109
343,0.001564359664916992,0.0003315648220091485,0.0,0.0,6,False,True,500,-1,elasticnet,sag,"{'C': 6, 'dual': False, 'fit_intercept': True, 'max_iter': 500, 'n_jobs': -1, 'penalty': 'elasticnet', 'solver': 'sag'}",,,,,,,,109,,,,,,,,109,,,,,,,,109,,,,,,,,109,,,,,,,,109,,,,,,,,109,,,,,,,,109,,,,,,,,109,,,,,,,,109
341,0.0023485660552978516,0.0005363215120868074,0.0,0.0,6,False,True,500,-1,elasticnet,newton-cg,"{'C': 6, 'dual': False, 'fit_intercept': True, 'max_iter': 500, 'n_jobs': -1, 'penalty': 'elasticnet', 'solver': 'newton-cg'}",,,,,,,,109,,,,,,,,109,,,,,,,,109,,,,,,,,109,,,,,,,,109,,,,,,,,109,,,,,,,,109,,,,,,,,109,,,,,,,,109
325,0.0020433902740478516,0.00019000872433653853,0.0,0.0,6,True,False,500,-1,elasticnet,lbfgs,"{'C': 6, 'dual': True, 'fit_intercept': False, 'max_iter': 500, 'n_jobs': -1, 'penalty': 'elasticnet', 'solver': 'lbfgs'}",,,,,,,,109,,,,,,,,109,,,,,,,,109,,,,,,,,109,,,,,,,,109,,,,,,,,109,,,,,,,,109,,,,,,,,109,,,,,,,,109
326,0.0021626949310302734,0.0003323220095187426,0.0,0.0,6,True,False,500,-1,elasticnet,newton-cg,"{'C': 6, 'dual': True, 'fit_intercept': False, 'max_iter': 500, 'n_jobs': -1, 'penalty': 'elasticnet', 'solver': 'newton-cg'}",,,,,,,,109,,,,,,,,109,,,,,,,,109,,,,,,,,109,,,,,,,,109,,,,,,,,109,,,,,,,,109,,,,,,,,109,,,,,,,,109
327,0.001978349685668945,0.00030828890065755726,0.0,0.0,6,True,False,500,-1,elasticnet,newton-cholesky,"{'C': 6, 'dual': True, 'fit_intercept': False, 'max_iter': 500, 'n_jobs': -1, 'penalty': 'elasticnet', 'solver': 'newton-cholesky'}",,,,,,,,109,,,,,,,,109,,,,,,,,109,,,,,,,,109,,,,,,,,109,,,,,,,,109,,,,,,,,109,,,,,,,,109,,,,,,,,109
328,0.0022418975830078127,0.00016782835025841355,0.0,0.0,6,True,False,500,-1,elasticnet,sag,"{'C': 6, 'dual': True, 'fit_intercept': False, 'max_iter': 500, 'n_jobs': -1, 'penalty': 'elasticnet', 'solver': 'sag'}",,,,,,,,109,,,,,,,,109,,,,,,,,109,,,,,,,,109,,,,,,,,109,,,,,,,,109,,,,,,,,109,,,,,,,,109,,,,,,,,109
340,0.0014854907989501954,0.0004113842659043471,0.0,0.0,6,False,True,500,-1,elasticnet,lbfgs,"{'C': 6, 'dual': False, 'fit_intercept': True, 'max_iter': 500, 'n_jobs': -1, 'penalty': 'elasticnet', 'solver': 'lbfgs'}",,,,,,,,109,,,,,,,,109,,,,,,,,109,,,,,,,,109,,,,,,,,109,,,,,,,,109,,,,,,,,109,,,,,,,,109,,,,,,,,109
329,0.001512908935546875,0.0004470551066571075,0.0,0.0,6,True,False,500,-1,elasticnet,saga,"{'C': 6, 'dual': True, 'fit_intercept': False, 'max_iter': 500, 'n_jobs': -1, 'penalty': 'elasticnet', 'solver': 'saga'}",,,,,,,,109,,,,,,,,109,,,,,,,,109,,,,,,,,109,,,,,,,,109,,,,,,,,109,,,,,,,,109,,,,,,,,109,,,,,,,,109
330,0.0019014835357666015,0.0004727637011970591,0.0,0.0,6,False,True,500,-1,l1,lbfgs,"{'C': 6, 'dual': False, 'fit_intercept': True, 'max_iter': 500, 'n_jobs': -1, 'penalty': 'l1', 'solver': 'lbfgs'}",,,,,,,,109,,,,,,,,109,,,,,,,,109,,,,,,,,109,,,,,,,,109,,,,,,,,109,,,,,,,,109,,,,,,,,109,,,,,,,,109
331,0.0020112514495849608,0.0003787594838502187,0.0,0.0,6,False,True,500,-1,l1,newton-cg,"{'C': 6, 'dual': False, 'fit_intercept': True, 'max_iter': 500, 'n_jobs': -1, 'penalty': 'l1', 'solver': 'newton-cg'}",,,,,,,,109,,,,,,,,109,,,,,,,,109,,,,,,,,109,,,,,,,,109,,,,,,,,109,,,,,,,,109,,,,,,,,109,,,,,,,,109
342,0.002256965637207031,0.00037841971122048275,0.0,0.0,6,False,True,500,-1,elasticnet,newton-cholesky,"{'C': 6, 'dual': False, 'fit_intercept': True, 'max_iter': 500, 'n_jobs': -1, 'penalty': 'elasticnet', 'solver': 'newton-cholesky'}",,,,,,,,109,,,,,,,,109,,,,,,,,109,,,,,,,,109,,,,,,,,109,,,,,,,,109,,,,,,,,109,,,,,,,,109,,,,,,,,109
320,0.0026635646820068358,0.0025110691086873056,0.0,0.0,6,True,False,500,-1,l2,lbfgs,"{'C': 6, 'dual': True, 'fit_intercept': False, 'max_iter': 500, 'n_jobs': -1, 'penalty': 'l2', 'solver': 'lbfgs'}",,,,,,,,109,,,,,,,,109,,,,,,,,109,,,,,,,,109,,,,,,,,109,,,,,,,,109,,,,,,,,109,,,,,,,,109,,,,,,,,109
319,0.001268911361694336,0.0007391972689945488,0.0,0.0,6,True,False,500,-1,l1,saga,"{'C': 6, 'dual': True, 'fit_intercept': False, 'max_iter': 500, 'n_jobs': -1, 'penalty': 'l1', 'solver': 'saga'}",,,,,,,,109,,,,,,,,109,,,,,,,,109,,,,,,,,109,,,,,,,,109,,,,,,,,109,,,,,,,,109,,,,,,,,109,,,,,,,,109
318,0.0016457080841064454,0.0004150199425549729,0.0,0.0,6,True,False,500,-1,l1,sag,"{'C': 6, 'dual': True, 'fit_intercept': False, 'max_iter': 500, 'n_jobs': -1, 'penalty': 'l1', 'solver': 'sag'}",,,,,,,,109,,,,,,,,109,,,,,,,,109,,,,,,,,109,,,,,,,,109,,,,,,,,109,,,,,,,,109,,,,,,,,109,,,,,,,,109
362,0.001420450210571289,0.0004966202665532286,0.0,0.0,7,True,True,500,-1,l1,newton-cholesky,"{'C': 7, 'dual': True, 'fit_intercept': True, 'max_iter': 500, 'n_jobs': -1, 'penalty': 'l1', 'solver': 'newton-cholesky'}",,,,,,,,109,,,,,,,,109,,,,,,,,109,,,,,,,,109,,,,,,,,109,,,,,,,,109,,,,,,,,109,,,,,,,,109,,,,,,,,109
361,0.002155017852783203,0.0004134379011332924,0.0,0.0,7,True,True,500,-1,l1,newton-cg,"{'C': 7, 'dual': True, 'fit_intercept': True, 'max_iter': 500, 'n_jobs': -1, 'penalty': 'l1', 'solver': 'newton-cg'}",,,,,,,,109,,,,,,,,109,,,,,,,,109,,,,,,,,109,,,,,,,,109,,,,,,,,109,,,,,,,,109,,,,,,,,109,,,,,,,,109
305,0.0010398387908935546,0.00041282581723371805,0.0,0.0,6,True,True,500,-1,l2,lbfgs,"{'C': 6, 'dual': True, 'fit_intercept': True, 'max_iter': 500, 'n_jobs': -1, 'penalty': 'l2', 'solver': 'lbfgs'}",,,,,,,,109,,,,,,,,109,,,,,,,,109,,,,,,,,109,,,,,,,,109,,,,,,,,109,,,,,,,,109,,,,,,,,109,,,,,,,,109
306,0.001831388473510742,0.0005469520003210065,0.0,0.0,6,True,True,500,-1,l2,newton-cg,"{'C': 6, 'dual': True, 'fit_intercept': True, 'max_iter': 500, 'n_jobs': -1, 'penalty': 'l2', 'solver': 'newton-cg'}",,,,,,,,109,,,,,,,,109,,,,,,,,109,,,,,,,,109,,,,,,,,109,,,,,,,,109,,,,,,,,109,,,,,,,,109,,,,,,,,109
307,0.002013969421386719,0.0002828651477234031,0.0,0.0,6,True,True,500,-1,l2,newton-cholesky,"{'C': 6, 'dual': True, 'fit_intercept': True, 'max_iter': 500, 'n_jobs': -1, 'penalty': 'l2', 'solver': 'newton-cholesky'}",,,,,,,,109,,,,,,,,109,,,,,,,,109,,,,,,,,109,,,,,,,,109,,,,,,,,109,,,,,,,,109,,,,,,,,109,,,,,,,,109
308,0.0018367290496826172,0.00021938973470103513,0.0,0.0,6,True,True,500,-1,l2,sag,"{'C': 6, 'dual': True, 'fit_intercept': True, 'max_iter': 500, 'n_jobs': -1, 'penalty': 'l2', 'solver': 'sag'}",,,,,,,,109,,,,,,,,109,,,,,,,,109,,,,,,,,109,,,,,,,,109,,,,,,,,109,,,,,,,,109,,,,,,,,109,,,,,,,,109
333,0.0019082069396972657,0.0005930494416323239,0.0,0.0,6,False,True,500,-1,l1,sag,"{'C': 6, 'dual': False, 'fit_intercept': True, 'max_iter': 500, 'n_jobs': -1, 'penalty': 'l1', 'solver': 'sag'}",,,,,,,,109,,,,,,,,109,,,,,,,,109,,,,,,,,109,,,,,,,,109,,,,,,,,109,,,,,,,,109,,,,,,,,109,,,,,,,,109
310,0.001506948471069336,0.0005468425120089826,0.0,0.0,6,True,True,500,-1,elasticnet,lbfgs,"{'C': 6, 'dual': True, 'fit_intercept': True, 'max_iter': 500, 'n_jobs': -1, 'penalty': 'elasticnet', 'solver': 'lbfgs'}",,,,,,,,109,,,,,,,,109,,,,,,,,109,,,,,,,,109,,,,,,,,109,,,,,,,,109,,,,,,,,109,,,,,,,,109,,,,,,,,109
360,0.002198600769042969,0.0001944667742870036,0.0,0.0,7,True,True,500,-1,l1,lbfgs,"{'C': 7, 'dual': True, 'fit_intercept': True, 'max_iter': 500, 'n_jobs': -1, 'penalty': 'l1', 'solver': 'lbfgs'}",,,,,,,,109,,,,,,,,109,,,,,,,,109,,,,,,,,109,,,,,,,,109,,,,,,,,109,,,,,,,,109,,,,,,,,109,,,,,,,,109
359,0.0023166179656982423,0.0005193212583718878,0.0,0.0,6,False,False,500,-1,elasticnet,saga,"{'C': 6, 'dual': False, 'fit_intercept': False, 'max_iter': 500, 'n_jobs': -1, 'penalty': 'elasticnet', 'solver': 'saga'}",,,,,,,,109,,,,,,,,109,,,,,,,,109,,,,,,,,109,,,,,,,,109,,,,,,,,109,,,,,,,,109,,,,,,,,109,,,,,,,,109
358,0.002357339859008789,0.0005100778500284493,0.0,0.0,6,False,False,500,-1,elasticnet,sag,"{'C': 6, 'dual': False, 'fit_intercept': False, 'max_iter': 500, 'n_jobs': -1, 'penalty': 'elasticnet', 'solver': 'sag'}",,,,,,,,109,,,,,,,,109,,,,,,,,109,,,,,,,,109,,,,,,,,109,,,,,,,,109,,,,,,,,109,,,,,,,,109,,,,,,,,109
357,0.001799297332763672,0.00037186993162309517,0.0,0.0,6,False,False,500,-1,elasticnet,newton-cholesky,"{'C': 6, 'dual': False, 'fit_intercept': False, 'max_iter': 500, 'n_jobs': -1, 'penalty': 'elasticnet', 'solver': 'newton-cholesky'}",,,,,,,,109,,,,,,,,109,,,,,,,,109,,,,,,,,109,,,,,,,,109,,,,,,,,109,,,,,,,,109,,,,,,,,109,,,,,,,,109
356,0.0019225597381591797,0.0005848252406741856,0.0,0.0,6,False,False,500,-1,elasticnet,newton-cg,"{'C': 6, 'dual': False, 'fit_intercept': False, 'max_iter': 500, 'n_jobs': -1, 'penalty': 'elasticnet', 'solver': 'newton-cg'}",,,,,,,,109,,,,,,,,109,,,,,,,,109,,,,,,,,109,,,,,,,,109,,,,,,,,109,,,,,,,,109,,,,,,,,109,,,,,,,,109
355,0.0019845485687255858,0.0005783825081959258,0.0,0.0,6,False,False,500,-1,elasticnet,lbfgs,"{'C': 6, 'dual': False, 'fit_intercept': False, 'max_iter': 500, 'n_jobs': -1, 'penalty': 'elasticnet', 'solver': 'lbfgs'}",,,,,,,,109,,,,,,,,109,,,,,,,,109,,,,,,,,109,,,,,,,,109,,,,,,,,109,,,,,,,,109,,,,,,,,109,,,,,,,,109
311,0.0017366409301757812,0.00042209640327102715,0.0,0.0,6,True,True,500,-1,elasticnet,newton-cg,"{'C': 6, 'dual': True, 'fit_intercept': True, 'max_iter': 500, 'n_jobs': -1, 'penalty': 'elasticnet', 'solver': 'newton-cg'}",,,,,,,,109,,,,,,,,109,,,,,,,,109,,,,,,,,109,,,,,,,,109,,,,,,,,109,,,,,,,,109,,,,,,,,109,,,,,,,,109
312,0.0016954898834228515,0.000411947858873551,0.0,0.0,6,True,True,500,-1,elasticnet,newton-cholesky,"{'C': 6, 'dual': True, 'fit_intercept': True, 'max_iter': 500, 'n_jobs': -1, 'penalty': 'elasticnet', 'solver': 'newton-cholesky'}",,,,,,,,109,,,,,,,,109,,,,,,,,109,,,,,,,,109,,,,,,,,109,,,,,,,,109,,,,,,,,109,,,,,,,,109,,,,,,,,109
313,0.0012964248657226563,0.00018985908433661496,0.0,0.0,6,True,True,500,-1,elasticnet,sag,"{'C': 6, 'dual': True, 'fit_intercept': True, 'max_iter': 500, 'n_jobs': -1, 'penalty': 'elasticnet', 'solver': 'sag'}",,,,,,,,109,,,,,,,,109,,,,,,,,109,,,,,,,,109,,,,,,,,109,,,,,,,,109,,,,,,,,109,,,,,,,,109,,,,,,,,109
314,0.001933908462524414,0.0005816184093804745,0.0,0.0,6,True,True,500,-1,elasticnet,saga,"{'C': 6, 'dual': True, 'fit_intercept': True, 'max_iter': 500, 'n_jobs': -1, 'penalty': 'elasticnet', 'solver': 'saga'}",,,,,,,,109,,,,,,,,109,,,,,,,,109,,,,,,,,109,,,,,,,,109,,,,,,,,109,,,,,,,,109,,,,,,,,109,,,,,,,,109
315,0.001647615432739258,0.00018662206321734106,0.0,0.0,6,True,False,500,-1,l1,lbfgs,"{'C': 6, 'dual': True, 'fit_intercept': False, 'max_iter': 500, 'n_jobs': -1, 'penalty': 'l1', 'solver': 'lbfgs'}",,,,,,,,109,,,,,,,,109,,,,,,,,109,,,,,,,,109,,,,,,,,109,,,,,,,,109,,,,,,,,109,,,,,,,,109,,,,,,,,109
316,0.001981210708618164,0.0002467024493344996,0.0,0.0,6,True,False,500,-1,l1,newton-cg,"{'C': 6, 'dual': True, 'fit_intercept': False, 'max_iter': 500, 'n_jobs': -1, 'penalty': 'l1', 'solver': 'newton-cg'}",,,,,,,,109,,,,,,,,109,,,,,,,,109,,,,,,,,109,,,,,,,,109,,,,,,,,109,,,,,,,,109,,,,,,,,109,,,,,,,,109
317,0.001817941665649414,0.0003189671356774432,0.0,0.0,6,True,False,500,-1,l1,newton-cholesky,"{'C': 6, 'dual': True, 'fit_intercept': False, 'max_iter': 500, 'n_jobs': -1, 'penalty': 'l1', 'solver': 'newton-cholesky'}",,,,,,,,109,,,,,,,,109,,,,,,,,109,,,,,,,,109,,,,,,,,109,,,,,,,,109,,,,,,,,109,,,,,,,,109,,,,,,,,109
364,0.0019283294677734375,0.0005904001979205897,0.0,0.0,7,True,True,500,-1,l1,saga,"{'C': 7, 'dual': True, 'fit_intercept': True, 'max_iter': 500, 'n_jobs': -1, 'penalty': 'l1', 'solver': 'saga'}",,,,,,,,109,,,,,,,,109,,,,,,,,109,,,,,,,,109,,,,,,,,109,,,,,,,,109,,,,,,,,109,,,,,,,,109,,,,,,,,109
389,0.001509857177734375,0.0003119457026768585,0.0,0.0,7,True,False,500,-1,elasticnet,saga,"{'C': 7, 'dual': True, 'fit_intercept': False, 'max_iter': 500, 'n_jobs': -1, 'penalty': 'elasticnet', 'solver': 'saga'}",,,,,,,,109,,,,,,,,109,,,,,,,,109,,,,,,,,109,,,,,,,,109,,,,,,,,109,,,,,,,,109,,,,,,,,109,,,,,,,,109
0,0.0025665760040283203,0.0002558066255231723,0.0,0.0,1,True,True,500,-1,l1,lbfgs,"{'C': 1, 'dual': True, 'fit_intercept': True, 'max_iter': 500, 'n_jobs': -1, 'penalty': 'l1', 'solver': 'lbfgs'}",,,,,,,,109,,,,,,,,109,,,,,,,,109,,,,,,,,109,,,,,,,,109,,,,,,,,109,,,,,,,,109,,,,,,,,109,,,,,,,,109
391,0.0017481327056884765,0.0005433164563798386,0.0,0.0,7,False,True,500,-1,l1,newton-cg,"{'C': 7, 'dual': False, 'fit_intercept': True, 'max_iter': 500, 'n_jobs': -1, 'penalty': 'l1', 'solver': 'newton-cg'}",,,,,,,,109,,,,,,,,109,,,,,,,,109,,,,,,,,109,,,,,,,,109,,,,,,,,109,,,,,,,,109,,,,,,,,109,,,,,,,,109
496,0.0017323970794677734,0.00038987415625290245,0.0,0.0,9,True,False,500,-1,l1,newton-cg,"{'C': 9, 'dual': True, 'fit_intercept': False, 'max_iter': 500, 'n_jobs': -1, 'penalty': 'l1', 'solver': 'newton-cg'}",,,,,,,,109,,,,,,,,109,,,,,,,,109,,,,,,,,109,,,,,,,,109,,,,,,,,109,,,,,,,,109,,,,,,,,109,,,,,,,,109
495,0.0012878894805908204,0.0006423343324821161,0.0,0.0,9,True,False,500,-1,l1,lbfgs,"{'C': 9, 'dual': True, 'fit_intercept': False, 'max_iter': 500, 'n_jobs': -1, 'penalty': 'l1', 'solver': 'lbfgs'}",,,,,,,,109,,,,,,,,109,,,,,,,,109,,,,,,,,109,,,,,,,,109,,,,,,,,109,,,,,,,,109,,,,,,,,109,,,,,,,,109
494,0.002045726776123047,0.0006964637664002438,0.0,0.0,9,True,True,500,-1,elasticnet,saga,"{'C': 9, 'dual': True, 'fit_intercept': True, 'max_iter': 500, 'n_jobs': -1, 'penalty': 'elasticnet', 'solver': 'saga'}",,,,,,,,109,,,,,,,,109,,,,,,,,109,,,,,,,,109,,,,,,,,109,,,,,,,,109,,,,,,,,109,,,,,,,,109,,,,,,,,109
493,0.002021646499633789,0.0003158165827030452,0.0,0.0,9,True,True,500,-1,elasticnet,sag,"{'C': 9, 'dual': True, 'fit_intercept': True, 'max_iter': 500, 'n_jobs': -1, 'penalty': 'elasticnet', 'solver': 'sag'}",,,,,,,,109,,,,,,,,109,,,,,,,,109,,,,,,,,109,,,,,,,,109,,,,,,,,109,,,,,,,,109,,,,,,,,109,,,,,,,,109
492,0.002160930633544922,0.0003138309688645103,0.0,0.0,9,True,True,500,-1,elasticnet,newton-cholesky,"{'C': 9, 'dual': True, 'fit_intercept': True, 'max_iter': 500, 'n_jobs': -1, 'penalty': 'elasticnet', 'solver': 'newton-cholesky'}",,,,,,,,109,,,,,,,,109,,,,,,,,109,,,,,,,,109,,,,,,,,109,,,,,,,,109,,,,,,,,109,,,,,,,,109,,,,,,,,109
491,0.001970720291137695,0.0003281941820800299,0.0,0.0,9,True,True,500,-1,elasticnet,newton-cg,"{'C': 9, 'dual': True, 'fit_intercept': True, 'max_iter': 500, 'n_jobs': -1, 'penalty': 'elasticnet', 'solver': 'newton-cg'}",,,,,,,,109,,,,,,,,109,,,,,,,,109,,,,,,,,109,,,,,,,,109,,,,,,,,109,,,,,,,,109,,,,,,,,109,,,,,,,,109
490,0.0021432876586914063,0.0005319628889799389,0.0,0.0,9,True,True,500,-1,elasticnet,lbfgs,"{'C': 9, 'dual': True, 'fit_intercept': True, 'max_iter': 500, 'n_jobs': -1, 'penalty': 'elasticnet', 'solver': 'lbfgs'}",,,,,,,,109,,,,,,,,109,,,,,,,,109,,,,,,,,109,,,,,,,,109,,,,,,,,109,,,,,,,,109,,,,,,,,109,,,,,,,,109
489,0.0018297195434570312,0.0007004847016077959,0.0,0.0,9,True,True,500,-1,l2,saga,"{'C': 9, 'dual': True, 'fit_intercept': True, 'max_iter': 500, 'n_jobs': -1, 'penalty': 'l2', 'solver': 'saga'}",,,,,,,,109,,,,,,,,109,,,,,,,,109,,,,,,,,109,,,,,,,,109,,,,,,,,109,,,,,,,,109,,,,,,,,109,,,,,,,,109
488,0.0015384674072265625,0.0003240152313800607,0.0,0.0,9,True,True,500,-1,l2,sag,"{'C': 9, 'dual': True, 'fit_intercept': True, 'max_iter': 500, 'n_jobs': -1, 'penalty': 'l2', 'solver': 'sag'}",,,,,,,,109,,,,,,,,109,,,,,,,,109,,,,,,,,109,,,,,,,,109,,,,,,,,109,,,,,,,,109,,,,,,,,109,,,,,,,,109
487,0.002116966247558594,0.0008048869336265098,0.0,0.0,9,True,True,500,-1,l2,newton-cholesky,"{'C': 9, 'dual': True, 'fit_intercept': True, 'max_iter': 500, 'n_jobs': -1, 'penalty': 'l2', 'solver': 'newton-cholesky'}",,,,,,,,109,,,,,,,,109,,,,,,,,109,,,,,,,,109,,,,,,,,109,,,,,,,,109,,,,,,,,109,,,,,,,,109,,,,,,,,109
486,0.0019050121307373046,0.00019732662387355538,0.0,0.0,9,True,True,500,-1,l2,newton-cg,"{'C': 9, 'dual': True, 'fit_intercept': True, 'max_iter': 500, 'n_jobs': -1, 'penalty': 'l2', 'solver': 'newton-cg'}",,,,,,,,109,,,,,,,,109,,,,,,,,109,,,,,,,,109,,,,,,,,109,,,,,,,,109,,,,,,,,109,,,,,,,,109,,,,,,,,109
497,0.0020256996154785155,4.601826926372408e-05,0.0,0.0,9,True,False,500,-1,l1,newton-cholesky,"{'C': 9, 'dual': True, 'fit_intercept': False, 'max_iter': 500, 'n_jobs': -1, 'penalty': 'l1', 'solver': 'newton-cholesky'}",,,,,,,,109,,,,,,,,109,,,,,,,,109,,,,,,,,109,,,,,,,,109,,,,,,,,109,,,,,,,,109,,,,,,,,109,,,,,,,,109
485,0.0021485805511474608,0.00020852751342978034,0.0,0.0,9,True,True,500,-1,l2,lbfgs,"{'C': 9, 'dual': True, 'fit_intercept': True, 'max_iter': 500, 'n_jobs': -1, 'penalty': 'l2', 'solver': 'lbfgs'}",,,,,,,,109,,,,,,,,109,,,,,,,,109,,,,,,,,109,,,,,,,,109,,,,,,,,109,,,,,,,,109,,,,,,,,109,,,,,,,,109
483,0.0021982669830322267,0.0006769356103238794,0.0,0.0,9,True,True,500,-1,l1,sag,"{'C': 9, 'dual': True, 'fit_intercept': True, 'max_iter': 500, 'n_jobs': -1, 'penalty': 'l1', 'solver': 'sag'}",,,,,,,,109,,,,,,,,109,,,,,,,,109,,,,,,,,109,,,,,,,,109,,,,,,,,109,,,,,,,,109,,,,,,,,109,,,,,,,,109
482,0.0023437976837158204,0.000627222988382197,0.0,0.0,9,True,True,500,-1,l1,newton-cholesky,"{'C': 9, 'dual': True, 'fit_intercept': True, 'max_iter': 500, 'n_jobs': -1, 'penalty': 'l1', 'solver': 'newton-cholesky'}",,,,,,,,109,,,,,,,,109,,,,,,,,109,,,,,,,,109,,,,,,,,109,,,,,,,,109,,,,,,,,109,,,,,,,,109,,,,,,,,109
481,0.0017864227294921875,0.0003655288038033055,0.0,0.0,9,True,True,500,-1,l1,newton-cg,"{'C': 9, 'dual': True, 'fit_intercept': True, 'max_iter': 500, 'n_jobs': -1, 'penalty': 'l1', 'solver': 'newton-cg'}",,,,,,,,109,,,,,,,,109,,,,,,,,109,,,,,,,,109,,,,,,,,109,,,,,,,,109,,,,,,,,109,,,,,,,,109,,,,,,,,109
480,0.0020097732543945313,0.00026679601910527235,0.0,0.0,9,True,True,500,-1,l1,lbfgs,"{'C': 9, 'dual': True, 'fit_intercept': True, 'max_iter': 500, 'n_jobs': -1, 'penalty': 'l1', 'solver': 'lbfgs'}",,,,,,,,109,,,,,,,,109,,,,,,,,109,,,,,,,,109,,,,,,,,109,,,,,,,,109,,,,,,,,109,,,,,,,,109,,,,,,,,109
479,0.0019916534423828126,0.00043223694784052895,0.0,0.0,8,False,False,500,-1,elasticnet,saga,"{'C': 8, 'dual': False, 'fit_intercept': False, 'max_iter': 500, 'n_jobs': -1, 'penalty': 'elasticnet', 'solver': 'saga'}",,,,,,,,109,,,,,,,,109,,,,,,,,109,,,,,,,,109,,,,,,,,109,,,,,,,,109,,,,,,,,109,,,,,,,,109,,,,,,,,109
478,0.0015159130096435546,0.00031627223020277935,0.0,0.0,8,False,False,500,-1,elasticnet,sag,"{'C': 8, 'dual': False, 'fit_intercept': False, 'max_iter': 500, 'n_jobs': -1, 'penalty': 'elasticnet', 'solver': 'sag'}",,,,,,,,109,,,,,,,,109,,,,,,,,109,,,,,,,,109,,,,,,,,109,,,,,,,,109,,,,,,,,109,,,,,,,,109,,,,,,,,109
477,0.001678323745727539,0.0006085482907445408,0.0,0.0,8,False,False,500,-1,elasticnet,newton-cholesky,"{'C': 8, 'dual': False, 'fit_intercept': False, 'max_iter': 500, 'n_jobs': -1, 'penalty': 'elasticnet', 'solver': 'newton-cholesky'}",,,,,,,,109,,,,,,,,109,,,,,,,,109,,,,,,,,109,,,,,,,,109,,,,,,,,109,,,,,,,,109,,,,,,,,109,,,,,,,,109
476,0.0019876956939697266,0.00031740209745541385,0.0,0.0,8,False,False,500,-1,elasticnet,newton-cg,"{'C': 8, 'dual': False, 'fit_intercept': False, 'max_iter': 500, 'n_jobs': -1, 'penalty': 'elasticnet', 'solver': 'newton-cg'}",,,,,,,,109,,,,,,,,109,,,,,,,,109,,,,,,,,109,,,,,,,,109,,,,,,,,109,,,,,,,,109,,,,,,,,109,,,,,,,,109
475,0.0020705223083496093,0.0006873312413534253,0.0,0.0,8,False,False,500,-1,elasticnet,lbfgs,"{'C': 8, 'dual': False, 'fit_intercept': False, 'max_iter': 500, 'n_jobs': -1, 'penalty': 'elasticnet', 'solver': 'lbfgs'}",,,,,,,,109,,,,,,,,109,,,,,,,,109,,,,,,,,109,,,,,,,,109,,,,,,,,109,,,,,,,,109,,,,,,,,109,,,,,,,,109
468,0.002557182312011719,0.0005211331595809232,0.0,0.0,8,False,False,500,-1,l1,sag,"{'C': 8, 'dual': False, 'fit_intercept': False, 'max_iter': 500, 'n_jobs': -1, 'penalty': 'l1', 'solver': 'sag'}",,,,,,,,109,,,,,,,,109,,,,,,,,109,,,,,,,,109,,,,,,,,109,,,,,,,,109,,,,,,,,109,,,,,,,,109,,,,,,,,109
467,0.00187530517578125,0.0005214614857141184,0.0,0.0,8,False,False,500,-1,l1,newton-cholesky,"{'C': 8, 'dual': False, 'fit_intercept': False, 'max_iter': 500, 'n_jobs': -1, 'penalty': 'l1', 'solver': 'newton-cholesky'}",,,,,,,,109,,,,,,,,109,,,,,,,,109,,,,,,,,109,,,,,,,,109,,,,,,,,109,,,,,,,,109,,,,,,,,109,,,,,,,,109
484,0.002059268951416016,0.0005611801969146824,0.0,0.0,9,True,True,500,-1,l1,saga,"{'C': 9, 'dual': True, 'fit_intercept': True, 'max_iter': 500, 'n_jobs': -1, 'penalty': 'l1', 'solver': 'saga'}",,,,,,,,109,,,,,,,,109,,,,,,,,109,,,,,,,,109,,,,,,,,109,,,,,,,,109,,,,,,,,109,,,,,,,,109,,,,,,,,109
498,0.0025630950927734374,0.003380772602069337,0.0,0.0,9,True,False,500,-1,l1,sag,"{'C': 9, 'dual': True, 'fit_intercept': False, 'max_iter': 500, 'n_jobs': -1, 'penalty': 'l1', 'solver': 'sag'}",,,,,,,,109,,,,,,,,109,,,,,,,,109,,,,,,,,109,,,,,,,,109,,,,,,,,109,,,,,,,,109,,,,,,,,109,,,,,,,,109
499,0.0021971702575683595,0.0002333741893234216,0.0,0.0,9,True,False,500,-1,l1,saga,"{'C': 9, 'dual': True, 'fit_intercept': False, 'max_iter': 500, 'n_jobs': -1, 'penalty': 'l1', 'solver': 'saga'}",,,,,,,,109,,,,,,,,109,,,,,,,,109,,,,,,,,109,,,,,,,,109,,,,,,,,109,,,,,,,,109,,,,,,,,109,,,,,,,,109
500,0.0011026382446289063,0.0008009541407989877,0.0,0.0,9,True,False,500,-1,l2,lbfgs,"{'C': 9, 'dual': True, 'fit_intercept': False, 'max_iter': 500, 'n_jobs': -1, 'penalty': 'l2', 'solver': 'lbfgs'}",,,,,,,,109,,,,,,,,109,,,,,,,,109,,,,,,,,109,,,,,,,,109,,,,,,,,109,,,,,,,,109,,,,,,,,109,,,,,,,,109
537,0.0016733646392822266,0.0003828466895772322,0.0,0.0,9,False,False,500,-1,elasticnet,newton-cholesky,"{'C': 9, 'dual': False, 'fit_intercept': False, 'max_iter': 500, 'n_jobs': -1, 'penalty': 'elasticnet', 'solver': 'newton-cholesky'}",,,,,,,,109,,,,,,,,109,,,,,,,,109,,,,,,,,109,,,,,,,,109,,,,,,,,109,,,,,,,,109,,,,,,,,109,,,,,,,,109
536,0.00166778564453125,0.00021240408135530993,0.0,0.0,9,False,False,500,-1,elasticnet,newton-cg,"{'C': 9, 'dual': False, 'fit_intercept': False, 'max_iter': 500, 'n_jobs': -1, 'penalty': 'elasticnet', 'solver': 'newton-cg'}",,,,,,,,109,,,,,,,,109,,,,,,,,109,,,,,,,,109,,,,,,,,109,,,,,,,,109,,,,,,,,109,,,,,,,,109,,,,,,,,109
535,0.001739358901977539,0.000351481601963563,0.0,0.0,9,False,False,500,-1,elasticnet,lbfgs,"{'C': 9, 'dual': False, 'fit_intercept': False, 'max_iter': 500, 'n_jobs': -1, 'penalty': 'elasticnet', 'solver': 'lbfgs'}",,,,,,,,109,,,,,,,,109,,,,,,,,109,,,,,,,,109,,,,,,,,109,,,,,,,,109,,,,,,,,109,,,,,,,,109,,,,,,,,109
528,0.0023387908935546876,0.0007446184936854617,0.0,0.0,9,False,False,500,-1,l1,sag,"{'C': 9, 'dual': False, 'fit_intercept': False, 'max_iter': 500, 'n_jobs': -1, 'penalty': 'l1', 'solver': 'sag'}",,,,,,,,109,,,,,,,,109,,,,,,,,109,,,,,,,,109,,,,,,,,109,,,,,,,,109,,,,,,,,109,,,,,,,,109,,,,,,,,109
527,0.002201080322265625,0.0006611016086715593,0.0,0.0,9,False,False,500,-1,l1,newton-cholesky,"{'C': 9, 'dual': False, 'fit_intercept': False, 'max_iter': 500, 'n_jobs': -1, 'penalty': 'l1', 'solver': 'newton-cholesky'}",,,,,,,,109,,,,,,,,109,,,,,,,,109,,,,,,,,109,,,,,,,,109,,,,,,,,109,,,,,,,,109,,,,,,,,109,,,,,,,,109
526,0.002165079116821289,0.0004053824026284128,0.0,0.0,9,False,False,500,-1,l1,newton-cg,"{'C': 9, 'dual': False, 'fit_intercept': False, 'max_iter': 500, 'n_jobs': -1, 'penalty': 'l1', 'solver': 'newton-cg'}",,,,,,,,109,,,,,,,,109,,,,,,,,109,,,,,,,,109,,,,,,,,109,,,,,,,,109,,,,,,,,109,,,,,,,,109,,,,,,,,109
525,0.0019442081451416016,0.00012599266751769667,0.0,0.0,9,False,False,500,-1,l1,lbfgs,"{'C': 9, 'dual': False, 'fit_intercept': False, 'max_iter': 500, 'n_jobs': -1, 'penalty': 'l1', 'solver': 'lbfgs'}",,,,,,,,109,,,,,,,,109,,,,,,,,109,,,,,,,,109,,,,,,,,109,,,,,,,,109,,,,,,,,109,,,,,,,,109,,,,,,,,109
524,0.00213470458984375,0.0004870460484642567,0.0,0.0,9,False,True,500,-1,elasticnet,saga,"{'C': 9, 'dual': False, 'fit_intercept': True, 'max_iter': 500, 'n_jobs': -1, 'penalty': 'elasticnet', 'solver': 'saga'}",,,,,,,,109,,,,,,,,109,,,,,,,,109,,,,,,,,109,,,,,,,,109,,,,,,,,109,,,,,,,,109,,,,,,,,109,,,,,,,,109
523,0.002343559265136719,0.00036995568794144225,0.0,0.0,9,False,True,500,-1,elasticnet,sag,"{'C': 9, 'dual': False, 'fit_intercept': True, 'max_iter': 500, 'n_jobs': -1, 'penalty': 'elasticnet', 'solver': 'sag'}",,,,,,,,109,,,,,,,,109,,,,,,,,109,,,,,,,,109,,,,,,,,109,,,,,,,,109,,,,,,,,109,,,,,,,,109,,,,,,,,109
522,0.0023875713348388674,0.0005289668613519666,0.0,0.0,9,False,True,500,-1,elasticnet,newton-cholesky,"{'C': 9, 'dual': False, 'fit_intercept': True, 'max_iter': 500, 'n_jobs': -1, 'penalty': 'elasticnet', 'solver': 'newton-cholesky'}",,,,,,,,109,,,,,,,,109,,,,,,,,109,,,,,,,,109,,,,,,,,109,,,,,,,,109,,,,,,,,109,,,,,,,,109,,,,,,,,109
521,0.0022598743438720704,0.0007966474120366978,0.0,0.0,9,False,True,500,-1,elasticnet,newton-cg,"{'C': 9, 'dual': False, 'fit_intercept': True, 'max_iter': 500, 'n_jobs': -1, 'penalty': 'elasticnet', 'solver': 'newton-cg'}",,,,,,,,109,,,,,,,,109,,,,,,,,109,,,,,,,,109,,,,,,,,109,,,,,,,,109,,,,,,,,109,,,,,,,,109,,,,,,,,109
520,0.0028971195220947265,0.0015231963553509434,0.0,0.0,9,False,True,500,-1,elasticnet,lbfgs,"{'C': 9, 'dual': False, 'fit_intercept': True, 'max_iter': 500, 'n_jobs': -1, 'penalty': 'elasticnet', 'solver': 'lbfgs'}",,,,,,,,109,,,,,,,,109,,,,,,,,109,,,,,,,,109,,,,,,,,109,,,,,,,,109,,,,,,,,109,,,,,,,,109,,,,,,,,109
513,0.0017389774322509766,0.0004301248893533739,0.0,0.0,9,False,True,500,-1,l1,sag,"{'C': 9, 'dual': False, 'fit_intercept': True, 'max_iter': 500, 'n_jobs': -1, 'penalty': 'l1', 'solver': 'sag'}",,,,,,,,109,,,,,,,,109,,,,,,,,109,,,,,,,,109,,,,,,,,109,,,,,,,,109,,,,,,,,109,,,,,,,,109,,,,,,,,109
512,0.002107858657836914,0.00020512551364365792,0.0,0.0,9,False,True,500,-1,l1,newton-cholesky,"{'C': 9, 'dual': False, 'fit_intercept': True, 'max_iter': 500, 'n_jobs': -1, 'penalty': 'l1', 'solver': 'newton-cholesky'}",,,,,,,,109,,,,,,,,109,,,,,,,,109,,,,,,,,109,,,,,,,,109,,,,,,,,109,,,,,,,,109,,,,,,,,109,,,,,,,,109
511,0.0017483234405517578,0.0005081857198613404,0.0,0.0,9,False,True,500,-1,l1,newton-cg,"{'C': 9, 'dual': False, 'fit_intercept': True, 'max_iter': 500, 'n_jobs': -1, 'penalty': 'l1', 'solver': 'newton-cg'}",,,,,,,,109,,,,,,,,109,,,,,,,,109,,,,,,,,109,,,,,,,,109,,,,,,,,109,,,,,,,,109,,,,,,,,109,,,,,,,,109
510,0.003047800064086914,0.0011554794879568271,0.0,0.0,9,False,True,500,-1,l1,lbfgs,"{'C': 9, 'dual': False, 'fit_intercept': True, 'max_iter': 500, 'n_jobs': -1, 'penalty': 'l1', 'solver': 'lbfgs'}",,,,,,,,109,,,,,,,,109,,,,,,,,109,,,,,,,,109,,,,,,,,109,,,,,,,,109,,,,,,,,109,,,,,,,,109,,,,,,,,109
509,0.0026008129119873048,0.0011988272098766874,0.0,0.0,9,True,False,500,-1,elasticnet,saga,"{'C': 9, 'dual': True, 'fit_intercept': False, 'max_iter': 500, 'n_jobs': -1, 'penalty': 'elasticnet', 'solver': 'saga'}",,,,,,,,109,,,,,,,,109,,,,,,,,109,,,,,,,,109,,,,,,,,109,,,,,,,,109,,,,,,,,109,,,,,,,,109,,,,,,,,109
508,0.002509784698486328,0.0003080949049444499,0.0,0.0,9,True,False,500,-1,elasticnet,sag,"{'C': 9, 'dual': True, 'fit_intercept': False, 'max_iter': 500, 'n_jobs': -1, 'penalty': 'elasticnet', 'solver': 'sag'}",,,,,,,,109,,,,,,,,109,,,,,,,,109,,,,,,,,109,,,,,,,,109,,,,,,,,109,,,,,,,,109,,,,,,,,109,,,,,,,,109
507,0.003004646301269531,0.0022542363892247485,0.0,0.0,9,True,False,500,-1,elasticnet,newton-cholesky,"{'C': 9, 'dual': True, 'fit_intercept': False, 'max_iter': 500, 'n_jobs': -1, 'penalty': 'elasticnet', 'solver': 'newton-cholesky'}",,,,,,,,109,,,,,,,,109,,,,,,,,109,,,,,,,,109,,,,,,,,109,,,,,,,,109,,,,,,,,109,,,,,,,,109,,,,,,,,109
506,0.0019482135772705077,0.0006740546455838479,0.0,0.0,9,True,False,500,-1,elasticnet,newton-cg,"{'C': 9, 'dual': True, 'fit_intercept': False, 'max_iter': 500, 'n_jobs': -1, 'penalty': 'elasticnet', 'solver': 'newton-cg'}",,,,,,,,109,,,,,,,,109,,,,,,,,109,,,,,,,,109,,,,,,,,109,,,,,,,,109,,,,,,,,109,,,,,,,,109,,,,,,,,109
505,0.001714801788330078,0.0002924835560229519,0.0,0.0,9,True,False,500,-1,elasticnet,lbfgs,"{'C': 9, 'dual': True, 'fit_intercept': False, 'max_iter': 500, 'n_jobs': -1, 'penalty': 'elasticnet', 'solver': 'lbfgs'}",,,,,,,,109,,,,,,,,109,,,,,,,,109,,,,,,,,109,,,,,,,,109,,,,,,,,109,,,,,,,,109,,,,,,,,109,,,,,,,,109
504,0.002465963363647461,0.0026665772428398327,0.0,0.0,9,True,False,500,-1,l2,saga,"{'C': 9, 'dual': True, 'fit_intercept': False, 'max_iter': 500, 'n_jobs': -1, 'penalty': 'l2', 'solver': 'saga'}",,,,,,,,109,,,,,,,,109,,,,,,,,109,,,,,,,,109,,,,,,,,109,,,,,,,,109,,,,,,,,109,,,,,,,,109,,,,,,,,109
503,0.0019568920135498045,0.00023526733682445214,0.0,0.0,9,True,False,500,-1,l2,sag,"{'C': 9, 'dual': True, 'fit_intercept': False, 'max_iter': 500, 'n_jobs': -1, 'penalty': 'l2', 'solver': 'sag'}",,,,,,,,109,,,,,,,,109,,,,,,,,109,,,,,,,,109,,,,,,,,109,,,,,,,,109,,,,,,,,109,,,,,,,,109,,,,,,,,109
502,0.0016255855560302734,0.000589614947961875,0.0,0.0,9,True,False,500,-1,l2,newton-cholesky,"{'C': 9, 'dual': True, 'fit_intercept': False, 'max_iter': 500, 'n_jobs': -1, 'penalty': 'l2', 'solver': 'newton-cholesky'}",,,,,,,,109,,,,,,,,109,,,,,,,,109,,,,,,,,109,,,,,,,,109,,,,,,,,109,,,,,,,,109,,,,,,,,109,,,,,,,,109
501,0.0032253265380859375,0.00332975515949826,0.0,0.0,9,True,False,500,-1,l2,newton-cg,"{'C': 9, 'dual': True, 'fit_intercept': False, 'max_iter': 500, 'n_jobs': -1, 'penalty': 'l2', 'solver': 'newton-cg'}",,,,,,,,109,,,,,,,,109,,,,,,,,109,,,,,,,,109,,,,,,,,109,,,,,,,,109,,,,,,,,109,,,,,,,,109,,,,,,,,109
466,0.00196986198425293,0.0005303263041228512,0.0,0.0,8,False,False,500,-1,l1,newton-cg,"{'C': 8, 'dual': False, 'fit_intercept': False, 'max_iter': 500, 'n_jobs': -1, 'penalty': 'l1', 'solver': 'newton-cg'}",,,,,,,,109,,,,,,,,109,,,,,,,,109,,,,,,,,109,,,,,,,,109,,,,,,,,109,,,,,,,,109,,,,,,,,109,,,,,,,,109
465,0.0017726898193359375,0.0004885719549664824,0.0,0.0,8,False,False,500,-1,l1,lbfgs,"{'C': 8, 'dual': False, 'fit_intercept': False, 'max_iter': 500, 'n_jobs': -1, 'penalty': 'l1', 'solver': 'lbfgs'}",,,,,,,,109,,,,,,,,109,,,,,,,,109,,,,,,,,109,,,,,,,,109,,,,,,,,109,,,,,,,,109,,,,,,,,109,,,,,,,,109
464,0.0016887187957763672,0.0005691360010606423,0.0,0.0,8,False,True,500,-1,elasticnet,saga,"{'C': 8, 'dual': False, 'fit_intercept': True, 'max_iter': 500, 'n_jobs': -1, 'penalty': 'elasticnet', 'solver': 'saga'}",,,,,,,,109,,,,,,,,109,,,,,,,,109,,,,,,,,109,,,,,,,,109,,,,,,,,109,,,,,,,,109,,,,,,,,109,,,,,,,,109
463,0.002037191390991211,0.0003573293902654349,0.0,0.0,8,False,True,500,-1,elasticnet,sag,"{'C': 8, 'dual': False, 'fit_intercept': True, 'max_iter': 500, 'n_jobs': -1, 'penalty': 'elasticnet', 'solver': 'sag'}",,,,,,,,109,,,,,,,,109,,,,,,,,109,,,,,,,,109,,,,,,,,109,,,,,,,,109,,,,,,,,109,,,,,,,,109,,,,,,,,109
427,0.0018575191497802734,0.0003717590805791706,0.0,0.0,8,True,True,500,-1,l2,newton-cholesky,"{'C': 8, 'dual': True, 'fit_intercept': True, 'max_iter': 500, 'n_jobs': -1, 'penalty': 'l2', 'solver': 'newton-cholesky'}",,,,,,,,109,,,,,,,,109,,,,,,,,109,,,,,,,,109,,,,,,,,109,,,,,,,,109,,,,,,,,109,,,,,,,,109,,,,,,,,109
426,0.0016165733337402343,0.0005904562414664155,0.0,0.0,8,True,True,500,-1,l2,newton-cg,"{'C': 8, 'dual': True, 'fit_intercept': True, 'max_iter': 500, 'n_jobs': -1, 'penalty': 'l2', 'solver': 'newton-cg'}",,,,,,,,109,,,,,,,,109,,,,,,,,109,,,,,,,,109,,,,,,,,109,,,,,,,,109,,,,,,,,109,,,,,,,,109,,,,,,,,109
425,0.001551055908203125,0.0004088939271482782,0.0,0.0,8,True,True,500,-1,l2,lbfgs,"{'C': 8, 'dual': True, 'fit_intercept': True, 'max_iter': 500, 'n_jobs': -1, 'penalty': 'l2', 'solver': 'lbfgs'}",,,,,,,,109,,,,,,,,109,,,,,,,,109,,,,,,,,109,,,,,,,,109,,,,,,,,109,,,,,,,,109,,,,,,,,109,,,,,,,,109
424,0.0016659259796142577,0.0003708321100351026,0.0,0.0,8,True,True,500,-1,l1,saga,"{'C': 8, 'dual': True, 'fit_intercept': True, 'max_iter': 500, 'n_jobs': -1, 'penalty': 'l1', 'solver': 'saga'}",,,,,,,,109,,,,,,,,109,,,,,,,,109,,,,,,,,109,,,,,,,,109,,,,,,,,109,,,,,,,,109,,,,,,,,109,,,,,,,,109
423,0.001917266845703125,0.0002743267668927279,0.0,0.0,8,True,True,500,-1,l1,sag,"{'C': 8, 'dual': True, 'fit_intercept': True, 'max_iter': 500, 'n_jobs': -1, 'penalty': 'l1', 'solver': 'sag'}",,,,,,,,109,,,,,,,,109,,,,,,,,109,,,,,,,,109,,,,,,,,109,,,,,,,,109,,,,,,,,109,,,,,,,,109,,,,,,,,109
422,0.0019300460815429687,0.000489699164825646,0.0,0.0,8,True,True,500,-1,l1,newton-cholesky,"{'C': 8, 'dual': True, 'fit_intercept': True, 'max_iter': 500, 'n_jobs': -1, 'penalty': 'l1', 'solver': 'newton-cholesky'}",,,,,,,,109,,,,,,,,109,,,,,,,,109,,,,,,,,109,,,,,,,,109,,,,,,,,109,,,,,,,,109,,,,,,,,109,,,,,,,,109
421,0.0019767284393310547,0.0003435900429184349,0.0,0.0,8,True,True,500,-1,l1,newton-cg,"{'C': 8, 'dual': True, 'fit_intercept': True, 'max_iter': 500, 'n_jobs': -1, 'penalty': 'l1', 'solver': 'newton-cg'}",,,,,,,,109,,,,,,,,109,,,,,,,,109,,,,,,,,109,,,,,,,,109,,,,,,,,109,,,,,,,,109,,,,,,,,109,,,,,,,,109
420,0.00215301513671875,0.00020640366642431007,0.0,0.0,8,True,True,500,-1,l1,lbfgs,"{'C': 8, 'dual': True, 'fit_intercept': True, 'max_iter': 500, 'n_jobs': -1, 'penalty': 'l1', 'solver': 'lbfgs'}",,,,,,,,109,,,,,,,,109,,,,,,,,109,,,,,,,,109,,,,,,,,109,,,,,,,,109,,,,,,,,109,,,,,,,,109,,,,,,,,109
419,0.0016989707946777344,0.0005777054464122264,0.0,0.0,7,False,False,500,-1,elasticnet,saga,"{'C': 7, 'dual': False, 'fit_intercept': False, 'max_iter': 500, 'n_jobs': -1, 'penalty': 'elasticnet', 'solver': 'saga'}",,,,,,,,109,,,,,,,,109,,,,,,,,109,,,,,,,,109,,,,,,,,109,,,,,,,,109,,,,,,,,109,,,,,,,,109,,,,,,,,109
418,0.0021463871002197266,0.00019870655164270986,0.0,0.0,7,False,False,500,-1,elasticnet,sag,"{'C': 7, 'dual': False, 'fit_intercept': False, 'max_iter': 500, 'n_jobs': -1, 'penalty': 'elasticnet', 'solver': 'sag'}",,,,,,,,109,,,,,,,,109,,,,,,,,109,,,,,,,,109,,,,,,,,109,,,,,,,,109,,,,,,,,109,,,,,,,,109,,,,,,,,109
417,0.0020663261413574217,0.00025566665560080855,0.0,0.0,7,False,False,500,-1,elasticnet,newton-cholesky,"{'C': 7, 'dual': False, 'fit_intercept': False, 'max_iter': 500, 'n_jobs': -1, 'penalty': 'elasticnet', 'solver': 'newton-cholesky'}",,,,,,,,109,,,,,,,,109,,,,,,,,109,,,,,,,,109,,,,,,,,109,,,,,,,,109,,,,,,,,109,,,,,,,,109,,,,,,,,109
416,0.005137825012207031,0.004148795452101317,0.0,0.0,7,False,False,500,-1,elasticnet,newton-cg,"{'C': 7, 'dual': False, 'fit_intercept': False, 'max_iter': 500, 'n_jobs': -1, 'penalty': 'elasticnet', 'solver': 'newton-cg'}",,,,,,,,109,,,,,,,,109,,,,,,,,109,,,,,,,,109,,,,,,,,109,,,,,,,,109,,,,,,,,109,,,,,,,,109,,,,,,,,109
415,0.001975870132446289,0.0005906696342337862,0.0,0.0,7,False,False,500,-1,elasticnet,lbfgs,"{'C': 7, 'dual': False, 'fit_intercept': False, 'max_iter': 500, 'n_jobs': -1, 'penalty': 'elasticnet', 'solver': 'lbfgs'}",,,,,,,,109,,,,,,,,109,,,,,,,,109,,,,,,,,109,,,,,,,,109,,,,,,,,109,,,,,,,,109,,,,,,,,109,,,,,,,,109
301,0.002010154724121094,0.0006943512444914765,0.0,0.0,6,True,True,500,-1,l1,newton-cg,"{'C': 6, 'dual': True, 'fit_intercept': True, 'max_iter': 500, 'n_jobs': -1, 'penalty': 'l1', 'solver': 'newton-cg'}",,,,,,,,109,,,,,,,,109,,,,,,,,109,,,,,,,,109,,,,,,,,109,,,,,,,,109,,,,,,,,109,,,,,,,,109,,,,,,,,109
408,0.0019797325134277345,0.0002672070351231909,0.0,0.0,7,False,False,500,-1,l1,sag,"{'C': 7, 'dual': False, 'fit_intercept': False, 'max_iter': 500, 'n_jobs': -1, 'penalty': 'l1', 'solver': 'sag'}",,,,,,,,109,,,,,,,,109,,,,,,,,109,,,,,,,,109,,,,,,,,109,,,,,,,,109,,,,,,,,109,,,,,,,,109,,,,,,,,109
407,0.0018458843231201171,0.0005220488774913342,0.0,0.0,7,False,False,500,-1,l1,newton-cholesky,"{'C': 7, 'dual': False, 'fit_intercept': False, 'max_iter': 500, 'n_jobs': -1, 'penalty': 'l1', 'solver': 'newton-cholesky'}",,,,,,,,109,,,,,,,,109,,,,,,,,109,,,,,,,,109,,,,,,,,109,,,,,,,,109,,,,,,,,109,,,,,,,,109,,,,,,,,109
406,0.00234370231628418,0.0003626417721132831,0.0,0.0,7,False,False,500,-1,l1,newton-cg,"{'C': 7, 'dual': False, 'fit_intercept': False, 'max_iter': 500, 'n_jobs': -1, 'penalty': 'l1', 'solver': 'newton-cg'}",,,,,,,,109,,,,,,,,109,,,,,,,,109,,,,,,,,109,,,,,,,,109,,,,,,,,109,,,,,,,,109,,,,,,,,109,,,,,,,,109
405,0.001726531982421875,0.0005910177311402079,0.0,0.0,7,False,False,500,-1,l1,lbfgs,"{'C': 7, 'dual': False, 'fit_intercept': False, 'max_iter': 500, 'n_jobs': -1, 'penalty': 'l1', 'solver': 'lbfgs'}",,,,,,,,109,,,,,,,,109,,,,,,,,109,,,,,,,,109,,,,,,,,109,,,,,,,,109,,,,,,,,109,,,,,,,,109,,,,,,,,109
404,0.0011890888214111327,0.0010348582262240896,0.0,0.0,7,False,True,500,-1,elasticnet,saga,"{'C': 7, 'dual': False, 'fit_intercept': True, 'max_iter': 500, 'n_jobs': -1, 'penalty': 'elasticnet', 'solver': 'saga'}",,,,,,,,109,,,,,,,,109,,,,,,,,109,,,,,,,,109,,,,,,,,109,,,,,,,,109,,,,,,,,109,,,,,,,,109,,,,,,,,109
403,0.0015786647796630859,0.0005855377913563869,0.0,0.0,7,False,True,500,-1,elasticnet,sag,"{'C': 7, 'dual': False, 'fit_intercept': True, 'max_iter': 500, 'n_jobs': -1, 'penalty': 'elasticnet', 'solver': 'sag'}",,,,,,,,109,,,,,,,,109,,,,,,,,109,,,,,,,,109,,,,,,,,109,,,,,,,,109,,,,,,,,109,,,,,,,,109,,,,,,,,109
402,0.001959371566772461,0.00043353155947879974,0.0,0.0,7,False,True,500,-1,elasticnet,newton-cholesky,"{'C': 7, 'dual': False, 'fit_intercept': True, 'max_iter': 500, 'n_jobs': -1, 'penalty': 'elasticnet', 'solver': 'newton-cholesky'}",,,,,,,,109,,,,,,,,109,,,,,,,,109,,,,,,,,109,,,,,,,,109,,,,,,,,109,,,,,,,,109,,,,,,,,109,,,,,,,,109
401,0.0035926342010498048,0.0029753423805072205,0.0,0.0,7,False,True,500,-1,elasticnet,newton-cg,"{'C': 7, 'dual': False, 'fit_intercept': True, 'max_iter': 500, 'n_jobs': -1, 'penalty': 'elasticnet', 'solver': 'newton-cg'}",,,,,,,,109,,,,,,,,109,,,,,,,,109,,,,,,,,109,,,,,,,,109,,,,,,,,109,,,,,,,,109,,,,,,,,109,,,,,,,,109
400,0.0021201610565185548,0.00027869627106755045,0.0,0.0,7,False,True,500,-1,elasticnet,lbfgs,"{'C': 7, 'dual': False, 'fit_intercept': True, 'max_iter': 500, 'n_jobs': -1, 'penalty': 'elasticnet', 'solver': 'lbfgs'}",,,,,,,,109,,,,,,,,109,,,,,,,,109,,,,,,,,109,,,,,,,,109,,,,,,,,109,,,,,,,,109,,,,,,,,109,,,,,,,,109
393,0.0024960517883300783,0.00041438727683493323,0.0,0.0,7,False,True,500,-1,l1,sag,"{'C': 7, 'dual': False, 'fit_intercept': True, 'max_iter': 500, 'n_jobs': -1, 'penalty': 'l1', 'solver': 'sag'}",,,,,,,,109,,,,,,,,109,,,,,,,,109,,,,,,,,109,,,,,,,,109,,,,,,,,109,,,,,,,,109,,,,,,,,109,,,,,,,,109
392,0.0021275997161865233,0.00039063760175531837,0.0,0.0,7,False,True,500,-1,l1,newton-cholesky,"{'C': 7, 'dual': False, 'fit_intercept': True, 'max_iter': 500, 'n_jobs': -1, 'penalty': 'l1', 'solver': 'newton-cholesky'}",,,,,,,,109,,,,,,,,109,,,,,,,,109,,,,,,,,109,,,,,,,,109,,,,,,,,109,,,,,,,,109,,,,,,,,109,,,,,,,,109
428,0.0019776344299316405,0.000220948526457224,0.0,0.0,8,True,True,500,-1,l2,sag,"{'C': 8, 'dual': True, 'fit_intercept': True, 'max_iter': 500, 'n_jobs': -1, 'penalty': 'l2', 'solver': 'sag'}",,,,,,,,109,,,,,,,,109,,,,,,,,109,,,,,,,,109,,,,,,,,109,,,,,,,,109,,,,,,,,109,,,,,,,,109,,,,,,,,109
390,0.0014492034912109374,0.00046276589508790437,0.0,0.0,7,False,True,500,-1,l1,lbfgs,"{'C': 7, 'dual': False, 'fit_intercept': True, 'max_iter': 500, 'n_jobs': -1, 'penalty': 'l1', 'solver': 'lbfgs'}",,,,,,,,109,,,,,,,,109,,,,,,,,109,,,,,,,,109,,,,,,,,109,,,,,,,,109,,,,,,,,109,,,,,,,,109,,,,,,,,109
429,0.0011068820953369141,0.00020823875604283806,0.0,0.0,8,True,True,500,-1,l2,saga,"{'C': 8, 'dual': True, 'fit_intercept': True, 'max_iter': 500, 'n_jobs': -1, 'penalty': 'l2', 'solver': 'saga'}",,,,,,,,109,,,,,,,,109,,,,,,,,109,,,,,,,,109,,,,,,,,109,,,,,,,,109,,,,,,,,109,,,,,,,,109,,,,,,,,109
431,0.001678466796875,0.0005571270347341452,0.0,0.0,8,True,True,500,-1,elasticnet,newton-cg,"{'C': 8, 'dual': True, 'fit_intercept': True, 'max_iter': 500, 'n_jobs': -1, 'penalty': 'elasticnet', 'solver': 'newton-cg'}",,,,,,,,109,,,,,,,,109,,,,,,,,109,,,,,,,,109,,,,,,,,109,,,,,,,,109,,,,,,,,109,,,,,,,,109,,,,,,,,109
462,0.002187347412109375,0.0008875209101562141,0.0,0.0,8,False,True,500,-1,elasticnet,newton-cholesky,"{'C': 8, 'dual': False, 'fit_intercept': True, 'max_iter': 500, 'n_jobs': -1, 'penalty': 'elasticnet', 'solver': 'newton-cholesky'}",,,,,,,,109,,,,,,,,109,,,,,,,,109,,,,,,,,109,,,,,,,,109,,,,,,,,109,,,,,,,,109,,,,,,,,109,,,,,,,,109
461,0.001924753189086914,0.0005994534206072519,0.0,0.0,8,False,True,500,-1,elasticnet,newton-cg,"{'C': 8, 'dual': False, 'fit_intercept': True, 'max_iter': 500, 'n_jobs': -1, 'penalty': 'elasticnet', 'solver': 'newton-cg'}",,,,,,,,109,,,,,,,,109,,,,,,,,109,,,,,,,,109,,,,,,,,109,,,,,,,,109,,,,,,,,109,,,,,,,,109,,,,,,,,109
460,0.002042675018310547,6.309451185971504e-05,0.0,0.0,8,False,True,500,-1,elasticnet,lbfgs,"{'C': 8, 'dual': False, 'fit_intercept': True, 'max_iter': 500, 'n_jobs': -1, 'penalty': 'elasticnet', 'solver': 'lbfgs'}",,,,,,,,109,,,,,,,,109,,,,,,,,109,,,,,,,,109,,,,,,,,109,,,,,,,,109,,,,,,,,109,,,,,,,,109,,,,,,,,109
453,0.001664590835571289,0.0005897663271754693,0.0,0.0,8,False,True,500,-1,l1,sag,"{'C': 8, 'dual': False, 'fit_intercept': True, 'max_iter': 500, 'n_jobs': -1, 'penalty': 'l1', 'solver': 'sag'}",,,,,,,,109,,,,,,,,109,,,,,,,,109,,,,,,,,109,,,,,,,,109,,,,,,,,109,,,,,,,,109,,,,,,,,109,,,,,,,,109
452,0.001491403579711914,0.0004325144497650442,0.0,0.0,8,False,True,500,-1,l1,newton-cholesky,"{'C': 8, 'dual': False, 'fit_intercept': True, 'max_iter': 500, 'n_jobs': -1, 'penalty': 'l1', 'solver': 'newton-cholesky'}",,,,,,,,109,,,,,,,,109,,,,,,,,109,,,,,,,,109,,,,,,,,109,,,,,,,,109,,,,,,,,109,,,,,,,,109,,,,,,,,109
451,0.002064800262451172,0.00038014086891829474,0.0,0.0,8,False,True,500,-1,l1,newton-cg,"{'C': 8, 'dual': False, 'fit_intercept': True, 'max_iter': 500, 'n_jobs': -1, 'penalty': 'l1', 'solver': 'newton-cg'}",,,,,,,,109,,,,,,,,109,,,,,,,,109,,,,,,,,109,,,,,,,,109,,,,,,,,109,,,,,,,,109,,,,,,,,109,,,,,,,,109
450,0.001753854751586914,0.00022362200642437455,0.0,0.0,8,False,True,500,-1,l1,lbfgs,"{'C': 8, 'dual': False, 'fit_intercept': True, 'max_iter': 500, 'n_jobs': -1, 'penalty': 'l1', 'solver': 'lbfgs'}",,,,,,,,109,,,,,,,,109,,,,,,,,109,,,,,,,,109,,,,,,,,109,,,,,,,,109,,,,,,,,109,,,,,,,,109,,,,,,,,109
449,0.0013221263885498046,0.00039052324557641705,0.0,0.0,8,True,False,500,-1,elasticnet,saga,"{'C': 8, 'dual': True, 'fit_intercept': False, 'max_iter': 500, 'n_jobs': -1, 'penalty': 'elasticnet', 'solver': 'saga'}",,,,,,,,109,,,,,,,,109,,,,,,,,109,,,,,,,,109,,,,,,,,109,,,,,,,,109,,,,,,,,109,,,,,,,,109,,,,,,,,109
448,0.0018734931945800781,0.0005042793615383158,0.0,0.0,8,True,False,500,-1,elasticnet,sag,"{'C': 8, 'dual': True, 'fit_intercept': False, 'max_iter': 500, 'n_jobs': -1, 'penalty': 'elasticnet', 'solver': 'sag'}",,,,,,,,109,,,,,,,,109,,,,,,,,109,,,,,,,,109,,,,,,,,109,,,,,,,,109,,,,,,,,109,,,,,,,,109,,,,,,,,109
447,0.00212249755859375,0.00019709137434160005,0.0,0.0,8,True,False,500,-1,elasticnet,newton-cholesky,"{'C': 8, 'dual': True, 'fit_intercept': False, 'max_iter': 500, 'n_jobs': -1, 'penalty': 'elasticnet', 'solver': 'newton-cholesky'}",,,,,,,,109,,,,,,,,109,,,,,,,,109,,,,,,,,109,,,,,,,,109,,,,,,,,109,,,,,,,,109,,,,,,,,109,,,,,,,,109
446,0.0019264698028564453,0.0005395700035740928,0.0,0.0,8,True,False,500,-1,elasticnet,newton-cg,"{'C': 8, 'dual': True, 'fit_intercept': False, 'max_iter': 500, 'n_jobs': -1, 'penalty': 'elasticnet', 'solver': 'newton-cg'}",,,,,,,,109,,,,,,,,109,,,,,,,,109,,,,,,,,109,,,,,,,,109,,,,,,,,109,,,,,,,,109,,,,,,,,109,,,,,,,,109
445,0.0015072345733642579,0.00044971741754681996,0.0,0.0,8,True,False,500,-1,elasticnet,lbfgs,"{'C': 8, 'dual': True, 'fit_intercept': False, 'max_iter': 500, 'n_jobs': -1, 'penalty': 'elasticnet', 'solver': 'lbfgs'}",,,,,,,,109,,,,,,,,109,,,,,,,,109,,,,,,,,109,,,,,,,,109,,,,,,,,109,,,,,,,,109,,,,,,,,109,,,,,,,,109
444,0.002509307861328125,0.0013227873282192202,0.0,0.0,8,True,False,500,-1,l2,saga,"{'C': 8, 'dual': True, 'fit_intercept': False, 'max_iter': 500, 'n_jobs': -1, 'penalty': 'l2', 'solver': 'saga'}",,,,,,,,109,,,,,,,,109,,,,,,,,109,,,,,,,,109,,,,,,,,109,,,,,,,,109,,,,,,,,109,,,,,,,,109,,,,,,,,109
443,0.0018265247344970703,0.0005109083742046342,0.0,0.0,8,True,False,500,-1,l2,sag,"{'C': 8, 'dual': True, 'fit_intercept': False, 'max_iter': 500, 'n_jobs': -1, 'penalty': 'l2', 'solver': 'sag'}",,,,,,,,109,,,,,,,,109,,,,,,,,109,,,,,,,,109,,,,,,,,109,,,,,,,,109,,,,,,,,109,,,,,,,,109,,,,,,,,109
442,0.0013376235961914062,0.00037992751587194896,0.0,0.0,8,True,False,500,-1,l2,newton-cholesky,"{'C': 8, 'dual': True, 'fit_intercept': False, 'max_iter': 500, 'n_jobs': -1, 'penalty': 'l2', 'solver': 'newton-cholesky'}",,,,,,,,109,,,,,,,,109,,,,,,,,109,,,,,,,,109,,,,,,,,109,,,,,,,,109,,,,,,,,109,,,,,,,,109,,,,,,,,109
441,0.0016219139099121094,0.0003876270351662882,0.0,0.0,8,True,False,500,-1,l2,newton-cg,"{'C': 8, 'dual': True, 'fit_intercept': False, 'max_iter': 500, 'n_jobs': -1, 'penalty': 'l2', 'solver': 'newton-cg'}",,,,,,,,109,,,,,,,,109,,,,,,,,109,,,,,,,,109,,,,,,,,109,,,,,,,,109,,,,,,,,109,,,,,,,,109,,,,,,,,109
440,0.0019865512847900392,0.0003800253763874118,0.0,0.0,8,True,False,500,-1,l2,lbfgs,"{'C': 8, 'dual': True, 'fit_intercept': False, 'max_iter': 500, 'n_jobs': -1, 'penalty': 'l2', 'solver': 'lbfgs'}",,,,,,,,109,,,,,,,,109,,,,,,,,109,,,,,,,,109,,,,,,,,109,,,,,,,,109,,,,,,,,109,,,,,,,,109,,,,,,,,109
439,0.0020319461822509766,0.0003350817733752333,0.0,0.0,8,True,False,500,-1,l1,saga,"{'C': 8, 'dual': True, 'fit_intercept': False, 'max_iter': 500, 'n_jobs': -1, 'penalty': 'l1', 'solver': 'saga'}",,,,,,,,109,,,,,,,,109,,,,,,,,109,,,,,,,,109,,,,,,,,109,,,,,,,,109,,,,,,,,109,,,,,,,,109,,,,,,,,109
438,0.0018105506896972656,0.00018419695423838782,0.0,0.0,8,True,False,500,-1,l1,sag,"{'C': 8, 'dual': True, 'fit_intercept': False, 'max_iter': 500, 'n_jobs': -1, 'penalty': 'l1', 'solver': 'sag'}",,,,,,,,109,,,,,,,,109,,,,,,,,109,,,,,,,,109,,,,,,,,109,,,,,,,,109,,,,,,,,109,,,,,,,,109,,,,,,,,109
437,0.002044486999511719,4.399747286152374e-05,0.0,0.0,8,True,False,500,-1,l1,newton-cholesky,"{'C': 8, 'dual': True, 'fit_intercept': False, 'max_iter': 500, 'n_jobs': -1, 'penalty': 'l1', 'solver': 'newton-cholesky'}",,,,,,,,109,,,,,,,,109,,,,,,,,109,,,,,,,,109,,,,,,,,109,,,,,,,,109,,,,,,,,109,,,,,,,,109,,,,,,,,109
436,0.002264595031738281,0.0004420518251460892,0.0,0.0,8,True,False,500,-1,l1,newton-cg,"{'C': 8, 'dual': True, 'fit_intercept': False, 'max_iter': 500, 'n_jobs': -1, 'penalty': 'l1', 'solver': 'newton-cg'}",,,,,,,,109,,,,,,,,109,,,,,,,,109,,,,,,,,109,,,,,,,,109,,,,,,,,109,,,,,,,,109,,,,,,,,109,,,,,,,,109
435,0.0017522335052490234,0.00021741382776872573,0.0,0.0,8,True,False,500,-1,l1,lbfgs,"{'C': 8, 'dual': True, 'fit_intercept': False, 'max_iter': 500, 'n_jobs': -1, 'penalty': 'l1', 'solver': 'lbfgs'}",,,,,,,,109,,,,,,,,109,,,,,,,,109,,,,,,,,109,,,,,,,,109,,,,,,,,109,,,,,,,,109,,,,,,,,109,,,,,,,,109
434,0.0012104034423828125,0.0008228634946707542,0.0,0.0,8,True,True,500,-1,elasticnet,saga,"{'C': 8, 'dual': True, 'fit_intercept': True, 'max_iter': 500, 'n_jobs': -1, 'penalty': 'elasticnet', 'solver': 'saga'}",,,,,,,,109,,,,,,,,109,,,,,,,,109,,,,,,,,109,,,,,,,,109,,,,,,,,109,,,,,,,,109,,,,,,,,109,,,,,,,,109
433,0.001497793197631836,0.0006374827283005452,0.0,0.0,8,True,True,500,-1,elasticnet,sag,"{'C': 8, 'dual': True, 'fit_intercept': True, 'max_iter': 500, 'n_jobs': -1, 'penalty': 'elasticnet', 'solver': 'sag'}",,,,,,,,109,,,,,,,,109,,,,,,,,109,,,,,,,,109,,,,,,,,109,,,,,,,,109,,,,,,,,109,,,,,,,,109,,,,,,,,109
432,0.002090311050415039,0.0006059849825421138,0.0,0.0,8,True,True,500,-1,elasticnet,newton-cholesky,"{'C': 8, 'dual': True, 'fit_intercept': True, 'max_iter': 500, 'n_jobs': -1, 'penalty': 'elasticnet', 'solver': 'newton-cholesky'}",,,,,,,,109,,,,,,,,109,,,,,,,,109,,,,,,,,109,,,,,,,,109,,,,,,,,109,,,,,,,,109,,,,,,,,109,,,,,,,,109
430,0.0014106273651123048,0.0009799483976632183,0.0,0.0,8,True,True,500,-1,elasticnet,lbfgs,"{'C': 8, 'dual': True, 'fit_intercept': True, 'max_iter': 500, 'n_jobs': -1, 'penalty': 'elasticnet', 'solver': 'lbfgs'}",,,,,,,,109,,,,,,,,109,,,,,,,,109,,,,,,,,109,,,,,,,,109,,,,,,,,109,,,,,,,,109,,,,,,,,109,,,,,,,,109
300,0.0018155097961425782,0.00025067812407195817,0.0,0.0,6,True,True,500,-1,l1,lbfgs,"{'C': 6, 'dual': True, 'fit_intercept': True, 'max_iter': 500, 'n_jobs': -1, 'penalty': 'l1', 'solver': 'lbfgs'}",,,,,,,,109,,,,,,,,109,,,,,,,,109,,,,,,,,109,,,,,,,,109,,,,,,,,109,,,,,,,,109,,,,,,,,109,,,,,,,,109
269,0.0022381305694580077,0.00026980947336118134,0.0,0.0,5,True,False,500,-1,elasticnet,saga,"{'C': 5, 'dual': True, 'fit_intercept': False, 'max_iter': 500, 'n_jobs': -1, 'penalty': 'elasticnet', 'solver': 'saga'}",,,,,,,,109,,,,,,,,109,,,,,,,,109,,,,,,,,109,,,,,,,,109,,,,,,,,109,,,,,,,,109,,,,,,,,109,,,,,,,,109
298,0.001977062225341797,0.0010404034939964096,0.0,0.0,5,False,False,500,-1,elasticnet,sag,"{'C': 5, 'dual': False, 'fit_intercept': False, 'max_iter': 500, 'n_jobs': -1, 'penalty': 'elasticnet', 'solver': 'sag'}",,,,,,,,109,,,,,,,,109,,,,,,,,109,,,,,,,,109,,,,,,,,109,,,,,,,,109,,,,,,,,109,,,,,,,,109,,,,,,,,109
104,0.0021041393280029296,0.0006892098550973856,0.0,0.0,2,False,True,500,-1,elasticnet,saga,"{'C': 2, 'dual': False, 'fit_intercept': True, 'max_iter': 500, 'n_jobs': -1, 'penalty': 'elasticnet', 'solver': 'saga'}",,,,,,,,109,,,,,,,,109,,,,,,,,109,,,,,,,,109,,,,,,,,109,,,,,,,,109,,,,,,,,109,,,,,,,,109,,,,,,,,109
103,0.0019714832305908203,0.00034262742387438023,0.0,0.0,2,False,True,500,-1,elasticnet,sag,"{'C': 2, 'dual': False, 'fit_intercept': True, 'max_iter': 500, 'n_jobs': -1, 'penalty': 'elasticnet', 'solver': 'sag'}",,,,,,,,109,,,,,,,,109,,,,,,,,109,,,,,,,,109,,,,,,,,109,,,,,,,,109,,,,,,,,109,,,,,,,,109,,,,,,,,109
102,0.002294492721557617,0.0008865203713506496,0.0,0.0,2,False,True,500,-1,elasticnet,newton-cholesky,"{'C': 2, 'dual': False, 'fit_intercept': True, 'max_iter': 500, 'n_jobs': -1, 'penalty': 'elasticnet', 'solver': 'newton-cholesky'}",,,,,,,,109,,,,,,,,109,,,,,,,,109,,,,,,,,109,,,,,,,,109,,,,,,,,109,,,,,,,,109,,,,,,,,109,,,,,,,,109
101,0.0027428150177001955,0.0009427782397492286,0.0,0.0,2,False,True,500,-1,elasticnet,newton-cg,"{'C': 2, 'dual': False, 'fit_intercept': True, 'max_iter': 500, 'n_jobs': -1, 'penalty': 'elasticnet', 'solver': 'newton-cg'}",,,,,,,,109,,,,,,,,109,,,,,,,,109,,,,,,,,109,,,,,,,,109,,,,,,,,109,,,,,,,,109,,,,,,,,109,,,,,,,,109
100,0.0020267009735107423,0.0005547706705248413,0.0,0.0,2,False,True,500,-1,elasticnet,lbfgs,"{'C': 2, 'dual': False, 'fit_intercept': True, 'max_iter': 500, 'n_jobs': -1, 'penalty': 'elasticnet', 'solver': 'lbfgs'}",,,,,,,,109,,,,,,,,109,,,,,,,,109,,,,,,,,109,,,,,,,,109,,,,,,,,109,,,,,,,,109,,,,,,,,109,,,,,,,,109
93,0.0014767646789550781,0.0005045908291803905,0.0,0.0,2,False,True,500,-1,l1,sag,"{'C': 2, 'dual': False, 'fit_intercept': True, 'max_iter': 500, 'n_jobs': -1, 'penalty': 'l1', 'solver': 'sag'}",,,,,,,,109,,,,,,,,109,,,,,,,,109,,,,,,,,109,,,,,,,,109,,,,,,,,109,,,,,,,,109,,,,,,,,109,,,,,,,,109
92,0.0016009807586669922,0.00045448189796586693,0.0,0.0,2,False,True,500,-1,l1,newton-cholesky,"{'C': 2, 'dual': False, 'fit_intercept': True, 'max_iter': 500, 'n_jobs': -1, 'penalty': 'l1', 'solver': 'newton-cholesky'}",,,,,,,,109,,,,,,,,109,,,,,,,,109,,,,,,,,109,,,,,,,,109,,,,,,,,109,,,,,,,,109,,,,,,,,109,,,,,,,,109
91,0.0018082618713378905,0.00013243422200567116,0.0,0.0,2,False,True,500,-1,l1,newton-cg,"{'C': 2, 'dual': False, 'fit_intercept': True, 'max_iter': 500, 'n_jobs': -1, 'penalty': 'l1', 'solver': 'newton-cg'}",,,,,,,,109,,,,,,,,109,,,,,,,,109,,,,,,,,109,,,,,,,,109,,,,,,,,109,,,,,,,,109,,,,,,,,109,,,,,,,,109
90,0.0022695064544677734,0.0007086684959845825,0.0,0.0,2,False,True,500,-1,l1,lbfgs,"{'C': 2, 'dual': False, 'fit_intercept': True, 'max_iter': 500, 'n_jobs': -1, 'penalty': 'l1', 'solver': 'lbfgs'}",,,,,,,,109,,,,,,,,109,,,,,,,,109,,,,,,,,109,,,,,,,,109,,,,,,,,109,,,,,,,,109,,,,,,,,109,,,,,,,,109
89,0.00220341682434082,0.00025980455827038113,0.0,0.0,2,True,False,500,-1,elasticnet,saga,"{'C': 2, 'dual': True, 'fit_intercept': False, 'max_iter': 500, 'n_jobs': -1, 'penalty': 'elasticnet', 'solver': 'saga'}",,,,,,,,109,,,,,,,,109,,,,,,,,109,,,,,,,,109,,,,,,,,109,,,,,,,,109,,,,,,,,109,,,,,,,,109,,,,,,,,109
88,0.0021281719207763674,0.0007490773226727301,0.0,0.0,2,True,False,500,-1,elasticnet,sag,"{'C': 2, 'dual': True, 'fit_intercept': False, 'max_iter': 500, 'n_jobs': -1, 'penalty': 'elasticnet', 'solver': 'sag'}",,,,,,,,109,,,,,,,,109,,,,,,,,109,,,,,,,,109,,,,,,,,109,,,,,,,,109,,,,,,,,109,,,,,,,,109,,,,,,,,109
87,0.0023340225219726563,0.0008772646864006274,0.0,0.0,2,True,False,500,-1,elasticnet,newton-cholesky,"{'C': 2, 'dual': True, 'fit_intercept': False, 'max_iter': 500, 'n_jobs': -1, 'penalty': 'elasticnet', 'solver': 'newton-cholesky'}",,,,,,,,109,,,,,,,,109,,,,,,,,109,,,,,,,,109,,,,,,,,109,,,,,,,,109,,,,,,,,109,,,,,,,,109,,,,,,,,109
105,0.002784109115600586,0.0016581729849489968,0.0,0.0,2,False,False,500,-1,l1,lbfgs,"{'C': 2, 'dual': False, 'fit_intercept': False, 'max_iter': 500, 'n_jobs': -1, 'penalty': 'l1', 'solver': 'lbfgs'}",,,,,,,,109,,,,,,,,109,,,,,,,,109,,,,,,,,109,,,,,,,,109,,,,,,,,109,,,,,,,,109,,,,,,,,109,,,,,,,,109
86,0.001824188232421875,0.0005168236533142255,0.0,0.0,2,True,False,500,-1,elasticnet,newton-cg,"{'C': 2, 'dual': True, 'fit_intercept': False, 'max_iter': 500, 'n_jobs': -1, 'penalty': 'elasticnet', 'solver': 'newton-cg'}",,,,,,,,109,,,,,,,,109,,,,,,,,109,,,,,,,,109,,,,,,,,109,,,,,,,,109,,,,,,,,109,,,,,,,,109,,,,,,,,109
84,0.0015427589416503907,0.0003264579649587473,0.0,0.0,2,True,False,500,-1,l2,saga,"{'C': 2, 'dual': True, 'fit_intercept': False, 'max_iter': 500, 'n_jobs': -1, 'penalty': 'l2', 'solver': 'saga'}",,,,,,,,109,,,,,,,,109,,,,,,,,109,,,,,,,,109,,,,,,,,109,,,,,,,,109,,,,,,,,109,,,,,,,,109,,,,,,,,109
83,0.0015747547149658203,0.0007439185392924429,0.0,0.0,2,True,False,500,-1,l2,sag,"{'C': 2, 'dual': True, 'fit_intercept': False, 'max_iter': 500, 'n_jobs': -1, 'penalty': 'l2', 'solver': 'sag'}",,,,,,,,109,,,,,,,,109,,,,,,,,109,,,,,,,,109,,,,,,,,109,,,,,,,,109,,,,,,,,109,,,,,,,,109,,,,,,,,109
82,0.00253143310546875,0.00043957811141165777,0.0,0.0,2,True,False,500,-1,l2,newton-cholesky,"{'C': 2, 'dual': True, 'fit_intercept': False, 'max_iter': 500, 'n_jobs': -1, 'penalty': 'l2', 'solver': 'newton-cholesky'}",,,,,,,,109,,,,,,,,109,,,,,,,,109,,,,,,,,109,,,,,,,,109,,,,,,,,109,,,,,,,,109,,,,,,,,109,,,,,,,,109
81,0.001999187469482422,0.0006821638184892538,0.0,0.0,2,True,False,500,-1,l2,newton-cg,"{'C': 2, 'dual': True, 'fit_intercept': False, 'max_iter': 500, 'n_jobs': -1, 'penalty': 'l2', 'solver': 'newton-cg'}",,,,,,,,109,,,,,,,,109,,,,,,,,109,,,,,,,,109,,,,,,,,109,,,,,,,,109,,,,,,,,109,,,,,,,,109,,,,,,,,109
80,0.001891183853149414,0.0006317846797274158,0.0,0.0,2,True,False,500,-1,l2,lbfgs,"{'C': 2, 'dual': True, 'fit_intercept': False, 'max_iter': 500, 'n_jobs': -1, 'penalty': 'l2', 'solver': 'lbfgs'}",,,,,,,,109,,,,,,,,109,,,,,,,,109,,,,,,,,109,,,,,,,,109,,,,,,,,109,,,,,,,,109,,,,,,,,109,,,,,,,,109
79,0.002426767349243164,0.0008025458302909363,0.0,0.0,2,True,False,500,-1,l1,saga,"{'C': 2, 'dual': True, 'fit_intercept': False, 'max_iter': 500, 'n_jobs': -1, 'penalty': 'l1', 'solver': 'saga'}",,,,,,,,109,,,,,,,,109,,,,,,,,109,,,,,,,,109,,,,,,,,109,,,,,,,,109,,,,,,,,109,,,,,,,,109,,,,,,,,109
78,0.0022349834442138674,0.0005282215010759545,0.0,0.0,2,True,False,500,-1,l1,sag,"{'C': 2, 'dual': True, 'fit_intercept': False, 'max_iter': 500, 'n_jobs': -1, 'penalty': 'l1', 'solver': 'sag'}",,,,,,,,109,,,,,,,,109,,,,,,,,109,,,,,,,,109,,,,,,,,109,,,,,,,,109,,,,,,,,109,,,,,,,,109,,,,,,,,109
77,0.001922607421875,0.0003933275634572291,0.0,0.0,2,True,False,500,-1,l1,newton-cholesky,"{'C': 2, 'dual': True, 'fit_intercept': False, 'max_iter': 500, 'n_jobs': -1, 'penalty': 'l1', 'solver': 'newton-cholesky'}",,,,,,,,109,,,,,,,,109,,,,,,,,109,,,,,,,,109,,,,,,,,109,,,,,,,,109,,,,,,,,109,,,,,,,,109,,,,,,,,109
76,0.002372932434082031,0.00041569468333809865,0.0,0.0,2,True,False,500,-1,l1,newton-cg,"{'C': 2, 'dual': True, 'fit_intercept': False, 'max_iter': 500, 'n_jobs': -1, 'penalty': 'l1', 'solver': 'newton-cg'}",,,,,,,,109,,,,,,,,109,,,,,,,,109,,,,,,,,109,,,,,,,,109,,,,,,,,109,,,,,,,,109,,,,,,,,109,,,,,,,,109
75,0.002229785919189453,0.0005349919669253296,0.0,0.0,2,True,False,500,-1,l1,lbfgs,"{'C': 2, 'dual': True, 'fit_intercept': False, 'max_iter': 500, 'n_jobs': -1, 'penalty': 'l1', 'solver': 'lbfgs'}",,,,,,,,109,,,,,,,,109,,,,,,,,109,,,,,,,,109,,,,,,,,109,,,,,,,,109,,,,,,,,109,,,,,,,,109,,,,,,,,109
74,0.0015314102172851562,0.00057211194480481,0.0,0.0,2,True,True,500,-1,elasticnet,saga,"{'C': 2, 'dual': True, 'fit_intercept': True, 'max_iter': 500, 'n_jobs': -1, 'penalty': 'elasticnet', 'solver': 'saga'}",,,,,,,,109,,,,,,,,109,,,,,,,,109,,,,,,,,109,,,,,,,,109,,,,,,,,109,,,,,,,,109,,,,,,,,109,,,,,,,,109
73,0.0026622295379638674,0.0006836397458093089,0.0,0.0,2,True,True,500,-1,elasticnet,sag,"{'C': 2, 'dual': True, 'fit_intercept': True, 'max_iter': 500, 'n_jobs': -1, 'penalty': 'elasticnet', 'solver': 'sag'}",,,,,,,,109,,,,,,,,109,,,,,,,,109,,,,,,,,109,,,,,,,,109,,,,,,,,109,,,,,,,,109,,,,,,,,109,,,,,,,,109
85,0.001631307601928711,0.00014924373857197107,0.0,0.0,2,True,False,500,-1,elasticnet,lbfgs,"{'C': 2, 'dual': True, 'fit_intercept': False, 'max_iter': 500, 'n_jobs': -1, 'penalty': 'elasticnet', 'solver': 'lbfgs'}",,,,,,,,109,,,,,,,,109,,,,,,,,109,,,,,,,,109,,,,,,,,109,,,,,,,,109,,,,,,,,109,,,,,,,,109,,,,,,,,109
72,0.002040195465087891,0.00033401006263370625,0.0,0.0,2,True,True,500,-1,elasticnet,newton-cholesky,"{'C': 2, 'dual': True, 'fit_intercept': True, 'max_iter': 500, 'n_jobs': -1, 'penalty': 'elasticnet', 'solver': 'newton-cholesky'}",,,,,,,,109,,,,,,,,109,,,,,,,,109,,,,,,,,109,,,,,,,,109,,,,,,,,109,,,,,,,,109,,,,,,,,109,,,,,,,,109
106,0.0018604278564453125,0.0003026055117134553,0.0,0.0,2,False,False,500,-1,l1,newton-cg,"{'C': 2, 'dual': False, 'fit_intercept': False, 'max_iter': 500, 'n_jobs': -1, 'penalty': 'l1', 'solver': 'newton-cg'}",,,,,,,,109,,,,,,,,109,,,,,,,,109,,,,,,,,109,,,,,,,,109,,,,,,,,109,,,,,,,,109,,,,,,,,109,,,,,,,,109
108,0.002241230010986328,0.0006373427218488945,0.0,0.0,2,False,False,500,-1,l1,sag,"{'C': 2, 'dual': False, 'fit_intercept': False, 'max_iter': 500, 'n_jobs': -1, 'penalty': 'l1', 'solver': 'sag'}",,,,,,,,109,,,,,,,,109,,,,,,,,109,,,,,,,,109,,,,,,,,109,,,,,,,,109,,,,,,,,109,,,,,,,,109,,,,,,,,109
140,0.0019659996032714844,0.0005068526212358885,0.0,0.0,3,True,False,500,-1,l2,lbfgs,"{'C': 3, 'dual': True, 'fit_intercept': False, 'max_iter': 500, 'n_jobs': -1, 'penalty': 'l2', 'solver': 'lbfgs'}",,,,,,,,109,,,,,,,,109,,,,,,,,109,,,,,,,,109,,,,,,,,109,,,,,,,,109,,,,,,,,109,,,,,,,,109,,,,,,,,109
139,0.002028942108154297,0.00032662182808117826,0.0,0.0,3,True,False,500,-1,l1,saga,"{'C': 3, 'dual': True, 'fit_intercept': False, 'max_iter': 500, 'n_jobs': -1, 'penalty': 'l1', 'solver': 'saga'}",,,,,,,,109,,,,,,,,109,,,,,,,,109,,,,,,,,109,,,,,,,,109,,,,,,,,109,,,,,,,,109,,,,,,,,109,,,,,,,,109
138,0.0019469261169433594,0.00022399219316078636,0.0,0.0,3,True,False,500,-1,l1,sag,"{'C': 3, 'dual': True, 'fit_intercept': False, 'max_iter': 500, 'n_jobs': -1, 'penalty': 'l1', 'solver': 'sag'}",,,,,,,,109,,,,,,,,109,,,,,,,,109,,,,,,,,109,,,,,,,,109,,,,,,,,109,,,,,,,,109,,,,,,,,109,,,,,,,,109
137,0.0016240596771240235,0.0003851534897151045,0.0,0.0,3,True,False,500,-1,l1,newton-cholesky,"{'C': 3, 'dual': True, 'fit_intercept': False, 'max_iter': 500, 'n_jobs': -1, 'penalty': 'l1', 'solver': 'newton-cholesky'}",,,,,,,,109,,,,,,,,109,,,,,,,,109,,,,,,,,109,,,,,,,,109,,,,,,,,109,,,,,,,,109,,,,,,,,109,,,,,,,,109
136,0.002437448501586914,0.0005015116217324633,0.0,0.0,3,True,False,500,-1,l1,newton-cg,"{'C': 3, 'dual': True, 'fit_intercept': False, 'max_iter': 500, 'n_jobs': -1, 'penalty': 'l1', 'solver': 'newton-cg'}",,,,,,,,109,,,,,,,,109,,,,,,,,109,,,,,,,,109,,,,,,,,109,,,,,,,,109,,,,,,,,109,,,,,,,,109,,,,,,,,109
135,0.001824331283569336,0.000505986385140159,0.0,0.0,3,True,False,500,-1,l1,lbfgs,"{'C': 3, 'dual': True, 'fit_intercept': False, 'max_iter': 500, 'n_jobs': -1, 'penalty': 'l1', 'solver': 'lbfgs'}",,,,,,,,109,,,,,,,,109,,,,,,,,109,,,,,,,,109,,,,,,,,109,,,,,,,,109,,,,,,,,109,,,,,,,,109,,,,,,,,109
134,0.0017235279083251953,0.0002561502906725083,0.0,0.0,3,True,True,500,-1,elasticnet,saga,"{'C': 3, 'dual': True, 'fit_intercept': True, 'max_iter': 500, 'n_jobs': -1, 'penalty': 'elasticnet', 'solver': 'saga'}",,,,,,,,109,,,,,,,,109,,,,,,,,109,,,,,,,,109,,,,,,,,109,,,,,,,,109,,,,,,,,109,,,,,,,,109,,,,,,,,109
133,0.002893829345703125,0.0019998876580819766,0.0,0.0,3,True,True,500,-1,elasticnet,sag,"{'C': 3, 'dual': True, 'fit_intercept': True, 'max_iter': 500, 'n_jobs': -1, 'penalty': 'elasticnet', 'solver': 'sag'}",,,,,,,,109,,,,,,,,109,,,,,,,,109,,,,,,,,109,,,,,,,,109,,,,,,,,109,,,,,,,,109,,,,,,,,109,,,,,,,,109
132,0.002051687240600586,8.614530123093883e-05,0.0,0.0,3,True,True,500,-1,elasticnet,newton-cholesky,"{'C': 3, 'dual': True, 'fit_intercept': True, 'max_iter': 500, 'n_jobs': -1, 'penalty': 'elasticnet', 'solver': 'newton-cholesky'}",,,,,,,,109,,,,,,,,109,,,,,,,,109,,,,,,,,109,,,,,,,,109,,,,,,,,109,,,,,,,,109,,,,,,,,109,,,,,,,,109
131,0.0019661903381347655,0.0005155137085377694,0.0,0.0,3,True,True,500,-1,elasticnet,newton-cg,"{'C': 3, 'dual': True, 'fit_intercept': True, 'max_iter': 500, 'n_jobs': -1, 'penalty': 'elasticnet', 'solver': 'newton-cg'}",,,,,,,,109,,,,,,,,109,,,,,,,,109,,,,,,,,109,,,,,,,,109,,,,,,,,109,,,,,,,,109,,,,,,,,109,,,,,,,,109
130,0.0019174575805664062,0.0007428030158927548,0.0,0.0,3,True,True,500,-1,elasticnet,lbfgs,"{'C': 3, 'dual': True, 'fit_intercept': True, 'max_iter': 500, 'n_jobs': -1, 'penalty': 'elasticnet', 'solver': 'lbfgs'}",,,,,,,,109,,,,,,,,109,,,,,,,,109,,,,,,,,109,,,,,,,,109,,,,,,,,109,,,,,,,,109,,,,,,,,109,,,,,,,,109
129,0.0015040874481201173,0.0004396689577448276,0.0,0.0,3,True,True,500,-1,l2,saga,"{'C': 3, 'dual': True, 'fit_intercept': True, 'max_iter': 500, 'n_jobs': -1, 'penalty': 'l2', 'solver': 'saga'}",,,,,,,,109,,,,,,,,109,,,,,,,,109,,,,,,,,109,,,,,,,,109,,,,,,,,109,,,,,,,,109,,,,,,,,109,,,,,,,,109
107,0.0015269279479980468,0.0004740150769544933,0.0,0.0,2,False,False,500,-1,l1,newton-cholesky,"{'C': 2, 'dual': False, 'fit_intercept': False, 'max_iter': 500, 'n_jobs': -1, 'penalty': 'l1', 'solver': 'newton-cholesky'}",,,,,,,,109,,,,,,,,109,,,,,,,,109,,,,,,,,109,,,,,,,,109,,,,,,,,109,,,,,,,,109,,,,,,,,109,,,,,,,,109
128,0.0018187999725341798,0.00041008280043391786,0.0,0.0,3,True,True,500,-1,l2,sag,"{'C': 3, 'dual': True, 'fit_intercept': True, 'max_iter': 500, 'n_jobs': -1, 'penalty': 'l2', 'solver': 'sag'}",,,,,,,,109,,,,,,,,109,,,,,,,,109,,,,,,,,109,,,,,,,,109,,,,,,,,109,,,,,,,,109,,,,,,,,109,,,,,,,,109
126,0.001529693603515625,0.0004642596866485483,0.0,0.0,3,True,True,500,-1,l2,newton-cg,"{'C': 3, 'dual': True, 'fit_intercept': True, 'max_iter': 500, 'n_jobs': -1, 'penalty': 'l2', 'solver': 'newton-cg'}",,,,,,,,109,,,,,,,,109,,,,,,,,109,,,,,,,,109,,,,,,,,109,,,,,,,,109,,,,,,,,109,,,,,,,,109,,,,,,,,109
125,0.0017139911651611328,0.0005977509350693871,0.0,0.0,3,True,True,500,-1,l2,lbfgs,"{'C': 3, 'dual': True, 'fit_intercept': True, 'max_iter': 500, 'n_jobs': -1, 'penalty': 'l2', 'solver': 'lbfgs'}",,,,,,,,109,,,,,,,,109,,,,,,,,109,,,,,,,,109,,,,,,,,109,,,,,,,,109,,,,,,,,109,,,,,,,,109,,,,,,,,109
124,0.0022646903991699217,0.0007432488547080128,0.0,0.0,3,True,True,500,-1,l1,saga,"{'C': 3, 'dual': True, 'fit_intercept': True, 'max_iter': 500, 'n_jobs': -1, 'penalty': 'l1', 'solver': 'saga'}",,,,,,,,109,,,,,,,,109,,,,,,,,109,,,,,,,,109,,,,,,,,109,,,,,,,,109,,,,,,,,109,,,,,,,,109,,,,,,,,109
123,0.00161285400390625,0.00037700506232428346,0.0,0.0,3,True,True,500,-1,l1,sag,"{'C': 3, 'dual': True, 'fit_intercept': True, 'max_iter': 500, 'n_jobs': -1, 'penalty': 'l1', 'solver': 'sag'}",,,,,,,,109,,,,,,,,109,,,,,,,,109,,,,,,,,109,,,,,,,,109,,,,,,,,109,,,,,,,,109,,,,,,,,109,,,,,,,,109
122,0.0017226219177246093,0.0005177070545937532,0.0,0.0,3,True,True,500,-1,l1,newton-cholesky,"{'C': 3, 'dual': True, 'fit_intercept': True, 'max_iter': 500, 'n_jobs': -1, 'penalty': 'l1', 'solver': 'newton-cholesky'}",,,,,,,,109,,,,,,,,109,,,,,,,,109,,,,,,,,109,,,,,,,,109,,,,,,,,109,,,,,,,,109,,,,,,,,109,,,,,,,,109
121,0.0022190093994140627,0.00025907148642106276,0.0,0.0,3,True,True,500,-1,l1,newton-cg,"{'C': 3, 'dual': True, 'fit_intercept': True, 'max_iter': 500, 'n_jobs': -1, 'penalty': 'l1', 'solver': 'newton-cg'}",,,,,,,,109,,,,,,,,109,,,,,,,,109,,,,,,,,109,,,,,,,,109,,,,,,,,109,,,,,,,,109,,,,,,,,109,,,,,,,,109
120,0.002186107635498047,0.0006928064102243226,0.0,0.0,3,True,True,500,-1,l1,lbfgs,"{'C': 3, 'dual': True, 'fit_intercept': True, 'max_iter': 500, 'n_jobs': -1, 'penalty': 'l1', 'solver': 'lbfgs'}",,,,,,,,109,,,,,,,,109,,,,,,,,109,,,,,,,,109,,,,,,,,109,,,,,,,,109,,,,,,,,109,,,,,,,,109,,,,,,,,109
119,0.0021294593811035157,0.0005050448308098011,0.0,0.0,2,False,False,500,-1,elasticnet,saga,"{'C': 2, 'dual': False, 'fit_intercept': False, 'max_iter': 500, 'n_jobs': -1, 'penalty': 'elasticnet', 'solver': 'saga'}",,,,,,,,109,,,,,,,,109,,,,,,,,109,,,,,,,,109,,,,,,,,109,,,,,,,,109,,,,,,,,109,,,,,,,,109,,,,,,,,109
118,0.001614999771118164,0.0004969396918415588,0.0,0.0,2,False,False,500,-1,elasticnet,sag,"{'C': 2, 'dual': False, 'fit_intercept': False, 'max_iter': 500, 'n_jobs': -1, 'penalty': 'elasticnet', 'solver': 'sag'}",,,,,,,,109,,,,,,,,109,,,,,,,,109,,,,,,,,109,,,,,,,,109,,,,,,,,109,,,,,,,,109,,,,,,,,109,,,,,,,,109
117,0.001968240737915039,0.00045908710780189204,0.0,0.0,2,False,False,500,-1,elasticnet,newton-cholesky,"{'C': 2, 'dual': False, 'fit_intercept': False, 'max_iter': 500, 'n_jobs': -1, 'penalty': 'elasticnet', 'solver': 'newton-cholesky'}",,,,,,,,109,,,,,,,,109,,,,,,,,109,,,,,,,,109,,,,,,,,109,,,,,,,,109,,,,,,,,109,,,,,,,,109,,,,,,,,109
116,0.001760244369506836,0.0005333141490822513,0.0,0.0,2,False,False,500,-1,elasticnet,newton-cg,"{'C': 2, 'dual': False, 'fit_intercept': False, 'max_iter': 500, 'n_jobs': -1, 'penalty': 'elasticnet', 'solver': 'newton-cg'}",,,,,,,,109,,,,,,,,109,,,,,,,,109,,,,,,,,109,,,,,,,,109,,,,,,,,109,,,,,,,,109,,,,,,,,109,,,,,,,,109
115,0.0021434307098388674,0.000550474400825222,0.0,0.0,2,False,False,500,-1,elasticnet,lbfgs,"{'C': 2, 'dual': False, 'fit_intercept': False, 'max_iter': 500, 'n_jobs': -1, 'penalty': 'elasticnet', 'solver': 'lbfgs'}",,,,,,,,109,,,,,,,,109,,,,,,,,109,,,,,,,,109,,,,,,,,109,,,,,,,,109,,,,,,,,109,,,,,,,,109,,,,,,,,109
127,0.0021715641021728517,0.00046372077519000375,0.0,0.0,3,True,True,500,-1,l2,newton-cholesky,"{'C': 3, 'dual': True, 'fit_intercept': True, 'max_iter': 500, 'n_jobs': -1, 'penalty': 'l2', 'solver': 'newton-cholesky'}",,,,,,,,109,,,,,,,,109,,,,,,,,109,,,,,,,,109,,,,,,,,109,,,,,,,,109,,,,,,,,109,,,,,,,,109,,,,,,,,109
141,0.0012281417846679687,0.0005176648683203127,0.0,0.0,3,True,False,500,-1,l2,newton-cg,"{'C': 3, 'dual': True, 'fit_intercept': False, 'max_iter': 500, 'n_jobs': -1, 'penalty': 'l2', 'solver': 'newton-cg'}",,,,,,,,109,,,,,,,,109,,,,,,,,109,,,,,,,,109,,,,,,,,109,,,,,,,,109,,,,,,,,109,,,,,,,,109,,,,,,,,109
71,0.001954460144042969,0.0006020634143110412,0.0,0.0,2,True,True,500,-1,elasticnet,newton-cg,"{'C': 2, 'dual': True, 'fit_intercept': True, 'max_iter': 500, 'n_jobs': -1, 'penalty': 'elasticnet', 'solver': 'newton-cg'}",,,,,,,,109,,,,,,,,109,,,,,,,,109,,,,,,,,109,,,,,,,,109,,,,,,,,109,,,,,,,,109,,,,,,,,109,,,,,,,,109
69,0.0017075061798095704,0.000394944140729802,0.0,0.0,2,True,True,500,-1,l2,saga,"{'C': 2, 'dual': True, 'fit_intercept': True, 'max_iter': 500, 'n_jobs': -1, 'penalty': 'l2', 'solver': 'saga'}",,,,,,,,109,,,,,,,,109,,,,,,,,109,,,,,,,,109,,,,,,,,109,,,,,,,,109,,,,,,,,109,,,,,,,,109,,,,,,,,109
26,0.0018020153045654296,0.00040014492395945106,0.0,0.0,1,True,False,500,-1,elasticnet,newton-cg,"{'C': 1, 'dual': True, 'fit_intercept': False, 'max_iter': 500, 'n_jobs': -1, 'penalty': 'elasticnet', 'solver': 'newton-cg'}",,,,,,,,109,,,,,,,,109,,,,,,,,109,,,,,,,,109,,,,,,,,109,,,,,,,,109,,,,,,,,109,,,,,,,,109,,,,,,,,109
25,0.002015829086303711,0.00032099312539640533,0.0,0.0,1,True,False,500,-1,elasticnet,lbfgs,"{'C': 1, 'dual': True, 'fit_intercept': False, 'max_iter': 500, 'n_jobs': -1, 'penalty': 'elasticnet', 'solver': 'lbfgs'}",,,,,,,,109,,,,,,,,109,,,,,,,,109,,,,,,,,109,,,,,,,,109,,,,,,,,109,,,,,,,,109,,,,,,,,109,,,,,,,,109
24,0.0018125057220458984,0.0005203716807123313,0.0,0.0,1,True,False,500,-1,l2,saga,"{'C': 1, 'dual': True, 'fit_intercept': False, 'max_iter': 500, 'n_jobs': -1, 'penalty': 'l2', 'solver': 'saga'}",,,,,,,,109,,,,,,,,109,,,,,,,,109,,,,,,,,109,,,,,,,,109,,,,,,,,109,,,,,,,,109,,,,,,,,109,,,,,,,,109
23,0.0016019344329833984,0.0004944795812679144,0.0,0.0,1,True,False,500,-1,l2,sag,"{'C': 1, 'dual': True, 'fit_intercept': False, 'max_iter': 500, 'n_jobs': -1, 'penalty': 'l2', 'solver': 'sag'}",,,,,,,,109,,,,,,,,109,,,,,,,,109,,,,,,,,109,,,,,,,,109,,,,,,,,109,,,,,,,,109,,,,,,,,109,,,,,,,,109
22,0.001509380340576172,0.00044721383389414895,0.0,0.0,1,True,False,500,-1,l2,newton-cholesky,"{'C': 1, 'dual': True, 'fit_intercept': False, 'max_iter': 500, 'n_jobs': -1, 'penalty': 'l2', 'solver': 'newton-cholesky'}",,,,,,,,109,,,,,,,,109,,,,,,,,109,,,,,,,,109,,,,,,,,109,,,,,,,,109,,,,,,,,109,,,,,,,,109,,,,,,,,109
21,0.0017146587371826172,0.00023885303014697492,0.0,0.0,1,True,False,500,-1,l2,newton-cg,"{'C': 1, 'dual': True, 'fit_intercept': False, 'max_iter': 500, 'n_jobs': -1, 'penalty': 'l2', 'solver': 'newton-cg'}",,,,,,,,109,,,,,,,,109,,,,,,,,109,,,,,,,,109,,,,,,,,109,,,,,,,,109,,,,,,,,109,,,,,,,,109,,,,,,,,109
20,0.002213573455810547,0.0006821571055440182,0.0,0.0,1,True,False,500,-1,l2,lbfgs,"{'C': 1, 'dual': True, 'fit_intercept': False, 'max_iter': 500, 'n_jobs': -1, 'penalty': 'l2', 'solver': 'lbfgs'}",,,,,,,,109,,,,,,,,109,,,,,,,,109,,,,,,,,109,,,,,,,,109,,,,,,,,109,,,,,,,,109,,,,,,,,109,,,,,,,,109
19,0.001944589614868164,0.00023159924323091908,0.0,0.0,1,True,False,500,-1,l1,saga,"{'C': 1, 'dual': True, 'fit_intercept': False, 'max_iter': 500, 'n_jobs': -1, 'penalty': 'l1', 'solver': 'saga'}",,,,,,,,109,,,,,,,,109,,,,,,,,109,,,,,,,,109,,,,,,,,109,,,,,,,,109,,,,,,,,109,,,,,,,,109,,,,,,,,109
18,0.002010011672973633,0.00031626019529303084,0.0,0.0,1,True,False,500,-1,l1,sag,"{'C': 1, 'dual': True, 'fit_intercept': False, 'max_iter': 500, 'n_jobs': -1, 'penalty': 'l1', 'solver': 'sag'}",,,,,,,,109,,,,,,,,109,,,,,,,,109,,,,,,,,109,,,,,,,,109,,,,,,,,109,,,,,,,,109,,,,,,,,109,,,,,,,,109
17,0.0015100955963134766,0.000453687976489796,0.0,0.0,1,True,False,500,-1,l1,newton-cholesky,"{'C': 1, 'dual': True, 'fit_intercept': False, 'max_iter': 500, 'n_jobs': -1, 'penalty': 'l1', 'solver': 'newton-cholesky'}",,,,,,,,109,,,,,,,,109,,,,,,,,109,,,,,,,,109,,,,,,,,109,,,,,,,,109,,,,,,,,109,,,,,,,,109,,,,,,,,109
16,0.002108335494995117,0.0003771479892332948,0.0,0.0,1,True,False,500,-1,l1,newton-cg,"{'C': 1, 'dual': True, 'fit_intercept': False, 'max_iter': 500, 'n_jobs': -1, 'penalty': 'l1', 'solver': 'newton-cg'}",,,,,,,,109,,,,,,,,109,,,,,,,,109,,,,,,,,109,,,,,,,,109,,,,,,,,109,,,,,,,,109,,,,,,,,109,,,,,,,,109
15,0.0018115520477294921,0.00040469224396469996,0.0,0.0,1,True,False,500,-1,l1,lbfgs,"{'C': 1, 'dual': True, 'fit_intercept': False, 'max_iter': 500, 'n_jobs': -1, 'penalty': 'l1', 'solver': 'lbfgs'}",,,,,,,,109,,,,,,,,109,,,,,,,,109,,,,,,,,109,,,,,,,,109,,,,,,,,109,,,,,,,,109,,,,,,,,109,,,,,,,,109
27,0.001813507080078125,0.0007633262279741738,0.0,0.0,1,True,False,500,-1,elasticnet,newton-cholesky,"{'C': 1, 'dual': True, 'fit_intercept': False, 'max_iter': 500, 'n_jobs': -1, 'penalty': 'elasticnet', 'solver': 'newton-cholesky'}",,,,,,,,109,,,,,,,,109,,,,,,,,109,,,,,,,,109,,,,,,,,109,,,,,,,,109,,,,,,,,109,,,,,,,,109,,,,,,,,109
14,0.001562213897705078,0.00033286565870696344,0.0,0.0,1,True,True,500,-1,elasticnet,saga,"{'C': 1, 'dual': True, 'fit_intercept': True, 'max_iter': 500, 'n_jobs': -1, 'penalty': 'elasticnet', 'solver': 'saga'}",,,,,,,,109,,,,,,,,109,,,,,,,,109,,,,,,,,109,,,,,,,,109,,,,,,,,109,,,,,,,,109,,,,,,,,109,,,,,,,,109
12,0.0019176006317138672,0.00038200388703250583,0.0,0.0,1,True,True,500,-1,elasticnet,newton-cholesky,"{'C': 1, 'dual': True, 'fit_intercept': True, 'max_iter': 500, 'n_jobs': -1, 'penalty': 'elasticnet', 'solver': 'newton-cholesky'}",,,,,,,,109,,,,,,,,109,,,,,,,,109,,,,,,,,109,,,,,,,,109,,,,,,,,109,,,,,,,,109,,,,,,,,109,,,,,,,,109
11,0.001856851577758789,0.00043400188378013165,0.0,0.0,1,True,True,500,-1,elasticnet,newton-cg,"{'C': 1, 'dual': True, 'fit_intercept': True, 'max_iter': 500, 'n_jobs': -1, 'penalty': 'elasticnet', 'solver': 'newton-cg'}",,,,,,,,109,,,,,,,,109,,,,,,,,109,,,,,,,,109,,,,,,,,109,,,,,,,,109,,,,,,,,109,,,,,,,,109,,,,,,,,109
10,0.002116680145263672,0.0003340094703902527,0.0,0.0,1,True,True,500,-1,elasticnet,lbfgs,"{'C': 1, 'dual': True, 'fit_intercept': True, 'max_iter': 500, 'n_jobs': -1, 'penalty': 'elasticnet', 'solver': 'lbfgs'}",,,,,,,,109,,,,,,,,109,,,,,,,,109,,,,,,,,109,,,,,,,,109,,,,,,,,109,,,,,,,,109,,,,,,,,109,,,,,,,,109
9,0.002511262893676758,0.00045625809098863944,0.0,0.0,1,True,True,500,-1,l2,saga,"{'C': 1, 'dual': True, 'fit_intercept': True, 'max_iter': 500, 'n_jobs': -1, 'penalty': 'l2', 'solver': 'saga'}",,,,,,,,109,,,,,,,,109,,,,,,,,109,,,,,,,,109,,,,,,,,109,,,,,,,,109,,,,,,,,109,,,,,,,,109,,,,,,,,109
8,0.0024141788482666014,0.0005062411122134964,0.0,0.0,1,True,True,500,-1,l2,sag,"{'C': 1, 'dual': True, 'fit_intercept': True, 'max_iter': 500, 'n_jobs': -1, 'penalty': 'l2', 'solver': 'sag'}",,,,,,,,109,,,,,,,,109,,,,,,,,109,,,,,,,,109,,,,,,,,109,,,,,,,,109,,,,,,,,109,,,,,,,,109,,,,,,,,109
7,0.002166891098022461,0.0004953388576557217,0.0,0.0,1,True,True,500,-1,l2,newton-cholesky,"{'C': 1, 'dual': True, 'fit_intercept': True, 'max_iter': 500, 'n_jobs': -1, 'penalty': 'l2', 'solver': 'newton-cholesky'}",,,,,,,,109,,,,,,,,109,,,,,,,,109,,,,,,,,109,,,,,,,,109,,,,,,,,109,,,,,,,,109,,,,,,,,109,,,,,,,,109
6,0.0019121646881103515,0.0008074385046441309,0.0,0.0,1,True,True,500,-1,l2,newton-cg,"{'C': 1, 'dual': True, 'fit_intercept': True, 'max_iter': 500, 'n_jobs': -1, 'penalty': 'l2', 'solver': 'newton-cg'}",,,,,,,,109,,,,,,,,109,,,,,,,,109,,,,,,,,109,,,,,,,,109,,,,,,,,109,,,,,,,,109,,,,,,,,109,,,,,,,,109
5,0.0022122859954833984,0.0002527287770605801,0.0,0.0,1,True,True,500,-1,l2,lbfgs,"{'C': 1, 'dual': True, 'fit_intercept': True, 'max_iter': 500, 'n_jobs': -1, 'penalty': 'l2', 'solver': 'lbfgs'}",,,,,,,,109,,,,,,,,109,,,,,,,,109,,,,,,,,109,,,,,,,,109,,,,,,,,109,,,,,,,,109,,,,,,,,109,,,,,,,,109
4,0.002422046661376953,0.0002025471788949799,0.0,0.0,1,True,True,500,-1,l1,saga,"{'C': 1, 'dual': True, 'fit_intercept': True, 'max_iter': 500, 'n_jobs': -1, 'penalty': 'l1', 'solver': 'saga'}",,,,,,,,109,,,,,,,,109,,,,,,,,109,,,,,,,,109,,,,,,,,109,,,,,,,,109,,,,,,,,109,,,,,,,,109,,,,,,,,109
3,0.00214996337890625,0.00020063767582569763,0.0,0.0,1,True,True,500,-1,l1,sag,"{'C': 1, 'dual': True, 'fit_intercept': True, 'max_iter': 500, 'n_jobs': -1, 'penalty': 'l1', 'solver': 'sag'}",,,,,,,,109,,,,,,,,109,,,,,,,,109,,,,,,,,109,,,,,,,,109,,,,,,,,109,,,,,,,,109,,,,,,,,109,,,,,,,,109
2,0.002470731735229492,0.0007669774277212037,0.0,0.0,1,True,True,500,-1,l1,newton-cholesky,"{'C': 1, 'dual': True, 'fit_intercept': True, 'max_iter': 500, 'n_jobs': -1, 'penalty': 'l1', 'solver': 'newton-cholesky'}",,,,,,,,109,,,,,,,,109,,,,,,,,109,,,,,,,,109,,,,,,,,109,,,,,,,,109,,,,,,,,109,,,,,,,,109,,,,,,,,109
1,0.0028121471405029297,0.0004074745805154749,0.0,0.0,1,True,True,500,-1,l1,newton-cg,"{'C': 1, 'dual': True, 'fit_intercept': True, 'max_iter': 500, 'n_jobs': -1, 'penalty': 'l1', 'solver': 'newton-cg'}",,,,,,,,109,,,,,,,,109,,,,,,,,109,,,,,,,,109,,,,,,,,109,,,,,,,,109,,,,,,,,109,,,,,,,,109,,,,,,,,109
13,0.0019295692443847656,0.0005233725722810444,0.0,0.0,1,True,True,500,-1,elasticnet,sag,"{'C': 1, 'dual': True, 'fit_intercept': True, 'max_iter': 500, 'n_jobs': -1, 'penalty': 'elasticnet', 'solver': 'sag'}",,,,,,,,109,,,,,,,,109,,,,,,,,109,,,,,,,,109,,,,,,,,109,,,,,,,,109,,,,,,,,109,,,,,,,,109,,,,,,,,109
70,0.0016341686248779296,0.0004904471125771863,0.0,0.0,2,True,True,500,-1,elasticnet,lbfgs,"{'C': 2, 'dual': True, 'fit_intercept': True, 'max_iter': 500, 'n_jobs': -1, 'penalty': 'elasticnet', 'solver': 'lbfgs'}",,,,,,,,109,,,,,,,,109,,,,,,,,109,,,,,,,,109,,,,,,,,109,,,,,,,,109,,,,,,,,109,,,,,,,,109,,,,,,,,109
28,0.0018654823303222655,0.0007165860456923393,0.0,0.0,1,True,False,500,-1,elasticnet,sag,"{'C': 1, 'dual': True, 'fit_intercept': False, 'max_iter': 500, 'n_jobs': -1, 'penalty': 'elasticnet', 'solver': 'sag'}",,,,,,,,109,,,,,,,,109,,,,,,,,109,,,,,,,,109,,,,,,,,109,,,,,,,,109,,,,,,,,109,,,,,,,,109,,,,,,,,109
30,0.00212554931640625,0.0004067516940684935,0.0,0.0,1,False,True,500,-1,l1,lbfgs,"{'C': 1, 'dual': False, 'fit_intercept': True, 'max_iter': 500, 'n_jobs': -1, 'penalty': 'l1', 'solver': 'lbfgs'}",,,,,,,,109,,,,,,,,109,,,,,,,,109,,,,,,,,109,,,,,,,,109,,,,,,,,109,,,,,,,,109,,,,,,,,109,,,,,,,,109
68,0.002328777313232422,0.0009416975004779653,0.0,0.0,2,True,True,500,-1,l2,sag,"{'C': 2, 'dual': True, 'fit_intercept': True, 'max_iter': 500, 'n_jobs': -1, 'penalty': 'l2', 'solver': 'sag'}",,,,,,,,109,,,,,,,,109,,,,,,,,109,,,,,,,,109,,,,,,,,109,,,,,,,,109,,,,,,,,109,,,,,,,,109,,,,,,,,109
67,0.0019447803497314453,0.0006012601186178938,0.0,0.0,2,True,True,500,-1,l2,newton-cholesky,"{'C': 2, 'dual': True, 'fit_intercept': True, 'max_iter': 500, 'n_jobs': -1, 'penalty': 'l2', 'solver': 'newton-cholesky'}",,,,,,,,109,,,,,,,,109,,,,,,,,109,,,,,,,,109,,,,,,,,109,,,,,,,,109,,,,,,,,109,,,,,,,,109,,,,,,,,109
66,0.0019323348999023438,0.0006013480234914423,0.0,0.0,2,True,True,500,-1,l2,newton-cg,"{'C': 2, 'dual': True, 'fit_intercept': True, 'max_iter': 500, 'n_jobs': -1, 'penalty': 'l2', 'solver': 'newton-cg'}",,,,,,,,109,,,,,,,,109,,,,,,,,109,,,,,,,,109,,,,,,,,109,,,,,,,,109,,,,,,,,109,,,,,,,,109,,,,,,,,109
65,0.0014142990112304688,0.00024081824979943855,0.0,0.0,2,True,True,500,-1,l2,lbfgs,"{'C': 2, 'dual': True, 'fit_intercept': True, 'max_iter': 500, 'n_jobs': -1, 'penalty': 'l2', 'solver': 'lbfgs'}",,,,,,,,109,,,,,,,,109,,,,,,,,109,,,,,,,,109,,,,,,,,109,,,,,,,,109,,,,,,,,109,,,,,,,,109,,,,,,,,109
64,0.0018167972564697265,0.0006906380641646207,0.0,0.0,2,True,True,500,-1,l1,saga,"{'C': 2, 'dual': True, 'fit_intercept': True, 'max_iter': 500, 'n_jobs': -1, 'penalty': 'l1', 'solver': 'saga'}",,,,,,,,109,,,,,,,,109,,,,,,,,109,,,,,,,,109,,,,,,,,109,,,,,,,,109,,,,,,,,109,,,,,,,,109,,,,,,,,109
63,0.0014168739318847657,0.00037346985155912527,0.0,0.0,2,True,True,500,-1,l1,sag,"{'C': 2, 'dual': True, 'fit_intercept': True, 'max_iter': 500, 'n_jobs': -1, 'penalty': 'l1', 'solver': 'sag'}",,,,,,,,109,,,,,,,,109,,,,,,,,109,,,,,,,,109,,,,,,,,109,,,,,,,,109,,,,,,,,109,,,,,,,,109,,,,,,,,109
62,0.0019310951232910157,0.0005755114685291169,0.0,0.0,2,True,True,500,-1,l1,newton-cholesky,"{'C': 2, 'dual': True, 'fit_intercept': True, 'max_iter': 500, 'n_jobs': -1, 'penalty': 'l1', 'solver': 'newton-cholesky'}",,,,,,,,109,,,,,,,,109,,,,,,,,109,,,,,,,,109,,,,,,,,109,,,,,,,,109,,,,,,,,109,,,,,,,,109,,,,,,,,109
61,0.0019776344299316405,0.0003225924573483754,0.0,0.0,2,True,True,500,-1,l1,newton-cg,"{'C': 2, 'dual': True, 'fit_intercept': True, 'max_iter': 500, 'n_jobs': -1, 'penalty': 'l1', 'solver': 'newton-cg'}",,,,,,,,109,,,,,,,,109,,,,,,,,109,,,,,,,,109,,,,,,,,109,,,,,,,,109,,,,,,,,109,,,,,,,,109,,,,,,,,109
60,0.001405620574951172,0.0004906240201103474,0.0,0.0,2,True,True,500,-1,l1,lbfgs,"{'C': 2, 'dual': True, 'fit_intercept': True, 'max_iter': 500, 'n_jobs': -1, 'penalty': 'l1', 'solver': 'lbfgs'}",,,,,,,,109,,,,,,,,109,,,,,,,,109,,,,,,,,109,,,,,,,,109,,,,,,,,109,,,,,,,,109,,,,,,,,109,,,,,,,,109
59,0.0018130779266357423,0.00024889696574458773,0.0,0.0,1,False,False,500,-1,elasticnet,saga,"{'C': 1, 'dual': False, 'fit_intercept': False, 'max_iter': 500, 'n_jobs': -1, 'penalty': 'elasticnet', 'solver': 'saga'}",,,,,,,,109,,,,,,,,109,,,,,,,,109,,,,,,,,109,,,,,,,,109,,,,,,,,109,,,,,,,,109,,,,,,,,109,,,,,,,,109
58,0.0018035411834716798,0.0002740322039008959,0.0,0.0,1,False,False,500,-1,elasticnet,sag,"{'C': 1, 'dual': False, 'fit_intercept': False, 'max_iter': 500, 'n_jobs': -1, 'penalty': 'elasticnet', 'solver': 'sag'}",,,,,,,,109,,,,,,,,109,,,,,,,,109,,,,,,,,109,,,,,,,,109,,,,,,,,109,,,,,,,,109,,,,,,,,109,,,,,,,,109
57,0.0020171642303466798,0.0005556733311806551,0.0,0.0,1,False,False,500,-1,elasticnet,newton-cholesky,"{'C': 1, 'dual': False, 'fit_intercept': False, 'max_iter': 500, 'n_jobs': -1, 'penalty': 'elasticnet', 'solver': 'newton-cholesky'}",,,,,,,,109,,,,,,,,109,,,,,,,,109,,,,,,,,109,,,,,,,,109,,,,,,,,109,,,,,,,,109,,,,,,,,109,,,,,,,,109
29,0.0018990993499755859,0.0004996305705250975,0.0,0.0,1,True,False,500,-1,elasticnet,saga,"{'C': 1, 'dual': True, 'fit_intercept': False, 'max_iter': 500, 'n_jobs': -1, 'penalty': 'elasticnet', 'solver': 'saga'}",,,,,,,,109,,,,,,,,109,,,,,,,,109,,,,,,,,109,,,,,,,,109,,,,,,,,109,,,,,,,,109,,,,,,,,109,,,,,,,,109
56,0.0018692970275878905,0.0003733649747095707,0.0,0.0,1,False,False,500,-1,elasticnet,newton-cg,"{'C': 1, 'dual': False, 'fit_intercept': False, 'max_iter': 500, 'n_jobs': -1, 'penalty': 'elasticnet', 'solver': 'newton-cg'}",,,,,,,,109,,,,,,,,109,,,,,,,,109,,,,,,,,109,,,,,,,,109,,,,,,,,109,,,,,,,,109,,,,,,,,109,,,,,,,,109
48,0.002236032485961914,0.0003949963888016802,0.0,0.0,1,False,False,500,-1,l1,sag,"{'C': 1, 'dual': False, 'fit_intercept': False, 'max_iter': 500, 'n_jobs': -1, 'penalty': 'l1', 'solver': 'sag'}",,,,,,,,109,,,,,,,,109,,,,,,,,109,,,,,,,,109,,,,,,,,109,,,,,,,,109,,,,,,,,109,,,,,,,,109,,,,,,,,109
47,0.0016991615295410157,0.000389646205148406,0.0,0.0,1,False,False,500,-1,l1,newton-cholesky,"{'C': 1, 'dual': False, 'fit_intercept': False, 'max_iter': 500, 'n_jobs': -1, 'penalty': 'l1', 'solver': 'newton-cholesky'}",,,,,,,,109,,,,,,,,109,,,,,,,,109,,,,,,,,109,,,,,,,,109,,,,,,,,109,,,,,,,,109,,,,,,,,109,,,,,,,,109
46,0.001631307601928711,0.0003957177431214217,0.0,0.0,1,False,False,500,-1,l1,newton-cg,"{'C': 1, 'dual': False, 'fit_intercept': False, 'max_iter': 500, 'n_jobs': -1, 'penalty': 'l1', 'solver': 'newton-cg'}",,,,,,,,109,,,,,,,,109,,,,,,,,109,,,,,,,,109,,,,,,,,109,,,,,,,,109,,,,,,,,109,,,,,,,,109,,,,,,,,109
45,0.002318859100341797,0.0004034549881863844,0.0,0.0,1,False,False,500,-1,l1,lbfgs,"{'C': 1, 'dual': False, 'fit_intercept': False, 'max_iter': 500, 'n_jobs': -1, 'penalty': 'l1', 'solver': 'lbfgs'}",,,,,,,,109,,,,,,,,109,,,,,,,,109,,,,,,,,109,,,,,,,,109,,,,,,,,109,,,,,,,,109,,,,,,,,109,,,,,,,,109
44,0.0017726898193359375,0.0005444274215939079,0.0,0.0,1,False,True,500,-1,elasticnet,saga,"{'C': 1, 'dual': False, 'fit_intercept': True, 'max_iter': 500, 'n_jobs': -1, 'penalty': 'elasticnet', 'solver': 'saga'}",,,,,,,,109,,,,,,,,109,,,,,,,,109,,,,,,,,109,,,,,,,,109,,,,,,,,109,,,,,,,,109,,,,,,,,109,,,,,,,,109
43,0.0018203258514404297,0.00022467821065120342,0.0,0.0,1,False,True,500,-1,elasticnet,sag,"{'C': 1, 'dual': False, 'fit_intercept': True, 'max_iter': 500, 'n_jobs': -1, 'penalty': 'elasticnet', 'solver': 'sag'}",,,,,,,,109,,,,,,,,109,,,,,,,,109,,,,,,,,109,,,,,,,,109,,,,,,,,109,,,,,,,,109,,,,,,,,109,,,,,,,,109
42,0.0019526004791259766,0.0005131593224808578,0.0,0.0,1,False,True,500,-1,elasticnet,newton-cholesky,"{'C': 1, 'dual': False, 'fit_intercept': True, 'max_iter': 500, 'n_jobs': -1, 'penalty': 'elasticnet', 'solver': 'newton-cholesky'}",,,,,,,,109,,,,,,,,109,,,,,,,,109,,,,,,,,109,,,,,,,,109,,,,,,,,109,,,,,,,,109,,,,,,,,109,,,,,,,,109
41,0.0020740985870361327,0.0005612740103601565,0.0,0.0,1,False,True,500,-1,elasticnet,newton-cg,"{'C': 1, 'dual': False, 'fit_intercept': True, 'max_iter': 500, 'n_jobs': -1, 'penalty': 'elasticnet', 'solver': 'newton-cg'}",,,,,,,,109,,,,,,,,109,,,,,,,,109,,,,,,,,109,,,,,,,,109,,,,,,,,109,,,,,,,,109,,,,,,,,109,,,,,,,,109
40,0.0018798828125,0.0004530112715465501,0.0,0.0,1,False,True,500,-1,elasticnet,lbfgs,"{'C': 1, 'dual': False, 'fit_intercept': True, 'max_iter': 500, 'n_jobs': -1, 'penalty': 'elasticnet', 'solver': 'lbfgs'}",,,,,,,,109,,,,,,,,109,,,,,,,,109,,,,,,,,109,,,,,,,,109,,,,,,,,109,,,,,,,,109,,,,,,,,109,,,,,,,,109
33,0.0021094322204589845,0.00020566780978030266,0.0,0.0,1,False,True,500,-1,l1,sag,"{'C': 1, 'dual': False, 'fit_intercept': True, 'max_iter': 500, 'n_jobs': -1, 'penalty': 'l1', 'solver': 'sag'}",,,,,,,,109,,,,,,,,109,,,,,,,,109,,,,,,,,109,,,,,,,,109,,,,,,,,109,,,,,,,,109,,,,,,,,109,,,,,,,,109
32,0.00192718505859375,0.0005909809473476289,0.0,0.0,1,False,True,500,-1,l1,newton-cholesky,"{'C': 1, 'dual': False, 'fit_intercept': True, 'max_iter': 500, 'n_jobs': -1, 'penalty': 'l1', 'solver': 'newton-cholesky'}",,,,,,,,109,,,,,,,,109,,,,,,,,109,,,,,,,,109,,,,,,,,109,,,,,,,,109,,,,,,,,109,,,,,,,,109,,,,,,,,109
31,0.001520538330078125,0.0004531505619801593,0.0,0.0,1,False,True,500,-1,l1,newton-cg,"{'C': 1, 'dual': False, 'fit_intercept': True, 'max_iter': 500, 'n_jobs': -1, 'penalty': 'l1', 'solver': 'newton-cg'}",,,,,,,,109,,,,,,,,109,,,,,,,,109,,,,,,,,109,,,,,,,,109,,,,,,,,109,,,,,,,,109,,,,,,,,109,,,,,,,,109
55,0.0016324996948242187,0.0005965639614321504,0.0,0.0,1,False,False,500,-1,elasticnet,lbfgs,"{'C': 1, 'dual': False, 'fit_intercept': False, 'max_iter': 500, 'n_jobs': -1, 'penalty': 'elasticnet', 'solver': 'lbfgs'}",,,,,,,,109,,,,,,,,109,,,,,,,,109,,,,,,,,109,,,,,,,,109,,,,,,,,109,,,,,,,,109,,,,,,,,109,,,,,,,,109
142,0.0019292831420898438,0.0004972776498599213,0.0,0.0,3,True,False,500,-1,l2,newton-cholesky,"{'C': 3, 'dual': True, 'fit_intercept': False, 'max_iter': 500, 'n_jobs': -1, 'penalty': 'l2', 'solver': 'newton-cholesky'}",,,,,,,,109,,,,,,,,109,,,,,,,,109,,,,,,,,109,,,,,,,,109,,,,,,,,109,,,,,,,,109,,,,,,,,109,,,,,,,,109
143,0.0021208763122558595,0.0004998600619843733,0.0,0.0,3,True,False,500,-1,l2,sag,"{'C': 3, 'dual': True, 'fit_intercept': False, 'max_iter': 500, 'n_jobs': -1, 'penalty': 'l2', 'solver': 'sag'}",,,,,,,,109,,,,,,,,109,,,,,,,,109,,,,,,,,109,,,,,,,,109,,,,,,,,109,,,,,,,,109,,,,,,,,109,,,,,,,,109
144,0.0018198490142822266,0.0008247152643298484,0.0,0.0,3,True,False,500,-1,l2,saga,"{'C': 3, 'dual': True, 'fit_intercept': False, 'max_iter': 500, 'n_jobs': -1, 'penalty': 'l2', 'solver': 'saga'}",,,,,,,,109,,,,,,,,109,,,,,,,,109,,,,,,,,109,,,,,,,,109,,,,,,,,109,,,,,,,,109,,,,,,,,109,,,,,,,,109
255,0.0022294044494628905,0.0002573695332770722,0.0,0.0,5,True,False,500,-1,l1,lbfgs,"{'C': 5, 'dual': True, 'fit_intercept': False, 'max_iter': 500, 'n_jobs': -1, 'penalty': 'l1', 'solver': 'lbfgs'}",,,,,,,,109,,,,,,,,109,,,,,,,,109,,,,,,,,109,,,,,,,,109,,,,,,,,109,,,,,,,,109,,,,,,,,109,,,,,,,,109
254,0.0019243240356445312,0.0005946196148352495,0.0,0.0,5,True,True,500,-1,elasticnet,saga,"{'C': 5, 'dual': True, 'fit_intercept': True, 'max_iter': 500, 'n_jobs': -1, 'penalty': 'elasticnet', 'solver': 'saga'}",,,,,,,,109,,,,,,,,109,,,,,,,,109,,,,,,,,109,,,,,,,,109,,,,,,,,109,,,,,,,,109,,,,,,,,109,,,,,,,,109
253,0.0018772602081298829,0.0005545563135853111,0.0,0.0,5,True,True,500,-1,elasticnet,sag,"{'C': 5, 'dual': True, 'fit_intercept': True, 'max_iter': 500, 'n_jobs': -1, 'penalty': 'elasticnet', 'solver': 'sag'}",,,,,,,,109,,,,,,,,109,,,,,,,,109,,,,,,,,109,,,,,,,,109,,,,,,,,109,,,,,,,,109,,,,,,,,109,,,,,,,,109
252,0.0020670413970947264,0.0004646857595179772,0.0,0.0,5,True,True,500,-1,elasticnet,newton-cholesky,"{'C': 5, 'dual': True, 'fit_intercept': True, 'max_iter': 500, 'n_jobs': -1, 'penalty': 'elasticnet', 'solver': 'newton-cholesky'}",,,,,,,,109,,,,,,,,109,,,,,,,,109,,,,,,,,109,,,,,,,,109,,,,,,,,109,,,,,,,,109,,,,,,,,109,,,,,,,,109
251,0.0016997337341308593,0.0005484500773981945,0.0,0.0,5,True,True,500,-1,elasticnet,newton-cg,"{'C': 5, 'dual': True, 'fit_intercept': True, 'max_iter': 500, 'n_jobs': -1, 'penalty': 'elasticnet', 'solver': 'newton-cg'}",,,,,,,,109,,,,,,,,109,,,,,,,,109,,,,,,,,109,,,,,,,,109,,,,,,,,109,,,,,,,,109,,,,,,,,109,,,,,,,,109
250,0.0017901420593261718,0.0003732267095094175,0.0,0.0,5,True,True,500,-1,elasticnet,lbfgs,"{'C': 5, 'dual': True, 'fit_intercept': True, 'max_iter': 500, 'n_jobs': -1, 'penalty': 'elasticnet', 'solver': 'lbfgs'}",,,,,,,,109,,,,,,,,109,,,,,,,,109,,,,,,,,109,,,,,,,,109,,,,,,,,109,,,,,,,,109,,,,,,,,109,,,,,,,,109
249,0.0021840572357177735,0.0005997539342583469,0.0,0.0,5,True,True,500,-1,l2,saga,"{'C': 5, 'dual': True, 'fit_intercept': True, 'max_iter': 500, 'n_jobs': -1, 'penalty': 'l2', 'solver': 'saga'}",,,,,,,,109,,,,,,,,109,,,,,,,,109,,,,,,,,109,,,,,,,,109,,,,,,,,109,,,,,,,,109,,,,,,,,109,,,,,,,,109
248,0.001782989501953125,0.0005779452171423045,0.0,0.0,5,True,True,500,-1,l2,sag,"{'C': 5, 'dual': True, 'fit_intercept': True, 'max_iter': 500, 'n_jobs': -1, 'penalty': 'l2', 'solver': 'sag'}",,,,,,,,109,,,,,,,,109,,,,,,,,109,,,,,,,,109,,,,,,,,109,,,,,,,,109,,,,,,,,109,,,,,,,,109,,,,,,,,109
247,0.0022573947906494142,0.0007643273723060742,0.0,0.0,5,True,True,500,-1,l2,newton-cholesky,"{'C': 5, 'dual': True, 'fit_intercept': True, 'max_iter': 500, 'n_jobs': -1, 'penalty': 'l2', 'solver': 'newton-cholesky'}",,,,,,,,109,,,,,,,,109,,,,,,,,109,,,,,,,,109,,,,,,,,109,,,,,,,,109,,,,,,,,109,,,,,,,,109,,,,,,,,109
246,0.0019459247589111329,0.00044545570954801337,0.0,0.0,5,True,True,500,-1,l2,newton-cg,"{'C': 5, 'dual': True, 'fit_intercept': True, 'max_iter': 500, 'n_jobs': -1, 'penalty': 'l2', 'solver': 'newton-cg'}",,,,,,,,109,,,,,,,,109,,,,,,,,109,,,,,,,,109,,,,,,,,109,,,,,,,,109,,,,,,,,109,,,,,,,,109,,,,,,,,109
245,0.001542377471923828,0.0003828397646093392,0.0,0.0,5,True,True,500,-1,l2,lbfgs,"{'C': 5, 'dual': True, 'fit_intercept': True, 'max_iter': 500, 'n_jobs': -1, 'penalty': 'l2', 'solver': 'lbfgs'}",,,,,,,,109,,,,,,,,109,,,,,,,,109,,,,,,,,109,,,,,,,,109,,,,,,,,109,,,,,,,,109,,,,,,,,109,,,,,,,,109
244,0.0017539024353027343,0.0004430365502841697,0.0,0.0,5,True,True,500,-1,l1,saga,"{'C': 5, 'dual': True, 'fit_intercept': True, 'max_iter': 500, 'n_jobs': -1, 'penalty': 'l1', 'solver': 'saga'}",,,,,,,,109,,,,,,,,109,,,,,,,,109,,,,,,,,109,,,,,,,,109,,,,,,,,109,,,,,,,,109,,,,,,,,109,,,,,,,,109
256,0.0019471168518066407,0.0006326970286738647,0.0,0.0,5,True,False,500,-1,l1,newton-cg,"{'C': 5, 'dual': True, 'fit_intercept': False, 'max_iter': 500, 'n_jobs': -1, 'penalty': 'l1', 'solver': 'newton-cg'}",,,,,,,,109,,,,,,,,109,,,,,,,,109,,,,,,,,109,,,,,,,,109,,,,,,,,109,,,,,,,,109,,,,,,,,109,,,,,,,,109
243,0.0018375873565673827,0.00026886633886566696,0.0,0.0,5,True,True,500,-1,l1,sag,"{'C': 5, 'dual': True, 'fit_intercept': True, 'max_iter': 500, 'n_jobs': -1, 'penalty': 'l1', 'solver': 'sag'}",,,,,,,,109,,,,,,,,109,,,,,,,,109,,,,,,,,109,,,,,,,,109,,,,,,,,109,,,,,,,,109,,,,,,,,109,,,,,,,,109
241,0.0016180038452148437,0.0004972196368344672,0.0,0.0,5,True,True,500,-1,l1,newton-cg,"{'C': 5, 'dual': True, 'fit_intercept': True, 'max_iter': 500, 'n_jobs': -1, 'penalty': 'l1', 'solver': 'newton-cg'}",,,,,,,,109,,,,,,,,109,,,,,,,,109,,,,,,,,109,,,,,,,,109,,,,,,,,109,,,,,,,,109,,,,,,,,109,,,,,,,,109
240,0.001668405532836914,0.0005992713547147268,0.0,0.0,5,True,True,500,-1,l1,lbfgs,"{'C': 5, 'dual': True, 'fit_intercept': True, 'max_iter': 500, 'n_jobs': -1, 'penalty': 'l1', 'solver': 'lbfgs'}",,,,,,,,109,,,,,,,,109,,,,,,,,109,,,,,,,,109,,,,,,,,109,,,,,,,,109,,,,,,,,109,,,,,,,,109,,,,,,,,109
239,0.0017874717712402343,0.0003770213156563475,0.0,0.0,4,False,False,500,-1,elasticnet,saga,"{'C': 4, 'dual': False, 'fit_intercept': False, 'max_iter': 500, 'n_jobs': -1, 'penalty': 'elasticnet', 'solver': 'saga'}",,,,,,,,109,,,,,,,,109,,,,,,,,109,,,,,,,,109,,,,,,,,109,,,,,,,,109,,,,,,,,109,,,,,,,,109,,,,,,,,109
238,0.0024405956268310548,0.000992667183627565,0.0,0.0,4,False,False,500,-1,elasticnet,sag,"{'C': 4, 'dual': False, 'fit_intercept': False, 'max_iter': 500, 'n_jobs': -1, 'penalty': 'elasticnet', 'solver': 'sag'}",,,,,,,,109,,,,,,,,109,,,,,,,,109,,,,,,,,109,,,,,,,,109,,,,,,,,109,,,,,,,,109,,,,,,,,109,,,,,,,,109
237,0.001823282241821289,0.0006241962614296266,0.0,0.0,4,False,False,500,-1,elasticnet,newton-cholesky,"{'C': 4, 'dual': False, 'fit_intercept': False, 'max_iter': 500, 'n_jobs': -1, 'penalty': 'elasticnet', 'solver': 'newton-cholesky'}",,,,,,,,109,,,,,,,,109,,,,,,,,109,,,,,,,,109,,,,,,,,109,,,,,,,,109,,,,,,,,109,,,,,,,,109,,,,,,,,109
236,0.0034076690673828123,0.003362167895608712,0.0,0.0,4,False,False,500,-1,elasticnet,newton-cg,"{'C': 4, 'dual': False, 'fit_intercept': False, 'max_iter': 500, 'n_jobs': -1, 'penalty': 'elasticnet', 'solver': 'newton-cg'}",,,,,,,,109,,,,,,,,109,,,,,,,,109,,,,,,,,109,,,,,,,,109,,,,,,,,109,,,,,,,,109,,,,,,,,109,,,,,,,,109
235,0.0019076347351074218,0.0005694382355608571,0.0,0.0,4,False,False,500,-1,elasticnet,lbfgs,"{'C': 4, 'dual': False, 'fit_intercept': False, 'max_iter': 500, 'n_jobs': -1, 'penalty': 'elasticnet', 'solver': 'lbfgs'}",,,,,,,,109,,,,,,,,109,,,,,,,,109,,,,,,,,109,,,,,,,,109,,,,,,,,109,,,,,,,,109,,,,,,,,109,,,,,,,,109
228,0.00202484130859375,0.0003194597365361166,0.0,0.0,4,False,False,500,-1,l1,sag,"{'C': 4, 'dual': False, 'fit_intercept': False, 'max_iter': 500, 'n_jobs': -1, 'penalty': 'l1', 'solver': 'sag'}",,,,,,,,109,,,,,,,,109,,,,,,,,109,,,,,,,,109,,,,,,,,109,,,,,,,,109,,,,,,,,109,,,,,,,,109,,,,,,,,109
227,0.002855730056762695,0.0009657446239450431,0.0,0.0,4,False,False,500,-1,l1,newton-cholesky,"{'C': 4, 'dual': False, 'fit_intercept': False, 'max_iter': 500, 'n_jobs': -1, 'penalty': 'l1', 'solver': 'newton-cholesky'}",,,,,,,,109,,,,,,,,109,,,,,,,,109,,,,,,,,109,,,,,,,,109,,,,,,,,109,,,,,,,,109,,,,,,,,109,,,,,,,,109
226,0.0017459869384765625,0.0006189620249994459,0.0,0.0,4,False,False,500,-1,l1,newton-cg,"{'C': 4, 'dual': False, 'fit_intercept': False, 'max_iter': 500, 'n_jobs': -1, 'penalty': 'l1', 'solver': 'newton-cg'}",,,,,,,,109,,,,,,,,109,,,,,,,,109,,,,,,,,109,,,,,,,,109,,,,,,,,109,,,,,,,,109,,,,,,,,109,,,,,,,,109
225,0.002075386047363281,0.0002712535608360886,0.0,0.0,4,False,False,500,-1,l1,lbfgs,"{'C': 4, 'dual': False, 'fit_intercept': False, 'max_iter': 500, 'n_jobs': -1, 'penalty': 'l1', 'solver': 'lbfgs'}",,,,,,,,109,,,,,,,,109,,,,,,,,109,,,,,,,,109,,,,,,,,109,,,,,,,,109,,,,,,,,109,,,,,,,,109,,,,,,,,109
224,0.0018999576568603516,0.0005249138790279766,0.0,0.0,4,False,True,500,-1,elasticnet,saga,"{'C': 4, 'dual': False, 'fit_intercept': True, 'max_iter': 500, 'n_jobs': -1, 'penalty': 'elasticnet', 'solver': 'saga'}",,,,,,,,109,,,,,,,,109,,,,,,,,109,,,,,,,,109,,,,,,,,109,,,,,,,,109,,,,,,,,109,,,,,,,,109,,,,,,,,109
242,0.001978158950805664,0.0005556018090714051,0.0,0.0,5,True,True,500,-1,l1,newton-cholesky,"{'C': 5, 'dual': True, 'fit_intercept': True, 'max_iter': 500, 'n_jobs': -1, 'penalty': 'l1', 'solver': 'newton-cholesky'}",,,,,,,,109,,,,,,,,109,,,,,,,,109,,,,,,,,109,,,,,,,,109,,,,,,,,109,,,,,,,,109,,,,,,,,109,,,,,,,,109
223,0.002187156677246094,0.00037508959555734096,0.0,0.0,4,False,True,500,-1,elasticnet,sag,"{'C': 4, 'dual': False, 'fit_intercept': True, 'max_iter': 500, 'n_jobs': -1, 'penalty': 'elasticnet', 'solver': 'sag'}",,,,,,,,109,,,,,,,,109,,,,,,,,109,,,,,,,,109,,,,,,,,109,,,,,,,,109,,,,,,,,109,,,,,,,,109,,,,,,,,109
257,0.002068948745727539,0.0005668056494572312,0.0,0.0,5,True,False,500,-1,l1,newton-cholesky,"{'C': 5, 'dual': True, 'fit_intercept': False, 'max_iter': 500, 'n_jobs': -1, 'penalty': 'l1', 'solver': 'newton-cholesky'}",,,,,,,,109,,,,,,,,109,,,,,,,,109,,,,,,,,109,,,,,,,,109,,,,,,,,109,,,,,,,,109,,,,,,,,109,,,,,,,,109
259,0.002004575729370117,0.0005461018727040545,0.0,0.0,5,True,False,500,-1,l1,saga,"{'C': 5, 'dual': True, 'fit_intercept': False, 'max_iter': 500, 'n_jobs': -1, 'penalty': 'l1', 'solver': 'saga'}",,,,,,,,109,,,,,,,,109,,,,,,,,109,,,,,,,,109,,,,,,,,109,,,,,,,,109,,,,,,,,109,,,,,,,,109,,,,,,,,109
297,0.002039003372192383,0.0005579246694630666,0.0,0.0,5,False,False,500,-1,elasticnet,newton-cholesky,"{'C': 5, 'dual': False, 'fit_intercept': False, 'max_iter': 500, 'n_jobs': -1, 'penalty': 'elasticnet', 'solver': 'newton-cholesky'}",,,,,,,,109,,,,,,,,109,,,,,,,,109,,,,,,,,109,,,,,,,,109,,,,,,,,109,,,,,,,,109,,,,,,,,109,,,,,,,,109
296,0.0027634143829345704,0.0030857122774110702,0.0,0.0,5,False,False,500,-1,elasticnet,newton-cg,"{'C': 5, 'dual': False, 'fit_intercept': False, 'max_iter': 500, 'n_jobs': -1, 'penalty': 'elasticnet', 'solver': 'newton-cg'}",,,,,,,,109,,,,,,,,109,,,,,,,,109,,,,,,,,109,,,,,,,,109,,,,,,,,109,,,,,,,,109,,,,,,,,109,,,,,,,,109
295,0.0016427993774414062,0.0009645047988890899,0.0,0.0,5,False,False,500,-1,elasticnet,lbfgs,"{'C': 5, 'dual': False, 'fit_intercept': False, 'max_iter': 500, 'n_jobs': -1, 'penalty': 'elasticnet', 'solver': 'lbfgs'}",,,,,,,,109,,,,,,,,109,,,,,,,,109,,,,,,,,109,,,,,,,,109,,,,,,,,109,,,,,,,,109,,,,,,,,109,,,,,,,,109
288,0.0023024559020996095,0.00037828794579795714,0.0,0.0,5,False,False,500,-1,l1,sag,"{'C': 5, 'dual': False, 'fit_intercept': False, 'max_iter': 500, 'n_jobs': -1, 'penalty': 'l1', 'solver': 'sag'}",,,,,,,,109,,,,,,,,109,,,,,,,,109,,,,,,,,109,,,,,,,,109,,,,,,,,109,,,,,,,,109,,,,,,,,109,,,,,,,,109
287,0.002369594573974609,0.0004956621547004259,0.0,0.0,5,False,False,500,-1,l1,newton-cholesky,"{'C': 5, 'dual': False, 'fit_intercept': False, 'max_iter': 500, 'n_jobs': -1, 'penalty': 'l1', 'solver': 'newton-cholesky'}",,,,,,,,109,,,,,,,,109,,,,,,,,109,,,,,,,,109,,,,,,,,109,,,,,,,,109,,,,,,,,109,,,,,,,,109,,,,,,,,109
286,0.002216482162475586,0.00040585967759528647,0.0,0.0,5,False,False,500,-1,l1,newton-cg,"{'C': 5, 'dual': False, 'fit_intercept': False, 'max_iter': 500, 'n_jobs': -1, 'penalty': 'l1', 'solver': 'newton-cg'}",,,,,,,,109,,,,,,,,109,,,,,,,,109,,,,,,,,109,,,,,,,,109,,,,,,,,109,,,,,,,,109,,,,,,,,109,,,,,,,,109
285,0.0016816616058349609,0.0007584056791193098,0.0,0.0,5,False,False,500,-1,l1,lbfgs,"{'C': 5, 'dual': False, 'fit_intercept': False, 'max_iter': 500, 'n_jobs': -1, 'penalty': 'l1', 'solver': 'lbfgs'}",,,,,,,,109,,,,,,,,109,,,,,,,,109,,,,,,,,109,,,,,,,,109,,,,,,,,109,,,,,,,,109,,,,,,,,109,,,,,,,,109
284,0.0018165111541748047,0.00019708684046067544,0.0,0.0,5,False,True,500,-1,elasticnet,saga,"{'C': 5, 'dual': False, 'fit_intercept': True, 'max_iter': 500, 'n_jobs': -1, 'penalty': 'elasticnet', 'solver': 'saga'}",,,,,,,,109,,,,,,,,109,,,,,,,,109,,,,,,,,109,,,,,,,,109,,,,,,,,109,,,,,,,,109,,,,,,,,109,,,,,,,,109
283,0.003276348114013672,0.0016718335712056715,0.0,0.0,5,False,True,500,-1,elasticnet,sag,"{'C': 5, 'dual': False, 'fit_intercept': True, 'max_iter': 500, 'n_jobs': -1, 'penalty': 'elasticnet', 'solver': 'sag'}",,,,,,,,109,,,,,,,,109,,,,,,,,109,,,,,,,,109,,,,,,,,109,,,,,,,,109,,,,,,,,109,,,,,,,,109,,,,,,,,109
282,0.002527666091918945,0.0012984540535970282,0.0,0.0,5,False,True,500,-1,elasticnet,newton-cholesky,"{'C': 5, 'dual': False, 'fit_intercept': True, 'max_iter': 500, 'n_jobs': -1, 'penalty': 'elasticnet', 'solver': 'newton-cholesky'}",,,,,,,,109,,,,,,,,109,,,,,,,,109,,,,,,,,109,,,,,,,,109,,,,,,,,109,,,,,,,,109,,,,,,,,109,,,,,,,,109
281,0.0019124984741210938,0.00065598684903882,0.0,0.0,5,False,True,500,-1,elasticnet,newton-cg,"{'C': 5, 'dual': False, 'fit_intercept': True, 'max_iter': 500, 'n_jobs': -1, 'penalty': 'elasticnet', 'solver': 'newton-cg'}",,,,,,,,109,,,,,,,,109,,,,,,,,109,,,,,,,,109,,,,,,,,109,,,,,,,,109,,,,,,,,109,,,,,,,,109,,,,,,,,109
280,0.001995229721069336,0.00023433262564888518,0.0,0.0,5,False,True,500,-1,elasticnet,lbfgs,"{'C': 5, 'dual': False, 'fit_intercept': True, 'max_iter': 500, 'n_jobs': -1, 'penalty': 'elasticnet', 'solver': 'lbfgs'}",,,,,,,,109,,,,,,,,109,,,,,,,,109,,,,,,,,109,,,,,,,,109,,,,,,,,109,,,,,,,,109,,,,,,,,109,,,,,,,,109
258,0.0020336151123046876,0.000562042672969116,0.0,0.0,5,True,False,500,-1,l1,sag,"{'C': 5, 'dual': True, 'fit_intercept': False, 'max_iter': 500, 'n_jobs': -1, 'penalty': 'l1', 'solver': 'sag'}",,,,,,,,109,,,,,,,,109,,,,,,,,109,,,,,,,,109,,,,,,,,109,,,,,,,,109,,,,,,,,109,,,,,,,,109,,,,,,,,109
273,0.0021964550018310548,0.0005243998431238932,0.0,0.0,5,False,True,500,-1,l1,sag,"{'C': 5, 'dual': False, 'fit_intercept': True, 'max_iter': 500, 'n_jobs': -1, 'penalty': 'l1', 'solver': 'sag'}",,,,,,,,109,,,,,,,,109,,,,,,,,109,,,,,,,,109,,,,,,,,109,,,,,,,,109,,,,,,,,109,,,,,,,,109,,,,,,,,109
271,0.0014262676239013671,0.0003878143430762714,0.0,0.0,5,False,True,500,-1,l1,newton-cg,"{'C': 5, 'dual': False, 'fit_intercept': True, 'max_iter': 500, 'n_jobs': -1, 'penalty': 'l1', 'solver': 'newton-cg'}",,,,,,,,109,,,,,,,,109,,,,,,,,109,,,,,,,,109,,,,,,,,109,,,,,,,,109,,,,,,,,109,,,,,,,,109,,,,,,,,109
270,0.002359151840209961,0.001314747636119225,0.0,0.0,5,False,True,500,-1,l1,lbfgs,"{'C': 5, 'dual': False, 'fit_intercept': True, 'max_iter': 500, 'n_jobs': -1, 'penalty': 'l1', 'solver': 'lbfgs'}",,,,,,,,109,,,,,,,,109,,,,,,,,109,,,,,,,,109,,,,,,,,109,,,,,,,,109,,,,,,,,109,,,,,,,,109,,,,,,,,109
538,0.0015614986419677734,0.0003199654292561094,0.0,0.0,9,False,False,500,-1,elasticnet,sag,"{'C': 9, 'dual': False, 'fit_intercept': False, 'max_iter': 500, 'n_jobs': -1, 'penalty': 'elasticnet', 'solver': 'sag'}",,,,,,,,109,,,,,,,,109,,,,,,,,109,,,,,,,,109,,,,,,,,109,,,,,,,,109,,,,,,,,109,,,,,,,,109,,,,,,,,109
268,0.0016123294830322266,0.00037374922921993165,0.0,0.0,5,True,False,500,-1,elasticnet,sag,"{'C': 5, 'dual': True, 'fit_intercept': False, 'max_iter': 500, 'n_jobs': -1, 'penalty': 'elasticnet', 'solver': 'sag'}",,,,,,,,109,,,,,,,,109,,,,,,,,109,,,,,,,,109,,,,,,,,109,,,,,,,,109,,,,,,,,109,,,,,,,,109,,,,,,,,109
267,0.0016355514526367188,0.0001615975732342074,0.0,0.0,5,True,False,500,-1,elasticnet,newton-cholesky,"{'C': 5, 'dual': True, 'fit_intercept': False, 'max_iter': 500, 'n_jobs': -1, 'penalty': 'elasticnet', 'solver': 'newton-cholesky'}",,,,,,,,109,,,,,,,,109,,,,,,,,109,,,,,,,,109,,,,,,,,109,,,,,,,,109,,,,,,,,109,,,,,,,,109,,,,,,,,109
266,0.0021239757537841798,0.0008194722103539694,0.0,0.0,5,True,False,500,-1,elasticnet,newton-cg,"{'C': 5, 'dual': True, 'fit_intercept': False, 'max_iter': 500, 'n_jobs': -1, 'penalty': 'elasticnet', 'solver': 'newton-cg'}",,,,,,,,109,,,,,,,,109,,,,,,,,109,,,,,,,,109,,,,,,,,109,,,,,,,,109,,,,,,,,109,,,,,,,,109,,,,,,,,109
265,0.0028198719024658202,0.0016064829031266863,0.0,0.0,5,True,False,500,-1,elasticnet,lbfgs,"{'C': 5, 'dual': True, 'fit_intercept': False, 'max_iter': 500, 'n_jobs': -1, 'penalty': 'elasticnet', 'solver': 'lbfgs'}",,,,,,,,109,,,,,,,,109,,,,,,,,109,,,,,,,,109,,,,,,,,109,,,,,,,,109,,,,,,,,109,,,,,,,,109,,,,,,,,109
264,0.002820253372192383,0.0010484504225203345,0.0,0.0,5,True,False,500,-1,l2,saga,"{'C': 5, 'dual': True, 'fit_intercept': False, 'max_iter': 500, 'n_jobs': -1, 'penalty': 'l2', 'solver': 'saga'}",,,,,,,,109,,,,,,,,109,,,,,,,,109,,,,,,,,109,,,,,,,,109,,,,,,,,109,,,,,,,,109,,,,,,,,109,,,,,,,,109
263,0.0016758441925048828,0.0003887419721090999,0.0,0.0,5,True,False,500,-1,l2,sag,"{'C': 5, 'dual': True, 'fit_intercept': False, 'max_iter': 500, 'n_jobs': -1, 'penalty': 'l2', 'solver': 'sag'}",,,,,,,,109,,,,,,,,109,,,,,,,,109,,,,,,,,109,,,,,,,,109,,,,,,,,109,,,,,,,,109,,,,,,,,109,,,,,,,,109
262,0.0022426605224609374,0.00040205190561216155,0.0,0.0,5,True,False,500,-1,l2,newton-cholesky,"{'C': 5, 'dual': True, 'fit_intercept': False, 'max_iter': 500, 'n_jobs': -1, 'penalty': 'l2', 'solver': 'newton-cholesky'}",,,,,,,,109,,,,,,,,109,,,,,,,,109,,,,,,,,109,,,,,,,,109,,,,,,,,109,,,,,,,,109,,,,,,,,109,,,,,,,,109
261,0.001958465576171875,0.00032830332185920005,0.0,0.0,5,True,False,500,-1,l2,newton-cg,"{'C': 5, 'dual': True, 'fit_intercept': False, 'max_iter': 500, 'n_jobs': -1, 'penalty': 'l2', 'solver': 'newton-cg'}",,,,,,,,109,,,,,,,,109,,,,,,,,109,,,,,,,,109,,,,,,,,109,,,,,,,,109,,,,,,,,109,,,,,,,,109,,,,,,,,109
260,0.002075958251953125,0.00030381990770315763,0.0,0.0,5,True,False,500,-1,l2,lbfgs,"{'C': 5, 'dual': True, 'fit_intercept': False, 'max_iter': 500, 'n_jobs': -1, 'penalty': 'l2', 'solver': 'lbfgs'}",,,,,,,,109,,,,,,,,109,,,,,,,,109,,,,,,,,109,,,,,,,,109,,,,,,,,109,,,,,,,,109,,,,,,,,109,,,,,,,,109
272,0.0014925956726074218,0.00037274829438945986,0.0,0.0,5,False,True,500,-1,l1,newton-cholesky,"{'C': 5, 'dual': False, 'fit_intercept': True, 'max_iter': 500, 'n_jobs': -1, 'penalty': 'l1', 'solver': 'newton-cholesky'}",,,,,,,,109,,,,,,,,109,,,,,,,,109,,,,,,,,109,,,,,,,,109,,,,,,,,109,,,,,,,,109,,,,,,,,109,,,,,,,,109
222,0.0017060279846191407,0.0003928989342768432,0.0,0.0,4,False,True,500,-1,elasticnet,newton-cholesky,"{'C': 4, 'dual': False, 'fit_intercept': True, 'max_iter': 500, 'n_jobs': -1, 'penalty': 'elasticnet', 'solver': 'newton-cholesky'}",,,,,,,,109,,,,,,,,109,,,,,,,,109,,,,,,,,109,,,,,,,,109,,,,,,,,109,,,,,,,,109,,,,,,,,109,,,,,,,,109
221,0.0023089885711669923,0.0007867349639882149,0.0,0.0,4,False,True,500,-1,elasticnet,newton-cg,"{'C': 4, 'dual': False, 'fit_intercept': True, 'max_iter': 500, 'n_jobs': -1, 'penalty': 'elasticnet', 'solver': 'newton-cg'}",,,,,,,,109,,,,,,,,109,,,,,,,,109,,,,,,,,109,,,,,,,,109,,,,,,,,109,,,,,,,,109,,,,,,,,109,,,,,,,,109
220,0.0019426822662353515,0.00036797348940006324,0.0,0.0,4,False,True,500,-1,elasticnet,lbfgs,"{'C': 4, 'dual': False, 'fit_intercept': True, 'max_iter': 500, 'n_jobs': -1, 'penalty': 'elasticnet', 'solver': 'lbfgs'}",,,,,,,,109,,,,,,,,109,,,,,,,,109,,,,,,,,109,,,,,,,,109,,,,,,,,109,,,,,,,,109,,,,,,,,109,,,,,,,,109
182,0.0022146224975585936,0.0003966874608016642,0.0,0.0,4,True,True,500,-1,l1,newton-cholesky,"{'C': 4, 'dual': True, 'fit_intercept': True, 'max_iter': 500, 'n_jobs': -1, 'penalty': 'l1', 'solver': 'newton-cholesky'}",,,,,,,,109,,,,,,,,109,,,,,,,,109,,,,,,,,109,,,,,,,,109,,,,,,,,109,,,,,,,,109,,,,,,,,109,,,,,,,,109
181,0.0016113758087158204,0.0004938025232254799,0.0,0.0,4,True,True,500,-1,l1,newton-cg,"{'C': 4, 'dual': True, 'fit_intercept': True, 'max_iter': 500, 'n_jobs': -1, 'penalty': 'l1', 'solver': 'newton-cg'}",,,,,,,,109,,,,,,,,109,,,,,,,,109,,,,,,,,109,,,,,,,,109,,,,,,,,109,,,,,,,,109,,,,,,,,109,,,,,,,,109
180,0.001457548141479492,0.0004546779601490017,0.0,0.0,4,True,True,500,-1,l1,lbfgs,"{'C': 4, 'dual': True, 'fit_intercept': True, 'max_iter': 500, 'n_jobs': -1, 'penalty': 'l1', 'solver': 'lbfgs'}",,,,,,,,109,,,,,,,,109,,,,,,,,109,,,,,,,,109,,,,,,,,109,,,,,,,,109,,,,,,,,109,,,,,,,,109,,,,,,,,109
179,0.002333927154541016,0.00024950603520450807,0.0,0.0,3,False,False,500,-1,elasticnet,saga,"{'C': 3, 'dual': False, 'fit_intercept': False, 'max_iter': 500, 'n_jobs': -1, 'penalty': 'elasticnet', 'solver': 'saga'}",,,,,,,,109,,,,,,,,109,,,,,,,,109,,,,,,,,109,,,,,,,,109,,,,,,,,109,,,,,,,,109,,,,,,,,109,,,,,,,,109
178,0.002016496658325195,0.0009621834395722946,0.0,0.0,3,False,False,500,-1,elasticnet,sag,"{'C': 3, 'dual': False, 'fit_intercept': False, 'max_iter': 500, 'n_jobs': -1, 'penalty': 'elasticnet', 'solver': 'sag'}",,,,,,,,109,,,,,,,,109,,,,,,,,109,,,,,,,,109,,,,,,,,109,,,,,,,,109,,,,,,,,109,,,,,,,,109,,,,,,,,109
177,0.0015616893768310546,0.0003387916230698688,0.0,0.0,3,False,False,500,-1,elasticnet,newton-cholesky,"{'C': 3, 'dual': False, 'fit_intercept': False, 'max_iter': 500, 'n_jobs': -1, 'penalty': 'elasticnet', 'solver': 'newton-cholesky'}",,,,,,,,109,,,,,,,,109,,,,,,,,109,,,,,,,,109,,,,,,,,109,,,,,,,,109,,,,,,,,109,,,,,,,,109,,,,,,,,109
176,0.0014023780822753906,0.00021249037638277902,0.0,0.0,3,False,False,500,-1,elasticnet,newton-cg,"{'C': 3, 'dual': False, 'fit_intercept': False, 'max_iter': 500, 'n_jobs': -1, 'penalty': 'elasticnet', 'solver': 'newton-cg'}",,,,,,,,109,,,,,,,,109,,,,,,,,109,,,,,,,,109,,,,,,,,109,,,,,,,,109,,,,,,,,109,,,,,,,,109,,,,,,,,109
175,0.0021837711334228515,0.000834439830399629,0.0,0.0,3,False,False,500,-1,elasticnet,lbfgs,"{'C': 3, 'dual': False, 'fit_intercept': False, 'max_iter': 500, 'n_jobs': -1, 'penalty': 'elasticnet', 'solver': 'lbfgs'}",,,,,,,,109,,,,,,,,109,,,,,,,,109,,,,,,,,109,,,,,,,,109,,,,,,,,109,,,,,,,,109,,,,,,,,109,,,,,,,,109
168,0.0017641067504882812,0.0005820957730018684,0.0,0.0,3,False,False,500,-1,l1,sag,"{'C': 3, 'dual': False, 'fit_intercept': False, 'max_iter': 500, 'n_jobs': -1, 'penalty': 'l1', 'solver': 'sag'}",,,,,,,,109,,,,,,,,109,,,,,,,,109,,,,,,,,109,,,,,,,,109,,,,,,,,109,,,,,,,,109,,,,,,,,109,,,,,,,,109
167,0.0018703460693359375,0.0004292278861010367,0.0,0.0,3,False,False,500,-1,l1,newton-cholesky,"{'C': 3, 'dual': False, 'fit_intercept': False, 'max_iter': 500, 'n_jobs': -1, 'penalty': 'l1', 'solver': 'newton-cholesky'}",,,,,,,,109,,,,,,,,109,,,,,,,,109,,,,,,,,109,,,,,,,,109,,,,,,,,109,,,,,,,,109,,,,,,,,109,,,,,,,,109
166,0.0021205425262451174,0.001019500452492147,0.0,0.0,3,False,False,500,-1,l1,newton-cg,"{'C': 3, 'dual': False, 'fit_intercept': False, 'max_iter': 500, 'n_jobs': -1, 'penalty': 'l1', 'solver': 'newton-cg'}",,,,,,,,109,,,,,,,,109,,,,,,,,109,,,,,,,,109,,,,,,,,109,,,,,,,,109,,,,,,,,109,,,,,,,,109,,,,,,,,109
165,0.001868295669555664,0.0004326603284741091,0.0,0.0,3,False,False,500,-1,l1,lbfgs,"{'C': 3, 'dual': False, 'fit_intercept': False, 'max_iter': 500, 'n_jobs': -1, 'penalty': 'l1', 'solver': 'lbfgs'}",,,,,,,,109,,,,,,,,109,,,,,,,,109,,,,,,,,109,,,,,,,,109,,,,,,,,109,,,,,,,,109,,,,,,,,109,,,,,,,,109
183,0.0019933223724365235,0.00046975015773349175,0.0,0.0,4,True,True,500,-1,l1,sag,"{'C': 4, 'dual': True, 'fit_intercept': True, 'max_iter': 500, 'n_jobs': -1, 'penalty': 'l1', 'solver': 'sag'}",,,,,,,,109,,,,,,,,109,,,,,,,,109,,,,,,,,109,,,,,,,,109,,,,,,,,109,,,,,,,,109,,,,,,,,109,,,,,,,,109
164,0.0018871307373046875,0.0005406140182352007,0.0,0.0,3,False,True,500,-1,elasticnet,saga,"{'C': 3, 'dual': False, 'fit_intercept': True, 'max_iter': 500, 'n_jobs': -1, 'penalty': 'elasticnet', 'solver': 'saga'}",,,,,,,,109,,,,,,,,109,,,,,,,,109,,,,,,,,109,,,,,,,,109,,,,,,,,109,,,,,,,,109,,,,,,,,109,,,,,,,,109
162,0.001508045196533203,0.00044608758129676985,0.0,0.0,3,False,True,500,-1,elasticnet,newton-cholesky,"{'C': 3, 'dual': False, 'fit_intercept': True, 'max_iter': 500, 'n_jobs': -1, 'penalty': 'elasticnet', 'solver': 'newton-cholesky'}",,,,,,,,109,,,,,,,,109,,,,,,,,109,,,,,,,,109,,,,,,,,109,,,,,,,,109,,,,,,,,109,,,,,,,,109,,,,,,,,109
161,0.002092266082763672,0.000605653822526954,0.0,0.0,3,False,True,500,-1,elasticnet,newton-cg,"{'C': 3, 'dual': False, 'fit_intercept': True, 'max_iter': 500, 'n_jobs': -1, 'penalty': 'elasticnet', 'solver': 'newton-cg'}",,,,,,,,109,,,,,,,,109,,,,,,,,109,,,,,,,,109,,,,,,,,109,,,,,,,,109,,,,,,,,109,,,,,,,,109,,,,,,,,109
160,0.0019196510314941407,0.0003787532465623342,0.0,0.0,3,False,True,500,-1,elasticnet,lbfgs,"{'C': 3, 'dual': False, 'fit_intercept': True, 'max_iter': 500, 'n_jobs': -1, 'penalty': 'elasticnet', 'solver': 'lbfgs'}",,,,,,,,109,,,,,,,,109,,,,,,,,109,,,,,,,,109,,,,,,,,109,,,,,,,,109,,,,,,,,109,,,,,,,,109,,,,,,,,109
153,0.001813983917236328,0.00023562234497205394,0.0,0.0,3,False,True,500,-1,l1,sag,"{'C': 3, 'dual': False, 'fit_intercept': True, 'max_iter': 500, 'n_jobs': -1, 'penalty': 'l1', 'solver': 'sag'}",,,,,,,,109,,,,,,,,109,,,,,,,,109,,,,,,,,109,,,,,,,,109,,,,,,,,109,,,,,,,,109,,,,,,,,109,,,,,,,,109
152,0.0017138004302978515,0.0006059575500707476,0.0,0.0,3,False,True,500,-1,l1,newton-cholesky,"{'C': 3, 'dual': False, 'fit_intercept': True, 'max_iter': 500, 'n_jobs': -1, 'penalty': 'l1', 'solver': 'newton-cholesky'}",,,,,,,,109,,,,,,,,109,,,,,,,,109,,,,,,,,109,,,,,,,,109,,,,,,,,109,,,,,,,,109,,,,,,,,109,,,,,,,,109
151,0.002090167999267578,0.00036363407222528976,0.0,0.0,3,False,True,500,-1,l1,newton-cg,"{'C': 3, 'dual': False, 'fit_intercept': True, 'max_iter': 500, 'n_jobs': -1, 'penalty': 'l1', 'solver': 'newton-cg'}",,,,,,,,109,,,,,,,,109,,,,,,,,109,,,,,,,,109,,,,,,,,109,,,,,,,,109,,,,,,,,109,,,,,,,,109,,,,,,,,109
150,0.003726816177368164,0.004492989315399824,0.0,0.0,3,False,True,500,-1,l1,lbfgs,"{'C': 3, 'dual': False, 'fit_intercept': True, 'max_iter': 500, 'n_jobs': -1, 'penalty': 'l1', 'solver': 'lbfgs'}",,,,,,,,109,,,,,,,,109,,,,,,,,109,,,,,,,,109,,,,,,,,109,,,,,,,,109,,,,,,,,109,,,,,,,,109,,,,,,,,109
149,0.0017730236053466798,0.0005463957670822883,0.0,0.0,3,True,False,500,-1,elasticnet,saga,"{'C': 3, 'dual': True, 'fit_intercept': False, 'max_iter': 500, 'n_jobs': -1, 'penalty': 'elasticnet', 'solver': 'saga'}",,,,,,,,109,,,,,,,,109,,,,,,,,109,,,,,,,,109,,,,,,,,109,,,,,,,,109,,,,,,,,109,,,,,,,,109,,,,,,,,109
148,0.0024414539337158205,0.0006204688105070513,0.0,0.0,3,True,False,500,-1,elasticnet,sag,"{'C': 3, 'dual': True, 'fit_intercept': False, 'max_iter': 500, 'n_jobs': -1, 'penalty': 'elasticnet', 'solver': 'sag'}",,,,,,,,109,,,,,,,,109,,,,,,,,109,,,,,,,,109,,,,,,,,109,,,,,,,,109,,,,,,,,109,,,,,,,,109,,,,,,,,109
147,0.002071094512939453,0.00033207065685017875,0.0,0.0,3,True,False,500,-1,elasticnet,newton-cholesky,"{'C': 3, 'dual': True, 'fit_intercept': False, 'max_iter': 500, 'n_jobs': -1, 'penalty': 'elasticnet', 'solver': 'newton-cholesky'}",,,,,,,,109,,,,,,,,109,,,,,,,,109,,,,,,,,109,,,,,,,,109,,,,,,,,109,,,,,,,,109,,,,,,,,109,,,,,,,,109
146,0.002023601531982422,0.0010177435589232727,0.0,0.0,3,True,False,500,-1,elasticnet,newton-cg,"{'C': 3, 'dual': True, 'fit_intercept': False, 'max_iter': 500, 'n_jobs': -1, 'penalty': 'elasticnet', 'solver': 'newton-cg'}",,,,,,,,109,,,,,,,,109,,,,,,,,109,,,,,,,,109,,,,,,,,109,,,,,,,,109,,,,,,,,109,,,,,,,,109,,,,,,,,109
145,0.001396512985229492,0.00023987096910438153,0.0,0.0,3,True,False,500,-1,elasticnet,lbfgs,"{'C': 3, 'dual': True, 'fit_intercept': False, 'max_iter': 500, 'n_jobs': -1, 'penalty': 'elasticnet', 'solver': 'lbfgs'}",,,,,,,,109,,,,,,,,109,,,,,,,,109,,,,,,,,109,,,,,,,,109,,,,,,,,109,,,,,,,,109,,,,,,,,109,,,,,,,,109
163,0.002099752426147461,0.0010975452241153876,0.0,0.0,3,False,True,500,-1,elasticnet,sag,"{'C': 3, 'dual': False, 'fit_intercept': True, 'max_iter': 500, 'n_jobs': -1, 'penalty': 'elasticnet', 'solver': 'sag'}",,,,,,,,109,,,,,,,,109,,,,,,,,109,,,,,,,,109,,,,,,,,109,,,,,,,,109,,,,,,,,109,,,,,,,,109,,,,,,,,109
184,0.0020900726318359374,0.0005758349095132924,0.0,0.0,4,True,True,500,-1,l1,saga,"{'C': 4, 'dual': True, 'fit_intercept': True, 'max_iter': 500, 'n_jobs': -1, 'penalty': 'l1', 'solver': 'saga'}",,,,,,,,109,,,,,,,,109,,,,,,,,109,,,,,,,,109,,,,,,,,109,,,,,,,,109,,,,,,,,109,,,,,,,,109,,,,,,,,109
185,0.0019427299499511718,0.00034263955459399085,0.0,0.0,4,True,True,500,-1,l2,lbfgs,"{'C': 4, 'dual': True, 'fit_intercept': True, 'max_iter': 500, 'n_jobs': -1, 'penalty': 'l2', 'solver': 'lbfgs'}",,,,,,,,109,,,,,,,,109,,,,,,,,109,,,,,,,,109,,,,,,,,109,,,,,,,,109,,,,,,,,109,,,,,,,,109,,,,,,,,109
186,0.0014922142028808594,0.0005578072259717637,0.0,0.0,4,True,True,500,-1,l2,newton-cg,"{'C': 4, 'dual': True, 'fit_intercept': True, 'max_iter': 500, 'n_jobs': -1, 'penalty': 'l2', 'solver': 'newton-cg'}",,,,,,,,109,,,,,,,,109,,,,,,,,109,,,,,,,,109,,,,,,,,109,,,,,,,,109,,,,,,,,109,,,,,,,,109,,,,,,,,109
213,0.0016477584838867187,0.0005511522122917068,0.0,0.0,4,False,True,500,-1,l1,sag,"{'C': 4, 'dual': False, 'fit_intercept': True, 'max_iter': 500, 'n_jobs': -1, 'penalty': 'l1', 'solver': 'sag'}",,,,,,,,109,,,,,,,,109,,,,,,,,109,,,,,,,,109,,,,,,,,109,,,,,,,,109,,,,,,,,109,,,,,,,,109,,,,,,,,109
212,0.004590415954589843,0.005446400997981528,0.0,0.0,4,False,True,500,-1,l1,newton-cholesky,"{'C': 4, 'dual': False, 'fit_intercept': True, 'max_iter': 500, 'n_jobs': -1, 'penalty': 'l1', 'solver': 'newton-cholesky'}",,,,,,,,109,,,,,,,,109,,,,,,,,109,,,,,,,,109,,,,,,,,109,,,,,,,,109,,,,,,,,109,,,,,,,,109,,,,,,,,109
211,0.0019578456878662108,0.0003894254190484757,0.0,0.0,4,False,True,500,-1,l1,newton-cg,"{'C': 4, 'dual': False, 'fit_intercept': True, 'max_iter': 500, 'n_jobs': -1, 'penalty': 'l1', 'solver': 'newton-cg'}",,,,,,,,109,,,,,,,,109,,,,,,,,109,,,,,,,,109,,,,,,,,109,,,,,,,,109,,,,,,,,109,,,,,,,,109,,,,,,,,109
210,0.0017716407775878907,0.0009324244343236729,0.0,0.0,4,False,True,500,-1,l1,lbfgs,"{'C': 4, 'dual': False, 'fit_intercept': True, 'max_iter': 500, 'n_jobs': -1, 'penalty': 'l1', 'solver': 'lbfgs'}",,,,,,,,109,,,,,,,,109,,,,,,,,109,,,,,,,,109,,,,,,,,109,,,,,,,,109,,,,,,,,109,,,,,,,,109,,,,,,,,109
209,0.0019268512725830079,0.00020552192646229093,0.0,0.0,4,True,False,500,-1,elasticnet,saga,"{'C': 4, 'dual': True, 'fit_intercept': False, 'max_iter': 500, 'n_jobs': -1, 'penalty': 'elasticnet', 'solver': 'saga'}",,,,,,,,109,,,,,,,,109,,,,,,,,109,,,,,,,,109,,,,,,,,109,,,,,,,,109,,,,,,,,109,,,,,,,,109,,,,,,,,109
208,0.001710987091064453,0.00039631770716546814,0.0,0.0,4,True,False,500,-1,elasticnet,sag,"{'C': 4, 'dual': True, 'fit_intercept': False, 'max_iter': 500, 'n_jobs': -1, 'penalty': 'elasticnet', 'solver': 'sag'}",,,,,,,,109,,,,,,,,109,,,,,,,,109,,,,,,,,109,,,,,,,,109,,,,,,,,109,,,,,,,,109,,,,,,,,109,,,,,,,,109
207,0.0019039630889892579,0.0003732953246865422,0.0,0.0,4,True,False,500,-1,elasticnet,newton-cholesky,"{'C': 4, 'dual': True, 'fit_intercept': False, 'max_iter': 500, 'n_jobs': -1, 'penalty': 'elasticnet', 'solver': 'newton-cholesky'}",,,,,,,,109,,,,,,,,109,,,,,,,,109,,,,,,,,109,,,,,,,,109,,,,,,,,109,,,,,,,,109,,,,,,,,109,,,,,,,,109
206,0.0017960548400878906,0.0004826961434231846,0.0,0.0,4,True,False,500,-1,elasticnet,newton-cg,"{'C': 4, 'dual': True, 'fit_intercept': False, 'max_iter': 500, 'n_jobs': -1, 'penalty': 'elasticnet', 'solver': 'newton-cg'}",,,,,,,,109,,,,,,,,109,,,,,,,,109,,,,,,,,109,,,,,,,,109,,,,,,,,109,,,,,,,,109,,,,,,,,109,,,,,,,,109
205,0.0019187450408935547,0.0005835883025184786,0.0,0.0,4,True,False,500,-1,elasticnet,lbfgs,"{'C': 4, 'dual': True, 'fit_intercept': False, 'max_iter': 500, 'n_jobs': -1, 'penalty': 'elasticnet', 'solver': 'lbfgs'}",,,,,,,,109,,,,,,,,109,,,,,,,,109,,,,,,,,109,,,,,,,,109,,,,,,,,109,,,,,,,,109,,,,,,,,109,,,,,,,,109
204,0.0013330936431884765,0.0003973774634405692,0.0,0.0,4,True,False,500,-1,l2,saga,"{'C': 4, 'dual': True, 'fit_intercept': False, 'max_iter': 500, 'n_jobs': -1, 'penalty': 'l2', 'solver': 'saga'}",,,,,,,,109,,,,,,,,109,,,,,,,,109,,,,,,,,109,,,,,,,,109,,,,,,,,109,,,,,,,,109,,,,,,,,109,,,,,,,,109
203,0.0019878387451171876,0.0002729849461041817,0.0,0.0,4,True,False,500,-1,l2,sag,"{'C': 4, 'dual': True, 'fit_intercept': False, 'max_iter': 500, 'n_jobs': -1, 'penalty': 'l2', 'solver': 'sag'}",,,,,,,,109,,,,,,,,109,,,,,,,,109,,,,,,,,109,,,,,,,,109,,,,,,,,109,,,,,,,,109,,,,,,,,109,,,,,,,,109
202,0.0026580810546875,0.0004830654461073736,0.0,0.0,4,True,False,500,-1,l2,newton-cholesky,"{'C': 4, 'dual': True, 'fit_intercept': False, 'max_iter': 500, 'n_jobs': -1, 'penalty': 'l2', 'solver': 'newton-cholesky'}",,,,,,,,109,,,,,,,,109,,,,,,,,109,,,,,,,,109,,,,,,,,109,,,,,,,,109,,,,,,,,109,,,,,,,,109,,,,,,,,109
201,0.002313232421875,0.0002522481456788558,0.0,0.0,4,True,False,500,-1,l2,newton-cg,"{'C': 4, 'dual': True, 'fit_intercept': False, 'max_iter': 500, 'n_jobs': -1, 'penalty': 'l2', 'solver': 'newton-cg'}",,,,,,,,109,,,,,,,,109,,,,,,,,109,,,,,,,,109,,,,,,,,109,,,,,,,,109,,,,,,,,109,,,,,,,,109,,,,,,,,109
200,0.0018808841705322266,0.0004556686671517472,0.0,0.0,4,True,False,500,-1,l2,lbfgs,"{'C': 4, 'dual': True, 'fit_intercept': False, 'max_iter': 500, 'n_jobs': -1, 'penalty': 'l2', 'solver': 'lbfgs'}",,,,,,,,109,,,,,,,,109,,,,,,,,109,,,,,,,,109,,,,,,,,109,,,,,,,,109,,,,,,,,109,,,,,,,,109,,,,,,,,109
199,0.001825237274169922,0.00025042262741027915,0.0,0.0,4,True,False,500,-1,l1,saga,"{'C': 4, 'dual': True, 'fit_intercept': False, 'max_iter': 500, 'n_jobs': -1, 'penalty': 'l1', 'solver': 'saga'}",,,,,,,,109,,,,,,,,109,,,,,,,,109,,,,,,,,109,,,,,,,,109,,,,,,,,109,,,,,,,,109,,,,,,,,109,,,,,,,,109
198,0.002507305145263672,0.001818676397342347,0.0,0.0,4,True,False,500,-1,l1,sag,"{'C': 4, 'dual': True, 'fit_intercept': False, 'max_iter': 500, 'n_jobs': -1, 'penalty': 'l1', 'solver': 'sag'}",,,,,,,,109,,,,,,,,109,,,,,,,,109,,,,,,,,109,,,,,,,,109,,,,,,,,109,,,,,,,,109,,,,,,,,109,,,,,,,,109
197,0.0017741203308105468,0.0006099040357691191,0.0,0.0,4,True,False,500,-1,l1,newton-cholesky,"{'C': 4, 'dual': True, 'fit_intercept': False, 'max_iter': 500, 'n_jobs': -1, 'penalty': 'l1', 'solver': 'newton-cholesky'}",,,,,,,,109,,,,,,,,109,,,,,,,,109,,,,,,,,109,,,,,,,,109,,,,,,,,109,,,,,,,,109,,,,,,,,109,,,,,,,,109
196,0.001818370819091797,0.0002333589314743478,0.0,0.0,4,True,False,500,-1,l1,newton-cg,"{'C': 4, 'dual': True, 'fit_intercept': False, 'max_iter': 500, 'n_jobs': -1, 'penalty': 'l1', 'solver': 'newton-cg'}",,,,,,,,109,,,,,,,,109,,,,,,,,109,,,,,,,,109,,,,,,,,109,,,,,,,,109,,,,,,,,109,,,,,,,,109,,,,,,,,109
195,0.001965618133544922,0.0004179386049779406,0.0,0.0,4,True,False,500,-1,l1,lbfgs,"{'C': 4, 'dual': True, 'fit_intercept': False, 'max_iter': 500, 'n_jobs': -1, 'penalty': 'l1', 'solver': 'lbfgs'}",,,,,,,,109,,,,,,,,109,,,,,,,,109,,,,,,,,109,,,,,,,,109,,,,,,,,109,,,,,,,,109,,,,,,,,109,,,,,,,,109
194,0.0015864849090576171,0.0003583771612686464,0.0,0.0,4,True,True,500,-1,elasticnet,saga,"{'C': 4, 'dual': True, 'fit_intercept': True, 'max_iter': 500, 'n_jobs': -1, 'penalty': 'elasticnet', 'solver': 'saga'}",,,,,,,,109,,,,,,,,109,,,,,,,,109,,,,,,,,109,,,,,,,,109,,,,,,,,109,,,,,,,,109,,,,,,,,109,,,,,,,,109
193,0.0019845485687255858,0.0005276928143825595,0.0,0.0,4,True,True,500,-1,elasticnet,sag,"{'C': 4, 'dual': True, 'fit_intercept': True, 'max_iter': 500, 'n_jobs': -1, 'penalty': 'elasticnet', 'solver': 'sag'}",,,,,,,,109,,,,,,,,109,,,,,,,,109,,,,,,,,109,,,,,,,,109,,,,,,,,109,,,,,,,,109,,,,,,,,109,,,,,,,,109
192,0.0018622398376464844,0.0007526184690228786,0.0,0.0,4,True,True,500,-1,elasticnet,newton-cholesky,"{'C': 4, 'dual': True, 'fit_intercept': True, 'max_iter': 500, 'n_jobs': -1, 'penalty': 'elasticnet', 'solver': 'newton-cholesky'}",,,,,,,,109,,,,,,,,109,,,,,,,,109,,,,,,,,109,,,,,,,,109,,,,,,,,109,,,,,,,,109,,,,,,,,109,,,,,,,,109
191,0.0018849849700927734,0.0005624847275770398,0.0,0.0,4,True,True,500,-1,elasticnet,newton-cg,"{'C': 4, 'dual': True, 'fit_intercept': True, 'max_iter': 500, 'n_jobs': -1, 'penalty': 'elasticnet', 'solver': 'newton-cg'}",,,,,,,,109,,,,,,,,109,,,,,,,,109,,,,,,,,109,,,,,,,,109,,,,,,,,109,,,,,,,,109,,,,,,,,109,,,,,,,,109
190,0.001688098907470703,0.0008303576554923014,0.0,0.0,4,True,True,500,-1,elasticnet,lbfgs,"{'C': 4, 'dual': True, 'fit_intercept': True, 'max_iter': 500, 'n_jobs': -1, 'penalty': 'elasticnet', 'solver': 'lbfgs'}",,,,,,,,109,,,,,,,,109,,,,,,,,109,,,,,,,,109,,,,,,,,109,,,,,,,,109,,,,,,,,109,,,,,,,,109,,,,,,,,109
189,0.001810598373413086,0.0003962971331878279,0.0,0.0,4,True,True,500,-1,l2,saga,"{'C': 4, 'dual': True, 'fit_intercept': True, 'max_iter': 500, 'n_jobs': -1, 'penalty': 'l2', 'solver': 'saga'}",,,,,,,,109,,,,,,,,109,,,,,,,,109,,,,,,,,109,,,,,,,,109,,,,,,,,109,,,,,,,,109,,,,,,,,109,,,,,,,,109
188,0.0017381668090820312,0.0002543295636444064,0.0,0.0,4,True,True,500,-1,l2,sag,"{'C': 4, 'dual': True, 'fit_intercept': True, 'max_iter': 500, 'n_jobs': -1, 'penalty': 'l2', 'solver': 'sag'}",,,,,,,,109,,,,,,,,109,,,,,,,,109,,,,,,,,109,,,,,,,,109,,,,,,,,109,,,,,,,,109,,,,,,,,109,,,,,,,,109
187,0.0046574115753173825,0.006092878151598406,0.0,0.0,4,True,True,500,-1,l2,newton-cholesky,"{'C': 4, 'dual': True, 'fit_intercept': True, 'max_iter': 500, 'n_jobs': -1, 'penalty': 'l2', 'solver': 'newton-cholesky'}",,,,,,,,109,,,,,,,,109,,,,,,,,109,,,,,,,,109,,,,,,,,109,,,,,,,,109,,,,,,,,109,,,,,,,,109,,,,,,,,109
299,0.0017064571380615234,0.0004994570170078115,0.0,0.0,5,False,False,500,-1,elasticnet,saga,"{'C': 5, 'dual': False, 'fit_intercept': False, 'max_iter': 500, 'n_jobs': -1, 'penalty': 'elasticnet', 'solver': 'saga'}",,,,,,,,109,,,,,,,,109,,,,,,,,109,,,,,,,,109,,,,,,,,109,,,,,,,,109,,,,,,,,109,,,,,,,,109,,,,,,,,109
539,0.001997566223144531,0.0014145256482740714,0.0,0.0,9,False,False,500,-1,elasticnet,saga,"{'C': 9, 'dual': False, 'fit_intercept': False, 'max_iter': 500, 'n_jobs': -1, 'penalty': 'elasticnet', 'solver': 'saga'}",,,,,,,,109,,,,,,,,109,,,,,,,,109,,,,,,,,109,,,,,,,,109,,,,,,,,109,,,,,,,,109,,,,,,,,109,,,,,,,,109
