,mean_fit_time,std_fit_time,mean_score_time,std_score_time,param_criterion,param_max_depth,param_min_samples_leaf,params,split0_test_accuracy_score,split1_test_accuracy_score,split2_test_accuracy_score,split3_test_accuracy_score,split4_test_accuracy_score,mean_test_accuracy_score,std_test_accuracy_score,rank_test_accuracy_score,split0_test_precision_0,split1_test_precision_0,split2_test_precision_0,split3_test_precision_0,split4_test_precision_0,mean_test_precision_0,std_test_precision_0,rank_test_precision_0,split0_test_precision_1,split1_test_precision_1,split2_test_precision_1,split3_test_precision_1,split4_test_precision_1,mean_test_precision_1,std_test_precision_1,rank_test_precision_1,split0_test_recall_0,split1_test_recall_0,split2_test_recall_0,split3_test_recall_0,split4_test_recall_0,mean_test_recall_0,std_test_recall_0,rank_test_recall_0,split0_test_recall_1,split1_test_recall_1,split2_test_recall_1,split3_test_recall_1,split4_test_recall_1,mean_test_recall_1,std_test_recall_1,rank_test_recall_1,split0_test_fbeta_score,split1_test_fbeta_score,split2_test_fbeta_score,split3_test_fbeta_score,split4_test_fbeta_score,mean_test_fbeta_score,std_test_fbeta_score,rank_test_fbeta_score,split0_test_balanced_accuracy_score,split1_test_balanced_accuracy_score,split2_test_balanced_accuracy_score,split3_test_balanced_accuracy_score,split4_test_balanced_accuracy_score,mean_test_balanced_accuracy_score,std_test_balanced_accuracy_score,rank_test_balanced_accuracy_score,split0_test_average_precision_score,split1_test_average_precision_score,split2_test_average_precision_score,split3_test_average_precision_score,split4_test_average_precision_score,mean_test_average_precision_score,std_test_average_precision_score,rank_test_average_precision_score,split0_test_roc_auc,split1_test_roc_auc,split2_test_roc_auc,split3_test_roc_auc,split4_test_roc_auc,mean_test_roc_auc,std_test_roc_auc,rank_test_roc_auc
43,0.9592930316925049,0.4991066807658316,0.08412985801696778,0.022584569969729455,entropy,1,8,"{'criterion': 'entropy', 'max_depth': 1, 'min_samples_leaf': 8}",0.9554234769687965,0.9836552748885586,0.9836309523809523,0.9642857142857143,0.9821428571428571,0.9738276551333758,0.011760882113932886,1,0.9475218658892128,1.0,1.0,1.0,1.0,0.9895043731778426,0.02099125364431487,2,0.9636363636363636,0.9683908045977011,0.968299711815562,0.9333333333333333,0.9655172413793104,0.9598354909524541,0.013371086013702188,82,0.9643916913946587,0.9672619047619048,0.9672619047619048,0.9285714285714286,0.9642857142857143,0.9583545287551223,0.014948859794237566,82,0.9464285714285714,1.0,1.0,1.0,1.0,0.9892857142857142,0.02142857142857144,2,0.9601449275362319,0.9745517640254482,0.974477958236659,0.9459459459459459,0.9722222222222222,0.9654685635933014,0.011124381578130739,59,0.955410131411615,0.9836309523809523,0.9836309523809523,0.9642857142857143,0.9821428571428572,0.9738201215204182,0.011760998169478966,1,0.9387589008317091,0.9683908045977011,0.968299711815562,0.9333333333333333,0.9655172413793104,0.9548599983915231,0.015491469218691382,1,0.955410131411615,0.9836309523809524,0.9836309523809524,0.9642857142857143,0.9821428571428572,0.9738201215204183,0.011760998169479004,1
90,1.2851322650909425,0.2932468568308001,0.07002720832824708,0.00664088659377159,log_loss,3,1,"{'criterion': 'log_loss', 'max_depth': 3, 'min_samples_leaf': 1}",0.7756315007429421,0.9985141158989599,1.0,0.9985119047619048,0.9985119047619048,0.9542338852331422,0.08930305018422995,19,0.6905737704918032,1.0,1.0,1.0,1.0,0.9381147540983606,0.12377049180327869,53,1.0,0.9970414201183432,1.0,0.9970326409495549,0.9970326409495549,0.9982213404034905,0.0014522730172654432,1,1.0,0.9970238095238095,1.0,0.9970238095238095,0.9970238095238095,0.9982142857142856,0.0014580296087995056,1,0.5505952380952381,1.0,1.0,1.0,1.0,0.9101190476190476,0.17976190476190473,53,0.8596654275092936,0.9976317347542925,1.0,0.997624703087886,0.997624703087886,0.9705093136878716,0.05542956267455654,1,0.7752976190476191,0.9985119047619048,1.0,0.9985119047619048,0.9985119047619048,0.9541666666666666,0.08943638081425212,23,0.7749637373522961,0.9970414201183432,1.0,0.9970326409495549,0.9970326409495549,0.9532140878739497,0.0891325701116024,2,0.7752976190476191,0.9985119047619048,1.0,0.9985119047619048,0.9985119047619048,0.9541666666666666,0.08943638081425212,23
91,1.2369913101196288,0.20482799710708183,0.06525540351867676,0.005499703662914945,log_loss,3,2,"{'criterion': 'log_loss', 'max_depth': 3, 'min_samples_leaf': 2}",0.7756315007429421,0.9985141158989599,1.0,0.9985119047619048,0.9985119047619048,0.9542338852331422,0.08930305018422995,19,0.6905737704918032,1.0,1.0,1.0,1.0,0.9381147540983606,0.12377049180327869,53,1.0,0.9970414201183432,1.0,0.9970326409495549,0.9970326409495549,0.9982213404034905,0.0014522730172654432,1,1.0,0.9970238095238095,1.0,0.9970238095238095,0.9970238095238095,0.9982142857142856,0.0014580296087995056,1,0.5505952380952381,1.0,1.0,1.0,1.0,0.9101190476190476,0.17976190476190473,53,0.8596654275092936,0.9976317347542925,1.0,0.997624703087886,0.997624703087886,0.9705093136878716,0.05542956267455654,1,0.7752976190476191,0.9985119047619048,1.0,0.9985119047619048,0.9985119047619048,0.9541666666666666,0.08943638081425212,23,0.7749637373522961,0.9970414201183432,1.0,0.9970326409495549,0.9970326409495549,0.9532140878739497,0.0891325701116024,2,0.7752976190476191,0.9985119047619048,1.0,0.9985119047619048,0.9985119047619048,0.9541666666666666,0.08943638081425212,23
102,1.3375954627990723,0.17850252146713433,0.0703728199005127,0.010155838585068893,log_loss,4,4,"{'criterion': 'log_loss', 'max_depth': 4, 'min_samples_leaf': 4}",0.774145616641902,0.9985141158989599,1.0,0.9985119047619048,0.9985119047619048,0.9539367084129342,0.08989739154094353,26,0.689161554192229,1.0,1.0,1.0,1.0,0.9378323108384456,0.12433537832310838,60,1.0,0.9970414201183432,1.0,0.9970326409495549,0.9970326409495549,0.9982213404034905,0.0014522730172654432,1,1.0,0.9970238095238095,1.0,0.9970238095238095,0.9970238095238095,0.9982142857142856,0.0014580296087995056,1,0.5476190476190477,1.0,1.0,1.0,1.0,0.9095238095238095,0.18095238095238092,60,0.8582089552238806,0.9976317347542925,1.0,0.997624703087886,0.997624703087886,0.9702180192307889,0.05601207233647161,3,0.7738095238095238,0.9985119047619048,1.0,0.9985119047619048,0.9985119047619048,0.9538690476190477,0.09003160663202542,26,0.7734734309771457,0.9970414201183432,1.0,0.9970326409495549,0.9970326409495549,0.9529160265989196,0.08972864353313546,4,0.7738095238095238,0.9985119047619048,1.0,0.9985119047619048,0.9985119047619048,0.9538690476190477,0.09003160663202542,26
95,1.3940304279327393,0.27402462338651296,0.07027139663696289,0.016665924543682892,log_loss,3,6,"{'criterion': 'log_loss', 'max_depth': 3, 'min_samples_leaf': 6}",0.7786032689450223,0.9970282317979198,0.9985119047619048,0.9985119047619048,0.9985119047619048,0.9542334430057313,0.08781696705630605,21,0.6934156378600823,1.0,1.0,1.0,1.0,0.9386831275720166,0.12263374485596706,46,1.0,0.9941002949852508,0.9970326409495549,0.9970326409495549,0.9970326409495549,0.997039643566783,0.0018656702498238518,31,1.0,0.9940476190476191,0.9970238095238095,0.9970238095238095,0.9970238095238095,0.9970238095238095,0.0018823081310526,30,0.5565476190476191,1.0,1.0,1.0,1.0,0.9113095238095237,0.1773809523809524,46,0.8625461254612546,0.9952746603662138,0.997624703087886,0.997624703087886,0.997624703087886,0.9701389790182253,0.05380412567129016,4,0.7782738095238095,0.9970238095238095,0.9985119047619048,0.9985119047619048,0.9985119047619048,0.9541666666666666,0.08794831699688764,23,0.7779443501025968,0.9941002949852508,0.9970326409495549,0.9970326409495549,0.9970326409495549,0.9526285135873025,0.08734946502993594,5,0.7782738095238095,0.9970238095238095,0.9985119047619048,0.9985119047619048,0.9985119047619048,0.9541666666666666,0.08794831699688764,23
55,1.7501751899719238,0.35982826464362117,0.09275693893432617,0.023963025015181477,entropy,3,2,"{'criterion': 'entropy', 'max_depth': 3, 'min_samples_leaf': 2}",0.7756315007429421,0.9970282317979198,1.0,0.9985119047619048,0.9985119047619048,0.9539367084129342,0.08915755667447531,26,0.6905737704918032,1.0,1.0,1.0,1.0,0.9381147540983606,0.12377049180327869,53,1.0,0.9941002949852508,1.0,0.9970326409495549,0.9970326409495549,0.997633115376872,0.0022093548666331513,12,1.0,0.9940476190476191,1.0,0.9970238095238095,0.9970238095238095,0.9976190476190476,0.002227177015936862,13,0.5505952380952381,1.0,1.0,1.0,1.0,0.9101190476190476,0.17976190476190473,53,0.8596654275092936,0.9952746603662138,1.0,0.997624703087886,0.997624703087886,0.9700378988102558,0.05520646267081965,5,0.7752976190476191,0.9970238095238095,1.0,0.9985119047619048,0.9985119047619048,0.9538690476190477,0.08929067446539567,26,0.7749637373522961,0.9941002949852508,1.0,0.9970326409495549,0.9970326409495549,0.9526258628473313,0.08885065234468079,6,0.7752976190476191,0.9970238095238095,1.0,0.9985119047619048,0.9985119047619048,0.9538690476190477,0.08929067446539567,26
24,0.8937831401824952,0.07277233293438679,0.06150131225585938,0.003559681134916289,gini,3,7,"{'criterion': 'gini', 'max_depth': 3, 'min_samples_leaf': 7}",0.7756315007429421,0.9985141158989599,0.9985119047619048,0.9985119047619048,0.9985119047619048,0.9539362661855233,0.0891523827254036,28,0.6905737704918032,1.0,1.0,1.0,1.0,0.9381147540983606,0.12377049180327869,53,1.0,0.9970414201183432,0.9970326409495549,0.9970326409495549,0.9970326409495549,0.9976278685934015,0.0011860705769950381,15,1.0,0.9970238095238095,0.9970238095238095,0.9970238095238095,0.9970238095238095,0.9976190476190476,0.001190476190476186,13,0.5505952380952381,1.0,1.0,1.0,1.0,0.9101190476190476,0.17976190476190473,53,0.8596654275092936,0.9976317347542925,0.997624703087886,0.997624703087886,0.997624703087886,0.9700342543054488,0.055184413465276354,6,0.7752976190476191,0.9985119047619048,0.9985119047619048,0.9985119047619048,0.9985119047619048,0.9538690476190477,0.0892857142857143,26,0.7749637373522961,0.9970414201183432,0.9970326409495549,0.9970326409495549,0.9970326409495549,0.9526206160638606,0.08882843942085764,7,0.7752976190476191,0.9985119047619048,0.9985119047619048,0.9985119047619048,0.9985119047619048,0.9538690476190477,0.0892857142857143,26
26,0.9548894882202148,0.20539846511498377,0.06661109924316407,0.00763327952860869,gini,3,9,"{'criterion': 'gini', 'max_depth': 3, 'min_samples_leaf': 9}",0.774145616641902,0.9985141158989599,0.9985119047619048,0.9985119047619048,0.9985119047619048,0.9536390893653153,0.0897467363657924,29,0.689161554192229,1.0,1.0,1.0,1.0,0.9378323108384456,0.12433537832310838,60,1.0,0.9970414201183432,0.9970326409495549,0.9970326409495549,0.9970326409495549,0.9976278685934015,0.0011860705769950381,15,1.0,0.9970238095238095,0.9970238095238095,0.9970238095238095,0.9970238095238095,0.9976190476190476,0.001190476190476186,13,0.5476190476190477,1.0,1.0,1.0,1.0,0.9095238095238095,0.18095238095238092,60,0.8582089552238806,0.9976317347542925,0.997624703087886,0.997624703087886,0.997624703087886,0.969742959848366,0.05576700237873955,8,0.7738095238095238,0.9985119047619048,0.9985119047619048,0.9985119047619048,0.9985119047619048,0.9535714285714286,0.08988095238095238,30,0.7734734309771457,0.9970414201183432,0.9970326409495549,0.9970326409495549,0.9970326409495549,0.9523225547888308,0.08942456197048398,8,0.7738095238095238,0.9985119047619048,0.9985119047619048,0.9985119047619048,0.9985119047619048,0.9535714285714286,0.08988095238095238,30
22,1.0908261775970458,0.21036675625252987,0.07516813278198242,0.013467631396003201,gini,3,5,"{'criterion': 'gini', 'max_depth': 3, 'min_samples_leaf': 5}",0.7756315007429421,0.9970282317979198,0.9985119047619048,0.9985119047619048,0.9985119047619048,0.9536390893653153,0.08900564922861705,29,0.6905737704918032,1.0,1.0,1.0,1.0,0.9381147540983606,0.12377049180327869,53,1.0,0.9941002949852508,0.9970326409495549,0.9970326409495549,0.9970326409495549,0.997039643566783,0.0018656702498238518,31,1.0,0.9940476190476191,0.9970238095238095,0.9970238095238095,0.9970238095238095,0.9970238095238095,0.0018823081310526,30,0.5505952380952381,1.0,1.0,1.0,1.0,0.9101190476190476,0.17976190476190473,53,0.8596654275092936,0.9952746603662138,0.997624703087886,0.997624703087886,0.997624703087886,0.9695628394278331,0.05495624342799766,9,0.7752976190476191,0.9970238095238095,0.9985119047619048,0.9985119047619048,0.9985119047619048,0.9535714285714286,0.08913876796685338,30,0.7749637373522961,0.9941002949852508,0.9970326409495549,0.9970326409495549,0.9970326409495549,0.9520323910372422,0.08854161071145032,9,0.7752976190476191,0.9970238095238095,0.9985119047619048,0.9985119047619048,0.9985119047619048,0.9535714285714286,0.08913876796685338,30
103,1.3863418579101563,0.24432578618344558,0.07551827430725097,0.019031265257116813,log_loss,4,5,"{'criterion': 'log_loss', 'max_depth': 4, 'min_samples_leaf': 5}",0.7726597325408618,0.9985141158989599,0.9985119047619048,0.9985119047619048,0.9985119047619048,0.9533419125451073,0.09034109000618155,32,0.6877551020408164,1.0,1.0,1.0,1.0,0.9375510204081632,0.12489795918367347,62,1.0,0.9970414201183432,0.9970326409495549,0.9970326409495549,0.9970326409495549,0.9976278685934015,0.0011860705769950381,15,1.0,0.9970238095238095,0.9970238095238095,0.9970238095238095,0.9970238095238095,0.9976190476190476,0.001190476190476186,13,0.5446428571428571,1.0,1.0,1.0,1.0,0.9089285714285715,0.18214285714285716,62,0.8567415730337079,0.9976317347542925,0.997624703087886,0.997624703087886,0.997624703087886,0.9694494834103315,0.056353955254116045,10,0.7723214285714286,0.9985119047619048,0.9985119047619048,0.9985119047619048,0.9985119047619048,0.9532738095238095,0.09047619047619047,32,0.7719831246019953,0.9970414201183432,0.9970326409495549,0.9970326409495549,0.9970326409495549,0.9520244935138006,0.0900206845201161,10,0.7723214285714286,0.9985119047619048,0.9985119047619048,0.9985119047619048,0.9985119047619048,0.9532738095238095,0.09047619047619047,32
68,1.3147805213928223,0.12007176656251312,0.06734299659729004,0.011976802255301185,entropy,4,6,"{'criterion': 'entropy', 'max_depth': 4, 'min_samples_leaf': 6}",0.7726597325408618,0.9985141158989599,0.9985119047619048,0.9985119047619048,0.9985119047619048,0.9533419125451073,0.09034109000618155,32,0.6877551020408164,1.0,1.0,1.0,1.0,0.9375510204081632,0.12489795918367347,62,1.0,0.9970414201183432,0.9970326409495549,0.9970326409495549,0.9970326409495549,0.9976278685934015,0.0011860705769950381,15,1.0,0.9970238095238095,0.9970238095238095,0.9970238095238095,0.9970238095238095,0.9976190476190476,0.001190476190476186,13,0.5446428571428571,1.0,1.0,1.0,1.0,0.9089285714285715,0.18214285714285716,62,0.8567415730337079,0.9976317347542925,0.997624703087886,0.997624703087886,0.997624703087886,0.9694494834103315,0.056353955254116045,10,0.7723214285714286,0.9985119047619048,0.9985119047619048,0.9985119047619048,0.9985119047619048,0.9532738095238095,0.09047619047619047,32,0.7719831246019953,0.9970414201183432,0.9970326409495549,0.9970326409495549,0.9970326409495549,0.9520244935138006,0.0900206845201161,10,0.7723214285714286,0.9985119047619048,0.9985119047619048,0.9985119047619048,0.9985119047619048,0.9532738095238095,0.09047619047619047,32
51,1.53530592918396,0.46659525811671004,0.1173560619354248,0.023707141733553615,entropy,2,7,"{'criterion': 'entropy', 'max_depth': 2, 'min_samples_leaf': 7}",0.8112927191679049,0.9970282317979198,0.9940476190476191,0.9985119047619048,0.9851190476190477,0.9571999044788793,0.07310145877122955,16,0.7272727272727273,1.0,1.0,1.0,1.0,0.9454545454545455,0.10909090909090909,28,0.995260663507109,0.9941002949852508,0.9882352941176471,0.9970326409495549,0.9710982658959537,0.989145431891103,0.009494033325768517,68,0.9970326409495549,0.9940476190476191,0.9880952380952381,0.9970238095238095,0.9702380952380952,0.9892874805708634,0.010067747880779526,75,0.625,1.0,1.0,1.0,1.0,0.925,0.15,28,0.8898305084745762,0.9952746603662138,0.9905660377358491,0.997624703087886,0.9767441860465116,0.9700080191422072,0.04073702414466582,7,0.8110163204747775,0.9970238095238095,0.9940476190476191,0.9985119047619048,0.9851190476190477,0.9571437402854317,0.0732113131465814,16,0.8092593114229981,0.9941002949852508,0.9882352941176471,0.9970326409495549,0.9710982658959537,0.951945161474281,0.07190688844315087,12,0.8110163204747775,0.9970238095238095,0.9940476190476191,0.9985119047619048,0.9851190476190476,0.9571437402854317,0.0732113131465814,16
21,0.9880966186523438,0.174516740506722,0.075282621383667,0.009939245600593371,gini,3,4,"{'criterion': 'gini', 'max_depth': 3, 'min_samples_leaf': 4}",0.7711738484398217,0.9970282317979198,1.0,0.9985119047619048,0.9985119047619048,0.9530451779523101,0.09094052048598884,34,0.6863543788187373,1.0,1.0,1.0,1.0,0.9372708757637476,0.12545824847250509,66,1.0,0.9941002949852508,1.0,0.9970326409495549,0.9970326409495549,0.997633115376872,0.0022093548666331513,12,1.0,0.9940476190476191,1.0,0.9970238095238095,0.9970238095238095,0.9976190476190476,0.002227177015936862,13,0.5416666666666666,1.0,1.0,1.0,1.0,0.9083333333333332,0.18333333333333332,66,0.8552631578947368,0.9952746603662138,1.0,0.997624703087886,0.997624703087886,0.9691574448873445,0.05696674527952945,12,0.7708333333333333,0.9970238095238095,1.0,0.9985119047619048,0.9985119047619048,0.9529761904761905,0.09107629149792978,34,0.7704928182268449,0.9941002949852508,1.0,0.9970326409495549,0.9970326409495549,0.9517316790222411,0.09063863347836378,13,0.7708333333333333,0.9970238095238095,1.0,0.9985119047619048,0.9985119047619048,0.9529761904761905,0.09107629149792978,34
35,1.199135971069336,0.48507211054672006,0.08722343444824218,0.02172505460416497,gini,4,9,"{'criterion': 'gini', 'max_depth': 4, 'min_samples_leaf': 9}",0.763744427934621,0.9985141158989599,1.0,0.9985119047619048,0.9985119047619048,0.951856470671478,0.09405778538467215,44,0.6794354838709677,1.0,1.0,1.0,1.0,0.9358870967741936,0.12822580645161288,78,1.0,0.9970414201183432,1.0,0.9970326409495549,0.9970326409495549,0.9982213404034905,0.0014522730172654432,1,1.0,0.9970238095238095,1.0,0.9970238095238095,0.9970238095238095,0.9982142857142856,0.0014580296087995056,1,0.5267857142857143,1.0,1.0,1.0,1.0,0.9053571428571429,0.1892857142857143,78,0.8477011494252874,0.9976317347542925,1.0,0.997624703087886,0.997624703087886,0.9681164580710704,0.060214668325624755,17,0.7633928571428572,0.9985119047619048,1.0,0.9985119047619048,0.9985119047619048,0.9517857142857142,0.09419819170094448,48,0.7630412863510931,0.9970414201183432,1.0,0.9970326409495549,0.9970326409495549,0.9508295976737091,0.09390117494886077,14,0.7633928571428572,0.9985119047619048,1.0,0.9985119047619048,0.9985119047619048,0.9517857142857142,0.09419819170094448,48
81,0.9518203258514404,0.11052646291180508,0.06447539329528809,0.00837441840534767,log_loss,2,1,"{'criterion': 'log_loss', 'max_depth': 2, 'min_samples_leaf': 1}",0.7919762258543833,0.9985141158989599,0.9970238095238095,0.9895833333333334,0.9970238095238095,0.9548242588268592,0.08148384241379486,18,0.7082452431289641,1.0,1.0,1.0,1.0,0.9416490486257928,0.11670190274841437,30,0.99,0.9970414201183432,0.9940828402366864,0.9795918367346939,0.9940828402366864,0.9909597874652819,0.006109740890485044,60,0.9940652818991098,0.9970238095238095,0.9940476190476191,0.9791666666666666,0.9940476190476191,0.9916701992369648,0.006356730932021699,63,0.5892857142857143,1.0,1.0,1.0,1.0,0.9178571428571429,0.16428571428571428,29,0.8714788732394366,0.9976317347542925,0.995260663507109,0.9836065573770492,0.995260663507109,0.9686476984769993,0.04883056876988169,13,0.7916754980924121,0.9985119047619048,0.9970238095238095,0.9895833333333333,0.9970238095238095,0.9547636710470538,0.08160380824536566,18,0.7884448630863936,0.9970414201183432,0.9940828402366864,0.9795918367346939,0.9940828402366864,0.9506487600825606,0.08133034295968528,15,0.7916754980924121,0.9985119047619048,0.9970238095238095,0.9895833333333333,0.9970238095238095,0.9547636710470538,0.08160380824536566,18
94,1.395705556869507,0.3066753169469317,0.08791980743408204,0.033252697643761445,log_loss,3,5,"{'criterion': 'log_loss', 'max_depth': 3, 'min_samples_leaf': 5}",0.7711738484398217,0.9955423476968797,0.9985119047619048,0.9985119047619048,0.9985119047619048,0.9524503820844832,0.09064556333836964,37,0.6863543788187373,1.0,1.0,1.0,1.0,0.9372708757637476,0.12545824847250509,66,1.0,0.9911764705882353,0.9970326409495549,0.9970326409495549,0.9970326409495549,0.9964548786873799,0.0028785727323480657,40,1.0,0.9910714285714286,0.9970238095238095,0.9970238095238095,0.9970238095238095,0.9964285714285713,0.0029160592175990112,42,0.5416666666666666,1.0,1.0,1.0,1.0,0.9083333333333332,0.18333333333333332,66,0.8552631578947368,0.9929286977018268,0.997624703087886,0.997624703087886,0.997624703087886,0.9682131929720443,0.056504296084272494,16,0.7708333333333333,0.9955357142857143,0.9985119047619048,0.9985119047619048,0.9985119047619048,0.9523809523809523,0.09078112772998276,37,0.7704928182268449,0.9911764705882353,0.9970326409495549,0.9970326409495549,0.9970326409495549,0.950553442332749,0.09005887684202508,16,0.7708333333333333,0.9955357142857143,0.9985119047619048,0.9985119047619048,0.9985119047619048,0.9523809523809523,0.09078112772998276,37
20,0.8353577613830566,0.0219788928267777,0.07162313461303711,0.010297184923212792,gini,3,3,"{'criterion': 'gini', 'max_depth': 3, 'min_samples_leaf': 3}",0.7667161961367014,0.9985141158989599,0.9985119047619048,0.9985119047619048,0.9985119047619048,0.9521532052642752,0.09271850456774168,40,0.6829268292682927,1.0,1.0,1.0,1.0,0.9365853658536587,0.1268292682926829,70,0.994475138121547,0.9970414201183432,0.9970326409495549,0.9970326409495549,0.9970326409495549,0.996522896217711,0.001023884693787339,38,0.9970326409495549,0.9970238095238095,0.9970238095238095,0.9970238095238095,0.9970238095238095,0.9970255758089586,3.53257029814813e-06,29,0.5357142857142857,1.0,1.0,1.0,1.0,0.9071428571428571,0.18571428571428572,70,0.8490566037735849,0.9976317347542925,0.997624703087886,0.997624703087886,0.997624703087886,0.9679124895583071,0.05942794295476142,23,0.7663734633319204,0.9985119047619048,0.9985119047619048,0.9985119047619048,0.9985119047619048,0.9520842164759079,0.09285537657199376,40,0.7645524580416587,0.9970414201183432,0.9970326409495549,0.9970326409495549,0.9970326409495549,0.9505383602017332,0.0929929511421983,17,0.7663734633319202,0.9985119047619048,0.9985119047619048,0.9985119047619048,0.9985119047619048,0.9520842164759079,0.09285537657199382,40
93,1.3185255527496338,0.23590599076438026,0.09266676902770996,0.01812710969471214,log_loss,3,4,"{'criterion': 'log_loss', 'max_depth': 3, 'min_samples_leaf': 4}",0.763744427934621,0.9985141158989599,1.0,0.9985119047619048,0.9985119047619048,0.951856470671478,0.09405778538467215,44,0.680161943319838,1.0,1.0,1.0,1.0,0.9360323886639677,0.12793522267206478,77,0.994413407821229,0.9970414201183432,1.0,0.9970326409495549,0.9970326409495549,0.9971040219677363,0.0017686267407115497,28,0.9970326409495549,0.9970238095238095,1.0,0.9970238095238095,0.9970238095238095,0.9976208139041967,0.0011895979651664003,12,0.5297619047619048,1.0,1.0,1.0,1.0,0.9059523809523811,0.1880952380952381,72,0.8460076045627376,0.9976317347542925,1.0,0.997624703087886,0.997624703087886,0.9677777490985603,0.06089200824056469,26,0.7633972728557299,0.9985119047619048,1.0,0.9985119047619048,0.9985119047619048,0.9517865974282887,0.094196425448856,46,0.7615720290124899,0.9970414201183432,1.0,0.9970326409495549,0.9970326409495549,0.9505357462059886,0.09448883422565203,18,0.7633972728557298,0.9985119047619048,1.0,0.9985119047619048,0.9985119047619048,0.9517865974282887,0.09419642544885605,46
67,1.3215945720672608,0.12756184156253564,0.07914395332336426,0.02013624087570687,entropy,4,5,"{'criterion': 'entropy', 'max_depth': 4, 'min_samples_leaf': 5}",0.7652303120356612,0.9985141158989599,0.9985119047619048,0.9985119047619048,0.9985119047619048,0.9518560284440671,0.09331285820813259,46,0.6808080808080809,1.0,1.0,1.0,1.0,0.9361616161616162,0.12767676767676767,72,1.0,0.9970414201183432,0.9970326409495549,0.9970326409495549,0.9970326409495549,0.9976278685934015,0.0011860705769950381,15,1.0,0.9970238095238095,0.9970238095238095,0.9970238095238095,0.9970238095238095,0.9976190476190476,0.001190476190476186,13,0.5297619047619048,1.0,1.0,1.0,1.0,0.9059523809523811,0.1880952380952381,72,0.8492366412213741,0.9976317347542925,0.997624703087886,0.997624703087886,0.997624703087886,0.9679484970478649,0.05935592797572147,20,0.7648809523809523,0.9985119047619048,0.9985119047619048,0.9985119047619048,0.9985119047619048,0.9517857142857142,0.09345238095238097,48,0.7645315927262435,0.9970414201183432,0.9970326409495549,0.9970326409495549,0.9970326409495549,0.9505341871386502,0.09300129726835882,19,0.7648809523809523,0.9985119047619048,0.9985119047619048,0.9985119047619048,0.9985119047619048,0.9517857142857142,0.09345238095238097,48
30,0.9998221397399902,0.09990716945290856,0.06676063537597657,0.003167605219107763,gini,4,4,"{'criterion': 'gini', 'max_depth': 4, 'min_samples_leaf': 4}",0.7622585438335809,0.9985141158989599,1.0,0.9985119047619048,0.9985119047619048,0.95155929385127,0.09465212794821715,51,0.6780684104627767,1.0,1.0,1.0,1.0,0.9356136820925552,0.12877263581488932,83,1.0,0.9970414201183432,1.0,0.9970326409495549,0.9970326409495549,0.9982213404034905,0.0014522730172654432,1,1.0,0.9970238095238095,1.0,0.9970238095238095,0.9970238095238095,0.9982142857142856,0.0014580296087995056,1,0.5238095238095238,1.0,1.0,1.0,1.0,0.9047619047619048,0.19047619047619044,83,0.8461538461538461,0.9976317347542925,1.0,0.997624703087886,0.997624703087886,0.9678069974167821,0.06083351827365321,24,0.7619047619047619,0.9985119047619048,1.0,0.9985119047619048,0.9985119047619048,0.9514880952380953,0.09479341872493098,53,0.7615509799759428,0.9970414201183432,1.0,0.9970326409495549,0.9970326409495549,0.950531536398679,0.09449725321874904,20,0.7619047619047619,0.9985119047619048,1.0,0.9985119047619048,0.9985119047619048,0.9514880952380953,0.09479341872493098,53
50,1.0885830879211427,0.4092691598809457,0.07345514297485352,0.010349199751624332,entropy,2,6,"{'criterion': 'entropy', 'max_depth': 2, 'min_samples_leaf': 6}",0.7890044576523031,0.9940564635958395,0.9985119047619048,0.9925595238095238,0.9970238095238095,0.9542312318686761,0.08264015568405128,23,0.7044025157232704,1.0,1.0,1.0,1.0,0.9408805031446541,0.11823899371069185,33,0.9948979591836735,0.9882697947214076,0.9970326409495549,0.9853372434017595,0.9940828402366864,0.9919240956986164,0.00438957436209769,58,0.9970326409495549,0.9880952380952381,0.9970238095238095,0.9851190476190477,0.9940476190476191,0.9922636710470538,0.004837477440141076,58,0.5803571428571429,1.0,1.0,1.0,1.0,0.9160714285714284,0.16785714285714284,33,0.8705357142857143,0.9905937683715461,0.997624703087886,0.9882352941176471,0.995260663507109,0.9684500286739806,0.04906931152137123,14,0.788694891903349,0.9940476190476191,0.9985119047619048,0.9925595238095238,0.9970238095238095,0.9541675498092411,0.0827630894993982,22,0.786905795272896,0.9882697947214076,0.9970326409495549,0.9853372434017595,0.9940828402366864,0.9503256629164609,0.08181424498358167,21,0.7886948919033488,0.9940476190476191,0.9985119047619048,0.9925595238095238,0.9970238095238095,0.9541675498092411,0.08276308949939824,22
86,1.0445438861846923,0.17832918202993384,0.07168655395507813,0.014819603412463899,log_loss,2,6,"{'criterion': 'log_loss', 'max_depth': 2, 'min_samples_leaf': 6}",0.787518573551263,0.9925705794947994,0.9970238095238095,0.9985119047619048,0.9955357142857143,0.954232116323498,0.08337992441557035,22,0.7037815126050421,1.0,1.0,1.0,1.0,0.9407563025210084,0.11848739495798316,35,0.9898477157360406,0.9853801169590644,0.9940828402366864,0.9970326409495549,0.9911504424778761,0.9914987512718444,0.003939197226676036,59,0.9940652818991098,0.9851190476190477,0.9940476190476191,0.9970238095238095,0.9910714285714286,0.9922654373322028,0.004038669605172971,57,0.5803571428571429,1.0,1.0,1.0,1.0,0.9160714285714284,0.16785714285714284,33,0.8674377224199288,0.9882697947214076,0.995260663507109,0.997624703087886,0.9929078014184397,0.9683001370309542,0.05052593634628892,15,0.7872112123781263,0.9925595238095238,0.9970238095238095,0.9985119047619048,0.9955357142857143,0.9541684329518156,0.08350181808463077,21,0.7839748504148947,0.9853801169590644,0.9940828402366864,0.9970326409495549,0.9911504424778761,0.9503241782076153,0.08326380071482464,22,0.7872112123781264,0.9925595238095238,0.9970238095238095,0.9985119047619048,0.9955357142857143,0.9541684329518156,0.08350181808463072,20
25,1.0360860347747802,0.2006477266691032,0.07294244766235351,0.015894387182958002,gini,3,8,"{'criterion': 'gini', 'max_depth': 3, 'min_samples_leaf': 8}",0.7696879643387816,0.9985141158989599,1.0,0.9940476190476191,0.9985119047619048,0.952152320809453,0.09125402442501752,42,0.6849593495934959,1.0,1.0,1.0,1.0,0.9369918699186993,0.12601626016260162,68,1.0,0.9970414201183432,1.0,0.9882352941176471,0.9970326409495549,0.9964618710371089,0.004321456614578756,39,1.0,0.9970238095238095,1.0,0.9880952380952381,0.9970238095238095,0.9964285714285713,0.004374088826398516,42,0.5386904761904762,1.0,1.0,1.0,1.0,0.9077380952380952,0.18452380952380953,68,0.8537735849056604,0.9976317347542925,1.0,0.9905660377358491,0.997624703087886,0.9679192120967375,0.05716035351284616,21,0.7693452380952381,0.9985119047619048,1.0,0.9940476190476191,0.9985119047619048,0.9520833333333334,0.09139085748694749,41,0.7690025118516945,0.9970414201183432,1.0,0.9882352941176471,0.9970326409495549,0.9502623734074479,0.09071565328505823,23,0.7693452380952381,0.9985119047619048,1.0,0.9940476190476191,0.9985119047619048,0.9520833333333334,0.09139085748694749,41
98,1.2037923336029053,0.13285730766735354,0.09010601043701172,0.012213108097097164,log_loss,3,9,"{'criterion': 'log_loss', 'max_depth': 3, 'min_samples_leaf': 9}",0.7726597325408618,0.9970282317979198,0.9985119047619048,0.9955357142857143,0.9985119047619048,0.952449497629661,0.08990165286366586,38,0.6877551020408164,1.0,1.0,1.0,1.0,0.9375510204081632,0.12489795918367347,62,1.0,0.9941002949852508,0.9970326409495549,0.9911504424778761,0.9970326409495549,0.9958632038724472,0.003005535428581079,51,1.0,0.9940476190476191,0.9970238095238095,0.9910714285714286,0.9970238095238095,0.9958333333333333,0.0030351306628528373,51,0.5446428571428571,1.0,1.0,1.0,1.0,0.9089285714285715,0.18214285714285716,62,0.8567415730337079,0.9952746603662138,0.997624703087886,0.9929078014184397,0.997624703087886,0.9680346881988268,0.05567402139300089,19,0.7723214285714286,0.9970238095238095,0.9985119047619048,0.9955357142857143,0.9985119047619048,0.9523809523809523,0.09003652571994777,37,0.7719831246019953,0.9941002949852508,0.9970326409495549,0.9911504424778761,0.9970326409495549,0.9502598287928462,0.08916501997392409,24,0.7723214285714286,0.9970238095238095,0.9985119047619048,0.9955357142857143,0.9985119047619048,0.9523809523809523,0.09003652571994777,37
96,1.1160110473632812,0.1311714871249214,0.0661588191986084,0.01255711895775612,log_loss,3,7,"{'criterion': 'log_loss', 'max_depth': 3, 'min_samples_leaf': 7}",0.7696879643387816,0.9955423476968797,0.9985119047619048,0.9985119047619048,0.9985119047619048,0.9521532052642752,0.09123986944792262,40,0.6849593495934959,1.0,1.0,1.0,1.0,0.9369918699186993,0.12601626016260162,68,1.0,0.9911764705882353,0.9970326409495549,0.9970326409495549,0.9970326409495549,0.9964548786873799,0.0028785727323480657,40,1.0,0.9910714285714286,0.9970238095238095,0.9970238095238095,0.9970238095238095,0.9964285714285713,0.0029160592175990112,42,0.5386904761904762,1.0,1.0,1.0,1.0,0.9077380952380952,0.18452380952380953,68,0.8537735849056604,0.9929286977018268,0.997624703087886,0.997624703087886,0.997624703087886,0.9679152783742289,0.057099819762903424,22,0.7693452380952381,0.9955357142857143,0.9985119047619048,0.9985119047619048,0.9985119047619048,0.9520833333333334,0.0913763181534164,41,0.7690025118516945,0.9911764705882353,0.9970326409495549,0.9970326409495549,0.9970326409495549,0.9502553810577188,0.09065481155762867,25,0.7693452380952381,0.9955357142857143,0.9985119047619048,0.9985119047619048,0.9985119047619048,0.9520833333333334,0.0913763181534164,41
56,1.2933640956878663,0.06748108004004277,0.07832045555114746,0.029692759258426425,entropy,3,3,"{'criterion': 'entropy', 'max_depth': 3, 'min_samples_leaf': 3}",0.7667161961367014,0.9970282317979198,0.9985119047619048,0.9985119047619048,0.9985119047619048,0.9518560284440671,0.09257169961451223,46,0.6821862348178138,1.0,1.0,1.0,1.0,0.9364372469635628,0.12712550607287446,71,1.0,0.9941002949852508,0.9970326409495549,0.9970326409495549,0.9970326409495549,0.997039643566783,0.0018656702498238518,31,1.0,0.9940476190476191,0.9970238095238095,0.9970238095238095,0.9970238095238095,0.9970238095238095,0.0018823081310526,30,0.5327380952380952,1.0,1.0,1.0,1.0,0.9065476190476189,0.1869047619047619,71,0.8507604562737643,0.9952746603662138,0.997624703087886,0.997624703087886,0.997624703087886,0.9677818451807271,0.05851777311678665,25,0.7663690476190477,0.9970238095238095,0.9985119047619048,0.9985119047619048,0.9985119047619048,0.9517857142857142,0.092710124762941,48,0.7660218991013938,0.9941002949852508,0.9970326409495549,0.9970326409495549,0.9970326409495549,0.9502440233870617,0.0921180631961462,26,0.7663690476190477,0.9970238095238095,0.9985119047619048,0.9985119047619048,0.9985119047619048,0.9517857142857142,0.092710124762941,48
105,1.4061399936676025,0.21862615382502146,0.07199430465698242,0.014375463863810016,log_loss,4,7,"{'criterion': 'log_loss', 'max_depth': 4, 'min_samples_leaf': 7}",0.763744427934621,0.9985141158989599,0.9985119047619048,0.9985119047619048,0.9985119047619048,0.9515588516238591,0.09390721184852376,53,0.6794354838709677,1.0,1.0,1.0,1.0,0.9358870967741936,0.12822580645161288,78,1.0,0.9970414201183432,0.9970326409495549,0.9970326409495549,0.9970326409495549,0.9976278685934015,0.0011860705769950381,15,1.0,0.9970238095238095,0.9970238095238095,0.9970238095238095,0.9970238095238095,0.9976190476190476,0.001190476190476186,13,0.5267857142857143,1.0,1.0,1.0,1.0,0.9053571428571429,0.1892857142857143,78,0.8477011494252874,0.9976317347542925,0.997624703087886,0.997624703087886,0.997624703087886,0.9676413986886475,0.05997012469351628,27,0.7633928571428572,0.9985119047619048,0.9985119047619048,0.9985119047619048,0.9985119047619048,0.9514880952380953,0.09404761904761902,53,0.7630412863510931,0.9970414201183432,0.9970326409495549,0.9970326409495549,0.9970326409495549,0.95023612586362,0.0935974198180231,27,0.7633928571428572,0.9985119047619048,0.9985119047619048,0.9985119047619048,0.9985119047619048,0.9514880952380953,0.09404761904761902,53
69,1.182891273498535,0.07997201011014954,0.06145577430725098,0.0028931299673350865,entropy,4,7,"{'criterion': 'entropy', 'max_depth': 4, 'min_samples_leaf': 7}",0.763744427934621,0.9985141158989599,0.9985119047619048,0.9985119047619048,0.9985119047619048,0.9515588516238591,0.09390721184852376,53,0.6794354838709677,1.0,1.0,1.0,1.0,0.9358870967741936,0.12822580645161288,78,1.0,0.9970414201183432,0.9970326409495549,0.9970326409495549,0.9970326409495549,0.9976278685934015,0.0011860705769950381,15,1.0,0.9970238095238095,0.9970238095238095,0.9970238095238095,0.9970238095238095,0.9976190476190476,0.001190476190476186,13,0.5267857142857143,1.0,1.0,1.0,1.0,0.9053571428571429,0.1892857142857143,78,0.8477011494252874,0.9976317347542925,0.997624703087886,0.997624703087886,0.997624703087886,0.9676413986886475,0.05997012469351628,27,0.7633928571428572,0.9985119047619048,0.9985119047619048,0.9985119047619048,0.9985119047619048,0.9514880952380953,0.09404761904761902,53,0.7630412863510931,0.9970414201183432,0.9970326409495549,0.9970326409495549,0.9970326409495549,0.95023612586362,0.0935974198180231,27,0.7633928571428572,0.9985119047619048,0.9985119047619048,0.9985119047619048,0.9985119047619048,0.9514880952380953,0.09404761904761902,53
66,1.222667646408081,0.06288776956216699,0.0693314552307129,0.01470786578693668,entropy,4,4,"{'criterion': 'entropy', 'max_depth': 4, 'min_samples_leaf': 4}",0.7607726597325408,0.9985141158989599,1.0,0.9985119047619048,0.9985119047619048,0.951262117031062,0.09524647065000387,58,0.6767068273092369,1.0,1.0,1.0,1.0,0.9353413654618474,0.12931726907630522,90,1.0,0.9970414201183432,1.0,0.9970326409495549,0.9970326409495549,0.9982213404034905,0.0014522730172654432,1,1.0,0.9970238095238095,1.0,0.9970238095238095,0.9970238095238095,0.9982142857142856,0.0014580296087995056,1,0.5208333333333334,1.0,1.0,1.0,1.0,0.9041666666666668,0.19166666666666662,90,0.8445945945945946,0.9976317347542925,1.0,0.997624703087886,0.997624703087886,0.9674951471049317,0.06145714843967902,30,0.7604166666666667,0.9985119047619048,1.0,0.9985119047619048,0.9985119047619048,0.9511904761904763,0.09538864588708831,59,0.7600606736007924,0.9970414201183432,1.0,0.9970326409495549,0.9970326409495549,0.9502334751236491,0.09509333204378513,29,0.7604166666666667,0.9985119047619048,1.0,0.9985119047619048,0.9985119047619048,0.9511904761904763,0.09538864588708831,59
14,0.7673565864562988,0.03672427714789468,0.06045618057250977,0.005004465418567528,gini,2,6,"{'criterion': 'gini', 'max_depth': 2, 'min_samples_leaf': 6}",0.7890044576523031,0.9940564635958395,0.9985119047619048,0.9910714285714286,0.9985119047619048,0.9542312318686761,0.08266158972209801,23,0.7052631578947368,1.0,1.0,1.0,1.0,0.9410526315789474,0.11789473684210527,32,0.98989898989899,0.9882697947214076,0.9970326409495549,0.9824561403508771,0.9970326409495549,0.990938041374077,0.0055575192506288566,61,0.9940652818991098,0.9880952380952381,0.9970238095238095,0.9821428571428571,0.9970238095238095,0.991670199236965,0.005772509016161678,60,0.5833333333333334,1.0,1.0,1.0,1.0,0.9166666666666667,0.16666666666666663,32,0.8687943262411347,0.9905937683715461,0.997624703087886,0.9859154929577465,0.997624703087886,0.96811059874924,0.04985658205045886,18,0.7886993076162216,0.9940476190476191,0.9985119047619048,0.9910714285714286,0.9985119047619048,0.9541684329518159,0.08278272645067418,20,0.7854648515866942,0.9882697947214076,0.9970326409495549,0.9824561403508771,0.9970326409495549,0.9500512137116178,0.08247898982533829,30,0.7886993076162216,0.9940476190476191,0.9985119047619048,0.9910714285714285,0.9985119047619048,0.9541684329518156,0.08278272645067415,20
101,1.5218472957611084,0.1720131824011903,0.0733564853668213,0.01908413276586664,log_loss,4,3,"{'criterion': 'log_loss', 'max_depth': 4, 'min_samples_leaf': 3}",0.7652303120356612,0.9955423476968797,1.0,0.9985119047619048,0.9985119047619048,0.95155929385127,0.09317574345811877,51,0.6808080808080809,1.0,1.0,1.0,1.0,0.9361616161616162,0.12767676767676767,72,1.0,0.9911764705882353,1.0,0.9970326409495549,0.9970326409495549,0.997048350497469,0.0032219229295511213,29,1.0,0.9910714285714286,1.0,0.9970238095238095,0.9970238095238095,0.9970238095238095,0.00326025331848312,30,0.5297619047619048,1.0,1.0,1.0,1.0,0.9059523809523811,0.1880952380952381,72,0.8492366412213741,0.9929286977018268,1.0,0.997624703087886,0.997624703087886,0.9674829490197945,0.05916770185667148,31,0.7648809523809523,0.9955357142857143,1.0,0.9985119047619048,0.9985119047619048,0.9514880952380953,0.09331484419636725,53,0.7645315927262435,0.9911764705882353,1.0,0.9970326409495549,0.9970326409495549,0.9499546690427177,0.09275576551532402,31,0.7648809523809523,0.9955357142857143,1.0,0.9985119047619048,0.9985119047619048,0.9514880952380953,0.09331484419636725,53
23,0.98518385887146,0.08945532956514048,0.057157135009765624,0.006574499240223679,gini,3,6,"{'criterion': 'gini', 'max_depth': 3, 'min_samples_leaf': 6}",0.7652303120356612,0.9970282317979198,1.0,0.9985119047619048,0.9970238095238095,0.9515588516238591,0.09317079547831672,53,0.6808080808080809,1.0,1.0,1.0,1.0,0.9361616161616162,0.12767676767676767,72,1.0,0.9941002949852508,1.0,0.9970326409495549,0.9940828402366864,0.9970431552342983,0.002642342287350715,30,1.0,0.9940476190476191,1.0,0.9970238095238095,0.9940476190476191,0.9970238095238095,0.0026619856874997403,30,0.5297619047619048,1.0,1.0,1.0,1.0,0.9059523809523811,0.1880952380952381,72,0.8492366412213741,0.9952746603662138,1.0,0.997624703087886,0.995260663507109,0.9674793336365166,0.059147364822206304,32,0.7648809523809523,0.9970238095238095,1.0,0.9985119047619048,0.9970238095238095,0.9514880952380953,0.09331009793381012,53,0.7645315927262435,0.9941002949852508,1.0,0.9970326409495549,0.9940828402366864,0.9499494737795471,0.09273480411148594,32,0.7648809523809523,0.9970238095238095,1.0,0.9985119047619048,0.9970238095238095,0.9514880952380953,0.09331009793381012,53
64,1.4082233428955078,0.31055443314612086,0.0661508560180664,0.011755793393080537,entropy,4,2,"{'criterion': 'entropy', 'max_depth': 4, 'min_samples_leaf': 2}",0.7622585438335809,0.9985141158989599,0.9985119047619048,0.9985119047619048,0.9985119047619048,0.9512616748036511,0.09450156548891524,59,0.6780684104627767,1.0,1.0,1.0,1.0,0.9356136820925552,0.12877263581488932,83,1.0,0.9970414201183432,0.9970326409495549,0.9970326409495549,0.9970326409495549,0.9976278685934015,0.0011860705769950381,15,1.0,0.9970238095238095,0.9970238095238095,0.9970238095238095,0.9970238095238095,0.9976190476190476,0.001190476190476186,13,0.5238095238095238,1.0,1.0,1.0,1.0,0.9047619047619048,0.19047619047619044,83,0.8461538461538461,0.9976317347542925,0.997624703087886,0.997624703087886,0.997624703087886,0.9673319380343592,0.06058904600146112,33,0.7619047619047619,0.9985119047619048,0.9985119047619048,0.9985119047619048,0.9985119047619048,0.9511904761904761,0.09464285714285718,61,0.7615509799759428,0.9970414201183432,0.9970326409495549,0.9970326409495549,0.9970326409495549,0.94993806458859,0.09419354236769238,33,0.7619047619047619,0.9985119047619048,0.9985119047619048,0.9985119047619048,0.9985119047619048,0.9511904761904761,0.09464285714285718,61
33,1.1460190296173096,0.16718343241534456,0.06964426040649414,0.005176484543615554,gini,4,7,"{'criterion': 'gini', 'max_depth': 4, 'min_samples_leaf': 7}",0.7622585438335809,0.9985141158989599,0.9985119047619048,0.9985119047619048,0.9985119047619048,0.9512616748036511,0.09450156548891524,59,0.6780684104627767,1.0,1.0,1.0,1.0,0.9356136820925552,0.12877263581488932,83,1.0,0.9970414201183432,0.9970326409495549,0.9970326409495549,0.9970326409495549,0.9976278685934015,0.0011860705769950381,15,1.0,0.9970238095238095,0.9970238095238095,0.9970238095238095,0.9970238095238095,0.9976190476190476,0.001190476190476186,13,0.5238095238095238,1.0,1.0,1.0,1.0,0.9047619047619048,0.19047619047619044,83,0.8461538461538461,0.9976317347542925,0.997624703087886,0.997624703087886,0.997624703087886,0.9673319380343592,0.06058904600146112,33,0.7619047619047619,0.9985119047619048,0.9985119047619048,0.9985119047619048,0.9985119047619048,0.9511904761904761,0.09464285714285718,61,0.7615509799759428,0.9970414201183432,0.9970326409495549,0.9970326409495549,0.9970326409495549,0.94993806458859,0.09419354236769238,33,0.7619047619047619,0.9985119047619048,0.9985119047619048,0.9985119047619048,0.9985119047619048,0.9511904761904761,0.09464285714285718,61
97,1.2631571292877197,0.18460575597214088,0.07332663536071778,0.01266821934574987,log_loss,3,8,"{'criterion': 'log_loss', 'max_depth': 3, 'min_samples_leaf': 8}",0.7607726597325408,0.9985141158989599,0.9985119047619048,0.9985119047619048,0.9985119047619048,0.9509644979834431,0.09509591912930704,65,0.6767068273092369,1.0,1.0,1.0,1.0,0.9353413654618474,0.12931726907630522,90,1.0,0.9970414201183432,0.9970326409495549,0.9970326409495549,0.9970326409495549,0.9976278685934015,0.0011860705769950381,15,1.0,0.9970238095238095,0.9970238095238095,0.9970238095238095,0.9970238095238095,0.9976190476190476,0.001190476190476186,13,0.5208333333333334,1.0,1.0,1.0,1.0,0.9041666666666668,0.19166666666666662,90,0.8445945945945946,0.9976317347542925,0.997624703087886,0.997624703087886,0.997624703087886,0.9670200877225088,0.061212746624538114,36,0.7604166666666667,0.9985119047619048,0.9985119047619048,0.9985119047619048,0.9985119047619048,0.9508928571428571,0.09523809523809522,69,0.7600606736007924,0.9970414201183432,0.9970326409495549,0.9970326409495549,0.9970326409495549,0.94964000331356,0.09478966491736658,35,0.7604166666666667,0.9985119047619048,0.9985119047619048,0.9985119047619048,0.9985119047619048,0.9508928571428571,0.09523809523809522,69
19,0.875795316696167,0.08576929119421149,0.05842437744140625,0.002732705726727353,gini,3,2,"{'criterion': 'gini', 'max_depth': 3, 'min_samples_leaf': 2}",0.7607726597325408,0.9985141158989599,0.9985119047619048,0.9985119047619048,0.9985119047619048,0.9509644979834431,0.09509591912930704,65,0.6767068273092369,1.0,1.0,1.0,1.0,0.9353413654618474,0.12931726907630522,90,1.0,0.9970414201183432,0.9970326409495549,0.9970326409495549,0.9970326409495549,0.9976278685934015,0.0011860705769950381,15,1.0,0.9970238095238095,0.9970238095238095,0.9970238095238095,0.9970238095238095,0.9976190476190476,0.001190476190476186,13,0.5208333333333334,1.0,1.0,1.0,1.0,0.9041666666666668,0.19166666666666662,90,0.8445945945945946,0.9976317347542925,0.997624703087886,0.997624703087886,0.997624703087886,0.9670200877225088,0.061212746624538114,36,0.7604166666666667,0.9985119047619048,0.9985119047619048,0.9985119047619048,0.9985119047619048,0.9508928571428571,0.09523809523809522,69,0.7600606736007924,0.9970414201183432,0.9970326409495549,0.9970326409495549,0.9970326409495549,0.94964000331356,0.09478966491736658,35,0.7604166666666667,0.9985119047619048,0.9985119047619048,0.9985119047619048,0.9985119047619048,0.9508928571428571,0.09523809523809522,69
34,1.2411782264709472,0.5072886044970669,0.06958966255187989,0.022326759791656197,gini,4,8,"{'criterion': 'gini', 'max_depth': 4, 'min_samples_leaf': 8}",0.7578008915304606,0.9985141158989599,1.0,0.9985119047619048,0.9985119047619048,0.950667763390646,0.09643515645807839,73,0.674,1.0,1.0,1.0,1.0,0.9347999999999999,0.13040000000000002,96,1.0,0.9970414201183432,1.0,0.9970326409495549,0.9970326409495549,0.9982213404034905,0.0014522730172654432,1,1.0,0.9970238095238095,1.0,0.9970238095238095,0.9970238095238095,0.9982142857142856,0.0014580296087995056,1,0.5148809523809523,1.0,1.0,1.0,1.0,0.9029761904761905,0.1940476190476191,96,0.8414396887159533,0.9976317347542925,1.0,0.997624703087886,0.997624703087886,0.9668641659292035,0.06271897251673123,41,0.7574404761904762,0.9985119047619048,1.0,0.9985119047619048,0.9985119047619048,0.9505952380952382,0.0965791006156972,77,0.7570800608504917,0.9970414201183432,1.0,0.9970326409495549,0.9970326409495549,0.9496373525735888,0.09628549131805945,37,0.7574404761904762,0.9985119047619048,1.0,0.9985119047619048,0.9985119047619048,0.9505952380952382,0.0965791006156972,77
62,1.2518399238586426,0.10574180285254768,0.07196626663208008,0.009540378537603351,entropy,3,9,"{'criterion': 'entropy', 'max_depth': 3, 'min_samples_leaf': 9}",0.7652303120356612,0.9955423476968797,0.9985119047619048,0.9985119047619048,0.9985119047619048,0.9512616748036511,0.09302279142072241,59,0.6808080808080809,1.0,1.0,1.0,1.0,0.9361616161616162,0.12767676767676767,72,1.0,0.9911764705882353,0.9970326409495549,0.9970326409495549,0.9970326409495549,0.9964548786873799,0.0028785727323480657,40,1.0,0.9910714285714286,0.9970238095238095,0.9970238095238095,0.9970238095238095,0.9964285714285713,0.0029160592175990112,42,0.5297619047619048,1.0,1.0,1.0,1.0,0.9059523809523811,0.1880952380952381,72,0.8492366412213741,0.9929286977018268,0.997624703087886,0.997624703087886,0.997624703087886,0.9670078896373717,0.058913704758345856,38,0.7648809523809523,0.9955357142857143,0.9985119047619048,0.9985119047619048,0.9985119047619048,0.9511904761904761,0.09316189307863743,61,0.7645315927262435,0.9911764705882353,0.9970326409495549,0.9970326409495549,0.9970326409495549,0.9493611972326287,0.09244263023730888,38,0.7648809523809523,0.9955357142857143,0.9985119047619048,0.9985119047619048,0.9985119047619048,0.9511904761904761,0.09316189307863743,61
61,1.2758257865905762,0.2821297325536226,0.06846365928649903,0.016664132212511812,entropy,3,8,"{'criterion': 'entropy', 'max_depth': 3, 'min_samples_leaf': 8}",0.7652303120356612,0.9985141158989599,0.9955357142857143,0.9985119047619048,0.9985119047619048,0.9512607903488289,0.0930223845675274,62,0.6808080808080809,1.0,1.0,1.0,1.0,0.9361616161616162,0.12767676767676767,72,1.0,0.9970414201183432,0.9911504424778761,0.9970326409495549,0.9970326409495549,0.9964514288990657,0.002888477745460918,45,1.0,0.9970238095238095,0.9910714285714286,0.9970238095238095,0.9970238095238095,0.9964285714285713,0.0029160592175990112,42,0.5297619047619048,1.0,1.0,1.0,1.0,0.9059523809523811,0.1880952380952381,72,0.8492366412213741,0.9976317347542925,0.9929078014184397,0.997624703087886,0.997624703087886,0.9670051167139755,0.05891259757769392,39,0.7648809523809523,0.9985119047619048,0.9955357142857143,0.9985119047619048,0.9985119047619048,0.9511904761904763,0.09316189307863741,59,0.7645315927262435,0.9970414201183432,0.9911504424778761,0.9970326409495549,0.9970326409495549,0.9493577474443144,0.09244118173973387,39,0.7648809523809523,0.9985119047619048,0.9955357142857143,0.9985119047619048,0.9985119047619048,0.9511904761904763,0.09316189307863741,59
70,1.2485867500305177,0.054389052475933,0.06213469505310058,0.004602847351313035,entropy,4,8,"{'criterion': 'entropy', 'max_depth': 4, 'min_samples_leaf': 8}",0.7622585438335809,0.9970282317979198,0.9985119047619048,0.9985119047619048,0.9985119047619048,0.9509644979834431,0.09435472683295772,65,0.6780684104627767,1.0,1.0,1.0,1.0,0.9356136820925552,0.12877263581488932,83,1.0,0.9941002949852508,0.9970326409495549,0.9970326409495549,0.9970326409495549,0.997039643566783,0.0018656702498238518,31,1.0,0.9940476190476191,0.9970238095238095,0.9970238095238095,0.9970238095238095,0.9970238095238095,0.0018823081310526,30,0.5238095238095238,1.0,1.0,1.0,1.0,0.9047619047619048,0.19047619047619044,83,0.8461538461538461,0.9952746603662138,0.997624703087886,0.997624703087886,0.997624703087886,0.9668605231567435,0.06036020107148009,42,0.7619047619047619,0.9970238095238095,0.9985119047619048,0.9985119047619048,0.9985119047619048,0.9508928571428571,0.0944958051955032,69,0.7615509799759428,0.9941002949852508,0.9970326409495549,0.9970326409495549,0.9970326409495549,0.9493498395619715,0.09390629751716018,40,0.7619047619047619,0.9970238095238095,0.9985119047619048,0.9985119047619048,0.9985119047619048,0.9508928571428571,0.0944958051955032,69
32,1.1026776790618897,0.12787111201001453,0.07195582389831542,0.010554781129831587,gini,4,6,"{'criterion': 'gini', 'max_depth': 4, 'min_samples_leaf': 6}",0.7563150074294205,0.9985141158989599,1.0,0.9985119047619048,0.9985119047619048,0.9503705865704379,0.09702949955941075,78,0.6726546906187625,1.0,1.0,1.0,1.0,0.9345309381237525,0.13093812375249503,102,1.0,0.9970414201183432,1.0,0.9970326409495549,0.9970326409495549,0.9982213404034905,0.0014522730172654432,1,1.0,0.9970238095238095,1.0,0.9970238095238095,0.9970238095238095,0.9982142857142856,0.0014580296087995056,1,0.5119047619047619,1.0,1.0,1.0,1.0,0.9023809523809524,0.19523809523809524,102,0.83984375,0.9976317347542925,1.0,0.997624703087886,0.997624703087886,0.9665449781860127,0.06335728015359585,44,0.7559523809523809,0.9985119047619048,1.0,0.9985119047619048,0.9985119047619048,0.950297619047619,0.09717432817719576,80,0.7555897544753414,0.9970414201183432,1.0,0.9970326409495549,0.9970326409495549,0.9493392912985588,0.09688157174731137,41,0.7559523809523809,0.9985119047619048,1.0,0.9985119047619048,0.9985119047619048,0.950297619047619,0.09717432817719576,80
9,0.7951624870300293,0.11343270233611939,0.06662678718566895,0.009462629902574432,gini,2,1,"{'criterion': 'gini', 'max_depth': 2, 'min_samples_leaf': 1}",0.7890044576523031,0.9910846953937593,0.9970238095238095,0.9940476190476191,0.9970238095238095,0.95363687822826,0.0823456768788967,31,0.7044025157232704,1.0,1.0,1.0,1.0,0.9408805031446541,0.11823899371069185,33,0.9948979591836735,0.9825072886297376,0.9940828402366864,0.9882352941176471,0.9940828402366864,0.9907612444808862,0.004768366967682215,64,0.9970326409495549,0.9821428571428571,0.9940476190476191,0.9880952380952381,0.9940476190476191,0.9910731948565775,0.0053259469472595015,64,0.5803571428571429,1.0,1.0,1.0,1.0,0.9160714285714284,0.16785714285714284,33,0.8705357142857143,0.9859566998244588,0.995260663507109,0.9905660377358491,0.995260663507109,0.9675159557720481,0.04861290399286998,29,0.788694891903349,0.9910714285714286,0.9970238095238095,0.9940476190476191,0.9970238095238095,0.9535723117140031,0.08246825226241603,29,0.786905795272896,0.9825072886297376,0.9940828402366864,0.9882352941176471,0.9940828402366864,0.9491628116987305,0.08124219387891256,42,0.7886948919033488,0.9910714285714285,0.9970238095238095,0.9940476190476191,0.9970238095238095,0.9535723117140031,0.08246825226241607,29
18,0.9664482593536377,0.06040175964915233,0.06991372108459473,0.010417699893615738,gini,3,1,"{'criterion': 'gini', 'max_depth': 3, 'min_samples_leaf': 1}",0.7622585438335809,0.9985141158989599,1.0,0.9955357142857143,0.9985119047619048,0.950964055756032,0.09436390514023865,68,0.6787878787878788,1.0,1.0,1.0,1.0,0.9357575757575758,0.12848484848484845,82,0.9943820224719101,0.9970414201183432,1.0,0.9911504424778761,0.9970326409495549,0.9959213052035368,0.002975096579287072,48,0.9970326409495549,0.9970238095238095,1.0,0.9910714285714286,0.9970238095238095,0.9964303377137205,0.0029164218762059496,40,0.5267857142857143,1.0,1.0,1.0,1.0,0.9053571428571429,0.1892857142857143,78,0.8444656488549618,0.9976317347542925,1.0,0.9929078014184397,0.997624703087886,0.966525977623116,0.06107361707330327,45,0.7619091776176345,0.9985119047619048,1.0,0.9955357142857143,0.9985119047619048,0.9508937402854316,0.09450341230744208,68,0.7600818160461174,0.9970414201183432,1.0,0.9911504424778761,0.9970326409495549,0.9490612639183782,0.09453341621537997,43,0.7619091776176347,0.9985119047619048,1.0,0.9955357142857143,0.9985119047619048,0.9508937402854318,0.09450341230744203,68
99,1.51395263671875,0.04775530314301047,0.08086557388305664,0.014770941994398547,log_loss,4,1,"{'criterion': 'log_loss', 'max_depth': 4, 'min_samples_leaf': 1}",0.763744427934621,0.9985141158989599,0.9955357142857143,0.9985119047619048,0.9985119047619048,0.9509636135286209,0.09361669284317088,69,0.6794354838709677,1.0,1.0,1.0,1.0,0.9358870967741936,0.12822580645161288,78,1.0,0.9970414201183432,0.9911504424778761,0.9970326409495549,0.9970326409495549,0.9964514288990657,0.002888477745460918,45,1.0,0.9970238095238095,0.9910714285714286,0.9970238095238095,0.9970238095238095,0.9964285714285713,0.0029160592175990112,42,0.5267857142857143,1.0,1.0,1.0,1.0,0.9053571428571429,0.1892857142857143,78,0.8477011494252874,0.9976317347542925,0.9929078014184397,0.997624703087886,0.997624703087886,0.9666980183547583,0.05952650167902406,43,0.7633928571428572,0.9985119047619048,0.9955357142857143,0.9985119047619048,0.9985119047619048,0.9508928571428571,0.09375708590001387,69,0.7630412863510931,0.9970414201183432,0.9911504424778761,0.9970326409495549,0.9970326409495549,0.9490596861692844,0.09303712421502261,44,0.7633928571428572,0.9985119047619048,0.9955357142857143,0.9985119047619048,0.9985119047619048,0.9508928571428571,0.09375708590001387,69
71,1.2194455146789551,0.06036748928255446,0.06067075729370117,0.003950130020215616,entropy,4,9,"{'criterion': 'entropy', 'max_depth': 4, 'min_samples_leaf': 9}",0.7578008915304606,0.9970282317979198,1.0,0.9985119047619048,0.9985119047619048,0.9503705865704379,0.0962894334989566,78,0.674,1.0,1.0,1.0,1.0,0.9347999999999999,0.13040000000000002,96,1.0,0.9941002949852508,1.0,0.9970326409495549,0.9970326409495549,0.997633115376872,0.0022093548666331513,12,1.0,0.9940476190476191,1.0,0.9970238095238095,0.9970238095238095,0.9976190476190476,0.002227177015936862,13,0.5148809523809523,1.0,1.0,1.0,1.0,0.9029761904761905,0.1940476190476191,96,0.8414396887159533,0.9952746603662138,1.0,0.997624703087886,0.997624703087886,0.9663927510515877,0.062494398645937935,47,0.7574404761904762,0.9970238095238095,1.0,0.9985119047619048,0.9985119047619048,0.950297619047619,0.09643316420573453,80,0.7570800608504917,0.9941002949852508,1.0,0.9970326409495549,0.9970326409495549,0.9490491275469705,0.09600266327191756,45,0.7574404761904762,0.9970238095238095,1.0,0.9985119047619048,0.9985119047619048,0.950297619047619,0.09643316420573453,80
29,1.6380433082580566,0.35334356658874133,0.06651930809020996,0.005535490925961259,gini,4,3,"{'criterion': 'gini', 'max_depth': 4, 'min_samples_leaf': 3}",0.7548291233283804,0.9985141158989599,1.0,0.9985119047619048,0.9985119047619048,0.9500734097502299,0.09762384278907009,84,0.6713147410358565,1.0,1.0,1.0,1.0,0.9342629482071713,0.13147410358565736,103,1.0,0.9970414201183432,1.0,0.9970326409495549,0.9970326409495549,0.9982213404034905,0.0014522730172654432,1,1.0,0.9970238095238095,1.0,0.9970238095238095,0.9970238095238095,0.9982142857142856,0.0014580296087995056,1,0.5089285714285714,1.0,1.0,1.0,1.0,0.9017857142857142,0.19642857142857145,103,0.8382352941176471,0.9976317347542925,1.0,0.997624703087886,0.997624703087886,0.9662232870095423,0.06400059549429334,49,0.7544642857142857,0.9985119047619048,1.0,0.9985119047619048,0.9985119047619048,0.95,0.09776955586695568,86,0.754099448100191,0.9970414201183432,1.0,0.9970326409495549,0.9970326409495549,0.9490412300235288,0.09747765269172293,46,0.7544642857142857,0.9985119047619048,1.0,0.9985119047619048,0.9985119047619048,0.95,0.09776955586695568,86
31,1.0446688175201415,0.14977011253810502,0.07922959327697754,0.026017998783484535,gini,4,5,"{'criterion': 'gini', 'max_depth': 4, 'min_samples_leaf': 5}",0.7548291233283804,0.9985141158989599,1.0,0.9985119047619048,0.9985119047619048,0.9500734097502299,0.09762384278907009,84,0.6713147410358565,1.0,1.0,1.0,1.0,0.9342629482071713,0.13147410358565736,103,1.0,0.9970414201183432,1.0,0.9970326409495549,0.9970326409495549,0.9982213404034905,0.0014522730172654432,1,1.0,0.9970238095238095,1.0,0.9970238095238095,0.9970238095238095,0.9982142857142856,0.0014580296087995056,1,0.5089285714285714,1.0,1.0,1.0,1.0,0.9017857142857142,0.19642857142857145,103,0.8382352941176471,0.9976317347542925,1.0,0.997624703087886,0.997624703087886,0.9662232870095423,0.06400059549429334,49,0.7544642857142857,0.9985119047619048,1.0,0.9985119047619048,0.9985119047619048,0.95,0.09776955586695568,86,0.754099448100191,0.9970414201183432,1.0,0.9970326409495549,0.9970326409495549,0.9490412300235288,0.09747765269172293,46,0.7544642857142857,0.9985119047619048,1.0,0.9985119047619048,0.9985119047619048,0.95,0.09776955586695568,86
11,0.7560798168182373,0.053109744143605475,0.061913347244262694,0.010557241862383973,gini,2,3,"{'criterion': 'gini', 'max_depth': 2, 'min_samples_leaf': 3}",0.7771173848439822,0.9955423476968797,0.9970238095238095,0.9970238095238095,0.9940476190476191,0.9521509941272199,0.08752375705633045,43,0.6919917864476386,1.0,1.0,1.0,1.0,0.9383983572895277,0.12320328542094455,48,1.0,0.9911764705882353,0.9940828402366864,0.9940828402366864,0.9882352941176471,0.993515489035851,0.0038998493018797525,55,1.0,0.9910714285714286,0.9940476190476191,0.9940476190476191,0.9880952380952381,0.993452380952381,0.003948362845661177,55,0.5535714285714286,1.0,1.0,1.0,1.0,0.9107142857142858,0.1785714285714286,48,0.8611111111111112,0.9929286977018268,0.995260663507109,0.995260663507109,0.9905660377358491,0.9670254347126009,0.052985732529247306,35,0.7767857142857143,0.9955357142857143,0.9970238095238095,0.9970238095238095,0.9940476190476191,0.9520833333333332,0.08765575706154015,43,0.7764540437274464,0.9911764705882353,0.9940828402366864,0.9940828402366864,0.9882352941176471,0.9488062977813403,0.08620337274916119,48,0.7767857142857143,0.9955357142857143,0.9970238095238095,0.9970238095238095,0.9940476190476191,0.9520833333333332,0.08765575706154015,43
54,1.3195638179779052,0.33615092577114897,0.08907537460327149,0.02893722226858848,entropy,3,1,"{'criterion': 'entropy', 'max_depth': 3, 'min_samples_leaf': 1}",0.7607726597325408,0.9970282317979198,0.9985119047619048,0.9985119047619048,0.9985119047619048,0.950667321163235,0.09494906952039656,74,0.6774193548387096,1.0,1.0,1.0,1.0,0.935483870967742,0.12903225806451613,88,0.9943502824858758,0.9941002949852508,0.9970326409495549,0.9970326409495549,0.9970326409495549,0.9959097000639583,0.001377586194712977,49,0.9970326409495549,0.9940476190476191,0.9970238095238095,0.9970238095238095,0.9970238095238095,0.9964303377137205,0.0011913642430252673,40,0.5238095238095238,1.0,1.0,1.0,1.0,0.9047619047619048,0.19047619047619044,83,0.842911877394636,0.9952746603662138,0.997624703087886,0.997624703087886,0.997624703087886,0.9662121294049015,0.06165684423945001,51,0.7604210823795394,0.9970238095238095,0.9985119047619048,0.9985119047619048,0.9985119047619048,0.9505961212378127,0.09508926603619401,75,0.7585916041352112,0.9941002949852508,0.9970326409495549,0.9970326409495549,0.9970326409495549,0.9487579643938252,0.09508996235897041,49,0.7604210823795393,0.9970238095238095,0.9985119047619048,0.9985119047619048,0.9985119047619048,0.9505961212378127,0.09508926603619405,75
92,1.1736831188201904,0.17631143758443063,0.07989239692687988,0.017424280778762746,log_loss,3,3,"{'criterion': 'log_loss', 'max_depth': 3, 'min_samples_leaf': 3}",0.7607726597325408,0.9985141158989599,0.9985119047619048,0.9985119047619048,0.9970238095238095,0.9506668789358239,0.09494886052814644,75,0.6774193548387096,1.0,1.0,1.0,1.0,0.935483870967742,0.12903225806451613,88,0.9943502824858758,0.9970414201183432,0.9970326409495549,0.9970326409495549,0.9940828402366864,0.9959079649480029,0.0013836161103992597,50,0.9970326409495549,0.9970238095238095,0.9970238095238095,0.9970238095238095,0.9940476190476191,0.9964303377137206,0.0011913642430252673,39,0.5238095238095238,1.0,1.0,1.0,1.0,0.9047619047619048,0.19047619047619044,83,0.842911877394636,0.9976317347542925,0.997624703087886,0.997624703087886,0.995260663507109,0.9662107363663619,0.06165624159915789,52,0.7604210823795394,0.9985119047619048,0.9985119047619048,0.9985119047619048,0.9970238095238095,0.9505961212378127,0.09508926603619401,75,0.7585916041352112,0.9970414201183432,0.9970326409495549,0.9970326409495549,0.9940828402366864,0.94875622927787,0.09508918952115297,50,0.7604210823795393,0.9985119047619048,0.9985119047619048,0.9985119047619048,0.9970238095238095,0.9505961212378127,0.09508926603619405,75
59,1.318221426010132,0.3780818493457092,0.07993178367614746,0.024443684425376675,entropy,3,6,"{'criterion': 'entropy', 'max_depth': 3, 'min_samples_leaf': 6}",0.7592867756315007,0.9970282317979198,0.9985119047619048,0.9985119047619048,0.9985119047619048,0.950370144343027,0.09554341234410607,80,0.6753507014028056,1.0,1.0,1.0,1.0,0.9350701402805612,0.12985971943887775,95,1.0,0.9941002949852508,0.9970326409495549,0.9970326409495549,0.9970326409495549,0.997039643566783,0.0018656702498238518,31,1.0,0.9940476190476191,0.9970238095238095,0.9970238095238095,0.9970238095238095,0.9970238095238095,0.0018823081310526,30,0.5178571428571429,1.0,1.0,1.0,1.0,0.9035714285714285,0.19285714285714284,95,0.8430232558139535,0.9952746603662138,0.997624703087886,0.997624703087886,0.997624703087886,0.966234405088765,0.061612297729625565,48,0.7589285714285714,0.9970238095238095,0.9985119047619048,0.9985119047619048,0.9985119047619048,0.950297619047619,0.09568625951917535,80,0.7585703672256421,0.9941002949852508,0.9970326409495549,0.9970326409495549,0.9970326409495549,0.9487537170119115,0.09509845651696867,51,0.7589285714285714,0.9970238095238095,0.9985119047619048,0.9985119047619048,0.9985119047619048,0.950297619047619,0.09568625951917535,80
10,0.8556904315948486,0.05420003550732528,0.06628298759460449,0.009834196620967088,gini,2,2,"{'criterion': 'gini', 'max_depth': 2, 'min_samples_leaf': 2}",0.7815750371471025,0.9940564635958395,0.9985119047619048,0.9910714285714286,0.9970238095238095,0.9524477287200168,0.08547454478123302,39,0.6962809917355371,1.0,1.0,1.0,1.0,0.9392561983471074,0.12148760330578515,39,1.0,0.9882697947214076,0.9970326409495549,0.9824561403508771,0.9940828402366864,0.9923682832517052,0.006292650062316475,57,1.0,0.9880952380952381,0.9970238095238095,0.9821428571428571,0.9940476190476191,0.9922619047619048,0.0064109104846839455,59,0.5625,1.0,1.0,1.0,1.0,0.9125,0.17500000000000002,39,0.8653846153846154,0.9905937683715461,0.997624703087886,0.9859154929577465,0.995260663507109,0.9669558486617806,0.05094443240378117,40,0.78125,0.9940476190476191,0.9985119047619048,0.9910714285714286,0.9970238095238095,0.9523809523809523,0.08560364055718654,37,0.7809249628528975,0.9882697947214076,0.9970326409495549,0.9824561403508771,0.9940828402366864,0.9485532758222848,0.08396338188112679,52,0.78125,0.9940476190476191,0.9985119047619048,0.9910714285714285,0.9970238095238095,0.9523809523809523,0.08560364055718653,37
60,1.1945776462554931,0.17943747210310268,0.0687180519104004,0.01244189975756233,entropy,3,7,"{'criterion': 'entropy', 'max_depth': 3, 'min_samples_leaf': 7}",0.7607726597325408,0.9955423476968797,0.9985119047619048,0.9985119047619048,0.9985119047619048,0.950370144343027,0.0948057186198715,80,0.6767068273092369,1.0,1.0,1.0,1.0,0.9353413654618474,0.12931726907630522,90,1.0,0.9911764705882353,0.9970326409495549,0.9970326409495549,0.9970326409495549,0.9964548786873799,0.0028785727323480657,40,1.0,0.9910714285714286,0.9970238095238095,0.9970238095238095,0.9970238095238095,0.9964285714285713,0.0029160592175990112,42,0.5208333333333334,1.0,1.0,1.0,1.0,0.9041666666666668,0.19166666666666662,90,0.8445945945945946,0.9929286977018268,0.997624703087886,0.997624703087886,0.997624703087886,0.9660794803120158,0.060769665413194514,53,0.7604166666666667,0.9955357142857143,0.9985119047619048,0.9985119047619048,0.9985119047619048,0.950297619047619,0.0949474732456686,80,0.7600606736007924,0.9911764705882353,0.9970326409495549,0.9970326409495549,0.9970326409495549,0.9484670134075385,0.09423046975123751,53,0.7604166666666667,0.9955357142857143,0.9985119047619048,0.9985119047619048,0.9985119047619048,0.950297619047619,0.0949474732456686,80
100,1.5505927562713624,0.10843098201307523,0.0779231071472168,0.006542149888639307,log_loss,4,2,"{'criterion': 'log_loss', 'max_depth': 4, 'min_samples_leaf': 2}",0.7607726597325408,0.9985141158989599,0.9955357142857143,0.9985119047619048,0.9985119047619048,0.9503692598882049,0.0948053111007983,82,0.6767068273092369,1.0,1.0,1.0,1.0,0.9353413654618474,0.12931726907630522,90,1.0,0.9970414201183432,0.9911504424778761,0.9970326409495549,0.9970326409495549,0.9964514288990657,0.002888477745460918,45,1.0,0.9970238095238095,0.9910714285714286,0.9970238095238095,0.9970238095238095,0.9964285714285713,0.0029160592175990112,42,0.5208333333333334,1.0,1.0,1.0,1.0,0.9041666666666668,0.19166666666666662,90,0.8445945945945946,0.9976317347542925,0.9929078014184397,0.997624703087886,0.997624703087886,0.9660767073886196,0.060768549683314764,54,0.7604166666666667,0.9985119047619048,0.9955357142857143,0.9985119047619048,0.9985119047619048,0.9502976190476191,0.09494747324566861,79,0.7600606736007924,0.9970414201183432,0.9911504424778761,0.9970326409495549,0.9970326409495549,0.9484635636192242,0.09422901599982757,54,0.7604166666666667,0.9985119047619048,0.9955357142857143,0.9985119047619048,0.9985119047619048,0.9502976190476191,0.09494747324566861,79
104,1.3843071460723877,0.2364307811558432,0.06350860595703126,0.008846204487669282,log_loss,4,6,"{'criterion': 'log_loss', 'max_depth': 4, 'min_samples_leaf': 6}",0.7578008915304606,0.9985141158989599,0.9970238095238095,0.9985119047619048,0.9985119047619048,0.9500725252954079,0.09613754615938444,86,0.674,1.0,1.0,1.0,1.0,0.9347999999999999,0.13040000000000002,96,1.0,0.9970414201183432,0.9940828402366864,0.9970326409495549,0.9970326409495549,0.9970379084508277,0.0018711751559303315,36,1.0,0.9970238095238095,0.9940476190476191,0.9970238095238095,0.9970238095238095,0.9970238095238095,0.0018823081310526,30,0.5148809523809523,1.0,1.0,1.0,1.0,0.9029761904761905,0.1940476190476191,96,0.8414396887159533,0.9976317347542925,0.995260663507109,0.997624703087886,0.997624703087886,0.9659162986306253,0.06224505262399333,55,0.7574404761904762,0.9985119047619048,0.9970238095238095,0.9985119047619048,0.9985119047619048,0.95,0.09628148688378929,86,0.7570800608504917,0.9970414201183432,0.9940828402366864,0.9970326409495549,0.9970326409495549,0.9484539206209261,0.09569376338474848,55,0.7574404761904762,0.9985119047619048,0.9970238095238095,0.9985119047619048,0.9985119047619048,0.95,0.09628148688378929,86
106,1.3553622722625733,0.2079207201251756,0.058622121810913086,0.0038789488785730855,log_loss,4,8,"{'criterion': 'log_loss', 'max_depth': 4, 'min_samples_leaf': 8}",0.7578008915304606,0.9985141158989599,0.9970238095238095,0.9985119047619048,0.9985119047619048,0.9500725252954079,0.09613754615938444,86,0.674,1.0,1.0,1.0,1.0,0.9347999999999999,0.13040000000000002,96,1.0,0.9970414201183432,0.9940828402366864,0.9970326409495549,0.9970326409495549,0.9970379084508277,0.0018711751559303315,36,1.0,0.9970238095238095,0.9940476190476191,0.9970238095238095,0.9970238095238095,0.9970238095238095,0.0018823081310526,30,0.5148809523809523,1.0,1.0,1.0,1.0,0.9029761904761905,0.1940476190476191,96,0.8414396887159533,0.9976317347542925,0.995260663507109,0.997624703087886,0.997624703087886,0.9659162986306253,0.06224505262399333,55,0.7574404761904762,0.9985119047619048,0.9970238095238095,0.9985119047619048,0.9985119047619048,0.95,0.09628148688378929,86,0.7570800608504917,0.9970414201183432,0.9940828402366864,0.9970326409495549,0.9970326409495549,0.9484539206209261,0.09569376338474848,55,0.7574404761904762,0.9985119047619048,0.9970238095238095,0.9985119047619048,0.9985119047619048,0.95,0.09628148688378929,86
28,1.0699729919433594,0.35580341821881284,0.08129353523254394,0.03646442164492231,gini,4,2,"{'criterion': 'gini', 'max_depth': 4, 'min_samples_leaf': 2}",0.7548291233283804,0.9985141158989599,0.9985119047619048,0.9985119047619048,0.9985119047619048,0.949775790702611,0.09747333369087717,91,0.6713147410358565,1.0,1.0,1.0,1.0,0.9342629482071713,0.13147410358565736,103,1.0,0.9970414201183432,0.9970326409495549,0.9970326409495549,0.9970326409495549,0.9976278685934015,0.0011860705769950381,15,1.0,0.9970238095238095,0.9970238095238095,0.9970238095238095,0.9970238095238095,0.9976190476190476,0.001190476190476186,13,0.5089285714285714,1.0,1.0,1.0,1.0,0.9017857142857142,0.19642857142857145,103,0.8382352941176471,0.9976317347542925,0.997624703087886,0.997624703087886,0.997624703087886,0.9657482276271194,0.0637564668129001,58,0.7544642857142857,0.9985119047619048,0.9985119047619048,0.9985119047619048,0.9985119047619048,0.949702380952381,0.09761904761904762,92,0.754099448100191,0.9970414201183432,0.9970326409495549,0.9970326409495549,0.9970326409495549,0.9484477582134397,0.09717415511611073,57,0.7544642857142857,0.9985119047619048,0.9985119047619048,0.9985119047619048,0.9985119047619048,0.949702380952381,0.09761904761904762,92
85,0.9550546169281006,0.08652297252520719,0.07141685485839844,0.022548238748610082,log_loss,2,5,"{'criterion': 'log_loss', 'max_depth': 2, 'min_samples_leaf': 5}",0.7756315007429421,0.9910846953937593,0.9985119047619048,0.9970238095238095,0.9970238095238095,0.951855143989245,0.08814873811977526,48,0.691358024691358,1.0,1.0,1.0,1.0,0.9382716049382716,0.1234567901234568,49,0.9946524064171123,0.9825072886297376,0.9970326409495549,0.9940828402366864,0.9940828402366864,0.9924716032939553,0.005099778474729189,56,0.9970326409495549,0.9821428571428571,0.9970238095238095,0.9940476190476191,0.9940476190476191,0.9928589091422919,0.005521345222308802,56,0.5535714285714286,1.0,1.0,1.0,1.0,0.9107142857142858,0.1785714285714286,48,0.8579335793357934,0.9859566998244588,0.997624703087886,0.995260663507109,0.995260663507109,0.9664072618524712,0.05438434799668721,46,0.7753020347604918,0.9910714285714286,0.9985119047619048,0.9970238095238095,0.9970238095238095,0.9517865974282887,0.08827928848802499,46,0.7734937687083479,0.9825072886297376,0.9970326409495549,0.9940828402366864,0.9940828402366864,0.9482398757522026,0.08751496584397096,58,0.7753020347604918,0.9910714285714285,0.9985119047619048,0.9970238095238095,0.9970238095238095,0.9517865974282887,0.08827928848802498,46
63,1.4363925457000732,0.28359407884429433,0.07269835472106934,0.013891716010442931,entropy,4,1,"{'criterion': 'entropy', 'max_depth': 4, 'min_samples_leaf': 1}",0.75037147102526,0.9985141158989599,1.0,0.9985119047619048,0.9985119047619048,0.9491818792896058,0.0994068732249925,97,0.6673267326732674,1.0,1.0,1.0,1.0,0.9334653465346534,0.13306930693069308,108,1.0,0.9970414201183432,1.0,0.9970326409495549,0.9970326409495549,0.9982213404034905,0.0014522730172654432,1,1.0,0.9970238095238095,1.0,0.9970238095238095,0.9970238095238095,0.9982142857142856,0.0014580296087995056,1,0.5,1.0,1.0,1.0,1.0,0.9,0.20000000000000004,108,0.8333333333333334,0.9976317347542925,1.0,0.997624703087886,0.997624703087886,0.9652428948526796,0.06596118364278152,62,0.75,0.9985119047619048,1.0,0.9985119047619048,0.9985119047619048,0.9491071428571429,0.09955523968279781,98,0.74962852897474,0.9970414201183432,1.0,0.9970326409495549,0.9970326409495549,0.9481470461984385,0.09926589852311112,59,0.75,0.9985119047619048,1.0,0.9985119047619048,0.9985119047619048,0.9491071428571429,0.09955523968279781,98
7,0.7015711784362793,0.08903937520098405,0.10998539924621582,0.026174446025033465,gini,1,8,"{'criterion': 'gini', 'max_depth': 1, 'min_samples_leaf': 8}",0.9569093610698366,0.9762258543833581,0.9836309523809523,0.9434523809523809,0.9895833333333334,0.9699603764239721,0.01722906918331658,2,0.9529411764705882,1.0,1.0,1.0,1.0,0.9905882352941177,0.018823529411764732,1,0.960960960960961,0.9546742209631728,0.968299711815562,0.8983957219251337,0.9795918367346939,0.9523844904799047,0.028238696152797185,85,0.9614243323442137,0.9523809523809523,0.9672619047619048,0.8869047619047619,0.9791666666666666,0.9494277236116998,0.032447569009639785,87,0.9523809523809523,1.0,1.0,1.0,1.0,0.9904761904761905,0.019047619047619067,1,0.9592326139088729,0.9634076615208691,0.974477958236659,0.9170305676855895,0.9836065573770492,0.959551071745808,0.0229104617801024,83,0.956902642362583,0.9761904761904762,0.9836309523809523,0.9434523809523809,0.9895833333333333,0.9699519570439452,0.017227519358705493,2,0.9389750608175571,0.9546742209631728,0.968299711815562,0.8983957219251337,0.9795918367346939,0.9479873104512239,0.028272604404206855,60,0.956902642362583,0.9761904761904762,0.9836309523809524,0.9434523809523809,0.9895833333333333,0.9699519570439452,0.01722751935870551,2
27,1.274312925338745,0.19265978661386982,0.10165920257568359,0.03427576402043206,gini,4,1,"{'criterion': 'gini', 'max_depth': 4, 'min_samples_leaf': 1}",0.7518573551263001,0.9985141158989599,0.9985119047619048,0.9985119047619048,0.9985119047619048,0.9491814370621949,0.09866204097166394,98,0.6686507936507936,1.0,1.0,1.0,1.0,0.9337301587301587,0.13253968253968257,107,1.0,0.9970414201183432,0.9970326409495549,0.9970326409495549,0.9970326409495549,0.9976278685934015,0.0011860705769950381,15,1.0,0.9970238095238095,0.9970238095238095,0.9970238095238095,0.9970238095238095,0.9976190476190476,0.001190476190476186,13,0.5029761904761905,1.0,1.0,1.0,1.0,0.9005952380952381,0.1988095238095238,107,0.8349802371541502,0.9976317347542925,0.997624703087886,0.997624703087886,0.997624703087886,0.96509721623442,0.06505848959713484,64,0.7514880952380952,0.9985119047619048,0.9985119047619048,0.9985119047619048,0.9985119047619048,0.9491071428571429,0.0988095238095238,98,0.7511188353498903,0.9970414201183432,0.9970326409495549,0.9970326409495549,0.9970326409495549,0.9478516356633795,0.09836640021551,61,0.7514880952380952,0.9985119047619048,0.9985119047619048,0.9985119047619048,0.9985119047619048,0.9491071428571429,0.0988095238095238,98
49,1.171493148803711,0.5333396502309218,0.08190264701843261,0.03804809954443945,entropy,2,5,"{'criterion': 'entropy', 'max_depth': 2, 'min_samples_leaf': 5}",0.7771173848439822,0.9955423476968797,0.9955357142857143,0.9970238095238095,0.9940476190476191,0.951853375079601,0.08737306420448433,49,0.6935817805383023,1.0,1.0,1.0,1.0,0.9387163561076605,0.12256728778467907,44,0.9894736842105263,0.9911764705882353,0.9911504424778761,0.9940828402366864,0.9882352941176471,0.9908237463261942,0.001968531963167344,62,0.9940652818991098,0.9910714285714286,0.9910714285714286,0.9940476190476191,0.9880952380952381,0.991670199236965,0.0022309614832743273,60,0.5595238095238095,1.0,1.0,1.0,1.0,0.9119047619047619,0.1761904761904762,43,0.8576642335766423,0.9929286977018268,0.9929078014184397,0.995260663507109,0.9905660377358491,0.9658654867879735,0.054120992218401234,57,0.7767945457114597,0.9955357142857143,0.9955357142857143,0.9970238095238095,0.9940476190476191,0.9517874805708633,0.08750152903607988,44,0.7735449321669702,0.9911764705882353,0.9911504424778761,0.9940828402366864,0.9882352941176471,0.947637995917483,0.08706617117268338,62,0.7767945457114597,0.9955357142857143,0.9955357142857143,0.9970238095238095,0.9940476190476191,0.9517874805708633,0.08750152903607988,44
41,0.9348304748535157,0.4011487975427527,0.08444252014160156,0.03993936729238225,entropy,1,6,"{'criterion': 'entropy', 'max_depth': 1, 'min_samples_leaf': 6}",0.9524517087667161,0.962852897473997,0.9702380952380952,0.9880952380952381,0.9747023809523809,0.9696680641052854,0.011900247142151472,3,0.9472140762463344,1.0,1.0,1.0,1.0,0.9894428152492669,0.02111436950146626,3,0.9578313253012049,0.930939226519337,0.9438202247191011,0.9767441860465116,0.9518413597733711,0.9522352644719051,0.01520850039277675,86,0.9584569732937686,0.9255952380952381,0.9404761904761905,0.9761904761904762,0.9494047619047619,0.950024727992087,0.01699475238343527,85,0.9464285714285714,1.0,1.0,1.0,1.0,0.9892857142857142,0.02142857142857144,2,0.9555288461538461,0.9439775910364145,0.9545454545454546,0.9813084112149533,0.9610983981693364,0.959291740224001,0.012322398949234837,84,0.9524427723611699,0.9627976190476191,0.9702380952380952,0.9880952380952381,0.9747023809523809,0.9696552211389007,0.011909180400990572,3,0.9332648466930767,0.930939226519337,0.9438202247191011,0.9767441860465116,0.9518413597733711,0.9473219687502796,0.016518782646689167,63,0.9524427723611699,0.9627976190476191,0.9702380952380952,0.988095238095238,0.9747023809523809,0.9696552211389007,0.01190918040099054,3
107,1.3057425022125244,0.12409430014736267,0.05953969955444336,0.014308879482948109,log_loss,4,9,"{'criterion': 'log_loss', 'max_depth': 4, 'min_samples_leaf': 9}",0.7578008915304606,0.9970282317979198,0.9955357142857143,0.9985119047619048,0.9985119047619048,0.9494777294275808,0.09584476942696145,93,0.674,1.0,1.0,1.0,1.0,0.9347999999999999,0.13040000000000002,96,1.0,0.9941002949852508,0.9911504424778761,0.9970326409495549,0.9970326409495549,0.9958632038724472,0.0030055354285810788,51,1.0,0.9940476190476191,0.9910714285714286,0.9970238095238095,0.9970238095238095,0.9958333333333332,0.0030351306628528373,53,0.5148809523809523,1.0,1.0,1.0,1.0,0.9029761904761905,0.1940476190476191,96,0.8414396887159533,0.9952746603662138,0.9929078014184397,0.997624703087886,0.997624703087886,0.9649743113352758,0.0617920547781333,66,0.7574404761904762,0.9970238095238095,0.9955357142857143,0.9985119047619048,0.9985119047619048,0.9494047619047619,0.09598848723956267,95,0.7570800608504917,0.9941002949852508,0.9911504424778761,0.9970326409495549,0.9970326409495549,0.9472792160425456,0.09512457427817995,64,0.7574404761904762,0.9970238095238095,0.9955357142857143,0.9985119047619048,0.9985119047619048,0.9494047619047619,0.09598848723956267,95
57,1.2179680824279786,0.11988242416950237,0.11368613243103028,0.033959947347954295,entropy,3,4,"{'criterion': 'entropy', 'max_depth': 3, 'min_samples_leaf': 4}",0.7578008915304606,0.9985141158989599,0.9955357142857143,0.9970238095238095,0.9985119047619048,0.9494772872001699,0.09584455689903085,94,0.674,1.0,1.0,1.0,1.0,0.9347999999999999,0.13040000000000002,96,1.0,0.9970414201183432,0.9911504424778761,0.9940828402366864,0.9970326409495549,0.995861468756492,0.0030082771941729626,53,1.0,0.9970238095238095,0.9910714285714286,0.9940476190476191,0.9970238095238095,0.9958333333333333,0.0030351306628528373,51,0.5148809523809523,1.0,1.0,1.0,1.0,0.9029761904761905,0.1940476190476191,96,0.8414396887159533,0.9976317347542925,0.9929078014184397,0.995260663507109,0.997624703087886,0.9649729182967361,0.06179142555090635,67,0.7574404761904762,0.9985119047619048,0.9955357142857143,0.9970238095238095,0.9985119047619048,0.9494047619047621,0.09598848723956269,94,0.7570800608504917,0.9970414201183432,0.9911504424778761,0.9940828402366864,0.9970326409495549,0.9472774809265904,0.09512377474829622,65,0.7574404761904762,0.9985119047619048,0.9955357142857143,0.9970238095238095,0.9985119047619048,0.9494047619047621,0.09598848723956269,94
65,1.3071468830108643,0.14141996198019793,0.07020444869995117,0.013541921867934237,entropy,4,3,"{'criterion': 'entropy', 'max_depth': 4, 'min_samples_leaf': 3}",0.7548291233283804,0.9955423476968797,0.9985119047619048,0.9985119047619048,0.9985119047619048,0.9491814370621949,0.09718296251810875,98,0.6713147410358565,1.0,1.0,1.0,1.0,0.9342629482071713,0.13147410358565736,103,1.0,0.9911764705882353,0.9970326409495549,0.9970326409495549,0.9970326409495549,0.9964548786873799,0.0028785727323480657,40,1.0,0.9910714285714286,0.9970238095238095,0.9970238095238095,0.9970238095238095,0.9964285714285713,0.0029160592175990112,42,0.5089285714285714,1.0,1.0,1.0,1.0,0.9017857142857142,0.19642857142857145,103,0.8382352941176471,0.9929286977018268,0.997624703087886,0.997624703087886,0.997624703087886,0.9648076202166262,0.06331229188328656,69,0.7544642857142857,0.9955357142857143,0.9985119047619048,0.9985119047619048,0.9985119047619048,0.9491071428571429,0.09732825445699857,98,0.754099448100191,0.9911764705882353,0.9970326409495549,0.9970326409495549,0.9970326409495549,0.9472747683074182,0.09661428617956203,66,0.7544642857142857,0.9955357142857143,0.9985119047619048,0.9985119047619048,0.9985119047619048,0.9491071428571429,0.09732825445699857,98
17,0.759971284866333,0.044209814831207915,0.06975355148315429,0.008248258917993814,gini,2,9,"{'criterion': 'gini', 'max_depth': 2, 'min_samples_leaf': 9}",0.7815750371471025,0.9925705794947994,0.9970238095238095,0.9910714285714286,0.9970238095238095,0.9518529328521899,0.08517205541597585,50,0.6979166666666666,1.0,1.0,1.0,1.0,0.9395833333333332,0.12083333333333335,36,0.9896373056994818,0.9853801169590644,0.9940828402366864,0.9824561403508771,0.9940828402366864,0.9891278486965593,0.0046458715907644315,69,0.9940652818991098,0.9851190476190477,0.9940476190476191,0.9821428571428571,0.9940476190476191,0.9898844849512505,0.005192005936413503,66,0.5684523809523809,1.0,1.0,1.0,1.0,0.9136904761904763,0.17261904761904762,36,0.8619133574007221,0.9882697947214076,0.995260663507109,0.9859154929577465,0.995260663507109,0.9653239944188188,0.05183953650313067,61,0.7812588314257454,0.9925595238095238,0.9970238095238095,0.9910714285714286,0.9970238095238095,0.9517874805708633,0.0852974315837275,44,0.778014877354987,0.9853801169590644,0.9940828402366864,0.9824561403508771,0.9940828402366864,0.9468033630276602,0.08452163900532793,67,0.7812588314257454,0.9925595238095238,0.9970238095238095,0.9910714285714285,0.9970238095238095,0.9517874805708633,0.0852974315837275,44
45,1.6501769065856933,0.6433627014109107,0.14400959014892578,0.07346604314470266,entropy,2,1,"{'criterion': 'entropy', 'max_depth': 2, 'min_samples_leaf': 1}",0.7726597325408618,0.9970282317979198,0.9970238095238095,0.9910714285714286,0.9970238095238095,0.9509614023915658,0.08918065165144957,72,0.6893004115226338,1.0,1.0,1.0,1.0,0.9378600823045268,0.1242798353909465,59,0.9893048128342246,0.9941002949852508,0.9940828402366864,0.9824561403508771,0.9940828402366864,0.9908053857287451,0.004567306876124594,63,0.9940652818991098,0.9940476190476191,0.9940476190476191,0.9821428571428571,0.9940476190476191,0.991670199236965,0.004763675958856529,60,0.5505952380952381,1.0,1.0,1.0,1.0,0.9101190476190476,0.17976190476190473,53,0.8533210332103321,0.9952746603662138,0.995260663507109,0.9859154929577465,0.995260663507109,0.9650065027097021,0.055960021139234144,65,0.772330259997174,0.9970238095238095,0.9970238095238095,0.9910714285714286,0.9970238095238095,0.9508946234280062,0.08931193983849486,66,0.7690750182282828,0.9941002949852508,0.9940828402366864,0.9824561403508771,0.9940828402366864,0.9467594268075568,0.08895636360255142,68,0.772330259997174,0.9970238095238095,0.9970238095238095,0.9910714285714285,0.9970238095238095,0.9508946234280062,0.08931193983849484,65
47,1.2133512020111084,0.6032099607683754,0.09297432899475097,0.03854794786903428,entropy,2,3,"{'criterion': 'entropy', 'max_depth': 2, 'min_samples_leaf': 3}",0.7919762258543833,0.9925705794947994,0.9940476190476191,0.9940476190476191,0.9910714285714286,0.9527426944031699,0.08039079960197973,35,0.7082452431289641,1.0,1.0,1.0,1.0,0.9416490486257928,0.11670190274841437,30,0.99,0.9853801169590644,0.9882352941176471,0.9882352941176471,0.9824561403508771,0.986861369109047,0.002654298102014652,80,0.9940652818991098,0.9851190476190477,0.9880952380952381,0.9880952380952381,0.9821428571428571,0.9875035325702981,0.003954222923198934,78,0.5892857142857143,1.0,1.0,1.0,1.0,0.9178571428571429,0.16428571428571428,29,0.8714788732394366,0.9882697947214076,0.9905660377358491,0.9905660377358491,0.9859154929577465,0.9653592472780577,0.04697178221144076,60,0.7916754980924121,0.9925595238095238,0.9940476190476191,0.9940476190476191,0.9910714285714286,0.9526803377137206,0.0805099840421144,36,0.7884448630863936,0.9853801169590644,0.9882352941176471,0.9882352941176471,0.9824561403508771,0.9465503417263259,0.07908171812396002,69,0.7916754980924121,0.9925595238095238,0.9940476190476191,0.9940476190476191,0.9910714285714285,0.9526803377137206,0.08050998404211439,36
83,1.033618974685669,0.1399352314978112,0.07065887451171875,0.02083473258429964,log_loss,2,3,"{'criterion': 'log_loss', 'max_depth': 2, 'min_samples_leaf': 3}",0.7815750371471025,0.9895988112927192,0.9970238095238095,0.9985119047619048,0.9910714285714286,0.9515561982593927,0.08505813425339306,56,0.6970954356846473,1.0,1.0,1.0,1.0,0.9394190871369295,0.12116182572614109,38,0.9947643979057592,0.9796511627906976,0.9940828402366864,0.9970326409495549,0.9824561403508771,0.989597436446715,0.007099648913097077,67,0.9970326409495549,0.9791666666666666,0.9940476190476191,0.9970238095238095,0.9821428571428571,0.9898827186661014,0.007670752105745841,70,0.5654761904761905,1.0,1.0,1.0,1.0,0.9130952380952382,0.1738095238095238,38,0.8636363636363636,0.9836544074722708,0.995260663507109,0.997624703087886,0.9859154929577465,0.9652183261322751,0.05106833111945128,63,0.7812544157128727,0.9895833333333333,0.9970238095238095,0.9985119047619048,0.9910714285714286,0.9514889783806698,0.08518489657415668,52,0.7794546609009474,0.9796511627906976,0.9940828402366864,0.9970326409495549,0.9824561403508771,0.9465354890457526,0.08380173879698391,70,0.7812544157128727,0.9895833333333333,0.9970238095238095,0.9985119047619048,0.9910714285714285,0.9514889783806698,0.08518489657415666,52
58,1.3894192218780517,0.32274315238561324,0.06580958366394044,0.00999406009664808,entropy,3,5,"{'criterion': 'entropy', 'max_depth': 3, 'min_samples_leaf': 5}",0.7622585438335809,0.9970282317979198,0.9985119047619048,0.9925595238095238,0.9970238095238095,0.9494764027453477,0.09363022461978183,95,0.6780684104627767,1.0,1.0,1.0,1.0,0.9356136820925552,0.12877263581488932,83,1.0,0.9941002949852508,0.9970326409495549,0.9853372434017595,0.9940828402366864,0.9941106039146502,0.004902979063150824,54,1.0,0.9940476190476191,0.9970238095238095,0.9851190476190477,0.9940476190476191,0.994047619047619,0.004980119205559956,54,0.5238095238095238,1.0,1.0,1.0,1.0,0.9047619047619048,0.19047619047619044,83,0.8461538461538461,0.9952746603662138,0.997624703087886,0.9882352941176471,0.995260663507109,0.9645098334465404,0.0592616569600604,72,0.7619047619047619,0.9970238095238095,0.9985119047619048,0.9925595238095238,0.9970238095238095,0.9494047619047619,0.09377125609368661,95,0.7615509799759428,0.9941002949852508,0.9970326409495549,0.9853372434017595,0.9940828402366864,0.9464207999098389,0.09251800115506685,71,0.7619047619047619,0.9970238095238095,0.9985119047619048,0.9925595238095238,0.9970238095238095,0.9494047619047619,0.09377125609368661,95
52,1.3861114025115966,0.31896888179701033,0.09026284217834472,0.009200802164566643,entropy,2,8,"{'criterion': 'entropy', 'max_depth': 2, 'min_samples_leaf': 8}",0.7786032689450223,0.9895988112927192,0.9955357142857143,0.9940476190476191,0.9985119047619048,0.9512594636665959,0.08637600702902845,63,0.6950207468879668,1.0,1.0,1.0,1.0,0.9390041493775934,0.12199170124481327,40,0.9895287958115183,0.9796511627906976,0.9911504424778761,0.9882352941176471,0.9970326409495549,0.9891196672294587,0.005609657378288076,70,0.9940652818991098,0.9791666666666666,0.9910714285714286,0.9880952380952381,0.9970238095238095,0.9898844849512505,0.006130756669811107,66,0.5625,1.0,1.0,1.0,1.0,0.9125,0.17500000000000002,39,0.8590909090909091,0.9836544074722708,0.9929078014184397,0.9905660377358491,0.997624703087886,0.964768771761071,0.05303073456012813,70,0.7782826409495549,0.9895833333333333,0.9955357142857143,0.9940476190476191,0.9985119047619048,0.9511922424756254,0.08650281312111915,58,0.7750349104968766,0.9796511627906976,0.9911504424778761,0.9882352941176471,0.9970326409495549,0.9462208901665304,0.08577637389291651,72,0.7782826409495549,0.9895833333333333,0.9955357142857143,0.9940476190476191,0.9985119047619048,0.9511922424756254,0.08650281312111915,58
84,0.9505561828613281,0.09938035077214309,0.05952463150024414,0.004829825936127076,log_loss,2,4,"{'criterion': 'log_loss', 'max_depth': 2, 'min_samples_leaf': 4}",0.7815750371471025,0.9925705794947994,0.9970238095238095,0.9940476190476191,0.9925595238095238,0.9515553138045709,0.0850057313575486,57,0.6979166666666666,1.0,1.0,1.0,1.0,0.9395833333333332,0.12083333333333335,36,0.9896373056994818,0.9853801169590644,0.9940828402366864,0.9882352941176471,0.9853372434017595,0.9885345600829278,0.0032330284891649744,73,0.9940652818991098,0.9851190476190477,0.9940476190476191,0.9880952380952381,0.9851190476190477,0.9892892468560124,0.004041272000732398,72,0.5684523809523809,1.0,1.0,1.0,1.0,0.9136904761904763,0.17261904761904762,36,0.8619133574007221,0.9882697947214076,0.995260663507109,0.9905660377358491,0.9882352941176471,0.9648490294965469,0.05153141605358435,68,0.7812588314257454,0.9925595238095238,0.9970238095238095,0.9940476190476191,0.9925595238095238,0.9514898615232443,0.08513112365603469,51,0.778014877354987,0.9853801169590644,0.9940828402366864,0.9882352941176471,0.9853372434017595,0.9462100744140288,0.08415791430204607,73,0.7812588314257454,0.9925595238095238,0.9970238095238095,0.9940476190476191,0.9925595238095238,0.9514898615232443,0.08513112365603469,51
48,1.5084444046020509,0.6321533051338806,0.11238322257995606,0.05661323777540644,entropy,2,4,"{'criterion': 'entropy', 'max_depth': 2, 'min_samples_leaf': 4}",0.7756315007429421,0.9925705794947994,0.9970238095238095,0.9910714285714286,0.9985119047619048,0.9509618446189769,0.08770804735824869,70,0.6921487603305785,1.0,1.0,1.0,1.0,0.9384297520661157,0.1231404958677686,47,0.9894179894179894,0.9853801169590644,0.9940828402366864,0.9824561403508771,0.9970326409495549,0.9896739455828344,0.005370064054442124,66,0.9940652818991098,0.9851190476190477,0.9940476190476191,0.9821428571428571,0.9970238095238095,0.9904797230464887,0.00577323749930055,65,0.5565476190476191,1.0,1.0,1.0,1.0,0.9113095238095237,0.1773809523809524,46,0.8562271062271062,0.9882697947214076,0.995260663507109,0.9859154929577465,0.997624703087886,0.964659552100251,0.05438746748171349,71,0.7753064504733644,0.9925595238095238,0.9970238095238095,0.9910714285714286,0.9985119047619048,0.9508946234280063,0.08783695505694218,65,0.7720549573084421,0.9853801169590644,0.9940828402366864,0.9824561403508771,0.9970326409495549,0.9462013391609251,0.08723853384621344,74,0.7753064504733644,0.9925595238095238,0.9970238095238095,0.9910714285714285,0.9985119047619048,0.9508946234280062,0.08783695505694218,65
89,1.0919056415557862,0.18463901715986816,0.07571887969970703,0.012142543036616448,log_loss,2,9,"{'criterion': 'log_loss', 'max_depth': 2, 'min_samples_leaf': 9}",0.7771173848439822,0.9910846953937593,0.9970238095238095,0.9985119047619048,0.9910714285714286,0.9509618446189767,0.08697497445137202,71,0.6935817805383023,1.0,1.0,1.0,1.0,0.9387163561076605,0.12256728778467907,44,0.9894736842105263,0.9825072886297376,0.9940828402366864,0.9970326409495549,0.9824561403508771,0.9891105188754764,0.005924513316099755,71,0.9940652818991098,0.9821428571428571,0.9940476190476191,0.9970238095238095,0.9821428571428571,0.9898844849512505,0.0064132099018089465,66,0.5595238095238095,1.0,1.0,1.0,1.0,0.9119047619047619,0.1761904761904762,43,0.8576642335766423,0.9859566998244588,0.995260663507109,0.997624703087886,0.9859154929577465,0.9644843585907686,0.053621558060235865,73,0.7767945457114597,0.9910714285714286,0.9970238095238095,0.9985119047619048,0.9910714285714286,0.9508946234280062,0.0871028078714636,66,0.7735449321669702,0.9825072886297376,0.9940828402366864,0.9970326409495549,0.9824561403508771,0.9459247684667652,0.08639310664893081,75,0.7767945457114597,0.9910714285714285,0.9970238095238095,0.9985119047619048,0.9910714285714285,0.9508946234280062,0.08710280787146359,65
75,0.6913930892944335,0.056774714295133547,0.06243281364440918,0.008942701016389018,log_loss,1,4,"{'criterion': 'log_loss', 'max_depth': 1, 'min_samples_leaf': 4}",0.9435364041604755,0.9806835066864784,0.96875,0.9791666666666666,0.9657738095238095,0.9675820774074859,0.013331754837826875,4,0.9259259259259259,1.0,1.0,1.0,1.0,0.9851851851851852,0.02962962962962963,16,0.9627329192546584,0.9628571428571429,0.9411764705882353,0.96,0.935933147632312,0.9525399360664697,0.011583678050606123,84,0.9643916913946587,0.9613095238095238,0.9375,0.9583333333333334,0.9315476190476191,0.9506164335170271,0.01341127112431141,84,0.9226190476190477,1.0,1.0,1.0,1.0,0.9845238095238095,0.030952380952380926,16,0.9544334975369458,0.970063327576281,0.9523809523809523,0.967741935483871,0.9480812641083521,0.9585401954172804,0.008736647885690169,85,0.9435053695068532,0.9806547619047619,0.96875,0.9791666666666667,0.9657738095238095,0.9675701215204182,0.013337307170540094,4,0.9268687157012816,0.9628571428571429,0.9411764705882353,0.96,0.935933147632312,0.9453670953557942,0.013919586311095678,76,0.9435053695068533,0.980654761904762,0.96875,0.9791666666666667,0.9657738095238095,0.9675701215204183,0.013337307170540076,4
87,1.089660882949829,0.16571768890509572,0.06747317314147949,0.01811771620437963,log_loss,2,7,"{'criterion': 'log_loss', 'max_depth': 2, 'min_samples_leaf': 7}",0.7786032689450223,0.9895988112927192,0.9970238095238095,0.9910714285714286,0.9970238095238095,0.9506642255713578,0.08608372536460249,76,0.6950207468879668,1.0,1.0,1.0,1.0,0.9390041493775934,0.12199170124481327,40,0.9895287958115183,0.9796511627906976,0.9940828402366864,0.9824561403508771,0.9940828402366864,0.9879603558852932,0.005945901304274517,76,0.9940652818991098,0.9791666666666666,0.9940476190476191,0.9821428571428571,0.9940476190476191,0.9886940087607744,0.006631149164850991,77,0.5625,1.0,1.0,1.0,1.0,0.9125,0.17500000000000002,39,0.8590909090909091,0.9836544074722708,0.995260663507109,0.9859154929577465,0.995260663507109,0.9638364273070289,0.052586740354806066,75,0.7782826409495549,0.9895833333333333,0.9970238095238095,0.9910714285714286,0.9970238095238095,0.9505970043803872,0.08621049724371997,74,0.7750349104968766,0.9796511627906976,0.9940828402366864,0.9824561403508771,0.9940828402366864,0.9450615788223649,0.08521740272289473,77,0.7782826409495549,0.9895833333333333,0.9970238095238095,0.9910714285714285,0.9970238095238095,0.9505970043803872,0.08621049724371996,74
82,0.9756723403930664,0.14201293132874812,0.0668550968170166,0.010624535832368715,log_loss,2,2,"{'criterion': 'log_loss', 'max_depth': 2, 'min_samples_leaf': 2}",0.7771173848439822,0.9925705794947994,0.9925595238095238,0.9955357142857143,0.9955357142857143,0.9506637833439469,0.08678336872694231,77,0.6943866943866944,1.0,1.0,1.0,1.0,0.9388773388773389,0.12224532224532222,42,0.984375,0.9853801169590644,0.9853372434017595,0.9911504424778761,0.9911504424778761,0.9874786490633152,0.003019477652394761,77,0.9910979228486647,0.9851190476190477,0.9851190476190477,0.9910714285714286,0.9910714285714286,0.9886957750459235,0.0029204017389748167,76,0.5625,1.0,1.0,1.0,1.0,0.9125,0.17500000000000002,39,0.8559782608695652,0.9882697947214076,0.9882352941176471,0.9929078014184397,0.9929078014184397,0.9636597905091,0.053881001836935505,76,0.7767989614243324,0.9925595238095238,0.9925595238095238,0.9955357142857143,0.9955357142857143,0.9505978875229617,0.08690965550621703,73,0.7721359003528975,0.9853801169590644,0.9853372434017595,0.9911504424778761,0.9911504424778761,0.9450308291338947,0.08648626009640366,78,0.7767989614243324,0.9925595238095238,0.9925595238095238,0.9955357142857143,0.9955357142857143,0.9505978875229617,0.08690965550621703,73
12,0.7313164710998535,0.04484185660718041,0.0626718521118164,0.002130146550837106,gini,2,4,"{'criterion': 'gini', 'max_depth': 2, 'min_samples_leaf': 4}",0.7756315007429421,0.9925705794947994,0.9925595238095238,0.9925595238095238,0.9970238095238095,0.9500689874761197,0.08723585131268075,90,0.6905737704918032,1.0,1.0,1.0,1.0,0.9381147540983606,0.12377049180327869,53,1.0,0.9853801169590644,0.9853372434017595,0.9853372434017595,0.9940828402366864,0.990027488799854,0.006024810764306422,65,1.0,0.9851190476190477,0.9851190476190477,0.9851190476190477,0.9940476190476191,0.9898809523809525,0.006128351274397002,71,0.5505952380952381,1.0,1.0,1.0,1.0,0.9101190476190476,0.17976190476190473,53,0.8596654275092936,0.9882697947214076,0.9882352941176471,0.9882352941176471,0.995260663507109,0.9639332947946209,0.05220465831620396,74,0.7752976190476191,0.9925595238095238,0.9925595238095238,0.9925595238095238,0.9970238095238095,0.95,0.08736830062813701,86,0.7749637373522961,0.9853801169590644,0.9853372434017595,0.9853372434017595,0.9940828402366864,0.9450202362703133,0.08509546877419404,79,0.7752976190476191,0.9925595238095238,0.9925595238095238,0.9925595238095238,0.9970238095238095,0.95,0.08736830062813701,86
15,0.7757049083709717,0.04294752826212069,0.0699373722076416,0.014257857042505703,gini,2,7,"{'criterion': 'gini', 'max_depth': 2, 'min_samples_leaf': 7}",0.774145616641902,0.986627043090639,0.9970238095238095,0.9970238095238095,0.9955357142857143,0.9500711986131748,0.08804800700229516,88,0.6907216494845361,1.0,1.0,1.0,1.0,0.9381443298969072,0.12371134020618557,51,0.9893617021276596,0.9739884393063584,0.9940828402366864,0.9940828402366864,0.9911504424778761,0.9885332528770533,0.007492442206626017,74,0.9940652818991098,0.9732142857142857,0.9940476190476191,0.9940476190476191,0.9910714285714286,0.9892892468560124,0.00812004027004045,72,0.5535714285714286,1.0,1.0,1.0,1.0,0.9107142857142858,0.1785714285714286,48,0.8547794117647058,0.979081929110982,0.995260663507109,0.995260663507109,0.9929078014184397,0.963458093861669,0.054672209242934186,77,0.7738183552352692,0.9866071428571428,0.9970238095238095,0.9970238095238095,0.9955357142857143,0.9500017662851491,0.08817713246000175,84,0.7705649859766865,0.9739884393063584,0.9940828402366864,0.9940828402366864,0.9911504424778761,0.9447739096468586,0.08742512441946762,80,0.7738183552352692,0.9866071428571428,0.9970238095238095,0.9970238095238095,0.9955357142857143,0.9500017662851491,0.08817713246000175,84
46,1.420029067993164,0.6700077068682372,0.11321682929992676,0.07872679975504078,entropy,2,2,"{'criterion': 'entropy', 'max_depth': 2, 'min_samples_leaf': 2}",0.774145616641902,0.9925705794947994,0.9970238095238095,0.9925595238095238,0.9940476190476191,0.9500694297035306,0.08797697284534221,89,0.6907216494845361,1.0,1.0,1.0,1.0,0.9381443298969072,0.12371134020618557,51,0.9893617021276596,0.9853801169590644,0.9940828402366864,0.9853372434017595,0.9882352941176471,0.9884794393685634,0.0032160625199251203,75,0.9940652818991098,0.9851190476190477,0.9940476190476191,0.9851190476190477,0.9880952380952381,0.9892892468560124,0.004041272000732398,72,0.5535714285714286,1.0,1.0,1.0,1.0,0.9107142857142858,0.1785714285714286,48,0.8547794117647058,0.9882697947214076,0.995260663507109,0.9882352941176471,0.9905660377358491,0.9634222403693438,0.054381658165570806,78,0.7738183552352692,0.9925595238095238,0.9970238095238095,0.9925595238095238,0.9940476190476191,0.9500017662851491,0.08810678688510837,84,0.7705649859766865,0.9853801169590644,0.9940828402366864,0.9853372434017595,0.9882352941176471,0.9447200961383688,0.08713580813933479,81,0.7738183552352692,0.9925595238095238,0.9970238095238095,0.9925595238095238,0.9940476190476191,0.9500017662851491,0.08810678688510837,84
53,1.2853075027465821,0.404051786933486,0.07986583709716796,0.009485276139667844,entropy,2,9,"{'criterion': 'entropy', 'max_depth': 2, 'min_samples_leaf': 9}",0.7696879643387816,0.9925705794947994,0.9970238095238095,0.9910714285714286,0.9970238095238095,0.9494755182905257,0.08992513398005995,96,0.6864754098360656,1.0,1.0,1.0,1.0,0.937295081967213,0.12540983606557377,65,0.9891891891891892,0.9853801169590644,0.9940828402366864,0.9824561403508771,0.9940828402366864,0.9890382253945008,0.004639497143575152,72,0.9940652818991098,0.9851190476190477,0.9940476190476191,0.9821428571428571,0.9940476190476191,0.9898844849512505,0.005192005936413503,66,0.5446428571428571,1.0,1.0,1.0,1.0,0.9089285714285715,0.18214285714285716,62,0.8503717472118959,0.9882697947214076,0.995260663507109,0.9859154929577465,0.995260663507109,0.9630156723810537,0.05644520397798182,80,0.7693540695209835,0.9925595238095238,0.9970238095238095,0.9910714285714286,0.9970238095238095,0.9494065281899109,0.09005758578902416,93,0.7660950937139643,0.9853801169590644,0.9940828402366864,0.9824561403508771,0.9940828402366864,0.9444194062994556,0.08928274945923442,82,0.7693540695209835,0.9925595238095238,0.9970238095238095,0.9910714285714285,0.9970238095238095,0.9494065281899109,0.09005758578902415,93
5,0.5611131191253662,0.03705722094167925,0.06109490394592285,0.004550467572784055,gini,1,6,"{'criterion': 'gini', 'max_depth': 1, 'min_samples_leaf': 6}",0.9450222882615156,0.9777117384843982,0.9672619047619048,0.9702380952380952,0.9761904761904762,0.9672849005872779,0.011767531774997586,5,0.9310344827586207,1.0,1.0,1.0,1.0,0.9862068965517242,0.027586206896551738,10,0.96,0.9573863636363636,0.9385474860335196,0.9438202247191011,0.9545454545454546,0.9508599057868878,0.008256779440636785,88,0.9614243323442137,0.9553571428571429,0.9345238095238095,0.9404761904761905,0.9523809523809523,0.9488324855164618,0.00988213795186064,88,0.9285714285714286,1.0,1.0,1.0,1.0,0.9857142857142858,0.02857142857142856,8,0.9535452322738386,0.9656160458452722,0.9502262443438914,0.9545454545454546,0.963302752293578,0.9574471458604069,0.005946515189562015,86,0.9449978804578212,0.9776785714285714,0.9672619047619048,0.9702380952380952,0.9761904761904762,0.9672733856153737,0.011770897681255705,5,0.9270897898535343,0.9573863636363636,0.9385474860335196,0.9438202247191011,0.9545454545454546,0.9442778637575946,0.011006659225579784,83,0.9449978804578212,0.9776785714285715,0.9672619047619048,0.9702380952380952,0.9761904761904762,0.9672733856153737,0.011770897681255726,5
88,0.9368936538696289,0.15883994795971557,0.06151261329650879,0.00699594630164235,log_loss,2,8,"{'criterion': 'log_loss', 'max_depth': 2, 'min_samples_leaf': 8}",0.7949479940564635,0.9895988112927192,0.9940476190476191,0.9925595238095238,0.9851190476190477,0.9512545991650747,0.07821275295488883,64,0.7094736842105264,1.0,1.0,1.0,1.0,0.9418947368421053,0.11621052631578944,29,1.0,0.9796511627906976,0.9882352941176471,0.9853372434017595,0.9710982658959537,0.9848643932412117,0.009564070114399914,81,1.0,0.9791666666666666,0.9880952380952381,0.9851190476190477,0.9702380952380952,0.9845238095238095,0.009852943665027895,81,0.5892857142857143,1.0,1.0,1.0,1.0,0.9178571428571429,0.16428571428571428,29,0.8776595744680851,0.9836544074722708,0.9905660377358491,0.9882352941176471,0.9767441860465116,0.9633718999680727,0.04311498668863806,79,0.7946428571428572,0.9895833333333333,0.9940476190476191,0.9925595238095238,0.9851190476190477,0.9511904761904761,0.07833319764064088,61,0.7943377202292508,0.9796511627906976,0.9882352941176471,0.9853372434017595,0.9710982658959537,0.9437319372870618,0.07492568192377747,84,0.7946428571428572,0.9895833333333333,0.9940476190476191,0.9925595238095238,0.9851190476190476,0.9511904761904761,0.07833319764064087,61
16,0.7720590591430664,0.05036244947521466,0.0637244701385498,0.0035126855227786873,gini,2,8,"{'criterion': 'gini', 'max_depth': 2, 'min_samples_leaf': 8}",0.7786032689450223,0.9925705794947994,0.9940476190476191,0.9910714285714286,0.9925595238095238,0.9497704839736786,0.08558878235187047,92,0.6942148760330579,1.0,1.0,1.0,1.0,0.9388429752066116,0.12231404958677686,43,0.9947089947089947,0.9853801169590644,0.9882352941176471,0.9824561403508771,0.9853372434017595,0.9872235579076687,0.004165095470027677,78,0.9970326409495549,0.9851190476190477,0.9880952380952381,0.9821428571428571,0.9851190476190477,0.9875017662851491,0.005123717094783825,79,0.5595238095238095,1.0,1.0,1.0,1.0,0.9119047619047619,0.1761904761904762,43,0.8608058608058609,0.9882697947214076,0.9905660377358491,0.9859154929577465,0.9882352941176471,0.9627584960677023,0.05099752800538773,81,0.7782782252366822,0.9925595238095238,0.9940476190476191,0.9910714285714286,0.9925595238095238,0.9497032640949555,0.08571768637723014,91,0.7764742130411132,0.9853801169590644,0.9882352941176471,0.9824561403508771,0.9853372434017595,0.9435766015740923,0.08357118009579892,85,0.7782782252366822,0.9925595238095238,0.9940476190476191,0.9910714285714285,0.9925595238095238,0.9497032640949555,0.08571768637723011,91
2,0.6259160518646241,0.06982433260936724,0.06562042236328125,0.011351000123887268,gini,1,3,"{'criterion': 'gini', 'max_depth': 1, 'min_samples_leaf': 3}",0.9346210995542348,0.9702823179791976,0.9672619047619048,0.9806547619047619,0.9806547619047619,0.9666949692209721,0.016921437444663782,6,0.9296187683284457,1.0,1.0,1.0,1.0,0.9859237536656892,0.028152492668621718,12,0.9397590361445783,0.9439775910364145,0.9385474860335196,0.9627507163323782,0.9627507163323782,0.9495571091758537,0.010922340400593124,89,0.9406528189910979,0.9404761904761905,0.9345238095238095,0.9613095238095238,0.9613095238095238,0.9476543733220291,0.011365615226186777,89,0.9285714285714286,1.0,1.0,1.0,1.0,0.9857142857142858,0.02857142857142856,8,0.9375,0.9546742209631728,0.9502262443438914,0.9699769053117783,0.9699769053117783,0.9564708551861243,0.012385016637762489,87,0.9346121237812632,0.9702380952380952,0.9672619047619048,0.9806547619047619,0.9806547619047619,0.9666843295181573,0.016922973656668238,6,0.9082946091306427,0.9439775910364145,0.9385474860335196,0.9627507163323782,0.9627507163323782,0.9432642237730666,0.020025370111555592,86,0.9346121237812631,0.9702380952380952,0.9672619047619048,0.980654761904762,0.980654761904762,0.9666843295181573,0.016922973656668314,6
13,0.7909067630767822,0.06869737432610695,0.06605296134948731,0.01028228688284452,gini,2,5,"{'criterion': 'gini', 'max_depth': 2, 'min_samples_leaf': 5}",0.7756315007429421,0.9925705794947994,0.9940476190476191,0.9910714285714286,0.9925595238095238,0.9491761303332625,0.08677741874600599,100,0.691358024691358,1.0,1.0,1.0,1.0,0.9382716049382716,0.1234567901234568,49,0.9946524064171123,0.9853801169590644,0.9882352941176471,0.9824561403508771,0.9853372434017595,0.987212240249292,0.004144767472244659,79,0.9970326409495549,0.9851190476190477,0.9880952380952381,0.9821428571428571,0.9851190476190477,0.9875017662851491,0.005123717094783825,79,0.5535714285714286,1.0,1.0,1.0,1.0,0.9107142857142858,0.1785714285714286,48,0.8579335793357934,0.9882697947214076,0.9905660377358491,0.9859154929577465,0.9882352941176471,0.9621840397736887,0.05214597327531711,82,0.7753020347604918,0.9925595238095238,0.9940476190476191,0.9910714285714286,0.9925595238095238,0.9491080259997174,0.0869080917903362,97,0.7734937687083479,0.9853801169590644,0.9882352941176471,0.9824561403508771,0.9853372434017595,0.9429805127075392,0.0847630767322048,87,0.7753020347604918,0.9925595238095238,0.9940476190476191,0.9910714285714285,0.9925595238095238,0.9491080259997174,0.08690809179033619,97
39,1.3886157512664794,0.6321783172690837,0.1283886432647705,0.0454949917006935,entropy,1,4,"{'criterion': 'entropy', 'max_depth': 1, 'min_samples_leaf': 4}",0.9554234769687965,0.9420505200594353,0.9657738095238095,0.9880952380952381,0.9747023809523809,0.9652090851199322,0.015787937420528794,7,0.9449275362318841,1.0,1.0,1.0,1.0,0.9889855072463767,0.022028985507246364,4,0.9664634146341463,0.8962765957446809,0.935933147632312,0.9767441860465116,0.9518413597733711,0.9454517407662044,0.02817918843596094,91,0.9673590504451038,0.8839285714285714,0.9315476190476191,0.9761904761904762,0.9494047619047619,0.9416860958033066,0.03270458990769269,92,0.9434523809523809,1.0,1.0,1.0,1.0,0.9886904761904762,0.02261904761904763,4,0.9617718446601942,0.915263443780554,0.9480812641083521,0.9813084112149533,0.9610983981693364,0.9535046723866779,0.021867160877225903,88,0.9554057156987423,0.9419642857142857,0.9657738095238095,0.9880952380952381,0.9747023809523809,0.9651882859968914,0.01581544919262995,8,0.9400440075597157,0.8962765957446809,0.935933147632312,0.9767441860465116,0.9518413597733711,0.9401678593513182,0.026147617215394155,88,0.9554057156987424,0.9419642857142857,0.9657738095238095,0.988095238095238,0.9747023809523809,0.9651882859968914,0.0158154491926299,8
40,1.2364638328552247,0.558866858546089,0.09630045890808106,0.04503788878912335,entropy,1,5,"{'criterion': 'entropy', 'max_depth': 1, 'min_samples_leaf': 5}",0.9524517087667161,0.9881129271916791,0.9702380952380952,0.9598214285714286,0.9553571428571429,0.9651962605250125,0.012951558693195956,8,0.9446064139941691,1.0,1.0,1.0,1.0,0.9889212827988338,0.02215743440233236,5,0.9606060606060606,0.9768115942028985,0.9438202247191011,0.9256198347107438,0.9180327868852459,0.94497810022481,0.02172435276319196,92,0.9614243323442137,0.9761904761904762,0.9404761904761905,0.9196428571428571,0.9107142857142857,0.9416896283736047,0.024603948654573812,91,0.9434523809523809,1.0,1.0,1.0,1.0,0.9886904761904762,0.02261904761904763,4,0.9571256038647343,0.9813628421665695,0.9545454545454546,0.9395973154362416,0.9333333333333333,0.9531929098692666,0.016673832870528572,89,0.9524383566482972,0.9880952380952381,0.9702380952380952,0.9598214285714286,0.9553571428571428,0.9651900522820405,0.012947928364516833,7,0.9345178729558372,0.9768115942028985,0.9438202247191011,0.9256198347107438,0.9180327868852459,0.9397604626947652,0.02043918793281182,89,0.9524383566482972,0.988095238095238,0.9702380952380952,0.9598214285714285,0.9553571428571428,0.9651900522820404,0.012947928364516801,7
78,0.8071269035339356,0.12267982861294961,0.0626143455505371,0.004002753749054154,log_loss,1,7,"{'criterion': 'log_loss', 'max_depth': 1, 'min_samples_leaf': 7}",0.9524517087667161,0.9791976225854383,0.9627976190476191,0.9613095238095238,0.9627976190476191,0.9637108186513832,0.008649193435656786,9,0.9369627507163324,1.0,1.0,1.0,1.0,0.9873925501432665,0.02521489971346704,7,0.9691358024691358,0.9601139601139601,0.9307479224376731,0.9281767955801105,0.9307479224376731,0.9437844806077106,0.01727914900004576,93,0.9703264094955489,0.9583333333333334,0.9255952380952381,0.9226190476190477,0.9255952380952381,0.9404938533276812,0.019857867988236872,94,0.9345238095238095,1.0,1.0,1.0,1.0,0.9869047619047618,0.026190476190476184,7,0.9620098039215687,0.967834577828834,0.9438202247191011,0.9417040358744395,0.9438202247191011,0.9518377734126089,0.010868512012269266,90,0.9524251095096792,0.9791666666666667,0.9627976190476191,0.9613095238095238,0.9627976190476191,0.9636993076162217,0.008645043552616768,9,0.9383699322922535,0.9601139601139601,0.9307479224376731,0.9281767955801105,0.9307479224376731,0.9376313065723341,0.011748744704176676,90,0.9524251095096792,0.9791666666666667,0.9627976190476191,0.9613095238095238,0.9627976190476191,0.9636993076162217,0.008645043552616768,9
44,1.0174077987670898,0.5468771972258872,0.08664474487304688,0.04803218303113957,entropy,1,9,"{'criterion': 'entropy', 'max_depth': 1, 'min_samples_leaf': 9}",0.9450222882615156,0.9687964338781575,0.9642857142857143,0.9598214285714286,0.9761904761904762,0.9628232682374585,0.01041523532291975,10,0.9285714285714286,1.0,1.0,1.0,1.0,0.9857142857142858,0.02857142857142856,14,0.9628482972136223,0.9413407821229051,0.9333333333333333,0.9256198347107438,0.9545454545454546,0.9435375403852119,0.013594670047505805,94,0.9643916913946587,0.9375,0.9285714285714286,0.9196428571428571,0.9523809523809523,0.9404973858979794,0.016113852037909607,93,0.9255952380952381,1.0,1.0,1.0,1.0,0.9851190476190477,0.02976190476190474,13,0.9551597051597052,0.9525155455059355,0.9459459459459459,0.9395973154362416,0.963302752293578,0.9513042528682811,0.008075389375082358,91,0.9449934647449485,0.96875,0.9642857142857143,0.9598214285714286,0.9761904761904762,0.9628082167585136,0.010419778764593577,10,0.9283549014350403,0.9413407821229051,0.9333333333333333,0.9256198347107438,0.9545454545454546,0.9366388612294955,0.010428073592379765,91,0.9449934647449485,0.96875,0.9642857142857143,0.9598214285714285,0.9761904761904762,0.9628082167585135,0.010419778764593584,10
6,0.5759924411773681,0.03404905843850067,0.0643651008605957,0.00507687332685418,gini,1,7,"{'criterion': 'gini', 'max_depth': 1, 'min_samples_leaf': 7}",0.9435364041604755,0.9777117384843982,0.9508928571428571,0.9598214285714286,0.9732142857142857,0.961035342814689,0.012938201421384401,11,0.930835734870317,1.0,1.0,1.0,1.0,0.9861671469740635,0.0276657060518732,11,0.9570552147239264,0.9573863636363636,0.9105691056910569,0.9256198347107438,0.9491525423728814,0.9399566122269943,0.01870771125893689,97,0.9584569732937686,0.9553571428571429,0.9017857142857143,0.9196428571428571,0.9464285714285714,0.9363342518016109,0.022024461760520024,96,0.9285714285714286,1.0,1.0,1.0,1.0,0.9857142857142858,0.02857142857142856,8,0.9512195121951219,0.9656160458452722,0.9271523178807947,0.9395973154362416,0.958904109589041,0.9484978601892943,0.013737405648142763,92,0.9435142009325985,0.9776785714285714,0.9508928571428572,0.9598214285714286,0.9732142857142857,0.9610242687579482,0.01293566474455469,11,0.9243553463828945,0.9573863636363636,0.9105691056910569,0.9256198347107438,0.9491525423728814,0.933416638558788,0.017245714328057257,92,0.9435142009325985,0.9776785714285715,0.9508928571428572,0.9598214285714285,0.9732142857142857,0.9610242687579482,0.012935664744554721,11
1,0.6318365573883057,0.06875382687723629,0.06467323303222657,0.010138544009792813,gini,1,2,"{'criterion': 'gini', 'max_depth': 1, 'min_samples_leaf': 2}",0.9465081723625557,0.9762258543833581,0.96875,0.9776785714285714,0.9300595238095238,0.9598444243968018,0.018604909281662543,13,0.923943661971831,1.0,1.0,1.0,1.0,0.9847887323943663,0.030422535211267605,17,0.9716981132075472,0.9546742209631728,0.9411764705882353,0.9572649572649573,0.8772845953002611,0.9404196714648348,0.03302092469983336,96,0.973293768545994,0.9523809523809523,0.9375,0.9553571428571429,0.8601190476190477,0.9357301822806274,0.03948079198570606,97,0.9196428571428571,1.0,1.0,1.0,1.0,0.9839285714285715,0.032142857142857154,17,0.960820895522388,0.9634076615208691,0.9523809523809523,0.9655172413793104,0.8993576017130621,0.9482968705033163,0.024873520601110158,93,0.9464683128444256,0.9761904761904762,0.96875,0.9776785714285714,0.9300595238095238,0.9598293768545993,0.018604402798958922,13,0.9337340998385952,0.9546742209631728,0.9411764705882353,0.9572649572649573,0.8772845953002611,0.9328268687910443,0.02908611362166508,93,0.9464683128444256,0.9761904761904762,0.96875,0.9776785714285715,0.9300595238095238,0.9598293768545995,0.018604402798958943,13
0,0.6250699043273926,0.037642779761090914,0.07216377258300781,0.006214161264566016,gini,1,1,"{'criterion': 'gini', 'max_depth': 1, 'min_samples_leaf': 1}",0.9465081723625557,0.9762258543833581,0.9672619047619048,0.9270833333333334,0.9836309523809523,0.9601420434444208,0.02068753729864522,12,0.9312320916905444,1.0,1.0,1.0,1.0,0.9862464183381089,0.02750716332378222,8,0.9629629629629629,0.9546742209631728,0.9385474860335196,0.8727272727272727,0.968299711815562,0.939442330900498,0.034841580834311055,99,0.9643916913946587,0.9523809523809523,0.9345238095238095,0.8541666666666666,0.9672619047619048,0.9345450049455983,0.041809135270234304,99,0.9285714285714286,1.0,1.0,1.0,1.0,0.9857142857142858,0.02857142857142856,8,0.9558823529411765,0.9634076615208691,0.9502262443438914,0.8955223880597015,0.974477958236659,0.9479033210204595,0.027420499552426245,94,0.9464815599830436,0.9761904761904762,0.9672619047619048,0.9270833333333333,0.9836309523809523,0.960129645329942,0.020685549622162836,12,0.929841112604857,0.9546742209631728,0.9385474860335196,0.8727272727272727,0.968299711815562,0.9328179608288767,0.03283056697982203,94,0.9464815599830437,0.9761904761904762,0.9672619047619048,0.9270833333333333,0.9836309523809524,0.960129645329942,0.020685549622162843,12
73,0.7393311023712158,0.0735185866166902,0.06862149238586426,0.009197181598562261,log_loss,1,2,"{'criterion': 'log_loss', 'max_depth': 1, 'min_samples_leaf': 2}",0.9361069836552749,0.986627043090639,0.9866071428571429,0.9375,0.9508928571428571,0.9595468053491828,0.02269792426140866,14,0.9224137931034483,1.0,1.0,1.0,1.0,0.9844827586206897,0.03103448275862069,19,0.9507692307692308,0.9739884393063584,0.9739130434782609,0.8888888888888888,0.9105691056910569,0.9396257416267592,0.0343485304721707,98,0.9525222551928784,0.9732142857142857,0.9732142857142857,0.875,0.9017857142857143,0.9351473081814328,0.03982655638982384,98,0.9196428571428571,1.0,1.0,1.0,1.0,0.9839285714285715,0.032142857142857154,17,0.9443765281173594,0.979081929110982,0.9790209790209791,0.9090909090909091,0.9271523178807947,0.947744532644205,0.027891697303786926,95,0.9360825561678677,0.9866071428571428,0.9866071428571428,0.9375,0.9508928571428572,0.9595379398050021,0.022698223606288714,14,0.9144870025962151,0.9739884393063584,0.9739130434782609,0.8888888888888888,0.9105691056910569,0.932369295992156,0.035053121291907394,95,0.9360825561678678,0.9866071428571428,0.9866071428571428,0.9375,0.9508928571428572,0.9595379398050021,0.022698223606288693,14
4,0.6336929321289062,0.05258340075419241,0.05968017578125,0.0021238103294992706,gini,1,5,"{'criterion': 'gini', 'max_depth': 1, 'min_samples_leaf': 5}",0.9450222882615156,0.9673105497771174,0.9508928571428571,0.9598214285714286,0.9732142857142857,0.9592522818934409,0.010320560651871095,15,0.923728813559322,1.0,1.0,1.0,1.0,0.9847457627118643,0.030508474576271198,18,0.9686520376175548,0.9387186629526463,0.9105691056910569,0.9256198347107438,0.9491525423728814,0.9385424366689767,0.019842854408601982,100,0.9703264094955489,0.9345238095238095,0.9017857142857143,0.9196428571428571,0.9464285714285714,0.9345414723753003,0.023309970332227443,100,0.9196428571428571,1.0,1.0,1.0,1.0,0.9839285714285715,0.032142857142857154,17,0.9584367245657568,0.9503666102650874,0.9271523178807947,0.9395973154362416,0.958904109589041,0.9468914155473843,0.012103816174386132,97,0.944984633319203,0.9672619047619048,0.9508928571428572,0.9598214285714286,0.9732142857142857,0.9592350219019359,0.010323369852828662,15,0.9309327981799416,0.9387186629526463,0.9105691056910569,0.9256198347107438,0.9491525423728814,0.9309985887814539,0.012926443279616092,96,0.944984633319203,0.9672619047619048,0.9508928571428572,0.9598214285714285,0.9732142857142857,0.9592350219019359,0.01032336985282866,15
79,0.7192900657653809,0.09776623993438664,0.060928630828857425,0.0038472381297965106,log_loss,1,8,"{'criterion': 'log_loss', 'max_depth': 1, 'min_samples_leaf': 8}",0.9271916790490342,0.9316493313521546,0.9672619047619048,0.9851190476190477,0.9732142857142857,0.9568872496992853,0.02319491075743232,17,0.9161849710982659,1.0,1.0,1.0,1.0,0.9832369942196533,0.03352601156069364,20,0.9388379204892966,0.8798955613577023,0.9385474860335196,0.9710982658959537,0.9491525423728814,0.9355063552298708,0.030218903776080365,102,0.9406528189910979,0.8630952380952381,0.9345238095238095,0.9702380952380952,0.9464285714285714,0.9309877066553625,0.03603975309567516,102,0.9136904761904762,1.0,1.0,1.0,1.0,0.9827380952380953,0.03452380952380954,20,0.933698296836983,0.9015516318887106,0.9502262443438914,0.9767441860465116,0.958904109589041,0.9442248937410275,0.025459051351207997,99,0.927171647590787,0.9315476190476191,0.9672619047619048,0.9851190476190477,0.9732142857142857,0.9568629009467289,0.023222191595155067,17,0.9008979055677053,0.8798955613577023,0.9385474860335196,0.9710982658959537,0.9491525423728814,0.9279183522455524,0.03305954398242882,97,0.9271716475907871,0.9315476190476191,0.9672619047619048,0.9851190476190476,0.9732142857142857,0.9568629009467289,0.023222191595155012,17
38,0.7644556522369385,0.05657027604121281,0.07898416519165039,0.015391420709693727,entropy,1,3,"{'criterion': 'entropy', 'max_depth': 1, 'min_samples_leaf': 3}",0.8216939078751857,0.986627043090639,0.9747023809523809,0.9880952380952381,0.9508928571428571,0.9444022854312601,0.06278466931356162,103,0.746031746031746,1.0,1.0,1.0,1.0,0.9492063492063492,0.10158730158730157,27,0.9655172413793104,0.9739884393063584,0.9518413597733711,0.9767441860465116,0.9105691056910569,0.9557320664393216,0.024188363281392525,83,0.9762611275964391,0.9732142857142857,0.9494047619047619,0.9761904761904762,0.9017857142857143,0.9553712731383355,0.028618908807432272,83,0.6666666666666666,1.0,1.0,1.0,1.0,0.9333333333333332,0.13333333333333336,27,0.8860759493670886,0.979081929110982,0.9610983981693364,0.9813084112149533,0.9271523178807947,0.9469434011486311,0.03608527816269193,96,0.8214638971315529,0.9866071428571428,0.9747023809523809,0.9880952380952381,0.9508928571428572,0.9443523032358343,0.06287190507563523,103,0.8100971802360335,0.9739884393063584,0.9518413597733711,0.9767441860465116,0.9105691056910569,0.9246480542106662,0.06198076466266872,98,0.8214638971315528,0.9866071428571428,0.9747023809523809,0.988095238095238,0.9508928571428572,0.9443523032358343,0.06287190507563525,103
36,1.1867077350616455,0.4310988861026221,0.09484028816223145,0.03810213325444171,entropy,1,1,"{'criterion': 'entropy', 'max_depth': 1, 'min_samples_leaf': 1}",0.8454680534918276,0.9762258543833581,0.9747023809523809,0.9434523809523809,0.9880952380952381,0.9455887815750372,0.05219531615845053,102,0.7703016241299304,1.0,1.0,1.0,1.0,0.954060324825986,0.09187935034802783,23,0.9793388429752066,0.9546742209631728,0.9518413597733711,0.8983957219251337,0.9767441860465116,0.9521988663366792,0.02912073004454739,87,0.9851632047477745,0.9523809523809523,0.9494047619047619,0.8869047619047619,0.9761904761904762,0.9500088314257453,0.03437855126142631,86,0.7053571428571429,1.0,1.0,1.0,1.0,0.9410714285714284,0.11785714285714283,22,0.9087423312883436,0.9634076615208691,0.9610983981693364,0.9170305676855895,0.9813084112149533,0.9463174739758184,0.028300283204411032,98,0.8452601738024588,0.9761904761904762,0.9747023809523809,0.9434523809523809,0.9880952380952381,0.9455401299985869,0.052270921434904326,102,0.8378861741729835,0.9546742209631728,0.9518413597733711,0.8983957219251337,0.9767441860465116,0.9239083325762344,0.050138062082922145,99,0.8452601738024587,0.9761904761904762,0.9747023809523809,0.9434523809523809,0.988095238095238,0.9455401299985869,0.052270921434904354,102
37,0.7782333374023438,0.04227064423473217,0.07657761573791504,0.017943410466248273,entropy,1,2,"{'criterion': 'entropy', 'max_depth': 1, 'min_samples_leaf': 2}",0.9450222882615156,0.9554234769687965,0.9702380952380952,0.9613095238095238,0.9389880952380952,0.9541962959032052,0.011179401542085203,25,0.9385964912280702,1.0,1.0,1.0,1.0,0.987719298245614,0.02456140350877192,6,0.9516616314199395,0.9182561307901907,0.9438202247191011,0.9281767955801105,0.8912466843501327,0.9266322933718948,0.021197073664196733,105,0.9525222551928784,0.9107142857142857,0.9404761904761905,0.9226190476190477,0.8779761904761905,0.9208615938957185,0.02581605781742217,104,0.9375,1.0,1.0,1.0,1.0,0.9875,0.024999999999999998,6,0.9487951807228916,0.9335180055401662,0.9545454545454546,0.9417040358744395,0.911062906724512,0.9379251166814928,0.015163608446725999,102,0.9450111275964392,0.9553571428571428,0.9702380952380952,0.9613095238095238,0.9389880952380952,0.9541807969478592,0.011179806670997132,19,0.9233863455780358,0.9182561307901907,0.9438202247191011,0.9281767955801105,0.8912466843501327,0.920977236203514,0.017150800072858435,100,0.9450111275964392,0.9553571428571428,0.9702380952380952,0.9613095238095238,0.9389880952380952,0.9541807969478592,0.011179806670997132,19
3,0.5580705642700196,0.0638693764011316,0.062340068817138675,0.01155439854722097,gini,1,4,"{'criterion': 'gini', 'max_depth': 1, 'min_samples_leaf': 4}",0.9465081723625557,0.9717682020802377,0.9285714285714286,0.9494047619047619,0.9672619047619048,0.9527028939361777,0.015537249703683299,36,0.9287749287749287,1.0,1.0,1.0,1.0,0.9857549857549858,0.028490028490028504,13,0.9658385093167702,0.9466292134831461,0.875,0.9081081081081082,0.9385474860335196,0.9268246633883088,0.03189931073308021,104,0.9673590504451038,0.9434523809523809,0.8571428571428571,0.8988095238095238,0.9345238095238095,0.9202575243747351,0.038480020711548185,105,0.9255952380952381,1.0,1.0,1.0,1.0,0.9851190476190477,0.02976190476190474,13,0.9575123152709359,0.9568427030096536,0.8974358974358975,0.9251101321585903,0.9502262443438914,0.9374254584437937,0.023217250373375145,103,0.9464771442701709,0.9717261904761905,0.9285714285714286,0.9494047619047619,0.9672619047619048,0.9526882859968915,0.015529422365071849,35,0.9311226275186087,0.9466292134831461,0.875,0.9081081081081082,0.9385474860335196,0.9198814870286766,0.02585801213534741,101,0.9464771442701709,0.9717261904761905,0.9285714285714286,0.949404761904762,0.9672619047619048,0.9526882859968915,0.015529422365071844,35
42,1.2002092838287353,0.6136186196186001,0.09926185607910157,0.04555824676009131,entropy,1,7,"{'criterion': 'entropy', 'max_depth': 1, 'min_samples_leaf': 7}",0.8380386329866271,0.9791976225854383,0.9553571428571429,0.9583333333333334,0.9851190476190477,0.9432091558763179,0.05383077554390122,104,0.7676056338028169,1.0,1.0,1.0,1.0,0.9535211267605634,0.09295774647887325,25,0.9595141700404858,0.9601139601139601,0.9180327868852459,0.9230769230769231,0.9710982658959537,0.9463672212025138,0.021534706039020395,90,0.9703264094955489,0.9583333333333334,0.9107142857142857,0.9166666666666666,0.9702380952380952,0.945255758089586,0.026207354570115034,90,0.7053571428571429,1.0,1.0,1.0,1.0,0.9410714285714284,0.11785714285714283,22,0.8950151057401813,0.967834577828834,0.9333333333333333,0.9375,0.9767441860465116,0.9420854405897721,0.02890497803103903,100,0.8378417761763459,0.9791666666666667,0.9553571428571428,0.9583333333333333,0.9851190476190477,0.9431635933305073,0.05390356252544562,104,0.8239026995136716,0.9601139601139601,0.9180327868852459,0.9230769230769231,0.9710982658959537,0.9192449270971508,0.051894779009019294,102,0.8378417761763458,0.9791666666666667,0.9553571428571428,0.9583333333333333,0.9851190476190476,0.9431635933305073,0.053903562525445654,104
80,0.7393664360046387,0.0742877735694348,0.06511120796203614,0.011905274491738773,log_loss,1,9,"{'criterion': 'log_loss', 'max_depth': 1, 'min_samples_leaf': 9}",0.9450222882615156,0.9479940564635958,0.9285714285714286,0.9598214285714286,0.9702380952380952,0.9503294594212127,0.014095980544756944,83,0.9285714285714286,1.0,1.0,1.0,1.0,0.9857142857142858,0.02857142857142856,14,0.9628482972136223,0.9059139784946236,0.875,0.9256198347107438,0.9438202247191011,0.9226404670276181,0.03040893912382246,106,0.9643916913946587,0.8958333333333334,0.8571428571428571,0.9196428571428571,0.9404761904761905,0.9154973858979794,0.03694240032672142,106,0.9255952380952381,1.0,1.0,1.0,1.0,0.9851190476190477,0.02976190476190474,13,0.9551597051597052,0.9232876712328767,0.8974358974358975,0.9395973154362416,0.9545454545454546,0.934005208762035,0.02169270021594785,104,0.9449934647449485,0.9479166666666667,0.9285714285714286,0.9598214285714286,0.9702380952380952,0.9503082167585134,0.01410074690721014,78,0.9283549014350403,0.9059139784946236,0.875,0.9256198347107438,0.9438202247191011,0.9157417878719019,0.02367084356352475,103,0.9449934647449485,0.9479166666666667,0.9285714285714286,0.9598214285714285,0.9702380952380952,0.9503082167585134,0.014100746907210126,78
77,0.7149608612060547,0.08010220323201335,0.07214198112487794,0.01678778215976553,log_loss,1,6,"{'criterion': 'log_loss', 'max_depth': 1, 'min_samples_leaf': 6}",0.8484398216939079,0.9450222882615156,0.9717261904761905,0.9642857142857143,0.9717261904761905,0.9402400410387038,0.046927816431098134,105,0.7713625866050808,1.0,1.0,1.0,1.0,0.9542725173210161,0.09145496535796767,22,0.9875,0.9010695187165776,0.9464788732394366,0.9333333333333333,0.9464788732394366,0.9429721197057568,0.02777070736074969,95,0.9910979228486647,0.8898809523809523,0.9434523809523809,0.9285714285714286,0.9434523809523809,0.9392910131411615,0.032480312360681246,95,0.7053571428571429,1.0,1.0,1.0,1.0,0.9410714285714284,0.11785714285714283,22,0.9143518518518519,0.9192580469176214,0.9567198177676538,0.9459459459459459,0.9567198177676538,0.9385990960501454,0.018290447491937284,101,0.8482275328529039,0.9449404761904762,0.9717261904761905,0.9642857142857143,0.9717261904761905,0.9401812208562952,0.04700920775526876,105,0.8436427045744004,0.9010695187165776,0.9464788732394366,0.9333333333333333,0.9464788732394366,0.9142006606206369,0.03898891440906562,104,0.8482275328529038,0.9449404761904762,0.9717261904761905,0.9642857142857143,0.9717261904761905,0.9401812208562952,0.04700920775526881,105
8,0.626447343826294,0.07672451195022875,0.0756594181060791,0.01025056923345756,gini,1,9,"{'criterion': 'gini', 'max_depth': 1, 'min_samples_leaf': 9}",0.9465081723625557,0.9257057949479941,0.9226190476190477,0.9642857142857143,0.9732142857142857,0.9464666029859196,0.02016272815979273,101,0.9312320916905444,1.0,1.0,1.0,1.0,0.9862464183381089,0.02750716332378222,8,0.9629629629629629,0.8708010335917312,0.865979381443299,0.9333333333333333,0.9491525423728814,0.9164458507408415,0.04037095572622974,108,0.9643916913946587,0.8511904761904762,0.8452380952380952,0.9285714285714286,0.9464285714285714,0.907164052564646,0.04948301987165803,108,0.9285714285714286,1.0,1.0,1.0,1.0,0.9857142857142858,0.02857142857142856,8,0.9558823529411765,0.8938992042440318,0.8898305084745762,0.9459459459459459,0.958904109589041,0.9288924242389542,0.030562522213688114,107,0.9464815599830436,0.9255952380952381,0.9226190476190477,0.9642857142857143,0.9732142857142857,0.946439169139466,0.020185517030088206,101,0.929841112604857,0.8708010335917312,0.865979381443299,0.9333333333333333,0.9491525423728814,0.9098214806692205,0.03448260502902057,105,0.9464815599830437,0.925595238095238,0.9226190476190477,0.9642857142857143,0.9732142857142857,0.946439169139466,0.020185517030088227,101
76,0.7136202812194824,0.046284774833231936,0.06256208419799805,0.0009578051581832632,log_loss,1,5,"{'criterion': 'log_loss', 'max_depth': 1, 'min_samples_leaf': 5}",0.8306092124814265,0.9791976225854383,0.9717261904761905,0.9300595238095238,0.9702380952380952,0.9363661289181348,0.05559942364402556,106,0.7599067599067599,1.0,1.0,1.0,1.0,0.9519813519813519,0.09603729603729602,26,0.9549180327868853,0.9601139601139601,0.9464788732394366,0.8772845953002611,0.9438202247191011,0.9365231372319288,0.030187640259436342,101,0.9673590504451038,0.9583333333333334,0.9434523809523809,0.8601190476190477,0.9404761904761905,0.9339480005652113,0.038195830954368265,101,0.6934523809523809,1.0,1.0,1.0,1.0,0.9386904761904763,0.12261904761904763,26,0.8879573170731707,0.967834577828834,0.9567198177676538,0.8993576017130621,0.9545454545454546,0.9332829537856352,0.03286499083381542,105,0.8304057156987423,0.9791666666666667,0.9717261904761905,0.9300595238095238,0.9702380952380952,0.9363192383778436,0.05567207833616425,106,0.8152362458575616,0.9601139601139601,0.9464788732394366,0.8772845953002611,0.9438202247191011,0.9085867798460641,0.054820444432696305,106,0.8304057156987423,0.9791666666666667,0.9717261904761905,0.9300595238095238,0.9702380952380952,0.9363192383778436,0.05567207833616425,106
74,0.7380400657653808,0.0849345989426953,0.06493616104125977,0.0042148038667144,log_loss,1,3,"{'criterion': 'log_loss', 'max_depth': 1, 'min_samples_leaf': 3}",0.8588410104011887,0.9777117384843982,0.9151785714285714,0.9598214285714286,0.9702380952380952,0.9363581688247363,0.044420663865450946,107,0.785377358490566,1.0,1.0,1.0,1.0,0.9570754716981131,0.08584905660377361,21,0.9839357429718876,0.9573863636363636,0.8549618320610687,0.9256198347107438,0.9438202247191011,0.933144799619833,0.04347537134237515,103,0.9881305637982196,0.9553571428571429,0.8303571428571429,0.9196428571428571,0.9404761904761905,0.9267927794263106,0.05313461353389797,103,0.7291666666666666,1.0,1.0,1.0,1.0,0.9458333333333332,0.10833333333333335,21,0.9196696696696697,0.9656160458452722,0.8805031446540881,0.9395973154362416,0.9545454545454546,0.9319863260301453,0.030000058274796522,106,0.8586486152324431,0.9776785714285714,0.9151785714285714,0.9598214285714286,0.9702380952380952,0.9363130563798219,0.04448165809133488,107,0.852668599111652,0.9573863636363636,0.8549618320610687,0.9256198347107438,0.9438202247191011,0.9068913708477858,0.04449949634992206,107,0.8586486152324431,0.9776785714285715,0.9151785714285714,0.9598214285714285,0.9702380952380952,0.9363130563798219,0.044481658091334884,107
72,0.682142972946167,0.019773537310861945,0.061201047897338864,0.005573792631195029,log_loss,1,1,"{'criterion': 'log_loss', 'max_depth': 1, 'min_samples_leaf': 1}",0.8424962852897474,0.9450222882615156,0.9479166666666666,0.9702380952380952,0.9300595238095238,0.9271465718531097,0.04423115139282807,108,0.7679814385150812,1.0,1.0,1.0,1.0,0.9535962877030162,0.09280742459396753,24,0.9752066115702479,0.9010695187165776,0.9056603773584906,0.9438202247191011,0.8772845953002611,0.9206082655329357,0.03464654912030716,107,0.9821958456973294,0.8898809523809523,0.8958333333333334,0.9404761904761905,0.8601190476190477,0.9137010739013706,0.04281618505600281,107,0.7023809523809523,1.0,1.0,1.0,1.0,0.9404761904761905,0.11904761904761905,25,0.9049079754601227,0.9192580469176214,0.9230769230769231,0.9545454545454546,0.8993576017130621,0.9202292003426369,0.019271852674371155,108,0.8422883990391409,0.9449404761904762,0.9479166666666667,0.9702380952380952,0.9300595238095238,0.9270886321887806,0.04430412453750218,108,0.8335549587069241,0.9010695187165776,0.9056603773584906,0.9438202247191011,0.8772845953002611,0.892277934960271,0.0362937391771104,108,0.8422883990391409,0.9449404761904762,0.9479166666666667,0.9702380952380952,0.9300595238095238,0.9270886321887806,0.04430412453750218,108
