2023-03-28 09:44:26,181:WARNING:
'cuml' is a soft dependency and not included in the pycaret installation. Please run: `pip install cuml` to install.
2023-03-28 09:44:26,181:WARNING:
'cuml' is a soft dependency and not included in the pycaret installation. Please run: `pip install cuml` to install.
2023-03-28 09:44:26,181:WARNING:
'cuml' is a soft dependency and not included in the pycaret installation. Please run: `pip install cuml` to install.
2023-03-28 09:44:26,181:WARNING:
'cuml' is a soft dependency and not included in the pycaret installation. Please run: `pip install cuml` to install.
2023-03-28 09:44:27,686:WARNING:
'prophet' is a soft dependency and not included in the pycaret installation. Please run: `pip install prophet` to install.
2023-03-28 09:44:38,211:WARNING:
'cuml' is a soft dependency and not included in the pycaret installation. Please run: `pip install cuml` to install.
2023-03-28 09:44:38,211:WARNING:
'cuml' is a soft dependency and not included in the pycaret installation. Please run: `pip install cuml` to install.
2023-03-28 09:44:38,211:WARNING:
'cuml' is a soft dependency and not included in the pycaret installation. Please run: `pip install cuml` to install.
2023-03-28 09:44:38,211:WARNING:
'cuml' is a soft dependency and not included in the pycaret installation. Please run: `pip install cuml` to install.
2023-03-28 09:44:38,797:WARNING:
'prophet' is a soft dependency and not included in the pycaret installation. Please run: `pip install prophet` to install.
2023-03-28 09:47:01,003:WARNING:
'cuml' is a soft dependency and not included in the pycaret installation. Please run: `pip install cuml` to install.
2023-03-28 09:47:01,003:WARNING:
'cuml' is a soft dependency and not included in the pycaret installation. Please run: `pip install cuml` to install.
2023-03-28 09:47:01,003:WARNING:
'cuml' is a soft dependency and not included in the pycaret installation. Please run: `pip install cuml` to install.
2023-03-28 09:47:01,004:WARNING:
'cuml' is a soft dependency and not included in the pycaret installation. Please run: `pip install cuml` to install.
2023-03-28 09:47:01,664:WARNING:
'prophet' is a soft dependency and not included in the pycaret installation. Please run: `pip install prophet` to install.
2023-03-28 09:47:14,090:WARNING:
'cuml' is a soft dependency and not included in the pycaret installation. Please run: `pip install cuml` to install.
2023-03-28 09:47:14,090:WARNING:
'cuml' is a soft dependency and not included in the pycaret installation. Please run: `pip install cuml` to install.
2023-03-28 09:47:14,090:WARNING:
'cuml' is a soft dependency and not included in the pycaret installation. Please run: `pip install cuml` to install.
2023-03-28 09:47:14,090:WARNING:
'cuml' is a soft dependency and not included in the pycaret installation. Please run: `pip install cuml` to install.
2023-03-28 09:47:14,745:WARNING:
'prophet' is a soft dependency and not included in the pycaret installation. Please run: `pip install prophet` to install.
2023-03-28 09:47:15,608:INFO:PyCaret ClassificationExperiment
2023-03-28 09:47:15,608:INFO:Logging name: clf-default-name
2023-03-28 09:47:15,608:INFO:ML Usecase: MLUsecase.CLASSIFICATION
2023-03-28 09:47:15,608:INFO:version 3.0.0
2023-03-28 09:47:15,608:INFO:Initializing setup()
2023-03-28 09:47:15,608:INFO:self.USI: 700d
2023-03-28 09:47:15,608:INFO:self._variable_keys: {'y_test', 'target_param', 'log_plots_param', 'pipeline', 'X_test', 'is_multiclass', 'gpu_param', 'X_train', '_ml_usecase', 'gpu_n_jobs_param', 'n_jobs_param', 'exp_name_log', 'html_param', 'seed', 'fix_imbalance', 'data', 'X', 'y_train', 'fold_generator', 'memory', '_available_plots', 'exp_id', 'USI', 'idx', 'fold_groups_param', 'fold_shuffle_param', 'logging_param', 'y'}
2023-03-28 09:47:15,608:INFO:Checking environment
2023-03-28 09:47:15,608:INFO:python_version: 3.10.9
2023-03-28 09:47:15,608:INFO:python_build: ('tags/v3.10.9:1dd9be6', 'Dec  6 2022 20:01:21')
2023-03-28 09:47:15,608:INFO:machine: AMD64
2023-03-28 09:47:15,636:INFO:platform: Windows-10-10.0.22621-SP0
2023-03-28 09:47:15,638:INFO:Memory: svmem(total=34202767360, available=22755868672, percent=33.5, used=11446898688, free=22755868672)
2023-03-28 09:47:15,638:INFO:Physical Core: 4
2023-03-28 09:47:15,638:INFO:Logical Core: 8
2023-03-28 09:47:15,638:INFO:Checking libraries
2023-03-28 09:47:15,638:INFO:System:
2023-03-28 09:47:15,638:INFO:    python: 3.10.9 (tags/v3.10.9:1dd9be6, Dec  6 2022, 20:01:21) [MSC v.1934 64 bit (AMD64)]
2023-03-28 09:47:15,639:INFO:executable: C:\Program Files\Python310\python.exe
2023-03-28 09:47:15,639:INFO:   machine: Windows-10-10.0.22621-SP0
2023-03-28 09:47:15,639:INFO:PyCaret required dependencies:
2023-03-28 09:47:15,639:INFO:                 pip: 22.3.1
2023-03-28 09:47:15,639:INFO:          setuptools: 65.5.0
2023-03-28 09:47:15,639:INFO:             pycaret: 3.0.0
2023-03-28 09:47:15,639:INFO:             IPython: 8.6.0
2023-03-28 09:47:15,639:INFO:          ipywidgets: 8.0.5
2023-03-28 09:47:15,639:INFO:                tqdm: 4.64.1
2023-03-28 09:47:15,639:INFO:               numpy: 1.23.5
2023-03-28 09:47:15,639:INFO:              pandas: 1.5.3
2023-03-28 09:47:15,639:INFO:              jinja2: 3.1.2
2023-03-28 09:47:15,639:INFO:               scipy: 1.9.3
2023-03-28 09:47:15,639:INFO:              joblib: 1.2.0
2023-03-28 09:47:15,639:INFO:             sklearn: 1.2.2
2023-03-28 09:47:15,639:INFO:                pyod: 1.0.9
2023-03-28 09:47:15,639:INFO:            imblearn: 0.10.1
2023-03-28 09:47:15,639:INFO:   category_encoders: 2.6.0
2023-03-28 09:47:15,639:INFO:            lightgbm: 3.3.5
2023-03-28 09:47:15,639:INFO:               numba: 0.56.4
2023-03-28 09:47:15,639:INFO:            requests: 2.28.1
2023-03-28 09:47:15,639:INFO:          matplotlib: 3.7.1
2023-03-28 09:47:15,640:INFO:          scikitplot: 0.3.7
2023-03-28 09:47:15,640:INFO:         yellowbrick: 1.5
2023-03-28 09:47:15,640:INFO:              plotly: 5.13.1
2023-03-28 09:47:15,640:INFO:             kaleido: 0.2.1
2023-03-28 09:47:15,640:INFO:         statsmodels: 0.13.5
2023-03-28 09:47:15,640:INFO:              sktime: 0.16.1
2023-03-28 09:47:15,640:INFO:               tbats: 1.1.2
2023-03-28 09:47:15,640:INFO:            pmdarima: 2.0.3
2023-03-28 09:47:15,640:INFO:              psutil: 5.9.4
2023-03-28 09:47:15,640:INFO:PyCaret optional dependencies:
2023-03-28 09:47:15,652:INFO:                shap: Not installed
2023-03-28 09:47:15,652:INFO:           interpret: Not installed
2023-03-28 09:47:15,652:INFO:                umap: Not installed
2023-03-28 09:47:15,652:INFO:    pandas_profiling: Not installed
2023-03-28 09:47:15,652:INFO:  explainerdashboard: Not installed
2023-03-28 09:47:15,652:INFO:             autoviz: Not installed
2023-03-28 09:47:15,652:INFO:           fairlearn: Not installed
2023-03-28 09:47:15,652:INFO:             xgboost: 1.7.4
2023-03-28 09:47:15,652:INFO:            catboost: Not installed
2023-03-28 09:47:15,652:INFO:              kmodes: Not installed
2023-03-28 09:47:15,652:INFO:             mlxtend: Not installed
2023-03-28 09:47:15,652:INFO:       statsforecast: Not installed
2023-03-28 09:47:15,652:INFO:        tune_sklearn: Not installed
2023-03-28 09:47:15,652:INFO:                 ray: 2.3.0
2023-03-28 09:47:15,652:INFO:            hyperopt: Not installed
2023-03-28 09:47:15,653:INFO:              optuna: Not installed
2023-03-28 09:47:15,653:INFO:               skopt: Not installed
2023-03-28 09:47:15,653:INFO:              mlflow: Not installed
2023-03-28 09:47:15,653:INFO:              gradio: Not installed
2023-03-28 09:47:15,653:INFO:             fastapi: Not installed
2023-03-28 09:47:15,653:INFO:             uvicorn: Not installed
2023-03-28 09:47:15,653:INFO:              m2cgen: Not installed
2023-03-28 09:47:15,653:INFO:           evidently: Not installed
2023-03-28 09:47:15,653:INFO:               fugue: Not installed
2023-03-28 09:47:15,653:INFO:           streamlit: Not installed
2023-03-28 09:47:15,653:INFO:             prophet: Not installed
2023-03-28 09:47:15,653:INFO:None
2023-03-28 09:47:15,653:INFO:Set up data.
2023-03-28 09:47:33,621:WARNING:
'cuml' is a soft dependency and not included in the pycaret installation. Please run: `pip install cuml` to install.
2023-03-28 09:47:33,621:WARNING:
'cuml' is a soft dependency and not included in the pycaret installation. Please run: `pip install cuml` to install.
2023-03-28 09:47:33,621:WARNING:
'cuml' is a soft dependency and not included in the pycaret installation. Please run: `pip install cuml` to install.
2023-03-28 09:47:33,621:WARNING:
'cuml' is a soft dependency and not included in the pycaret installation. Please run: `pip install cuml` to install.
2023-03-28 09:47:34,282:WARNING:
'prophet' is a soft dependency and not included in the pycaret installation. Please run: `pip install prophet` to install.
2023-03-28 09:48:38,755:WARNING:
'cuml' is a soft dependency and not included in the pycaret installation. Please run: `pip install cuml` to install.
2023-03-28 09:48:38,755:WARNING:
'cuml' is a soft dependency and not included in the pycaret installation. Please run: `pip install cuml` to install.
2023-03-28 09:48:38,755:WARNING:
'cuml' is a soft dependency and not included in the pycaret installation. Please run: `pip install cuml` to install.
2023-03-28 09:48:38,755:WARNING:
'cuml' is a soft dependency and not included in the pycaret installation. Please run: `pip install cuml` to install.
2023-03-28 09:48:39,333:WARNING:
'prophet' is a soft dependency and not included in the pycaret installation. Please run: `pip install prophet` to install.
2023-03-28 09:48:40,134:INFO:PyCaret ClassificationExperiment
2023-03-28 09:48:40,134:INFO:Logging name: clf-default-name
2023-03-28 09:48:40,134:INFO:ML Usecase: MLUsecase.CLASSIFICATION
2023-03-28 09:48:40,134:INFO:version 3.0.0
2023-03-28 09:48:40,135:INFO:Initializing setup()
2023-03-28 09:48:40,135:INFO:self.USI: e9ed
2023-03-28 09:48:40,135:INFO:self._variable_keys: {'n_jobs_param', 'html_param', 'y_train', 'fold_generator', 'log_plots_param', 'target_param', 'gpu_param', 'data', 'is_multiclass', 'fold_groups_param', 'pipeline', 'y', 'exp_name_log', '_ml_usecase', 'y_test', 'X_train', 'gpu_n_jobs_param', 'fix_imbalance', '_available_plots', 'exp_id', 'X', 'X_test', 'logging_param', 'fold_shuffle_param', 'seed', 'idx', 'USI', 'memory'}
2023-03-28 09:48:40,135:INFO:Checking environment
2023-03-28 09:48:40,135:INFO:python_version: 3.10.9
2023-03-28 09:48:40,135:INFO:python_build: ('tags/v3.10.9:1dd9be6', 'Dec  6 2022 20:01:21')
2023-03-28 09:48:40,135:INFO:machine: AMD64
2023-03-28 09:48:40,149:INFO:platform: Windows-10-10.0.22621-SP0
2023-03-28 09:48:40,151:INFO:Memory: svmem(total=34202767360, available=22780436480, percent=33.4, used=11422330880, free=22780436480)
2023-03-28 09:48:40,151:INFO:Physical Core: 4
2023-03-28 09:48:40,151:INFO:Logical Core: 8
2023-03-28 09:48:40,151:INFO:Checking libraries
2023-03-28 09:48:40,151:INFO:System:
2023-03-28 09:48:40,151:INFO:    python: 3.10.9 (tags/v3.10.9:1dd9be6, Dec  6 2022, 20:01:21) [MSC v.1934 64 bit (AMD64)]
2023-03-28 09:48:40,152:INFO:executable: C:\Program Files\Python310\python.exe
2023-03-28 09:48:40,152:INFO:   machine: Windows-10-10.0.22621-SP0
2023-03-28 09:48:40,152:INFO:PyCaret required dependencies:
2023-03-28 09:48:40,152:INFO:                 pip: 22.3.1
2023-03-28 09:48:40,152:INFO:          setuptools: 65.5.0
2023-03-28 09:48:40,152:INFO:             pycaret: 3.0.0
2023-03-28 09:48:40,152:INFO:             IPython: 8.6.0
2023-03-28 09:48:40,152:INFO:          ipywidgets: 8.0.5
2023-03-28 09:48:40,152:INFO:                tqdm: 4.64.1
2023-03-28 09:48:40,152:INFO:               numpy: 1.23.5
2023-03-28 09:48:40,152:INFO:              pandas: 1.5.3
2023-03-28 09:48:40,152:INFO:              jinja2: 3.1.2
2023-03-28 09:48:40,152:INFO:               scipy: 1.9.3
2023-03-28 09:48:40,152:INFO:              joblib: 1.2.0
2023-03-28 09:48:40,152:INFO:             sklearn: 1.2.2
2023-03-28 09:48:40,152:INFO:                pyod: 1.0.9
2023-03-28 09:48:40,152:INFO:            imblearn: 0.10.1
2023-03-28 09:48:40,152:INFO:   category_encoders: 2.6.0
2023-03-28 09:48:40,152:INFO:            lightgbm: 3.3.5
2023-03-28 09:48:40,152:INFO:               numba: 0.56.4
2023-03-28 09:48:40,152:INFO:            requests: 2.28.1
2023-03-28 09:48:40,152:INFO:          matplotlib: 3.7.1
2023-03-28 09:48:40,153:INFO:          scikitplot: 0.3.7
2023-03-28 09:48:40,153:INFO:         yellowbrick: 1.5
2023-03-28 09:48:40,153:INFO:              plotly: 5.13.1
2023-03-28 09:48:40,153:INFO:             kaleido: 0.2.1
2023-03-28 09:48:40,153:INFO:         statsmodels: 0.13.5
2023-03-28 09:48:40,153:INFO:              sktime: 0.16.1
2023-03-28 09:48:40,153:INFO:               tbats: 1.1.2
2023-03-28 09:48:40,153:INFO:            pmdarima: 2.0.3
2023-03-28 09:48:40,153:INFO:              psutil: 5.9.4
2023-03-28 09:48:40,153:INFO:PyCaret optional dependencies:
2023-03-28 09:48:40,165:INFO:                shap: Not installed
2023-03-28 09:48:40,165:INFO:           interpret: Not installed
2023-03-28 09:48:40,165:INFO:                umap: Not installed
2023-03-28 09:48:40,165:INFO:    pandas_profiling: Not installed
2023-03-28 09:48:40,165:INFO:  explainerdashboard: Not installed
2023-03-28 09:48:40,165:INFO:             autoviz: Not installed
2023-03-28 09:48:40,165:INFO:           fairlearn: Not installed
2023-03-28 09:48:40,165:INFO:             xgboost: 1.7.4
2023-03-28 09:48:40,165:INFO:            catboost: Not installed
2023-03-28 09:48:40,165:INFO:              kmodes: Not installed
2023-03-28 09:48:40,165:INFO:             mlxtend: Not installed
2023-03-28 09:48:40,165:INFO:       statsforecast: Not installed
2023-03-28 09:48:40,165:INFO:        tune_sklearn: Not installed
2023-03-28 09:48:40,165:INFO:                 ray: 2.3.0
2023-03-28 09:48:40,165:INFO:            hyperopt: Not installed
2023-03-28 09:48:40,165:INFO:              optuna: Not installed
2023-03-28 09:48:40,165:INFO:               skopt: Not installed
2023-03-28 09:48:40,165:INFO:              mlflow: Not installed
2023-03-28 09:48:40,165:INFO:              gradio: Not installed
2023-03-28 09:48:40,165:INFO:             fastapi: Not installed
2023-03-28 09:48:40,166:INFO:             uvicorn: Not installed
2023-03-28 09:48:40,166:INFO:              m2cgen: Not installed
2023-03-28 09:48:40,166:INFO:           evidently: Not installed
2023-03-28 09:48:40,166:INFO:               fugue: Not installed
2023-03-28 09:48:40,166:INFO:           streamlit: Not installed
2023-03-28 09:48:40,166:INFO:             prophet: Not installed
2023-03-28 09:48:40,166:INFO:None
2023-03-28 09:48:40,166:INFO:Set up data.
2023-03-28 09:48:40,243:INFO:Set up train/test split.
2023-03-28 09:48:40,294:INFO:Set up index.
2023-03-28 09:48:40,294:INFO:Set up folding strategy.
2023-03-28 09:48:40,294:INFO:Assigning column types.
2023-03-28 09:48:40,326:INFO:Engine successfully changes for model 'lr' to 'sklearn'.
2023-03-28 09:48:40,373:INFO:Engine for model 'knn' has not been set explicitly, hence returning None.
2023-03-28 09:48:40,373:INFO:Engine for model 'rbfsvm' has not been set explicitly, hence returning None.
2023-03-28 09:48:40,404:INFO:Soft dependency imported: xgboost: 1.7.4
2023-03-28 09:48:40,529:WARNING:
'catboost' is a soft dependency and not included in the pycaret installation. Please run: `pip install catboost` to install.
Alternately, you can install this by running `pip install pycaret[models]`
2023-03-28 09:48:40,576:INFO:Engine for model 'knn' has not been set explicitly, hence returning None.
2023-03-28 09:48:40,576:INFO:Engine for model 'rbfsvm' has not been set explicitly, hence returning None.
2023-03-28 09:48:40,619:INFO:Soft dependency imported: xgboost: 1.7.4
2023-03-28 09:48:40,622:WARNING:
'catboost' is a soft dependency and not included in the pycaret installation. Please run: `pip install catboost` to install.
Alternately, you can install this by running `pip install pycaret[models]`
2023-03-28 09:48:40,622:INFO:Engine successfully changes for model 'knn' to 'sklearn'.
2023-03-28 09:48:40,661:INFO:Engine for model 'rbfsvm' has not been set explicitly, hence returning None.
2023-03-28 09:48:40,693:INFO:Soft dependency imported: xgboost: 1.7.4
2023-03-28 09:48:40,693:WARNING:
'catboost' is a soft dependency and not included in the pycaret installation. Please run: `pip install catboost` to install.
Alternately, you can install this by running `pip install pycaret[models]`
2023-03-28 09:48:40,740:INFO:Engine for model 'rbfsvm' has not been set explicitly, hence returning None.
2023-03-28 09:48:40,755:INFO:Soft dependency imported: xgboost: 1.7.4
2023-03-28 09:48:40,755:WARNING:
'catboost' is a soft dependency and not included in the pycaret installation. Please run: `pip install catboost` to install.
Alternately, you can install this by running `pip install pycaret[models]`
2023-03-28 09:48:40,755:INFO:Engine successfully changes for model 'rbfsvm' to 'sklearn'.
2023-03-28 09:48:40,833:INFO:Soft dependency imported: xgboost: 1.7.4
2023-03-28 09:48:40,833:WARNING:
'catboost' is a soft dependency and not included in the pycaret installation. Please run: `pip install catboost` to install.
Alternately, you can install this by running `pip install pycaret[models]`
2023-03-28 09:48:40,896:INFO:Soft dependency imported: xgboost: 1.7.4
2023-03-28 09:48:40,911:WARNING:
'catboost' is a soft dependency and not included in the pycaret installation. Please run: `pip install catboost` to install.
Alternately, you can install this by running `pip install pycaret[models]`
2023-03-28 09:48:40,911:INFO:Preparing preprocessing pipeline...
2023-03-28 09:48:40,911:INFO:Set up simple imputation.
2023-03-28 09:48:40,911:INFO:Set up feature normalization.
2023-03-28 09:48:41,475:INFO:Finished creating preprocessing pipeline.
2023-03-28 09:48:41,475:INFO:Pipeline: Pipeline(memory=FastMemory(location=C:\Users\SIDDIQ~1\AppData\Local\Temp\joblib),
         steps=[('numerical_imputer',
                 TransformerWrapper(exclude=None,
                                    include=['depth', 'size', 'max_breadth',
                                             'virality', 'strongly_cc',
                                             'weakly_cc', 'size_of_scc',
                                             'avg_cluster_coef', 'density',
                                             'layer_ratio',
                                             'structural_heterogeneity',
                                             'characteristic_distance'],
                                    transformer=SimpleImput...
                 TransformerWrapper(exclude=None, include=[],
                                    transformer=SimpleImputer(add_indicator=False,
                                                              copy=True,
                                                              fill_value=None,
                                                              keep_empty_features=False,
                                                              missing_values=nan,
                                                              strategy='most_frequent',
                                                              verbose='deprecated'))),
                ('normalize',
                 TransformerWrapper(exclude=None, include=None,
                                    transformer=StandardScaler(copy=True,
                                                               with_mean=True,
                                                               with_std=True)))],
         verbose=False)
2023-03-28 09:48:41,475:INFO:Creating final display dataframe.
2023-03-28 09:48:42,947:INFO:Setup _display_container:                     Description             Value
0                    Session id              3934
1                        Target          veracity
2                   Target type            Binary
3           Original data shape      (155833, 13)
4        Transformed data shape      (448741, 13)
5   Transformed train set shape      (358990, 13)
6    Transformed test set shape       (89751, 13)
7              Numeric features                12
8      Rows with missing values             71.7%
9                    Preprocess              True
10              Imputation type            simple
11           Numeric imputation              mean
12       Categorical imputation              mode
13                    Normalize              True
14             Normalize method            zscore
15               Fold Generator   StratifiedKFold
16                  Fold Number                10
17                     CPU Jobs                -1
18                      Use GPU             False
19               Log Experiment             False
20              Experiment Name  clf-default-name
21                          USI              e9ed
2023-03-28 09:48:43,049:INFO:Soft dependency imported: xgboost: 1.7.4
2023-03-28 09:48:43,052:WARNING:
'catboost' is a soft dependency and not included in the pycaret installation. Please run: `pip install catboost` to install.
Alternately, you can install this by running `pip install pycaret[models]`
2023-03-28 09:48:43,111:INFO:Soft dependency imported: xgboost: 1.7.4
2023-03-28 09:48:43,111:WARNING:
'catboost' is a soft dependency and not included in the pycaret installation. Please run: `pip install catboost` to install.
Alternately, you can install this by running `pip install pycaret[models]`
2023-03-28 09:48:43,127:INFO:setup() successfully completed in 2.99s...............
2023-03-28 09:48:43,127:INFO:Initializing compare_models()
2023-03-28 09:48:43,127:INFO:compare_models(self=<pycaret.classification.oop.ClassificationExperiment object at 0x000001EB48BC32E0>, include=None, fold=None, round=4, cross_validation=True, sort=Accuracy, n_select=1, budget_time=None, turbo=True, errors=ignore, fit_kwargs=None, groups=None, experiment_custom_tags=None, probability_threshold=None, verbose=True, parallel=None, caller_params={'self': <pycaret.classification.oop.ClassificationExperiment object at 0x000001EB48BC32E0>, 'include': None, 'exclude': None, 'fold': None, 'round': 4, 'cross_validation': True, 'sort': 'Accuracy', 'n_select': 1, 'budget_time': None, 'turbo': True, 'errors': 'ignore', 'fit_kwargs': None, 'groups': None, 'experiment_custom_tags': None, 'probability_threshold': None, 'engine': None, 'verbose': True, 'parallel': None, '__class__': <class 'pycaret.classification.oop.ClassificationExperiment'>}, exclude=None)
2023-03-28 09:48:43,127:INFO:Checking exceptions
2023-03-28 09:48:43,371:INFO:Preparing display monitor
2023-03-28 09:48:43,371:INFO:Initializing Logistic Regression
2023-03-28 09:48:43,371:INFO:Total runtime is 0.0 minutes
2023-03-28 09:48:43,371:INFO:SubProcess create_model() called ==================================
2023-03-28 09:48:43,371:INFO:Initializing create_model()
2023-03-28 09:48:43,371:INFO:create_model(self=<pycaret.classification.oop.ClassificationExperiment object at 0x000001EB48BC32E0>, estimator=lr, fold=StratifiedKFold(n_splits=10, random_state=None, shuffle=False), round=4, cross_validation=True, predict=True, fit_kwargs={}, groups=None, refit=False, probability_threshold=None, experiment_custom_tags=None, verbose=False, system=False, add_to_model_list=True, metrics=None, display=<pycaret.internal.display.display.CommonDisplay object at 0x000001EB48CE50C0>, model_only=True, return_train_score=False, kwargs={})
2023-03-28 09:48:43,371:INFO:Checking exceptions
2023-03-28 09:48:43,371:INFO:Importing libraries
2023-03-28 09:48:43,371:INFO:Copying training dataset
2023-03-28 09:48:44,028:INFO:Defining folds
2023-03-28 09:48:44,028:INFO:Declaring metric variables
2023-03-28 09:48:44,028:INFO:Importing untrained model
2023-03-28 09:48:44,028:INFO:Logistic Regression Imported successfully
2023-03-28 09:48:44,028:INFO:Starting cross validation
2023-03-28 09:48:44,028:INFO:Cross validating with StratifiedKFold(n_splits=10, random_state=None, shuffle=False), n_jobs=-1
2023-03-28 09:48:51,053:WARNING:C:\Users\Siddiquee\AppData\Roaming\Python\Python310\site-packages\sklearn\metrics\_classification.py:1344: UndefinedMetricWarning: Precision is ill-defined and being set to 0.0 due to no predicted samples. Use `zero_division` parameter to control this behavior.
  _warn_prf(average, modifier, msg_start, len(result))

2023-03-28 09:48:51,069:WARNING:C:\Users\Siddiquee\AppData\Roaming\Python\Python310\site-packages\sklearn\metrics\_classification.py:1344: UndefinedMetricWarning: Precision is ill-defined and being set to 0.0 due to no predicted samples. Use `zero_division` parameter to control this behavior.
  _warn_prf(average, modifier, msg_start, len(result))

2023-03-28 09:48:51,270:WARNING:C:\Users\Siddiquee\AppData\Roaming\Python\Python310\site-packages\sklearn\metrics\_classification.py:1344: UndefinedMetricWarning: Precision is ill-defined and being set to 0.0 due to no predicted samples. Use `zero_division` parameter to control this behavior.
  _warn_prf(average, modifier, msg_start, len(result))

2023-03-28 09:48:51,289:WARNING:C:\Users\Siddiquee\AppData\Roaming\Python\Python310\site-packages\sklearn\metrics\_classification.py:1344: UndefinedMetricWarning: Precision is ill-defined and being set to 0.0 due to no predicted samples. Use `zero_division` parameter to control this behavior.
  _warn_prf(average, modifier, msg_start, len(result))

2023-03-28 09:48:51,289:WARNING:C:\Users\Siddiquee\AppData\Roaming\Python\Python310\site-packages\sklearn\metrics\_classification.py:1344: UndefinedMetricWarning: Precision is ill-defined and being set to 0.0 due to no predicted samples. Use `zero_division` parameter to control this behavior.
  _warn_prf(average, modifier, msg_start, len(result))

2023-03-28 09:48:52,304:WARNING:C:\Users\Siddiquee\AppData\Roaming\Python\Python310\site-packages\sklearn\metrics\_classification.py:1344: UndefinedMetricWarning: Precision is ill-defined and being set to 0.0 due to no predicted samples. Use `zero_division` parameter to control this behavior.
  _warn_prf(average, modifier, msg_start, len(result))

2023-03-28 09:48:52,365:WARNING:C:\Users\Siddiquee\AppData\Roaming\Python\Python310\site-packages\sklearn\metrics\_classification.py:1344: UndefinedMetricWarning: Precision is ill-defined and being set to 0.0 due to no predicted samples. Use `zero_division` parameter to control this behavior.
  _warn_prf(average, modifier, msg_start, len(result))

2023-03-28 09:48:52,537:INFO:Calculating mean and std
2023-03-28 09:48:52,537:INFO:Creating metrics dataframe
2023-03-28 09:48:52,572:INFO:Uploading results into container
2023-03-28 09:48:52,573:INFO:Uploading model into container now
2023-03-28 09:48:52,574:INFO:_master_model_container: 1
2023-03-28 09:48:52,574:INFO:_display_container: 2
2023-03-28 09:48:52,575:INFO:LogisticRegression(C=1.0, class_weight=None, dual=False, fit_intercept=True,
                   intercept_scaling=1, l1_ratio=None, max_iter=1000,
                   multi_class='auto', n_jobs=None, penalty='l2',
                   random_state=3934, solver='lbfgs', tol=0.0001, verbose=0,
                   warm_start=False)
2023-03-28 09:48:52,575:INFO:create_model() successfully completed......................................
2023-03-28 09:48:52,650:INFO:SubProcess create_model() end ==================================
2023-03-28 09:48:52,650:INFO:Creating metrics dataframe
2023-03-28 09:48:52,650:INFO:Initializing K Neighbors Classifier
2023-03-28 09:48:52,650:INFO:Total runtime is 0.15466387669245402 minutes
2023-03-28 09:48:52,650:INFO:SubProcess create_model() called ==================================
2023-03-28 09:48:52,650:INFO:Initializing create_model()
2023-03-28 09:48:52,650:INFO:create_model(self=<pycaret.classification.oop.ClassificationExperiment object at 0x000001EB48BC32E0>, estimator=knn, fold=StratifiedKFold(n_splits=10, random_state=None, shuffle=False), round=4, cross_validation=True, predict=True, fit_kwargs={}, groups=None, refit=False, probability_threshold=None, experiment_custom_tags=None, verbose=False, system=False, add_to_model_list=True, metrics=None, display=<pycaret.internal.display.display.CommonDisplay object at 0x000001EB48CE50C0>, model_only=True, return_train_score=False, kwargs={})
2023-03-28 09:48:52,650:INFO:Checking exceptions
2023-03-28 09:48:52,650:INFO:Importing libraries
2023-03-28 09:48:52,650:INFO:Copying training dataset
2023-03-28 09:48:53,290:INFO:Defining folds
2023-03-28 09:48:53,290:INFO:Declaring metric variables
2023-03-28 09:48:53,290:INFO:Importing untrained model
2023-03-28 09:48:53,290:INFO:K Neighbors Classifier Imported successfully
2023-03-28 09:48:53,290:INFO:Starting cross validation
2023-03-28 09:48:53,290:INFO:Cross validating with StratifiedKFold(n_splits=10, random_state=None, shuffle=False), n_jobs=-1
2023-03-28 10:02:16,147:WARNING:
'cuml' is a soft dependency and not included in the pycaret installation. Please run: `pip install cuml` to install.
2023-03-28 10:02:16,147:WARNING:
'cuml' is a soft dependency and not included in the pycaret installation. Please run: `pip install cuml` to install.
2023-03-28 10:02:16,147:WARNING:
'cuml' is a soft dependency and not included in the pycaret installation. Please run: `pip install cuml` to install.
2023-03-28 10:02:16,147:WARNING:
'cuml' is a soft dependency and not included in the pycaret installation. Please run: `pip install cuml` to install.
2023-03-28 10:02:16,772:WARNING:
'prophet' is a soft dependency and not included in the pycaret installation. Please run: `pip install prophet` to install.
2023-03-28 10:02:56,377:WARNING:
'cuml' is a soft dependency and not included in the pycaret installation. Please run: `pip install cuml` to install.
2023-03-28 10:02:56,377:WARNING:
'cuml' is a soft dependency and not included in the pycaret installation. Please run: `pip install cuml` to install.
2023-03-28 10:02:56,377:WARNING:
'cuml' is a soft dependency and not included in the pycaret installation. Please run: `pip install cuml` to install.
2023-03-28 10:02:56,377:WARNING:
'cuml' is a soft dependency and not included in the pycaret installation. Please run: `pip install cuml` to install.
2023-03-28 10:02:57,044:WARNING:
'prophet' is a soft dependency and not included in the pycaret installation. Please run: `pip install prophet` to install.
2023-03-28 10:02:57,913:INFO:PyCaret ClassificationExperiment
2023-03-28 10:02:57,913:INFO:Logging name: clf-default-name
2023-03-28 10:02:57,913:INFO:ML Usecase: MLUsecase.CLASSIFICATION
2023-03-28 10:02:57,913:INFO:version 3.0.0
2023-03-28 10:02:57,913:INFO:Initializing setup()
2023-03-28 10:02:57,913:INFO:self.USI: d300
2023-03-28 10:02:57,913:INFO:self._variable_keys: {'gpu_param', 'data', 'fold_generator', 'exp_name_log', 'n_jobs_param', 'exp_id', 'memory', 'fold_groups_param', 'fix_imbalance', 'X_train', 'X', 'pipeline', 'gpu_n_jobs_param', 'idx', 'USI', 'y_test', 'y_train', 'X_test', '_ml_usecase', 'target_param', 'html_param', 'logging_param', 'y', 'is_multiclass', 'seed', 'fold_shuffle_param', 'log_plots_param', '_available_plots'}
2023-03-28 10:02:57,913:INFO:Checking environment
2023-03-28 10:02:57,913:INFO:python_version: 3.10.9
2023-03-28 10:02:57,913:INFO:python_build: ('tags/v3.10.9:1dd9be6', 'Dec  6 2022 20:01:21')
2023-03-28 10:02:57,913:INFO:machine: AMD64
2023-03-28 10:02:57,939:INFO:platform: Windows-10-10.0.22621-SP0
2023-03-28 10:02:57,941:INFO:Memory: svmem(total=34202767360, available=22018863104, percent=35.6, used=12183904256, free=22018863104)
2023-03-28 10:02:57,941:INFO:Physical Core: 4
2023-03-28 10:02:57,941:INFO:Logical Core: 8
2023-03-28 10:02:57,941:INFO:Checking libraries
2023-03-28 10:02:57,941:INFO:System:
2023-03-28 10:02:57,941:INFO:    python: 3.10.9 (tags/v3.10.9:1dd9be6, Dec  6 2022, 20:01:21) [MSC v.1934 64 bit (AMD64)]
2023-03-28 10:02:57,942:INFO:executable: C:\Program Files\Python310\python.exe
2023-03-28 10:02:57,942:INFO:   machine: Windows-10-10.0.22621-SP0
2023-03-28 10:02:57,942:INFO:PyCaret required dependencies:
2023-03-28 10:02:57,942:INFO:                 pip: 22.3.1
2023-03-28 10:02:57,942:INFO:          setuptools: 65.5.0
2023-03-28 10:02:57,942:INFO:             pycaret: 3.0.0
2023-03-28 10:02:57,942:INFO:             IPython: 8.6.0
2023-03-28 10:02:57,942:INFO:          ipywidgets: 8.0.5
2023-03-28 10:02:57,942:INFO:                tqdm: 4.64.1
2023-03-28 10:02:57,942:INFO:               numpy: 1.23.5
2023-03-28 10:02:57,942:INFO:              pandas: 1.5.3
2023-03-28 10:02:57,942:INFO:              jinja2: 3.1.2
2023-03-28 10:02:57,942:INFO:               scipy: 1.9.3
2023-03-28 10:02:57,942:INFO:              joblib: 1.2.0
2023-03-28 10:02:57,942:INFO:             sklearn: 1.2.2
2023-03-28 10:02:57,942:INFO:                pyod: 1.0.9
2023-03-28 10:02:57,942:INFO:            imblearn: 0.10.1
2023-03-28 10:02:57,942:INFO:   category_encoders: 2.6.0
2023-03-28 10:02:57,942:INFO:            lightgbm: 3.3.5
2023-03-28 10:02:57,942:INFO:               numba: 0.56.4
2023-03-28 10:02:57,943:INFO:            requests: 2.28.1
2023-03-28 10:02:57,943:INFO:          matplotlib: 3.7.1
2023-03-28 10:02:57,943:INFO:          scikitplot: 0.3.7
2023-03-28 10:02:57,943:INFO:         yellowbrick: 1.5
2023-03-28 10:02:57,943:INFO:              plotly: 5.13.1
2023-03-28 10:02:57,943:INFO:             kaleido: 0.2.1
2023-03-28 10:02:57,943:INFO:         statsmodels: 0.13.5
2023-03-28 10:02:57,943:INFO:              sktime: 0.16.1
2023-03-28 10:02:57,943:INFO:               tbats: 1.1.2
2023-03-28 10:02:57,943:INFO:            pmdarima: 2.0.3
2023-03-28 10:02:57,943:INFO:              psutil: 5.9.4
2023-03-28 10:02:57,943:INFO:PyCaret optional dependencies:
2023-03-28 10:02:57,955:INFO:                shap: Not installed
2023-03-28 10:02:57,955:INFO:           interpret: Not installed
2023-03-28 10:02:57,955:INFO:                umap: Not installed
2023-03-28 10:02:57,955:INFO:    pandas_profiling: Not installed
2023-03-28 10:02:57,955:INFO:  explainerdashboard: Not installed
2023-03-28 10:02:57,955:INFO:             autoviz: Not installed
2023-03-28 10:02:57,955:INFO:           fairlearn: Not installed
2023-03-28 10:02:57,955:INFO:             xgboost: 1.7.4
2023-03-28 10:02:57,955:INFO:            catboost: Not installed
2023-03-28 10:02:57,955:INFO:              kmodes: Not installed
2023-03-28 10:02:57,955:INFO:             mlxtend: Not installed
2023-03-28 10:02:57,955:INFO:       statsforecast: Not installed
2023-03-28 10:02:57,955:INFO:        tune_sklearn: Not installed
2023-03-28 10:02:57,955:INFO:                 ray: 2.3.0
2023-03-28 10:02:57,955:INFO:            hyperopt: Not installed
2023-03-28 10:02:57,956:INFO:              optuna: Not installed
2023-03-28 10:02:57,956:INFO:               skopt: Not installed
2023-03-28 10:02:57,956:INFO:              mlflow: Not installed
2023-03-28 10:02:57,956:INFO:              gradio: Not installed
2023-03-28 10:02:57,956:INFO:             fastapi: Not installed
2023-03-28 10:02:57,956:INFO:             uvicorn: Not installed
2023-03-28 10:02:57,956:INFO:              m2cgen: Not installed
2023-03-28 10:02:57,956:INFO:           evidently: Not installed
2023-03-28 10:02:57,956:INFO:               fugue: Not installed
2023-03-28 10:02:57,956:INFO:           streamlit: Not installed
2023-03-28 10:02:57,956:INFO:             prophet: Not installed
2023-03-28 10:02:57,956:INFO:None
2023-03-28 10:02:57,956:INFO:Set up data.
2023-03-28 10:02:58,026:INFO:Set up train/test split.
2023-03-28 10:02:58,073:INFO:Set up index.
2023-03-28 10:02:58,073:INFO:Set up folding strategy.
2023-03-28 10:02:58,073:INFO:Assigning column types.
2023-03-28 10:02:58,104:INFO:Engine successfully changes for model 'lr' to 'sklearn'.
2023-03-28 10:02:58,136:INFO:Engine for model 'knn' has not been set explicitly, hence returning None.
2023-03-28 10:02:58,136:INFO:Engine for model 'rbfsvm' has not been set explicitly, hence returning None.
2023-03-28 10:02:58,182:INFO:Soft dependency imported: xgboost: 1.7.4
2023-03-28 10:02:58,241:WARNING:
'catboost' is a soft dependency and not included in the pycaret installation. Please run: `pip install catboost` to install.
Alternately, you can install this by running `pip install pycaret[models]`
2023-03-28 10:02:58,288:INFO:Engine for model 'knn' has not been set explicitly, hence returning None.
2023-03-28 10:02:58,288:INFO:Engine for model 'rbfsvm' has not been set explicitly, hence returning None.
2023-03-28 10:02:58,320:INFO:Soft dependency imported: xgboost: 1.7.4
2023-03-28 10:02:58,320:WARNING:
'catboost' is a soft dependency and not included in the pycaret installation. Please run: `pip install catboost` to install.
Alternately, you can install this by running `pip install pycaret[models]`
2023-03-28 10:02:58,320:INFO:Engine successfully changes for model 'knn' to 'sklearn'.
2023-03-28 10:02:58,351:INFO:Engine for model 'rbfsvm' has not been set explicitly, hence returning None.
2023-03-28 10:02:58,382:INFO:Soft dependency imported: xgboost: 1.7.4
2023-03-28 10:02:58,382:WARNING:
'catboost' is a soft dependency and not included in the pycaret installation. Please run: `pip install catboost` to install.
Alternately, you can install this by running `pip install pycaret[models]`
2023-03-28 10:02:58,429:INFO:Engine for model 'rbfsvm' has not been set explicitly, hence returning None.
2023-03-28 10:02:58,445:INFO:Soft dependency imported: xgboost: 1.7.4
2023-03-28 10:02:58,460:WARNING:
'catboost' is a soft dependency and not included in the pycaret installation. Please run: `pip install catboost` to install.
Alternately, you can install this by running `pip install pycaret[models]`
2023-03-28 10:02:58,460:INFO:Engine successfully changes for model 'rbfsvm' to 'sklearn'.
2023-03-28 10:02:58,523:INFO:Soft dependency imported: xgboost: 1.7.4
2023-03-28 10:02:58,523:WARNING:
'catboost' is a soft dependency and not included in the pycaret installation. Please run: `pip install catboost` to install.
Alternately, you can install this by running `pip install pycaret[models]`
2023-03-28 10:02:58,585:INFO:Soft dependency imported: xgboost: 1.7.4
2023-03-28 10:02:58,585:WARNING:
'catboost' is a soft dependency and not included in the pycaret installation. Please run: `pip install catboost` to install.
Alternately, you can install this by running `pip install pycaret[models]`
2023-03-28 10:02:58,601:INFO:Preparing preprocessing pipeline...
2023-03-28 10:02:58,601:INFO:Set up simple imputation.
2023-03-28 10:02:58,601:INFO:Set up feature normalization.
2023-03-28 10:02:59,151:INFO:Finished creating preprocessing pipeline.
2023-03-28 10:02:59,151:INFO:Pipeline: Pipeline(memory=FastMemory(location=C:\Users\SIDDIQ~1\AppData\Local\Temp\joblib),
         steps=[('numerical_imputer',
                 TransformerWrapper(exclude=None,
                                    include=['depth', 'size', 'max_breadth',
                                             'virality', 'strongly_cc',
                                             'weakly_cc', 'size_of_scc',
                                             'avg_cluster_coef', 'density',
                                             'layer_ratio',
                                             'structural_heterogeneity',
                                             'characteristic_distance'],
                                    transformer=SimpleImput...
                 TransformerWrapper(exclude=None, include=[],
                                    transformer=SimpleImputer(add_indicator=False,
                                                              copy=True,
                                                              fill_value=None,
                                                              keep_empty_features=False,
                                                              missing_values=nan,
                                                              strategy='most_frequent',
                                                              verbose='deprecated'))),
                ('normalize',
                 TransformerWrapper(exclude=None, include=None,
                                    transformer=StandardScaler(copy=True,
                                                               with_mean=True,
                                                               with_std=True)))],
         verbose=False)
2023-03-28 10:02:59,151:INFO:Creating final display dataframe.
2023-03-28 10:03:00,627:INFO:Setup _display_container:                     Description             Value
0                    Session id              3934
1                        Target          veracity
2                   Target type            Binary
3           Original data shape      (155833, 13)
4        Transformed data shape      (448741, 13)
5   Transformed train set shape      (358990, 13)
6    Transformed test set shape       (89751, 13)
7              Numeric features                12
8      Rows with missing values             71.7%
9                    Preprocess              True
10              Imputation type            simple
11           Numeric imputation              mean
12       Categorical imputation              mode
13                    Normalize              True
14             Normalize method            zscore
15               Fold Generator   StratifiedKFold
16                  Fold Number                10
17                     CPU Jobs                -1
18                      Use GPU             False
19               Log Experiment             False
20              Experiment Name  clf-default-name
21                          USI              d300
2023-03-28 10:03:00,715:INFO:Soft dependency imported: xgboost: 1.7.4
2023-03-28 10:03:00,717:WARNING:
'catboost' is a soft dependency and not included in the pycaret installation. Please run: `pip install catboost` to install.
Alternately, you can install this by running `pip install pycaret[models]`
2023-03-28 10:03:00,789:INFO:Soft dependency imported: xgboost: 1.7.4
2023-03-28 10:03:00,789:WARNING:
'catboost' is a soft dependency and not included in the pycaret installation. Please run: `pip install catboost` to install.
Alternately, you can install this by running `pip install pycaret[models]`
2023-03-28 10:03:00,789:INFO:setup() successfully completed in 2.89s...............
2023-03-28 10:03:00,789:INFO:Initializing compare_models()
2023-03-28 10:03:00,789:INFO:compare_models(self=<pycaret.classification.oop.ClassificationExperiment object at 0x000001E9B26E36A0>, include=None, fold=None, round=4, cross_validation=True, sort=Balanced Accuracy, n_select=1, budget_time=None, turbo=True, errors=ignore, fit_kwargs=None, groups=None, experiment_custom_tags=None, probability_threshold=None, verbose=True, parallel=None, caller_params={'self': <pycaret.classification.oop.ClassificationExperiment object at 0x000001E9B26E36A0>, 'include': None, 'exclude': None, 'fold': None, 'round': 4, 'cross_validation': True, 'sort': 'Balanced Accuracy', 'n_select': 1, 'budget_time': None, 'turbo': True, 'errors': 'ignore', 'fit_kwargs': None, 'groups': None, 'experiment_custom_tags': None, 'probability_threshold': None, 'engine': None, 'verbose': True, 'parallel': None, '__class__': <class 'pycaret.classification.oop.ClassificationExperiment'>}, exclude=None)
2023-03-28 10:03:00,789:INFO:Checking exceptions
2023-03-28 10:03:01,045:INFO:Preparing display monitor
2023-03-28 10:03:01,045:INFO:Initializing Logistic Regression
2023-03-28 10:03:01,045:INFO:Total runtime is 0.0 minutes
2023-03-28 10:03:01,045:INFO:SubProcess create_model() called ==================================
2023-03-28 10:03:01,045:INFO:Initializing create_model()
2023-03-28 10:03:01,045:INFO:create_model(self=<pycaret.classification.oop.ClassificationExperiment object at 0x000001E9B26E36A0>, estimator=lr, fold=StratifiedKFold(n_splits=10, random_state=None, shuffle=False), round=4, cross_validation=True, predict=True, fit_kwargs={}, groups=None, refit=False, probability_threshold=None, experiment_custom_tags=None, verbose=False, system=False, add_to_model_list=True, metrics=None, display=<pycaret.internal.display.display.CommonDisplay object at 0x000001E9B3377DC0>, model_only=True, return_train_score=False, kwargs={})
2023-03-28 10:03:01,045:INFO:Checking exceptions
2023-03-28 10:03:01,045:INFO:Importing libraries
2023-03-28 10:03:01,045:INFO:Copying training dataset
2023-03-28 10:03:01,688:INFO:Defining folds
2023-03-28 10:03:01,688:INFO:Declaring metric variables
2023-03-28 10:03:01,688:INFO:Importing untrained model
2023-03-28 10:03:01,688:INFO:Logistic Regression Imported successfully
2023-03-28 10:03:01,688:INFO:Starting cross validation
2023-03-28 10:03:01,688:INFO:Cross validating with StratifiedKFold(n_splits=10, random_state=None, shuffle=False), n_jobs=-1
2023-03-28 10:03:08,675:WARNING:C:\Users\Siddiquee\AppData\Roaming\Python\Python310\site-packages\sklearn\metrics\_classification.py:1344: UndefinedMetricWarning: Precision is ill-defined and being set to 0.0 due to no predicted samples. Use `zero_division` parameter to control this behavior.
  _warn_prf(average, modifier, msg_start, len(result))

2023-03-28 10:03:08,800:WARNING:C:\Users\Siddiquee\AppData\Roaming\Python\Python310\site-packages\sklearn\metrics\_classification.py:1344: UndefinedMetricWarning: Precision is ill-defined and being set to 0.0 due to no predicted samples. Use `zero_division` parameter to control this behavior.
  _warn_prf(average, modifier, msg_start, len(result))

2023-03-28 10:03:08,864:WARNING:C:\Users\Siddiquee\AppData\Roaming\Python\Python310\site-packages\sklearn\metrics\_classification.py:1344: UndefinedMetricWarning: Precision is ill-defined and being set to 0.0 due to no predicted samples. Use `zero_division` parameter to control this behavior.
  _warn_prf(average, modifier, msg_start, len(result))

2023-03-28 10:03:08,958:WARNING:C:\Users\Siddiquee\AppData\Roaming\Python\Python310\site-packages\sklearn\metrics\_classification.py:1344: UndefinedMetricWarning: Precision is ill-defined and being set to 0.0 due to no predicted samples. Use `zero_division` parameter to control this behavior.
  _warn_prf(average, modifier, msg_start, len(result))

2023-03-28 10:03:08,958:WARNING:C:\Users\Siddiquee\AppData\Roaming\Python\Python310\site-packages\sklearn\metrics\_classification.py:1344: UndefinedMetricWarning: Precision is ill-defined and being set to 0.0 due to no predicted samples. Use `zero_division` parameter to control this behavior.
  _warn_prf(average, modifier, msg_start, len(result))

2023-03-28 10:03:09,539:WARNING:C:\Users\Siddiquee\AppData\Roaming\Python\Python310\site-packages\sklearn\metrics\_classification.py:1344: UndefinedMetricWarning: Precision is ill-defined and being set to 0.0 due to no predicted samples. Use `zero_division` parameter to control this behavior.
  _warn_prf(average, modifier, msg_start, len(result))

2023-03-28 10:03:09,649:WARNING:C:\Users\Siddiquee\AppData\Roaming\Python\Python310\site-packages\sklearn\metrics\_classification.py:1344: UndefinedMetricWarning: Precision is ill-defined and being set to 0.0 due to no predicted samples. Use `zero_division` parameter to control this behavior.
  _warn_prf(average, modifier, msg_start, len(result))

2023-03-28 10:03:10,042:INFO:Calculating mean and std
2023-03-28 10:03:10,042:INFO:Creating metrics dataframe
2023-03-28 10:03:10,072:INFO:Uploading results into container
2023-03-28 10:03:10,073:INFO:Uploading model into container now
2023-03-28 10:03:10,074:INFO:_master_model_container: 1
2023-03-28 10:03:10,074:INFO:_display_container: 2
2023-03-28 10:03:10,075:INFO:LogisticRegression(C=1.0, class_weight=None, dual=False, fit_intercept=True,
                   intercept_scaling=1, l1_ratio=None, max_iter=1000,
                   multi_class='auto', n_jobs=None, penalty='l2',
                   random_state=3934, solver='lbfgs', tol=0.0001, verbose=0,
                   warm_start=False)
2023-03-28 10:03:10,075:INFO:create_model() successfully completed......................................
2023-03-28 10:03:10,161:INFO:SubProcess create_model() end ==================================
2023-03-28 10:03:10,161:INFO:Creating metrics dataframe
2023-03-28 10:03:10,161:INFO:Initializing K Neighbors Classifier
2023-03-28 10:03:10,161:INFO:Total runtime is 0.15192723671595257 minutes
2023-03-28 10:03:10,161:INFO:SubProcess create_model() called ==================================
2023-03-28 10:03:10,161:INFO:Initializing create_model()
2023-03-28 10:03:10,161:INFO:create_model(self=<pycaret.classification.oop.ClassificationExperiment object at 0x000001E9B26E36A0>, estimator=knn, fold=StratifiedKFold(n_splits=10, random_state=None, shuffle=False), round=4, cross_validation=True, predict=True, fit_kwargs={}, groups=None, refit=False, probability_threshold=None, experiment_custom_tags=None, verbose=False, system=False, add_to_model_list=True, metrics=None, display=<pycaret.internal.display.display.CommonDisplay object at 0x000001E9B3377DC0>, model_only=True, return_train_score=False, kwargs={})
2023-03-28 10:03:10,161:INFO:Checking exceptions
2023-03-28 10:03:10,161:INFO:Importing libraries
2023-03-28 10:03:10,161:INFO:Copying training dataset
2023-03-28 10:03:10,790:INFO:Defining folds
2023-03-28 10:03:10,790:INFO:Declaring metric variables
2023-03-28 10:03:10,790:INFO:Importing untrained model
2023-03-28 10:03:10,790:INFO:K Neighbors Classifier Imported successfully
2023-03-28 10:03:10,790:INFO:Starting cross validation
2023-03-28 10:03:10,790:INFO:Cross validating with StratifiedKFold(n_splits=10, random_state=None, shuffle=False), n_jobs=-1
2023-03-28 10:30:46,517:INFO:Calculating mean and std
2023-03-28 10:30:46,517:INFO:Creating metrics dataframe
2023-03-28 10:30:46,572:INFO:Uploading results into container
2023-03-28 10:30:46,573:INFO:Uploading model into container now
2023-03-28 10:30:46,573:INFO:_master_model_container: 2
2023-03-28 10:30:46,573:INFO:_display_container: 2
2023-03-28 10:30:46,574:INFO:KNeighborsClassifier(algorithm='auto', leaf_size=30, metric='minkowski',
                     metric_params=None, n_jobs=-1, n_neighbors=5, p=2,
                     weights='uniform')
2023-03-28 10:30:46,574:INFO:create_model() successfully completed......................................
2023-03-28 10:30:46,626:INFO:SubProcess create_model() end ==================================
2023-03-28 10:30:46,626:INFO:Creating metrics dataframe
2023-03-28 10:30:46,644:INFO:Initializing Naive Bayes
2023-03-28 10:30:46,645:INFO:Total runtime is 27.75998930533727 minutes
2023-03-28 10:30:46,645:INFO:SubProcess create_model() called ==================================
2023-03-28 10:30:46,645:INFO:Initializing create_model()
2023-03-28 10:30:46,645:INFO:create_model(self=<pycaret.classification.oop.ClassificationExperiment object at 0x000001E9B26E36A0>, estimator=nb, fold=StratifiedKFold(n_splits=10, random_state=None, shuffle=False), round=4, cross_validation=True, predict=True, fit_kwargs={}, groups=None, refit=False, probability_threshold=None, experiment_custom_tags=None, verbose=False, system=False, add_to_model_list=True, metrics=None, display=<pycaret.internal.display.display.CommonDisplay object at 0x000001E9B3377DC0>, model_only=True, return_train_score=False, kwargs={})
2023-03-28 10:30:46,645:INFO:Checking exceptions
2023-03-28 10:30:46,645:INFO:Importing libraries
2023-03-28 10:30:46,645:INFO:Copying training dataset
2023-03-28 10:30:47,442:INFO:Defining folds
2023-03-28 10:30:47,442:INFO:Declaring metric variables
2023-03-28 10:30:47,442:INFO:Importing untrained model
2023-03-28 10:30:47,442:INFO:Naive Bayes Imported successfully
2023-03-28 10:30:47,442:INFO:Starting cross validation
2023-03-28 10:30:47,442:INFO:Cross validating with StratifiedKFold(n_splits=10, random_state=None, shuffle=False), n_jobs=-1
2023-03-28 10:30:55,889:INFO:Calculating mean and std
2023-03-28 10:30:55,889:INFO:Creating metrics dataframe
2023-03-28 10:30:55,955:INFO:Uploading results into container
2023-03-28 10:30:55,956:INFO:Uploading model into container now
2023-03-28 10:30:55,956:INFO:_master_model_container: 3
2023-03-28 10:30:55,956:INFO:_display_container: 2
2023-03-28 10:30:55,956:INFO:GaussianNB(priors=None, var_smoothing=1e-09)
2023-03-28 10:30:55,956:INFO:create_model() successfully completed......................................
2023-03-28 10:30:56,016:INFO:SubProcess create_model() end ==================================
2023-03-28 10:30:56,016:INFO:Creating metrics dataframe
2023-03-28 10:30:56,016:INFO:Initializing Decision Tree Classifier
2023-03-28 10:30:56,016:INFO:Total runtime is 27.916181457042693 minutes
2023-03-28 10:30:56,016:INFO:SubProcess create_model() called ==================================
2023-03-28 10:30:56,016:INFO:Initializing create_model()
2023-03-28 10:30:56,016:INFO:create_model(self=<pycaret.classification.oop.ClassificationExperiment object at 0x000001E9B26E36A0>, estimator=dt, fold=StratifiedKFold(n_splits=10, random_state=None, shuffle=False), round=4, cross_validation=True, predict=True, fit_kwargs={}, groups=None, refit=False, probability_threshold=None, experiment_custom_tags=None, verbose=False, system=False, add_to_model_list=True, metrics=None, display=<pycaret.internal.display.display.CommonDisplay object at 0x000001E9B3377DC0>, model_only=True, return_train_score=False, kwargs={})
2023-03-28 10:30:56,016:INFO:Checking exceptions
2023-03-28 10:30:56,016:INFO:Importing libraries
2023-03-28 10:30:56,016:INFO:Copying training dataset
2023-03-28 10:30:56,830:INFO:Defining folds
2023-03-28 10:30:56,830:INFO:Declaring metric variables
2023-03-28 10:30:56,830:INFO:Importing untrained model
2023-03-28 10:30:56,845:INFO:Decision Tree Classifier Imported successfully
2023-03-28 10:30:56,845:INFO:Starting cross validation
2023-03-28 10:30:56,845:INFO:Cross validating with StratifiedKFold(n_splits=10, random_state=None, shuffle=False), n_jobs=-1
2023-03-28 10:30:58,693:WARNING:C:\Users\Siddiquee\AppData\Roaming\Python\Python310\site-packages\sklearn\metrics\_classification.py:1344: UndefinedMetricWarning: Precision is ill-defined and being set to 0.0 due to no predicted samples. Use `zero_division` parameter to control this behavior.
  _warn_prf(average, modifier, msg_start, len(result))

2023-03-28 10:30:58,803:WARNING:C:\Users\Siddiquee\AppData\Roaming\Python\Python310\site-packages\sklearn\metrics\_classification.py:1344: UndefinedMetricWarning: Precision is ill-defined and being set to 0.0 due to no predicted samples. Use `zero_division` parameter to control this behavior.
  _warn_prf(average, modifier, msg_start, len(result))

2023-03-28 10:31:00,088:WARNING:C:\Users\Siddiquee\AppData\Roaming\Python\Python310\site-packages\sklearn\metrics\_classification.py:1344: UndefinedMetricWarning: Precision is ill-defined and being set to 0.0 due to no predicted samples. Use `zero_division` parameter to control this behavior.
  _warn_prf(average, modifier, msg_start, len(result))

2023-03-28 10:31:00,384:INFO:Calculating mean and std
2023-03-28 10:31:00,384:INFO:Creating metrics dataframe
2023-03-28 10:31:00,480:INFO:Uploading results into container
2023-03-28 10:31:00,480:INFO:Uploading model into container now
2023-03-28 10:31:00,480:INFO:_master_model_container: 4
2023-03-28 10:31:00,480:INFO:_display_container: 2
2023-03-28 10:31:00,480:INFO:DecisionTreeClassifier(ccp_alpha=0.0, class_weight=None, criterion='gini',
                       max_depth=None, max_features=None, max_leaf_nodes=None,
                       min_impurity_decrease=0.0, min_samples_leaf=1,
                       min_samples_split=2, min_weight_fraction_leaf=0.0,
                       random_state=3934, splitter='best')
2023-03-28 10:31:00,480:INFO:create_model() successfully completed......................................
2023-03-28 10:31:00,558:INFO:SubProcess create_model() end ==================================
2023-03-28 10:31:00,558:INFO:Creating metrics dataframe
2023-03-28 10:31:00,558:INFO:Initializing SVM - Linear Kernel
2023-03-28 10:31:00,558:INFO:Total runtime is 27.991878473758696 minutes
2023-03-28 10:31:00,558:INFO:SubProcess create_model() called ==================================
2023-03-28 10:31:00,558:INFO:Initializing create_model()
2023-03-28 10:31:00,558:INFO:create_model(self=<pycaret.classification.oop.ClassificationExperiment object at 0x000001E9B26E36A0>, estimator=svm, fold=StratifiedKFold(n_splits=10, random_state=None, shuffle=False), round=4, cross_validation=True, predict=True, fit_kwargs={}, groups=None, refit=False, probability_threshold=None, experiment_custom_tags=None, verbose=False, system=False, add_to_model_list=True, metrics=None, display=<pycaret.internal.display.display.CommonDisplay object at 0x000001E9B3377DC0>, model_only=True, return_train_score=False, kwargs={})
2023-03-28 10:31:00,558:INFO:Checking exceptions
2023-03-28 10:31:00,558:INFO:Importing libraries
2023-03-28 10:31:00,558:INFO:Copying training dataset
2023-03-28 10:31:01,418:INFO:Defining folds
2023-03-28 10:31:01,418:INFO:Declaring metric variables
2023-03-28 10:31:01,418:INFO:Importing untrained model
2023-03-28 10:31:01,418:INFO:SVM - Linear Kernel Imported successfully
2023-03-28 10:31:01,418:INFO:Starting cross validation
2023-03-28 10:31:01,418:INFO:Cross validating with StratifiedKFold(n_splits=10, random_state=None, shuffle=False), n_jobs=-1
2023-03-28 10:31:03,722:WARNING:C:\Users\Siddiquee\AppData\Roaming\Python\Python310\site-packages\pycaret\internal\metrics.py:138: FitFailedWarning: Metric 'make_scorer(roc_auc_score, needs_proba=True, error_score=0.0, average=weighted, multi_class=ovr)' failed and error score 0.0 has been returned instead. If this is a custom metric, this usually means that the error is in the metric code. Full exception below:
Traceback (most recent call last):
  File "C:\Users\Siddiquee\AppData\Roaming\Python\Python310\site-packages\sklearn\metrics\_scorer.py", line 76, in _cached_call
    return cache[method]
KeyError: 'predict_proba'

During handling of the above exception, another exception occurred:

Traceback (most recent call last):
  File "C:\Users\Siddiquee\AppData\Roaming\Python\Python310\site-packages\pycaret\internal\metrics.py", line 130, in _score
    return super()._score(
  File "C:\Users\Siddiquee\AppData\Roaming\Python\Python310\site-packages\sklearn\metrics\_scorer.py", line 316, in _score
    y_pred = method_caller(clf, "predict_proba", X)
  File "C:\Users\Siddiquee\AppData\Roaming\Python\Python310\site-packages\sklearn\metrics\_scorer.py", line 78, in _cached_call
    result = getattr(estimator, method)(*args, **kwargs)
  File "C:\Users\Siddiquee\AppData\Roaming\Python\Python310\site-packages\pycaret\internal\pipeline.py", line 121, in __getattr__
    return getattr(self._final_estimator, name)
  File "C:\Users\Siddiquee\AppData\Roaming\Python\Python310\site-packages\sklearn\utils\_available_if.py", line 32, in __get__
    if not self.check(obj):
  File "C:\Users\Siddiquee\AppData\Roaming\Python\Python310\site-packages\sklearn\linear_model\_stochastic_gradient.py", line 1235, in _check_proba
    raise AttributeError(
AttributeError: probability estimates are not available for loss='hinge'

  warnings.warn(

2023-03-28 10:31:03,800:WARNING:C:\Users\Siddiquee\AppData\Roaming\Python\Python310\site-packages\pycaret\internal\metrics.py:138: FitFailedWarning: Metric 'make_scorer(roc_auc_score, needs_proba=True, error_score=0.0, average=weighted, multi_class=ovr)' failed and error score 0.0 has been returned instead. If this is a custom metric, this usually means that the error is in the metric code. Full exception below:
Traceback (most recent call last):
  File "C:\Users\Siddiquee\AppData\Roaming\Python\Python310\site-packages\sklearn\metrics\_scorer.py", line 76, in _cached_call
    return cache[method]
KeyError: 'predict_proba'

During handling of the above exception, another exception occurred:

Traceback (most recent call last):
  File "C:\Users\Siddiquee\AppData\Roaming\Python\Python310\site-packages\pycaret\internal\metrics.py", line 130, in _score
    return super()._score(
  File "C:\Users\Siddiquee\AppData\Roaming\Python\Python310\site-packages\sklearn\metrics\_scorer.py", line 316, in _score
    y_pred = method_caller(clf, "predict_proba", X)
  File "C:\Users\Siddiquee\AppData\Roaming\Python\Python310\site-packages\sklearn\metrics\_scorer.py", line 78, in _cached_call
    result = getattr(estimator, method)(*args, **kwargs)
  File "C:\Users\Siddiquee\AppData\Roaming\Python\Python310\site-packages\pycaret\internal\pipeline.py", line 121, in __getattr__
    return getattr(self._final_estimator, name)
  File "C:\Users\Siddiquee\AppData\Roaming\Python\Python310\site-packages\sklearn\utils\_available_if.py", line 32, in __get__
    if not self.check(obj):
  File "C:\Users\Siddiquee\AppData\Roaming\Python\Python310\site-packages\sklearn\linear_model\_stochastic_gradient.py", line 1235, in _check_proba
    raise AttributeError(
AttributeError: probability estimates are not available for loss='hinge'

  warnings.warn(

2023-03-28 10:31:03,816:WARNING:C:\Users\Siddiquee\AppData\Roaming\Python\Python310\site-packages\pycaret\internal\metrics.py:138: FitFailedWarning: Metric 'make_scorer(roc_auc_score, needs_proba=True, error_score=0.0, average=weighted, multi_class=ovr)' failed and error score 0.0 has been returned instead. If this is a custom metric, this usually means that the error is in the metric code. Full exception below:
Traceback (most recent call last):
  File "C:\Users\Siddiquee\AppData\Roaming\Python\Python310\site-packages\sklearn\metrics\_scorer.py", line 76, in _cached_call
    return cache[method]
KeyError: 'predict_proba'

During handling of the above exception, another exception occurred:

Traceback (most recent call last):
  File "C:\Users\Siddiquee\AppData\Roaming\Python\Python310\site-packages\pycaret\internal\metrics.py", line 130, in _score
    return super()._score(
  File "C:\Users\Siddiquee\AppData\Roaming\Python\Python310\site-packages\sklearn\metrics\_scorer.py", line 316, in _score
    y_pred = method_caller(clf, "predict_proba", X)
  File "C:\Users\Siddiquee\AppData\Roaming\Python\Python310\site-packages\sklearn\metrics\_scorer.py", line 78, in _cached_call
    result = getattr(estimator, method)(*args, **kwargs)
  File "C:\Users\Siddiquee\AppData\Roaming\Python\Python310\site-packages\pycaret\internal\pipeline.py", line 121, in __getattr__
    return getattr(self._final_estimator, name)
  File "C:\Users\Siddiquee\AppData\Roaming\Python\Python310\site-packages\sklearn\utils\_available_if.py", line 32, in __get__
    if not self.check(obj):
  File "C:\Users\Siddiquee\AppData\Roaming\Python\Python310\site-packages\sklearn\linear_model\_stochastic_gradient.py", line 1235, in _check_proba
    raise AttributeError(
AttributeError: probability estimates are not available for loss='hinge'

  warnings.warn(

2023-03-28 10:31:03,878:WARNING:C:\Users\Siddiquee\AppData\Roaming\Python\Python310\site-packages\pycaret\internal\metrics.py:138: FitFailedWarning: Metric 'make_scorer(roc_auc_score, needs_proba=True, error_score=0.0, average=weighted, multi_class=ovr)' failed and error score 0.0 has been returned instead. If this is a custom metric, this usually means that the error is in the metric code. Full exception below:
Traceback (most recent call last):
  File "C:\Users\Siddiquee\AppData\Roaming\Python\Python310\site-packages\sklearn\metrics\_scorer.py", line 76, in _cached_call
    return cache[method]
KeyError: 'predict_proba'

During handling of the above exception, another exception occurred:

Traceback (most recent call last):
  File "C:\Users\Siddiquee\AppData\Roaming\Python\Python310\site-packages\pycaret\internal\metrics.py", line 130, in _score
    return super()._score(
  File "C:\Users\Siddiquee\AppData\Roaming\Python\Python310\site-packages\sklearn\metrics\_scorer.py", line 316, in _score
    y_pred = method_caller(clf, "predict_proba", X)
  File "C:\Users\Siddiquee\AppData\Roaming\Python\Python310\site-packages\sklearn\metrics\_scorer.py", line 78, in _cached_call
    result = getattr(estimator, method)(*args, **kwargs)
  File "C:\Users\Siddiquee\AppData\Roaming\Python\Python310\site-packages\pycaret\internal\pipeline.py", line 121, in __getattr__
    return getattr(self._final_estimator, name)
  File "C:\Users\Siddiquee\AppData\Roaming\Python\Python310\site-packages\sklearn\utils\_available_if.py", line 32, in __get__
    if not self.check(obj):
  File "C:\Users\Siddiquee\AppData\Roaming\Python\Python310\site-packages\sklearn\linear_model\_stochastic_gradient.py", line 1235, in _check_proba
    raise AttributeError(
AttributeError: probability estimates are not available for loss='hinge'

  warnings.warn(

2023-03-28 10:31:03,894:WARNING:C:\Users\Siddiquee\AppData\Roaming\Python\Python310\site-packages\sklearn\metrics\_classification.py:1344: UndefinedMetricWarning: Precision is ill-defined and being set to 0.0 due to no predicted samples. Use `zero_division` parameter to control this behavior.
  _warn_prf(average, modifier, msg_start, len(result))

2023-03-28 10:31:03,925:WARNING:C:\Users\Siddiquee\AppData\Roaming\Python\Python310\site-packages\pycaret\internal\metrics.py:138: FitFailedWarning: Metric 'make_scorer(roc_auc_score, needs_proba=True, error_score=0.0, average=weighted, multi_class=ovr)' failed and error score 0.0 has been returned instead. If this is a custom metric, this usually means that the error is in the metric code. Full exception below:
Traceback (most recent call last):
  File "C:\Users\Siddiquee\AppData\Roaming\Python\Python310\site-packages\sklearn\metrics\_scorer.py", line 76, in _cached_call
    return cache[method]
KeyError: 'predict_proba'

During handling of the above exception, another exception occurred:

Traceback (most recent call last):
  File "C:\Users\Siddiquee\AppData\Roaming\Python\Python310\site-packages\pycaret\internal\metrics.py", line 130, in _score
    return super()._score(
  File "C:\Users\Siddiquee\AppData\Roaming\Python\Python310\site-packages\sklearn\metrics\_scorer.py", line 316, in _score
    y_pred = method_caller(clf, "predict_proba", X)
  File "C:\Users\Siddiquee\AppData\Roaming\Python\Python310\site-packages\sklearn\metrics\_scorer.py", line 78, in _cached_call
    result = getattr(estimator, method)(*args, **kwargs)
  File "C:\Users\Siddiquee\AppData\Roaming\Python\Python310\site-packages\pycaret\internal\pipeline.py", line 121, in __getattr__
    return getattr(self._final_estimator, name)
  File "C:\Users\Siddiquee\AppData\Roaming\Python\Python310\site-packages\sklearn\utils\_available_if.py", line 32, in __get__
    if not self.check(obj):
  File "C:\Users\Siddiquee\AppData\Roaming\Python\Python310\site-packages\sklearn\linear_model\_stochastic_gradient.py", line 1235, in _check_proba
    raise AttributeError(
AttributeError: probability estimates are not available for loss='hinge'

  warnings.warn(

2023-03-28 10:31:03,941:WARNING:C:\Users\Siddiquee\AppData\Roaming\Python\Python310\site-packages\pycaret\internal\metrics.py:138: FitFailedWarning: Metric 'make_scorer(roc_auc_score, needs_proba=True, error_score=0.0, average=weighted, multi_class=ovr)' failed and error score 0.0 has been returned instead. If this is a custom metric, this usually means that the error is in the metric code. Full exception below:
Traceback (most recent call last):
  File "C:\Users\Siddiquee\AppData\Roaming\Python\Python310\site-packages\sklearn\metrics\_scorer.py", line 76, in _cached_call
    return cache[method]
KeyError: 'predict_proba'

During handling of the above exception, another exception occurred:

Traceback (most recent call last):
  File "C:\Users\Siddiquee\AppData\Roaming\Python\Python310\site-packages\pycaret\internal\metrics.py", line 130, in _score
    return super()._score(
  File "C:\Users\Siddiquee\AppData\Roaming\Python\Python310\site-packages\sklearn\metrics\_scorer.py", line 316, in _score
    y_pred = method_caller(clf, "predict_proba", X)
  File "C:\Users\Siddiquee\AppData\Roaming\Python\Python310\site-packages\sklearn\metrics\_scorer.py", line 78, in _cached_call
    result = getattr(estimator, method)(*args, **kwargs)
  File "C:\Users\Siddiquee\AppData\Roaming\Python\Python310\site-packages\pycaret\internal\pipeline.py", line 121, in __getattr__
    return getattr(self._final_estimator, name)
  File "C:\Users\Siddiquee\AppData\Roaming\Python\Python310\site-packages\sklearn\utils\_available_if.py", line 32, in __get__
    if not self.check(obj):
  File "C:\Users\Siddiquee\AppData\Roaming\Python\Python310\site-packages\sklearn\linear_model\_stochastic_gradient.py", line 1235, in _check_proba
    raise AttributeError(
AttributeError: probability estimates are not available for loss='hinge'

  warnings.warn(

2023-03-28 10:31:03,956:WARNING:C:\Users\Siddiquee\AppData\Roaming\Python\Python310\site-packages\sklearn\metrics\_classification.py:1344: UndefinedMetricWarning: Precision is ill-defined and being set to 0.0 due to no predicted samples. Use `zero_division` parameter to control this behavior.
  _warn_prf(average, modifier, msg_start, len(result))

2023-03-28 10:31:04,019:WARNING:C:\Users\Siddiquee\AppData\Roaming\Python\Python310\site-packages\sklearn\metrics\_classification.py:1344: UndefinedMetricWarning: Precision is ill-defined and being set to 0.0 due to no predicted samples. Use `zero_division` parameter to control this behavior.
  _warn_prf(average, modifier, msg_start, len(result))

2023-03-28 10:31:04,066:WARNING:C:\Users\Siddiquee\AppData\Roaming\Python\Python310\site-packages\pycaret\internal\metrics.py:138: FitFailedWarning: Metric 'make_scorer(roc_auc_score, needs_proba=True, error_score=0.0, average=weighted, multi_class=ovr)' failed and error score 0.0 has been returned instead. If this is a custom metric, this usually means that the error is in the metric code. Full exception below:
Traceback (most recent call last):
  File "C:\Users\Siddiquee\AppData\Roaming\Python\Python310\site-packages\sklearn\metrics\_scorer.py", line 76, in _cached_call
    return cache[method]
KeyError: 'predict_proba'

During handling of the above exception, another exception occurred:

Traceback (most recent call last):
  File "C:\Users\Siddiquee\AppData\Roaming\Python\Python310\site-packages\pycaret\internal\metrics.py", line 130, in _score
    return super()._score(
  File "C:\Users\Siddiquee\AppData\Roaming\Python\Python310\site-packages\sklearn\metrics\_scorer.py", line 316, in _score
    y_pred = method_caller(clf, "predict_proba", X)
  File "C:\Users\Siddiquee\AppData\Roaming\Python\Python310\site-packages\sklearn\metrics\_scorer.py", line 78, in _cached_call
    result = getattr(estimator, method)(*args, **kwargs)
  File "C:\Users\Siddiquee\AppData\Roaming\Python\Python310\site-packages\pycaret\internal\pipeline.py", line 121, in __getattr__
    return getattr(self._final_estimator, name)
  File "C:\Users\Siddiquee\AppData\Roaming\Python\Python310\site-packages\sklearn\utils\_available_if.py", line 32, in __get__
    if not self.check(obj):
  File "C:\Users\Siddiquee\AppData\Roaming\Python\Python310\site-packages\sklearn\linear_model\_stochastic_gradient.py", line 1235, in _check_proba
    raise AttributeError(
AttributeError: probability estimates are not available for loss='hinge'

  warnings.warn(

2023-03-28 10:31:04,223:WARNING:C:\Users\Siddiquee\AppData\Roaming\Python\Python310\site-packages\pycaret\internal\metrics.py:138: FitFailedWarning: Metric 'make_scorer(roc_auc_score, needs_proba=True, error_score=0.0, average=weighted, multi_class=ovr)' failed and error score 0.0 has been returned instead. If this is a custom metric, this usually means that the error is in the metric code. Full exception below:
Traceback (most recent call last):
  File "C:\Users\Siddiquee\AppData\Roaming\Python\Python310\site-packages\sklearn\metrics\_scorer.py", line 76, in _cached_call
    return cache[method]
KeyError: 'predict_proba'

During handling of the above exception, another exception occurred:

Traceback (most recent call last):
  File "C:\Users\Siddiquee\AppData\Roaming\Python\Python310\site-packages\pycaret\internal\metrics.py", line 130, in _score
    return super()._score(
  File "C:\Users\Siddiquee\AppData\Roaming\Python\Python310\site-packages\sklearn\metrics\_scorer.py", line 316, in _score
    y_pred = method_caller(clf, "predict_proba", X)
  File "C:\Users\Siddiquee\AppData\Roaming\Python\Python310\site-packages\sklearn\metrics\_scorer.py", line 78, in _cached_call
    result = getattr(estimator, method)(*args, **kwargs)
  File "C:\Users\Siddiquee\AppData\Roaming\Python\Python310\site-packages\pycaret\internal\pipeline.py", line 121, in __getattr__
    return getattr(self._final_estimator, name)
  File "C:\Users\Siddiquee\AppData\Roaming\Python\Python310\site-packages\sklearn\utils\_available_if.py", line 32, in __get__
    if not self.check(obj):
  File "C:\Users\Siddiquee\AppData\Roaming\Python\Python310\site-packages\sklearn\linear_model\_stochastic_gradient.py", line 1235, in _check_proba
    raise AttributeError(
AttributeError: probability estimates are not available for loss='hinge'

  warnings.warn(

2023-03-28 10:31:05,758:WARNING:C:\Users\Siddiquee\AppData\Roaming\Python\Python310\site-packages\pycaret\internal\metrics.py:138: FitFailedWarning: Metric 'make_scorer(roc_auc_score, needs_proba=True, error_score=0.0, average=weighted, multi_class=ovr)' failed and error score 0.0 has been returned instead. If this is a custom metric, this usually means that the error is in the metric code. Full exception below:
Traceback (most recent call last):
  File "C:\Users\Siddiquee\AppData\Roaming\Python\Python310\site-packages\sklearn\metrics\_scorer.py", line 76, in _cached_call
    return cache[method]
KeyError: 'predict_proba'

During handling of the above exception, another exception occurred:

Traceback (most recent call last):
  File "C:\Users\Siddiquee\AppData\Roaming\Python\Python310\site-packages\pycaret\internal\metrics.py", line 130, in _score
    return super()._score(
  File "C:\Users\Siddiquee\AppData\Roaming\Python\Python310\site-packages\sklearn\metrics\_scorer.py", line 316, in _score
    y_pred = method_caller(clf, "predict_proba", X)
  File "C:\Users\Siddiquee\AppData\Roaming\Python\Python310\site-packages\sklearn\metrics\_scorer.py", line 78, in _cached_call
    result = getattr(estimator, method)(*args, **kwargs)
  File "C:\Users\Siddiquee\AppData\Roaming\Python\Python310\site-packages\pycaret\internal\pipeline.py", line 121, in __getattr__
    return getattr(self._final_estimator, name)
  File "C:\Users\Siddiquee\AppData\Roaming\Python\Python310\site-packages\sklearn\utils\_available_if.py", line 32, in __get__
    if not self.check(obj):
  File "C:\Users\Siddiquee\AppData\Roaming\Python\Python310\site-packages\sklearn\linear_model\_stochastic_gradient.py", line 1235, in _check_proba
    raise AttributeError(
AttributeError: probability estimates are not available for loss='hinge'

  warnings.warn(

2023-03-28 10:31:05,784:WARNING:C:\Users\Siddiquee\AppData\Roaming\Python\Python310\site-packages\sklearn\metrics\_classification.py:1344: UndefinedMetricWarning: Precision is ill-defined and being set to 0.0 due to no predicted samples. Use `zero_division` parameter to control this behavior.
  _warn_prf(average, modifier, msg_start, len(result))

2023-03-28 10:31:05,800:WARNING:C:\Users\Siddiquee\AppData\Roaming\Python\Python310\site-packages\pycaret\internal\metrics.py:138: FitFailedWarning: Metric 'make_scorer(roc_auc_score, needs_proba=True, error_score=0.0, average=weighted, multi_class=ovr)' failed and error score 0.0 has been returned instead. If this is a custom metric, this usually means that the error is in the metric code. Full exception below:
Traceback (most recent call last):
  File "C:\Users\Siddiquee\AppData\Roaming\Python\Python310\site-packages\sklearn\metrics\_scorer.py", line 76, in _cached_call
    return cache[method]
KeyError: 'predict_proba'

During handling of the above exception, another exception occurred:

Traceback (most recent call last):
  File "C:\Users\Siddiquee\AppData\Roaming\Python\Python310\site-packages\pycaret\internal\metrics.py", line 130, in _score
    return super()._score(
  File "C:\Users\Siddiquee\AppData\Roaming\Python\Python310\site-packages\sklearn\metrics\_scorer.py", line 316, in _score
    y_pred = method_caller(clf, "predict_proba", X)
  File "C:\Users\Siddiquee\AppData\Roaming\Python\Python310\site-packages\sklearn\metrics\_scorer.py", line 78, in _cached_call
    result = getattr(estimator, method)(*args, **kwargs)
  File "C:\Users\Siddiquee\AppData\Roaming\Python\Python310\site-packages\pycaret\internal\pipeline.py", line 121, in __getattr__
    return getattr(self._final_estimator, name)
  File "C:\Users\Siddiquee\AppData\Roaming\Python\Python310\site-packages\sklearn\utils\_available_if.py", line 32, in __get__
    if not self.check(obj):
  File "C:\Users\Siddiquee\AppData\Roaming\Python\Python310\site-packages\sklearn\linear_model\_stochastic_gradient.py", line 1235, in _check_proba
    raise AttributeError(
AttributeError: probability estimates are not available for loss='hinge'

  warnings.warn(

2023-03-28 10:31:05,847:WARNING:C:\Users\Siddiquee\AppData\Roaming\Python\Python310\site-packages\sklearn\metrics\_classification.py:1344: UndefinedMetricWarning: Precision is ill-defined and being set to 0.0 due to no predicted samples. Use `zero_division` parameter to control this behavior.
  _warn_prf(average, modifier, msg_start, len(result))

2023-03-28 10:31:06,097:INFO:Calculating mean and std
2023-03-28 10:31:06,097:INFO:Creating metrics dataframe
2023-03-28 10:31:07,265:INFO:Uploading results into container
2023-03-28 10:31:07,281:INFO:Uploading model into container now
2023-03-28 10:31:07,296:INFO:_master_model_container: 5
2023-03-28 10:31:07,296:INFO:_display_container: 2
2023-03-28 10:31:07,326:INFO:SGDClassifier(alpha=0.0001, average=False, class_weight=None,
              early_stopping=False, epsilon=0.1, eta0=0.001, fit_intercept=True,
              l1_ratio=0.15, learning_rate='optimal', loss='hinge',
              max_iter=1000, n_iter_no_change=5, n_jobs=-1, penalty='l2',
              power_t=0.5, random_state=3934, shuffle=True, tol=0.001,
              validation_fraction=0.1, verbose=0, warm_start=False)
2023-03-28 10:31:07,331:INFO:create_model() successfully completed......................................
2023-03-28 10:31:08,347:INFO:SubProcess create_model() end ==================================
2023-03-28 10:31:08,363:INFO:Creating metrics dataframe
2023-03-28 10:31:08,599:INFO:Initializing Ridge Classifier
2023-03-28 10:31:08,599:INFO:Total runtime is 28.125894077618916 minutes
2023-03-28 10:31:08,615:INFO:SubProcess create_model() called ==================================
2023-03-28 10:31:08,615:INFO:Initializing create_model()
2023-03-28 10:31:08,615:INFO:create_model(self=<pycaret.classification.oop.ClassificationExperiment object at 0x000001E9B26E36A0>, estimator=ridge, fold=StratifiedKFold(n_splits=10, random_state=None, shuffle=False), round=4, cross_validation=True, predict=True, fit_kwargs={}, groups=None, refit=False, probability_threshold=None, experiment_custom_tags=None, verbose=False, system=False, add_to_model_list=True, metrics=None, display=<pycaret.internal.display.display.CommonDisplay object at 0x000001E9B3377DC0>, model_only=True, return_train_score=False, kwargs={})
2023-03-28 10:31:08,615:INFO:Checking exceptions
2023-03-28 10:31:08,630:INFO:Importing libraries
2023-03-28 10:31:08,630:INFO:Copying training dataset
2023-03-28 10:31:10,263:INFO:Defining folds
2023-03-28 10:31:10,263:INFO:Declaring metric variables
2023-03-28 10:31:10,263:INFO:Importing untrained model
2023-03-28 10:31:10,263:INFO:Ridge Classifier Imported successfully
2023-03-28 10:31:10,263:INFO:Starting cross validation
2023-03-28 10:31:10,263:INFO:Cross validating with StratifiedKFold(n_splits=10, random_state=None, shuffle=False), n_jobs=-1
2023-03-28 10:31:11,196:WARNING:C:\Users\Siddiquee\AppData\Roaming\Python\Python310\site-packages\pycaret\internal\metrics.py:138: FitFailedWarning: Metric 'make_scorer(roc_auc_score, needs_proba=True, error_score=0.0, average=weighted, multi_class=ovr)' failed and error score 0.0 has been returned instead. If this is a custom metric, this usually means that the error is in the metric code. Full exception below:
Traceback (most recent call last):
  File "C:\Users\Siddiquee\AppData\Roaming\Python\Python310\site-packages\sklearn\metrics\_scorer.py", line 76, in _cached_call
    return cache[method]
KeyError: 'predict_proba'

During handling of the above exception, another exception occurred:

Traceback (most recent call last):
  File "C:\Users\Siddiquee\AppData\Roaming\Python\Python310\site-packages\pycaret\internal\metrics.py", line 130, in _score
    return super()._score(
  File "C:\Users\Siddiquee\AppData\Roaming\Python\Python310\site-packages\sklearn\metrics\_scorer.py", line 316, in _score
    y_pred = method_caller(clf, "predict_proba", X)
  File "C:\Users\Siddiquee\AppData\Roaming\Python\Python310\site-packages\sklearn\metrics\_scorer.py", line 78, in _cached_call
    result = getattr(estimator, method)(*args, **kwargs)
  File "C:\Users\Siddiquee\AppData\Roaming\Python\Python310\site-packages\pycaret\internal\pipeline.py", line 121, in __getattr__
    return getattr(self._final_estimator, name)
AttributeError: 'RidgeClassifier' object has no attribute 'predict_proba'

  warnings.warn(

2023-03-28 10:31:11,212:WARNING:C:\Users\Siddiquee\AppData\Roaming\Python\Python310\site-packages\pycaret\internal\metrics.py:138: FitFailedWarning: Metric 'make_scorer(roc_auc_score, needs_proba=True, error_score=0.0, average=weighted, multi_class=ovr)' failed and error score 0.0 has been returned instead. If this is a custom metric, this usually means that the error is in the metric code. Full exception below:
Traceback (most recent call last):
  File "C:\Users\Siddiquee\AppData\Roaming\Python\Python310\site-packages\sklearn\metrics\_scorer.py", line 76, in _cached_call
    return cache[method]
KeyError: 'predict_proba'

During handling of the above exception, another exception occurred:

Traceback (most recent call last):
  File "C:\Users\Siddiquee\AppData\Roaming\Python\Python310\site-packages\pycaret\internal\metrics.py", line 130, in _score
    return super()._score(
  File "C:\Users\Siddiquee\AppData\Roaming\Python\Python310\site-packages\sklearn\metrics\_scorer.py", line 316, in _score
    y_pred = method_caller(clf, "predict_proba", X)
  File "C:\Users\Siddiquee\AppData\Roaming\Python\Python310\site-packages\sklearn\metrics\_scorer.py", line 78, in _cached_call
    result = getattr(estimator, method)(*args, **kwargs)
  File "C:\Users\Siddiquee\AppData\Roaming\Python\Python310\site-packages\pycaret\internal\pipeline.py", line 121, in __getattr__
    return getattr(self._final_estimator, name)
AttributeError: 'RidgeClassifier' object has no attribute 'predict_proba'

  warnings.warn(

2023-03-28 10:31:11,243:WARNING:C:\Users\Siddiquee\AppData\Roaming\Python\Python310\site-packages\pycaret\internal\metrics.py:138: FitFailedWarning: Metric 'make_scorer(roc_auc_score, needs_proba=True, error_score=0.0, average=weighted, multi_class=ovr)' failed and error score 0.0 has been returned instead. If this is a custom metric, this usually means that the error is in the metric code. Full exception below:
Traceback (most recent call last):
  File "C:\Users\Siddiquee\AppData\Roaming\Python\Python310\site-packages\sklearn\metrics\_scorer.py", line 76, in _cached_call
    return cache[method]
KeyError: 'predict_proba'

During handling of the above exception, another exception occurred:

Traceback (most recent call last):
  File "C:\Users\Siddiquee\AppData\Roaming\Python\Python310\site-packages\pycaret\internal\metrics.py", line 130, in _score
    return super()._score(
  File "C:\Users\Siddiquee\AppData\Roaming\Python\Python310\site-packages\sklearn\metrics\_scorer.py", line 316, in _score
    y_pred = method_caller(clf, "predict_proba", X)
  File "C:\Users\Siddiquee\AppData\Roaming\Python\Python310\site-packages\sklearn\metrics\_scorer.py", line 78, in _cached_call
    result = getattr(estimator, method)(*args, **kwargs)
  File "C:\Users\Siddiquee\AppData\Roaming\Python\Python310\site-packages\pycaret\internal\pipeline.py", line 121, in __getattr__
    return getattr(self._final_estimator, name)
AttributeError: 'RidgeClassifier' object has no attribute 'predict_proba'

  warnings.warn(

2023-03-28 10:31:11,274:WARNING:C:\Users\Siddiquee\AppData\Roaming\Python\Python310\site-packages\sklearn\metrics\_classification.py:1344: UndefinedMetricWarning: Precision is ill-defined and being set to 0.0 due to no predicted samples. Use `zero_division` parameter to control this behavior.
  _warn_prf(average, modifier, msg_start, len(result))

2023-03-28 10:31:11,290:WARNING:C:\Users\Siddiquee\AppData\Roaming\Python\Python310\site-packages\pycaret\internal\metrics.py:138: FitFailedWarning: Metric 'make_scorer(roc_auc_score, needs_proba=True, error_score=0.0, average=weighted, multi_class=ovr)' failed and error score 0.0 has been returned instead. If this is a custom metric, this usually means that the error is in the metric code. Full exception below:
Traceback (most recent call last):
  File "C:\Users\Siddiquee\AppData\Roaming\Python\Python310\site-packages\sklearn\metrics\_scorer.py", line 76, in _cached_call
    return cache[method]
KeyError: 'predict_proba'

During handling of the above exception, another exception occurred:

Traceback (most recent call last):
  File "C:\Users\Siddiquee\AppData\Roaming\Python\Python310\site-packages\pycaret\internal\metrics.py", line 130, in _score
    return super()._score(
  File "C:\Users\Siddiquee\AppData\Roaming\Python\Python310\site-packages\sklearn\metrics\_scorer.py", line 316, in _score
    y_pred = method_caller(clf, "predict_proba", X)
  File "C:\Users\Siddiquee\AppData\Roaming\Python\Python310\site-packages\sklearn\metrics\_scorer.py", line 78, in _cached_call
    result = getattr(estimator, method)(*args, **kwargs)
  File "C:\Users\Siddiquee\AppData\Roaming\Python\Python310\site-packages\pycaret\internal\pipeline.py", line 121, in __getattr__
    return getattr(self._final_estimator, name)
AttributeError: 'RidgeClassifier' object has no attribute 'predict_proba'

  warnings.warn(

2023-03-28 10:31:11,306:WARNING:C:\Users\Siddiquee\AppData\Roaming\Python\Python310\site-packages\sklearn\metrics\_classification.py:1344: UndefinedMetricWarning: Precision is ill-defined and being set to 0.0 due to no predicted samples. Use `zero_division` parameter to control this behavior.
  _warn_prf(average, modifier, msg_start, len(result))

2023-03-28 10:31:11,337:WARNING:C:\Users\Siddiquee\AppData\Roaming\Python\Python310\site-packages\pycaret\internal\metrics.py:138: FitFailedWarning: Metric 'make_scorer(roc_auc_score, needs_proba=True, error_score=0.0, average=weighted, multi_class=ovr)' failed and error score 0.0 has been returned instead. If this is a custom metric, this usually means that the error is in the metric code. Full exception below:
Traceback (most recent call last):
  File "C:\Users\Siddiquee\AppData\Roaming\Python\Python310\site-packages\sklearn\metrics\_scorer.py", line 76, in _cached_call
    return cache[method]
KeyError: 'predict_proba'

During handling of the above exception, another exception occurred:

Traceback (most recent call last):
  File "C:\Users\Siddiquee\AppData\Roaming\Python\Python310\site-packages\pycaret\internal\metrics.py", line 130, in _score
    return super()._score(
  File "C:\Users\Siddiquee\AppData\Roaming\Python\Python310\site-packages\sklearn\metrics\_scorer.py", line 316, in _score
    y_pred = method_caller(clf, "predict_proba", X)
  File "C:\Users\Siddiquee\AppData\Roaming\Python\Python310\site-packages\sklearn\metrics\_scorer.py", line 78, in _cached_call
    result = getattr(estimator, method)(*args, **kwargs)
  File "C:\Users\Siddiquee\AppData\Roaming\Python\Python310\site-packages\pycaret\internal\pipeline.py", line 121, in __getattr__
    return getattr(self._final_estimator, name)
AttributeError: 'RidgeClassifier' object has no attribute 'predict_proba'

  warnings.warn(

2023-03-28 10:31:11,352:WARNING:C:\Users\Siddiquee\AppData\Roaming\Python\Python310\site-packages\pycaret\internal\metrics.py:138: FitFailedWarning: Metric 'make_scorer(roc_auc_score, needs_proba=True, error_score=0.0, average=weighted, multi_class=ovr)' failed and error score 0.0 has been returned instead. If this is a custom metric, this usually means that the error is in the metric code. Full exception below:
Traceback (most recent call last):
  File "C:\Users\Siddiquee\AppData\Roaming\Python\Python310\site-packages\sklearn\metrics\_scorer.py", line 76, in _cached_call
    return cache[method]
KeyError: 'predict_proba'

During handling of the above exception, another exception occurred:

Traceback (most recent call last):
  File "C:\Users\Siddiquee\AppData\Roaming\Python\Python310\site-packages\pycaret\internal\metrics.py", line 130, in _score
    return super()._score(
  File "C:\Users\Siddiquee\AppData\Roaming\Python\Python310\site-packages\sklearn\metrics\_scorer.py", line 316, in _score
    y_pred = method_caller(clf, "predict_proba", X)
  File "C:\Users\Siddiquee\AppData\Roaming\Python\Python310\site-packages\sklearn\metrics\_scorer.py", line 78, in _cached_call
    result = getattr(estimator, method)(*args, **kwargs)
  File "C:\Users\Siddiquee\AppData\Roaming\Python\Python310\site-packages\pycaret\internal\pipeline.py", line 121, in __getattr__
    return getattr(self._final_estimator, name)
AttributeError: 'RidgeClassifier' object has no attribute 'predict_proba'

  warnings.warn(

2023-03-28 10:31:11,368:WARNING:C:\Users\Siddiquee\AppData\Roaming\Python\Python310\site-packages\sklearn\metrics\_classification.py:1344: UndefinedMetricWarning: Precision is ill-defined and being set to 0.0 due to no predicted samples. Use `zero_division` parameter to control this behavior.
  _warn_prf(average, modifier, msg_start, len(result))

2023-03-28 10:31:11,368:WARNING:C:\Users\Siddiquee\AppData\Roaming\Python\Python310\site-packages\pycaret\internal\metrics.py:138: FitFailedWarning: Metric 'make_scorer(roc_auc_score, needs_proba=True, error_score=0.0, average=weighted, multi_class=ovr)' failed and error score 0.0 has been returned instead. If this is a custom metric, this usually means that the error is in the metric code. Full exception below:
Traceback (most recent call last):
  File "C:\Users\Siddiquee\AppData\Roaming\Python\Python310\site-packages\sklearn\metrics\_scorer.py", line 76, in _cached_call
    return cache[method]
KeyError: 'predict_proba'

During handling of the above exception, another exception occurred:

Traceback (most recent call last):
  File "C:\Users\Siddiquee\AppData\Roaming\Python\Python310\site-packages\pycaret\internal\metrics.py", line 130, in _score
    return super()._score(
  File "C:\Users\Siddiquee\AppData\Roaming\Python\Python310\site-packages\sklearn\metrics\_scorer.py", line 316, in _score
    y_pred = method_caller(clf, "predict_proba", X)
  File "C:\Users\Siddiquee\AppData\Roaming\Python\Python310\site-packages\sklearn\metrics\_scorer.py", line 78, in _cached_call
    result = getattr(estimator, method)(*args, **kwargs)
  File "C:\Users\Siddiquee\AppData\Roaming\Python\Python310\site-packages\pycaret\internal\pipeline.py", line 121, in __getattr__
    return getattr(self._final_estimator, name)
AttributeError: 'RidgeClassifier' object has no attribute 'predict_proba'

  warnings.warn(

2023-03-28 10:31:11,446:WARNING:C:\Users\Siddiquee\AppData\Roaming\Python\Python310\site-packages\sklearn\metrics\_classification.py:1344: UndefinedMetricWarning: Precision is ill-defined and being set to 0.0 due to no predicted samples. Use `zero_division` parameter to control this behavior.
  _warn_prf(average, modifier, msg_start, len(result))

2023-03-28 10:31:11,446:WARNING:C:\Users\Siddiquee\AppData\Roaming\Python\Python310\site-packages\sklearn\metrics\_classification.py:1344: UndefinedMetricWarning: Precision is ill-defined and being set to 0.0 due to no predicted samples. Use `zero_division` parameter to control this behavior.
  _warn_prf(average, modifier, msg_start, len(result))

2023-03-28 10:31:11,477:WARNING:C:\Users\Siddiquee\AppData\Roaming\Python\Python310\site-packages\sklearn\metrics\_classification.py:1344: UndefinedMetricWarning: Precision is ill-defined and being set to 0.0 due to no predicted samples. Use `zero_division` parameter to control this behavior.
  _warn_prf(average, modifier, msg_start, len(result))

2023-03-28 10:31:11,493:WARNING:C:\Users\Siddiquee\AppData\Roaming\Python\Python310\site-packages\pycaret\internal\metrics.py:138: FitFailedWarning: Metric 'make_scorer(roc_auc_score, needs_proba=True, error_score=0.0, average=weighted, multi_class=ovr)' failed and error score 0.0 has been returned instead. If this is a custom metric, this usually means that the error is in the metric code. Full exception below:
Traceback (most recent call last):
  File "C:\Users\Siddiquee\AppData\Roaming\Python\Python310\site-packages\sklearn\metrics\_scorer.py", line 76, in _cached_call
    return cache[method]
KeyError: 'predict_proba'

During handling of the above exception, another exception occurred:

Traceback (most recent call last):
  File "C:\Users\Siddiquee\AppData\Roaming\Python\Python310\site-packages\pycaret\internal\metrics.py", line 130, in _score
    return super()._score(
  File "C:\Users\Siddiquee\AppData\Roaming\Python\Python310\site-packages\sklearn\metrics\_scorer.py", line 316, in _score
    y_pred = method_caller(clf, "predict_proba", X)
  File "C:\Users\Siddiquee\AppData\Roaming\Python\Python310\site-packages\sklearn\metrics\_scorer.py", line 78, in _cached_call
    result = getattr(estimator, method)(*args, **kwargs)
  File "C:\Users\Siddiquee\AppData\Roaming\Python\Python310\site-packages\pycaret\internal\pipeline.py", line 121, in __getattr__
    return getattr(self._final_estimator, name)
AttributeError: 'RidgeClassifier' object has no attribute 'predict_proba'

  warnings.warn(

2023-03-28 10:31:11,699:WARNING:C:\Users\Siddiquee\AppData\Roaming\Python\Python310\site-packages\sklearn\metrics\_classification.py:1344: UndefinedMetricWarning: Precision is ill-defined and being set to 0.0 due to no predicted samples. Use `zero_division` parameter to control this behavior.
  _warn_prf(average, modifier, msg_start, len(result))

2023-03-28 10:31:12,643:WARNING:C:\Users\Siddiquee\AppData\Roaming\Python\Python310\site-packages\pycaret\internal\metrics.py:138: FitFailedWarning: Metric 'make_scorer(roc_auc_score, needs_proba=True, error_score=0.0, average=weighted, multi_class=ovr)' failed and error score 0.0 has been returned instead. If this is a custom metric, this usually means that the error is in the metric code. Full exception below:
Traceback (most recent call last):
  File "C:\Users\Siddiquee\AppData\Roaming\Python\Python310\site-packages\sklearn\metrics\_scorer.py", line 76, in _cached_call
    return cache[method]
KeyError: 'predict_proba'

During handling of the above exception, another exception occurred:

Traceback (most recent call last):
  File "C:\Users\Siddiquee\AppData\Roaming\Python\Python310\site-packages\pycaret\internal\metrics.py", line 130, in _score
    return super()._score(
  File "C:\Users\Siddiquee\AppData\Roaming\Python\Python310\site-packages\sklearn\metrics\_scorer.py", line 316, in _score
    y_pred = method_caller(clf, "predict_proba", X)
  File "C:\Users\Siddiquee\AppData\Roaming\Python\Python310\site-packages\sklearn\metrics\_scorer.py", line 78, in _cached_call
    result = getattr(estimator, method)(*args, **kwargs)
  File "C:\Users\Siddiquee\AppData\Roaming\Python\Python310\site-packages\pycaret\internal\pipeline.py", line 121, in __getattr__
    return getattr(self._final_estimator, name)
AttributeError: 'RidgeClassifier' object has no attribute 'predict_proba'

  warnings.warn(

2023-03-28 10:31:12,659:WARNING:C:\Users\Siddiquee\AppData\Roaming\Python\Python310\site-packages\pycaret\internal\metrics.py:138: FitFailedWarning: Metric 'make_scorer(roc_auc_score, needs_proba=True, error_score=0.0, average=weighted, multi_class=ovr)' failed and error score 0.0 has been returned instead. If this is a custom metric, this usually means that the error is in the metric code. Full exception below:
Traceback (most recent call last):
  File "C:\Users\Siddiquee\AppData\Roaming\Python\Python310\site-packages\sklearn\metrics\_scorer.py", line 76, in _cached_call
    return cache[method]
KeyError: 'predict_proba'

During handling of the above exception, another exception occurred:

Traceback (most recent call last):
  File "C:\Users\Siddiquee\AppData\Roaming\Python\Python310\site-packages\pycaret\internal\metrics.py", line 130, in _score
    return super()._score(
  File "C:\Users\Siddiquee\AppData\Roaming\Python\Python310\site-packages\sklearn\metrics\_scorer.py", line 316, in _score
    y_pred = method_caller(clf, "predict_proba", X)
  File "C:\Users\Siddiquee\AppData\Roaming\Python\Python310\site-packages\sklearn\metrics\_scorer.py", line 78, in _cached_call
    result = getattr(estimator, method)(*args, **kwargs)
  File "C:\Users\Siddiquee\AppData\Roaming\Python\Python310\site-packages\pycaret\internal\pipeline.py", line 121, in __getattr__
    return getattr(self._final_estimator, name)
AttributeError: 'RidgeClassifier' object has no attribute 'predict_proba'

  warnings.warn(

2023-03-28 10:31:12,705:WARNING:C:\Users\Siddiquee\AppData\Roaming\Python\Python310\site-packages\sklearn\metrics\_classification.py:1344: UndefinedMetricWarning: Precision is ill-defined and being set to 0.0 due to no predicted samples. Use `zero_division` parameter to control this behavior.
  _warn_prf(average, modifier, msg_start, len(result))

2023-03-28 10:31:12,737:WARNING:C:\Users\Siddiquee\AppData\Roaming\Python\Python310\site-packages\sklearn\metrics\_classification.py:1344: UndefinedMetricWarning: Precision is ill-defined and being set to 0.0 due to no predicted samples. Use `zero_division` parameter to control this behavior.
  _warn_prf(average, modifier, msg_start, len(result))

2023-03-28 10:31:13,112:INFO:Calculating mean and std
2023-03-28 10:31:13,112:INFO:Creating metrics dataframe
2023-03-28 10:31:13,233:INFO:Uploading results into container
2023-03-28 10:31:13,233:INFO:Uploading model into container now
2023-03-28 10:31:13,233:INFO:_master_model_container: 6
2023-03-28 10:31:13,233:INFO:_display_container: 2
2023-03-28 10:31:13,233:INFO:RidgeClassifier(alpha=1.0, class_weight=None, copy_X=True, fit_intercept=True,
                max_iter=None, positive=False, random_state=3934, solver='auto',
                tol=0.0001)
2023-03-28 10:31:13,233:INFO:create_model() successfully completed......................................
2023-03-28 10:31:13,344:INFO:SubProcess create_model() end ==================================
2023-03-28 10:31:13,344:INFO:Creating metrics dataframe
2023-03-28 10:31:13,355:INFO:Initializing Random Forest Classifier
2023-03-28 10:31:13,355:INFO:Total runtime is 28.205152813593546 minutes
2023-03-28 10:31:13,355:INFO:SubProcess create_model() called ==================================
2023-03-28 10:31:13,355:INFO:Initializing create_model()
2023-03-28 10:31:13,355:INFO:create_model(self=<pycaret.classification.oop.ClassificationExperiment object at 0x000001E9B26E36A0>, estimator=rf, fold=StratifiedKFold(n_splits=10, random_state=None, shuffle=False), round=4, cross_validation=True, predict=True, fit_kwargs={}, groups=None, refit=False, probability_threshold=None, experiment_custom_tags=None, verbose=False, system=False, add_to_model_list=True, metrics=None, display=<pycaret.internal.display.display.CommonDisplay object at 0x000001E9B3377DC0>, model_only=True, return_train_score=False, kwargs={})
2023-03-28 10:31:13,355:INFO:Checking exceptions
2023-03-28 10:31:13,355:INFO:Importing libraries
2023-03-28 10:31:13,355:INFO:Copying training dataset
2023-03-28 10:31:14,529:INFO:Defining folds
2023-03-28 10:31:14,529:INFO:Declaring metric variables
2023-03-28 10:31:14,529:INFO:Importing untrained model
2023-03-28 10:31:14,529:INFO:Random Forest Classifier Imported successfully
2023-03-28 10:31:14,529:INFO:Starting cross validation
2023-03-28 10:31:14,529:INFO:Cross validating with StratifiedKFold(n_splits=10, random_state=None, shuffle=False), n_jobs=-1
2023-03-28 10:31:44,298:WARNING:C:\Users\Siddiquee\AppData\Roaming\Python\Python310\site-packages\pycaret\internal\pipeline.py:260: UserWarning: Persisting input arguments took 0.97s to run.
If this happens often in your code, it can cause performance problems 
(results will be correct in all cases). 
The reason for this is probably some large input arguments for a wrapped
 function (e.g. large strings).
THIS IS A JOBLIB ISSUE. If you can, kindly provide the joblib's team with an
 example so that they can fix the problem.
  fitted_estimator = self._memory_fit(

2023-03-28 10:31:45,819:WARNING:C:\Users\Siddiquee\AppData\Roaming\Python\Python310\site-packages\pycaret\internal\pipeline.py:260: UserWarning: Persisting input arguments took 1.15s to run.
If this happens often in your code, it can cause performance problems 
(results will be correct in all cases). 
The reason for this is probably some large input arguments for a wrapped
 function (e.g. large strings).
THIS IS A JOBLIB ISSUE. If you can, kindly provide the joblib's team with an
 example so that they can fix the problem.
  fitted_estimator = self._memory_fit(

2023-03-28 10:31:46,039:WARNING:C:\Users\Siddiquee\AppData\Roaming\Python\Python310\site-packages\pycaret\internal\pipeline.py:260: UserWarning: Persisting input arguments took 0.93s to run.
If this happens often in your code, it can cause performance problems 
(results will be correct in all cases). 
The reason for this is probably some large input arguments for a wrapped
 function (e.g. large strings).
THIS IS A JOBLIB ISSUE. If you can, kindly provide the joblib's team with an
 example so that they can fix the problem.
  fitted_estimator = self._memory_fit(

2023-03-28 10:31:46,962:WARNING:C:\Users\Siddiquee\AppData\Roaming\Python\Python310\site-packages\pycaret\internal\pipeline.py:260: UserWarning: Persisting input arguments took 0.50s to run.
If this happens often in your code, it can cause performance problems 
(results will be correct in all cases). 
The reason for this is probably some large input arguments for a wrapped
 function (e.g. large strings).
THIS IS A JOBLIB ISSUE. If you can, kindly provide the joblib's team with an
 example so that they can fix the problem.
  fitted_estimator = self._memory_fit(

2023-03-28 10:31:47,009:WARNING:C:\Users\Siddiquee\AppData\Roaming\Python\Python310\site-packages\pycaret\internal\pipeline.py:260: UserWarning: Persisting input arguments took 0.53s to run.
If this happens often in your code, it can cause performance problems 
(results will be correct in all cases). 
The reason for this is probably some large input arguments for a wrapped
 function (e.g. large strings).
THIS IS A JOBLIB ISSUE. If you can, kindly provide the joblib's team with an
 example so that they can fix the problem.
  fitted_estimator = self._memory_fit(

2023-03-28 10:31:48,403:WARNING:C:\Users\Siddiquee\AppData\Roaming\Python\Python310\site-packages\pycaret\internal\pipeline.py:319: UserWarning: Persisting input arguments took 0.56s to run.
If this happens often in your code, it can cause performance problems 
(results will be correct in all cases). 
The reason for this is probably some large input arguments for a wrapped
 function (e.g. large strings).
THIS IS A JOBLIB ISSUE. If you can, kindly provide the joblib's team with an
 example so that they can fix the problem.
  X, _ = self._memory_full_transform(self, X, None, with_final=False)

2023-03-28 10:31:49,959:WARNING:C:\Users\Siddiquee\AppData\Roaming\Python\Python310\site-packages\pycaret\internal\pipeline.py:319: UserWarning: Persisting input arguments took 1.43s to run.
If this happens often in your code, it can cause performance problems 
(results will be correct in all cases). 
The reason for this is probably some large input arguments for a wrapped
 function (e.g. large strings).
THIS IS A JOBLIB ISSUE. If you can, kindly provide the joblib's team with an
 example so that they can fix the problem.
  X, _ = self._memory_full_transform(self, X, None, with_final=False)

2023-03-28 10:32:21,509:INFO:Calculating mean and std
2023-03-28 10:32:21,510:INFO:Creating metrics dataframe
2023-03-28 10:32:21,605:INFO:Uploading results into container
2023-03-28 10:32:21,605:INFO:Uploading model into container now
2023-03-28 10:32:21,605:INFO:_master_model_container: 7
2023-03-28 10:32:21,605:INFO:_display_container: 2
2023-03-28 10:32:21,605:INFO:RandomForestClassifier(bootstrap=True, ccp_alpha=0.0, class_weight=None,
                       criterion='gini', max_depth=None, max_features='sqrt',
                       max_leaf_nodes=None, max_samples=None,
                       min_impurity_decrease=0.0, min_samples_leaf=1,
                       min_samples_split=2, min_weight_fraction_leaf=0.0,
                       n_estimators=100, n_jobs=-1, oob_score=False,
                       random_state=3934, verbose=0, warm_start=False)
2023-03-28 10:32:21,605:INFO:create_model() successfully completed......................................
2023-03-28 10:32:21,667:INFO:SubProcess create_model() end ==================================
2023-03-28 10:32:21,667:INFO:Creating metrics dataframe
2023-03-28 10:32:21,683:INFO:Initializing Quadratic Discriminant Analysis
2023-03-28 10:32:21,683:INFO:Total runtime is 29.343961902459462 minutes
2023-03-28 10:32:21,683:INFO:SubProcess create_model() called ==================================
2023-03-28 10:32:21,683:INFO:Initializing create_model()
2023-03-28 10:32:21,683:INFO:create_model(self=<pycaret.classification.oop.ClassificationExperiment object at 0x000001E9B26E36A0>, estimator=qda, fold=StratifiedKFold(n_splits=10, random_state=None, shuffle=False), round=4, cross_validation=True, predict=True, fit_kwargs={}, groups=None, refit=False, probability_threshold=None, experiment_custom_tags=None, verbose=False, system=False, add_to_model_list=True, metrics=None, display=<pycaret.internal.display.display.CommonDisplay object at 0x000001E9B3377DC0>, model_only=True, return_train_score=False, kwargs={})
2023-03-28 10:32:21,683:INFO:Checking exceptions
2023-03-28 10:32:21,683:INFO:Importing libraries
2023-03-28 10:32:21,683:INFO:Copying training dataset
2023-03-28 10:32:22,494:INFO:Defining folds
2023-03-28 10:32:22,494:INFO:Declaring metric variables
2023-03-28 10:32:22,494:INFO:Importing untrained model
2023-03-28 10:32:22,494:INFO:Quadratic Discriminant Analysis Imported successfully
2023-03-28 10:32:22,494:INFO:Starting cross validation
2023-03-28 10:32:22,494:INFO:Cross validating with StratifiedKFold(n_splits=10, random_state=None, shuffle=False), n_jobs=-1
2023-03-28 10:32:23,530:WARNING:C:\Users\Siddiquee\AppData\Roaming\Python\Python310\site-packages\sklearn\discriminant_analysis.py:926: UserWarning: Variables are collinear
  warnings.warn("Variables are collinear")

2023-03-28 10:32:23,530:WARNING:C:\Users\Siddiquee\AppData\Roaming\Python\Python310\site-packages\sklearn\discriminant_analysis.py:926: UserWarning: Variables are collinear
  warnings.warn("Variables are collinear")

2023-03-28 10:32:23,545:WARNING:C:\Users\Siddiquee\AppData\Roaming\Python\Python310\site-packages\sklearn\discriminant_analysis.py:926: UserWarning: Variables are collinear
  warnings.warn("Variables are collinear")

2023-03-28 10:32:23,561:WARNING:C:\Users\Siddiquee\AppData\Roaming\Python\Python310\site-packages\sklearn\discriminant_analysis.py:926: UserWarning: Variables are collinear
  warnings.warn("Variables are collinear")

2023-03-28 10:32:23,561:WARNING:C:\Users\Siddiquee\AppData\Roaming\Python\Python310\site-packages\sklearn\discriminant_analysis.py:926: UserWarning: Variables are collinear
  warnings.warn("Variables are collinear")

2023-03-28 10:32:23,577:WARNING:C:\Users\Siddiquee\AppData\Roaming\Python\Python310\site-packages\sklearn\discriminant_analysis.py:926: UserWarning: Variables are collinear
  warnings.warn("Variables are collinear")

2023-03-28 10:32:23,593:WARNING:C:\Users\Siddiquee\AppData\Roaming\Python\Python310\site-packages\sklearn\discriminant_analysis.py:926: UserWarning: Variables are collinear
  warnings.warn("Variables are collinear")

2023-03-28 10:32:23,608:WARNING:C:\Users\Siddiquee\AppData\Roaming\Python\Python310\site-packages\sklearn\discriminant_analysis.py:926: UserWarning: Variables are collinear
  warnings.warn("Variables are collinear")

2023-03-28 10:32:24,235:WARNING:C:\Users\Siddiquee\AppData\Roaming\Python\Python310\site-packages\sklearn\metrics\_classification.py:1344: UndefinedMetricWarning: Precision is ill-defined and being set to 0.0 due to no predicted samples. Use `zero_division` parameter to control this behavior.
  _warn_prf(average, modifier, msg_start, len(result))

2023-03-28 10:32:24,235:WARNING:C:\Users\Siddiquee\AppData\Roaming\Python\Python310\site-packages\sklearn\metrics\_classification.py:1344: UndefinedMetricWarning: Precision is ill-defined and being set to 0.0 due to no predicted samples. Use `zero_division` parameter to control this behavior.
  _warn_prf(average, modifier, msg_start, len(result))

2023-03-28 10:32:24,360:WARNING:C:\Users\Siddiquee\AppData\Roaming\Python\Python310\site-packages\sklearn\metrics\_classification.py:1344: UndefinedMetricWarning: Precision is ill-defined and being set to 0.0 due to no predicted samples. Use `zero_division` parameter to control this behavior.
  _warn_prf(average, modifier, msg_start, len(result))

2023-03-28 10:32:24,391:WARNING:C:\Users\Siddiquee\AppData\Roaming\Python\Python310\site-packages\sklearn\metrics\_classification.py:1344: UndefinedMetricWarning: Precision is ill-defined and being set to 0.0 due to no predicted samples. Use `zero_division` parameter to control this behavior.
  _warn_prf(average, modifier, msg_start, len(result))

2023-03-28 10:32:24,454:WARNING:C:\Users\Siddiquee\AppData\Roaming\Python\Python310\site-packages\sklearn\metrics\_classification.py:1344: UndefinedMetricWarning: Precision is ill-defined and being set to 0.0 due to no predicted samples. Use `zero_division` parameter to control this behavior.
  _warn_prf(average, modifier, msg_start, len(result))

2023-03-28 10:32:25,205:WARNING:C:\Users\Siddiquee\AppData\Roaming\Python\Python310\site-packages\sklearn\discriminant_analysis.py:926: UserWarning: Variables are collinear
  warnings.warn("Variables are collinear")

2023-03-28 10:32:27,022:INFO:Calculating mean and std
2023-03-28 10:32:27,022:INFO:Creating metrics dataframe
2023-03-28 10:32:27,117:INFO:Uploading results into container
2023-03-28 10:32:27,117:INFO:Uploading model into container now
2023-03-28 10:32:27,117:INFO:_master_model_container: 8
2023-03-28 10:32:27,117:INFO:_display_container: 2
2023-03-28 10:32:27,117:INFO:QuadraticDiscriminantAnalysis(priors=None, reg_param=0.0,
                              store_covariance=False, tol=0.0001)
2023-03-28 10:32:27,117:INFO:create_model() successfully completed......................................
2023-03-28 10:32:27,180:INFO:SubProcess create_model() end ==================================
2023-03-28 10:32:27,180:INFO:Creating metrics dataframe
2023-03-28 10:32:27,196:INFO:Initializing Ada Boost Classifier
2023-03-28 10:32:27,196:INFO:Total runtime is 29.43583671649297 minutes
2023-03-28 10:32:27,196:INFO:SubProcess create_model() called ==================================
2023-03-28 10:32:27,196:INFO:Initializing create_model()
2023-03-28 10:32:27,196:INFO:create_model(self=<pycaret.classification.oop.ClassificationExperiment object at 0x000001E9B26E36A0>, estimator=ada, fold=StratifiedKFold(n_splits=10, random_state=None, shuffle=False), round=4, cross_validation=True, predict=True, fit_kwargs={}, groups=None, refit=False, probability_threshold=None, experiment_custom_tags=None, verbose=False, system=False, add_to_model_list=True, metrics=None, display=<pycaret.internal.display.display.CommonDisplay object at 0x000001E9B3377DC0>, model_only=True, return_train_score=False, kwargs={})
2023-03-28 10:32:27,196:INFO:Checking exceptions
2023-03-28 10:32:27,196:INFO:Importing libraries
2023-03-28 10:32:27,196:INFO:Copying training dataset
2023-03-28 10:32:28,009:INFO:Defining folds
2023-03-28 10:32:28,009:INFO:Declaring metric variables
2023-03-28 10:32:28,009:INFO:Importing untrained model
2023-03-28 10:32:28,009:INFO:Ada Boost Classifier Imported successfully
2023-03-28 10:32:28,009:INFO:Starting cross validation
2023-03-28 10:32:28,009:INFO:Cross validating with StratifiedKFold(n_splits=10, random_state=None, shuffle=False), n_jobs=-1
2023-03-28 10:32:49,644:WARNING:C:\Users\Siddiquee\AppData\Roaming\Python\Python310\site-packages\sklearn\metrics\_classification.py:1344: UndefinedMetricWarning: Precision is ill-defined and being set to 0.0 due to no predicted samples. Use `zero_division` parameter to control this behavior.
  _warn_prf(average, modifier, msg_start, len(result))

2023-03-28 10:32:49,660:WARNING:C:\Users\Siddiquee\AppData\Roaming\Python\Python310\site-packages\sklearn\metrics\_classification.py:1344: UndefinedMetricWarning: Precision is ill-defined and being set to 0.0 due to no predicted samples. Use `zero_division` parameter to control this behavior.
  _warn_prf(average, modifier, msg_start, len(result))

2023-03-28 10:32:49,739:WARNING:C:\Users\Siddiquee\AppData\Roaming\Python\Python310\site-packages\sklearn\metrics\_classification.py:1344: UndefinedMetricWarning: Precision is ill-defined and being set to 0.0 due to no predicted samples. Use `zero_division` parameter to control this behavior.
  _warn_prf(average, modifier, msg_start, len(result))

2023-03-28 10:32:49,770:WARNING:C:\Users\Siddiquee\AppData\Roaming\Python\Python310\site-packages\sklearn\metrics\_classification.py:1344: UndefinedMetricWarning: Precision is ill-defined and being set to 0.0 due to no predicted samples. Use `zero_division` parameter to control this behavior.
  _warn_prf(average, modifier, msg_start, len(result))

2023-03-28 10:32:50,025:WARNING:C:\Users\Siddiquee\AppData\Roaming\Python\Python310\site-packages\sklearn\metrics\_classification.py:1344: UndefinedMetricWarning: Precision is ill-defined and being set to 0.0 due to no predicted samples. Use `zero_division` parameter to control this behavior.
  _warn_prf(average, modifier, msg_start, len(result))

2023-03-28 10:32:50,128:WARNING:C:\Users\Siddiquee\AppData\Roaming\Python\Python310\site-packages\sklearn\metrics\_classification.py:1344: UndefinedMetricWarning: Precision is ill-defined and being set to 0.0 due to no predicted samples. Use `zero_division` parameter to control this behavior.
  _warn_prf(average, modifier, msg_start, len(result))

2023-03-28 10:32:50,345:WARNING:C:\Users\Siddiquee\AppData\Roaming\Python\Python310\site-packages\sklearn\metrics\_classification.py:1344: UndefinedMetricWarning: Precision is ill-defined and being set to 0.0 due to no predicted samples. Use `zero_division` parameter to control this behavior.
  _warn_prf(average, modifier, msg_start, len(result))

2023-03-28 10:33:00,981:WARNING:C:\Users\Siddiquee\AppData\Roaming\Python\Python310\site-packages\sklearn\metrics\_classification.py:1344: UndefinedMetricWarning: Precision is ill-defined and being set to 0.0 due to no predicted samples. Use `zero_division` parameter to control this behavior.
  _warn_prf(average, modifier, msg_start, len(result))

2023-03-28 10:33:01,184:WARNING:C:\Users\Siddiquee\AppData\Roaming\Python\Python310\site-packages\sklearn\metrics\_classification.py:1344: UndefinedMetricWarning: Precision is ill-defined and being set to 0.0 due to no predicted samples. Use `zero_division` parameter to control this behavior.
  _warn_prf(average, modifier, msg_start, len(result))

2023-03-28 10:33:01,395:INFO:Calculating mean and std
2023-03-28 10:33:01,395:INFO:Creating metrics dataframe
2023-03-28 10:33:01,469:INFO:Uploading results into container
2023-03-28 10:33:01,469:INFO:Uploading model into container now
2023-03-28 10:33:01,469:INFO:_master_model_container: 9
2023-03-28 10:33:01,469:INFO:_display_container: 2
2023-03-28 10:33:01,469:INFO:AdaBoostClassifier(algorithm='SAMME.R', base_estimator='deprecated',
                   estimator=None, learning_rate=1.0, n_estimators=50,
                   random_state=3934)
2023-03-28 10:33:01,469:INFO:create_model() successfully completed......................................
2023-03-28 10:33:01,531:INFO:SubProcess create_model() end ==================================
2023-03-28 10:33:01,531:INFO:Creating metrics dataframe
2023-03-28 10:33:01,547:INFO:Initializing Gradient Boosting Classifier
2023-03-28 10:33:01,547:INFO:Total runtime is 30.008357469240824 minutes
2023-03-28 10:33:01,547:INFO:SubProcess create_model() called ==================================
2023-03-28 10:33:01,547:INFO:Initializing create_model()
2023-03-28 10:33:01,547:INFO:create_model(self=<pycaret.classification.oop.ClassificationExperiment object at 0x000001E9B26E36A0>, estimator=gbc, fold=StratifiedKFold(n_splits=10, random_state=None, shuffle=False), round=4, cross_validation=True, predict=True, fit_kwargs={}, groups=None, refit=False, probability_threshold=None, experiment_custom_tags=None, verbose=False, system=False, add_to_model_list=True, metrics=None, display=<pycaret.internal.display.display.CommonDisplay object at 0x000001E9B3377DC0>, model_only=True, return_train_score=False, kwargs={})
2023-03-28 10:33:01,547:INFO:Checking exceptions
2023-03-28 10:33:01,547:INFO:Importing libraries
2023-03-28 10:33:01,547:INFO:Copying training dataset
2023-03-28 10:33:02,463:INFO:Defining folds
2023-03-28 10:33:02,464:INFO:Declaring metric variables
2023-03-28 10:33:02,464:INFO:Importing untrained model
2023-03-28 10:33:02,465:INFO:Gradient Boosting Classifier Imported successfully
2023-03-28 10:33:02,465:INFO:Starting cross validation
2023-03-28 10:33:02,466:INFO:Cross validating with StratifiedKFold(n_splits=10, random_state=None, shuffle=False), n_jobs=-1
2023-03-28 10:34:10,665:WARNING:C:\Users\Siddiquee\AppData\Roaming\Python\Python310\site-packages\sklearn\metrics\_classification.py:1344: UndefinedMetricWarning: Precision is ill-defined and being set to 0.0 due to no predicted samples. Use `zero_division` parameter to control this behavior.
  _warn_prf(average, modifier, msg_start, len(result))

2023-03-28 10:34:10,679:WARNING:C:\Users\Siddiquee\AppData\Roaming\Python\Python310\site-packages\sklearn\metrics\_classification.py:1344: UndefinedMetricWarning: Precision is ill-defined and being set to 0.0 due to no predicted samples. Use `zero_division` parameter to control this behavior.
  _warn_prf(average, modifier, msg_start, len(result))

2023-03-28 10:34:12,193:WARNING:C:\Users\Siddiquee\AppData\Roaming\Python\Python310\site-packages\sklearn\metrics\_classification.py:1344: UndefinedMetricWarning: Precision is ill-defined and being set to 0.0 due to no predicted samples. Use `zero_division` parameter to control this behavior.
  _warn_prf(average, modifier, msg_start, len(result))

2023-03-28 10:34:12,262:WARNING:C:\Users\Siddiquee\AppData\Roaming\Python\Python310\site-packages\sklearn\metrics\_classification.py:1344: UndefinedMetricWarning: Precision is ill-defined and being set to 0.0 due to no predicted samples. Use `zero_division` parameter to control this behavior.
  _warn_prf(average, modifier, msg_start, len(result))

2023-03-28 10:34:13,366:WARNING:C:\Users\Siddiquee\AppData\Roaming\Python\Python310\site-packages\sklearn\metrics\_classification.py:1344: UndefinedMetricWarning: Precision is ill-defined and being set to 0.0 due to no predicted samples. Use `zero_division` parameter to control this behavior.
  _warn_prf(average, modifier, msg_start, len(result))

2023-03-28 10:34:14,885:WARNING:C:\Users\Siddiquee\AppData\Roaming\Python\Python310\site-packages\sklearn\metrics\_classification.py:1344: UndefinedMetricWarning: Precision is ill-defined and being set to 0.0 due to no predicted samples. Use `zero_division` parameter to control this behavior.
  _warn_prf(average, modifier, msg_start, len(result))

2023-03-28 10:34:52,883:WARNING:C:\Users\Siddiquee\AppData\Roaming\Python\Python310\site-packages\sklearn\metrics\_classification.py:1344: UndefinedMetricWarning: Precision is ill-defined and being set to 0.0 due to no predicted samples. Use `zero_division` parameter to control this behavior.
  _warn_prf(average, modifier, msg_start, len(result))

2023-03-28 10:34:52,973:WARNING:C:\Users\Siddiquee\AppData\Roaming\Python\Python310\site-packages\sklearn\metrics\_classification.py:1344: UndefinedMetricWarning: Precision is ill-defined and being set to 0.0 due to no predicted samples. Use `zero_division` parameter to control this behavior.
  _warn_prf(average, modifier, msg_start, len(result))

2023-03-28 10:34:53,287:INFO:Calculating mean and std
2023-03-28 10:34:53,287:INFO:Creating metrics dataframe
2023-03-28 10:34:53,467:INFO:Uploading results into container
2023-03-28 10:34:53,468:INFO:Uploading model into container now
2023-03-28 10:34:53,469:INFO:_master_model_container: 10
2023-03-28 10:34:53,469:INFO:_display_container: 2
2023-03-28 10:34:53,470:INFO:GradientBoostingClassifier(ccp_alpha=0.0, criterion='friedman_mse', init=None,
                           learning_rate=0.1, loss='log_loss', max_depth=3,
                           max_features=None, max_leaf_nodes=None,
                           min_impurity_decrease=0.0, min_samples_leaf=1,
                           min_samples_split=2, min_weight_fraction_leaf=0.0,
                           n_estimators=100, n_iter_no_change=None,
                           random_state=3934, subsample=1.0, tol=0.0001,
                           validation_fraction=0.1, verbose=0,
                           warm_start=False)
2023-03-28 10:34:53,470:INFO:create_model() successfully completed......................................
2023-03-28 10:34:53,568:INFO:SubProcess create_model() end ==================================
2023-03-28 10:34:53,568:INFO:Creating metrics dataframe
2023-03-28 10:34:53,568:INFO:Initializing Linear Discriminant Analysis
2023-03-28 10:34:53,568:INFO:Total runtime is 31.87537658214569 minutes
2023-03-28 10:34:53,568:INFO:SubProcess create_model() called ==================================
2023-03-28 10:34:53,568:INFO:Initializing create_model()
2023-03-28 10:34:53,568:INFO:create_model(self=<pycaret.classification.oop.ClassificationExperiment object at 0x000001E9B26E36A0>, estimator=lda, fold=StratifiedKFold(n_splits=10, random_state=None, shuffle=False), round=4, cross_validation=True, predict=True, fit_kwargs={}, groups=None, refit=False, probability_threshold=None, experiment_custom_tags=None, verbose=False, system=False, add_to_model_list=True, metrics=None, display=<pycaret.internal.display.display.CommonDisplay object at 0x000001E9B3377DC0>, model_only=True, return_train_score=False, kwargs={})
2023-03-28 10:34:53,568:INFO:Checking exceptions
2023-03-28 10:34:53,568:INFO:Importing libraries
2023-03-28 10:34:53,568:INFO:Copying training dataset
2023-03-28 10:34:54,604:INFO:Defining folds
2023-03-28 10:34:54,604:INFO:Declaring metric variables
2023-03-28 10:34:54,604:INFO:Importing untrained model
2023-03-28 10:34:54,605:INFO:Linear Discriminant Analysis Imported successfully
2023-03-28 10:34:54,605:INFO:Starting cross validation
2023-03-28 10:34:54,606:INFO:Cross validating with StratifiedKFold(n_splits=10, random_state=None, shuffle=False), n_jobs=-1
2023-03-28 10:34:58,296:WARNING:C:\Users\Siddiquee\AppData\Roaming\Python\Python310\site-packages\sklearn\metrics\_classification.py:1344: UndefinedMetricWarning: Precision is ill-defined and being set to 0.0 due to no predicted samples. Use `zero_division` parameter to control this behavior.
  _warn_prf(average, modifier, msg_start, len(result))

2023-03-28 10:34:58,300:WARNING:C:\Users\Siddiquee\AppData\Roaming\Python\Python310\site-packages\sklearn\metrics\_classification.py:1344: UndefinedMetricWarning: Precision is ill-defined and being set to 0.0 due to no predicted samples. Use `zero_division` parameter to control this behavior.
  _warn_prf(average, modifier, msg_start, len(result))

2023-03-28 10:34:58,321:WARNING:C:\Users\Siddiquee\AppData\Roaming\Python\Python310\site-packages\sklearn\metrics\_classification.py:1344: UndefinedMetricWarning: Precision is ill-defined and being set to 0.0 due to no predicted samples. Use `zero_division` parameter to control this behavior.
  _warn_prf(average, modifier, msg_start, len(result))

2023-03-28 10:34:58,391:WARNING:C:\Users\Siddiquee\AppData\Roaming\Python\Python310\site-packages\sklearn\metrics\_classification.py:1344: UndefinedMetricWarning: Precision is ill-defined and being set to 0.0 due to no predicted samples. Use `zero_division` parameter to control this behavior.
  _warn_prf(average, modifier, msg_start, len(result))

2023-03-28 10:34:58,440:WARNING:C:\Users\Siddiquee\AppData\Roaming\Python\Python310\site-packages\sklearn\metrics\_classification.py:1344: UndefinedMetricWarning: Precision is ill-defined and being set to 0.0 due to no predicted samples. Use `zero_division` parameter to control this behavior.
  _warn_prf(average, modifier, msg_start, len(result))

2023-03-28 10:34:58,524:WARNING:C:\Users\Siddiquee\AppData\Roaming\Python\Python310\site-packages\sklearn\metrics\_classification.py:1344: UndefinedMetricWarning: Precision is ill-defined and being set to 0.0 due to no predicted samples. Use `zero_division` parameter to control this behavior.
  _warn_prf(average, modifier, msg_start, len(result))

2023-03-28 10:34:58,573:WARNING:C:\Users\Siddiquee\AppData\Roaming\Python\Python310\site-packages\sklearn\metrics\_classification.py:1344: UndefinedMetricWarning: Precision is ill-defined and being set to 0.0 due to no predicted samples. Use `zero_division` parameter to control this behavior.
  _warn_prf(average, modifier, msg_start, len(result))

2023-03-28 10:35:01,125:WARNING:C:\Users\Siddiquee\AppData\Roaming\Python\Python310\site-packages\sklearn\metrics\_classification.py:1344: UndefinedMetricWarning: Precision is ill-defined and being set to 0.0 due to no predicted samples. Use `zero_division` parameter to control this behavior.
  _warn_prf(average, modifier, msg_start, len(result))

2023-03-28 10:35:01,141:WARNING:C:\Users\Siddiquee\AppData\Roaming\Python\Python310\site-packages\sklearn\metrics\_classification.py:1344: UndefinedMetricWarning: Precision is ill-defined and being set to 0.0 due to no predicted samples. Use `zero_division` parameter to control this behavior.
  _warn_prf(average, modifier, msg_start, len(result))

2023-03-28 10:35:01,537:INFO:Calculating mean and std
2023-03-28 10:35:01,537:INFO:Creating metrics dataframe
2023-03-28 10:35:01,687:INFO:Uploading results into container
2023-03-28 10:35:01,688:INFO:Uploading model into container now
2023-03-28 10:35:01,688:INFO:_master_model_container: 11
2023-03-28 10:35:01,688:INFO:_display_container: 2
2023-03-28 10:35:01,689:INFO:LinearDiscriminantAnalysis(covariance_estimator=None, n_components=None,
                           priors=None, shrinkage=None, solver='svd',
                           store_covariance=False, tol=0.0001)
2023-03-28 10:35:01,689:INFO:create_model() successfully completed......................................
2023-03-28 10:35:01,772:INFO:SubProcess create_model() end ==================================
2023-03-28 10:35:01,772:INFO:Creating metrics dataframe
2023-03-28 10:35:01,780:INFO:Initializing Extra Trees Classifier
2023-03-28 10:35:01,780:INFO:Total runtime is 32.012241085370384 minutes
2023-03-28 10:35:01,780:INFO:SubProcess create_model() called ==================================
2023-03-28 10:35:01,781:INFO:Initializing create_model()
2023-03-28 10:35:01,781:INFO:create_model(self=<pycaret.classification.oop.ClassificationExperiment object at 0x000001E9B26E36A0>, estimator=et, fold=StratifiedKFold(n_splits=10, random_state=None, shuffle=False), round=4, cross_validation=True, predict=True, fit_kwargs={}, groups=None, refit=False, probability_threshold=None, experiment_custom_tags=None, verbose=False, system=False, add_to_model_list=True, metrics=None, display=<pycaret.internal.display.display.CommonDisplay object at 0x000001E9B3377DC0>, model_only=True, return_train_score=False, kwargs={})
2023-03-28 10:35:01,781:INFO:Checking exceptions
2023-03-28 10:35:01,781:INFO:Importing libraries
2023-03-28 10:35:01,781:INFO:Copying training dataset
2023-03-28 10:35:02,774:INFO:Defining folds
2023-03-28 10:35:02,774:INFO:Declaring metric variables
2023-03-28 10:35:02,774:INFO:Importing untrained model
2023-03-28 10:35:02,774:INFO:Extra Trees Classifier Imported successfully
2023-03-28 10:35:02,774:INFO:Starting cross validation
2023-03-28 10:35:02,774:INFO:Cross validating with StratifiedKFold(n_splits=10, random_state=None, shuffle=False), n_jobs=-1
2023-03-28 10:35:35,560:WARNING:C:\Users\Siddiquee\AppData\Roaming\Python\Python310\site-packages\pycaret\internal\pipeline.py:260: UserWarning: Persisting input arguments took 2.20s to run.
If this happens often in your code, it can cause performance problems 
(results will be correct in all cases). 
The reason for this is probably some large input arguments for a wrapped
 function (e.g. large strings).
THIS IS A JOBLIB ISSUE. If you can, kindly provide the joblib's team with an
 example so that they can fix the problem.
  fitted_estimator = self._memory_fit(

2023-03-28 10:35:36,272:WARNING:C:\Users\Siddiquee\AppData\Roaming\Python\Python310\site-packages\pycaret\internal\pipeline.py:260: UserWarning: Persisting input arguments took 2.12s to run.
If this happens often in your code, it can cause performance problems 
(results will be correct in all cases). 
The reason for this is probably some large input arguments for a wrapped
 function (e.g. large strings).
THIS IS A JOBLIB ISSUE. If you can, kindly provide the joblib's team with an
 example so that they can fix the problem.
  fitted_estimator = self._memory_fit(

2023-03-28 10:35:36,598:WARNING:C:\Users\Siddiquee\AppData\Roaming\Python\Python310\site-packages\pycaret\internal\pipeline.py:260: UserWarning: Persisting input arguments took 1.50s to run.
If this happens often in your code, it can cause performance problems 
(results will be correct in all cases). 
The reason for this is probably some large input arguments for a wrapped
 function (e.g. large strings).
THIS IS A JOBLIB ISSUE. If you can, kindly provide the joblib's team with an
 example so that they can fix the problem.
  fitted_estimator = self._memory_fit(

2023-03-28 10:35:37,141:WARNING:C:\Users\Siddiquee\AppData\Roaming\Python\Python310\site-packages\pycaret\internal\pipeline.py:260: UserWarning: Persisting input arguments took 0.57s to run.
If this happens often in your code, it can cause performance problems 
(results will be correct in all cases). 
The reason for this is probably some large input arguments for a wrapped
 function (e.g. large strings).
THIS IS A JOBLIB ISSUE. If you can, kindly provide the joblib's team with an
 example so that they can fix the problem.
  fitted_estimator = self._memory_fit(

2023-03-28 10:35:37,326:WARNING:C:\Users\Siddiquee\AppData\Roaming\Python\Python310\site-packages\pycaret\internal\pipeline.py:260: UserWarning: Persisting input arguments took 0.54s to run.
If this happens often in your code, it can cause performance problems 
(results will be correct in all cases). 
The reason for this is probably some large input arguments for a wrapped
 function (e.g. large strings).
THIS IS A JOBLIB ISSUE. If you can, kindly provide the joblib's team with an
 example so that they can fix the problem.
  fitted_estimator = self._memory_fit(

2023-03-28 10:35:38,066:WARNING:C:\Users\Siddiquee\AppData\Roaming\Python\Python310\site-packages\pycaret\internal\pipeline.py:260: UserWarning: Persisting input arguments took 0.81s to run.
If this happens often in your code, it can cause performance problems 
(results will be correct in all cases). 
The reason for this is probably some large input arguments for a wrapped
 function (e.g. large strings).
THIS IS A JOBLIB ISSUE. If you can, kindly provide the joblib's team with an
 example so that they can fix the problem.
  fitted_estimator = self._memory_fit(

2023-03-28 10:35:38,546:WARNING:C:\Users\Siddiquee\AppData\Roaming\Python\Python310\site-packages\pycaret\internal\pipeline.py:260: UserWarning: Persisting input arguments took 0.92s to run.
If this happens often in your code, it can cause performance problems 
(results will be correct in all cases). 
The reason for this is probably some large input arguments for a wrapped
 function (e.g. large strings).
THIS IS A JOBLIB ISSUE. If you can, kindly provide the joblib's team with an
 example so that they can fix the problem.
  fitted_estimator = self._memory_fit(

2023-03-28 10:35:38,609:WARNING:C:\Users\Siddiquee\AppData\Roaming\Python\Python310\site-packages\pycaret\internal\pipeline.py:260: UserWarning: Persisting input arguments took 1.44s to run.
If this happens often in your code, it can cause performance problems 
(results will be correct in all cases). 
The reason for this is probably some large input arguments for a wrapped
 function (e.g. large strings).
THIS IS A JOBLIB ISSUE. If you can, kindly provide the joblib's team with an
 example so that they can fix the problem.
  fitted_estimator = self._memory_fit(

2023-03-28 10:35:38,704:WARNING:C:\Users\Siddiquee\AppData\Roaming\Python\Python310\site-packages\pycaret\internal\pipeline.py:310: UserWarning: Persisting input arguments took 0.69s to run.
If this happens often in your code, it can cause performance problems 
(results will be correct in all cases). 
The reason for this is probably some large input arguments for a wrapped
 function (e.g. large strings).
THIS IS A JOBLIB ISSUE. If you can, kindly provide the joblib's team with an
 example so that they can fix the problem.
  X, _ = self._memory_full_transform(self, X, None, with_final=False)

2023-03-28 10:35:38,892:WARNING:C:\Users\Siddiquee\AppData\Roaming\Python\Python310\site-packages\pycaret\internal\pipeline.py:319: UserWarning: Persisting input arguments took 0.68s to run.
If this happens often in your code, it can cause performance problems 
(results will be correct in all cases). 
The reason for this is probably some large input arguments for a wrapped
 function (e.g. large strings).
THIS IS A JOBLIB ISSUE. If you can, kindly provide the joblib's team with an
 example so that they can fix the problem.
  X, _ = self._memory_full_transform(self, X, None, with_final=False)

2023-03-28 10:35:39,462:WARNING:C:\Users\Siddiquee\AppData\Roaming\Python\Python310\site-packages\pycaret\internal\pipeline.py:319: UserWarning: Persisting input arguments took 0.86s to run.
If this happens often in your code, it can cause performance problems 
(results will be correct in all cases). 
The reason for this is probably some large input arguments for a wrapped
 function (e.g. large strings).
THIS IS A JOBLIB ISSUE. If you can, kindly provide the joblib's team with an
 example so that they can fix the problem.
  X, _ = self._memory_full_transform(self, X, None, with_final=False)

2023-03-28 10:35:39,660:WARNING:C:\Users\Siddiquee\AppData\Roaming\Python\Python310\site-packages\pycaret\internal\pipeline.py:319: UserWarning: Persisting input arguments took 0.76s to run.
If this happens often in your code, it can cause performance problems 
(results will be correct in all cases). 
The reason for this is probably some large input arguments for a wrapped
 function (e.g. large strings).
THIS IS A JOBLIB ISSUE. If you can, kindly provide the joblib's team with an
 example so that they can fix the problem.
  X, _ = self._memory_full_transform(self, X, None, with_final=False)

2023-03-28 10:35:39,919:WARNING:C:\Users\Siddiquee\AppData\Roaming\Python\Python310\site-packages\pycaret\internal\pipeline.py:310: UserWarning: Persisting input arguments took 0.78s to run.
If this happens often in your code, it can cause performance problems 
(results will be correct in all cases). 
The reason for this is probably some large input arguments for a wrapped
 function (e.g. large strings).
THIS IS A JOBLIB ISSUE. If you can, kindly provide the joblib's team with an
 example so that they can fix the problem.
  X, _ = self._memory_full_transform(self, X, None, with_final=False)

2023-03-28 10:35:40,226:WARNING:C:\Users\Siddiquee\AppData\Roaming\Python\Python310\site-packages\pycaret\internal\pipeline.py:310: UserWarning: Persisting input arguments took 0.85s to run.
If this happens often in your code, it can cause performance problems 
(results will be correct in all cases). 
The reason for this is probably some large input arguments for a wrapped
 function (e.g. large strings).
THIS IS A JOBLIB ISSUE. If you can, kindly provide the joblib's team with an
 example so that they can fix the problem.
  X, _ = self._memory_full_transform(self, X, None, with_final=False)

2023-03-28 10:35:40,297:WARNING:C:\Users\Siddiquee\AppData\Roaming\Python\Python310\site-packages\pycaret\internal\pipeline.py:310: UserWarning: Persisting input arguments took 0.80s to run.
If this happens often in your code, it can cause performance problems 
(results will be correct in all cases). 
The reason for this is probably some large input arguments for a wrapped
 function (e.g. large strings).
THIS IS A JOBLIB ISSUE. If you can, kindly provide the joblib's team with an
 example so that they can fix the problem.
  X, _ = self._memory_full_transform(self, X, None, with_final=False)

2023-03-28 10:35:40,562:WARNING:C:\Users\Siddiquee\AppData\Roaming\Python\Python310\site-packages\sklearn\metrics\_classification.py:1344: UndefinedMetricWarning: Precision is ill-defined and being set to 0.0 due to no predicted samples. Use `zero_division` parameter to control this behavior.
  _warn_prf(average, modifier, msg_start, len(result))

2023-03-28 10:35:40,616:WARNING:C:\Users\Siddiquee\AppData\Roaming\Python\Python310\site-packages\sklearn\metrics\_classification.py:1344: UndefinedMetricWarning: Precision is ill-defined and being set to 0.0 due to no predicted samples. Use `zero_division` parameter to control this behavior.
  _warn_prf(average, modifier, msg_start, len(result))

2023-03-28 10:35:53,223:WARNING:C:\Users\Siddiquee\AppData\Roaming\Python\Python310\site-packages\sklearn\metrics\_classification.py:1344: UndefinedMetricWarning: Precision is ill-defined and being set to 0.0 due to no predicted samples. Use `zero_division` parameter to control this behavior.
  _warn_prf(average, modifier, msg_start, len(result))

2023-03-28 10:35:53,690:INFO:Calculating mean and std
2023-03-28 10:35:53,693:INFO:Creating metrics dataframe
2023-03-28 10:35:54,051:INFO:Uploading results into container
2023-03-28 10:35:54,052:INFO:Uploading model into container now
2023-03-28 10:35:54,052:INFO:_master_model_container: 12
2023-03-28 10:35:54,053:INFO:_display_container: 2
2023-03-28 10:35:54,053:INFO:ExtraTreesClassifier(bootstrap=False, ccp_alpha=0.0, class_weight=None,
                     criterion='gini', max_depth=None, max_features='sqrt',
                     max_leaf_nodes=None, max_samples=None,
                     min_impurity_decrease=0.0, min_samples_leaf=1,
                     min_samples_split=2, min_weight_fraction_leaf=0.0,
                     n_estimators=100, n_jobs=-1, oob_score=False,
                     random_state=3934, verbose=0, warm_start=False)
2023-03-28 10:35:54,053:INFO:create_model() successfully completed......................................
2023-03-28 10:35:54,151:INFO:SubProcess create_model() end ==================================
2023-03-28 10:35:54,151:INFO:Creating metrics dataframe
2023-03-28 10:35:54,159:INFO:Initializing Extreme Gradient Boosting
2023-03-28 10:35:54,159:INFO:Total runtime is 32.885218397776285 minutes
2023-03-28 10:35:54,159:INFO:SubProcess create_model() called ==================================
2023-03-28 10:35:54,159:INFO:Initializing create_model()
2023-03-28 10:35:54,159:INFO:create_model(self=<pycaret.classification.oop.ClassificationExperiment object at 0x000001E9B26E36A0>, estimator=xgboost, fold=StratifiedKFold(n_splits=10, random_state=None, shuffle=False), round=4, cross_validation=True, predict=True, fit_kwargs={}, groups=None, refit=False, probability_threshold=None, experiment_custom_tags=None, verbose=False, system=False, add_to_model_list=True, metrics=None, display=<pycaret.internal.display.display.CommonDisplay object at 0x000001E9B3377DC0>, model_only=True, return_train_score=False, kwargs={})
2023-03-28 10:35:54,160:INFO:Checking exceptions
2023-03-28 10:35:54,160:INFO:Importing libraries
2023-03-28 10:35:54,160:INFO:Copying training dataset
2023-03-28 10:35:55,299:INFO:Defining folds
2023-03-28 10:35:55,299:INFO:Declaring metric variables
2023-03-28 10:35:55,300:INFO:Importing untrained model
2023-03-28 10:35:55,301:INFO:Extreme Gradient Boosting Imported successfully
2023-03-28 10:35:55,302:INFO:Starting cross validation
2023-03-28 10:35:55,304:INFO:Cross validating with StratifiedKFold(n_splits=10, random_state=None, shuffle=False), n_jobs=-1
2023-03-28 10:37:50,089:WARNING:C:\Users\Siddiquee\AppData\Roaming\Python\Python310\site-packages\sklearn\metrics\_classification.py:1344: UndefinedMetricWarning: Precision is ill-defined and being set to 0.0 due to no predicted samples. Use `zero_division` parameter to control this behavior.
  _warn_prf(average, modifier, msg_start, len(result))

2023-03-28 10:37:51,699:WARNING:C:\Users\Siddiquee\AppData\Roaming\Python\Python310\site-packages\pycaret\internal\pipeline.py:319: UserWarning: Persisting input arguments took 0.53s to run.
If this happens often in your code, it can cause performance problems 
(results will be correct in all cases). 
The reason for this is probably some large input arguments for a wrapped
 function (e.g. large strings).
THIS IS A JOBLIB ISSUE. If you can, kindly provide the joblib's team with an
 example so that they can fix the problem.
  X, _ = self._memory_full_transform(self, X, None, with_final=False)

2023-03-28 10:37:53,157:WARNING:C:\Users\Siddiquee\AppData\Roaming\Python\Python310\site-packages\sklearn\metrics\_classification.py:1344: UndefinedMetricWarning: Precision is ill-defined and being set to 0.0 due to no predicted samples. Use `zero_division` parameter to control this behavior.
  _warn_prf(average, modifier, msg_start, len(result))

2023-03-28 10:38:35,061:INFO:Calculating mean and std
2023-03-28 10:38:35,062:INFO:Creating metrics dataframe
2023-03-28 10:38:35,261:INFO:Uploading results into container
2023-03-28 10:38:35,261:INFO:Uploading model into container now
2023-03-28 10:38:35,261:INFO:_master_model_container: 13
2023-03-28 10:38:35,261:INFO:_display_container: 2
2023-03-28 10:38:35,261:INFO:XGBClassifier(base_score=None, booster='gbtree', callbacks=None,
              colsample_bylevel=None, colsample_bynode=None,
              colsample_bytree=None, early_stopping_rounds=None,
              enable_categorical=False, eval_metric=None, feature_types=None,
              gamma=None, gpu_id=None, grow_policy=None, importance_type=None,
              interaction_constraints=None, learning_rate=None, max_bin=None,
              max_cat_threshold=None, max_cat_to_onehot=None,
              max_delta_step=None, max_depth=None, max_leaves=None,
              min_child_weight=None, missing=nan, monotone_constraints=None,
              n_estimators=100, n_jobs=-1, num_parallel_tree=None,
              objective='binary:logistic', predictor=None, ...)
2023-03-28 10:38:35,261:INFO:create_model() successfully completed......................................
2023-03-28 10:38:35,347:INFO:SubProcess create_model() end ==================================
2023-03-28 10:38:35,347:INFO:Creating metrics dataframe
2023-03-28 10:38:35,354:INFO:Initializing Light Gradient Boosting Machine
2023-03-28 10:38:35,354:INFO:Total runtime is 35.57180773814519 minutes
2023-03-28 10:38:35,354:INFO:SubProcess create_model() called ==================================
2023-03-28 10:38:35,354:INFO:Initializing create_model()
2023-03-28 10:38:35,354:INFO:create_model(self=<pycaret.classification.oop.ClassificationExperiment object at 0x000001E9B26E36A0>, estimator=lightgbm, fold=StratifiedKFold(n_splits=10, random_state=None, shuffle=False), round=4, cross_validation=True, predict=True, fit_kwargs={}, groups=None, refit=False, probability_threshold=None, experiment_custom_tags=None, verbose=False, system=False, add_to_model_list=True, metrics=None, display=<pycaret.internal.display.display.CommonDisplay object at 0x000001E9B3377DC0>, model_only=True, return_train_score=False, kwargs={})
2023-03-28 10:38:35,354:INFO:Checking exceptions
2023-03-28 10:38:35,354:INFO:Importing libraries
2023-03-28 10:38:35,355:INFO:Copying training dataset
2023-03-28 10:38:36,422:INFO:Defining folds
2023-03-28 10:38:36,422:INFO:Declaring metric variables
2023-03-28 10:38:36,423:INFO:Importing untrained model
2023-03-28 10:38:36,423:INFO:Light Gradient Boosting Machine Imported successfully
2023-03-28 10:38:36,424:INFO:Starting cross validation
2023-03-28 10:38:36,425:INFO:Cross validating with StratifiedKFold(n_splits=10, random_state=None, shuffle=False), n_jobs=-1
2023-03-28 10:38:44,980:WARNING:C:\Users\Siddiquee\AppData\Roaming\Python\Python310\site-packages\sklearn\metrics\_classification.py:1344: UndefinedMetricWarning: Precision is ill-defined and being set to 0.0 due to no predicted samples. Use `zero_division` parameter to control this behavior.
  _warn_prf(average, modifier, msg_start, len(result))

2023-03-28 10:38:44,980:WARNING:C:\Users\Siddiquee\AppData\Roaming\Python\Python310\site-packages\sklearn\metrics\_classification.py:1344: UndefinedMetricWarning: Precision is ill-defined and being set to 0.0 due to no predicted samples. Use `zero_division` parameter to control this behavior.
  _warn_prf(average, modifier, msg_start, len(result))

2023-03-28 10:38:45,179:WARNING:C:\Users\Siddiquee\AppData\Roaming\Python\Python310\site-packages\sklearn\metrics\_classification.py:1344: UndefinedMetricWarning: Precision is ill-defined and being set to 0.0 due to no predicted samples. Use `zero_division` parameter to control this behavior.
  _warn_prf(average, modifier, msg_start, len(result))

2023-03-28 10:38:45,912:WARNING:C:\Users\Siddiquee\AppData\Roaming\Python\Python310\site-packages\sklearn\metrics\_classification.py:1344: UndefinedMetricWarning: Precision is ill-defined and being set to 0.0 due to no predicted samples. Use `zero_division` parameter to control this behavior.
  _warn_prf(average, modifier, msg_start, len(result))

2023-03-28 10:38:46,614:WARNING:C:\Users\Siddiquee\AppData\Roaming\Python\Python310\site-packages\sklearn\metrics\_classification.py:1344: UndefinedMetricWarning: Precision is ill-defined and being set to 0.0 due to no predicted samples. Use `zero_division` parameter to control this behavior.
  _warn_prf(average, modifier, msg_start, len(result))

2023-03-28 10:38:46,727:WARNING:C:\Users\Siddiquee\AppData\Roaming\Python\Python310\site-packages\sklearn\metrics\_classification.py:1344: UndefinedMetricWarning: Precision is ill-defined and being set to 0.0 due to no predicted samples. Use `zero_division` parameter to control this behavior.
  _warn_prf(average, modifier, msg_start, len(result))

2023-03-28 10:38:51,217:WARNING:C:\Users\Siddiquee\AppData\Roaming\Python\Python310\site-packages\sklearn\metrics\_classification.py:1344: UndefinedMetricWarning: Precision is ill-defined and being set to 0.0 due to no predicted samples. Use `zero_division` parameter to control this behavior.
  _warn_prf(average, modifier, msg_start, len(result))

2023-03-28 10:38:51,217:WARNING:C:\Users\Siddiquee\AppData\Roaming\Python\Python310\site-packages\sklearn\metrics\_classification.py:1344: UndefinedMetricWarning: Precision is ill-defined and being set to 0.0 due to no predicted samples. Use `zero_division` parameter to control this behavior.
  _warn_prf(average, modifier, msg_start, len(result))

2023-03-28 10:38:51,645:INFO:Calculating mean and std
2023-03-28 10:38:51,646:INFO:Creating metrics dataframe
2023-03-28 10:38:51,826:INFO:Uploading results into container
2023-03-28 10:38:51,842:INFO:Uploading model into container now
2023-03-28 10:38:51,843:INFO:_master_model_container: 14
2023-03-28 10:38:51,843:INFO:_display_container: 2
2023-03-28 10:38:51,844:INFO:LGBMClassifier(boosting_type='gbdt', class_weight=None, colsample_bytree=1.0,
               importance_type='split', learning_rate=0.1, max_depth=-1,
               min_child_samples=20, min_child_weight=0.001, min_split_gain=0.0,
               n_estimators=100, n_jobs=-1, num_leaves=31, objective=None,
               random_state=3934, reg_alpha=0.0, reg_lambda=0.0, silent='warn',
               subsample=1.0, subsample_for_bin=200000, subsample_freq=0)
2023-03-28 10:38:51,844:INFO:create_model() successfully completed......................................
2023-03-28 10:38:51,921:INFO:SubProcess create_model() end ==================================
2023-03-28 10:38:51,921:INFO:Creating metrics dataframe
2023-03-28 10:38:51,927:INFO:Initializing Dummy Classifier
2023-03-28 10:38:51,927:INFO:Total runtime is 35.84803171555201 minutes
2023-03-28 10:38:51,927:INFO:SubProcess create_model() called ==================================
2023-03-28 10:38:51,927:INFO:Initializing create_model()
2023-03-28 10:38:51,927:INFO:create_model(self=<pycaret.classification.oop.ClassificationExperiment object at 0x000001E9B26E36A0>, estimator=dummy, fold=StratifiedKFold(n_splits=10, random_state=None, shuffle=False), round=4, cross_validation=True, predict=True, fit_kwargs={}, groups=None, refit=False, probability_threshold=None, experiment_custom_tags=None, verbose=False, system=False, add_to_model_list=True, metrics=None, display=<pycaret.internal.display.display.CommonDisplay object at 0x000001E9B3377DC0>, model_only=True, return_train_score=False, kwargs={})
2023-03-28 10:38:51,927:INFO:Checking exceptions
2023-03-28 10:38:51,927:INFO:Importing libraries
2023-03-28 10:38:51,927:INFO:Copying training dataset
2023-03-28 10:38:52,954:INFO:Defining folds
2023-03-28 10:38:52,954:INFO:Declaring metric variables
2023-03-28 10:38:52,955:INFO:Importing untrained model
2023-03-28 10:38:52,955:INFO:Dummy Classifier Imported successfully
2023-03-28 10:38:52,955:INFO:Starting cross validation
2023-03-28 10:38:52,957:INFO:Cross validating with StratifiedKFold(n_splits=10, random_state=None, shuffle=False), n_jobs=-1
2023-03-28 10:38:53,791:WARNING:C:\Users\Siddiquee\AppData\Roaming\Python\Python310\site-packages\sklearn\metrics\_classification.py:1344: UndefinedMetricWarning: Precision is ill-defined and being set to 0.0 due to no predicted samples. Use `zero_division` parameter to control this behavior.
  _warn_prf(average, modifier, msg_start, len(result))

2023-03-28 10:38:53,823:WARNING:C:\Users\Siddiquee\AppData\Roaming\Python\Python310\site-packages\sklearn\metrics\_classification.py:1344: UndefinedMetricWarning: Precision is ill-defined and being set to 0.0 due to no predicted samples. Use `zero_division` parameter to control this behavior.
  _warn_prf(average, modifier, msg_start, len(result))

2023-03-28 10:38:53,874:WARNING:C:\Users\Siddiquee\AppData\Roaming\Python\Python310\site-packages\sklearn\metrics\_classification.py:1344: UndefinedMetricWarning: Precision is ill-defined and being set to 0.0 due to no predicted samples. Use `zero_division` parameter to control this behavior.
  _warn_prf(average, modifier, msg_start, len(result))

2023-03-28 10:38:53,969:WARNING:C:\Users\Siddiquee\AppData\Roaming\Python\Python310\site-packages\sklearn\metrics\_classification.py:1344: UndefinedMetricWarning: Precision is ill-defined and being set to 0.0 due to no predicted samples. Use `zero_division` parameter to control this behavior.
  _warn_prf(average, modifier, msg_start, len(result))

2023-03-28 10:38:54,048:WARNING:C:\Users\Siddiquee\AppData\Roaming\Python\Python310\site-packages\sklearn\metrics\_classification.py:1344: UndefinedMetricWarning: Precision is ill-defined and being set to 0.0 due to no predicted samples. Use `zero_division` parameter to control this behavior.
  _warn_prf(average, modifier, msg_start, len(result))

2023-03-28 10:38:54,055:WARNING:C:\Users\Siddiquee\AppData\Roaming\Python\Python310\site-packages\sklearn\metrics\_classification.py:1344: UndefinedMetricWarning: Precision is ill-defined and being set to 0.0 due to no predicted samples. Use `zero_division` parameter to control this behavior.
  _warn_prf(average, modifier, msg_start, len(result))

2023-03-28 10:38:54,080:WARNING:C:\Users\Siddiquee\AppData\Roaming\Python\Python310\site-packages\sklearn\metrics\_classification.py:1344: UndefinedMetricWarning: Precision is ill-defined and being set to 0.0 due to no predicted samples. Use `zero_division` parameter to control this behavior.
  _warn_prf(average, modifier, msg_start, len(result))

2023-03-28 10:38:54,101:WARNING:C:\Users\Siddiquee\AppData\Roaming\Python\Python310\site-packages\sklearn\metrics\_classification.py:1344: UndefinedMetricWarning: Precision is ill-defined and being set to 0.0 due to no predicted samples. Use `zero_division` parameter to control this behavior.
  _warn_prf(average, modifier, msg_start, len(result))

2023-03-28 10:38:55,193:WARNING:C:\Users\Siddiquee\AppData\Roaming\Python\Python310\site-packages\sklearn\metrics\_classification.py:1344: UndefinedMetricWarning: Precision is ill-defined and being set to 0.0 due to no predicted samples. Use `zero_division` parameter to control this behavior.
  _warn_prf(average, modifier, msg_start, len(result))

2023-03-28 10:38:55,232:WARNING:C:\Users\Siddiquee\AppData\Roaming\Python\Python310\site-packages\sklearn\metrics\_classification.py:1344: UndefinedMetricWarning: Precision is ill-defined and being set to 0.0 due to no predicted samples. Use `zero_division` parameter to control this behavior.
  _warn_prf(average, modifier, msg_start, len(result))

2023-03-28 10:38:56,408:INFO:Calculating mean and std
2023-03-28 10:38:56,409:INFO:Creating metrics dataframe
2023-03-28 10:38:56,600:INFO:Uploading results into container
2023-03-28 10:38:56,601:INFO:Uploading model into container now
2023-03-28 10:38:56,602:INFO:_master_model_container: 15
2023-03-28 10:38:56,602:INFO:_display_container: 2
2023-03-28 10:38:56,602:INFO:DummyClassifier(constant=None, random_state=3934, strategy='prior')
2023-03-28 10:38:56,602:INFO:create_model() successfully completed......................................
2023-03-28 10:38:56,683:INFO:SubProcess create_model() end ==================================
2023-03-28 10:38:56,683:INFO:Creating metrics dataframe
2023-03-28 10:38:56,697:INFO:Initializing create_model()
2023-03-28 10:38:56,697:INFO:create_model(self=<pycaret.classification.oop.ClassificationExperiment object at 0x000001E9B26E36A0>, estimator=GaussianNB(priors=None, var_smoothing=1e-09), fold=StratifiedKFold(n_splits=10, random_state=None, shuffle=False), round=4, cross_validation=False, predict=False, fit_kwargs={}, groups=None, refit=True, probability_threshold=None, experiment_custom_tags=None, verbose=False, system=False, add_to_model_list=True, metrics=None, display=None, model_only=True, return_train_score=False, kwargs={})
2023-03-28 10:38:56,697:INFO:Checking exceptions
2023-03-28 10:38:56,699:INFO:Importing libraries
2023-03-28 10:38:56,699:INFO:Copying training dataset
2023-03-28 10:38:57,785:INFO:Defining folds
2023-03-28 10:38:57,786:INFO:Declaring metric variables
2023-03-28 10:38:57,786:INFO:Importing untrained model
2023-03-28 10:38:57,786:INFO:Declaring custom model
2023-03-28 10:38:57,787:INFO:Naive Bayes Imported successfully
2023-03-28 10:38:57,788:INFO:Cross validation set to False
2023-03-28 10:38:57,788:INFO:Fitting Model
2023-03-28 10:38:58,371:INFO:GaussianNB(priors=None, var_smoothing=1e-09)
2023-03-28 10:38:58,371:INFO:create_model() successfully completed......................................
2023-03-28 10:38:58,474:INFO:_master_model_container: 15
2023-03-28 10:38:58,475:INFO:_display_container: 2
2023-03-28 10:38:58,475:INFO:GaussianNB(priors=None, var_smoothing=1e-09)
2023-03-28 10:38:58,475:INFO:compare_models() successfully completed......................................
2023-03-28 19:14:53,339:WARNING:
'cuml' is a soft dependency and not included in the pycaret installation. Please run: `pip install cuml` to install.
2023-03-28 19:14:53,432:WARNING:
'cuml' is a soft dependency and not included in the pycaret installation. Please run: `pip install cuml` to install.
2023-03-28 19:14:53,432:WARNING:
'cuml' is a soft dependency and not included in the pycaret installation. Please run: `pip install cuml` to install.
2023-03-28 19:14:53,433:WARNING:
'cuml' is a soft dependency and not included in the pycaret installation. Please run: `pip install cuml` to install.
2023-03-28 19:14:55,254:WARNING:
'prophet' is a soft dependency and not included in the pycaret installation. Please run: `pip install prophet` to install.
2023-03-28 19:16:11,848:WARNING:
'cuml' is a soft dependency and not included in the pycaret installation. Please run: `pip install cuml` to install.
2023-03-28 19:16:11,849:WARNING:
'cuml' is a soft dependency and not included in the pycaret installation. Please run: `pip install cuml` to install.
2023-03-28 19:16:11,849:WARNING:
'cuml' is a soft dependency and not included in the pycaret installation. Please run: `pip install cuml` to install.
2023-03-28 19:16:11,849:WARNING:
'cuml' is a soft dependency and not included in the pycaret installation. Please run: `pip install cuml` to install.
2023-03-28 19:16:12,443:WARNING:
'prophet' is a soft dependency and not included in the pycaret installation. Please run: `pip install prophet` to install.
2023-03-28 19:16:13,507:INFO:PyCaret ClassificationExperiment
2023-03-28 19:16:13,507:INFO:Logging name: clf-default-name
2023-03-28 19:16:13,507:INFO:ML Usecase: MLUsecase.CLASSIFICATION
2023-03-28 19:16:13,507:INFO:version 3.0.0
2023-03-28 19:16:13,507:INFO:Initializing setup()
2023-03-28 19:16:13,507:INFO:self.USI: acda
2023-03-28 19:16:13,507:INFO:self._variable_keys: {'USI', 'gpu_n_jobs_param', 'exp_name_log', 'X_test', 'X_train', 'n_jobs_param', 'data', 'is_multiclass', 'exp_id', '_available_plots', 'memory', 'fold_generator', 'logging_param', 'fold_groups_param', 'y', 'pipeline', 'idx', 'y_train', 'seed', '_ml_usecase', 'fold_shuffle_param', 'fix_imbalance', 'y_test', 'html_param', 'X', 'gpu_param', 'target_param', 'log_plots_param'}
2023-03-28 19:16:13,507:INFO:Checking environment
2023-03-28 19:16:13,507:INFO:python_version: 3.10.9
2023-03-28 19:16:13,507:INFO:python_build: ('tags/v3.10.9:1dd9be6', 'Dec  6 2022 20:01:21')
2023-03-28 19:16:13,507:INFO:machine: AMD64
2023-03-28 19:16:13,521:INFO:platform: Windows-10-10.0.22621-SP0
2023-03-28 19:16:13,523:INFO:Memory: svmem(total=34202767360, available=22728892416, percent=33.5, used=11473874944, free=22728892416)
2023-03-28 19:16:13,523:INFO:Physical Core: 4
2023-03-28 19:16:13,523:INFO:Logical Core: 8
2023-03-28 19:16:13,523:INFO:Checking libraries
2023-03-28 19:16:13,523:INFO:System:
2023-03-28 19:16:13,523:INFO:    python: 3.10.9 (tags/v3.10.9:1dd9be6, Dec  6 2022, 20:01:21) [MSC v.1934 64 bit (AMD64)]
2023-03-28 19:16:13,524:INFO:executable: C:\Program Files\Python310\python.exe
2023-03-28 19:16:13,524:INFO:   machine: Windows-10-10.0.22621-SP0
2023-03-28 19:16:13,524:INFO:PyCaret required dependencies:
2023-03-28 19:16:13,524:INFO:                 pip: 22.3.1
2023-03-28 19:16:13,524:INFO:          setuptools: 65.5.0
2023-03-28 19:16:13,524:INFO:             pycaret: 3.0.0
2023-03-28 19:16:13,524:INFO:             IPython: 8.6.0
2023-03-28 19:16:13,524:INFO:          ipywidgets: 8.0.5
2023-03-28 19:16:13,524:INFO:                tqdm: 4.64.1
2023-03-28 19:16:13,524:INFO:               numpy: 1.23.5
2023-03-28 19:16:13,524:INFO:              pandas: 1.5.3
2023-03-28 19:16:13,524:INFO:              jinja2: 3.1.2
2023-03-28 19:16:13,524:INFO:               scipy: 1.9.3
2023-03-28 19:16:13,524:INFO:              joblib: 1.2.0
2023-03-28 19:16:13,524:INFO:             sklearn: 1.2.2
2023-03-28 19:16:13,524:INFO:                pyod: 1.0.9
2023-03-28 19:16:13,524:INFO:            imblearn: 0.10.1
2023-03-28 19:16:13,524:INFO:   category_encoders: 2.6.0
2023-03-28 19:16:13,524:INFO:            lightgbm: 3.3.5
2023-03-28 19:16:13,524:INFO:               numba: 0.56.4
2023-03-28 19:16:13,524:INFO:            requests: 2.28.1
2023-03-28 19:16:13,524:INFO:          matplotlib: 3.7.1
2023-03-28 19:16:13,524:INFO:          scikitplot: 0.3.7
2023-03-28 19:16:13,525:INFO:         yellowbrick: 1.5
2023-03-28 19:16:13,525:INFO:              plotly: 5.13.1
2023-03-28 19:16:13,525:INFO:             kaleido: 0.2.1
2023-03-28 19:16:13,525:INFO:         statsmodels: 0.13.5
2023-03-28 19:16:13,525:INFO:              sktime: 0.16.1
2023-03-28 19:16:13,525:INFO:               tbats: 1.1.2
2023-03-28 19:16:13,525:INFO:            pmdarima: 2.0.3
2023-03-28 19:16:13,525:INFO:              psutil: 5.9.4
2023-03-28 19:16:13,525:INFO:PyCaret optional dependencies:
2023-03-28 19:16:13,536:INFO:                shap: Not installed
2023-03-28 19:16:13,536:INFO:           interpret: Not installed
2023-03-28 19:16:13,536:INFO:                umap: Not installed
2023-03-28 19:16:13,536:INFO:    pandas_profiling: Not installed
2023-03-28 19:16:13,536:INFO:  explainerdashboard: Not installed
2023-03-28 19:16:13,536:INFO:             autoviz: Not installed
2023-03-28 19:16:13,536:INFO:           fairlearn: Not installed
2023-03-28 19:16:13,536:INFO:             xgboost: 1.7.4
2023-03-28 19:16:13,536:INFO:            catboost: Not installed
2023-03-28 19:16:13,537:INFO:              kmodes: Not installed
2023-03-28 19:16:13,537:INFO:             mlxtend: Not installed
2023-03-28 19:16:13,537:INFO:       statsforecast: Not installed
2023-03-28 19:16:13,537:INFO:        tune_sklearn: Not installed
2023-03-28 19:16:13,537:INFO:                 ray: 2.3.0
2023-03-28 19:16:13,537:INFO:            hyperopt: Not installed
2023-03-28 19:16:13,537:INFO:              optuna: Not installed
2023-03-28 19:16:13,537:INFO:               skopt: Not installed
2023-03-28 19:16:13,537:INFO:              mlflow: Not installed
2023-03-28 19:16:13,537:INFO:              gradio: Not installed
2023-03-28 19:16:13,537:INFO:             fastapi: Not installed
2023-03-28 19:16:13,537:INFO:             uvicorn: Not installed
2023-03-28 19:16:13,537:INFO:              m2cgen: Not installed
2023-03-28 19:16:13,537:INFO:           evidently: Not installed
2023-03-28 19:16:13,537:INFO:               fugue: Not installed
2023-03-28 19:16:13,537:INFO:           streamlit: Not installed
2023-03-28 19:16:13,537:INFO:             prophet: Not installed
2023-03-28 19:16:13,537:INFO:None
2023-03-28 19:16:13,537:INFO:Set up data.
2023-03-28 19:16:13,558:INFO:Set up train/test split.
2023-03-28 19:16:13,577:INFO:Set up index.
2023-03-28 19:16:13,577:INFO:Set up folding strategy.
2023-03-28 19:16:13,577:INFO:Assigning column types.
2023-03-28 19:16:13,586:INFO:Engine successfully changes for model 'lr' to 'sklearn'.
2023-03-28 19:16:13,634:INFO:Engine for model 'knn' has not been set explicitly, hence returning None.
2023-03-28 19:16:13,637:INFO:Engine for model 'rbfsvm' has not been set explicitly, hence returning None.
2023-03-28 19:16:13,671:INFO:Soft dependency imported: xgboost: 1.7.4
2023-03-28 19:16:13,838:WARNING:
'catboost' is a soft dependency and not included in the pycaret installation. Please run: `pip install catboost` to install.
Alternately, you can install this by running `pip install pycaret[models]`
2023-03-28 19:16:13,880:INFO:Engine for model 'knn' has not been set explicitly, hence returning None.
2023-03-28 19:16:13,881:INFO:Engine for model 'rbfsvm' has not been set explicitly, hence returning None.
2023-03-28 19:16:13,908:INFO:Soft dependency imported: xgboost: 1.7.4
2023-03-28 19:16:13,911:WARNING:
'catboost' is a soft dependency and not included in the pycaret installation. Please run: `pip install catboost` to install.
Alternately, you can install this by running `pip install pycaret[models]`
2023-03-28 19:16:13,911:INFO:Engine successfully changes for model 'knn' to 'sklearn'.
2023-03-28 19:16:13,958:INFO:Engine for model 'rbfsvm' has not been set explicitly, hence returning None.
2023-03-28 19:16:13,987:INFO:Soft dependency imported: xgboost: 1.7.4
2023-03-28 19:16:13,989:WARNING:
'catboost' is a soft dependency and not included in the pycaret installation. Please run: `pip install catboost` to install.
Alternately, you can install this by running `pip install pycaret[models]`
2023-03-28 19:16:14,039:INFO:Engine for model 'rbfsvm' has not been set explicitly, hence returning None.
2023-03-28 19:16:14,069:INFO:Soft dependency imported: xgboost: 1.7.4
2023-03-28 19:16:14,072:WARNING:
'catboost' is a soft dependency and not included in the pycaret installation. Please run: `pip install catboost` to install.
Alternately, you can install this by running `pip install pycaret[models]`
2023-03-28 19:16:14,072:INFO:Engine successfully changes for model 'rbfsvm' to 'sklearn'.
2023-03-28 19:16:14,143:INFO:Soft dependency imported: xgboost: 1.7.4
2023-03-28 19:16:14,146:WARNING:
'catboost' is a soft dependency and not included in the pycaret installation. Please run: `pip install catboost` to install.
Alternately, you can install this by running `pip install pycaret[models]`
2023-03-28 19:16:14,214:INFO:Soft dependency imported: xgboost: 1.7.4
2023-03-28 19:16:14,217:WARNING:
'catboost' is a soft dependency and not included in the pycaret installation. Please run: `pip install catboost` to install.
Alternately, you can install this by running `pip install pycaret[models]`
2023-03-28 19:16:14,219:INFO:Preparing preprocessing pipeline...
2023-03-28 19:16:14,223:INFO:Set up simple imputation.
2023-03-28 19:16:14,223:INFO:Set up feature normalization.
2023-03-28 19:16:14,275:INFO:Finished creating preprocessing pipeline.
2023-03-28 19:16:14,281:INFO:Pipeline: Pipeline(memory=FastMemory(location=C:\Users\SIDDIQ~1\AppData\Local\Temp\joblib),
         steps=[('numerical_imputer',
                 TransformerWrapper(exclude=None,
                                    include=['depth', 'size', 'max_breadth',
                                             'virality', 'strongly_cc',
                                             'weakly_cc', 'size_of_scc',
                                             'avg_cluster_coef', 'density',
                                             'layer_ratio',
                                             'structural_heterogeneity',
                                             'characteristic_distance'],
                                    transformer=SimpleImput...
                 TransformerWrapper(exclude=None, include=[],
                                    transformer=SimpleImputer(add_indicator=False,
                                                              copy=True,
                                                              fill_value=None,
                                                              keep_empty_features=False,
                                                              missing_values=nan,
                                                              strategy='most_frequent',
                                                              verbose='deprecated'))),
                ('normalize',
                 TransformerWrapper(exclude=None, include=None,
                                    transformer=StandardScaler(copy=True,
                                                               with_mean=True,
                                                               with_std=True)))],
         verbose=False)
2023-03-28 19:16:14,281:INFO:Creating final display dataframe.
2023-03-28 19:16:14,402:INFO:Setup _display_container:                     Description             Value
0                    Session id              3934
1                        Target          veracity
2                   Target type            Binary
3           Original data shape       (38007, 13)
4        Transformed data shape       (38007, 13)
5   Transformed train set shape       (30405, 13)
6    Transformed test set shape        (7602, 13)
7              Numeric features                12
8                    Preprocess              True
9               Imputation type            simple
10           Numeric imputation              mean
11       Categorical imputation              mode
12                    Normalize              True
13             Normalize method            zscore
14               Fold Generator   StratifiedKFold
15                  Fold Number                10
16                     CPU Jobs                 6
17                      Use GPU             False
18               Log Experiment             False
19              Experiment Name  clf-default-name
20                          USI              acda
2023-03-28 19:16:14,485:INFO:Soft dependency imported: xgboost: 1.7.4
2023-03-28 19:16:14,488:WARNING:
'catboost' is a soft dependency and not included in the pycaret installation. Please run: `pip install catboost` to install.
Alternately, you can install this by running `pip install pycaret[models]`
2023-03-28 19:16:14,557:INFO:Soft dependency imported: xgboost: 1.7.4
2023-03-28 19:16:14,560:WARNING:
'catboost' is a soft dependency and not included in the pycaret installation. Please run: `pip install catboost` to install.
Alternately, you can install this by running `pip install pycaret[models]`
2023-03-28 19:16:14,561:INFO:setup() successfully completed in 1.28s...............
2023-03-28 19:16:14,562:INFO:Initializing compare_models()
2023-03-28 19:16:14,562:INFO:compare_models(self=<pycaret.classification.oop.ClassificationExperiment object at 0x00000223E19A36A0>, include=None, fold=None, round=4, cross_validation=True, sort=Balanced Accuracy, n_select=1, budget_time=None, turbo=True, errors=ignore, fit_kwargs=None, groups=None, experiment_custom_tags=None, probability_threshold=None, verbose=True, parallel=None, caller_params={'self': <pycaret.classification.oop.ClassificationExperiment object at 0x00000223E19A36A0>, 'include': None, 'exclude': None, 'fold': None, 'round': 4, 'cross_validation': True, 'sort': 'Balanced Accuracy', 'n_select': 1, 'budget_time': None, 'turbo': True, 'errors': 'ignore', 'fit_kwargs': None, 'groups': None, 'experiment_custom_tags': None, 'probability_threshold': None, 'engine': None, 'verbose': True, 'parallel': None, '__class__': <class 'pycaret.classification.oop.ClassificationExperiment'>}, exclude=None)
2023-03-28 19:16:14,562:INFO:Checking exceptions
2023-03-28 19:16:14,573:INFO:Preparing display monitor
2023-03-28 19:16:14,578:INFO:Initializing Logistic Regression
2023-03-28 19:16:14,578:INFO:Total runtime is 0.0 minutes
2023-03-28 19:16:14,578:INFO:SubProcess create_model() called ==================================
2023-03-28 19:16:14,578:INFO:Initializing create_model()
2023-03-28 19:16:14,578:INFO:create_model(self=<pycaret.classification.oop.ClassificationExperiment object at 0x00000223E19A36A0>, estimator=lr, fold=StratifiedKFold(n_splits=10, random_state=None, shuffle=False), round=4, cross_validation=True, predict=True, fit_kwargs={}, groups=None, refit=False, probability_threshold=None, experiment_custom_tags=None, verbose=False, system=False, add_to_model_list=True, metrics=None, display=<pycaret.internal.display.display.CommonDisplay object at 0x00000223E494FB80>, model_only=True, return_train_score=False, kwargs={})
2023-03-28 19:16:14,578:INFO:Checking exceptions
2023-03-28 19:16:14,578:INFO:Importing libraries
2023-03-28 19:16:14,578:INFO:Copying training dataset
2023-03-28 19:16:14,590:INFO:Defining folds
2023-03-28 19:16:14,590:INFO:Declaring metric variables
2023-03-28 19:16:14,590:INFO:Importing untrained model
2023-03-28 19:16:14,592:INFO:Logistic Regression Imported successfully
2023-03-28 19:16:14,592:INFO:Starting cross validation
2023-03-28 19:16:14,593:INFO:Cross validating with StratifiedKFold(n_splits=10, random_state=None, shuffle=False), n_jobs=6
2023-03-28 19:16:19,561:WARNING:C:\Users\Siddiquee\AppData\Roaming\Python\Python310\site-packages\sklearn\metrics\_classification.py:1344: UndefinedMetricWarning: Precision is ill-defined and being set to 0.0 due to no predicted samples. Use `zero_division` parameter to control this behavior.
  _warn_prf(average, modifier, msg_start, len(result))

2023-03-28 19:16:19,724:WARNING:C:\Users\Siddiquee\AppData\Roaming\Python\Python310\site-packages\sklearn\metrics\_classification.py:1344: UndefinedMetricWarning: Precision is ill-defined and being set to 0.0 due to no predicted samples. Use `zero_division` parameter to control this behavior.
  _warn_prf(average, modifier, msg_start, len(result))

2023-03-28 19:16:19,727:WARNING:C:\Users\Siddiquee\AppData\Roaming\Python\Python310\site-packages\sklearn\metrics\_classification.py:1344: UndefinedMetricWarning: Precision is ill-defined and being set to 0.0 due to no predicted samples. Use `zero_division` parameter to control this behavior.
  _warn_prf(average, modifier, msg_start, len(result))

2023-03-28 19:16:19,730:WARNING:C:\Users\Siddiquee\AppData\Roaming\Python\Python310\site-packages\sklearn\metrics\_classification.py:1344: UndefinedMetricWarning: Precision is ill-defined and being set to 0.0 due to no predicted samples. Use `zero_division` parameter to control this behavior.
  _warn_prf(average, modifier, msg_start, len(result))

2023-03-28 19:16:19,839:WARNING:C:\Users\Siddiquee\AppData\Roaming\Python\Python310\site-packages\sklearn\metrics\_classification.py:1344: UndefinedMetricWarning: Precision is ill-defined and being set to 0.0 due to no predicted samples. Use `zero_division` parameter to control this behavior.
  _warn_prf(average, modifier, msg_start, len(result))

2023-03-28 19:16:19,866:WARNING:C:\Users\Siddiquee\AppData\Roaming\Python\Python310\site-packages\sklearn\metrics\_classification.py:1344: UndefinedMetricWarning: Precision is ill-defined and being set to 0.0 due to no predicted samples. Use `zero_division` parameter to control this behavior.
  _warn_prf(average, modifier, msg_start, len(result))

2023-03-28 19:16:20,447:WARNING:C:\Users\Siddiquee\AppData\Roaming\Python\Python310\site-packages\sklearn\metrics\_classification.py:1344: UndefinedMetricWarning: Precision is ill-defined and being set to 0.0 due to no predicted samples. Use `zero_division` parameter to control this behavior.
  _warn_prf(average, modifier, msg_start, len(result))

2023-03-28 19:16:20,541:WARNING:C:\Users\Siddiquee\AppData\Roaming\Python\Python310\site-packages\sklearn\metrics\_classification.py:1344: UndefinedMetricWarning: Precision is ill-defined and being set to 0.0 due to no predicted samples. Use `zero_division` parameter to control this behavior.
  _warn_prf(average, modifier, msg_start, len(result))

2023-03-28 19:16:20,563:WARNING:C:\Users\Siddiquee\AppData\Roaming\Python\Python310\site-packages\sklearn\metrics\_classification.py:1344: UndefinedMetricWarning: Precision is ill-defined and being set to 0.0 due to no predicted samples. Use `zero_division` parameter to control this behavior.
  _warn_prf(average, modifier, msg_start, len(result))

2023-03-28 19:16:21,267:INFO:Calculating mean and std
2023-03-28 19:16:21,270:INFO:Creating metrics dataframe
2023-03-28 19:16:21,460:INFO:Uploading results into container
2023-03-28 19:16:21,460:INFO:Uploading model into container now
2023-03-28 19:16:21,461:INFO:_master_model_container: 1
2023-03-28 19:16:21,461:INFO:_display_container: 2
2023-03-28 19:16:21,461:INFO:LogisticRegression(C=1.0, class_weight=None, dual=False, fit_intercept=True,
                   intercept_scaling=1, l1_ratio=None, max_iter=1000,
                   multi_class='auto', n_jobs=None, penalty='l2',
                   random_state=3934, solver='lbfgs', tol=0.0001, verbose=0,
                   warm_start=False)
2023-03-28 19:16:21,461:INFO:create_model() successfully completed......................................
2023-03-28 19:16:21,522:INFO:SubProcess create_model() end ==================================
2023-03-28 19:16:21,522:INFO:Creating metrics dataframe
2023-03-28 19:16:21,527:INFO:Initializing K Neighbors Classifier
2023-03-28 19:16:21,527:INFO:Total runtime is 0.11581859191258749 minutes
2023-03-28 19:16:21,527:INFO:SubProcess create_model() called ==================================
2023-03-28 19:16:21,527:INFO:Initializing create_model()
2023-03-28 19:16:21,528:INFO:create_model(self=<pycaret.classification.oop.ClassificationExperiment object at 0x00000223E19A36A0>, estimator=knn, fold=StratifiedKFold(n_splits=10, random_state=None, shuffle=False), round=4, cross_validation=True, predict=True, fit_kwargs={}, groups=None, refit=False, probability_threshold=None, experiment_custom_tags=None, verbose=False, system=False, add_to_model_list=True, metrics=None, display=<pycaret.internal.display.display.CommonDisplay object at 0x00000223E494FB80>, model_only=True, return_train_score=False, kwargs={})
2023-03-28 19:16:21,528:INFO:Checking exceptions
2023-03-28 19:16:21,528:INFO:Importing libraries
2023-03-28 19:16:21,528:INFO:Copying training dataset
2023-03-28 19:16:21,541:INFO:Defining folds
2023-03-28 19:16:21,541:INFO:Declaring metric variables
2023-03-28 19:16:21,542:INFO:Importing untrained model
2023-03-28 19:16:21,542:INFO:K Neighbors Classifier Imported successfully
2023-03-28 19:16:21,542:INFO:Starting cross validation
2023-03-28 19:16:21,543:INFO:Cross validating with StratifiedKFold(n_splits=10, random_state=None, shuffle=False), n_jobs=6
2023-03-28 19:16:27,279:INFO:Calculating mean and std
2023-03-28 19:16:27,281:INFO:Creating metrics dataframe
2023-03-28 19:16:27,493:INFO:Uploading results into container
2023-03-28 19:16:27,495:INFO:Uploading model into container now
2023-03-28 19:16:27,496:INFO:_master_model_container: 2
2023-03-28 19:16:27,496:INFO:_display_container: 2
2023-03-28 19:16:27,497:INFO:KNeighborsClassifier(algorithm='auto', leaf_size=30, metric='minkowski',
                     metric_params=None, n_jobs=6, n_neighbors=5, p=2,
                     weights='uniform')
2023-03-28 19:16:27,497:INFO:create_model() successfully completed......................................
2023-03-28 19:16:27,596:INFO:SubProcess create_model() end ==================================
2023-03-28 19:16:27,597:INFO:Creating metrics dataframe
2023-03-28 19:16:27,604:INFO:Initializing Naive Bayes
2023-03-28 19:16:27,604:INFO:Total runtime is 0.21710955301920573 minutes
2023-03-28 19:16:27,605:INFO:SubProcess create_model() called ==================================
2023-03-28 19:16:27,605:INFO:Initializing create_model()
2023-03-28 19:16:27,605:INFO:create_model(self=<pycaret.classification.oop.ClassificationExperiment object at 0x00000223E19A36A0>, estimator=nb, fold=StratifiedKFold(n_splits=10, random_state=None, shuffle=False), round=4, cross_validation=True, predict=True, fit_kwargs={}, groups=None, refit=False, probability_threshold=None, experiment_custom_tags=None, verbose=False, system=False, add_to_model_list=True, metrics=None, display=<pycaret.internal.display.display.CommonDisplay object at 0x00000223E494FB80>, model_only=True, return_train_score=False, kwargs={})
2023-03-28 19:16:27,605:INFO:Checking exceptions
2023-03-28 19:16:27,605:INFO:Importing libraries
2023-03-28 19:16:27,605:INFO:Copying training dataset
2023-03-28 19:16:27,632:INFO:Defining folds
2023-03-28 19:16:27,632:INFO:Declaring metric variables
2023-03-28 19:16:27,633:INFO:Importing untrained model
2023-03-28 19:16:27,633:INFO:Naive Bayes Imported successfully
2023-03-28 19:16:27,633:INFO:Starting cross validation
2023-03-28 19:16:27,635:INFO:Cross validating with StratifiedKFold(n_splits=10, random_state=None, shuffle=False), n_jobs=6
2023-03-28 19:16:30,213:INFO:Calculating mean and std
2023-03-28 19:16:30,214:INFO:Creating metrics dataframe
2023-03-28 19:16:30,355:INFO:Uploading results into container
2023-03-28 19:16:30,356:INFO:Uploading model into container now
2023-03-28 19:16:30,356:INFO:_master_model_container: 3
2023-03-28 19:16:30,356:INFO:_display_container: 2
2023-03-28 19:16:30,357:INFO:GaussianNB(priors=None, var_smoothing=1e-09)
2023-03-28 19:16:30,357:INFO:create_model() successfully completed......................................
2023-03-28 19:16:30,419:INFO:SubProcess create_model() end ==================================
2023-03-28 19:16:30,419:INFO:Creating metrics dataframe
2023-03-28 19:16:30,426:INFO:Initializing Decision Tree Classifier
2023-03-28 19:16:30,426:INFO:Total runtime is 0.26413947343826294 minutes
2023-03-28 19:16:30,426:INFO:SubProcess create_model() called ==================================
2023-03-28 19:16:30,426:INFO:Initializing create_model()
2023-03-28 19:16:30,426:INFO:create_model(self=<pycaret.classification.oop.ClassificationExperiment object at 0x00000223E19A36A0>, estimator=dt, fold=StratifiedKFold(n_splits=10, random_state=None, shuffle=False), round=4, cross_validation=True, predict=True, fit_kwargs={}, groups=None, refit=False, probability_threshold=None, experiment_custom_tags=None, verbose=False, system=False, add_to_model_list=True, metrics=None, display=<pycaret.internal.display.display.CommonDisplay object at 0x00000223E494FB80>, model_only=True, return_train_score=False, kwargs={})
2023-03-28 19:16:30,427:INFO:Checking exceptions
2023-03-28 19:16:30,427:INFO:Importing libraries
2023-03-28 19:16:30,427:INFO:Copying training dataset
2023-03-28 19:16:30,440:INFO:Defining folds
2023-03-28 19:16:30,440:INFO:Declaring metric variables
2023-03-28 19:16:30,440:INFO:Importing untrained model
2023-03-28 19:16:30,441:INFO:Decision Tree Classifier Imported successfully
2023-03-28 19:16:30,441:INFO:Starting cross validation
2023-03-28 19:16:30,442:INFO:Cross validating with StratifiedKFold(n_splits=10, random_state=None, shuffle=False), n_jobs=6
2023-03-28 19:16:32,749:INFO:Calculating mean and std
2023-03-28 19:16:32,750:INFO:Creating metrics dataframe
2023-03-28 19:16:32,878:INFO:Uploading results into container
2023-03-28 19:16:32,879:INFO:Uploading model into container now
2023-03-28 19:16:32,879:INFO:_master_model_container: 4
2023-03-28 19:16:32,879:INFO:_display_container: 2
2023-03-28 19:16:32,879:INFO:DecisionTreeClassifier(ccp_alpha=0.0, class_weight=None, criterion='gini',
                       max_depth=None, max_features=None, max_leaf_nodes=None,
                       min_impurity_decrease=0.0, min_samples_leaf=1,
                       min_samples_split=2, min_weight_fraction_leaf=0.0,
                       random_state=3934, splitter='best')
2023-03-28 19:16:32,879:INFO:create_model() successfully completed......................................
2023-03-28 19:16:32,941:INFO:SubProcess create_model() end ==================================
2023-03-28 19:16:32,941:INFO:Creating metrics dataframe
2023-03-28 19:16:32,946:INFO:Initializing SVM - Linear Kernel
2023-03-28 19:16:32,946:INFO:Total runtime is 0.30614387194315595 minutes
2023-03-28 19:16:32,946:INFO:SubProcess create_model() called ==================================
2023-03-28 19:16:32,946:INFO:Initializing create_model()
2023-03-28 19:16:32,947:INFO:create_model(self=<pycaret.classification.oop.ClassificationExperiment object at 0x00000223E19A36A0>, estimator=svm, fold=StratifiedKFold(n_splits=10, random_state=None, shuffle=False), round=4, cross_validation=True, predict=True, fit_kwargs={}, groups=None, refit=False, probability_threshold=None, experiment_custom_tags=None, verbose=False, system=False, add_to_model_list=True, metrics=None, display=<pycaret.internal.display.display.CommonDisplay object at 0x00000223E494FB80>, model_only=True, return_train_score=False, kwargs={})
2023-03-28 19:16:32,947:INFO:Checking exceptions
2023-03-28 19:16:32,947:INFO:Importing libraries
2023-03-28 19:16:32,947:INFO:Copying training dataset
2023-03-28 19:16:32,959:INFO:Defining folds
2023-03-28 19:16:32,959:INFO:Declaring metric variables
2023-03-28 19:16:32,959:INFO:Importing untrained model
2023-03-28 19:16:32,960:INFO:SVM - Linear Kernel Imported successfully
2023-03-28 19:16:32,960:INFO:Starting cross validation
2023-03-28 19:16:32,961:INFO:Cross validating with StratifiedKFold(n_splits=10, random_state=None, shuffle=False), n_jobs=6
2023-03-28 19:16:33,312:WARNING:C:\Users\Siddiquee\AppData\Roaming\Python\Python310\site-packages\pycaret\internal\metrics.py:138: FitFailedWarning: Metric 'make_scorer(roc_auc_score, needs_proba=True, error_score=0.0, average=weighted, multi_class=ovr)' failed and error score 0.0 has been returned instead. If this is a custom metric, this usually means that the error is in the metric code. Full exception below:
Traceback (most recent call last):
  File "C:\Users\Siddiquee\AppData\Roaming\Python\Python310\site-packages\sklearn\metrics\_scorer.py", line 76, in _cached_call
    return cache[method]
KeyError: 'predict_proba'

During handling of the above exception, another exception occurred:

Traceback (most recent call last):
  File "C:\Users\Siddiquee\AppData\Roaming\Python\Python310\site-packages\pycaret\internal\metrics.py", line 130, in _score
    return super()._score(
  File "C:\Users\Siddiquee\AppData\Roaming\Python\Python310\site-packages\sklearn\metrics\_scorer.py", line 316, in _score
    y_pred = method_caller(clf, "predict_proba", X)
  File "C:\Users\Siddiquee\AppData\Roaming\Python\Python310\site-packages\sklearn\metrics\_scorer.py", line 78, in _cached_call
    result = getattr(estimator, method)(*args, **kwargs)
  File "C:\Users\Siddiquee\AppData\Roaming\Python\Python310\site-packages\pycaret\internal\pipeline.py", line 121, in __getattr__
    return getattr(self._final_estimator, name)
  File "C:\Users\Siddiquee\AppData\Roaming\Python\Python310\site-packages\sklearn\utils\_available_if.py", line 32, in __get__
    if not self.check(obj):
  File "C:\Users\Siddiquee\AppData\Roaming\Python\Python310\site-packages\sklearn\linear_model\_stochastic_gradient.py", line 1235, in _check_proba
    raise AttributeError(
AttributeError: probability estimates are not available for loss='hinge'

  warnings.warn(

2023-03-28 19:16:33,312:WARNING:C:\Users\Siddiquee\AppData\Roaming\Python\Python310\site-packages\pycaret\internal\metrics.py:138: FitFailedWarning: Metric 'make_scorer(roc_auc_score, needs_proba=True, error_score=0.0, average=weighted, multi_class=ovr)' failed and error score 0.0 has been returned instead. If this is a custom metric, this usually means that the error is in the metric code. Full exception below:
Traceback (most recent call last):
  File "C:\Users\Siddiquee\AppData\Roaming\Python\Python310\site-packages\sklearn\metrics\_scorer.py", line 76, in _cached_call
    return cache[method]
KeyError: 'predict_proba'

During handling of the above exception, another exception occurred:

Traceback (most recent call last):
  File "C:\Users\Siddiquee\AppData\Roaming\Python\Python310\site-packages\pycaret\internal\metrics.py", line 130, in _score
    return super()._score(
  File "C:\Users\Siddiquee\AppData\Roaming\Python\Python310\site-packages\sklearn\metrics\_scorer.py", line 316, in _score
    y_pred = method_caller(clf, "predict_proba", X)
  File "C:\Users\Siddiquee\AppData\Roaming\Python\Python310\site-packages\sklearn\metrics\_scorer.py", line 78, in _cached_call
    result = getattr(estimator, method)(*args, **kwargs)
  File "C:\Users\Siddiquee\AppData\Roaming\Python\Python310\site-packages\pycaret\internal\pipeline.py", line 121, in __getattr__
    return getattr(self._final_estimator, name)
  File "C:\Users\Siddiquee\AppData\Roaming\Python\Python310\site-packages\sklearn\utils\_available_if.py", line 32, in __get__
    if not self.check(obj):
  File "C:\Users\Siddiquee\AppData\Roaming\Python\Python310\site-packages\sklearn\linear_model\_stochastic_gradient.py", line 1235, in _check_proba
    raise AttributeError(
AttributeError: probability estimates are not available for loss='hinge'

  warnings.warn(

2023-03-28 19:16:33,312:WARNING:C:\Users\Siddiquee\AppData\Roaming\Python\Python310\site-packages\pycaret\internal\metrics.py:138: FitFailedWarning: Metric 'make_scorer(roc_auc_score, needs_proba=True, error_score=0.0, average=weighted, multi_class=ovr)' failed and error score 0.0 has been returned instead. If this is a custom metric, this usually means that the error is in the metric code. Full exception below:
Traceback (most recent call last):
  File "C:\Users\Siddiquee\AppData\Roaming\Python\Python310\site-packages\sklearn\metrics\_scorer.py", line 76, in _cached_call
    return cache[method]
KeyError: 'predict_proba'

During handling of the above exception, another exception occurred:

Traceback (most recent call last):
  File "C:\Users\Siddiquee\AppData\Roaming\Python\Python310\site-packages\pycaret\internal\metrics.py", line 130, in _score
    return super()._score(
  File "C:\Users\Siddiquee\AppData\Roaming\Python\Python310\site-packages\sklearn\metrics\_scorer.py", line 316, in _score
    y_pred = method_caller(clf, "predict_proba", X)
  File "C:\Users\Siddiquee\AppData\Roaming\Python\Python310\site-packages\sklearn\metrics\_scorer.py", line 78, in _cached_call
    result = getattr(estimator, method)(*args, **kwargs)
  File "C:\Users\Siddiquee\AppData\Roaming\Python\Python310\site-packages\pycaret\internal\pipeline.py", line 121, in __getattr__
    return getattr(self._final_estimator, name)
  File "C:\Users\Siddiquee\AppData\Roaming\Python\Python310\site-packages\sklearn\utils\_available_if.py", line 32, in __get__
    if not self.check(obj):
  File "C:\Users\Siddiquee\AppData\Roaming\Python\Python310\site-packages\sklearn\linear_model\_stochastic_gradient.py", line 1235, in _check_proba
    raise AttributeError(
AttributeError: probability estimates are not available for loss='hinge'

  warnings.warn(

2023-03-28 19:16:33,312:WARNING:C:\Users\Siddiquee\AppData\Roaming\Python\Python310\site-packages\pycaret\internal\metrics.py:138: FitFailedWarning: Metric 'make_scorer(roc_auc_score, needs_proba=True, error_score=0.0, average=weighted, multi_class=ovr)' failed and error score 0.0 has been returned instead. If this is a custom metric, this usually means that the error is in the metric code. Full exception below:
Traceback (most recent call last):
  File "C:\Users\Siddiquee\AppData\Roaming\Python\Python310\site-packages\sklearn\metrics\_scorer.py", line 76, in _cached_call
    return cache[method]
KeyError: 'predict_proba'

During handling of the above exception, another exception occurred:

Traceback (most recent call last):
  File "C:\Users\Siddiquee\AppData\Roaming\Python\Python310\site-packages\pycaret\internal\metrics.py", line 130, in _score
    return super()._score(
  File "C:\Users\Siddiquee\AppData\Roaming\Python\Python310\site-packages\sklearn\metrics\_scorer.py", line 316, in _score
    y_pred = method_caller(clf, "predict_proba", X)
  File "C:\Users\Siddiquee\AppData\Roaming\Python\Python310\site-packages\sklearn\metrics\_scorer.py", line 78, in _cached_call
    result = getattr(estimator, method)(*args, **kwargs)
  File "C:\Users\Siddiquee\AppData\Roaming\Python\Python310\site-packages\pycaret\internal\pipeline.py", line 121, in __getattr__
    return getattr(self._final_estimator, name)
  File "C:\Users\Siddiquee\AppData\Roaming\Python\Python310\site-packages\sklearn\utils\_available_if.py", line 32, in __get__
    if not self.check(obj):
  File "C:\Users\Siddiquee\AppData\Roaming\Python\Python310\site-packages\sklearn\linear_model\_stochastic_gradient.py", line 1235, in _check_proba
    raise AttributeError(
AttributeError: probability estimates are not available for loss='hinge'

  warnings.warn(

2023-03-28 19:16:33,318:WARNING:C:\Users\Siddiquee\AppData\Roaming\Python\Python310\site-packages\pycaret\internal\metrics.py:138: FitFailedWarning: Metric 'make_scorer(roc_auc_score, needs_proba=True, error_score=0.0, average=weighted, multi_class=ovr)' failed and error score 0.0 has been returned instead. If this is a custom metric, this usually means that the error is in the metric code. Full exception below:
Traceback (most recent call last):
  File "C:\Users\Siddiquee\AppData\Roaming\Python\Python310\site-packages\sklearn\metrics\_scorer.py", line 76, in _cached_call
    return cache[method]
KeyError: 'predict_proba'

During handling of the above exception, another exception occurred:

Traceback (most recent call last):
  File "C:\Users\Siddiquee\AppData\Roaming\Python\Python310\site-packages\pycaret\internal\metrics.py", line 130, in _score
    return super()._score(
  File "C:\Users\Siddiquee\AppData\Roaming\Python\Python310\site-packages\sklearn\metrics\_scorer.py", line 316, in _score
    y_pred = method_caller(clf, "predict_proba", X)
  File "C:\Users\Siddiquee\AppData\Roaming\Python\Python310\site-packages\sklearn\metrics\_scorer.py", line 78, in _cached_call
    result = getattr(estimator, method)(*args, **kwargs)
  File "C:\Users\Siddiquee\AppData\Roaming\Python\Python310\site-packages\pycaret\internal\pipeline.py", line 121, in __getattr__
    return getattr(self._final_estimator, name)
  File "C:\Users\Siddiquee\AppData\Roaming\Python\Python310\site-packages\sklearn\utils\_available_if.py", line 32, in __get__
    if not self.check(obj):
  File "C:\Users\Siddiquee\AppData\Roaming\Python\Python310\site-packages\sklearn\linear_model\_stochastic_gradient.py", line 1235, in _check_proba
    raise AttributeError(
AttributeError: probability estimates are not available for loss='hinge'

  warnings.warn(

2023-03-28 19:16:33,323:WARNING:C:\Users\Siddiquee\AppData\Roaming\Python\Python310\site-packages\sklearn\metrics\_classification.py:1344: UndefinedMetricWarning: Precision is ill-defined and being set to 0.0 due to no predicted samples. Use `zero_division` parameter to control this behavior.
  _warn_prf(average, modifier, msg_start, len(result))

2023-03-28 19:16:33,323:WARNING:C:\Users\Siddiquee\AppData\Roaming\Python\Python310\site-packages\sklearn\metrics\_classification.py:1344: UndefinedMetricWarning: Precision is ill-defined and being set to 0.0 due to no predicted samples. Use `zero_division` parameter to control this behavior.
  _warn_prf(average, modifier, msg_start, len(result))

2023-03-28 19:16:33,325:WARNING:C:\Users\Siddiquee\AppData\Roaming\Python\Python310\site-packages\sklearn\metrics\_classification.py:1344: UndefinedMetricWarning: Precision is ill-defined and being set to 0.0 due to no predicted samples. Use `zero_division` parameter to control this behavior.
  _warn_prf(average, modifier, msg_start, len(result))

2023-03-28 19:16:33,363:WARNING:C:\Users\Siddiquee\AppData\Roaming\Python\Python310\site-packages\pycaret\internal\metrics.py:138: FitFailedWarning: Metric 'make_scorer(roc_auc_score, needs_proba=True, error_score=0.0, average=weighted, multi_class=ovr)' failed and error score 0.0 has been returned instead. If this is a custom metric, this usually means that the error is in the metric code. Full exception below:
Traceback (most recent call last):
  File "C:\Users\Siddiquee\AppData\Roaming\Python\Python310\site-packages\sklearn\metrics\_scorer.py", line 76, in _cached_call
    return cache[method]
KeyError: 'predict_proba'

During handling of the above exception, another exception occurred:

Traceback (most recent call last):
  File "C:\Users\Siddiquee\AppData\Roaming\Python\Python310\site-packages\pycaret\internal\metrics.py", line 130, in _score
    return super()._score(
  File "C:\Users\Siddiquee\AppData\Roaming\Python\Python310\site-packages\sklearn\metrics\_scorer.py", line 316, in _score
    y_pred = method_caller(clf, "predict_proba", X)
  File "C:\Users\Siddiquee\AppData\Roaming\Python\Python310\site-packages\sklearn\metrics\_scorer.py", line 78, in _cached_call
    result = getattr(estimator, method)(*args, **kwargs)
  File "C:\Users\Siddiquee\AppData\Roaming\Python\Python310\site-packages\pycaret\internal\pipeline.py", line 121, in __getattr__
    return getattr(self._final_estimator, name)
  File "C:\Users\Siddiquee\AppData\Roaming\Python\Python310\site-packages\sklearn\utils\_available_if.py", line 32, in __get__
    if not self.check(obj):
  File "C:\Users\Siddiquee\AppData\Roaming\Python\Python310\site-packages\sklearn\linear_model\_stochastic_gradient.py", line 1235, in _check_proba
    raise AttributeError(
AttributeError: probability estimates are not available for loss='hinge'

  warnings.warn(

2023-03-28 19:16:33,379:WARNING:C:\Users\Siddiquee\AppData\Roaming\Python\Python310\site-packages\sklearn\metrics\_classification.py:1344: UndefinedMetricWarning: Precision is ill-defined and being set to 0.0 due to no predicted samples. Use `zero_division` parameter to control this behavior.
  _warn_prf(average, modifier, msg_start, len(result))

2023-03-28 19:16:34,066:WARNING:C:\Users\Siddiquee\AppData\Roaming\Python\Python310\site-packages\pycaret\internal\metrics.py:138: FitFailedWarning: Metric 'make_scorer(roc_auc_score, needs_proba=True, error_score=0.0, average=weighted, multi_class=ovr)' failed and error score 0.0 has been returned instead. If this is a custom metric, this usually means that the error is in the metric code. Full exception below:
Traceback (most recent call last):
  File "C:\Users\Siddiquee\AppData\Roaming\Python\Python310\site-packages\sklearn\metrics\_scorer.py", line 76, in _cached_call
    return cache[method]
KeyError: 'predict_proba'

During handling of the above exception, another exception occurred:

Traceback (most recent call last):
  File "C:\Users\Siddiquee\AppData\Roaming\Python\Python310\site-packages\pycaret\internal\metrics.py", line 130, in _score
    return super()._score(
  File "C:\Users\Siddiquee\AppData\Roaming\Python\Python310\site-packages\sklearn\metrics\_scorer.py", line 316, in _score
    y_pred = method_caller(clf, "predict_proba", X)
  File "C:\Users\Siddiquee\AppData\Roaming\Python\Python310\site-packages\sklearn\metrics\_scorer.py", line 78, in _cached_call
    result = getattr(estimator, method)(*args, **kwargs)
  File "C:\Users\Siddiquee\AppData\Roaming\Python\Python310\site-packages\pycaret\internal\pipeline.py", line 121, in __getattr__
    return getattr(self._final_estimator, name)
  File "C:\Users\Siddiquee\AppData\Roaming\Python\Python310\site-packages\sklearn\utils\_available_if.py", line 32, in __get__
    if not self.check(obj):
  File "C:\Users\Siddiquee\AppData\Roaming\Python\Python310\site-packages\sklearn\linear_model\_stochastic_gradient.py", line 1235, in _check_proba
    raise AttributeError(
AttributeError: probability estimates are not available for loss='hinge'

  warnings.warn(

2023-03-28 19:16:34,082:WARNING:C:\Users\Siddiquee\AppData\Roaming\Python\Python310\site-packages\sklearn\metrics\_classification.py:1344: UndefinedMetricWarning: Precision is ill-defined and being set to 0.0 due to no predicted samples. Use `zero_division` parameter to control this behavior.
  _warn_prf(average, modifier, msg_start, len(result))

2023-03-28 19:16:34,091:WARNING:C:\Users\Siddiquee\AppData\Roaming\Python\Python310\site-packages\pycaret\internal\metrics.py:138: FitFailedWarning: Metric 'make_scorer(roc_auc_score, needs_proba=True, error_score=0.0, average=weighted, multi_class=ovr)' failed and error score 0.0 has been returned instead. If this is a custom metric, this usually means that the error is in the metric code. Full exception below:
Traceback (most recent call last):
  File "C:\Users\Siddiquee\AppData\Roaming\Python\Python310\site-packages\sklearn\metrics\_scorer.py", line 76, in _cached_call
    return cache[method]
KeyError: 'predict_proba'

During handling of the above exception, another exception occurred:

Traceback (most recent call last):
  File "C:\Users\Siddiquee\AppData\Roaming\Python\Python310\site-packages\pycaret\internal\metrics.py", line 130, in _score
    return super()._score(
  File "C:\Users\Siddiquee\AppData\Roaming\Python\Python310\site-packages\sklearn\metrics\_scorer.py", line 316, in _score
    y_pred = method_caller(clf, "predict_proba", X)
  File "C:\Users\Siddiquee\AppData\Roaming\Python\Python310\site-packages\sklearn\metrics\_scorer.py", line 78, in _cached_call
    result = getattr(estimator, method)(*args, **kwargs)
  File "C:\Users\Siddiquee\AppData\Roaming\Python\Python310\site-packages\pycaret\internal\pipeline.py", line 121, in __getattr__
    return getattr(self._final_estimator, name)
  File "C:\Users\Siddiquee\AppData\Roaming\Python\Python310\site-packages\sklearn\utils\_available_if.py", line 32, in __get__
    if not self.check(obj):
  File "C:\Users\Siddiquee\AppData\Roaming\Python\Python310\site-packages\sklearn\linear_model\_stochastic_gradient.py", line 1235, in _check_proba
    raise AttributeError(
AttributeError: probability estimates are not available for loss='hinge'

  warnings.warn(

2023-03-28 19:16:34,097:WARNING:C:\Users\Siddiquee\AppData\Roaming\Python\Python310\site-packages\pycaret\internal\metrics.py:138: FitFailedWarning: Metric 'make_scorer(roc_auc_score, needs_proba=True, error_score=0.0, average=weighted, multi_class=ovr)' failed and error score 0.0 has been returned instead. If this is a custom metric, this usually means that the error is in the metric code. Full exception below:
Traceback (most recent call last):
  File "C:\Users\Siddiquee\AppData\Roaming\Python\Python310\site-packages\sklearn\metrics\_scorer.py", line 76, in _cached_call
    return cache[method]
KeyError: 'predict_proba'

During handling of the above exception, another exception occurred:

Traceback (most recent call last):
  File "C:\Users\Siddiquee\AppData\Roaming\Python\Python310\site-packages\pycaret\internal\metrics.py", line 130, in _score
    return super()._score(
  File "C:\Users\Siddiquee\AppData\Roaming\Python\Python310\site-packages\sklearn\metrics\_scorer.py", line 316, in _score
    y_pred = method_caller(clf, "predict_proba", X)
  File "C:\Users\Siddiquee\AppData\Roaming\Python\Python310\site-packages\sklearn\metrics\_scorer.py", line 78, in _cached_call
    result = getattr(estimator, method)(*args, **kwargs)
  File "C:\Users\Siddiquee\AppData\Roaming\Python\Python310\site-packages\pycaret\internal\pipeline.py", line 121, in __getattr__
    return getattr(self._final_estimator, name)
  File "C:\Users\Siddiquee\AppData\Roaming\Python\Python310\site-packages\sklearn\utils\_available_if.py", line 32, in __get__
    if not self.check(obj):
  File "C:\Users\Siddiquee\AppData\Roaming\Python\Python310\site-packages\sklearn\linear_model\_stochastic_gradient.py", line 1235, in _check_proba
    raise AttributeError(
AttributeError: probability estimates are not available for loss='hinge'

  warnings.warn(

2023-03-28 19:16:34,101:WARNING:C:\Users\Siddiquee\AppData\Roaming\Python\Python310\site-packages\pycaret\internal\metrics.py:138: FitFailedWarning: Metric 'make_scorer(roc_auc_score, needs_proba=True, error_score=0.0, average=weighted, multi_class=ovr)' failed and error score 0.0 has been returned instead. If this is a custom metric, this usually means that the error is in the metric code. Full exception below:
Traceback (most recent call last):
  File "C:\Users\Siddiquee\AppData\Roaming\Python\Python310\site-packages\sklearn\metrics\_scorer.py", line 76, in _cached_call
    return cache[method]
KeyError: 'predict_proba'

During handling of the above exception, another exception occurred:

Traceback (most recent call last):
  File "C:\Users\Siddiquee\AppData\Roaming\Python\Python310\site-packages\pycaret\internal\metrics.py", line 130, in _score
    return super()._score(
  File "C:\Users\Siddiquee\AppData\Roaming\Python\Python310\site-packages\sklearn\metrics\_scorer.py", line 316, in _score
    y_pred = method_caller(clf, "predict_proba", X)
  File "C:\Users\Siddiquee\AppData\Roaming\Python\Python310\site-packages\sklearn\metrics\_scorer.py", line 78, in _cached_call
    result = getattr(estimator, method)(*args, **kwargs)
  File "C:\Users\Siddiquee\AppData\Roaming\Python\Python310\site-packages\pycaret\internal\pipeline.py", line 121, in __getattr__
    return getattr(self._final_estimator, name)
  File "C:\Users\Siddiquee\AppData\Roaming\Python\Python310\site-packages\sklearn\utils\_available_if.py", line 32, in __get__
    if not self.check(obj):
  File "C:\Users\Siddiquee\AppData\Roaming\Python\Python310\site-packages\sklearn\linear_model\_stochastic_gradient.py", line 1235, in _check_proba
    raise AttributeError(
AttributeError: probability estimates are not available for loss='hinge'

  warnings.warn(

2023-03-28 19:16:34,108:WARNING:C:\Users\Siddiquee\AppData\Roaming\Python\Python310\site-packages\sklearn\metrics\_classification.py:1344: UndefinedMetricWarning: Precision is ill-defined and being set to 0.0 due to no predicted samples. Use `zero_division` parameter to control this behavior.
  _warn_prf(average, modifier, msg_start, len(result))

2023-03-28 19:16:34,115:WARNING:C:\Users\Siddiquee\AppData\Roaming\Python\Python310\site-packages\sklearn\metrics\_classification.py:1344: UndefinedMetricWarning: Precision is ill-defined and being set to 0.0 due to no predicted samples. Use `zero_division` parameter to control this behavior.
  _warn_prf(average, modifier, msg_start, len(result))

2023-03-28 19:16:34,116:WARNING:C:\Users\Siddiquee\AppData\Roaming\Python\Python310\site-packages\sklearn\metrics\_classification.py:1344: UndefinedMetricWarning: Precision is ill-defined and being set to 0.0 due to no predicted samples. Use `zero_division` parameter to control this behavior.
  _warn_prf(average, modifier, msg_start, len(result))

2023-03-28 19:16:35,240:INFO:Calculating mean and std
2023-03-28 19:16:35,240:INFO:Creating metrics dataframe
2023-03-28 19:16:35,375:INFO:Uploading results into container
2023-03-28 19:16:35,376:INFO:Uploading model into container now
2023-03-28 19:16:35,376:INFO:_master_model_container: 5
2023-03-28 19:16:35,376:INFO:_display_container: 2
2023-03-28 19:16:35,377:INFO:SGDClassifier(alpha=0.0001, average=False, class_weight=None,
              early_stopping=False, epsilon=0.1, eta0=0.001, fit_intercept=True,
              l1_ratio=0.15, learning_rate='optimal', loss='hinge',
              max_iter=1000, n_iter_no_change=5, n_jobs=6, penalty='l2',
              power_t=0.5, random_state=3934, shuffle=True, tol=0.001,
              validation_fraction=0.1, verbose=0, warm_start=False)
2023-03-28 19:16:35,377:INFO:create_model() successfully completed......................................
2023-03-28 19:16:35,439:INFO:SubProcess create_model() end ==================================
2023-03-28 19:16:35,439:INFO:Creating metrics dataframe
2023-03-28 19:16:35,444:INFO:Initializing Ridge Classifier
2023-03-28 19:16:35,445:INFO:Total runtime is 0.3477813522020976 minutes
2023-03-28 19:16:35,445:INFO:SubProcess create_model() called ==================================
2023-03-28 19:16:35,445:INFO:Initializing create_model()
2023-03-28 19:16:35,445:INFO:create_model(self=<pycaret.classification.oop.ClassificationExperiment object at 0x00000223E19A36A0>, estimator=ridge, fold=StratifiedKFold(n_splits=10, random_state=None, shuffle=False), round=4, cross_validation=True, predict=True, fit_kwargs={}, groups=None, refit=False, probability_threshold=None, experiment_custom_tags=None, verbose=False, system=False, add_to_model_list=True, metrics=None, display=<pycaret.internal.display.display.CommonDisplay object at 0x00000223E494FB80>, model_only=True, return_train_score=False, kwargs={})
2023-03-28 19:16:35,445:INFO:Checking exceptions
2023-03-28 19:16:35,445:INFO:Importing libraries
2023-03-28 19:16:35,445:INFO:Copying training dataset
2023-03-28 19:16:35,458:INFO:Defining folds
2023-03-28 19:16:35,458:INFO:Declaring metric variables
2023-03-28 19:16:35,458:INFO:Importing untrained model
2023-03-28 19:16:35,458:INFO:Ridge Classifier Imported successfully
2023-03-28 19:16:35,459:INFO:Starting cross validation
2023-03-28 19:16:35,459:INFO:Cross validating with StratifiedKFold(n_splits=10, random_state=None, shuffle=False), n_jobs=6
2023-03-28 19:16:35,610:WARNING:C:\Users\Siddiquee\AppData\Roaming\Python\Python310\site-packages\pycaret\internal\metrics.py:138: FitFailedWarning: Metric 'make_scorer(roc_auc_score, needs_proba=True, error_score=0.0, average=weighted, multi_class=ovr)' failed and error score 0.0 has been returned instead. If this is a custom metric, this usually means that the error is in the metric code. Full exception below:
Traceback (most recent call last):
  File "C:\Users\Siddiquee\AppData\Roaming\Python\Python310\site-packages\sklearn\metrics\_scorer.py", line 76, in _cached_call
    return cache[method]
KeyError: 'predict_proba'

During handling of the above exception, another exception occurred:

Traceback (most recent call last):
  File "C:\Users\Siddiquee\AppData\Roaming\Python\Python310\site-packages\pycaret\internal\metrics.py", line 130, in _score
    return super()._score(
  File "C:\Users\Siddiquee\AppData\Roaming\Python\Python310\site-packages\sklearn\metrics\_scorer.py", line 316, in _score
    y_pred = method_caller(clf, "predict_proba", X)
  File "C:\Users\Siddiquee\AppData\Roaming\Python\Python310\site-packages\sklearn\metrics\_scorer.py", line 78, in _cached_call
    result = getattr(estimator, method)(*args, **kwargs)
  File "C:\Users\Siddiquee\AppData\Roaming\Python\Python310\site-packages\pycaret\internal\pipeline.py", line 121, in __getattr__
    return getattr(self._final_estimator, name)
AttributeError: 'RidgeClassifier' object has no attribute 'predict_proba'

  warnings.warn(

2023-03-28 19:16:35,611:WARNING:C:\Users\Siddiquee\AppData\Roaming\Python\Python310\site-packages\pycaret\internal\metrics.py:138: FitFailedWarning: Metric 'make_scorer(roc_auc_score, needs_proba=True, error_score=0.0, average=weighted, multi_class=ovr)' failed and error score 0.0 has been returned instead. If this is a custom metric, this usually means that the error is in the metric code. Full exception below:
Traceback (most recent call last):
  File "C:\Users\Siddiquee\AppData\Roaming\Python\Python310\site-packages\sklearn\metrics\_scorer.py", line 76, in _cached_call
    return cache[method]
KeyError: 'predict_proba'

During handling of the above exception, another exception occurred:

Traceback (most recent call last):
  File "C:\Users\Siddiquee\AppData\Roaming\Python\Python310\site-packages\pycaret\internal\metrics.py", line 130, in _score
    return super()._score(
  File "C:\Users\Siddiquee\AppData\Roaming\Python\Python310\site-packages\sklearn\metrics\_scorer.py", line 316, in _score
    y_pred = method_caller(clf, "predict_proba", X)
  File "C:\Users\Siddiquee\AppData\Roaming\Python\Python310\site-packages\sklearn\metrics\_scorer.py", line 78, in _cached_call
    result = getattr(estimator, method)(*args, **kwargs)
  File "C:\Users\Siddiquee\AppData\Roaming\Python\Python310\site-packages\pycaret\internal\pipeline.py", line 121, in __getattr__
    return getattr(self._final_estimator, name)
AttributeError: 'RidgeClassifier' object has no attribute 'predict_proba'

  warnings.warn(

2023-03-28 19:16:35,612:WARNING:C:\Users\Siddiquee\AppData\Roaming\Python\Python310\site-packages\pycaret\internal\metrics.py:138: FitFailedWarning: Metric 'make_scorer(roc_auc_score, needs_proba=True, error_score=0.0, average=weighted, multi_class=ovr)' failed and error score 0.0 has been returned instead. If this is a custom metric, this usually means that the error is in the metric code. Full exception below:
Traceback (most recent call last):
  File "C:\Users\Siddiquee\AppData\Roaming\Python\Python310\site-packages\sklearn\metrics\_scorer.py", line 76, in _cached_call
    return cache[method]
KeyError: 'predict_proba'

During handling of the above exception, another exception occurred:

Traceback (most recent call last):
  File "C:\Users\Siddiquee\AppData\Roaming\Python\Python310\site-packages\pycaret\internal\metrics.py", line 130, in _score
    return super()._score(
  File "C:\Users\Siddiquee\AppData\Roaming\Python\Python310\site-packages\sklearn\metrics\_scorer.py", line 316, in _score
    y_pred = method_caller(clf, "predict_proba", X)
  File "C:\Users\Siddiquee\AppData\Roaming\Python\Python310\site-packages\sklearn\metrics\_scorer.py", line 78, in _cached_call
    result = getattr(estimator, method)(*args, **kwargs)
  File "C:\Users\Siddiquee\AppData\Roaming\Python\Python310\site-packages\pycaret\internal\pipeline.py", line 121, in __getattr__
    return getattr(self._final_estimator, name)
AttributeError: 'RidgeClassifier' object has no attribute 'predict_proba'

  warnings.warn(

2023-03-28 19:16:35,618:WARNING:C:\Users\Siddiquee\AppData\Roaming\Python\Python310\site-packages\sklearn\metrics\_classification.py:1344: UndefinedMetricWarning: Precision is ill-defined and being set to 0.0 due to no predicted samples. Use `zero_division` parameter to control this behavior.
  _warn_prf(average, modifier, msg_start, len(result))

2023-03-28 19:16:35,619:WARNING:C:\Users\Siddiquee\AppData\Roaming\Python\Python310\site-packages\sklearn\metrics\_classification.py:1344: UndefinedMetricWarning: Precision is ill-defined and being set to 0.0 due to no predicted samples. Use `zero_division` parameter to control this behavior.
  _warn_prf(average, modifier, msg_start, len(result))

2023-03-28 19:16:35,621:WARNING:C:\Users\Siddiquee\AppData\Roaming\Python\Python310\site-packages\sklearn\metrics\_classification.py:1344: UndefinedMetricWarning: Precision is ill-defined and being set to 0.0 due to no predicted samples. Use `zero_division` parameter to control this behavior.
  _warn_prf(average, modifier, msg_start, len(result))

2023-03-28 19:16:35,625:WARNING:C:\Users\Siddiquee\AppData\Roaming\Python\Python310\site-packages\pycaret\internal\metrics.py:138: FitFailedWarning: Metric 'make_scorer(roc_auc_score, needs_proba=True, error_score=0.0, average=weighted, multi_class=ovr)' failed and error score 0.0 has been returned instead. If this is a custom metric, this usually means that the error is in the metric code. Full exception below:
Traceback (most recent call last):
  File "C:\Users\Siddiquee\AppData\Roaming\Python\Python310\site-packages\sklearn\metrics\_scorer.py", line 76, in _cached_call
    return cache[method]
KeyError: 'predict_proba'

During handling of the above exception, another exception occurred:

Traceback (most recent call last):
  File "C:\Users\Siddiquee\AppData\Roaming\Python\Python310\site-packages\pycaret\internal\metrics.py", line 130, in _score
    return super()._score(
  File "C:\Users\Siddiquee\AppData\Roaming\Python\Python310\site-packages\sklearn\metrics\_scorer.py", line 316, in _score
    y_pred = method_caller(clf, "predict_proba", X)
  File "C:\Users\Siddiquee\AppData\Roaming\Python\Python310\site-packages\sklearn\metrics\_scorer.py", line 78, in _cached_call
    result = getattr(estimator, method)(*args, **kwargs)
  File "C:\Users\Siddiquee\AppData\Roaming\Python\Python310\site-packages\pycaret\internal\pipeline.py", line 121, in __getattr__
    return getattr(self._final_estimator, name)
AttributeError: 'RidgeClassifier' object has no attribute 'predict_proba'

  warnings.warn(

2023-03-28 19:16:35,635:WARNING:C:\Users\Siddiquee\AppData\Roaming\Python\Python310\site-packages\sklearn\metrics\_classification.py:1344: UndefinedMetricWarning: Precision is ill-defined and being set to 0.0 due to no predicted samples. Use `zero_division` parameter to control this behavior.
  _warn_prf(average, modifier, msg_start, len(result))

2023-03-28 19:16:35,641:WARNING:C:\Users\Siddiquee\AppData\Roaming\Python\Python310\site-packages\pycaret\internal\metrics.py:138: FitFailedWarning: Metric 'make_scorer(roc_auc_score, needs_proba=True, error_score=0.0, average=weighted, multi_class=ovr)' failed and error score 0.0 has been returned instead. If this is a custom metric, this usually means that the error is in the metric code. Full exception below:
Traceback (most recent call last):
  File "C:\Users\Siddiquee\AppData\Roaming\Python\Python310\site-packages\sklearn\metrics\_scorer.py", line 76, in _cached_call
    return cache[method]
KeyError: 'predict_proba'

During handling of the above exception, another exception occurred:

Traceback (most recent call last):
  File "C:\Users\Siddiquee\AppData\Roaming\Python\Python310\site-packages\pycaret\internal\metrics.py", line 130, in _score
    return super()._score(
  File "C:\Users\Siddiquee\AppData\Roaming\Python\Python310\site-packages\sklearn\metrics\_scorer.py", line 316, in _score
    y_pred = method_caller(clf, "predict_proba", X)
  File "C:\Users\Siddiquee\AppData\Roaming\Python\Python310\site-packages\sklearn\metrics\_scorer.py", line 78, in _cached_call
    result = getattr(estimator, method)(*args, **kwargs)
  File "C:\Users\Siddiquee\AppData\Roaming\Python\Python310\site-packages\pycaret\internal\pipeline.py", line 121, in __getattr__
    return getattr(self._final_estimator, name)
AttributeError: 'RidgeClassifier' object has no attribute 'predict_proba'

  warnings.warn(

2023-03-28 19:16:35,651:WARNING:C:\Users\Siddiquee\AppData\Roaming\Python\Python310\site-packages\pycaret\internal\metrics.py:138: FitFailedWarning: Metric 'make_scorer(roc_auc_score, needs_proba=True, error_score=0.0, average=weighted, multi_class=ovr)' failed and error score 0.0 has been returned instead. If this is a custom metric, this usually means that the error is in the metric code. Full exception below:
Traceback (most recent call last):
  File "C:\Users\Siddiquee\AppData\Roaming\Python\Python310\site-packages\sklearn\metrics\_scorer.py", line 76, in _cached_call
    return cache[method]
KeyError: 'predict_proba'

During handling of the above exception, another exception occurred:

Traceback (most recent call last):
  File "C:\Users\Siddiquee\AppData\Roaming\Python\Python310\site-packages\pycaret\internal\metrics.py", line 130, in _score
    return super()._score(
  File "C:\Users\Siddiquee\AppData\Roaming\Python\Python310\site-packages\sklearn\metrics\_scorer.py", line 316, in _score
    y_pred = method_caller(clf, "predict_proba", X)
  File "C:\Users\Siddiquee\AppData\Roaming\Python\Python310\site-packages\sklearn\metrics\_scorer.py", line 78, in _cached_call
    result = getattr(estimator, method)(*args, **kwargs)
  File "C:\Users\Siddiquee\AppData\Roaming\Python\Python310\site-packages\pycaret\internal\pipeline.py", line 121, in __getattr__
    return getattr(self._final_estimator, name)
AttributeError: 'RidgeClassifier' object has no attribute 'predict_proba'

  warnings.warn(

2023-03-28 19:16:35,653:WARNING:C:\Users\Siddiquee\AppData\Roaming\Python\Python310\site-packages\sklearn\metrics\_classification.py:1344: UndefinedMetricWarning: Precision is ill-defined and being set to 0.0 due to no predicted samples. Use `zero_division` parameter to control this behavior.
  _warn_prf(average, modifier, msg_start, len(result))

2023-03-28 19:16:35,664:WARNING:C:\Users\Siddiquee\AppData\Roaming\Python\Python310\site-packages\sklearn\metrics\_classification.py:1344: UndefinedMetricWarning: Precision is ill-defined and being set to 0.0 due to no predicted samples. Use `zero_division` parameter to control this behavior.
  _warn_prf(average, modifier, msg_start, len(result))

2023-03-28 19:16:36,112:WARNING:C:\Users\Siddiquee\AppData\Roaming\Python\Python310\site-packages\pycaret\internal\metrics.py:138: FitFailedWarning: Metric 'make_scorer(roc_auc_score, needs_proba=True, error_score=0.0, average=weighted, multi_class=ovr)' failed and error score 0.0 has been returned instead. If this is a custom metric, this usually means that the error is in the metric code. Full exception below:
Traceback (most recent call last):
  File "C:\Users\Siddiquee\AppData\Roaming\Python\Python310\site-packages\sklearn\metrics\_scorer.py", line 76, in _cached_call
    return cache[method]
KeyError: 'predict_proba'

During handling of the above exception, another exception occurred:

Traceback (most recent call last):
  File "C:\Users\Siddiquee\AppData\Roaming\Python\Python310\site-packages\pycaret\internal\metrics.py", line 130, in _score
    return super()._score(
  File "C:\Users\Siddiquee\AppData\Roaming\Python\Python310\site-packages\sklearn\metrics\_scorer.py", line 316, in _score
    y_pred = method_caller(clf, "predict_proba", X)
  File "C:\Users\Siddiquee\AppData\Roaming\Python\Python310\site-packages\sklearn\metrics\_scorer.py", line 78, in _cached_call
    result = getattr(estimator, method)(*args, **kwargs)
  File "C:\Users\Siddiquee\AppData\Roaming\Python\Python310\site-packages\pycaret\internal\pipeline.py", line 121, in __getattr__
    return getattr(self._final_estimator, name)
AttributeError: 'RidgeClassifier' object has no attribute 'predict_proba'

  warnings.warn(

2023-03-28 19:16:36,115:WARNING:C:\Users\Siddiquee\AppData\Roaming\Python\Python310\site-packages\pycaret\internal\metrics.py:138: FitFailedWarning: Metric 'make_scorer(roc_auc_score, needs_proba=True, error_score=0.0, average=weighted, multi_class=ovr)' failed and error score 0.0 has been returned instead. If this is a custom metric, this usually means that the error is in the metric code. Full exception below:
Traceback (most recent call last):
  File "C:\Users\Siddiquee\AppData\Roaming\Python\Python310\site-packages\sklearn\metrics\_scorer.py", line 76, in _cached_call
    return cache[method]
KeyError: 'predict_proba'

During handling of the above exception, another exception occurred:

Traceback (most recent call last):
  File "C:\Users\Siddiquee\AppData\Roaming\Python\Python310\site-packages\pycaret\internal\metrics.py", line 130, in _score
    return super()._score(
  File "C:\Users\Siddiquee\AppData\Roaming\Python\Python310\site-packages\sklearn\metrics\_scorer.py", line 316, in _score
    y_pred = method_caller(clf, "predict_proba", X)
  File "C:\Users\Siddiquee\AppData\Roaming\Python\Python310\site-packages\sklearn\metrics\_scorer.py", line 78, in _cached_call
    result = getattr(estimator, method)(*args, **kwargs)
  File "C:\Users\Siddiquee\AppData\Roaming\Python\Python310\site-packages\pycaret\internal\pipeline.py", line 121, in __getattr__
    return getattr(self._final_estimator, name)
AttributeError: 'RidgeClassifier' object has no attribute 'predict_proba'

  warnings.warn(

2023-03-28 19:16:36,122:WARNING:C:\Users\Siddiquee\AppData\Roaming\Python\Python310\site-packages\pycaret\internal\metrics.py:138: FitFailedWarning: Metric 'make_scorer(roc_auc_score, needs_proba=True, error_score=0.0, average=weighted, multi_class=ovr)' failed and error score 0.0 has been returned instead. If this is a custom metric, this usually means that the error is in the metric code. Full exception below:
Traceback (most recent call last):
  File "C:\Users\Siddiquee\AppData\Roaming\Python\Python310\site-packages\sklearn\metrics\_scorer.py", line 76, in _cached_call
    return cache[method]
KeyError: 'predict_proba'

During handling of the above exception, another exception occurred:

Traceback (most recent call last):
  File "C:\Users\Siddiquee\AppData\Roaming\Python\Python310\site-packages\pycaret\internal\metrics.py", line 130, in _score
    return super()._score(
  File "C:\Users\Siddiquee\AppData\Roaming\Python\Python310\site-packages\sklearn\metrics\_scorer.py", line 316, in _score
    y_pred = method_caller(clf, "predict_proba", X)
  File "C:\Users\Siddiquee\AppData\Roaming\Python\Python310\site-packages\sklearn\metrics\_scorer.py", line 78, in _cached_call
    result = getattr(estimator, method)(*args, **kwargs)
  File "C:\Users\Siddiquee\AppData\Roaming\Python\Python310\site-packages\pycaret\internal\pipeline.py", line 121, in __getattr__
    return getattr(self._final_estimator, name)
AttributeError: 'RidgeClassifier' object has no attribute 'predict_proba'

  warnings.warn(

2023-03-28 19:16:36,122:WARNING:C:\Users\Siddiquee\AppData\Roaming\Python\Python310\site-packages\sklearn\metrics\_classification.py:1344: UndefinedMetricWarning: Precision is ill-defined and being set to 0.0 due to no predicted samples. Use `zero_division` parameter to control this behavior.
  _warn_prf(average, modifier, msg_start, len(result))

2023-03-28 19:16:36,124:WARNING:C:\Users\Siddiquee\AppData\Roaming\Python\Python310\site-packages\pycaret\internal\metrics.py:138: FitFailedWarning: Metric 'make_scorer(roc_auc_score, needs_proba=True, error_score=0.0, average=weighted, multi_class=ovr)' failed and error score 0.0 has been returned instead. If this is a custom metric, this usually means that the error is in the metric code. Full exception below:
Traceback (most recent call last):
  File "C:\Users\Siddiquee\AppData\Roaming\Python\Python310\site-packages\sklearn\metrics\_scorer.py", line 76, in _cached_call
    return cache[method]
KeyError: 'predict_proba'

During handling of the above exception, another exception occurred:

Traceback (most recent call last):
  File "C:\Users\Siddiquee\AppData\Roaming\Python\Python310\site-packages\pycaret\internal\metrics.py", line 130, in _score
    return super()._score(
  File "C:\Users\Siddiquee\AppData\Roaming\Python\Python310\site-packages\sklearn\metrics\_scorer.py", line 316, in _score
    y_pred = method_caller(clf, "predict_proba", X)
  File "C:\Users\Siddiquee\AppData\Roaming\Python\Python310\site-packages\sklearn\metrics\_scorer.py", line 78, in _cached_call
    result = getattr(estimator, method)(*args, **kwargs)
  File "C:\Users\Siddiquee\AppData\Roaming\Python\Python310\site-packages\pycaret\internal\pipeline.py", line 121, in __getattr__
    return getattr(self._final_estimator, name)
AttributeError: 'RidgeClassifier' object has no attribute 'predict_proba'

  warnings.warn(

2023-03-28 19:16:36,130:WARNING:C:\Users\Siddiquee\AppData\Roaming\Python\Python310\site-packages\sklearn\metrics\_classification.py:1344: UndefinedMetricWarning: Precision is ill-defined and being set to 0.0 due to no predicted samples. Use `zero_division` parameter to control this behavior.
  _warn_prf(average, modifier, msg_start, len(result))

2023-03-28 19:16:36,136:WARNING:C:\Users\Siddiquee\AppData\Roaming\Python\Python310\site-packages\sklearn\metrics\_classification.py:1344: UndefinedMetricWarning: Precision is ill-defined and being set to 0.0 due to no predicted samples. Use `zero_division` parameter to control this behavior.
  _warn_prf(average, modifier, msg_start, len(result))

2023-03-28 19:16:36,140:WARNING:C:\Users\Siddiquee\AppData\Roaming\Python\Python310\site-packages\sklearn\metrics\_classification.py:1344: UndefinedMetricWarning: Precision is ill-defined and being set to 0.0 due to no predicted samples. Use `zero_division` parameter to control this behavior.
  _warn_prf(average, modifier, msg_start, len(result))

2023-03-28 19:16:37,394:INFO:Calculating mean and std
2023-03-28 19:16:37,395:INFO:Creating metrics dataframe
2023-03-28 19:16:37,533:INFO:Uploading results into container
2023-03-28 19:16:37,534:INFO:Uploading model into container now
2023-03-28 19:16:37,535:INFO:_master_model_container: 6
2023-03-28 19:16:37,535:INFO:_display_container: 2
2023-03-28 19:16:37,535:INFO:RidgeClassifier(alpha=1.0, class_weight=None, copy_X=True, fit_intercept=True,
                max_iter=None, positive=False, random_state=3934, solver='auto',
                tol=0.0001)
2023-03-28 19:16:37,535:INFO:create_model() successfully completed......................................
2023-03-28 19:16:37,597:INFO:SubProcess create_model() end ==================================
2023-03-28 19:16:37,597:INFO:Creating metrics dataframe
2023-03-28 19:16:37,604:INFO:Initializing Random Forest Classifier
2023-03-28 19:16:37,604:INFO:Total runtime is 0.3837695638338725 minutes
2023-03-28 19:16:37,604:INFO:SubProcess create_model() called ==================================
2023-03-28 19:16:37,604:INFO:Initializing create_model()
2023-03-28 19:16:37,604:INFO:create_model(self=<pycaret.classification.oop.ClassificationExperiment object at 0x00000223E19A36A0>, estimator=rf, fold=StratifiedKFold(n_splits=10, random_state=None, shuffle=False), round=4, cross_validation=True, predict=True, fit_kwargs={}, groups=None, refit=False, probability_threshold=None, experiment_custom_tags=None, verbose=False, system=False, add_to_model_list=True, metrics=None, display=<pycaret.internal.display.display.CommonDisplay object at 0x00000223E494FB80>, model_only=True, return_train_score=False, kwargs={})
2023-03-28 19:16:37,604:INFO:Checking exceptions
2023-03-28 19:16:37,604:INFO:Importing libraries
2023-03-28 19:16:37,604:INFO:Copying training dataset
2023-03-28 19:16:37,617:INFO:Defining folds
2023-03-28 19:16:37,617:INFO:Declaring metric variables
2023-03-28 19:16:37,617:INFO:Importing untrained model
2023-03-28 19:16:37,618:INFO:Random Forest Classifier Imported successfully
2023-03-28 19:16:37,618:INFO:Starting cross validation
2023-03-28 19:16:37,619:INFO:Cross validating with StratifiedKFold(n_splits=10, random_state=None, shuffle=False), n_jobs=6
2023-03-28 19:16:42,380:WARNING:C:\Users\Siddiquee\AppData\Roaming\Python\Python310\site-packages\pycaret\internal\pipeline.py:260: UserWarning: Persisting input arguments took 0.63s to run.
If this happens often in your code, it can cause performance problems 
(results will be correct in all cases). 
The reason for this is probably some large input arguments for a wrapped
 function (e.g. large strings).
THIS IS A JOBLIB ISSUE. If you can, kindly provide the joblib's team with an
 example so that they can fix the problem.
  fitted_estimator = self._memory_fit(

2023-03-28 19:16:42,612:WARNING:C:\Users\Siddiquee\AppData\Roaming\Python\Python310\site-packages\pycaret\internal\pipeline.py:260: UserWarning: Persisting input arguments took 0.64s to run.
If this happens often in your code, it can cause performance problems 
(results will be correct in all cases). 
The reason for this is probably some large input arguments for a wrapped
 function (e.g. large strings).
THIS IS A JOBLIB ISSUE. If you can, kindly provide the joblib's team with an
 example so that they can fix the problem.
  fitted_estimator = self._memory_fit(

2023-03-28 19:16:42,651:WARNING:C:\Users\Siddiquee\AppData\Roaming\Python\Python310\site-packages\pycaret\internal\pipeline.py:260: UserWarning: Persisting input arguments took 0.57s to run.
If this happens often in your code, it can cause performance problems 
(results will be correct in all cases). 
The reason for this is probably some large input arguments for a wrapped
 function (e.g. large strings).
THIS IS A JOBLIB ISSUE. If you can, kindly provide the joblib's team with an
 example so that they can fix the problem.
  fitted_estimator = self._memory_fit(

2023-03-28 19:16:46,705:WARNING:C:\Users\Siddiquee\AppData\Roaming\Python\Python310\site-packages\pycaret\internal\pipeline.py:260: UserWarning: Persisting input arguments took 0.52s to run.
If this happens often in your code, it can cause performance problems 
(results will be correct in all cases). 
The reason for this is probably some large input arguments for a wrapped
 function (e.g. large strings).
THIS IS A JOBLIB ISSUE. If you can, kindly provide the joblib's team with an
 example so that they can fix the problem.
  fitted_estimator = self._memory_fit(

2023-03-28 19:16:48,574:INFO:Calculating mean and std
2023-03-28 19:16:48,575:INFO:Creating metrics dataframe
2023-03-28 19:16:48,780:INFO:Uploading results into container
2023-03-28 19:16:48,781:INFO:Uploading model into container now
2023-03-28 19:16:48,781:INFO:_master_model_container: 7
2023-03-28 19:16:48,782:INFO:_display_container: 2
2023-03-28 19:16:48,782:INFO:RandomForestClassifier(bootstrap=True, ccp_alpha=0.0, class_weight=None,
                       criterion='gini', max_depth=None, max_features='sqrt',
                       max_leaf_nodes=None, max_samples=None,
                       min_impurity_decrease=0.0, min_samples_leaf=1,
                       min_samples_split=2, min_weight_fraction_leaf=0.0,
                       n_estimators=100, n_jobs=6, oob_score=False,
                       random_state=3934, verbose=0, warm_start=False)
2023-03-28 19:16:48,782:INFO:create_model() successfully completed......................................
2023-03-28 19:16:48,849:INFO:SubProcess create_model() end ==================================
2023-03-28 19:16:48,849:INFO:Creating metrics dataframe
2023-03-28 19:16:48,856:INFO:Initializing Quadratic Discriminant Analysis
2023-03-28 19:16:48,856:INFO:Total runtime is 0.5712974468866985 minutes
2023-03-28 19:16:48,856:INFO:SubProcess create_model() called ==================================
2023-03-28 19:16:48,856:INFO:Initializing create_model()
2023-03-28 19:16:48,856:INFO:create_model(self=<pycaret.classification.oop.ClassificationExperiment object at 0x00000223E19A36A0>, estimator=qda, fold=StratifiedKFold(n_splits=10, random_state=None, shuffle=False), round=4, cross_validation=True, predict=True, fit_kwargs={}, groups=None, refit=False, probability_threshold=None, experiment_custom_tags=None, verbose=False, system=False, add_to_model_list=True, metrics=None, display=<pycaret.internal.display.display.CommonDisplay object at 0x00000223E494FB80>, model_only=True, return_train_score=False, kwargs={})
2023-03-28 19:16:48,856:INFO:Checking exceptions
2023-03-28 19:16:48,856:INFO:Importing libraries
2023-03-28 19:16:48,857:INFO:Copying training dataset
2023-03-28 19:16:48,871:INFO:Defining folds
2023-03-28 19:16:48,871:INFO:Declaring metric variables
2023-03-28 19:16:48,871:INFO:Importing untrained model
2023-03-28 19:16:48,871:INFO:Quadratic Discriminant Analysis Imported successfully
2023-03-28 19:16:48,872:INFO:Starting cross validation
2023-03-28 19:16:48,873:INFO:Cross validating with StratifiedKFold(n_splits=10, random_state=None, shuffle=False), n_jobs=6
2023-03-28 19:16:49,017:WARNING:C:\Users\Siddiquee\AppData\Roaming\Python\Python310\site-packages\sklearn\discriminant_analysis.py:926: UserWarning: Variables are collinear
  warnings.warn("Variables are collinear")

2023-03-28 19:16:49,017:WARNING:C:\Users\Siddiquee\AppData\Roaming\Python\Python310\site-packages\sklearn\discriminant_analysis.py:926: UserWarning: Variables are collinear
  warnings.warn("Variables are collinear")

2023-03-28 19:16:49,021:WARNING:C:\Users\Siddiquee\AppData\Roaming\Python\Python310\site-packages\sklearn\discriminant_analysis.py:926: UserWarning: Variables are collinear
  warnings.warn("Variables are collinear")

2023-03-28 19:16:49,023:WARNING:C:\Users\Siddiquee\AppData\Roaming\Python\Python310\site-packages\sklearn\discriminant_analysis.py:926: UserWarning: Variables are collinear
  warnings.warn("Variables are collinear")

2023-03-28 19:16:49,030:WARNING:C:\Users\Siddiquee\AppData\Roaming\Python\Python310\site-packages\sklearn\discriminant_analysis.py:926: UserWarning: Variables are collinear
  warnings.warn("Variables are collinear")

2023-03-28 19:16:49,057:WARNING:C:\Users\Siddiquee\AppData\Roaming\Python\Python310\site-packages\sklearn\discriminant_analysis.py:926: UserWarning: Variables are collinear
  warnings.warn("Variables are collinear")

2023-03-28 19:16:49,058:WARNING:C:\Users\Siddiquee\AppData\Roaming\Python\Python310\site-packages\sklearn\discriminant_analysis.py:951: RuntimeWarning: divide by zero encountered in power
  X2 = np.dot(Xm, R * (S ** (-0.5)))

2023-03-28 19:16:49,059:WARNING:C:\Users\Siddiquee\AppData\Roaming\Python\Python310\site-packages\sklearn\discriminant_analysis.py:954: RuntimeWarning: divide by zero encountered in log
  u = np.asarray([np.sum(np.log(s)) for s in self.scalings_])

2023-03-28 19:16:49,064:WARNING:C:\Users\Siddiquee\AppData\Roaming\Python\Python310\site-packages\sklearn\discriminant_analysis.py:951: RuntimeWarning: divide by zero encountered in power
  X2 = np.dot(Xm, R * (S ** (-0.5)))

2023-03-28 19:16:49,065:WARNING:C:\Users\Siddiquee\AppData\Roaming\Python\Python310\site-packages\sklearn\discriminant_analysis.py:954: RuntimeWarning: divide by zero encountered in log
  u = np.asarray([np.sum(np.log(s)) for s in self.scalings_])

2023-03-28 19:16:49,073:WARNING:C:\Users\Siddiquee\AppData\Roaming\Python\Python310\site-packages\sklearn\discriminant_analysis.py:951: RuntimeWarning: divide by zero encountered in power
  X2 = np.dot(Xm, R * (S ** (-0.5)))

2023-03-28 19:16:49,074:WARNING:C:\Users\Siddiquee\AppData\Roaming\Python\Python310\site-packages\sklearn\discriminant_analysis.py:954: RuntimeWarning: divide by zero encountered in log
  u = np.asarray([np.sum(np.log(s)) for s in self.scalings_])

2023-03-28 19:16:49,078:WARNING:C:\Users\Siddiquee\AppData\Roaming\Python\Python310\site-packages\sklearn\discriminant_analysis.py:951: RuntimeWarning: divide by zero encountered in power
  X2 = np.dot(Xm, R * (S ** (-0.5)))

2023-03-28 19:16:49,078:WARNING:C:\Users\Siddiquee\AppData\Roaming\Python\Python310\site-packages\sklearn\discriminant_analysis.py:954: RuntimeWarning: divide by zero encountered in log
  u = np.asarray([np.sum(np.log(s)) for s in self.scalings_])

2023-03-28 19:16:49,100:WARNING:C:\Users\Siddiquee\AppData\Roaming\Python\Python310\site-packages\sklearn\discriminant_analysis.py:951: RuntimeWarning: divide by zero encountered in power
  X2 = np.dot(Xm, R * (S ** (-0.5)))

2023-03-28 19:16:49,100:WARNING:C:\Users\Siddiquee\AppData\Roaming\Python\Python310\site-packages\sklearn\discriminant_analysis.py:954: RuntimeWarning: divide by zero encountered in log
  u = np.asarray([np.sum(np.log(s)) for s in self.scalings_])

2023-03-28 19:16:49,101:WARNING:C:\Users\Siddiquee\AppData\Roaming\Python\Python310\site-packages\sklearn\discriminant_analysis.py:951: RuntimeWarning: divide by zero encountered in power
  X2 = np.dot(Xm, R * (S ** (-0.5)))

2023-03-28 19:16:49,101:WARNING:C:\Users\Siddiquee\AppData\Roaming\Python\Python310\site-packages\sklearn\discriminant_analysis.py:954: RuntimeWarning: divide by zero encountered in log
  u = np.asarray([np.sum(np.log(s)) for s in self.scalings_])

2023-03-28 19:16:49,109:WARNING:C:\Users\Siddiquee\AppData\Roaming\Python\Python310\site-packages\sklearn\discriminant_analysis.py:951: RuntimeWarning: divide by zero encountered in power
  X2 = np.dot(Xm, R * (S ** (-0.5)))

2023-03-28 19:16:49,109:WARNING:C:\Users\Siddiquee\AppData\Roaming\Python\Python310\site-packages\sklearn\discriminant_analysis.py:954: RuntimeWarning: divide by zero encountered in log
  u = np.asarray([np.sum(np.log(s)) for s in self.scalings_])

2023-03-28 19:16:49,111:WARNING:C:\Users\Siddiquee\AppData\Roaming\Python\Python310\site-packages\sklearn\discriminant_analysis.py:951: RuntimeWarning: divide by zero encountered in power
  X2 = np.dot(Xm, R * (S ** (-0.5)))

2023-03-28 19:16:49,112:WARNING:C:\Users\Siddiquee\AppData\Roaming\Python\Python310\site-packages\sklearn\discriminant_analysis.py:954: RuntimeWarning: divide by zero encountered in log
  u = np.asarray([np.sum(np.log(s)) for s in self.scalings_])

2023-03-28 19:16:49,118:WARNING:C:\Users\Siddiquee\AppData\Roaming\Python\Python310\site-packages\sklearn\discriminant_analysis.py:951: RuntimeWarning: divide by zero encountered in power
  X2 = np.dot(Xm, R * (S ** (-0.5)))

2023-03-28 19:16:49,118:WARNING:C:\Users\Siddiquee\AppData\Roaming\Python\Python310\site-packages\sklearn\discriminant_analysis.py:954: RuntimeWarning: divide by zero encountered in log
  u = np.asarray([np.sum(np.log(s)) for s in self.scalings_])

2023-03-28 19:16:49,124:WARNING:C:\Users\Siddiquee\AppData\Roaming\Python\Python310\site-packages\pycaret\internal\metrics.py:138: FitFailedWarning: Metric 'make_scorer(roc_auc_score, needs_proba=True, error_score=0.0, average=weighted, multi_class=ovr)' failed and error score 0.0 has been returned instead. If this is a custom metric, this usually means that the error is in the metric code. Full exception below:
Traceback (most recent call last):
  File "C:\Users\Siddiquee\AppData\Roaming\Python\Python310\site-packages\pycaret\internal\metrics.py", line 130, in _score
    return super()._score(
  File "C:\Users\Siddiquee\AppData\Roaming\Python\Python310\site-packages\sklearn\metrics\_scorer.py", line 327, in _score
    return self._sign * self._score_func(y, y_pred, **self._kwargs)
  File "C:\Users\Siddiquee\AppData\Roaming\Python\Python310\site-packages\pycaret\internal\metrics.py", line 35, in __call__
    return self.score_func(y_true, y_pred, **kwargs)
  File "C:\Users\Siddiquee\AppData\Roaming\Python\Python310\site-packages\sklearn\metrics\_ranking.py", line 551, in roc_auc_score
    y_score = check_array(y_score, ensure_2d=False)
  File "C:\Users\Siddiquee\AppData\Roaming\Python\Python310\site-packages\sklearn\utils\validation.py", line 921, in check_array
    _assert_all_finite(
  File "C:\Users\Siddiquee\AppData\Roaming\Python\Python310\site-packages\sklearn\utils\validation.py", line 161, in _assert_all_finite
    raise ValueError(msg_err)
ValueError: Input contains NaN.

  warnings.warn(

2023-03-28 19:16:49,124:WARNING:C:\Users\Siddiquee\AppData\Roaming\Python\Python310\site-packages\pycaret\internal\metrics.py:138: FitFailedWarning: Metric 'make_scorer(roc_auc_score, needs_proba=True, error_score=0.0, average=weighted, multi_class=ovr)' failed and error score 0.0 has been returned instead. If this is a custom metric, this usually means that the error is in the metric code. Full exception below:
Traceback (most recent call last):
  File "C:\Users\Siddiquee\AppData\Roaming\Python\Python310\site-packages\pycaret\internal\metrics.py", line 130, in _score
    return super()._score(
  File "C:\Users\Siddiquee\AppData\Roaming\Python\Python310\site-packages\sklearn\metrics\_scorer.py", line 327, in _score
    return self._sign * self._score_func(y, y_pred, **self._kwargs)
  File "C:\Users\Siddiquee\AppData\Roaming\Python\Python310\site-packages\pycaret\internal\metrics.py", line 35, in __call__
    return self.score_func(y_true, y_pred, **kwargs)
  File "C:\Users\Siddiquee\AppData\Roaming\Python\Python310\site-packages\sklearn\metrics\_ranking.py", line 551, in roc_auc_score
    y_score = check_array(y_score, ensure_2d=False)
  File "C:\Users\Siddiquee\AppData\Roaming\Python\Python310\site-packages\sklearn\utils\validation.py", line 921, in check_array
    _assert_all_finite(
  File "C:\Users\Siddiquee\AppData\Roaming\Python\Python310\site-packages\sklearn\utils\validation.py", line 161, in _assert_all_finite
    raise ValueError(msg_err)
ValueError: Input contains NaN.

  warnings.warn(

2023-03-28 19:16:49,135:WARNING:C:\Users\Siddiquee\AppData\Roaming\Python\Python310\site-packages\sklearn\discriminant_analysis.py:951: RuntimeWarning: divide by zero encountered in power
  X2 = np.dot(Xm, R * (S ** (-0.5)))

2023-03-28 19:16:49,136:WARNING:C:\Users\Siddiquee\AppData\Roaming\Python\Python310\site-packages\sklearn\discriminant_analysis.py:954: RuntimeWarning: divide by zero encountered in log
  u = np.asarray([np.sum(np.log(s)) for s in self.scalings_])

2023-03-28 19:16:49,141:WARNING:C:\Users\Siddiquee\AppData\Roaming\Python\Python310\site-packages\pycaret\internal\metrics.py:138: FitFailedWarning: Metric 'make_scorer(roc_auc_score, needs_proba=True, error_score=0.0, average=weighted, multi_class=ovr)' failed and error score 0.0 has been returned instead. If this is a custom metric, this usually means that the error is in the metric code. Full exception below:
Traceback (most recent call last):
  File "C:\Users\Siddiquee\AppData\Roaming\Python\Python310\site-packages\pycaret\internal\metrics.py", line 130, in _score
    return super()._score(
  File "C:\Users\Siddiquee\AppData\Roaming\Python\Python310\site-packages\sklearn\metrics\_scorer.py", line 327, in _score
    return self._sign * self._score_func(y, y_pred, **self._kwargs)
  File "C:\Users\Siddiquee\AppData\Roaming\Python\Python310\site-packages\pycaret\internal\metrics.py", line 35, in __call__
    return self.score_func(y_true, y_pred, **kwargs)
  File "C:\Users\Siddiquee\AppData\Roaming\Python\Python310\site-packages\sklearn\metrics\_ranking.py", line 551, in roc_auc_score
    y_score = check_array(y_score, ensure_2d=False)
  File "C:\Users\Siddiquee\AppData\Roaming\Python\Python310\site-packages\sklearn\utils\validation.py", line 921, in check_array
    _assert_all_finite(
  File "C:\Users\Siddiquee\AppData\Roaming\Python\Python310\site-packages\sklearn\utils\validation.py", line 161, in _assert_all_finite
    raise ValueError(msg_err)
ValueError: Input contains NaN.

  warnings.warn(

2023-03-28 19:16:49,632:WARNING:C:\Users\Siddiquee\AppData\Roaming\Python\Python310\site-packages\sklearn\discriminant_analysis.py:926: UserWarning: Variables are collinear
  warnings.warn("Variables are collinear")

2023-03-28 19:16:49,653:WARNING:C:\Users\Siddiquee\AppData\Roaming\Python\Python310\site-packages\sklearn\discriminant_analysis.py:926: UserWarning: Variables are collinear
  warnings.warn("Variables are collinear")

2023-03-28 19:16:49,663:WARNING:C:\Users\Siddiquee\AppData\Roaming\Python\Python310\site-packages\sklearn\discriminant_analysis.py:926: UserWarning: Variables are collinear
  warnings.warn("Variables are collinear")

2023-03-28 19:16:49,665:WARNING:C:\Users\Siddiquee\AppData\Roaming\Python\Python310\site-packages\sklearn\discriminant_analysis.py:926: UserWarning: Variables are collinear
  warnings.warn("Variables are collinear")

2023-03-28 19:16:49,679:WARNING:C:\Users\Siddiquee\AppData\Roaming\Python\Python310\site-packages\sklearn\discriminant_analysis.py:951: RuntimeWarning: divide by zero encountered in power
  X2 = np.dot(Xm, R * (S ** (-0.5)))

2023-03-28 19:16:49,679:WARNING:C:\Users\Siddiquee\AppData\Roaming\Python\Python310\site-packages\sklearn\discriminant_analysis.py:954: RuntimeWarning: divide by zero encountered in log
  u = np.asarray([np.sum(np.log(s)) for s in self.scalings_])

2023-03-28 19:16:49,697:WARNING:C:\Users\Siddiquee\AppData\Roaming\Python\Python310\site-packages\sklearn\discriminant_analysis.py:951: RuntimeWarning: divide by zero encountered in power
  X2 = np.dot(Xm, R * (S ** (-0.5)))

2023-03-28 19:16:49,697:WARNING:C:\Users\Siddiquee\AppData\Roaming\Python\Python310\site-packages\sklearn\discriminant_analysis.py:954: RuntimeWarning: divide by zero encountered in log
  u = np.asarray([np.sum(np.log(s)) for s in self.scalings_])

2023-03-28 19:16:49,707:WARNING:C:\Users\Siddiquee\AppData\Roaming\Python\Python310\site-packages\sklearn\discriminant_analysis.py:951: RuntimeWarning: divide by zero encountered in power
  X2 = np.dot(Xm, R * (S ** (-0.5)))

2023-03-28 19:16:49,707:WARNING:C:\Users\Siddiquee\AppData\Roaming\Python\Python310\site-packages\sklearn\discriminant_analysis.py:954: RuntimeWarning: divide by zero encountered in log
  u = np.asarray([np.sum(np.log(s)) for s in self.scalings_])

2023-03-28 19:16:49,711:WARNING:C:\Users\Siddiquee\AppData\Roaming\Python\Python310\site-packages\sklearn\discriminant_analysis.py:951: RuntimeWarning: divide by zero encountered in power
  X2 = np.dot(Xm, R * (S ** (-0.5)))

2023-03-28 19:16:49,712:WARNING:C:\Users\Siddiquee\AppData\Roaming\Python\Python310\site-packages\sklearn\discriminant_analysis.py:954: RuntimeWarning: divide by zero encountered in log
  u = np.asarray([np.sum(np.log(s)) for s in self.scalings_])

2023-03-28 19:16:49,722:WARNING:C:\Users\Siddiquee\AppData\Roaming\Python\Python310\site-packages\sklearn\discriminant_analysis.py:951: RuntimeWarning: divide by zero encountered in power
  X2 = np.dot(Xm, R * (S ** (-0.5)))

2023-03-28 19:16:49,722:WARNING:C:\Users\Siddiquee\AppData\Roaming\Python\Python310\site-packages\sklearn\discriminant_analysis.py:954: RuntimeWarning: divide by zero encountered in log
  u = np.asarray([np.sum(np.log(s)) for s in self.scalings_])

2023-03-28 19:16:49,726:WARNING:C:\Users\Siddiquee\AppData\Roaming\Python\Python310\site-packages\pycaret\internal\metrics.py:138: FitFailedWarning: Metric 'make_scorer(roc_auc_score, needs_proba=True, error_score=0.0, average=weighted, multi_class=ovr)' failed and error score 0.0 has been returned instead. If this is a custom metric, this usually means that the error is in the metric code. Full exception below:
Traceback (most recent call last):
  File "C:\Users\Siddiquee\AppData\Roaming\Python\Python310\site-packages\pycaret\internal\metrics.py", line 130, in _score
    return super()._score(
  File "C:\Users\Siddiquee\AppData\Roaming\Python\Python310\site-packages\sklearn\metrics\_scorer.py", line 327, in _score
    return self._sign * self._score_func(y, y_pred, **self._kwargs)
  File "C:\Users\Siddiquee\AppData\Roaming\Python\Python310\site-packages\pycaret\internal\metrics.py", line 35, in __call__
    return self.score_func(y_true, y_pred, **kwargs)
  File "C:\Users\Siddiquee\AppData\Roaming\Python\Python310\site-packages\sklearn\metrics\_ranking.py", line 551, in roc_auc_score
    y_score = check_array(y_score, ensure_2d=False)
  File "C:\Users\Siddiquee\AppData\Roaming\Python\Python310\site-packages\sklearn\utils\validation.py", line 921, in check_array
    _assert_all_finite(
  File "C:\Users\Siddiquee\AppData\Roaming\Python\Python310\site-packages\sklearn\utils\validation.py", line 161, in _assert_all_finite
    raise ValueError(msg_err)
ValueError: Input contains NaN.

  warnings.warn(

2023-03-28 19:16:49,741:WARNING:C:\Users\Siddiquee\AppData\Roaming\Python\Python310\site-packages\sklearn\discriminant_analysis.py:951: RuntimeWarning: divide by zero encountered in power
  X2 = np.dot(Xm, R * (S ** (-0.5)))

2023-03-28 19:16:49,742:WARNING:C:\Users\Siddiquee\AppData\Roaming\Python\Python310\site-packages\sklearn\discriminant_analysis.py:954: RuntimeWarning: divide by zero encountered in log
  u = np.asarray([np.sum(np.log(s)) for s in self.scalings_])

2023-03-28 19:16:49,745:WARNING:C:\Users\Siddiquee\AppData\Roaming\Python\Python310\site-packages\pycaret\internal\metrics.py:138: FitFailedWarning: Metric 'make_scorer(roc_auc_score, needs_proba=True, error_score=0.0, average=weighted, multi_class=ovr)' failed and error score 0.0 has been returned instead. If this is a custom metric, this usually means that the error is in the metric code. Full exception below:
Traceback (most recent call last):
  File "C:\Users\Siddiquee\AppData\Roaming\Python\Python310\site-packages\pycaret\internal\metrics.py", line 130, in _score
    return super()._score(
  File "C:\Users\Siddiquee\AppData\Roaming\Python\Python310\site-packages\sklearn\metrics\_scorer.py", line 327, in _score
    return self._sign * self._score_func(y, y_pred, **self._kwargs)
  File "C:\Users\Siddiquee\AppData\Roaming\Python\Python310\site-packages\pycaret\internal\metrics.py", line 35, in __call__
    return self.score_func(y_true, y_pred, **kwargs)
  File "C:\Users\Siddiquee\AppData\Roaming\Python\Python310\site-packages\sklearn\metrics\_ranking.py", line 551, in roc_auc_score
    y_score = check_array(y_score, ensure_2d=False)
  File "C:\Users\Siddiquee\AppData\Roaming\Python\Python310\site-packages\sklearn\utils\validation.py", line 921, in check_array
    _assert_all_finite(
  File "C:\Users\Siddiquee\AppData\Roaming\Python\Python310\site-packages\sklearn\utils\validation.py", line 161, in _assert_all_finite
    raise ValueError(msg_err)
ValueError: Input contains NaN.

  warnings.warn(

2023-03-28 19:16:49,750:WARNING:C:\Users\Siddiquee\AppData\Roaming\Python\Python310\site-packages\sklearn\discriminant_analysis.py:951: RuntimeWarning: divide by zero encountered in power
  X2 = np.dot(Xm, R * (S ** (-0.5)))

2023-03-28 19:16:49,751:WARNING:C:\Users\Siddiquee\AppData\Roaming\Python\Python310\site-packages\sklearn\discriminant_analysis.py:954: RuntimeWarning: divide by zero encountered in log
  u = np.asarray([np.sum(np.log(s)) for s in self.scalings_])

2023-03-28 19:16:49,751:WARNING:C:\Users\Siddiquee\AppData\Roaming\Python\Python310\site-packages\sklearn\discriminant_analysis.py:951: RuntimeWarning: divide by zero encountered in power
  X2 = np.dot(Xm, R * (S ** (-0.5)))

2023-03-28 19:16:49,751:WARNING:C:\Users\Siddiquee\AppData\Roaming\Python\Python310\site-packages\sklearn\discriminant_analysis.py:954: RuntimeWarning: divide by zero encountered in log
  u = np.asarray([np.sum(np.log(s)) for s in self.scalings_])

2023-03-28 19:16:49,754:WARNING:C:\Users\Siddiquee\AppData\Roaming\Python\Python310\site-packages\pycaret\internal\metrics.py:138: FitFailedWarning: Metric 'make_scorer(roc_auc_score, needs_proba=True, error_score=0.0, average=weighted, multi_class=ovr)' failed and error score 0.0 has been returned instead. If this is a custom metric, this usually means that the error is in the metric code. Full exception below:
Traceback (most recent call last):
  File "C:\Users\Siddiquee\AppData\Roaming\Python\Python310\site-packages\pycaret\internal\metrics.py", line 130, in _score
    return super()._score(
  File "C:\Users\Siddiquee\AppData\Roaming\Python\Python310\site-packages\sklearn\metrics\_scorer.py", line 327, in _score
    return self._sign * self._score_func(y, y_pred, **self._kwargs)
  File "C:\Users\Siddiquee\AppData\Roaming\Python\Python310\site-packages\pycaret\internal\metrics.py", line 35, in __call__
    return self.score_func(y_true, y_pred, **kwargs)
  File "C:\Users\Siddiquee\AppData\Roaming\Python\Python310\site-packages\sklearn\metrics\_ranking.py", line 551, in roc_auc_score
    y_score = check_array(y_score, ensure_2d=False)
  File "C:\Users\Siddiquee\AppData\Roaming\Python\Python310\site-packages\sklearn\utils\validation.py", line 921, in check_array
    _assert_all_finite(
  File "C:\Users\Siddiquee\AppData\Roaming\Python\Python310\site-packages\sklearn\utils\validation.py", line 161, in _assert_all_finite
    raise ValueError(msg_err)
ValueError: Input contains NaN.

  warnings.warn(

2023-03-28 19:16:49,754:WARNING:C:\Users\Siddiquee\AppData\Roaming\Python\Python310\site-packages\pycaret\internal\metrics.py:138: FitFailedWarning: Metric 'make_scorer(roc_auc_score, needs_proba=True, error_score=0.0, average=weighted, multi_class=ovr)' failed and error score 0.0 has been returned instead. If this is a custom metric, this usually means that the error is in the metric code. Full exception below:
Traceback (most recent call last):
  File "C:\Users\Siddiquee\AppData\Roaming\Python\Python310\site-packages\pycaret\internal\metrics.py", line 130, in _score
    return super()._score(
  File "C:\Users\Siddiquee\AppData\Roaming\Python\Python310\site-packages\sklearn\metrics\_scorer.py", line 327, in _score
    return self._sign * self._score_func(y, y_pred, **self._kwargs)
  File "C:\Users\Siddiquee\AppData\Roaming\Python\Python310\site-packages\pycaret\internal\metrics.py", line 35, in __call__
    return self.score_func(y_true, y_pred, **kwargs)
  File "C:\Users\Siddiquee\AppData\Roaming\Python\Python310\site-packages\sklearn\metrics\_ranking.py", line 551, in roc_auc_score
    y_score = check_array(y_score, ensure_2d=False)
  File "C:\Users\Siddiquee\AppData\Roaming\Python\Python310\site-packages\sklearn\utils\validation.py", line 921, in check_array
    _assert_all_finite(
  File "C:\Users\Siddiquee\AppData\Roaming\Python\Python310\site-packages\sklearn\utils\validation.py", line 161, in _assert_all_finite
    raise ValueError(msg_err)
ValueError: Input contains NaN.

  warnings.warn(

2023-03-28 19:16:51,017:INFO:Calculating mean and std
2023-03-28 19:16:51,018:INFO:Creating metrics dataframe
2023-03-28 19:16:51,157:INFO:Uploading results into container
2023-03-28 19:16:51,158:INFO:Uploading model into container now
2023-03-28 19:16:51,158:INFO:_master_model_container: 8
2023-03-28 19:16:51,158:INFO:_display_container: 2
2023-03-28 19:16:51,159:INFO:QuadraticDiscriminantAnalysis(priors=None, reg_param=0.0,
                              store_covariance=False, tol=0.0001)
2023-03-28 19:16:51,159:INFO:create_model() successfully completed......................................
2023-03-28 19:16:51,218:INFO:SubProcess create_model() end ==================================
2023-03-28 19:16:51,219:INFO:Creating metrics dataframe
2023-03-28 19:16:51,224:INFO:Initializing Ada Boost Classifier
2023-03-28 19:16:51,224:INFO:Total runtime is 0.6107739965120952 minutes
2023-03-28 19:16:51,224:INFO:SubProcess create_model() called ==================================
2023-03-28 19:16:51,225:INFO:Initializing create_model()
2023-03-28 19:16:51,225:INFO:create_model(self=<pycaret.classification.oop.ClassificationExperiment object at 0x00000223E19A36A0>, estimator=ada, fold=StratifiedKFold(n_splits=10, random_state=None, shuffle=False), round=4, cross_validation=True, predict=True, fit_kwargs={}, groups=None, refit=False, probability_threshold=None, experiment_custom_tags=None, verbose=False, system=False, add_to_model_list=True, metrics=None, display=<pycaret.internal.display.display.CommonDisplay object at 0x00000223E494FB80>, model_only=True, return_train_score=False, kwargs={})
2023-03-28 19:16:51,225:INFO:Checking exceptions
2023-03-28 19:16:51,225:INFO:Importing libraries
2023-03-28 19:16:51,225:INFO:Copying training dataset
2023-03-28 19:16:51,237:INFO:Defining folds
2023-03-28 19:16:51,237:INFO:Declaring metric variables
2023-03-28 19:16:51,237:INFO:Importing untrained model
2023-03-28 19:16:51,238:INFO:Ada Boost Classifier Imported successfully
2023-03-28 19:16:51,238:INFO:Starting cross validation
2023-03-28 19:16:51,239:INFO:Cross validating with StratifiedKFold(n_splits=10, random_state=None, shuffle=False), n_jobs=6
2023-03-28 19:16:53,617:WARNING:C:\Users\Siddiquee\AppData\Roaming\Python\Python310\site-packages\sklearn\metrics\_classification.py:1344: UndefinedMetricWarning: Precision is ill-defined and being set to 0.0 due to no predicted samples. Use `zero_division` parameter to control this behavior.
  _warn_prf(average, modifier, msg_start, len(result))

2023-03-28 19:16:53,650:WARNING:C:\Users\Siddiquee\AppData\Roaming\Python\Python310\site-packages\sklearn\metrics\_classification.py:1344: UndefinedMetricWarning: Precision is ill-defined and being set to 0.0 due to no predicted samples. Use `zero_division` parameter to control this behavior.
  _warn_prf(average, modifier, msg_start, len(result))

2023-03-28 19:16:53,663:WARNING:C:\Users\Siddiquee\AppData\Roaming\Python\Python310\site-packages\sklearn\metrics\_classification.py:1344: UndefinedMetricWarning: Precision is ill-defined and being set to 0.0 due to no predicted samples. Use `zero_division` parameter to control this behavior.
  _warn_prf(average, modifier, msg_start, len(result))

2023-03-28 19:16:53,669:WARNING:C:\Users\Siddiquee\AppData\Roaming\Python\Python310\site-packages\sklearn\metrics\_classification.py:1344: UndefinedMetricWarning: Precision is ill-defined and being set to 0.0 due to no predicted samples. Use `zero_division` parameter to control this behavior.
  _warn_prf(average, modifier, msg_start, len(result))

2023-03-28 19:16:53,682:WARNING:C:\Users\Siddiquee\AppData\Roaming\Python\Python310\site-packages\sklearn\metrics\_classification.py:1344: UndefinedMetricWarning: Precision is ill-defined and being set to 0.0 due to no predicted samples. Use `zero_division` parameter to control this behavior.
  _warn_prf(average, modifier, msg_start, len(result))

2023-03-28 19:16:53,778:WARNING:C:\Users\Siddiquee\AppData\Roaming\Python\Python310\site-packages\sklearn\metrics\_classification.py:1344: UndefinedMetricWarning: Precision is ill-defined and being set to 0.0 due to no predicted samples. Use `zero_division` parameter to control this behavior.
  _warn_prf(average, modifier, msg_start, len(result))

2023-03-28 19:16:56,915:WARNING:C:\Users\Siddiquee\AppData\Roaming\Python\Python310\site-packages\sklearn\metrics\_classification.py:1344: UndefinedMetricWarning: Precision is ill-defined and being set to 0.0 due to no predicted samples. Use `zero_division` parameter to control this behavior.
  _warn_prf(average, modifier, msg_start, len(result))

2023-03-28 19:16:57,852:INFO:Calculating mean and std
2023-03-28 19:16:57,854:INFO:Creating metrics dataframe
2023-03-28 19:16:58,074:INFO:Uploading results into container
2023-03-28 19:16:58,075:INFO:Uploading model into container now
2023-03-28 19:16:58,076:INFO:_master_model_container: 9
2023-03-28 19:16:58,076:INFO:_display_container: 2
2023-03-28 19:16:58,076:INFO:AdaBoostClassifier(algorithm='SAMME.R', base_estimator='deprecated',
                   estimator=None, learning_rate=1.0, n_estimators=50,
                   random_state=3934)
2023-03-28 19:16:58,076:INFO:create_model() successfully completed......................................
2023-03-28 19:16:58,147:INFO:SubProcess create_model() end ==================================
2023-03-28 19:16:58,148:INFO:Creating metrics dataframe
2023-03-28 19:16:58,154:INFO:Initializing Gradient Boosting Classifier
2023-03-28 19:16:58,154:INFO:Total runtime is 0.7262735883394877 minutes
2023-03-28 19:16:58,154:INFO:SubProcess create_model() called ==================================
2023-03-28 19:16:58,154:INFO:Initializing create_model()
2023-03-28 19:16:58,154:INFO:create_model(self=<pycaret.classification.oop.ClassificationExperiment object at 0x00000223E19A36A0>, estimator=gbc, fold=StratifiedKFold(n_splits=10, random_state=None, shuffle=False), round=4, cross_validation=True, predict=True, fit_kwargs={}, groups=None, refit=False, probability_threshold=None, experiment_custom_tags=None, verbose=False, system=False, add_to_model_list=True, metrics=None, display=<pycaret.internal.display.display.CommonDisplay object at 0x00000223E494FB80>, model_only=True, return_train_score=False, kwargs={})
2023-03-28 19:16:58,155:INFO:Checking exceptions
2023-03-28 19:16:58,155:INFO:Importing libraries
2023-03-28 19:16:58,155:INFO:Copying training dataset
2023-03-28 19:16:58,172:INFO:Defining folds
2023-03-28 19:16:58,172:INFO:Declaring metric variables
2023-03-28 19:16:58,172:INFO:Importing untrained model
2023-03-28 19:16:58,173:INFO:Gradient Boosting Classifier Imported successfully
2023-03-28 19:16:58,173:INFO:Starting cross validation
2023-03-28 19:16:58,174:INFO:Cross validating with StratifiedKFold(n_splits=10, random_state=None, shuffle=False), n_jobs=6
2023-03-28 19:17:07,203:WARNING:C:\Users\Siddiquee\AppData\Roaming\Python\Python310\site-packages\sklearn\metrics\_classification.py:1344: UndefinedMetricWarning: Precision is ill-defined and being set to 0.0 due to no predicted samples. Use `zero_division` parameter to control this behavior.
  _warn_prf(average, modifier, msg_start, len(result))

2023-03-28 19:17:07,378:WARNING:C:\Users\Siddiquee\AppData\Roaming\Python\Python310\site-packages\sklearn\metrics\_classification.py:1344: UndefinedMetricWarning: Precision is ill-defined and being set to 0.0 due to no predicted samples. Use `zero_division` parameter to control this behavior.
  _warn_prf(average, modifier, msg_start, len(result))

2023-03-28 19:17:07,480:WARNING:C:\Users\Siddiquee\AppData\Roaming\Python\Python310\site-packages\sklearn\metrics\_classification.py:1344: UndefinedMetricWarning: Precision is ill-defined and being set to 0.0 due to no predicted samples. Use `zero_division` parameter to control this behavior.
  _warn_prf(average, modifier, msg_start, len(result))

2023-03-28 19:17:07,751:WARNING:C:\Users\Siddiquee\AppData\Roaming\Python\Python310\site-packages\sklearn\metrics\_classification.py:1344: UndefinedMetricWarning: Precision is ill-defined and being set to 0.0 due to no predicted samples. Use `zero_division` parameter to control this behavior.
  _warn_prf(average, modifier, msg_start, len(result))

2023-03-28 19:17:08,087:WARNING:C:\Users\Siddiquee\AppData\Roaming\Python\Python310\site-packages\sklearn\metrics\_classification.py:1344: UndefinedMetricWarning: Precision is ill-defined and being set to 0.0 due to no predicted samples. Use `zero_division` parameter to control this behavior.
  _warn_prf(average, modifier, msg_start, len(result))

2023-03-28 19:17:14,959:WARNING:C:\Users\Siddiquee\AppData\Roaming\Python\Python310\site-packages\sklearn\metrics\_classification.py:1344: UndefinedMetricWarning: Precision is ill-defined and being set to 0.0 due to no predicted samples. Use `zero_division` parameter to control this behavior.
  _warn_prf(average, modifier, msg_start, len(result))

2023-03-28 19:17:15,755:INFO:Calculating mean and std
2023-03-28 19:17:15,757:INFO:Creating metrics dataframe
2023-03-28 19:17:16,009:INFO:Uploading results into container
2023-03-28 19:17:16,010:INFO:Uploading model into container now
2023-03-28 19:17:16,010:INFO:_master_model_container: 10
2023-03-28 19:17:16,010:INFO:_display_container: 2
2023-03-28 19:17:16,011:INFO:GradientBoostingClassifier(ccp_alpha=0.0, criterion='friedman_mse', init=None,
                           learning_rate=0.1, loss='log_loss', max_depth=3,
                           max_features=None, max_leaf_nodes=None,
                           min_impurity_decrease=0.0, min_samples_leaf=1,
                           min_samples_split=2, min_weight_fraction_leaf=0.0,
                           n_estimators=100, n_iter_no_change=None,
                           random_state=3934, subsample=1.0, tol=0.0001,
                           validation_fraction=0.1, verbose=0,
                           warm_start=False)
2023-03-28 19:17:16,011:INFO:create_model() successfully completed......................................
2023-03-28 19:17:16,087:INFO:SubProcess create_model() end ==================================
2023-03-28 19:17:16,087:INFO:Creating metrics dataframe
2023-03-28 19:17:16,096:INFO:Initializing Linear Discriminant Analysis
2023-03-28 19:17:16,096:INFO:Total runtime is 1.0253013134002686 minutes
2023-03-28 19:17:16,096:INFO:SubProcess create_model() called ==================================
2023-03-28 19:17:16,097:INFO:Initializing create_model()
2023-03-28 19:17:16,097:INFO:create_model(self=<pycaret.classification.oop.ClassificationExperiment object at 0x00000223E19A36A0>, estimator=lda, fold=StratifiedKFold(n_splits=10, random_state=None, shuffle=False), round=4, cross_validation=True, predict=True, fit_kwargs={}, groups=None, refit=False, probability_threshold=None, experiment_custom_tags=None, verbose=False, system=False, add_to_model_list=True, metrics=None, display=<pycaret.internal.display.display.CommonDisplay object at 0x00000223E494FB80>, model_only=True, return_train_score=False, kwargs={})
2023-03-28 19:17:16,097:INFO:Checking exceptions
2023-03-28 19:17:16,097:INFO:Importing libraries
2023-03-28 19:17:16,097:INFO:Copying training dataset
2023-03-28 19:17:16,115:INFO:Defining folds
2023-03-28 19:17:16,115:INFO:Declaring metric variables
2023-03-28 19:17:16,116:INFO:Importing untrained model
2023-03-28 19:17:16,116:INFO:Linear Discriminant Analysis Imported successfully
2023-03-28 19:17:16,116:INFO:Starting cross validation
2023-03-28 19:17:16,117:INFO:Cross validating with StratifiedKFold(n_splits=10, random_state=None, shuffle=False), n_jobs=6
2023-03-28 19:17:16,535:WARNING:C:\Users\Siddiquee\AppData\Roaming\Python\Python310\site-packages\sklearn\metrics\_classification.py:1344: UndefinedMetricWarning: Precision is ill-defined and being set to 0.0 due to no predicted samples. Use `zero_division` parameter to control this behavior.
  _warn_prf(average, modifier, msg_start, len(result))

2023-03-28 19:17:16,538:WARNING:C:\Users\Siddiquee\AppData\Roaming\Python\Python310\site-packages\sklearn\metrics\_classification.py:1344: UndefinedMetricWarning: Precision is ill-defined and being set to 0.0 due to no predicted samples. Use `zero_division` parameter to control this behavior.
  _warn_prf(average, modifier, msg_start, len(result))

2023-03-28 19:17:16,540:WARNING:C:\Users\Siddiquee\AppData\Roaming\Python\Python310\site-packages\sklearn\metrics\_classification.py:1344: UndefinedMetricWarning: Precision is ill-defined and being set to 0.0 due to no predicted samples. Use `zero_division` parameter to control this behavior.
  _warn_prf(average, modifier, msg_start, len(result))

2023-03-28 19:17:16,541:WARNING:C:\Users\Siddiquee\AppData\Roaming\Python\Python310\site-packages\sklearn\metrics\_classification.py:1344: UndefinedMetricWarning: Precision is ill-defined and being set to 0.0 due to no predicted samples. Use `zero_division` parameter to control this behavior.
  _warn_prf(average, modifier, msg_start, len(result))

2023-03-28 19:17:16,559:WARNING:C:\Users\Siddiquee\AppData\Roaming\Python\Python310\site-packages\sklearn\metrics\_classification.py:1344: UndefinedMetricWarning: Precision is ill-defined and being set to 0.0 due to no predicted samples. Use `zero_division` parameter to control this behavior.
  _warn_prf(average, modifier, msg_start, len(result))

2023-03-28 19:17:17,433:WARNING:C:\Users\Siddiquee\AppData\Roaming\Python\Python310\site-packages\sklearn\metrics\_classification.py:1344: UndefinedMetricWarning: Precision is ill-defined and being set to 0.0 due to no predicted samples. Use `zero_division` parameter to control this behavior.
  _warn_prf(average, modifier, msg_start, len(result))

2023-03-28 19:17:17,435:WARNING:C:\Users\Siddiquee\AppData\Roaming\Python\Python310\site-packages\sklearn\metrics\_classification.py:1344: UndefinedMetricWarning: Precision is ill-defined and being set to 0.0 due to no predicted samples. Use `zero_division` parameter to control this behavior.
  _warn_prf(average, modifier, msg_start, len(result))

2023-03-28 19:17:17,440:WARNING:C:\Users\Siddiquee\AppData\Roaming\Python\Python310\site-packages\sklearn\metrics\_classification.py:1344: UndefinedMetricWarning: Precision is ill-defined and being set to 0.0 due to no predicted samples. Use `zero_division` parameter to control this behavior.
  _warn_prf(average, modifier, msg_start, len(result))

2023-03-28 19:17:18,942:INFO:Calculating mean and std
2023-03-28 19:17:18,943:INFO:Creating metrics dataframe
2023-03-28 19:17:19,170:INFO:Uploading results into container
2023-03-28 19:17:19,171:INFO:Uploading model into container now
2023-03-28 19:17:19,171:INFO:_master_model_container: 11
2023-03-28 19:17:19,171:INFO:_display_container: 2
2023-03-28 19:17:19,172:INFO:LinearDiscriminantAnalysis(covariance_estimator=None, n_components=None,
                           priors=None, shrinkage=None, solver='svd',
                           store_covariance=False, tol=0.0001)
2023-03-28 19:17:19,172:INFO:create_model() successfully completed......................................
2023-03-28 19:17:19,238:INFO:SubProcess create_model() end ==================================
2023-03-28 19:17:19,238:INFO:Creating metrics dataframe
2023-03-28 19:17:19,244:INFO:Initializing Extra Trees Classifier
2023-03-28 19:17:19,244:INFO:Total runtime is 1.0777751485506695 minutes
2023-03-28 19:17:19,245:INFO:SubProcess create_model() called ==================================
2023-03-28 19:17:19,245:INFO:Initializing create_model()
2023-03-28 19:17:19,245:INFO:create_model(self=<pycaret.classification.oop.ClassificationExperiment object at 0x00000223E19A36A0>, estimator=et, fold=StratifiedKFold(n_splits=10, random_state=None, shuffle=False), round=4, cross_validation=True, predict=True, fit_kwargs={}, groups=None, refit=False, probability_threshold=None, experiment_custom_tags=None, verbose=False, system=False, add_to_model_list=True, metrics=None, display=<pycaret.internal.display.display.CommonDisplay object at 0x00000223E494FB80>, model_only=True, return_train_score=False, kwargs={})
2023-03-28 19:17:19,245:INFO:Checking exceptions
2023-03-28 19:17:19,245:INFO:Importing libraries
2023-03-28 19:17:19,245:INFO:Copying training dataset
2023-03-28 19:17:19,259:INFO:Defining folds
2023-03-28 19:17:19,259:INFO:Declaring metric variables
2023-03-28 19:17:19,259:INFO:Importing untrained model
2023-03-28 19:17:19,260:INFO:Extra Trees Classifier Imported successfully
2023-03-28 19:17:19,260:INFO:Starting cross validation
2023-03-28 19:17:19,261:INFO:Cross validating with StratifiedKFold(n_splits=10, random_state=None, shuffle=False), n_jobs=6
2023-03-28 19:17:22,584:WARNING:C:\Users\Siddiquee\AppData\Roaming\Python\Python310\site-packages\pycaret\internal\pipeline.py:260: UserWarning: Persisting input arguments took 0.73s to run.
If this happens often in your code, it can cause performance problems 
(results will be correct in all cases). 
The reason for this is probably some large input arguments for a wrapped
 function (e.g. large strings).
THIS IS A JOBLIB ISSUE. If you can, kindly provide the joblib's team with an
 example so that they can fix the problem.
  fitted_estimator = self._memory_fit(

2023-03-28 19:17:22,594:WARNING:C:\Users\Siddiquee\AppData\Roaming\Python\Python310\site-packages\pycaret\internal\pipeline.py:260: UserWarning: Persisting input arguments took 0.71s to run.
If this happens often in your code, it can cause performance problems 
(results will be correct in all cases). 
The reason for this is probably some large input arguments for a wrapped
 function (e.g. large strings).
THIS IS A JOBLIB ISSUE. If you can, kindly provide the joblib's team with an
 example so that they can fix the problem.
  fitted_estimator = self._memory_fit(

2023-03-28 19:17:22,606:WARNING:C:\Users\Siddiquee\AppData\Roaming\Python\Python310\site-packages\pycaret\internal\pipeline.py:260: UserWarning: Persisting input arguments took 0.56s to run.
If this happens often in your code, it can cause performance problems 
(results will be correct in all cases). 
The reason for this is probably some large input arguments for a wrapped
 function (e.g. large strings).
THIS IS A JOBLIB ISSUE. If you can, kindly provide the joblib's team with an
 example so that they can fix the problem.
  fitted_estimator = self._memory_fit(

2023-03-28 19:17:28,195:INFO:Calculating mean and std
2023-03-28 19:17:28,196:INFO:Creating metrics dataframe
2023-03-28 19:17:28,432:INFO:Uploading results into container
2023-03-28 19:17:28,433:INFO:Uploading model into container now
2023-03-28 19:17:28,433:INFO:_master_model_container: 12
2023-03-28 19:17:28,433:INFO:_display_container: 2
2023-03-28 19:17:28,434:INFO:ExtraTreesClassifier(bootstrap=False, ccp_alpha=0.0, class_weight=None,
                     criterion='gini', max_depth=None, max_features='sqrt',
                     max_leaf_nodes=None, max_samples=None,
                     min_impurity_decrease=0.0, min_samples_leaf=1,
                     min_samples_split=2, min_weight_fraction_leaf=0.0,
                     n_estimators=100, n_jobs=6, oob_score=False,
                     random_state=3934, verbose=0, warm_start=False)
2023-03-28 19:17:28,434:INFO:create_model() successfully completed......................................
2023-03-28 19:17:28,509:INFO:SubProcess create_model() end ==================================
2023-03-28 19:17:28,509:INFO:Creating metrics dataframe
2023-03-28 19:17:28,515:INFO:Initializing Extreme Gradient Boosting
2023-03-28 19:17:28,515:INFO:Total runtime is 1.232292115688324 minutes
2023-03-28 19:17:28,516:INFO:SubProcess create_model() called ==================================
2023-03-28 19:17:28,516:INFO:Initializing create_model()
2023-03-28 19:17:28,516:INFO:create_model(self=<pycaret.classification.oop.ClassificationExperiment object at 0x00000223E19A36A0>, estimator=xgboost, fold=StratifiedKFold(n_splits=10, random_state=None, shuffle=False), round=4, cross_validation=True, predict=True, fit_kwargs={}, groups=None, refit=False, probability_threshold=None, experiment_custom_tags=None, verbose=False, system=False, add_to_model_list=True, metrics=None, display=<pycaret.internal.display.display.CommonDisplay object at 0x00000223E494FB80>, model_only=True, return_train_score=False, kwargs={})
2023-03-28 19:17:28,516:INFO:Checking exceptions
2023-03-28 19:17:28,516:INFO:Importing libraries
2023-03-28 19:17:28,516:INFO:Copying training dataset
2023-03-28 19:17:28,536:INFO:Defining folds
2023-03-28 19:17:28,536:INFO:Declaring metric variables
2023-03-28 19:17:28,536:INFO:Importing untrained model
2023-03-28 19:17:28,538:INFO:Extreme Gradient Boosting Imported successfully
2023-03-28 19:17:28,538:INFO:Starting cross validation
2023-03-28 19:17:28,540:INFO:Cross validating with StratifiedKFold(n_splits=10, random_state=None, shuffle=False), n_jobs=6
2023-03-28 19:17:47,063:INFO:Calculating mean and std
2023-03-28 19:17:47,064:INFO:Creating metrics dataframe
2023-03-28 19:17:47,302:INFO:Uploading results into container
2023-03-28 19:17:47,303:INFO:Uploading model into container now
2023-03-28 19:17:47,303:INFO:_master_model_container: 13
2023-03-28 19:17:47,303:INFO:_display_container: 2
2023-03-28 19:17:47,304:INFO:XGBClassifier(base_score=None, booster='gbtree', callbacks=None,
              colsample_bylevel=None, colsample_bynode=None,
              colsample_bytree=None, early_stopping_rounds=None,
              enable_categorical=False, eval_metric=None, feature_types=None,
              gamma=None, gpu_id=None, grow_policy=None, importance_type=None,
              interaction_constraints=None, learning_rate=None, max_bin=None,
              max_cat_threshold=None, max_cat_to_onehot=None,
              max_delta_step=None, max_depth=None, max_leaves=None,
              min_child_weight=None, missing=nan, monotone_constraints=None,
              n_estimators=100, n_jobs=6, num_parallel_tree=None,
              objective='binary:logistic', predictor=None, ...)
2023-03-28 19:17:47,304:INFO:create_model() successfully completed......................................
2023-03-28 19:17:47,372:INFO:SubProcess create_model() end ==================================
2023-03-28 19:17:47,372:INFO:Creating metrics dataframe
2023-03-28 19:17:47,378:INFO:Initializing Light Gradient Boosting Machine
2023-03-28 19:17:47,379:INFO:Total runtime is 1.5466924905776978 minutes
2023-03-28 19:17:47,379:INFO:SubProcess create_model() called ==================================
2023-03-28 19:17:47,379:INFO:Initializing create_model()
2023-03-28 19:17:47,379:INFO:create_model(self=<pycaret.classification.oop.ClassificationExperiment object at 0x00000223E19A36A0>, estimator=lightgbm, fold=StratifiedKFold(n_splits=10, random_state=None, shuffle=False), round=4, cross_validation=True, predict=True, fit_kwargs={}, groups=None, refit=False, probability_threshold=None, experiment_custom_tags=None, verbose=False, system=False, add_to_model_list=True, metrics=None, display=<pycaret.internal.display.display.CommonDisplay object at 0x00000223E494FB80>, model_only=True, return_train_score=False, kwargs={})
2023-03-28 19:17:47,379:INFO:Checking exceptions
2023-03-28 19:17:47,379:INFO:Importing libraries
2023-03-28 19:17:47,379:INFO:Copying training dataset
2023-03-28 19:17:47,393:INFO:Defining folds
2023-03-28 19:17:47,393:INFO:Declaring metric variables
2023-03-28 19:17:47,394:INFO:Importing untrained model
2023-03-28 19:17:47,394:INFO:Light Gradient Boosting Machine Imported successfully
2023-03-28 19:17:47,395:INFO:Starting cross validation
2023-03-28 19:17:47,395:INFO:Cross validating with StratifiedKFold(n_splits=10, random_state=None, shuffle=False), n_jobs=6
2023-03-28 19:17:53,172:INFO:Calculating mean and std
2023-03-28 19:17:53,173:INFO:Creating metrics dataframe
2023-03-28 19:17:53,416:INFO:Uploading results into container
2023-03-28 19:17:53,417:INFO:Uploading model into container now
2023-03-28 19:17:53,417:INFO:_master_model_container: 14
2023-03-28 19:17:53,417:INFO:_display_container: 2
2023-03-28 19:17:53,418:INFO:LGBMClassifier(boosting_type='gbdt', class_weight=None, colsample_bytree=1.0,
               importance_type='split', learning_rate=0.1, max_depth=-1,
               min_child_samples=20, min_child_weight=0.001, min_split_gain=0.0,
               n_estimators=100, n_jobs=6, num_leaves=31, objective=None,
               random_state=3934, reg_alpha=0.0, reg_lambda=0.0, silent='warn',
               subsample=1.0, subsample_for_bin=200000, subsample_freq=0)
2023-03-28 19:17:53,418:INFO:create_model() successfully completed......................................
2023-03-28 19:17:53,485:INFO:SubProcess create_model() end ==================================
2023-03-28 19:17:53,485:INFO:Creating metrics dataframe
2023-03-28 19:17:53,490:INFO:Initializing Dummy Classifier
2023-03-28 19:17:53,490:INFO:Total runtime is 1.648535188039144 minutes
2023-03-28 19:17:53,491:INFO:SubProcess create_model() called ==================================
2023-03-28 19:17:53,491:INFO:Initializing create_model()
2023-03-28 19:17:53,491:INFO:create_model(self=<pycaret.classification.oop.ClassificationExperiment object at 0x00000223E19A36A0>, estimator=dummy, fold=StratifiedKFold(n_splits=10, random_state=None, shuffle=False), round=4, cross_validation=True, predict=True, fit_kwargs={}, groups=None, refit=False, probability_threshold=None, experiment_custom_tags=None, verbose=False, system=False, add_to_model_list=True, metrics=None, display=<pycaret.internal.display.display.CommonDisplay object at 0x00000223E494FB80>, model_only=True, return_train_score=False, kwargs={})
2023-03-28 19:17:53,491:INFO:Checking exceptions
2023-03-28 19:17:53,491:INFO:Importing libraries
2023-03-28 19:17:53,491:INFO:Copying training dataset
2023-03-28 19:17:53,505:INFO:Defining folds
2023-03-28 19:17:53,506:INFO:Declaring metric variables
2023-03-28 19:17:53,506:INFO:Importing untrained model
2023-03-28 19:17:53,506:INFO:Dummy Classifier Imported successfully
2023-03-28 19:17:53,506:INFO:Starting cross validation
2023-03-28 19:17:53,507:INFO:Cross validating with StratifiedKFold(n_splits=10, random_state=None, shuffle=False), n_jobs=6
2023-03-28 19:17:53,701:WARNING:C:\Users\Siddiquee\AppData\Roaming\Python\Python310\site-packages\sklearn\metrics\_classification.py:1344: UndefinedMetricWarning: Precision is ill-defined and being set to 0.0 due to no predicted samples. Use `zero_division` parameter to control this behavior.
  _warn_prf(average, modifier, msg_start, len(result))

2023-03-28 19:17:53,712:WARNING:C:\Users\Siddiquee\AppData\Roaming\Python\Python310\site-packages\sklearn\metrics\_classification.py:1344: UndefinedMetricWarning: Precision is ill-defined and being set to 0.0 due to no predicted samples. Use `zero_division` parameter to control this behavior.
  _warn_prf(average, modifier, msg_start, len(result))

2023-03-28 19:17:53,717:WARNING:C:\Users\Siddiquee\AppData\Roaming\Python\Python310\site-packages\sklearn\metrics\_classification.py:1344: UndefinedMetricWarning: Precision is ill-defined and being set to 0.0 due to no predicted samples. Use `zero_division` parameter to control this behavior.
  _warn_prf(average, modifier, msg_start, len(result))

2023-03-28 19:17:53,722:WARNING:C:\Users\Siddiquee\AppData\Roaming\Python\Python310\site-packages\sklearn\metrics\_classification.py:1344: UndefinedMetricWarning: Precision is ill-defined and being set to 0.0 due to no predicted samples. Use `zero_division` parameter to control this behavior.
  _warn_prf(average, modifier, msg_start, len(result))

2023-03-28 19:17:53,729:WARNING:C:\Users\Siddiquee\AppData\Roaming\Python\Python310\site-packages\sklearn\metrics\_classification.py:1344: UndefinedMetricWarning: Precision is ill-defined and being set to 0.0 due to no predicted samples. Use `zero_division` parameter to control this behavior.
  _warn_prf(average, modifier, msg_start, len(result))

2023-03-28 19:17:53,735:WARNING:C:\Users\Siddiquee\AppData\Roaming\Python\Python310\site-packages\sklearn\metrics\_classification.py:1344: UndefinedMetricWarning: Precision is ill-defined and being set to 0.0 due to no predicted samples. Use `zero_division` parameter to control this behavior.
  _warn_prf(average, modifier, msg_start, len(result))

2023-03-28 19:17:54,389:WARNING:C:\Users\Siddiquee\AppData\Roaming\Python\Python310\site-packages\sklearn\metrics\_classification.py:1344: UndefinedMetricWarning: Precision is ill-defined and being set to 0.0 due to no predicted samples. Use `zero_division` parameter to control this behavior.
  _warn_prf(average, modifier, msg_start, len(result))

2023-03-28 19:17:54,403:WARNING:C:\Users\Siddiquee\AppData\Roaming\Python\Python310\site-packages\sklearn\metrics\_classification.py:1344: UndefinedMetricWarning: Precision is ill-defined and being set to 0.0 due to no predicted samples. Use `zero_division` parameter to control this behavior.
  _warn_prf(average, modifier, msg_start, len(result))

2023-03-28 19:17:54,410:WARNING:C:\Users\Siddiquee\AppData\Roaming\Python\Python310\site-packages\sklearn\metrics\_classification.py:1344: UndefinedMetricWarning: Precision is ill-defined and being set to 0.0 due to no predicted samples. Use `zero_division` parameter to control this behavior.
  _warn_prf(average, modifier, msg_start, len(result))

2023-03-28 19:17:54,431:WARNING:C:\Users\Siddiquee\AppData\Roaming\Python\Python310\site-packages\sklearn\metrics\_classification.py:1344: UndefinedMetricWarning: Precision is ill-defined and being set to 0.0 due to no predicted samples. Use `zero_division` parameter to control this behavior.
  _warn_prf(average, modifier, msg_start, len(result))

2023-03-28 19:17:56,177:INFO:Calculating mean and std
2023-03-28 19:17:56,178:INFO:Creating metrics dataframe
2023-03-28 19:17:56,383:INFO:Uploading results into container
2023-03-28 19:17:56,384:INFO:Uploading model into container now
2023-03-28 19:17:56,385:INFO:_master_model_container: 15
2023-03-28 19:17:56,385:INFO:_display_container: 2
2023-03-28 19:17:56,385:INFO:DummyClassifier(constant=None, random_state=3934, strategy='prior')
2023-03-28 19:17:56,385:INFO:create_model() successfully completed......................................
2023-03-28 19:17:56,449:INFO:SubProcess create_model() end ==================================
2023-03-28 19:17:56,449:INFO:Creating metrics dataframe
2023-03-28 19:17:56,457:INFO:Initializing create_model()
2023-03-28 19:17:56,457:INFO:create_model(self=<pycaret.classification.oop.ClassificationExperiment object at 0x00000223E19A36A0>, estimator=KNeighborsClassifier(algorithm='auto', leaf_size=30, metric='minkowski',
                     metric_params=None, n_jobs=6, n_neighbors=5, p=2,
                     weights='uniform'), fold=StratifiedKFold(n_splits=10, random_state=None, shuffle=False), round=4, cross_validation=False, predict=False, fit_kwargs={}, groups=None, refit=True, probability_threshold=None, experiment_custom_tags=None, verbose=False, system=False, add_to_model_list=True, metrics=None, display=None, model_only=True, return_train_score=False, kwargs={})
2023-03-28 19:17:56,457:INFO:Checking exceptions
2023-03-28 19:17:56,458:INFO:Importing libraries
2023-03-28 19:17:56,458:INFO:Copying training dataset
2023-03-28 19:17:56,471:INFO:Defining folds
2023-03-28 19:17:56,471:INFO:Declaring metric variables
2023-03-28 19:17:56,471:INFO:Importing untrained model
2023-03-28 19:17:56,471:INFO:Declaring custom model
2023-03-28 19:17:56,472:INFO:K Neighbors Classifier Imported successfully
2023-03-28 19:17:56,472:INFO:Cross validation set to False
2023-03-28 19:17:56,472:INFO:Fitting Model
2023-03-28 19:17:56,733:INFO:KNeighborsClassifier(algorithm='auto', leaf_size=30, metric='minkowski',
                     metric_params=None, n_jobs=6, n_neighbors=5, p=2,
                     weights='uniform')
2023-03-28 19:17:56,733:INFO:create_model() successfully completed......................................
2023-03-28 19:17:56,813:INFO:_master_model_container: 15
2023-03-28 19:17:56,813:INFO:_display_container: 2
2023-03-28 19:17:56,814:INFO:KNeighborsClassifier(algorithm='auto', leaf_size=30, metric='minkowski',
                     metric_params=None, n_jobs=6, n_neighbors=5, p=2,
                     weights='uniform')
2023-03-28 19:17:56,814:INFO:compare_models() successfully completed......................................
