,mean_fit_time,std_fit_time,mean_score_time,std_score_time,param_C,param_dual,param_fit_intercept,param_max_iter,param_n_jobs,param_penalty,param_solver,params,split0_test_accuracy_score,split1_test_accuracy_score,split2_test_accuracy_score,split3_test_accuracy_score,split4_test_accuracy_score,mean_test_accuracy_score,std_test_accuracy_score,rank_test_accuracy_score,split0_test_precision_0,split1_test_precision_0,split2_test_precision_0,split3_test_precision_0,split4_test_precision_0,mean_test_precision_0,std_test_precision_0,rank_test_precision_0,split0_test_precision_1,split1_test_precision_1,split2_test_precision_1,split3_test_precision_1,split4_test_precision_1,mean_test_precision_1,std_test_precision_1,rank_test_precision_1,split0_test_recall_0,split1_test_recall_0,split2_test_recall_0,split3_test_recall_0,split4_test_recall_0,mean_test_recall_0,std_test_recall_0,rank_test_recall_0,split0_test_recall_1,split1_test_recall_1,split2_test_recall_1,split3_test_recall_1,split4_test_recall_1,mean_test_recall_1,std_test_recall_1,rank_test_recall_1,split0_test_fbeta_score,split1_test_fbeta_score,split2_test_fbeta_score,split3_test_fbeta_score,split4_test_fbeta_score,mean_test_fbeta_score,std_test_fbeta_score,rank_test_fbeta_score,split0_test_balanced_accuracy_score,split1_test_balanced_accuracy_score,split2_test_balanced_accuracy_score,split3_test_balanced_accuracy_score,split4_test_balanced_accuracy_score,mean_test_balanced_accuracy_score,std_test_balanced_accuracy_score,rank_test_balanced_accuracy_score,split0_test_average_precision_score,split1_test_average_precision_score,split2_test_average_precision_score,split3_test_average_precision_score,split4_test_average_precision_score,mean_test_average_precision_score,std_test_average_precision_score,rank_test_average_precision_score,split0_test_roc_auc,split1_test_roc_auc,split2_test_roc_auc,split3_test_roc_auc,split4_test_roc_auc,mean_test_roc_auc,std_test_roc_auc,rank_test_roc_auc
34,0.07359528541564941,0.007319490466800217,0.0391876220703125,0.0012687496817185204,1,False,True,500,-1,l1,saga,"{'C': 1, 'dual': False, 'fit_intercept': True, 'max_iter': 500, 'n_jobs': -1, 'penalty': 'l1', 'solver': 'saga'}",0.6843575418994413,0.711484593837535,0.7394957983193278,0.7142857142857143,0.8627450980392157,0.7424737492762469,0.06262020785091903,55,0.6586538461538461,0.6844660194174758,0.7128712871287128,0.6958762886597938,0.9574468085106383,0.7418628499740934,0.10922440404114936,90,0.72,0.7483443708609272,0.7741935483870968,0.7361963190184049,0.8009259259259259,0.755932032838471,0.028622073172556866,1,0.7653631284916201,0.7877094972067039,0.8044692737430168,0.7584269662921348,0.7584269662921348,0.7748791664051221,0.01828713534391275,1,0.6033519553072626,0.6348314606741573,0.6741573033707865,0.6703910614525139,0.9664804469273743,0.709842445546419,0.13088909595127754,91,0.693196405648267,0.7225063938618926,0.7518796992481203,0.7220216606498195,0.8293384467881112,0.7437885212392421,0.04662734015271312,1,0.6843575418994414,0.7112704789404306,0.7393132885569016,0.7144090138723244,0.8624537066097546,0.7423608059757705,0.06252020778207526,55,0.6327374301675978,0.6571453791725783,0.6843932208621034,0.658805538186759,0.7908859695336856,0.6847935075845448,0.05550747601185642,1,0.6843575418994413,0.7112704789404305,0.7393132885569016,0.7144090138723244,0.8624537066097546,0.7423608059757705,0.06252020778207529,55
459,0.26407179832458494,0.04835457720012042,0.05929322242736816,0.030565121971887505,8,False,True,500,-1,l2,saga,"{'C': 8, 'dual': False, 'fit_intercept': True, 'max_iter': 500, 'n_jobs': -1, 'penalty': 'l2', 'solver': 'saga'}",0.6871508379888268,0.7086834733893558,0.7366946778711485,0.7142857142857143,0.8627450980392157,0.7419119603148523,0.062440354803345956,56,0.6618357487922706,0.6829268292682927,0.7114427860696517,0.6958762886597938,0.9574468085106383,0.7419056922601295,0.10899024687617126,55,0.7218543046357616,0.743421052631579,0.7692307692307693,0.7361963190184049,0.8009259259259259,0.7543256742884881,0.027913149055684042,2,0.7653631284916201,0.7821229050279329,0.7988826815642458,0.7584269662921348,0.7584269662921348,0.7726445295336137,0.015719906069561126,2,0.6089385474860335,0.6348314606741573,0.6741573033707865,0.6703910614525139,0.9664804469273743,0.7109597639821732,0.1299960824984231,55,0.6960408684546615,0.7188295165394402,0.7481296758104738,0.7220216606498195,0.8293384467881112,0.7428720336485013,0.04628179365337826,2,0.6871508379888268,0.7084771828510451,0.7365199924675161,0.7144090138723244,0.8624537066097546,0.7418021467578935,0.062341643461631076,56,0.6350956380184247,0.6540199018696775,0.681047527048849,0.658805538186759,0.7908859695336856,0.6839709149314792,0.0554229684530967,2,0.6871508379888268,0.7084771828510451,0.7365199924675161,0.7144090138723244,0.8624537066097546,0.7418021467578935,0.062341643461631076,56
455,0.0699613094329834,0.038961855744758245,0.04750051498413086,0.0036593753964389063,8,False,True,500,-1,l2,lbfgs,"{'C': 8, 'dual': False, 'fit_intercept': True, 'max_iter': 500, 'n_jobs': -1, 'penalty': 'l2', 'solver': 'lbfgs'}",0.6871508379888268,0.7086834733893558,0.7366946778711485,0.7142857142857143,0.8627450980392157,0.7419119603148523,0.062440354803345956,56,0.6618357487922706,0.6829268292682927,0.7114427860696517,0.6958762886597938,0.9574468085106383,0.7419056922601295,0.10899024687617126,55,0.7218543046357616,0.743421052631579,0.7692307692307693,0.7361963190184049,0.8009259259259259,0.7543256742884881,0.027913149055684042,2,0.7653631284916201,0.7821229050279329,0.7988826815642458,0.7584269662921348,0.7584269662921348,0.7726445295336137,0.015719906069561126,2,0.6089385474860335,0.6348314606741573,0.6741573033707865,0.6703910614525139,0.9664804469273743,0.7109597639821732,0.1299960824984231,55,0.6960408684546615,0.7188295165394402,0.7481296758104738,0.7220216606498195,0.8293384467881112,0.7428720336485013,0.04628179365337826,2,0.6871508379888268,0.7084771828510451,0.7365199924675161,0.7144090138723244,0.8624537066097546,0.7418021467578935,0.062341643461631076,56,0.6350956380184247,0.6540199018696775,0.681047527048849,0.658805538186759,0.7908859695336856,0.6839709149314792,0.0554229684530967,2,0.6871508379888268,0.7084771828510451,0.7365199924675161,0.7144090138723244,0.8624537066097546,0.7418021467578935,0.062341643461631076,56
336,0.052167510986328124,0.019549077392385837,0.036113309860229495,0.00389886218167489,6,False,True,500,-1,l2,newton-cg,"{'C': 6, 'dual': False, 'fit_intercept': True, 'max_iter': 500, 'n_jobs': -1, 'penalty': 'l2', 'solver': 'newton-cg'}",0.6871508379888268,0.7086834733893558,0.7366946778711485,0.7142857142857143,0.8627450980392157,0.7419119603148523,0.062440354803345956,56,0.6618357487922706,0.6829268292682927,0.7114427860696517,0.6958762886597938,0.9574468085106383,0.7419056922601295,0.10899024687617126,55,0.7218543046357616,0.743421052631579,0.7692307692307693,0.7361963190184049,0.8009259259259259,0.7543256742884881,0.027913149055684042,2,0.7653631284916201,0.7821229050279329,0.7988826815642458,0.7584269662921348,0.7584269662921348,0.7726445295336137,0.015719906069561126,2,0.6089385474860335,0.6348314606741573,0.6741573033707865,0.6703910614525139,0.9664804469273743,0.7109597639821732,0.1299960824984231,55,0.6960408684546615,0.7188295165394402,0.7481296758104738,0.7220216606498195,0.8293384467881112,0.7428720336485013,0.04628179365337826,2,0.6871508379888268,0.7084771828510451,0.7365199924675161,0.7144090138723244,0.8624537066097546,0.7418021467578935,0.062341643461631076,56,0.6350956380184247,0.6540199018696775,0.681047527048849,0.658805538186759,0.7908859695336856,0.6839709149314792,0.0554229684530967,2,0.6871508379888268,0.7084771828510451,0.7365199924675161,0.7144090138723244,0.8624537066097546,0.7418021467578935,0.062341643461631076,56
335,0.04771113395690918,0.027307848779802094,0.045446157455444336,0.011810847479579478,6,False,True,500,-1,l2,lbfgs,"{'C': 6, 'dual': False, 'fit_intercept': True, 'max_iter': 500, 'n_jobs': -1, 'penalty': 'l2', 'solver': 'lbfgs'}",0.6871508379888268,0.7086834733893558,0.7366946778711485,0.7142857142857143,0.8627450980392157,0.7419119603148523,0.062440354803345956,56,0.6618357487922706,0.6829268292682927,0.7114427860696517,0.6958762886597938,0.9574468085106383,0.7419056922601295,0.10899024687617126,55,0.7218543046357616,0.743421052631579,0.7692307692307693,0.7361963190184049,0.8009259259259259,0.7543256742884881,0.027913149055684042,2,0.7653631284916201,0.7821229050279329,0.7988826815642458,0.7584269662921348,0.7584269662921348,0.7726445295336137,0.015719906069561126,2,0.6089385474860335,0.6348314606741573,0.6741573033707865,0.6703910614525139,0.9664804469273743,0.7109597639821732,0.1299960824984231,55,0.6960408684546615,0.7188295165394402,0.7481296758104738,0.7220216606498195,0.8293384467881112,0.7428720336485013,0.04628179365337826,2,0.6871508379888268,0.7084771828510451,0.7365199924675161,0.7144090138723244,0.8624537066097546,0.7418021467578935,0.062341643461631076,56,0.6350956380184247,0.6540199018696775,0.681047527048849,0.658805538186759,0.7908859695336856,0.6839709149314792,0.0554229684530967,2,0.6871508379888268,0.7084771828510451,0.7365199924675161,0.7144090138723244,0.8624537066097546,0.7418021467578935,0.062341643461631076,56
334,0.24495749473571776,0.023468196370741407,0.04717164039611817,0.006808672349485865,6,False,True,500,-1,l1,saga,"{'C': 6, 'dual': False, 'fit_intercept': True, 'max_iter': 500, 'n_jobs': -1, 'penalty': 'l1', 'solver': 'saga'}",0.6871508379888268,0.7086834733893558,0.7366946778711485,0.7142857142857143,0.8627450980392157,0.7419119603148523,0.062440354803345956,56,0.6618357487922706,0.6829268292682927,0.7114427860696517,0.6958762886597938,0.9574468085106383,0.7419056922601295,0.10899024687617126,55,0.7218543046357616,0.743421052631579,0.7692307692307693,0.7361963190184049,0.8009259259259259,0.7543256742884881,0.027913149055684042,2,0.7653631284916201,0.7821229050279329,0.7988826815642458,0.7584269662921348,0.7584269662921348,0.7726445295336137,0.015719906069561126,2,0.6089385474860335,0.6348314606741573,0.6741573033707865,0.6703910614525139,0.9664804469273743,0.7109597639821732,0.1299960824984231,55,0.6960408684546615,0.7188295165394402,0.7481296758104738,0.7220216606498195,0.8293384467881112,0.7428720336485013,0.04628179365337826,2,0.6871508379888268,0.7084771828510451,0.7365199924675161,0.7144090138723244,0.8624537066097546,0.7418021467578935,0.062341643461631076,56,0.6350956380184247,0.6540199018696775,0.681047527048849,0.658805538186759,0.7908859695336856,0.6839709149314792,0.0554229684530967,2,0.6871508379888268,0.7084771828510451,0.7365199924675161,0.7144090138723244,0.8624537066097546,0.7418021467578935,0.062341643461631076,56
214,0.17680459022521972,0.02916576168513847,0.043776655197143556,0.012478663918085303,4,False,True,500,-1,l1,saga,"{'C': 4, 'dual': False, 'fit_intercept': True, 'max_iter': 500, 'n_jobs': -1, 'penalty': 'l1', 'solver': 'saga'}",0.6871508379888268,0.7086834733893558,0.7366946778711485,0.7142857142857143,0.8627450980392157,0.7419119603148523,0.062440354803345956,56,0.6618357487922706,0.6829268292682927,0.7114427860696517,0.6958762886597938,0.9574468085106383,0.7419056922601295,0.10899024687617126,55,0.7218543046357616,0.743421052631579,0.7692307692307693,0.7361963190184049,0.8009259259259259,0.7543256742884881,0.027913149055684042,2,0.7653631284916201,0.7821229050279329,0.7988826815642458,0.7584269662921348,0.7584269662921348,0.7726445295336137,0.015719906069561126,2,0.6089385474860335,0.6348314606741573,0.6741573033707865,0.6703910614525139,0.9664804469273743,0.7109597639821732,0.1299960824984231,55,0.6960408684546615,0.7188295165394402,0.7481296758104738,0.7220216606498195,0.8293384467881112,0.7428720336485013,0.04628179365337826,2,0.6871508379888268,0.7084771828510451,0.7365199924675161,0.7144090138723244,0.8624537066097546,0.7418021467578935,0.062341643461631076,56,0.6350956380184247,0.6540199018696775,0.681047527048849,0.658805538186759,0.7908859695336856,0.6839709149314792,0.0554229684530967,2,0.6871508379888268,0.7084771828510451,0.7365199924675161,0.7144090138723244,0.8624537066097546,0.7418021467578935,0.062341643461631076,56
279,0.19513363838195802,0.016669868868983282,0.05005159378051758,0.009225139253752903,5,False,True,500,-1,l2,saga,"{'C': 5, 'dual': False, 'fit_intercept': True, 'max_iter': 500, 'n_jobs': -1, 'penalty': 'l2', 'solver': 'saga'}",0.6871508379888268,0.7086834733893558,0.7366946778711485,0.7142857142857143,0.8627450980392157,0.7419119603148523,0.062440354803345956,56,0.6618357487922706,0.6829268292682927,0.7114427860696517,0.6958762886597938,0.9574468085106383,0.7419056922601295,0.10899024687617126,55,0.7218543046357616,0.743421052631579,0.7692307692307693,0.7361963190184049,0.8009259259259259,0.7543256742884881,0.027913149055684042,2,0.7653631284916201,0.7821229050279329,0.7988826815642458,0.7584269662921348,0.7584269662921348,0.7726445295336137,0.015719906069561126,2,0.6089385474860335,0.6348314606741573,0.6741573033707865,0.6703910614525139,0.9664804469273743,0.7109597639821732,0.1299960824984231,55,0.6960408684546615,0.7188295165394402,0.7481296758104738,0.7220216606498195,0.8293384467881112,0.7428720336485013,0.04628179365337826,2,0.6871508379888268,0.7084771828510451,0.7365199924675161,0.7144090138723244,0.8624537066097546,0.7418021467578935,0.062341643461631076,56,0.6350956380184247,0.6540199018696775,0.681047527048849,0.658805538186759,0.7908859695336856,0.6839709149314792,0.0554229684530967,2,0.6871508379888268,0.7084771828510451,0.7365199924675161,0.7144090138723244,0.8624537066097546,0.7418021467578935,0.062341643461631076,56
278,0.13323159217834474,0.061907194950239365,0.045027732849121094,0.008791764045619545,5,False,True,500,-1,l2,sag,"{'C': 5, 'dual': False, 'fit_intercept': True, 'max_iter': 500, 'n_jobs': -1, 'penalty': 'l2', 'solver': 'sag'}",0.6871508379888268,0.7086834733893558,0.7366946778711485,0.7142857142857143,0.8627450980392157,0.7419119603148523,0.062440354803345956,56,0.6618357487922706,0.6829268292682927,0.7114427860696517,0.6958762886597938,0.9574468085106383,0.7419056922601295,0.10899024687617126,55,0.7218543046357616,0.743421052631579,0.7692307692307693,0.7361963190184049,0.8009259259259259,0.7543256742884881,0.027913149055684042,2,0.7653631284916201,0.7821229050279329,0.7988826815642458,0.7584269662921348,0.7584269662921348,0.7726445295336137,0.015719906069561126,2,0.6089385474860335,0.6348314606741573,0.6741573033707865,0.6703910614525139,0.9664804469273743,0.7109597639821732,0.1299960824984231,55,0.6960408684546615,0.7188295165394402,0.7481296758104738,0.7220216606498195,0.8293384467881112,0.7428720336485013,0.04628179365337826,2,0.6871508379888268,0.7084771828510451,0.7365199924675161,0.7144090138723244,0.8624537066097546,0.7418021467578935,0.062341643461631076,56,0.6350956380184247,0.6540199018696775,0.681047527048849,0.658805538186759,0.7908859695336856,0.6839709149314792,0.0554229684530967,2,0.6871508379888268,0.7084771828510451,0.7365199924675161,0.7144090138723244,0.8624537066097546,0.7418021467578935,0.062341643461631076,56
277,0.036104345321655275,0.011264146632561882,0.05196676254272461,0.013295266107017825,5,False,True,500,-1,l2,newton-cholesky,"{'C': 5, 'dual': False, 'fit_intercept': True, 'max_iter': 500, 'n_jobs': -1, 'penalty': 'l2', 'solver': 'newton-cholesky'}",0.6871508379888268,0.7086834733893558,0.7366946778711485,0.7142857142857143,0.8627450980392157,0.7419119603148523,0.062440354803345956,56,0.6618357487922706,0.6829268292682927,0.7114427860696517,0.6958762886597938,0.9574468085106383,0.7419056922601295,0.10899024687617126,55,0.7218543046357616,0.743421052631579,0.7692307692307693,0.7361963190184049,0.8009259259259259,0.7543256742884881,0.027913149055684042,2,0.7653631284916201,0.7821229050279329,0.7988826815642458,0.7584269662921348,0.7584269662921348,0.7726445295336137,0.015719906069561126,2,0.6089385474860335,0.6348314606741573,0.6741573033707865,0.6703910614525139,0.9664804469273743,0.7109597639821732,0.1299960824984231,55,0.6960408684546615,0.7188295165394402,0.7481296758104738,0.7220216606498195,0.8293384467881112,0.7428720336485013,0.04628179365337826,2,0.6871508379888268,0.7084771828510451,0.7365199924675161,0.7144090138723244,0.8624537066097546,0.7418021467578935,0.062341643461631076,56,0.6350956380184247,0.6540199018696775,0.681047527048849,0.658805538186759,0.7908859695336856,0.6839709149314792,0.0554229684530967,2,0.6871508379888268,0.7084771828510451,0.7365199924675161,0.7144090138723244,0.8624537066097546,0.7418021467578935,0.062341643461631076,56
276,0.07039828300476074,0.02402008063220619,0.04143867492675781,0.004603096632029984,5,False,True,500,-1,l2,newton-cg,"{'C': 5, 'dual': False, 'fit_intercept': True, 'max_iter': 500, 'n_jobs': -1, 'penalty': 'l2', 'solver': 'newton-cg'}",0.6871508379888268,0.7086834733893558,0.7366946778711485,0.7142857142857143,0.8627450980392157,0.7419119603148523,0.062440354803345956,56,0.6618357487922706,0.6829268292682927,0.7114427860696517,0.6958762886597938,0.9574468085106383,0.7419056922601295,0.10899024687617126,55,0.7218543046357616,0.743421052631579,0.7692307692307693,0.7361963190184049,0.8009259259259259,0.7543256742884881,0.027913149055684042,2,0.7653631284916201,0.7821229050279329,0.7988826815642458,0.7584269662921348,0.7584269662921348,0.7726445295336137,0.015719906069561126,2,0.6089385474860335,0.6348314606741573,0.6741573033707865,0.6703910614525139,0.9664804469273743,0.7109597639821732,0.1299960824984231,55,0.6960408684546615,0.7188295165394402,0.7481296758104738,0.7220216606498195,0.8293384467881112,0.7428720336485013,0.04628179365337826,2,0.6871508379888268,0.7084771828510451,0.7365199924675161,0.7144090138723244,0.8624537066097546,0.7418021467578935,0.062341643461631076,56,0.6350956380184247,0.6540199018696775,0.681047527048849,0.658805538186759,0.7908859695336856,0.6839709149314792,0.0554229684530967,2,0.6871508379888268,0.7084771828510451,0.7365199924675161,0.7144090138723244,0.8624537066097546,0.7418021467578935,0.062341643461631076,56
458,0.1538184642791748,0.03693940428232359,0.04437599182128906,0.004605660029943224,8,False,True,500,-1,l2,sag,"{'C': 8, 'dual': False, 'fit_intercept': True, 'max_iter': 500, 'n_jobs': -1, 'penalty': 'l2', 'solver': 'sag'}",0.6871508379888268,0.7086834733893558,0.7366946778711485,0.7142857142857143,0.8627450980392157,0.7419119603148523,0.062440354803345956,56,0.6618357487922706,0.6829268292682927,0.7114427860696517,0.6958762886597938,0.9574468085106383,0.7419056922601295,0.10899024687617126,55,0.7218543046357616,0.743421052631579,0.7692307692307693,0.7361963190184049,0.8009259259259259,0.7543256742884881,0.027913149055684042,2,0.7653631284916201,0.7821229050279329,0.7988826815642458,0.7584269662921348,0.7584269662921348,0.7726445295336137,0.015719906069561126,2,0.6089385474860335,0.6348314606741573,0.6741573033707865,0.6703910614525139,0.9664804469273743,0.7109597639821732,0.1299960824984231,55,0.6960408684546615,0.7188295165394402,0.7481296758104738,0.7220216606498195,0.8293384467881112,0.7428720336485013,0.04628179365337826,2,0.6871508379888268,0.7084771828510451,0.7365199924675161,0.7144090138723244,0.8624537066097546,0.7418021467578935,0.062341643461631076,56,0.6350956380184247,0.6540199018696775,0.681047527048849,0.658805538186759,0.7908859695336856,0.6839709149314792,0.0554229684530967,2,0.6871508379888268,0.7084771828510451,0.7365199924675161,0.7144090138723244,0.8624537066097546,0.7418021467578935,0.062341643461631076,56
274,0.2288341522216797,0.04500526698059785,0.04179201126098633,0.005253170335964656,5,False,True,500,-1,l1,saga,"{'C': 5, 'dual': False, 'fit_intercept': True, 'max_iter': 500, 'n_jobs': -1, 'penalty': 'l1', 'solver': 'saga'}",0.6871508379888268,0.7086834733893558,0.7366946778711485,0.7142857142857143,0.8627450980392157,0.7419119603148523,0.062440354803345956,56,0.6618357487922706,0.6829268292682927,0.7114427860696517,0.6958762886597938,0.9574468085106383,0.7419056922601295,0.10899024687617126,55,0.7218543046357616,0.743421052631579,0.7692307692307693,0.7361963190184049,0.8009259259259259,0.7543256742884881,0.027913149055684042,2,0.7653631284916201,0.7821229050279329,0.7988826815642458,0.7584269662921348,0.7584269662921348,0.7726445295336137,0.015719906069561126,2,0.6089385474860335,0.6348314606741573,0.6741573033707865,0.6703910614525139,0.9664804469273743,0.7109597639821732,0.1299960824984231,55,0.6960408684546615,0.7188295165394402,0.7481296758104738,0.7220216606498195,0.8293384467881112,0.7428720336485013,0.04628179365337826,2,0.6871508379888268,0.7084771828510451,0.7365199924675161,0.7144090138723244,0.8624537066097546,0.7418021467578935,0.062341643461631076,56,0.6350956380184247,0.6540199018696775,0.681047527048849,0.658805538186759,0.7908859695336856,0.6839709149314792,0.0554229684530967,2,0.6871508379888268,0.7084771828510451,0.7365199924675161,0.7144090138723244,0.8624537066097546,0.7418021467578935,0.062341643461631076,56
215,0.09574952125549316,0.05350331844573799,0.04061613082885742,0.008624371280566798,4,False,True,500,-1,l2,lbfgs,"{'C': 4, 'dual': False, 'fit_intercept': True, 'max_iter': 500, 'n_jobs': -1, 'penalty': 'l2', 'solver': 'lbfgs'}",0.6871508379888268,0.7086834733893558,0.7366946778711485,0.7142857142857143,0.8627450980392157,0.7419119603148523,0.062440354803345956,56,0.6618357487922706,0.6829268292682927,0.7114427860696517,0.6958762886597938,0.9574468085106383,0.7419056922601295,0.10899024687617126,55,0.7218543046357616,0.743421052631579,0.7692307692307693,0.7361963190184049,0.8009259259259259,0.7543256742884881,0.027913149055684042,2,0.7653631284916201,0.7821229050279329,0.7988826815642458,0.7584269662921348,0.7584269662921348,0.7726445295336137,0.015719906069561126,2,0.6089385474860335,0.6348314606741573,0.6741573033707865,0.6703910614525139,0.9664804469273743,0.7109597639821732,0.1299960824984231,55,0.6960408684546615,0.7188295165394402,0.7481296758104738,0.7220216606498195,0.8293384467881112,0.7428720336485013,0.04628179365337826,2,0.6871508379888268,0.7084771828510451,0.7365199924675161,0.7144090138723244,0.8624537066097546,0.7418021467578935,0.062341643461631076,56,0.6350956380184247,0.6540199018696775,0.681047527048849,0.658805538186759,0.7908859695336856,0.6839709149314792,0.0554229684530967,2,0.6871508379888268,0.7084771828510451,0.7365199924675161,0.7144090138723244,0.8624537066097546,0.7418021467578935,0.062341643461631076,56
216,0.04782094955444336,0.003984687618640118,0.03823556900024414,0.003026202128329833,4,False,True,500,-1,l2,newton-cg,"{'C': 4, 'dual': False, 'fit_intercept': True, 'max_iter': 500, 'n_jobs': -1, 'penalty': 'l2', 'solver': 'newton-cg'}",0.6871508379888268,0.7086834733893558,0.7366946778711485,0.7142857142857143,0.8627450980392157,0.7419119603148523,0.062440354803345956,56,0.6618357487922706,0.6829268292682927,0.7114427860696517,0.6958762886597938,0.9574468085106383,0.7419056922601295,0.10899024687617126,55,0.7218543046357616,0.743421052631579,0.7692307692307693,0.7361963190184049,0.8009259259259259,0.7543256742884881,0.027913149055684042,2,0.7653631284916201,0.7821229050279329,0.7988826815642458,0.7584269662921348,0.7584269662921348,0.7726445295336137,0.015719906069561126,2,0.6089385474860335,0.6348314606741573,0.6741573033707865,0.6703910614525139,0.9664804469273743,0.7109597639821732,0.1299960824984231,55,0.6960408684546615,0.7188295165394402,0.7481296758104738,0.7220216606498195,0.8293384467881112,0.7428720336485013,0.04628179365337826,2,0.6871508379888268,0.7084771828510451,0.7365199924675161,0.7144090138723244,0.8624537066097546,0.7418021467578935,0.062341643461631076,56,0.6350956380184247,0.6540199018696775,0.681047527048849,0.658805538186759,0.7908859695336856,0.6839709149314792,0.0554229684530967,2,0.6871508379888268,0.7084771828510451,0.7365199924675161,0.7144090138723244,0.8624537066097546,0.7418021467578935,0.062341643461631076,56
217,0.039075708389282225,0.022911542566631252,0.04366874694824219,0.004699463444170321,4,False,True,500,-1,l2,newton-cholesky,"{'C': 4, 'dual': False, 'fit_intercept': True, 'max_iter': 500, 'n_jobs': -1, 'penalty': 'l2', 'solver': 'newton-cholesky'}",0.6871508379888268,0.7086834733893558,0.7366946778711485,0.7142857142857143,0.8627450980392157,0.7419119603148523,0.062440354803345956,56,0.6618357487922706,0.6829268292682927,0.7114427860696517,0.6958762886597938,0.9574468085106383,0.7419056922601295,0.10899024687617126,55,0.7218543046357616,0.743421052631579,0.7692307692307693,0.7361963190184049,0.8009259259259259,0.7543256742884881,0.027913149055684042,2,0.7653631284916201,0.7821229050279329,0.7988826815642458,0.7584269662921348,0.7584269662921348,0.7726445295336137,0.015719906069561126,2,0.6089385474860335,0.6348314606741573,0.6741573033707865,0.6703910614525139,0.9664804469273743,0.7109597639821732,0.1299960824984231,55,0.6960408684546615,0.7188295165394402,0.7481296758104738,0.7220216606498195,0.8293384467881112,0.7428720336485013,0.04628179365337826,2,0.6871508379888268,0.7084771828510451,0.7365199924675161,0.7144090138723244,0.8624537066097546,0.7418021467578935,0.062341643461631076,56,0.6350956380184247,0.6540199018696775,0.681047527048849,0.658805538186759,0.7908859695336856,0.6839709149314792,0.0554229684530967,2,0.6871508379888268,0.7084771828510451,0.7365199924675161,0.7144090138723244,0.8624537066097546,0.7418021467578935,0.062341643461631076,56
218,0.0994450569152832,0.053305009838358806,0.051916885375976565,0.019696387186036883,4,False,True,500,-1,l2,sag,"{'C': 4, 'dual': False, 'fit_intercept': True, 'max_iter': 500, 'n_jobs': -1, 'penalty': 'l2', 'solver': 'sag'}",0.6871508379888268,0.7086834733893558,0.7366946778711485,0.7142857142857143,0.8627450980392157,0.7419119603148523,0.062440354803345956,56,0.6618357487922706,0.6829268292682927,0.7114427860696517,0.6958762886597938,0.9574468085106383,0.7419056922601295,0.10899024687617126,55,0.7218543046357616,0.743421052631579,0.7692307692307693,0.7361963190184049,0.8009259259259259,0.7543256742884881,0.027913149055684042,2,0.7653631284916201,0.7821229050279329,0.7988826815642458,0.7584269662921348,0.7584269662921348,0.7726445295336137,0.015719906069561126,2,0.6089385474860335,0.6348314606741573,0.6741573033707865,0.6703910614525139,0.9664804469273743,0.7109597639821732,0.1299960824984231,55,0.6960408684546615,0.7188295165394402,0.7481296758104738,0.7220216606498195,0.8293384467881112,0.7428720336485013,0.04628179365337826,2,0.6871508379888268,0.7084771828510451,0.7365199924675161,0.7144090138723244,0.8624537066097546,0.7418021467578935,0.062341643461631076,56,0.6350956380184247,0.6540199018696775,0.681047527048849,0.658805538186759,0.7908859695336856,0.6839709149314792,0.0554229684530967,2,0.6871508379888268,0.7084771828510451,0.7365199924675161,0.7144090138723244,0.8624537066097546,0.7418021467578935,0.062341643461631076,56
219,0.1536879062652588,0.01905722942229234,0.04298343658447266,0.005687067836619763,4,False,True,500,-1,l2,saga,"{'C': 4, 'dual': False, 'fit_intercept': True, 'max_iter': 500, 'n_jobs': -1, 'penalty': 'l2', 'solver': 'saga'}",0.6871508379888268,0.7086834733893558,0.7366946778711485,0.7142857142857143,0.8627450980392157,0.7419119603148523,0.062440354803345956,56,0.6618357487922706,0.6829268292682927,0.7114427860696517,0.6958762886597938,0.9574468085106383,0.7419056922601295,0.10899024687617126,55,0.7218543046357616,0.743421052631579,0.7692307692307693,0.7361963190184049,0.8009259259259259,0.7543256742884881,0.027913149055684042,2,0.7653631284916201,0.7821229050279329,0.7988826815642458,0.7584269662921348,0.7584269662921348,0.7726445295336137,0.015719906069561126,2,0.6089385474860335,0.6348314606741573,0.6741573033707865,0.6703910614525139,0.9664804469273743,0.7109597639821732,0.1299960824984231,55,0.6960408684546615,0.7188295165394402,0.7481296758104738,0.7220216606498195,0.8293384467881112,0.7428720336485013,0.04628179365337826,2,0.6871508379888268,0.7084771828510451,0.7365199924675161,0.7144090138723244,0.8624537066097546,0.7418021467578935,0.062341643461631076,56,0.6350956380184247,0.6540199018696775,0.681047527048849,0.658805538186759,0.7908859695336856,0.6839709149314792,0.0554229684530967,2,0.6871508379888268,0.7084771828510451,0.7365199924675161,0.7144090138723244,0.8624537066097546,0.7418021467578935,0.062341643461631076,56
456,0.04355244636535645,0.012063554174269884,0.05671825408935547,0.039946198337639675,8,False,True,500,-1,l2,newton-cg,"{'C': 8, 'dual': False, 'fit_intercept': True, 'max_iter': 500, 'n_jobs': -1, 'penalty': 'l2', 'solver': 'newton-cg'}",0.6871508379888268,0.7086834733893558,0.7366946778711485,0.7142857142857143,0.8627450980392157,0.7419119603148523,0.062440354803345956,56,0.6618357487922706,0.6829268292682927,0.7114427860696517,0.6958762886597938,0.9574468085106383,0.7419056922601295,0.10899024687617126,55,0.7218543046357616,0.743421052631579,0.7692307692307693,0.7361963190184049,0.8009259259259259,0.7543256742884881,0.027913149055684042,2,0.7653631284916201,0.7821229050279329,0.7988826815642458,0.7584269662921348,0.7584269662921348,0.7726445295336137,0.015719906069561126,2,0.6089385474860335,0.6348314606741573,0.6741573033707865,0.6703910614525139,0.9664804469273743,0.7109597639821732,0.1299960824984231,55,0.6960408684546615,0.7188295165394402,0.7481296758104738,0.7220216606498195,0.8293384467881112,0.7428720336485013,0.04628179365337826,2,0.6871508379888268,0.7084771828510451,0.7365199924675161,0.7144090138723244,0.8624537066097546,0.7418021467578935,0.062341643461631076,56,0.6350956380184247,0.6540199018696775,0.681047527048849,0.658805538186759,0.7908859695336856,0.6839709149314792,0.0554229684530967,2,0.6871508379888268,0.7084771828510451,0.7365199924675161,0.7144090138723244,0.8624537066097546,0.7418021467578935,0.062341643461631076,56
515,0.022888946533203124,0.0031422029039291192,0.024044036865234375,0.0016215253127121539,9,False,True,500,-1,l2,lbfgs,"{'C': 9, 'dual': False, 'fit_intercept': True, 'max_iter': 500, 'n_jobs': -1, 'penalty': 'l2', 'solver': 'lbfgs'}",0.6871508379888268,0.7086834733893558,0.7366946778711485,0.7142857142857143,0.8627450980392157,0.7419119603148523,0.062440354803345956,56,0.6618357487922706,0.6829268292682927,0.7114427860696517,0.6958762886597938,0.9574468085106383,0.7419056922601295,0.10899024687617126,55,0.7218543046357616,0.743421052631579,0.7692307692307693,0.7361963190184049,0.8009259259259259,0.7543256742884881,0.027913149055684042,2,0.7653631284916201,0.7821229050279329,0.7988826815642458,0.7584269662921348,0.7584269662921348,0.7726445295336137,0.015719906069561126,2,0.6089385474860335,0.6348314606741573,0.6741573033707865,0.6703910614525139,0.9664804469273743,0.7109597639821732,0.1299960824984231,55,0.6960408684546615,0.7188295165394402,0.7481296758104738,0.7220216606498195,0.8293384467881112,0.7428720336485013,0.04628179365337826,2,0.6871508379888268,0.7084771828510451,0.7365199924675161,0.7144090138723244,0.8624537066097546,0.7418021467578935,0.062341643461631076,56,0.6350956380184247,0.6540199018696775,0.681047527048849,0.658805538186759,0.7908859695336856,0.6839709149314792,0.0554229684530967,2,0.6871508379888268,0.7084771828510451,0.7365199924675161,0.7144090138723244,0.8624537066097546,0.7418021467578935,0.062341643461631076,56
516,0.026973533630371093,0.013357805146292433,0.024727535247802735,0.011943022728922444,9,False,True,500,-1,l2,newton-cg,"{'C': 9, 'dual': False, 'fit_intercept': True, 'max_iter': 500, 'n_jobs': -1, 'penalty': 'l2', 'solver': 'newton-cg'}",0.6871508379888268,0.7086834733893558,0.7366946778711485,0.7142857142857143,0.8627450980392157,0.7419119603148523,0.062440354803345956,56,0.6618357487922706,0.6829268292682927,0.7114427860696517,0.6958762886597938,0.9574468085106383,0.7419056922601295,0.10899024687617126,55,0.7218543046357616,0.743421052631579,0.7692307692307693,0.7361963190184049,0.8009259259259259,0.7543256742884881,0.027913149055684042,2,0.7653631284916201,0.7821229050279329,0.7988826815642458,0.7584269662921348,0.7584269662921348,0.7726445295336137,0.015719906069561126,2,0.6089385474860335,0.6348314606741573,0.6741573033707865,0.6703910614525139,0.9664804469273743,0.7109597639821732,0.1299960824984231,55,0.6960408684546615,0.7188295165394402,0.7481296758104738,0.7220216606498195,0.8293384467881112,0.7428720336485013,0.04628179365337826,2,0.6871508379888268,0.7084771828510451,0.7365199924675161,0.7144090138723244,0.8624537066097546,0.7418021467578935,0.062341643461631076,56,0.6350956380184247,0.6540199018696775,0.681047527048849,0.658805538186759,0.7908859695336856,0.6839709149314792,0.0554229684530967,2,0.6871508379888268,0.7084771828510451,0.7365199924675161,0.7144090138723244,0.8624537066097546,0.7418021467578935,0.062341643461631076,56
514,0.318135404586792,0.033419141306280244,0.04935822486877441,0.014486389956196985,9,False,True,500,-1,l1,saga,"{'C': 9, 'dual': False, 'fit_intercept': True, 'max_iter': 500, 'n_jobs': -1, 'penalty': 'l1', 'solver': 'saga'}",0.6871508379888268,0.7086834733893558,0.7366946778711485,0.7142857142857143,0.8627450980392157,0.7419119603148523,0.062440354803345956,56,0.6618357487922706,0.6829268292682927,0.7114427860696517,0.6958762886597938,0.9574468085106383,0.7419056922601295,0.10899024687617126,55,0.7218543046357616,0.743421052631579,0.7692307692307693,0.7361963190184049,0.8009259259259259,0.7543256742884881,0.027913149055684042,2,0.7653631284916201,0.7821229050279329,0.7988826815642458,0.7584269662921348,0.7584269662921348,0.7726445295336137,0.015719906069561126,2,0.6089385474860335,0.6348314606741573,0.6741573033707865,0.6703910614525139,0.9664804469273743,0.7109597639821732,0.1299960824984231,55,0.6960408684546615,0.7188295165394402,0.7481296758104738,0.7220216606498195,0.8293384467881112,0.7428720336485013,0.04628179365337826,2,0.6871508379888268,0.7084771828510451,0.7365199924675161,0.7144090138723244,0.8624537066097546,0.7418021467578935,0.062341643461631076,56,0.6350956380184247,0.6540199018696775,0.681047527048849,0.658805538186759,0.7908859695336856,0.6839709149314792,0.0554229684530967,2,0.6871508379888268,0.7084771828510451,0.7365199924675161,0.7144090138723244,0.8624537066097546,0.7418021467578935,0.062341643461631076,56
518,0.16488065719604492,0.026041760887304848,0.04812803268432617,0.00895745031995236,9,False,True,500,-1,l2,sag,"{'C': 9, 'dual': False, 'fit_intercept': True, 'max_iter': 500, 'n_jobs': -1, 'penalty': 'l2', 'solver': 'sag'}",0.6871508379888268,0.7086834733893558,0.7366946778711485,0.7142857142857143,0.8627450980392157,0.7419119603148523,0.062440354803345956,56,0.6618357487922706,0.6829268292682927,0.7114427860696517,0.6958762886597938,0.9574468085106383,0.7419056922601295,0.10899024687617126,55,0.7218543046357616,0.743421052631579,0.7692307692307693,0.7361963190184049,0.8009259259259259,0.7543256742884881,0.027913149055684042,2,0.7653631284916201,0.7821229050279329,0.7988826815642458,0.7584269662921348,0.7584269662921348,0.7726445295336137,0.015719906069561126,2,0.6089385474860335,0.6348314606741573,0.6741573033707865,0.6703910614525139,0.9664804469273743,0.7109597639821732,0.1299960824984231,55,0.6960408684546615,0.7188295165394402,0.7481296758104738,0.7220216606498195,0.8293384467881112,0.7428720336485013,0.04628179365337826,2,0.6871508379888268,0.7084771828510451,0.7365199924675161,0.7144090138723244,0.8624537066097546,0.7418021467578935,0.062341643461631076,56,0.6350956380184247,0.6540199018696775,0.681047527048849,0.658805538186759,0.7908859695336856,0.6839709149314792,0.0554229684530967,2,0.6871508379888268,0.7084771828510451,0.7365199924675161,0.7144090138723244,0.8624537066097546,0.7418021467578935,0.062341643461631076,56
394,0.23894424438476564,0.03323720906226626,0.038704967498779295,0.004596626230022863,7,False,True,500,-1,l1,saga,"{'C': 7, 'dual': False, 'fit_intercept': True, 'max_iter': 500, 'n_jobs': -1, 'penalty': 'l1', 'solver': 'saga'}",0.6871508379888268,0.7086834733893558,0.7366946778711485,0.7142857142857143,0.8627450980392157,0.7419119603148523,0.062440354803345956,56,0.6618357487922706,0.6829268292682927,0.7114427860696517,0.6958762886597938,0.9574468085106383,0.7419056922601295,0.10899024687617126,55,0.7218543046357616,0.743421052631579,0.7692307692307693,0.7361963190184049,0.8009259259259259,0.7543256742884881,0.027913149055684042,2,0.7653631284916201,0.7821229050279329,0.7988826815642458,0.7584269662921348,0.7584269662921348,0.7726445295336137,0.015719906069561126,2,0.6089385474860335,0.6348314606741573,0.6741573033707865,0.6703910614525139,0.9664804469273743,0.7109597639821732,0.1299960824984231,55,0.6960408684546615,0.7188295165394402,0.7481296758104738,0.7220216606498195,0.8293384467881112,0.7428720336485013,0.04628179365337826,2,0.6871508379888268,0.7084771828510451,0.7365199924675161,0.7144090138723244,0.8624537066097546,0.7418021467578935,0.062341643461631076,56,0.6350956380184247,0.6540199018696775,0.681047527048849,0.658805538186759,0.7908859695336856,0.6839709149314792,0.0554229684530967,2,0.6871508379888268,0.7084771828510451,0.7365199924675161,0.7144090138723244,0.8624537066097546,0.7418021467578935,0.062341643461631076,56
395,0.059805440902709964,0.029706480835074826,0.04115457534790039,0.007152559521039004,7,False,True,500,-1,l2,lbfgs,"{'C': 7, 'dual': False, 'fit_intercept': True, 'max_iter': 500, 'n_jobs': -1, 'penalty': 'l2', 'solver': 'lbfgs'}",0.6871508379888268,0.7086834733893558,0.7366946778711485,0.7142857142857143,0.8627450980392157,0.7419119603148523,0.062440354803345956,56,0.6618357487922706,0.6829268292682927,0.7114427860696517,0.6958762886597938,0.9574468085106383,0.7419056922601295,0.10899024687617126,55,0.7218543046357616,0.743421052631579,0.7692307692307693,0.7361963190184049,0.8009259259259259,0.7543256742884881,0.027913149055684042,2,0.7653631284916201,0.7821229050279329,0.7988826815642458,0.7584269662921348,0.7584269662921348,0.7726445295336137,0.015719906069561126,2,0.6089385474860335,0.6348314606741573,0.6741573033707865,0.6703910614525139,0.9664804469273743,0.7109597639821732,0.1299960824984231,55,0.6960408684546615,0.7188295165394402,0.7481296758104738,0.7220216606498195,0.8293384467881112,0.7428720336485013,0.04628179365337826,2,0.6871508379888268,0.7084771828510451,0.7365199924675161,0.7144090138723244,0.8624537066097546,0.7418021467578935,0.062341643461631076,56,0.6350956380184247,0.6540199018696775,0.681047527048849,0.658805538186759,0.7908859695336856,0.6839709149314792,0.0554229684530967,2,0.6871508379888268,0.7084771828510451,0.7365199924675161,0.7144090138723244,0.8624537066097546,0.7418021467578935,0.062341643461631076,56
396,0.03687758445739746,0.003649428262918124,0.033847904205322264,0.004269865451443119,7,False,True,500,-1,l2,newton-cg,"{'C': 7, 'dual': False, 'fit_intercept': True, 'max_iter': 500, 'n_jobs': -1, 'penalty': 'l2', 'solver': 'newton-cg'}",0.6871508379888268,0.7086834733893558,0.7366946778711485,0.7142857142857143,0.8627450980392157,0.7419119603148523,0.062440354803345956,56,0.6618357487922706,0.6829268292682927,0.7114427860696517,0.6958762886597938,0.9574468085106383,0.7419056922601295,0.10899024687617126,55,0.7218543046357616,0.743421052631579,0.7692307692307693,0.7361963190184049,0.8009259259259259,0.7543256742884881,0.027913149055684042,2,0.7653631284916201,0.7821229050279329,0.7988826815642458,0.7584269662921348,0.7584269662921348,0.7726445295336137,0.015719906069561126,2,0.6089385474860335,0.6348314606741573,0.6741573033707865,0.6703910614525139,0.9664804469273743,0.7109597639821732,0.1299960824984231,55,0.6960408684546615,0.7188295165394402,0.7481296758104738,0.7220216606498195,0.8293384467881112,0.7428720336485013,0.04628179365337826,2,0.6871508379888268,0.7084771828510451,0.7365199924675161,0.7144090138723244,0.8624537066097546,0.7418021467578935,0.062341643461631076,56,0.6350956380184247,0.6540199018696775,0.681047527048849,0.658805538186759,0.7908859695336856,0.6839709149314792,0.0554229684530967,2,0.6871508379888268,0.7084771828510451,0.7365199924675161,0.7144090138723244,0.8624537066097546,0.7418021467578935,0.062341643461631076,56
397,0.034895801544189455,0.00604255449922203,0.03712882995605469,0.012370274436936482,7,False,True,500,-1,l2,newton-cholesky,"{'C': 7, 'dual': False, 'fit_intercept': True, 'max_iter': 500, 'n_jobs': -1, 'penalty': 'l2', 'solver': 'newton-cholesky'}",0.6871508379888268,0.7086834733893558,0.7366946778711485,0.7142857142857143,0.8627450980392157,0.7419119603148523,0.062440354803345956,56,0.6618357487922706,0.6829268292682927,0.7114427860696517,0.6958762886597938,0.9574468085106383,0.7419056922601295,0.10899024687617126,55,0.7218543046357616,0.743421052631579,0.7692307692307693,0.7361963190184049,0.8009259259259259,0.7543256742884881,0.027913149055684042,2,0.7653631284916201,0.7821229050279329,0.7988826815642458,0.7584269662921348,0.7584269662921348,0.7726445295336137,0.015719906069561126,2,0.6089385474860335,0.6348314606741573,0.6741573033707865,0.6703910614525139,0.9664804469273743,0.7109597639821732,0.1299960824984231,55,0.6960408684546615,0.7188295165394402,0.7481296758104738,0.7220216606498195,0.8293384467881112,0.7428720336485013,0.04628179365337826,2,0.6871508379888268,0.7084771828510451,0.7365199924675161,0.7144090138723244,0.8624537066097546,0.7418021467578935,0.062341643461631076,56,0.6350956380184247,0.6540199018696775,0.681047527048849,0.658805538186759,0.7908859695336856,0.6839709149314792,0.0554229684530967,2,0.6871508379888268,0.7084771828510451,0.7365199924675161,0.7144090138723244,0.8624537066097546,0.7418021467578935,0.062341643461631076,56
398,0.1258704662322998,0.01711334244447009,0.03783602714538574,0.0038495153307471002,7,False,True,500,-1,l2,sag,"{'C': 7, 'dual': False, 'fit_intercept': True, 'max_iter': 500, 'n_jobs': -1, 'penalty': 'l2', 'solver': 'sag'}",0.6871508379888268,0.7086834733893558,0.7366946778711485,0.7142857142857143,0.8627450980392157,0.7419119603148523,0.062440354803345956,56,0.6618357487922706,0.6829268292682927,0.7114427860696517,0.6958762886597938,0.9574468085106383,0.7419056922601295,0.10899024687617126,55,0.7218543046357616,0.743421052631579,0.7692307692307693,0.7361963190184049,0.8009259259259259,0.7543256742884881,0.027913149055684042,2,0.7653631284916201,0.7821229050279329,0.7988826815642458,0.7584269662921348,0.7584269662921348,0.7726445295336137,0.015719906069561126,2,0.6089385474860335,0.6348314606741573,0.6741573033707865,0.6703910614525139,0.9664804469273743,0.7109597639821732,0.1299960824984231,55,0.6960408684546615,0.7188295165394402,0.7481296758104738,0.7220216606498195,0.8293384467881112,0.7428720336485013,0.04628179365337826,2,0.6871508379888268,0.7084771828510451,0.7365199924675161,0.7144090138723244,0.8624537066097546,0.7418021467578935,0.062341643461631076,56,0.6350956380184247,0.6540199018696775,0.681047527048849,0.658805538186759,0.7908859695336856,0.6839709149314792,0.0554229684530967,2,0.6871508379888268,0.7084771828510451,0.7365199924675161,0.7144090138723244,0.8624537066097546,0.7418021467578935,0.062341643461631076,56
399,0.23322005271911622,0.06806590094479772,0.040248680114746097,0.010038282498438928,7,False,True,500,-1,l2,saga,"{'C': 7, 'dual': False, 'fit_intercept': True, 'max_iter': 500, 'n_jobs': -1, 'penalty': 'l2', 'solver': 'saga'}",0.6871508379888268,0.7086834733893558,0.7366946778711485,0.7142857142857143,0.8627450980392157,0.7419119603148523,0.062440354803345956,56,0.6618357487922706,0.6829268292682927,0.7114427860696517,0.6958762886597938,0.9574468085106383,0.7419056922601295,0.10899024687617126,55,0.7218543046357616,0.743421052631579,0.7692307692307693,0.7361963190184049,0.8009259259259259,0.7543256742884881,0.027913149055684042,2,0.7653631284916201,0.7821229050279329,0.7988826815642458,0.7584269662921348,0.7584269662921348,0.7726445295336137,0.015719906069561126,2,0.6089385474860335,0.6348314606741573,0.6741573033707865,0.6703910614525139,0.9664804469273743,0.7109597639821732,0.1299960824984231,55,0.6960408684546615,0.7188295165394402,0.7481296758104738,0.7220216606498195,0.8293384467881112,0.7428720336485013,0.04628179365337826,2,0.6871508379888268,0.7084771828510451,0.7365199924675161,0.7144090138723244,0.8624537066097546,0.7418021467578935,0.062341643461631076,56,0.6350956380184247,0.6540199018696775,0.681047527048849,0.658805538186759,0.7908859695336856,0.6839709149314792,0.0554229684530967,2,0.6871508379888268,0.7084771828510451,0.7365199924675161,0.7144090138723244,0.8624537066097546,0.7418021467578935,0.062341643461631076,56
457,0.08428044319152832,0.10405457835242578,0.03855500221252441,0.00541546270772486,8,False,True,500,-1,l2,newton-cholesky,"{'C': 8, 'dual': False, 'fit_intercept': True, 'max_iter': 500, 'n_jobs': -1, 'penalty': 'l2', 'solver': 'newton-cholesky'}",0.6871508379888268,0.7086834733893558,0.7366946778711485,0.7142857142857143,0.8627450980392157,0.7419119603148523,0.062440354803345956,56,0.6618357487922706,0.6829268292682927,0.7114427860696517,0.6958762886597938,0.9574468085106383,0.7419056922601295,0.10899024687617126,55,0.7218543046357616,0.743421052631579,0.7692307692307693,0.7361963190184049,0.8009259259259259,0.7543256742884881,0.027913149055684042,2,0.7653631284916201,0.7821229050279329,0.7988826815642458,0.7584269662921348,0.7584269662921348,0.7726445295336137,0.015719906069561126,2,0.6089385474860335,0.6348314606741573,0.6741573033707865,0.6703910614525139,0.9664804469273743,0.7109597639821732,0.1299960824984231,55,0.6960408684546615,0.7188295165394402,0.7481296758104738,0.7220216606498195,0.8293384467881112,0.7428720336485013,0.04628179365337826,2,0.6871508379888268,0.7084771828510451,0.7365199924675161,0.7144090138723244,0.8624537066097546,0.7418021467578935,0.062341643461631076,56,0.6350956380184247,0.6540199018696775,0.681047527048849,0.658805538186759,0.7908859695336856,0.6839709149314792,0.0554229684530967,2,0.6871508379888268,0.7084771828510451,0.7365199924675161,0.7144090138723244,0.8624537066097546,0.7418021467578935,0.062341643461631076,56
517,0.028383350372314452,0.004217275040035006,0.043302059173583984,0.006177605424272197,9,False,True,500,-1,l2,newton-cholesky,"{'C': 9, 'dual': False, 'fit_intercept': True, 'max_iter': 500, 'n_jobs': -1, 'penalty': 'l2', 'solver': 'newton-cholesky'}",0.6871508379888268,0.7086834733893558,0.7366946778711485,0.7142857142857143,0.8627450980392157,0.7419119603148523,0.062440354803345956,56,0.6618357487922706,0.6829268292682927,0.7114427860696517,0.6958762886597938,0.9574468085106383,0.7419056922601295,0.10899024687617126,55,0.7218543046357616,0.743421052631579,0.7692307692307693,0.7361963190184049,0.8009259259259259,0.7543256742884881,0.027913149055684042,2,0.7653631284916201,0.7821229050279329,0.7988826815642458,0.7584269662921348,0.7584269662921348,0.7726445295336137,0.015719906069561126,2,0.6089385474860335,0.6348314606741573,0.6741573033707865,0.6703910614525139,0.9664804469273743,0.7109597639821732,0.1299960824984231,55,0.6960408684546615,0.7188295165394402,0.7481296758104738,0.7220216606498195,0.8293384467881112,0.7428720336485013,0.04628179365337826,2,0.6871508379888268,0.7084771828510451,0.7365199924675161,0.7144090138723244,0.8624537066097546,0.7418021467578935,0.062341643461631076,56,0.6350956380184247,0.6540199018696775,0.681047527048849,0.658805538186759,0.7908859695336856,0.6839709149314792,0.0554229684530967,2,0.6871508379888268,0.7084771828510451,0.7365199924675161,0.7144090138723244,0.8624537066097546,0.7418021467578935,0.062341643461631076,56
339,0.18616666793823242,0.02158446696314946,0.043901586532592775,0.0104118530150617,6,False,True,500,-1,l2,saga,"{'C': 6, 'dual': False, 'fit_intercept': True, 'max_iter': 500, 'n_jobs': -1, 'penalty': 'l2', 'solver': 'saga'}",0.6871508379888268,0.7086834733893558,0.7366946778711485,0.7142857142857143,0.8627450980392157,0.7419119603148523,0.062440354803345956,56,0.6618357487922706,0.6829268292682927,0.7114427860696517,0.6958762886597938,0.9574468085106383,0.7419056922601295,0.10899024687617126,55,0.7218543046357616,0.743421052631579,0.7692307692307693,0.7361963190184049,0.8009259259259259,0.7543256742884881,0.027913149055684042,2,0.7653631284916201,0.7821229050279329,0.7988826815642458,0.7584269662921348,0.7584269662921348,0.7726445295336137,0.015719906069561126,2,0.6089385474860335,0.6348314606741573,0.6741573033707865,0.6703910614525139,0.9664804469273743,0.7109597639821732,0.1299960824984231,55,0.6960408684546615,0.7188295165394402,0.7481296758104738,0.7220216606498195,0.8293384467881112,0.7428720336485013,0.04628179365337826,2,0.6871508379888268,0.7084771828510451,0.7365199924675161,0.7144090138723244,0.8624537066097546,0.7418021467578935,0.062341643461631076,56,0.6350956380184247,0.6540199018696775,0.681047527048849,0.658805538186759,0.7908859695336856,0.6839709149314792,0.0554229684530967,2,0.6871508379888268,0.7084771828510451,0.7365199924675161,0.7144090138723244,0.8624537066097546,0.7418021467578935,0.062341643461631076,56
454,0.29601802825927737,0.06174036760466946,0.04932293891906738,0.008225795897967425,8,False,True,500,-1,l1,saga,"{'C': 8, 'dual': False, 'fit_intercept': True, 'max_iter': 500, 'n_jobs': -1, 'penalty': 'l1', 'solver': 'saga'}",0.6871508379888268,0.7086834733893558,0.7366946778711485,0.7142857142857143,0.8627450980392157,0.7419119603148523,0.062440354803345956,56,0.6618357487922706,0.6829268292682927,0.7114427860696517,0.6958762886597938,0.9574468085106383,0.7419056922601295,0.10899024687617126,55,0.7218543046357616,0.743421052631579,0.7692307692307693,0.7361963190184049,0.8009259259259259,0.7543256742884881,0.027913149055684042,2,0.7653631284916201,0.7821229050279329,0.7988826815642458,0.7584269662921348,0.7584269662921348,0.7726445295336137,0.015719906069561126,2,0.6089385474860335,0.6348314606741573,0.6741573033707865,0.6703910614525139,0.9664804469273743,0.7109597639821732,0.1299960824984231,55,0.6960408684546615,0.7188295165394402,0.7481296758104738,0.7220216606498195,0.8293384467881112,0.7428720336485013,0.04628179365337826,2,0.6871508379888268,0.7084771828510451,0.7365199924675161,0.7144090138723244,0.8624537066097546,0.7418021467578935,0.062341643461631076,56,0.6350956380184247,0.6540199018696775,0.681047527048849,0.658805538186759,0.7908859695336856,0.6839709149314792,0.0554229684530967,2,0.6871508379888268,0.7084771828510451,0.7365199924675161,0.7144090138723244,0.8624537066097546,0.7418021467578935,0.062341643461631076,56
337,0.03899316787719727,0.02318601457344515,0.041021203994750975,0.00652721733322765,6,False,True,500,-1,l2,newton-cholesky,"{'C': 6, 'dual': False, 'fit_intercept': True, 'max_iter': 500, 'n_jobs': -1, 'penalty': 'l2', 'solver': 'newton-cholesky'}",0.6871508379888268,0.7086834733893558,0.7366946778711485,0.7142857142857143,0.8627450980392157,0.7419119603148523,0.062440354803345956,56,0.6618357487922706,0.6829268292682927,0.7114427860696517,0.6958762886597938,0.9574468085106383,0.7419056922601295,0.10899024687617126,55,0.7218543046357616,0.743421052631579,0.7692307692307693,0.7361963190184049,0.8009259259259259,0.7543256742884881,0.027913149055684042,2,0.7653631284916201,0.7821229050279329,0.7988826815642458,0.7584269662921348,0.7584269662921348,0.7726445295336137,0.015719906069561126,2,0.6089385474860335,0.6348314606741573,0.6741573033707865,0.6703910614525139,0.9664804469273743,0.7109597639821732,0.1299960824984231,55,0.6960408684546615,0.7188295165394402,0.7481296758104738,0.7220216606498195,0.8293384467881112,0.7428720336485013,0.04628179365337826,2,0.6871508379888268,0.7084771828510451,0.7365199924675161,0.7144090138723244,0.8624537066097546,0.7418021467578935,0.062341643461631076,56,0.6350956380184247,0.6540199018696775,0.681047527048849,0.658805538186759,0.7908859695336856,0.6839709149314792,0.0554229684530967,2,0.6871508379888268,0.7084771828510451,0.7365199924675161,0.7144090138723244,0.8624537066097546,0.7418021467578935,0.062341643461631076,56
519,0.2781941890716553,0.03492587701261122,0.062270402908325195,0.011560647942271535,9,False,True,500,-1,l2,saga,"{'C': 9, 'dual': False, 'fit_intercept': True, 'max_iter': 500, 'n_jobs': -1, 'penalty': 'l2', 'solver': 'saga'}",0.6871508379888268,0.7086834733893558,0.7366946778711485,0.7142857142857143,0.8627450980392157,0.7419119603148523,0.062440354803345956,56,0.6618357487922706,0.6829268292682927,0.7114427860696517,0.6958762886597938,0.9574468085106383,0.7419056922601295,0.10899024687617126,55,0.7218543046357616,0.743421052631579,0.7692307692307693,0.7361963190184049,0.8009259259259259,0.7543256742884881,0.027913149055684042,2,0.7653631284916201,0.7821229050279329,0.7988826815642458,0.7584269662921348,0.7584269662921348,0.7726445295336137,0.015719906069561126,2,0.6089385474860335,0.6348314606741573,0.6741573033707865,0.6703910614525139,0.9664804469273743,0.7109597639821732,0.1299960824984231,55,0.6960408684546615,0.7188295165394402,0.7481296758104738,0.7220216606498195,0.8293384467881112,0.7428720336485013,0.04628179365337826,2,0.6871508379888268,0.7084771828510451,0.7365199924675161,0.7144090138723244,0.8624537066097546,0.7418021467578935,0.062341643461631076,56,0.6350956380184247,0.6540199018696775,0.681047527048849,0.658805538186759,0.7908859695336856,0.6839709149314792,0.0554229684530967,2,0.6871508379888268,0.7084771828510451,0.7365199924675161,0.7144090138723244,0.8624537066097546,0.7418021467578935,0.062341643461631076,56
338,0.14773216247558593,0.038767764713397095,0.04305520057678223,0.007436427194956308,6,False,True,500,-1,l2,sag,"{'C': 6, 'dual': False, 'fit_intercept': True, 'max_iter': 500, 'n_jobs': -1, 'penalty': 'l2', 'solver': 'sag'}",0.6871508379888268,0.7086834733893558,0.7366946778711485,0.7142857142857143,0.8627450980392157,0.7419119603148523,0.062440354803345956,56,0.6618357487922706,0.6829268292682927,0.7114427860696517,0.6958762886597938,0.9574468085106383,0.7419056922601295,0.10899024687617126,55,0.7218543046357616,0.743421052631579,0.7692307692307693,0.7361963190184049,0.8009259259259259,0.7543256742884881,0.027913149055684042,2,0.7653631284916201,0.7821229050279329,0.7988826815642458,0.7584269662921348,0.7584269662921348,0.7726445295336137,0.015719906069561126,2,0.6089385474860335,0.6348314606741573,0.6741573033707865,0.6703910614525139,0.9664804469273743,0.7109597639821732,0.1299960824984231,55,0.6960408684546615,0.7188295165394402,0.7481296758104738,0.7220216606498195,0.8293384467881112,0.7428720336485013,0.04628179365337826,2,0.6871508379888268,0.7084771828510451,0.7365199924675161,0.7144090138723244,0.8624537066097546,0.7418021467578935,0.062341643461631076,56,0.6350956380184247,0.6540199018696775,0.681047527048849,0.658805538186759,0.7908859695336856,0.6839709149314792,0.0554229684530967,2,0.6871508379888268,0.7084771828510451,0.7365199924675161,0.7144090138723244,0.8624537066097546,0.7418021467578935,0.062341643461631076,56
154,0.1386272430419922,0.021294431014589513,0.03356175422668457,0.004190997183153271,3,False,True,500,-1,l1,saga,"{'C': 3, 'dual': False, 'fit_intercept': True, 'max_iter': 500, 'n_jobs': -1, 'penalty': 'l1', 'solver': 'saga'}",0.6843575418994413,0.7086834733893558,0.7366946778711485,0.7142857142857143,0.8627450980392157,0.7413533010969752,0.06293831837594697,91,0.6586538461538461,0.6829268292682927,0.7114427860696517,0.6958762886597938,0.9574468085106383,0.7412693117324445,0.10946416646823003,92,0.72,0.743421052631579,0.7692307692307693,0.7361963190184049,0.8009259259259259,0.7539548133613357,0.028350992328746105,37,0.7653631284916201,0.7821229050279329,0.7988826815642458,0.7584269662921348,0.7584269662921348,0.7726445295336137,0.015719906069561126,2,0.6033519553072626,0.6348314606741573,0.6741573033707865,0.6703910614525139,0.9664804469273743,0.709842445546419,0.13088909595127754,91,0.693196405648267,0.7188295165394402,0.7481296758104738,0.7220216606498195,0.8293384467881112,0.7423031410872224,0.04686771577310543,37,0.6843575418994414,0.7084771828510451,0.7365199924675161,0.7144090138723244,0.8624537066097546,0.7412434875400163,0.06283941298906105,91,0.6327374301675978,0.6540199018696775,0.681047527048849,0.658805538186759,0.7908859695336856,0.6834992733613138,0.05584530812813972,37,0.6843575418994413,0.7084771828510451,0.7365199924675161,0.7144090138723244,0.8624537066097546,0.7412434875400163,0.06283941298906108,91
155,0.042282819747924805,0.009295116335691649,0.037064552307128906,0.0019981987563282635,3,False,True,500,-1,l2,lbfgs,"{'C': 3, 'dual': False, 'fit_intercept': True, 'max_iter': 500, 'n_jobs': -1, 'penalty': 'l2', 'solver': 'lbfgs'}",0.6843575418994413,0.7086834733893558,0.7366946778711485,0.7142857142857143,0.8627450980392157,0.7413533010969752,0.06293831837594697,91,0.6586538461538461,0.6829268292682927,0.7114427860696517,0.6958762886597938,0.9574468085106383,0.7412693117324445,0.10946416646823003,92,0.72,0.743421052631579,0.7692307692307693,0.7361963190184049,0.8009259259259259,0.7539548133613357,0.028350992328746105,37,0.7653631284916201,0.7821229050279329,0.7988826815642458,0.7584269662921348,0.7584269662921348,0.7726445295336137,0.015719906069561126,2,0.6033519553072626,0.6348314606741573,0.6741573033707865,0.6703910614525139,0.9664804469273743,0.709842445546419,0.13088909595127754,91,0.693196405648267,0.7188295165394402,0.7481296758104738,0.7220216606498195,0.8293384467881112,0.7423031410872224,0.04686771577310543,37,0.6843575418994414,0.7084771828510451,0.7365199924675161,0.7144090138723244,0.8624537066097546,0.7412434875400163,0.06283941298906105,91,0.6327374301675978,0.6540199018696775,0.681047527048849,0.658805538186759,0.7908859695336856,0.6834992733613138,0.05584530812813972,37,0.6843575418994413,0.7084771828510451,0.7365199924675161,0.7144090138723244,0.8624537066097546,0.7412434875400163,0.06283941298906108,91
156,0.04951777458190918,0.007153853040961518,0.03371152877807617,0.0036420358463601075,3,False,True,500,-1,l2,newton-cg,"{'C': 3, 'dual': False, 'fit_intercept': True, 'max_iter': 500, 'n_jobs': -1, 'penalty': 'l2', 'solver': 'newton-cg'}",0.6843575418994413,0.7086834733893558,0.7366946778711485,0.7142857142857143,0.8627450980392157,0.7413533010969752,0.06293831837594697,91,0.6586538461538461,0.6829268292682927,0.7114427860696517,0.6958762886597938,0.9574468085106383,0.7412693117324445,0.10946416646823003,92,0.72,0.743421052631579,0.7692307692307693,0.7361963190184049,0.8009259259259259,0.7539548133613357,0.028350992328746105,37,0.7653631284916201,0.7821229050279329,0.7988826815642458,0.7584269662921348,0.7584269662921348,0.7726445295336137,0.015719906069561126,2,0.6033519553072626,0.6348314606741573,0.6741573033707865,0.6703910614525139,0.9664804469273743,0.709842445546419,0.13088909595127754,91,0.693196405648267,0.7188295165394402,0.7481296758104738,0.7220216606498195,0.8293384467881112,0.7423031410872224,0.04686771577310543,37,0.6843575418994414,0.7084771828510451,0.7365199924675161,0.7144090138723244,0.8624537066097546,0.7412434875400163,0.06283941298906105,91,0.6327374301675978,0.6540199018696775,0.681047527048849,0.658805538186759,0.7908859695336856,0.6834992733613138,0.05584530812813972,37,0.6843575418994413,0.7084771828510451,0.7365199924675161,0.7144090138723244,0.8624537066097546,0.7412434875400163,0.06283941298906108,91
157,0.035724210739135745,0.007651369378716866,0.03807921409606933,0.005950110396168196,3,False,True,500,-1,l2,newton-cholesky,"{'C': 3, 'dual': False, 'fit_intercept': True, 'max_iter': 500, 'n_jobs': -1, 'penalty': 'l2', 'solver': 'newton-cholesky'}",0.6843575418994413,0.7086834733893558,0.7366946778711485,0.7142857142857143,0.8627450980392157,0.7413533010969752,0.06293831837594697,91,0.6586538461538461,0.6829268292682927,0.7114427860696517,0.6958762886597938,0.9574468085106383,0.7412693117324445,0.10946416646823003,92,0.72,0.743421052631579,0.7692307692307693,0.7361963190184049,0.8009259259259259,0.7539548133613357,0.028350992328746105,37,0.7653631284916201,0.7821229050279329,0.7988826815642458,0.7584269662921348,0.7584269662921348,0.7726445295336137,0.015719906069561126,2,0.6033519553072626,0.6348314606741573,0.6741573033707865,0.6703910614525139,0.9664804469273743,0.709842445546419,0.13088909595127754,91,0.693196405648267,0.7188295165394402,0.7481296758104738,0.7220216606498195,0.8293384467881112,0.7423031410872224,0.04686771577310543,37,0.6843575418994414,0.7084771828510451,0.7365199924675161,0.7144090138723244,0.8624537066097546,0.7412434875400163,0.06283941298906105,91,0.6327374301675978,0.6540199018696775,0.681047527048849,0.658805538186759,0.7908859695336856,0.6834992733613138,0.05584530812813972,37,0.6843575418994413,0.7084771828510451,0.7365199924675161,0.7144090138723244,0.8624537066097546,0.7412434875400163,0.06283941298906108,91
96,0.04223809242248535,0.010498678622558514,0.041067314147949216,0.004593221609881067,2,False,True,500,-1,l2,newton-cg,"{'C': 2, 'dual': False, 'fit_intercept': True, 'max_iter': 500, 'n_jobs': -1, 'penalty': 'l2', 'solver': 'newton-cg'}",0.6843575418994413,0.7086834733893558,0.7366946778711485,0.7142857142857143,0.8627450980392157,0.7413533010969752,0.06293831837594697,91,0.6586538461538461,0.6829268292682927,0.7114427860696517,0.6958762886597938,0.9574468085106383,0.7412693117324445,0.10946416646823003,92,0.72,0.743421052631579,0.7692307692307693,0.7361963190184049,0.8009259259259259,0.7539548133613357,0.028350992328746105,37,0.7653631284916201,0.7821229050279329,0.7988826815642458,0.7584269662921348,0.7584269662921348,0.7726445295336137,0.015719906069561126,2,0.6033519553072626,0.6348314606741573,0.6741573033707865,0.6703910614525139,0.9664804469273743,0.709842445546419,0.13088909595127754,91,0.693196405648267,0.7188295165394402,0.7481296758104738,0.7220216606498195,0.8293384467881112,0.7423031410872224,0.04686771577310543,37,0.6843575418994414,0.7084771828510451,0.7365199924675161,0.7144090138723244,0.8624537066097546,0.7412434875400163,0.06283941298906105,91,0.6327374301675978,0.6540199018696775,0.681047527048849,0.658805538186759,0.7908859695336856,0.6834992733613138,0.05584530812813972,37,0.6843575418994413,0.7084771828510451,0.7365199924675161,0.7144090138723244,0.8624537066097546,0.7412434875400163,0.06283941298906108,91
158,0.07914166450500489,0.007020776596111939,0.035989570617675784,0.004192008098950693,3,False,True,500,-1,l2,sag,"{'C': 3, 'dual': False, 'fit_intercept': True, 'max_iter': 500, 'n_jobs': -1, 'penalty': 'l2', 'solver': 'sag'}",0.6843575418994413,0.7086834733893558,0.7366946778711485,0.7142857142857143,0.8627450980392157,0.7413533010969752,0.06293831837594697,91,0.6586538461538461,0.6829268292682927,0.7114427860696517,0.6958762886597938,0.9574468085106383,0.7412693117324445,0.10946416646823003,92,0.72,0.743421052631579,0.7692307692307693,0.7361963190184049,0.8009259259259259,0.7539548133613357,0.028350992328746105,37,0.7653631284916201,0.7821229050279329,0.7988826815642458,0.7584269662921348,0.7584269662921348,0.7726445295336137,0.015719906069561126,2,0.6033519553072626,0.6348314606741573,0.6741573033707865,0.6703910614525139,0.9664804469273743,0.709842445546419,0.13088909595127754,91,0.693196405648267,0.7188295165394402,0.7481296758104738,0.7220216606498195,0.8293384467881112,0.7423031410872224,0.04686771577310543,37,0.6843575418994414,0.7084771828510451,0.7365199924675161,0.7144090138723244,0.8624537066097546,0.7412434875400163,0.06283941298906105,91,0.6327374301675978,0.6540199018696775,0.681047527048849,0.658805538186759,0.7908859695336856,0.6834992733613138,0.05584530812813972,37,0.6843575418994413,0.7084771828510451,0.7365199924675161,0.7144090138723244,0.8624537066097546,0.7412434875400163,0.06283941298906108,91
94,0.1545039176940918,0.028543033664033948,0.037330102920532224,0.0034776556434722846,2,False,True,500,-1,l1,saga,"{'C': 2, 'dual': False, 'fit_intercept': True, 'max_iter': 500, 'n_jobs': -1, 'penalty': 'l1', 'solver': 'saga'}",0.6843575418994413,0.7086834733893558,0.7366946778711485,0.7142857142857143,0.8627450980392157,0.7413533010969752,0.06293831837594697,91,0.6586538461538461,0.6829268292682927,0.7114427860696517,0.6958762886597938,0.9574468085106383,0.7412693117324445,0.10946416646823003,92,0.72,0.743421052631579,0.7692307692307693,0.7361963190184049,0.8009259259259259,0.7539548133613357,0.028350992328746105,37,0.7653631284916201,0.7821229050279329,0.7988826815642458,0.7584269662921348,0.7584269662921348,0.7726445295336137,0.015719906069561126,2,0.6033519553072626,0.6348314606741573,0.6741573033707865,0.6703910614525139,0.9664804469273743,0.709842445546419,0.13088909595127754,91,0.693196405648267,0.7188295165394402,0.7481296758104738,0.7220216606498195,0.8293384467881112,0.7423031410872224,0.04686771577310543,37,0.6843575418994414,0.7084771828510451,0.7365199924675161,0.7144090138723244,0.8624537066097546,0.7412434875400163,0.06283941298906105,91,0.6327374301675978,0.6540199018696775,0.681047527048849,0.658805538186759,0.7908859695336856,0.6834992733613138,0.05584530812813972,37,0.6843575418994413,0.7084771828510451,0.7365199924675161,0.7144090138723244,0.8624537066097546,0.7412434875400163,0.06283941298906108,91
99,0.10170426368713378,0.008053064717737384,0.03746018409729004,0.004003184166272288,2,False,True,500,-1,l2,saga,"{'C': 2, 'dual': False, 'fit_intercept': True, 'max_iter': 500, 'n_jobs': -1, 'penalty': 'l2', 'solver': 'saga'}",0.6843575418994413,0.7086834733893558,0.7366946778711485,0.7142857142857143,0.8627450980392157,0.7413533010969752,0.06293831837594697,91,0.6586538461538461,0.6829268292682927,0.7114427860696517,0.6958762886597938,0.9574468085106383,0.7412693117324445,0.10946416646823003,92,0.72,0.743421052631579,0.7692307692307693,0.7361963190184049,0.8009259259259259,0.7539548133613357,0.028350992328746105,37,0.7653631284916201,0.7821229050279329,0.7988826815642458,0.7584269662921348,0.7584269662921348,0.7726445295336137,0.015719906069561126,2,0.6033519553072626,0.6348314606741573,0.6741573033707865,0.6703910614525139,0.9664804469273743,0.709842445546419,0.13088909595127754,91,0.693196405648267,0.7188295165394402,0.7481296758104738,0.7220216606498195,0.8293384467881112,0.7423031410872224,0.04686771577310543,37,0.6843575418994414,0.7084771828510451,0.7365199924675161,0.7144090138723244,0.8624537066097546,0.7412434875400163,0.06283941298906105,91,0.6327374301675978,0.6540199018696775,0.681047527048849,0.658805538186759,0.7908859695336856,0.6834992733613138,0.05584530812813972,37,0.6843575418994413,0.7084771828510451,0.7365199924675161,0.7144090138723244,0.8624537066097546,0.7412434875400163,0.06283941298906108,91
98,0.08819169998168945,0.030662053570287656,0.04369440078735352,0.005079824831430007,2,False,True,500,-1,l2,sag,"{'C': 2, 'dual': False, 'fit_intercept': True, 'max_iter': 500, 'n_jobs': -1, 'penalty': 'l2', 'solver': 'sag'}",0.6843575418994413,0.7086834733893558,0.7366946778711485,0.7142857142857143,0.8627450980392157,0.7413533010969752,0.06293831837594697,91,0.6586538461538461,0.6829268292682927,0.7114427860696517,0.6958762886597938,0.9574468085106383,0.7412693117324445,0.10946416646823003,92,0.72,0.743421052631579,0.7692307692307693,0.7361963190184049,0.8009259259259259,0.7539548133613357,0.028350992328746105,37,0.7653631284916201,0.7821229050279329,0.7988826815642458,0.7584269662921348,0.7584269662921348,0.7726445295336137,0.015719906069561126,2,0.6033519553072626,0.6348314606741573,0.6741573033707865,0.6703910614525139,0.9664804469273743,0.709842445546419,0.13088909595127754,91,0.693196405648267,0.7188295165394402,0.7481296758104738,0.7220216606498195,0.8293384467881112,0.7423031410872224,0.04686771577310543,37,0.6843575418994414,0.7084771828510451,0.7365199924675161,0.7144090138723244,0.8624537066097546,0.7412434875400163,0.06283941298906105,91,0.6327374301675978,0.6540199018696775,0.681047527048849,0.658805538186759,0.7908859695336856,0.6834992733613138,0.05584530812813972,37,0.6843575418994413,0.7084771828510451,0.7365199924675161,0.7144090138723244,0.8624537066097546,0.7412434875400163,0.06283941298906108,91
97,0.061152172088623044,0.03179965358663652,0.04699206352233887,0.005489693870513425,2,False,True,500,-1,l2,newton-cholesky,"{'C': 2, 'dual': False, 'fit_intercept': True, 'max_iter': 500, 'n_jobs': -1, 'penalty': 'l2', 'solver': 'newton-cholesky'}",0.6843575418994413,0.7086834733893558,0.7366946778711485,0.7142857142857143,0.8627450980392157,0.7413533010969752,0.06293831837594697,91,0.6586538461538461,0.6829268292682927,0.7114427860696517,0.6958762886597938,0.9574468085106383,0.7412693117324445,0.10946416646823003,92,0.72,0.743421052631579,0.7692307692307693,0.7361963190184049,0.8009259259259259,0.7539548133613357,0.028350992328746105,37,0.7653631284916201,0.7821229050279329,0.7988826815642458,0.7584269662921348,0.7584269662921348,0.7726445295336137,0.015719906069561126,2,0.6033519553072626,0.6348314606741573,0.6741573033707865,0.6703910614525139,0.9664804469273743,0.709842445546419,0.13088909595127754,91,0.693196405648267,0.7188295165394402,0.7481296758104738,0.7220216606498195,0.8293384467881112,0.7423031410872224,0.04686771577310543,37,0.6843575418994414,0.7084771828510451,0.7365199924675161,0.7144090138723244,0.8624537066097546,0.7412434875400163,0.06283941298906105,91,0.6327374301675978,0.6540199018696775,0.681047527048849,0.658805538186759,0.7908859695336856,0.6834992733613138,0.05584530812813972,37,0.6843575418994413,0.7084771828510451,0.7365199924675161,0.7144090138723244,0.8624537066097546,0.7412434875400163,0.06283941298906108,91
159,0.1145026683807373,0.0195571374119813,0.03456602096557617,0.003302873966313177,3,False,True,500,-1,l2,saga,"{'C': 3, 'dual': False, 'fit_intercept': True, 'max_iter': 500, 'n_jobs': -1, 'penalty': 'l2', 'solver': 'saga'}",0.6843575418994413,0.7086834733893558,0.7366946778711485,0.7142857142857143,0.8627450980392157,0.7413533010969752,0.06293831837594697,91,0.6586538461538461,0.6829268292682927,0.7114427860696517,0.6958762886597938,0.9574468085106383,0.7412693117324445,0.10946416646823003,92,0.72,0.743421052631579,0.7692307692307693,0.7361963190184049,0.8009259259259259,0.7539548133613357,0.028350992328746105,37,0.7653631284916201,0.7821229050279329,0.7988826815642458,0.7584269662921348,0.7584269662921348,0.7726445295336137,0.015719906069561126,2,0.6033519553072626,0.6348314606741573,0.6741573033707865,0.6703910614525139,0.9664804469273743,0.709842445546419,0.13088909595127754,91,0.693196405648267,0.7188295165394402,0.7481296758104738,0.7220216606498195,0.8293384467881112,0.7423031410872224,0.04686771577310543,37,0.6843575418994414,0.7084771828510451,0.7365199924675161,0.7144090138723244,0.8624537066097546,0.7412434875400163,0.06283941298906105,91,0.6327374301675978,0.6540199018696775,0.681047527048849,0.658805538186759,0.7908859695336856,0.6834992733613138,0.05584530812813972,37,0.6843575418994413,0.7084771828510451,0.7365199924675161,0.7144090138723244,0.8624537066097546,0.7412434875400163,0.06283941298906108,91
95,0.03355813026428223,0.002646082191517096,0.03972978591918945,0.0049635037756221275,2,False,True,500,-1,l2,lbfgs,"{'C': 2, 'dual': False, 'fit_intercept': True, 'max_iter': 500, 'n_jobs': -1, 'penalty': 'l2', 'solver': 'lbfgs'}",0.6843575418994413,0.7086834733893558,0.7366946778711485,0.7142857142857143,0.8627450980392157,0.7413533010969752,0.06293831837594697,91,0.6586538461538461,0.6829268292682927,0.7114427860696517,0.6958762886597938,0.9574468085106383,0.7412693117324445,0.10946416646823003,92,0.72,0.743421052631579,0.7692307692307693,0.7361963190184049,0.8009259259259259,0.7539548133613357,0.028350992328746105,37,0.7653631284916201,0.7821229050279329,0.7988826815642458,0.7584269662921348,0.7584269662921348,0.7726445295336137,0.015719906069561126,2,0.6033519553072626,0.6348314606741573,0.6741573033707865,0.6703910614525139,0.9664804469273743,0.709842445546419,0.13088909595127754,91,0.693196405648267,0.7188295165394402,0.7481296758104738,0.7220216606498195,0.8293384467881112,0.7423031410872224,0.04686771577310543,37,0.6843575418994414,0.7084771828510451,0.7365199924675161,0.7144090138723244,0.8624537066097546,0.7412434875400163,0.06283941298906105,91,0.6327374301675978,0.6540199018696775,0.681047527048849,0.658805538186759,0.7908859695336856,0.6834992733613138,0.05584530812813972,37,0.6843575418994413,0.7084771828510451,0.7365199924675161,0.7144090138723244,0.8624537066097546,0.7412434875400163,0.06283941298906108,91
275,0.05175638198852539,0.01894789887424179,0.04265227317810059,0.003387142618540281,5,False,True,500,-1,l2,lbfgs,"{'C': 5, 'dual': False, 'fit_intercept': True, 'max_iter': 500, 'n_jobs': -1, 'penalty': 'l2', 'solver': 'lbfgs'}",0.6871508379888268,0.7058823529411765,0.7366946778711485,0.7142857142857143,0.8627450980392157,0.7413517362252164,0.06274778171191224,103,0.6618357487922706,0.6813725490196079,0.7114427860696517,0.6958762886597938,0.9574468085106383,0.7415948362103925,0.10916010403438901,91,0.7218543046357616,0.738562091503268,0.7692307692307693,0.7361963190184049,0.8009259259259259,0.7533538820628259,0.028356929731975723,50,0.7653631284916201,0.776536312849162,0.7988826815642458,0.7584269662921348,0.7584269662921348,0.7715272110978595,0.015196325918514724,50,0.6089385474860335,0.6348314606741573,0.6741573033707865,0.6703910614525139,0.9664804469273743,0.7109597639821732,0.1299960824984231,55,0.6960408684546615,0.7151898734177216,0.7481296758104738,0.7220216606498195,0.8293384467881112,0.7421441050241575,0.04668111413529413,49,0.6871508379888268,0.7056838867616597,0.7365199924675161,0.7144090138723244,0.8624537066097546,0.7412434875400163,0.06264952918041737,91,0.6350956380184247,0.6509352804792329,0.681047527048849,0.658805538186759,0.7908859695336856,0.6833539906533902,0.055769013158158916,49,0.6871508379888268,0.7056838867616596,0.7365199924675161,0.7144090138723244,0.8624537066097546,0.7412434875400163,0.06264952918041738,91
35,0.04479117393493652,0.00836589153533899,0.04662585258483887,0.004738645738908191,1,False,True,500,-1,l2,lbfgs,"{'C': 1, 'dual': False, 'fit_intercept': True, 'max_iter': 500, 'n_jobs': -1, 'penalty': 'l2', 'solver': 'lbfgs'}",0.6843575418994413,0.7086834733893558,0.7366946778711485,0.711484593837535,0.8627450980392157,0.7407930770073393,0.06318872646662894,104,0.6586538461538461,0.6829268292682927,0.7114427860696517,0.6923076923076923,0.9574468085106383,0.7405555924620242,0.10976901690363916,104,0.72,0.743421052631579,0.7692307692307693,0.7345679012345679,0.8009259259259259,0.7536291298045684,0.028561693653249867,49,0.7653631284916201,0.7821229050279329,0.7988826815642458,0.7584269662921348,0.7584269662921348,0.7726445295336137,0.015719906069561126,2,0.6033519553072626,0.6348314606741573,0.6741573033707865,0.664804469273743,0.9664804469273743,0.7087251271106647,0.131244461058052,104,0.693196405648267,0.7188295165394402,0.7481296758104738,0.7194679564691656,0.8293384467881112,0.7417924002510916,0.04709929263957687,50,0.6843575418994414,0.7084771828510451,0.7365199924675161,0.711615717782939,0.8624537066097546,0.7406848283221392,0.06308742249798548,104,0.6327374301675978,0.6540199018696775,0.681047527048849,0.6564112506165305,0.7908859695336856,0.683020415847268,0.056064830502537695,50,0.6843575418994413,0.7084771828510451,0.7365199924675161,0.711615717782939,0.8624537066097546,0.7406848283221392,0.06308742249798549,104
39,0.11700296401977539,0.04145965818672897,0.038675689697265626,0.005066617293465414,1,False,True,500,-1,l2,saga,"{'C': 1, 'dual': False, 'fit_intercept': True, 'max_iter': 500, 'n_jobs': -1, 'penalty': 'l2', 'solver': 'saga'}",0.6843575418994413,0.7058823529411765,0.7366946778711485,0.711484593837535,0.8627450980392157,0.7402328529177035,0.0634826567143168,105,0.6586538461538461,0.6813725490196079,0.7114427860696517,0.6923076923076923,0.9574468085106383,0.7402447364122874,0.10993385328133147,105,0.72,0.738562091503268,0.7692307692307693,0.7345679012345679,0.8009259259259259,0.7526573375789063,0.028972195721637412,51,0.7653631284916201,0.776536312849162,0.7988826815642458,0.7584269662921348,0.7584269662921348,0.7715272110978595,0.015196325918514724,50,0.6033519553072626,0.6348314606741573,0.6741573033707865,0.664804469273743,0.9664804469273743,0.7087251271106647,0.131244461058052,104,0.693196405648267,0.7151898734177216,0.7481296758104738,0.7194679564691656,0.8293384467881112,0.7410644716267478,0.04747518897465739,51,0.6843575418994414,0.7056838867616597,0.7365199924675161,0.711615717782939,0.8624537066097546,0.7401261691042621,0.06338183867625873,105,0.6327374301675978,0.6509352804792329,0.681047527048849,0.6564112506165305,0.7908859695336856,0.6824034915691792,0.05639654106270639,51,0.6843575418994413,0.7056838867616596,0.7365199924675161,0.711615717782939,0.8624537066097546,0.7401261691042621,0.06338183867625875,105
38,0.07622857093811035,0.024516004972454826,0.03834719657897949,0.004693640937930374,1,False,True,500,-1,l2,sag,"{'C': 1, 'dual': False, 'fit_intercept': True, 'max_iter': 500, 'n_jobs': -1, 'penalty': 'l2', 'solver': 'sag'}",0.6843575418994413,0.7058823529411765,0.7366946778711485,0.711484593837535,0.8627450980392157,0.7402328529177035,0.0634826567143168,105,0.6586538461538461,0.6813725490196079,0.7114427860696517,0.6923076923076923,0.9574468085106383,0.7402447364122874,0.10993385328133147,105,0.72,0.738562091503268,0.7692307692307693,0.7345679012345679,0.8009259259259259,0.7526573375789063,0.028972195721637412,51,0.7653631284916201,0.776536312849162,0.7988826815642458,0.7584269662921348,0.7584269662921348,0.7715272110978595,0.015196325918514724,50,0.6033519553072626,0.6348314606741573,0.6741573033707865,0.664804469273743,0.9664804469273743,0.7087251271106647,0.131244461058052,104,0.693196405648267,0.7151898734177216,0.7481296758104738,0.7194679564691656,0.8293384467881112,0.7410644716267478,0.04747518897465739,51,0.6843575418994414,0.7056838867616597,0.7365199924675161,0.711615717782939,0.8624537066097546,0.7401261691042621,0.06338183867625873,105,0.6327374301675978,0.6509352804792329,0.681047527048849,0.6564112506165305,0.7908859695336856,0.6824034915691792,0.05639654106270639,51,0.6843575418994413,0.7056838867616596,0.7365199924675161,0.711615717782939,0.8624537066097546,0.7401261691042621,0.06338183867625875,105
36,0.09535760879516601,0.03964788429741304,0.041249847412109374,0.004104794110887773,1,False,True,500,-1,l2,newton-cg,"{'C': 1, 'dual': False, 'fit_intercept': True, 'max_iter': 500, 'n_jobs': -1, 'penalty': 'l2', 'solver': 'newton-cg'}",0.6843575418994413,0.7058823529411765,0.7366946778711485,0.711484593837535,0.8627450980392157,0.7402328529177035,0.0634826567143168,105,0.6586538461538461,0.6813725490196079,0.7114427860696517,0.6923076923076923,0.9574468085106383,0.7402447364122874,0.10993385328133147,105,0.72,0.738562091503268,0.7692307692307693,0.7345679012345679,0.8009259259259259,0.7526573375789063,0.028972195721637412,51,0.7653631284916201,0.776536312849162,0.7988826815642458,0.7584269662921348,0.7584269662921348,0.7715272110978595,0.015196325918514724,50,0.6033519553072626,0.6348314606741573,0.6741573033707865,0.664804469273743,0.9664804469273743,0.7087251271106647,0.131244461058052,104,0.693196405648267,0.7151898734177216,0.7481296758104738,0.7194679564691656,0.8293384467881112,0.7410644716267478,0.04747518897465739,51,0.6843575418994414,0.7056838867616597,0.7365199924675161,0.711615717782939,0.8624537066097546,0.7401261691042621,0.06338183867625873,105,0.6327374301675978,0.6509352804792329,0.681047527048849,0.6564112506165305,0.7908859695336856,0.6824034915691792,0.05639654106270639,51,0.6843575418994413,0.7056838867616596,0.7365199924675161,0.711615717782939,0.8624537066097546,0.7401261691042621,0.06338183867625875,105
37,0.041528177261352536,0.005776527475763351,0.03993415832519531,0.005479986298497934,1,False,True,500,-1,l2,newton-cholesky,"{'C': 1, 'dual': False, 'fit_intercept': True, 'max_iter': 500, 'n_jobs': -1, 'penalty': 'l2', 'solver': 'newton-cholesky'}",0.6843575418994413,0.7058823529411765,0.7366946778711485,0.711484593837535,0.8627450980392157,0.7402328529177035,0.0634826567143168,105,0.6586538461538461,0.6813725490196079,0.7114427860696517,0.6923076923076923,0.9574468085106383,0.7402447364122874,0.10993385328133147,105,0.72,0.738562091503268,0.7692307692307693,0.7345679012345679,0.8009259259259259,0.7526573375789063,0.028972195721637412,51,0.7653631284916201,0.776536312849162,0.7988826815642458,0.7584269662921348,0.7584269662921348,0.7715272110978595,0.015196325918514724,50,0.6033519553072626,0.6348314606741573,0.6741573033707865,0.664804469273743,0.9664804469273743,0.7087251271106647,0.131244461058052,104,0.693196405648267,0.7151898734177216,0.7481296758104738,0.7194679564691656,0.8293384467881112,0.7410644716267478,0.04747518897465739,51,0.6843575418994414,0.7056838867616597,0.7365199924675161,0.711615717782939,0.8624537066097546,0.7401261691042621,0.06338183867625873,105,0.6327374301675978,0.6509352804792329,0.681047527048849,0.6564112506165305,0.7908859695336856,0.6824034915691792,0.05639654106270639,51,0.6843575418994413,0.7056838867616596,0.7365199924675161,0.711615717782939,0.8624537066097546,0.7401261691042621,0.06338183867625875,105
173,0.0508944034576416,0.015952332230924463,0.033803272247314456,0.003657958969468866,3,False,False,500,-1,l2,sag,"{'C': 3, 'dual': False, 'fit_intercept': False, 'max_iter': 500, 'n_jobs': -1, 'penalty': 'l2', 'solver': 'sag'}",0.7122905027932961,0.6946778711484594,0.7563025210084033,0.7394957983193278,0.84593837535014,0.7497410137239253,0.05260501998788112,1,0.75,0.7083333333333334,0.8108108108108109,0.8102189781021898,0.9767441860465116,0.8112214616585692,0.09135970688885572,1,0.6844660194174758,0.6825396825396826,0.7177033492822966,0.6954545454545454,0.7719298245614035,0.7104186842510808,0.033200577480534225,55,0.6368715083798883,0.664804469273743,0.6703910614525139,0.6235955056179775,0.7078651685393258,0.6607055426526897,0.029256988314140572,55,0.7877094972067039,0.7247191011235955,0.8426966292134831,0.8547486033519553,0.9832402234636871,0.838622810871885,0.08574036832966121,1,0.7028913260219342,0.6905781584582441,0.7396449704142012,0.7223796033994334,0.8065994500458296,0.7324187016679284,0.04068976002034039,55,0.7122905027932961,0.6947617851986693,0.7565438453329985,0.7391720544849665,0.8455526960015065,0.7496641767622874,0.05246539182501258,1,0.6453056354070619,0.6319044471721273,0.6832375657644382,0.6672679330747027,0.767395814544577,0.6790222791925814,0.04758721930648924,55,0.7122905027932961,0.6947617851986693,0.7565438453329985,0.7391720544849665,0.8455526960015063,0.7496641767622874,0.052465391825012496,1
172,0.03770079612731934,0.011006921490519345,0.03699116706848145,0.00408804933017708,3,False,False,500,-1,l2,newton-cholesky,"{'C': 3, 'dual': False, 'fit_intercept': False, 'max_iter': 500, 'n_jobs': -1, 'penalty': 'l2', 'solver': 'newton-cholesky'}",0.7122905027932961,0.6946778711484594,0.7563025210084033,0.7394957983193278,0.84593837535014,0.7497410137239253,0.05260501998788112,1,0.75,0.7083333333333334,0.8108108108108109,0.8102189781021898,0.9767441860465116,0.8112214616585692,0.09135970688885572,1,0.6844660194174758,0.6825396825396826,0.7177033492822966,0.6954545454545454,0.7719298245614035,0.7104186842510808,0.033200577480534225,55,0.6368715083798883,0.664804469273743,0.6703910614525139,0.6235955056179775,0.7078651685393258,0.6607055426526897,0.029256988314140572,55,0.7877094972067039,0.7247191011235955,0.8426966292134831,0.8547486033519553,0.9832402234636871,0.838622810871885,0.08574036832966121,1,0.7028913260219342,0.6905781584582441,0.7396449704142012,0.7223796033994334,0.8065994500458296,0.7324187016679284,0.04068976002034039,55,0.7122905027932961,0.6947617851986693,0.7565438453329985,0.7391720544849665,0.8455526960015065,0.7496641767622874,0.05246539182501258,1,0.6453056354070619,0.6319044471721273,0.6832375657644382,0.6672679330747027,0.767395814544577,0.6790222791925814,0.04758721930648924,55,0.7122905027932961,0.6947617851986693,0.7565438453329985,0.7391720544849665,0.8455526960015063,0.7496641767622874,0.052465391825012496,1
171,0.029022836685180665,0.004795499637117235,0.036722326278686525,0.0056312065444701544,3,False,False,500,-1,l2,newton-cg,"{'C': 3, 'dual': False, 'fit_intercept': False, 'max_iter': 500, 'n_jobs': -1, 'penalty': 'l2', 'solver': 'newton-cg'}",0.7122905027932961,0.6946778711484594,0.7563025210084033,0.7394957983193278,0.84593837535014,0.7497410137239253,0.05260501998788112,1,0.75,0.7083333333333334,0.8108108108108109,0.8102189781021898,0.9767441860465116,0.8112214616585692,0.09135970688885572,1,0.6844660194174758,0.6825396825396826,0.7177033492822966,0.6954545454545454,0.7719298245614035,0.7104186842510808,0.033200577480534225,55,0.6368715083798883,0.664804469273743,0.6703910614525139,0.6235955056179775,0.7078651685393258,0.6607055426526897,0.029256988314140572,55,0.7877094972067039,0.7247191011235955,0.8426966292134831,0.8547486033519553,0.9832402234636871,0.838622810871885,0.08574036832966121,1,0.7028913260219342,0.6905781584582441,0.7396449704142012,0.7223796033994334,0.8065994500458296,0.7324187016679284,0.04068976002034039,55,0.7122905027932961,0.6947617851986693,0.7565438453329985,0.7391720544849665,0.8455526960015065,0.7496641767622874,0.05246539182501258,1,0.6453056354070619,0.6319044471721273,0.6832375657644382,0.6672679330747027,0.767395814544577,0.6790222791925814,0.04758721930648924,55,0.7122905027932961,0.6947617851986693,0.7565438453329985,0.7391720544849665,0.8455526960015063,0.7496641767622874,0.052465391825012496,1
291,0.06507091522216797,0.01717098591038309,0.0476773738861084,0.0026520840099230818,5,False,False,500,-1,l2,newton-cg,"{'C': 5, 'dual': False, 'fit_intercept': False, 'max_iter': 500, 'n_jobs': -1, 'penalty': 'l2', 'solver': 'newton-cg'}",0.7122905027932961,0.6946778711484594,0.7563025210084033,0.7394957983193278,0.84593837535014,0.7497410137239253,0.05260501998788112,1,0.75,0.7083333333333334,0.8108108108108109,0.8102189781021898,0.9767441860465116,0.8112214616585692,0.09135970688885572,1,0.6844660194174758,0.6825396825396826,0.7177033492822966,0.6954545454545454,0.7719298245614035,0.7104186842510808,0.033200577480534225,55,0.6368715083798883,0.664804469273743,0.6703910614525139,0.6235955056179775,0.7078651685393258,0.6607055426526897,0.029256988314140572,55,0.7877094972067039,0.7247191011235955,0.8426966292134831,0.8547486033519553,0.9832402234636871,0.838622810871885,0.08574036832966121,1,0.7028913260219342,0.6905781584582441,0.7396449704142012,0.7223796033994334,0.8065994500458296,0.7324187016679284,0.04068976002034039,55,0.7122905027932961,0.6947617851986693,0.7565438453329985,0.7391720544849665,0.8455526960015065,0.7496641767622874,0.05246539182501258,1,0.6453056354070619,0.6319044471721273,0.6832375657644382,0.6672679330747027,0.767395814544577,0.6790222791925814,0.04758721930648924,55,0.7122905027932961,0.6947617851986693,0.7565438453329985,0.7391720544849665,0.8455526960015063,0.7496641767622874,0.052465391825012496,1
411,0.04072504043579102,0.010335985971897735,0.04104299545288086,0.002186831288714504,7,False,False,500,-1,l2,newton-cg,"{'C': 7, 'dual': False, 'fit_intercept': False, 'max_iter': 500, 'n_jobs': -1, 'penalty': 'l2', 'solver': 'newton-cg'}",0.7122905027932961,0.6946778711484594,0.7563025210084033,0.7394957983193278,0.84593837535014,0.7497410137239253,0.05260501998788112,1,0.75,0.7083333333333334,0.8108108108108109,0.8102189781021898,0.9767441860465116,0.8112214616585692,0.09135970688885572,1,0.6844660194174758,0.6825396825396826,0.7177033492822966,0.6954545454545454,0.7719298245614035,0.7104186842510808,0.033200577480534225,55,0.6368715083798883,0.664804469273743,0.6703910614525139,0.6235955056179775,0.7078651685393258,0.6607055426526897,0.029256988314140572,55,0.7877094972067039,0.7247191011235955,0.8426966292134831,0.8547486033519553,0.9832402234636871,0.838622810871885,0.08574036832966121,1,0.7028913260219342,0.6905781584582441,0.7396449704142012,0.7223796033994334,0.8065994500458296,0.7324187016679284,0.04068976002034039,55,0.7122905027932961,0.6947617851986693,0.7565438453329985,0.7391720544849665,0.8455526960015065,0.7496641767622874,0.05246539182501258,1,0.6453056354070619,0.6319044471721273,0.6832375657644382,0.6672679330747027,0.767395814544577,0.6790222791925814,0.04758721930648924,55,0.7122905027932961,0.6947617851986693,0.7565438453329985,0.7391720544849665,0.8455526960015063,0.7496641767622874,0.052465391825012496,1
351,0.052645540237426756,0.009782320472339725,0.05528545379638672,0.016558523284193046,6,False,False,500,-1,l2,newton-cg,"{'C': 6, 'dual': False, 'fit_intercept': False, 'max_iter': 500, 'n_jobs': -1, 'penalty': 'l2', 'solver': 'newton-cg'}",0.7122905027932961,0.6946778711484594,0.7563025210084033,0.7394957983193278,0.84593837535014,0.7497410137239253,0.05260501998788112,1,0.75,0.7083333333333334,0.8108108108108109,0.8102189781021898,0.9767441860465116,0.8112214616585692,0.09135970688885572,1,0.6844660194174758,0.6825396825396826,0.7177033492822966,0.6954545454545454,0.7719298245614035,0.7104186842510808,0.033200577480534225,55,0.6368715083798883,0.664804469273743,0.6703910614525139,0.6235955056179775,0.7078651685393258,0.6607055426526897,0.029256988314140572,55,0.7877094972067039,0.7247191011235955,0.8426966292134831,0.8547486033519553,0.9832402234636871,0.838622810871885,0.08574036832966121,1,0.7028913260219342,0.6905781584582441,0.7396449704142012,0.7223796033994334,0.8065994500458296,0.7324187016679284,0.04068976002034039,55,0.7122905027932961,0.6947617851986693,0.7565438453329985,0.7391720544849665,0.8455526960015065,0.7496641767622874,0.05246539182501258,1,0.6453056354070619,0.6319044471721273,0.6832375657644382,0.6672679330747027,0.767395814544577,0.6790222791925814,0.04758721930648924,55,0.7122905027932961,0.6947617851986693,0.7565438453329985,0.7391720544849665,0.8455526960015063,0.7496641767622874,0.052465391825012496,1
114,0.05543107986450195,0.02629745220502386,0.038051795959472653,0.0026354181209487055,2,False,False,500,-1,l2,saga,"{'C': 2, 'dual': False, 'fit_intercept': False, 'max_iter': 500, 'n_jobs': -1, 'penalty': 'l2', 'solver': 'saga'}",0.7122905027932961,0.6946778711484594,0.7563025210084033,0.7394957983193278,0.84593837535014,0.7497410137239253,0.05260501998788112,1,0.75,0.7083333333333334,0.8108108108108109,0.8102189781021898,0.9767441860465116,0.8112214616585692,0.09135970688885572,1,0.6844660194174758,0.6825396825396826,0.7177033492822966,0.6954545454545454,0.7719298245614035,0.7104186842510808,0.033200577480534225,55,0.6368715083798883,0.664804469273743,0.6703910614525139,0.6235955056179775,0.7078651685393258,0.6607055426526897,0.029256988314140572,55,0.7877094972067039,0.7247191011235955,0.8426966292134831,0.8547486033519553,0.9832402234636871,0.838622810871885,0.08574036832966121,1,0.7028913260219342,0.6905781584582441,0.7396449704142012,0.7223796033994334,0.8065994500458296,0.7324187016679284,0.04068976002034039,55,0.7122905027932961,0.6947617851986693,0.7565438453329985,0.7391720544849665,0.8455526960015065,0.7496641767622874,0.05246539182501258,1,0.6453056354070619,0.6319044471721273,0.6832375657644382,0.6672679330747027,0.767395814544577,0.6790222791925814,0.04758721930648924,55,0.7122905027932961,0.6947617851986693,0.7565438453329985,0.7391720544849665,0.8455526960015063,0.7496641767622874,0.052465391825012496,1
231,0.03225874900817871,0.006297701299689486,0.04619488716125488,0.013021853071675847,4,False,False,500,-1,l2,newton-cg,"{'C': 4, 'dual': False, 'fit_intercept': False, 'max_iter': 500, 'n_jobs': -1, 'penalty': 'l2', 'solver': 'newton-cg'}",0.7122905027932961,0.6946778711484594,0.7563025210084033,0.7394957983193278,0.84593837535014,0.7497410137239253,0.05260501998788112,1,0.75,0.7083333333333334,0.8108108108108109,0.8102189781021898,0.9767441860465116,0.8112214616585692,0.09135970688885572,1,0.6844660194174758,0.6825396825396826,0.7177033492822966,0.6954545454545454,0.7719298245614035,0.7104186842510808,0.033200577480534225,55,0.6368715083798883,0.664804469273743,0.6703910614525139,0.6235955056179775,0.7078651685393258,0.6607055426526897,0.029256988314140572,55,0.7877094972067039,0.7247191011235955,0.8426966292134831,0.8547486033519553,0.9832402234636871,0.838622810871885,0.08574036832966121,1,0.7028913260219342,0.6905781584582441,0.7396449704142012,0.7223796033994334,0.8065994500458296,0.7324187016679284,0.04068976002034039,55,0.7122905027932961,0.6947617851986693,0.7565438453329985,0.7391720544849665,0.8455526960015065,0.7496641767622874,0.05246539182501258,1,0.6453056354070619,0.6319044471721273,0.6832375657644382,0.6672679330747027,0.767395814544577,0.6790222791925814,0.04758721930648924,55,0.7122905027932961,0.6947617851986693,0.7565438453329985,0.7391720544849665,0.8455526960015063,0.7496641767622874,0.052465391825012496,1
113,0.06165480613708496,0.014827074097994263,0.04101471900939942,0.004988366738821291,2,False,False,500,-1,l2,sag,"{'C': 2, 'dual': False, 'fit_intercept': False, 'max_iter': 500, 'n_jobs': -1, 'penalty': 'l2', 'solver': 'sag'}",0.7122905027932961,0.6946778711484594,0.7563025210084033,0.7394957983193278,0.84593837535014,0.7497410137239253,0.05260501998788112,1,0.75,0.7083333333333334,0.8108108108108109,0.8102189781021898,0.9767441860465116,0.8112214616585692,0.09135970688885572,1,0.6844660194174758,0.6825396825396826,0.7177033492822966,0.6954545454545454,0.7719298245614035,0.7104186842510808,0.033200577480534225,55,0.6368715083798883,0.664804469273743,0.6703910614525139,0.6235955056179775,0.7078651685393258,0.6607055426526897,0.029256988314140572,55,0.7877094972067039,0.7247191011235955,0.8426966292134831,0.8547486033519553,0.9832402234636871,0.838622810871885,0.08574036832966121,1,0.7028913260219342,0.6905781584582441,0.7396449704142012,0.7223796033994334,0.8065994500458296,0.7324187016679284,0.04068976002034039,55,0.7122905027932961,0.6947617851986693,0.7565438453329985,0.7391720544849665,0.8455526960015065,0.7496641767622874,0.05246539182501258,1,0.6453056354070619,0.6319044471721273,0.6832375657644382,0.6672679330747027,0.767395814544577,0.6790222791925814,0.04758721930648924,55,0.7122905027932961,0.6947617851986693,0.7565438453329985,0.7391720544849665,0.8455526960015063,0.7496641767622874,0.052465391825012496,1
112,0.027638053894042967,0.002942758235134629,0.040244007110595705,0.007868151268194375,2,False,False,500,-1,l2,newton-cholesky,"{'C': 2, 'dual': False, 'fit_intercept': False, 'max_iter': 500, 'n_jobs': -1, 'penalty': 'l2', 'solver': 'newton-cholesky'}",0.7122905027932961,0.6946778711484594,0.7563025210084033,0.7394957983193278,0.84593837535014,0.7497410137239253,0.05260501998788112,1,0.75,0.7083333333333334,0.8108108108108109,0.8102189781021898,0.9767441860465116,0.8112214616585692,0.09135970688885572,1,0.6844660194174758,0.6825396825396826,0.7177033492822966,0.6954545454545454,0.7719298245614035,0.7104186842510808,0.033200577480534225,55,0.6368715083798883,0.664804469273743,0.6703910614525139,0.6235955056179775,0.7078651685393258,0.6607055426526897,0.029256988314140572,55,0.7877094972067039,0.7247191011235955,0.8426966292134831,0.8547486033519553,0.9832402234636871,0.838622810871885,0.08574036832966121,1,0.7028913260219342,0.6905781584582441,0.7396449704142012,0.7223796033994334,0.8065994500458296,0.7324187016679284,0.04068976002034039,55,0.7122905027932961,0.6947617851986693,0.7565438453329985,0.7391720544849665,0.8455526960015065,0.7496641767622874,0.05246539182501258,1,0.6453056354070619,0.6319044471721273,0.6832375657644382,0.6672679330747027,0.767395814544577,0.6790222791925814,0.04758721930648924,55,0.7122905027932961,0.6947617851986693,0.7565438453329985,0.7391720544849665,0.8455526960015063,0.7496641767622874,0.052465391825012496,1
111,0.056892776489257814,0.02765684101294101,0.03962364196777344,0.005393321568551359,2,False,False,500,-1,l2,newton-cg,"{'C': 2, 'dual': False, 'fit_intercept': False, 'max_iter': 500, 'n_jobs': -1, 'penalty': 'l2', 'solver': 'newton-cg'}",0.7122905027932961,0.6946778711484594,0.7563025210084033,0.7394957983193278,0.84593837535014,0.7497410137239253,0.05260501998788112,1,0.75,0.7083333333333334,0.8108108108108109,0.8102189781021898,0.9767441860465116,0.8112214616585692,0.09135970688885572,1,0.6844660194174758,0.6825396825396826,0.7177033492822966,0.6954545454545454,0.7719298245614035,0.7104186842510808,0.033200577480534225,55,0.6368715083798883,0.664804469273743,0.6703910614525139,0.6235955056179775,0.7078651685393258,0.6607055426526897,0.029256988314140572,55,0.7877094972067039,0.7247191011235955,0.8426966292134831,0.8547486033519553,0.9832402234636871,0.838622810871885,0.08574036832966121,1,0.7028913260219342,0.6905781584582441,0.7396449704142012,0.7223796033994334,0.8065994500458296,0.7324187016679284,0.04068976002034039,55,0.7122905027932961,0.6947617851986693,0.7565438453329985,0.7391720544849665,0.8455526960015065,0.7496641767622874,0.05246539182501258,1,0.6453056354070619,0.6319044471721273,0.6832375657644382,0.6672679330747027,0.767395814544577,0.6790222791925814,0.04758721930648924,55,0.7122905027932961,0.6947617851986693,0.7565438453329985,0.7391720544849665,0.8455526960015063,0.7496641767622874,0.052465391825012496,1
110,0.052175712585449216,0.03200433829041992,0.042236614227294925,0.012442183215129157,2,False,False,500,-1,l2,lbfgs,"{'C': 2, 'dual': False, 'fit_intercept': False, 'max_iter': 500, 'n_jobs': -1, 'penalty': 'l2', 'solver': 'lbfgs'}",0.7122905027932961,0.6946778711484594,0.7563025210084033,0.7394957983193278,0.84593837535014,0.7497410137239253,0.05260501998788112,1,0.75,0.7083333333333334,0.8108108108108109,0.8102189781021898,0.9767441860465116,0.8112214616585692,0.09135970688885572,1,0.6844660194174758,0.6825396825396826,0.7177033492822966,0.6954545454545454,0.7719298245614035,0.7104186842510808,0.033200577480534225,55,0.6368715083798883,0.664804469273743,0.6703910614525139,0.6235955056179775,0.7078651685393258,0.6607055426526897,0.029256988314140572,55,0.7877094972067039,0.7247191011235955,0.8426966292134831,0.8547486033519553,0.9832402234636871,0.838622810871885,0.08574036832966121,1,0.7028913260219342,0.6905781584582441,0.7396449704142012,0.7223796033994334,0.8065994500458296,0.7324187016679284,0.04068976002034039,55,0.7122905027932961,0.6947617851986693,0.7565438453329985,0.7391720544849665,0.8455526960015065,0.7496641767622874,0.05246539182501258,1,0.6453056354070619,0.6319044471721273,0.6832375657644382,0.6672679330747027,0.767395814544577,0.6790222791925814,0.04758721930648924,55,0.7122905027932961,0.6947617851986693,0.7565438453329985,0.7391720544849665,0.8455526960015063,0.7496641767622874,0.052465391825012496,1
471,0.03990917205810547,0.01121948504082957,0.047840309143066403,0.007686114196401588,8,False,False,500,-1,l2,newton-cg,"{'C': 8, 'dual': False, 'fit_intercept': False, 'max_iter': 500, 'n_jobs': -1, 'penalty': 'l2', 'solver': 'newton-cg'}",0.7122905027932961,0.6946778711484594,0.7563025210084033,0.7394957983193278,0.84593837535014,0.7497410137239253,0.05260501998788112,1,0.75,0.7083333333333334,0.8108108108108109,0.8102189781021898,0.9767441860465116,0.8112214616585692,0.09135970688885572,1,0.6844660194174758,0.6825396825396826,0.7177033492822966,0.6954545454545454,0.7719298245614035,0.7104186842510808,0.033200577480534225,55,0.6368715083798883,0.664804469273743,0.6703910614525139,0.6235955056179775,0.7078651685393258,0.6607055426526897,0.029256988314140572,55,0.7877094972067039,0.7247191011235955,0.8426966292134831,0.8547486033519553,0.9832402234636871,0.838622810871885,0.08574036832966121,1,0.7028913260219342,0.6905781584582441,0.7396449704142012,0.7223796033994334,0.8065994500458296,0.7324187016679284,0.04068976002034039,55,0.7122905027932961,0.6947617851986693,0.7565438453329985,0.7391720544849665,0.8455526960015065,0.7496641767622874,0.05246539182501258,1,0.6453056354070619,0.6319044471721273,0.6832375657644382,0.6672679330747027,0.767395814544577,0.6790222791925814,0.04758721930648924,55,0.7122905027932961,0.6947617851986693,0.7565438453329985,0.7391720544849665,0.8455526960015063,0.7496641767622874,0.052465391825012496,1
232,0.04604063034057617,0.013398127167152697,0.03887686729431152,0.0039764811080484465,4,False,False,500,-1,l2,newton-cholesky,"{'C': 4, 'dual': False, 'fit_intercept': False, 'max_iter': 500, 'n_jobs': -1, 'penalty': 'l2', 'solver': 'newton-cholesky'}",0.7122905027932961,0.6946778711484594,0.7535014005602241,0.7394957983193278,0.84593837535014,0.7491807896342895,0.05254704276320062,14,0.75,0.7083333333333334,0.8053691275167785,0.8102189781021898,0.9767441860465116,0.8101331249997628,0.09139052359130247,19,0.6844660194174758,0.6825396825396826,0.7163461538461539,0.6954545454545454,0.7719298245614035,0.7101472451638522,0.03314541259510251,68,0.6368715083798883,0.664804469273743,0.6703910614525139,0.6235955056179775,0.7078651685393258,0.6607055426526897,0.029256988314140572,55,0.7877094972067039,0.7247191011235955,0.8370786516853933,0.8547486033519553,0.9832402234636871,0.837499215366267,0.08571642771831023,19,0.7028913260219342,0.6905781584582441,0.7376237623762376,0.7223796033994334,0.8065994500458296,0.7320144600603358,0.04062595104895819,68,0.7122905027932961,0.6947617851986693,0.7537348565689537,0.7391720544849665,0.8455526960015065,0.7491023790094784,0.052403719729864115,14,0.6453056354070619,0.6319044471721273,0.6808705655987546,0.6672679330747027,0.767395814544577,0.6785488791594447,0.047554693123642404,68,0.7122905027932961,0.6947617851986693,0.7537348565689536,0.7391720544849665,0.8455526960015063,0.7491023790094784,0.05240371972986403,14
414,0.029070091247558594,0.005274887960473862,0.059920740127563474,0.03798354206969645,7,False,False,500,-1,l2,saga,"{'C': 7, 'dual': False, 'fit_intercept': False, 'max_iter': 500, 'n_jobs': -1, 'penalty': 'l2', 'solver': 'saga'}",0.7122905027932961,0.6946778711484594,0.7535014005602241,0.7394957983193278,0.84593837535014,0.7491807896342895,0.05254704276320062,14,0.75,0.7083333333333334,0.8053691275167785,0.8102189781021898,0.9767441860465116,0.8101331249997628,0.09139052359130247,19,0.6844660194174758,0.6825396825396826,0.7163461538461539,0.6954545454545454,0.7719298245614035,0.7101472451638522,0.03314541259510251,68,0.6368715083798883,0.664804469273743,0.6703910614525139,0.6235955056179775,0.7078651685393258,0.6607055426526897,0.029256988314140572,55,0.7877094972067039,0.7247191011235955,0.8370786516853933,0.8547486033519553,0.9832402234636871,0.837499215366267,0.08571642771831023,19,0.7028913260219342,0.6905781584582441,0.7376237623762376,0.7223796033994334,0.8065994500458296,0.7320144600603358,0.04062595104895819,68,0.7122905027932961,0.6947617851986693,0.7537348565689537,0.7391720544849665,0.8455526960015065,0.7491023790094784,0.052403719729864115,14,0.6453056354070619,0.6319044471721273,0.6808705655987546,0.6672679330747027,0.767395814544577,0.6785488791594447,0.047554693123642404,68,0.7122905027932961,0.6947617851986693,0.7537348565689536,0.7391720544849665,0.8455526960015063,0.7491023790094784,0.05240371972986403,14
412,0.03296117782592774,0.014275782891486824,0.033734798431396484,0.0023994202169112387,7,False,False,500,-1,l2,newton-cholesky,"{'C': 7, 'dual': False, 'fit_intercept': False, 'max_iter': 500, 'n_jobs': -1, 'penalty': 'l2', 'solver': 'newton-cholesky'}",0.7122905027932961,0.6946778711484594,0.7535014005602241,0.7394957983193278,0.84593837535014,0.7491807896342895,0.05254704276320062,14,0.75,0.7083333333333334,0.8053691275167785,0.8102189781021898,0.9767441860465116,0.8101331249997628,0.09139052359130247,19,0.6844660194174758,0.6825396825396826,0.7163461538461539,0.6954545454545454,0.7719298245614035,0.7101472451638522,0.03314541259510251,68,0.6368715083798883,0.664804469273743,0.6703910614525139,0.6235955056179775,0.7078651685393258,0.6607055426526897,0.029256988314140572,55,0.7877094972067039,0.7247191011235955,0.8370786516853933,0.8547486033519553,0.9832402234636871,0.837499215366267,0.08571642771831023,19,0.7028913260219342,0.6905781584582441,0.7376237623762376,0.7223796033994334,0.8065994500458296,0.7320144600603358,0.04062595104895819,68,0.7122905027932961,0.6947617851986693,0.7537348565689537,0.7391720544849665,0.8455526960015065,0.7491023790094784,0.052403719729864115,14,0.6453056354070619,0.6319044471721273,0.6808705655987546,0.6672679330747027,0.767395814544577,0.6785488791594447,0.047554693123642404,68,0.7122905027932961,0.6947617851986693,0.7537348565689536,0.7391720544849665,0.8455526960015063,0.7491023790094784,0.05240371972986403,14
234,0.04883532524108887,0.0456331694623034,0.04875373840332031,0.010695936190800696,4,False,False,500,-1,l2,saga,"{'C': 4, 'dual': False, 'fit_intercept': False, 'max_iter': 500, 'n_jobs': -1, 'penalty': 'l2', 'solver': 'saga'}",0.7122905027932961,0.6946778711484594,0.7535014005602241,0.7394957983193278,0.84593837535014,0.7491807896342895,0.05254704276320062,14,0.75,0.7083333333333334,0.8053691275167785,0.8102189781021898,0.9767441860465116,0.8101331249997628,0.09139052359130247,19,0.6844660194174758,0.6825396825396826,0.7163461538461539,0.6954545454545454,0.7719298245614035,0.7101472451638522,0.03314541259510251,68,0.6368715083798883,0.664804469273743,0.6703910614525139,0.6235955056179775,0.7078651685393258,0.6607055426526897,0.029256988314140572,55,0.7877094972067039,0.7247191011235955,0.8370786516853933,0.8547486033519553,0.9832402234636871,0.837499215366267,0.08571642771831023,19,0.7028913260219342,0.6905781584582441,0.7376237623762376,0.7223796033994334,0.8065994500458296,0.7320144600603358,0.04062595104895819,68,0.7122905027932961,0.6947617851986693,0.7537348565689537,0.7391720544849665,0.8455526960015065,0.7491023790094784,0.052403719729864115,14,0.6453056354070619,0.6319044471721273,0.6808705655987546,0.6672679330747027,0.767395814544577,0.6785488791594447,0.047554693123642404,68,0.7122905027932961,0.6947617851986693,0.7537348565689536,0.7391720544849665,0.8455526960015063,0.7491023790094784,0.05240371972986403,14
410,0.025616979598999022,0.002881009598150112,0.035627222061157225,0.0056659000205164425,7,False,False,500,-1,l2,lbfgs,"{'C': 7, 'dual': False, 'fit_intercept': False, 'max_iter': 500, 'n_jobs': -1, 'penalty': 'l2', 'solver': 'lbfgs'}",0.7122905027932961,0.6946778711484594,0.7535014005602241,0.7394957983193278,0.84593837535014,0.7491807896342895,0.05254704276320062,14,0.75,0.7083333333333334,0.8053691275167785,0.8102189781021898,0.9767441860465116,0.8101331249997628,0.09139052359130247,19,0.6844660194174758,0.6825396825396826,0.7163461538461539,0.6954545454545454,0.7719298245614035,0.7101472451638522,0.03314541259510251,68,0.6368715083798883,0.664804469273743,0.6703910614525139,0.6235955056179775,0.7078651685393258,0.6607055426526897,0.029256988314140572,55,0.7877094972067039,0.7247191011235955,0.8370786516853933,0.8547486033519553,0.9832402234636871,0.837499215366267,0.08571642771831023,19,0.7028913260219342,0.6905781584582441,0.7376237623762376,0.7223796033994334,0.8065994500458296,0.7320144600603358,0.04062595104895819,68,0.7122905027932961,0.6947617851986693,0.7537348565689537,0.7391720544849665,0.8455526960015065,0.7491023790094784,0.052403719729864115,14,0.6453056354070619,0.6319044471721273,0.6808705655987546,0.6672679330747027,0.767395814544577,0.6785488791594447,0.047554693123642404,68,0.7122905027932961,0.6947617851986693,0.7537348565689536,0.7391720544849665,0.8455526960015063,0.7491023790094784,0.05240371972986403,14
230,0.035314083099365234,0.016374864575217248,0.04784913063049316,0.013572681737015249,4,False,False,500,-1,l2,lbfgs,"{'C': 4, 'dual': False, 'fit_intercept': False, 'max_iter': 500, 'n_jobs': -1, 'penalty': 'l2', 'solver': 'lbfgs'}",0.7122905027932961,0.6946778711484594,0.7535014005602241,0.7394957983193278,0.84593837535014,0.7491807896342895,0.05254704276320062,14,0.75,0.7083333333333334,0.8053691275167785,0.8102189781021898,0.9767441860465116,0.8101331249997628,0.09139052359130247,19,0.6844660194174758,0.6825396825396826,0.7163461538461539,0.6954545454545454,0.7719298245614035,0.7101472451638522,0.03314541259510251,68,0.6368715083798883,0.664804469273743,0.6703910614525139,0.6235955056179775,0.7078651685393258,0.6607055426526897,0.029256988314140572,55,0.7877094972067039,0.7247191011235955,0.8370786516853933,0.8547486033519553,0.9832402234636871,0.837499215366267,0.08571642771831023,19,0.7028913260219342,0.6905781584582441,0.7376237623762376,0.7223796033994334,0.8065994500458296,0.7320144600603358,0.04062595104895819,68,0.7122905027932961,0.6947617851986693,0.7537348565689537,0.7391720544849665,0.8455526960015065,0.7491023790094784,0.052403719729864115,14,0.6453056354070619,0.6319044471721273,0.6808705655987546,0.6672679330747027,0.767395814544577,0.6785488791594447,0.047554693123642404,68,0.7122905027932961,0.6947617851986693,0.7537348565689536,0.7391720544849665,0.8455526960015063,0.7491023790094784,0.05240371972986403,14
170,0.0346376895904541,0.004999687022218244,0.03997516632080078,0.0020223673914678193,3,False,False,500,-1,l2,lbfgs,"{'C': 3, 'dual': False, 'fit_intercept': False, 'max_iter': 500, 'n_jobs': -1, 'penalty': 'l2', 'solver': 'lbfgs'}",0.7122905027932961,0.6946778711484594,0.7535014005602241,0.7394957983193278,0.84593837535014,0.7491807896342895,0.05254704276320062,14,0.75,0.7083333333333334,0.8053691275167785,0.8102189781021898,0.9767441860465116,0.8101331249997628,0.09139052359130247,19,0.6844660194174758,0.6825396825396826,0.7163461538461539,0.6954545454545454,0.7719298245614035,0.7101472451638522,0.03314541259510251,68,0.6368715083798883,0.664804469273743,0.6703910614525139,0.6235955056179775,0.7078651685393258,0.6607055426526897,0.029256988314140572,55,0.7877094972067039,0.7247191011235955,0.8370786516853933,0.8547486033519553,0.9832402234636871,0.837499215366267,0.08571642771831023,19,0.7028913260219342,0.6905781584582441,0.7376237623762376,0.7223796033994334,0.8065994500458296,0.7320144600603358,0.04062595104895819,68,0.7122905027932961,0.6947617851986693,0.7537348565689537,0.7391720544849665,0.8455526960015065,0.7491023790094784,0.052403719729864115,14,0.6453056354070619,0.6319044471721273,0.6808705655987546,0.6672679330747027,0.767395814544577,0.6785488791594447,0.047554693123642404,68,0.7122905027932961,0.6947617851986693,0.7537348565689536,0.7391720544849665,0.8455526960015063,0.7491023790094784,0.05240371972986403,14
354,0.06971344947814942,0.021426904476265028,0.04589333534240723,0.0144005467239727,6,False,False,500,-1,l2,saga,"{'C': 6, 'dual': False, 'fit_intercept': False, 'max_iter': 500, 'n_jobs': -1, 'penalty': 'l2', 'solver': 'saga'}",0.7122905027932961,0.6946778711484594,0.7535014005602241,0.7394957983193278,0.84593837535014,0.7491807896342895,0.05254704276320062,14,0.75,0.7083333333333334,0.8053691275167785,0.8102189781021898,0.9767441860465116,0.8101331249997628,0.09139052359130247,19,0.6844660194174758,0.6825396825396826,0.7163461538461539,0.6954545454545454,0.7719298245614035,0.7101472451638522,0.03314541259510251,68,0.6368715083798883,0.664804469273743,0.6703910614525139,0.6235955056179775,0.7078651685393258,0.6607055426526897,0.029256988314140572,55,0.7877094972067039,0.7247191011235955,0.8370786516853933,0.8547486033519553,0.9832402234636871,0.837499215366267,0.08571642771831023,19,0.7028913260219342,0.6905781584582441,0.7376237623762376,0.7223796033994334,0.8065994500458296,0.7320144600603358,0.04062595104895819,68,0.7122905027932961,0.6947617851986693,0.7537348565689537,0.7391720544849665,0.8455526960015065,0.7491023790094784,0.052403719729864115,14,0.6453056354070619,0.6319044471721273,0.6808705655987546,0.6672679330747027,0.767395814544577,0.6785488791594447,0.047554693123642404,68,0.7122905027932961,0.6947617851986693,0.7537348565689536,0.7391720544849665,0.8455526960015063,0.7491023790094784,0.05240371972986403,14
353,0.037386322021484376,0.003021104369606613,0.039962053298950195,0.010202817506155011,6,False,False,500,-1,l2,sag,"{'C': 6, 'dual': False, 'fit_intercept': False, 'max_iter': 500, 'n_jobs': -1, 'penalty': 'l2', 'solver': 'sag'}",0.7122905027932961,0.6946778711484594,0.7535014005602241,0.7394957983193278,0.84593837535014,0.7491807896342895,0.05254704276320062,14,0.75,0.7083333333333334,0.8053691275167785,0.8102189781021898,0.9767441860465116,0.8101331249997628,0.09139052359130247,19,0.6844660194174758,0.6825396825396826,0.7163461538461539,0.6954545454545454,0.7719298245614035,0.7101472451638522,0.03314541259510251,68,0.6368715083798883,0.664804469273743,0.6703910614525139,0.6235955056179775,0.7078651685393258,0.6607055426526897,0.029256988314140572,55,0.7877094972067039,0.7247191011235955,0.8370786516853933,0.8547486033519553,0.9832402234636871,0.837499215366267,0.08571642771831023,19,0.7028913260219342,0.6905781584582441,0.7376237623762376,0.7223796033994334,0.8065994500458296,0.7320144600603358,0.04062595104895819,68,0.7122905027932961,0.6947617851986693,0.7537348565689537,0.7391720544849665,0.8455526960015065,0.7491023790094784,0.052403719729864115,14,0.6453056354070619,0.6319044471721273,0.6808705655987546,0.6672679330747027,0.767395814544577,0.6785488791594447,0.047554693123642404,68,0.7122905027932961,0.6947617851986693,0.7537348565689536,0.7391720544849665,0.8455526960015063,0.7491023790094784,0.05240371972986403,14
352,0.036854887008666994,0.012877474198609122,0.03910679817199707,0.0031709583160450766,6,False,False,500,-1,l2,newton-cholesky,"{'C': 6, 'dual': False, 'fit_intercept': False, 'max_iter': 500, 'n_jobs': -1, 'penalty': 'l2', 'solver': 'newton-cholesky'}",0.7122905027932961,0.6946778711484594,0.7535014005602241,0.7394957983193278,0.84593837535014,0.7491807896342895,0.05254704276320062,14,0.75,0.7083333333333334,0.8053691275167785,0.8102189781021898,0.9767441860465116,0.8101331249997628,0.09139052359130247,19,0.6844660194174758,0.6825396825396826,0.7163461538461539,0.6954545454545454,0.7719298245614035,0.7101472451638522,0.03314541259510251,68,0.6368715083798883,0.664804469273743,0.6703910614525139,0.6235955056179775,0.7078651685393258,0.6607055426526897,0.029256988314140572,55,0.7877094972067039,0.7247191011235955,0.8370786516853933,0.8547486033519553,0.9832402234636871,0.837499215366267,0.08571642771831023,19,0.7028913260219342,0.6905781584582441,0.7376237623762376,0.7223796033994334,0.8065994500458296,0.7320144600603358,0.04062595104895819,68,0.7122905027932961,0.6947617851986693,0.7537348565689537,0.7391720544849665,0.8455526960015065,0.7491023790094784,0.052403719729864115,14,0.6453056354070619,0.6319044471721273,0.6808705655987546,0.6672679330747027,0.767395814544577,0.6785488791594447,0.047554693123642404,68,0.7122905027932961,0.6947617851986693,0.7537348565689536,0.7391720544849665,0.8455526960015063,0.7491023790094784,0.05240371972986403,14
174,0.05127177238464355,0.015160733036039278,0.03725147247314453,0.0046274130010526765,3,False,False,500,-1,l2,saga,"{'C': 3, 'dual': False, 'fit_intercept': False, 'max_iter': 500, 'n_jobs': -1, 'penalty': 'l2', 'solver': 'saga'}",0.7122905027932961,0.6946778711484594,0.7535014005602241,0.7394957983193278,0.84593837535014,0.7491807896342895,0.05254704276320062,14,0.75,0.7083333333333334,0.8053691275167785,0.8102189781021898,0.9767441860465116,0.8101331249997628,0.09139052359130247,19,0.6844660194174758,0.6825396825396826,0.7163461538461539,0.6954545454545454,0.7719298245614035,0.7101472451638522,0.03314541259510251,68,0.6368715083798883,0.664804469273743,0.6703910614525139,0.6235955056179775,0.7078651685393258,0.6607055426526897,0.029256988314140572,55,0.7877094972067039,0.7247191011235955,0.8370786516853933,0.8547486033519553,0.9832402234636871,0.837499215366267,0.08571642771831023,19,0.7028913260219342,0.6905781584582441,0.7376237623762376,0.7223796033994334,0.8065994500458296,0.7320144600603358,0.04062595104895819,68,0.7122905027932961,0.6947617851986693,0.7537348565689537,0.7391720544849665,0.8455526960015065,0.7491023790094784,0.052403719729864115,14,0.6453056354070619,0.6319044471721273,0.6808705655987546,0.6672679330747027,0.767395814544577,0.6785488791594447,0.047554693123642404,68,0.7122905027932961,0.6947617851986693,0.7537348565689536,0.7391720544849665,0.8455526960015063,0.7491023790094784,0.05240371972986403,14
233,0.049069786071777345,0.0053446573743904545,0.047757434844970706,0.006538909523427783,4,False,False,500,-1,l2,sag,"{'C': 4, 'dual': False, 'fit_intercept': False, 'max_iter': 500, 'n_jobs': -1, 'penalty': 'l2', 'solver': 'sag'}",0.7122905027932961,0.6946778711484594,0.7535014005602241,0.7394957983193278,0.84593837535014,0.7491807896342895,0.05254704276320062,14,0.75,0.7083333333333334,0.8053691275167785,0.8102189781021898,0.9767441860465116,0.8101331249997628,0.09139052359130247,19,0.6844660194174758,0.6825396825396826,0.7163461538461539,0.6954545454545454,0.7719298245614035,0.7101472451638522,0.03314541259510251,68,0.6368715083798883,0.664804469273743,0.6703910614525139,0.6235955056179775,0.7078651685393258,0.6607055426526897,0.029256988314140572,55,0.7877094972067039,0.7247191011235955,0.8370786516853933,0.8547486033519553,0.9832402234636871,0.837499215366267,0.08571642771831023,19,0.7028913260219342,0.6905781584582441,0.7376237623762376,0.7223796033994334,0.8065994500458296,0.7320144600603358,0.04062595104895819,68,0.7122905027932961,0.6947617851986693,0.7537348565689537,0.7391720544849665,0.8455526960015065,0.7491023790094784,0.052403719729864115,14,0.6453056354070619,0.6319044471721273,0.6808705655987546,0.6672679330747027,0.767395814544577,0.6785488791594447,0.047554693123642404,68,0.7122905027932961,0.6947617851986693,0.7537348565689536,0.7391720544849665,0.8455526960015063,0.7491023790094784,0.05240371972986403,14
350,0.047994565963745114,0.023454724716816935,0.04140934944152832,0.0053043762382667045,6,False,False,500,-1,l2,lbfgs,"{'C': 6, 'dual': False, 'fit_intercept': False, 'max_iter': 500, 'n_jobs': -1, 'penalty': 'l2', 'solver': 'lbfgs'}",0.7122905027932961,0.6946778711484594,0.7535014005602241,0.7394957983193278,0.84593837535014,0.7491807896342895,0.05254704276320062,14,0.75,0.7083333333333334,0.8053691275167785,0.8102189781021898,0.9767441860465116,0.8101331249997628,0.09139052359130247,19,0.6844660194174758,0.6825396825396826,0.7163461538461539,0.6954545454545454,0.7719298245614035,0.7101472451638522,0.03314541259510251,68,0.6368715083798883,0.664804469273743,0.6703910614525139,0.6235955056179775,0.7078651685393258,0.6607055426526897,0.029256988314140572,55,0.7877094972067039,0.7247191011235955,0.8370786516853933,0.8547486033519553,0.9832402234636871,0.837499215366267,0.08571642771831023,19,0.7028913260219342,0.6905781584582441,0.7376237623762376,0.7223796033994334,0.8065994500458296,0.7320144600603358,0.04062595104895819,68,0.7122905027932961,0.6947617851986693,0.7537348565689537,0.7391720544849665,0.8455526960015065,0.7491023790094784,0.052403719729864115,14,0.6453056354070619,0.6319044471721273,0.6808705655987546,0.6672679330747027,0.767395814544577,0.6785488791594447,0.047554693123642404,68,0.7122905027932961,0.6947617851986693,0.7537348565689536,0.7391720544849665,0.8455526960015063,0.7491023790094784,0.05240371972986403,14
413,0.05805563926696777,0.027222457737923287,0.04304351806640625,0.005245831423558442,7,False,False,500,-1,l2,sag,"{'C': 7, 'dual': False, 'fit_intercept': False, 'max_iter': 500, 'n_jobs': -1, 'penalty': 'l2', 'solver': 'sag'}",0.7122905027932961,0.6946778711484594,0.7535014005602241,0.7394957983193278,0.84593837535014,0.7491807896342895,0.05254704276320062,14,0.75,0.7083333333333334,0.8053691275167785,0.8102189781021898,0.9767441860465116,0.8101331249997628,0.09139052359130247,19,0.6844660194174758,0.6825396825396826,0.7163461538461539,0.6954545454545454,0.7719298245614035,0.7101472451638522,0.03314541259510251,68,0.6368715083798883,0.664804469273743,0.6703910614525139,0.6235955056179775,0.7078651685393258,0.6607055426526897,0.029256988314140572,55,0.7877094972067039,0.7247191011235955,0.8370786516853933,0.8547486033519553,0.9832402234636871,0.837499215366267,0.08571642771831023,19,0.7028913260219342,0.6905781584582441,0.7376237623762376,0.7223796033994334,0.8065994500458296,0.7320144600603358,0.04062595104895819,68,0.7122905027932961,0.6947617851986693,0.7537348565689537,0.7391720544849665,0.8455526960015065,0.7491023790094784,0.052403719729864115,14,0.6453056354070619,0.6319044471721273,0.6808705655987546,0.6672679330747027,0.767395814544577,0.6785488791594447,0.047554693123642404,68,0.7122905027932961,0.6947617851986693,0.7537348565689536,0.7391720544849665,0.8455526960015063,0.7491023790094784,0.05240371972986403,14
473,0.041254711151123044,0.006377983007345756,0.04714951515197754,0.008151523945725112,8,False,False,500,-1,l2,sag,"{'C': 8, 'dual': False, 'fit_intercept': False, 'max_iter': 500, 'n_jobs': -1, 'penalty': 'l2', 'solver': 'sag'}",0.7122905027932961,0.6946778711484594,0.7535014005602241,0.7394957983193278,0.84593837535014,0.7491807896342895,0.05254704276320062,14,0.75,0.7083333333333334,0.8053691275167785,0.8102189781021898,0.9767441860465116,0.8101331249997628,0.09139052359130247,19,0.6844660194174758,0.6825396825396826,0.7163461538461539,0.6954545454545454,0.7719298245614035,0.7101472451638522,0.03314541259510251,68,0.6368715083798883,0.664804469273743,0.6703910614525139,0.6235955056179775,0.7078651685393258,0.6607055426526897,0.029256988314140572,55,0.7877094972067039,0.7247191011235955,0.8370786516853933,0.8547486033519553,0.9832402234636871,0.837499215366267,0.08571642771831023,19,0.7028913260219342,0.6905781584582441,0.7376237623762376,0.7223796033994334,0.8065994500458296,0.7320144600603358,0.04062595104895819,68,0.7122905027932961,0.6947617851986693,0.7537348565689537,0.7391720544849665,0.8455526960015065,0.7491023790094784,0.052403719729864115,14,0.6453056354070619,0.6319044471721273,0.6808705655987546,0.6672679330747027,0.767395814544577,0.6785488791594447,0.047554693123642404,68,0.7122905027932961,0.6947617851986693,0.7537348565689536,0.7391720544849665,0.8455526960015063,0.7491023790094784,0.05240371972986403,14
292,0.05280938148498535,0.02164448852177194,0.05615677833557129,0.016172646744487814,5,False,False,500,-1,l2,newton-cholesky,"{'C': 5, 'dual': False, 'fit_intercept': False, 'max_iter': 500, 'n_jobs': -1, 'penalty': 'l2', 'solver': 'newton-cholesky'}",0.7122905027932961,0.6946778711484594,0.7535014005602241,0.7394957983193278,0.84593837535014,0.7491807896342895,0.05254704276320062,14,0.75,0.7083333333333334,0.8053691275167785,0.8102189781021898,0.9767441860465116,0.8101331249997628,0.09139052359130247,19,0.6844660194174758,0.6825396825396826,0.7163461538461539,0.6954545454545454,0.7719298245614035,0.7101472451638522,0.03314541259510251,68,0.6368715083798883,0.664804469273743,0.6703910614525139,0.6235955056179775,0.7078651685393258,0.6607055426526897,0.029256988314140572,55,0.7877094972067039,0.7247191011235955,0.8370786516853933,0.8547486033519553,0.9832402234636871,0.837499215366267,0.08571642771831023,19,0.7028913260219342,0.6905781584582441,0.7376237623762376,0.7223796033994334,0.8065994500458296,0.7320144600603358,0.04062595104895819,68,0.7122905027932961,0.6947617851986693,0.7537348565689537,0.7391720544849665,0.8455526960015065,0.7491023790094784,0.052403719729864115,14,0.6453056354070619,0.6319044471721273,0.6808705655987546,0.6672679330747027,0.767395814544577,0.6785488791594447,0.047554693123642404,68,0.7122905027932961,0.6947617851986693,0.7537348565689536,0.7391720544849665,0.8455526960015063,0.7491023790094784,0.05240371972986403,14
293,0.0769545555114746,0.030674955345056515,0.06740140914916992,0.03705149553962414,5,False,False,500,-1,l2,sag,"{'C': 5, 'dual': False, 'fit_intercept': False, 'max_iter': 500, 'n_jobs': -1, 'penalty': 'l2', 'solver': 'sag'}",0.7122905027932961,0.6946778711484594,0.7535014005602241,0.7394957983193278,0.84593837535014,0.7491807896342895,0.05254704276320062,14,0.75,0.7083333333333334,0.8053691275167785,0.8102189781021898,0.9767441860465116,0.8101331249997628,0.09139052359130247,19,0.6844660194174758,0.6825396825396826,0.7163461538461539,0.6954545454545454,0.7719298245614035,0.7101472451638522,0.03314541259510251,68,0.6368715083798883,0.664804469273743,0.6703910614525139,0.6235955056179775,0.7078651685393258,0.6607055426526897,0.029256988314140572,55,0.7877094972067039,0.7247191011235955,0.8370786516853933,0.8547486033519553,0.9832402234636871,0.837499215366267,0.08571642771831023,19,0.7028913260219342,0.6905781584582441,0.7376237623762376,0.7223796033994334,0.8065994500458296,0.7320144600603358,0.04062595104895819,68,0.7122905027932961,0.6947617851986693,0.7537348565689537,0.7391720544849665,0.8455526960015065,0.7491023790094784,0.052403719729864115,14,0.6453056354070619,0.6319044471721273,0.6808705655987546,0.6672679330747027,0.767395814544577,0.6785488791594447,0.047554693123642404,68,0.7122905027932961,0.6947617851986693,0.7537348565689536,0.7391720544849665,0.8455526960015063,0.7491023790094784,0.05240371972986403,14
474,0.04537878036499023,0.011660534347239685,0.052750349044799805,0.01298578230999825,8,False,False,500,-1,l2,saga,"{'C': 8, 'dual': False, 'fit_intercept': False, 'max_iter': 500, 'n_jobs': -1, 'penalty': 'l2', 'solver': 'saga'}",0.7122905027932961,0.6946778711484594,0.7535014005602241,0.7394957983193278,0.84593837535014,0.7491807896342895,0.05254704276320062,14,0.75,0.7083333333333334,0.8053691275167785,0.8102189781021898,0.9767441860465116,0.8101331249997628,0.09139052359130247,19,0.6844660194174758,0.6825396825396826,0.7163461538461539,0.6954545454545454,0.7719298245614035,0.7101472451638522,0.03314541259510251,68,0.6368715083798883,0.664804469273743,0.6703910614525139,0.6235955056179775,0.7078651685393258,0.6607055426526897,0.029256988314140572,55,0.7877094972067039,0.7247191011235955,0.8370786516853933,0.8547486033519553,0.9832402234636871,0.837499215366267,0.08571642771831023,19,0.7028913260219342,0.6905781584582441,0.7376237623762376,0.7223796033994334,0.8065994500458296,0.7320144600603358,0.04062595104895819,68,0.7122905027932961,0.6947617851986693,0.7537348565689537,0.7391720544849665,0.8455526960015065,0.7491023790094784,0.052403719729864115,14,0.6453056354070619,0.6319044471721273,0.6808705655987546,0.6672679330747027,0.767395814544577,0.6785488791594447,0.047554693123642404,68,0.7122905027932961,0.6947617851986693,0.7537348565689536,0.7391720544849665,0.8455526960015063,0.7491023790094784,0.05240371972986403,14
472,0.11112418174743652,0.15078816654063193,0.03916254043579102,0.003225563215886445,8,False,False,500,-1,l2,newton-cholesky,"{'C': 8, 'dual': False, 'fit_intercept': False, 'max_iter': 500, 'n_jobs': -1, 'penalty': 'l2', 'solver': 'newton-cholesky'}",0.7122905027932961,0.6946778711484594,0.7535014005602241,0.7394957983193278,0.84593837535014,0.7491807896342895,0.05254704276320062,14,0.75,0.7083333333333334,0.8053691275167785,0.8102189781021898,0.9767441860465116,0.8101331249997628,0.09139052359130247,19,0.6844660194174758,0.6825396825396826,0.7163461538461539,0.6954545454545454,0.7719298245614035,0.7101472451638522,0.03314541259510251,68,0.6368715083798883,0.664804469273743,0.6703910614525139,0.6235955056179775,0.7078651685393258,0.6607055426526897,0.029256988314140572,55,0.7877094972067039,0.7247191011235955,0.8370786516853933,0.8547486033519553,0.9832402234636871,0.837499215366267,0.08571642771831023,19,0.7028913260219342,0.6905781584582441,0.7376237623762376,0.7223796033994334,0.8065994500458296,0.7320144600603358,0.04062595104895819,68,0.7122905027932961,0.6947617851986693,0.7537348565689537,0.7391720544849665,0.8455526960015065,0.7491023790094784,0.052403719729864115,14,0.6453056354070619,0.6319044471721273,0.6808705655987546,0.6672679330747027,0.767395814544577,0.6785488791594447,0.047554693123642404,68,0.7122905027932961,0.6947617851986693,0.7537348565689536,0.7391720544849665,0.8455526960015063,0.7491023790094784,0.05240371972986403,14
530,0.0400054931640625,0.007486608854980953,0.04155263900756836,0.003284822896334603,9,False,False,500,-1,l2,lbfgs,"{'C': 9, 'dual': False, 'fit_intercept': False, 'max_iter': 500, 'n_jobs': -1, 'penalty': 'l2', 'solver': 'lbfgs'}",0.7122905027932961,0.6946778711484594,0.7535014005602241,0.7394957983193278,0.84593837535014,0.7491807896342895,0.05254704276320062,14,0.75,0.7083333333333334,0.8053691275167785,0.8102189781021898,0.9767441860465116,0.8101331249997628,0.09139052359130247,19,0.6844660194174758,0.6825396825396826,0.7163461538461539,0.6954545454545454,0.7719298245614035,0.7101472451638522,0.03314541259510251,68,0.6368715083798883,0.664804469273743,0.6703910614525139,0.6235955056179775,0.7078651685393258,0.6607055426526897,0.029256988314140572,55,0.7877094972067039,0.7247191011235955,0.8370786516853933,0.8547486033519553,0.9832402234636871,0.837499215366267,0.08571642771831023,19,0.7028913260219342,0.6905781584582441,0.7376237623762376,0.7223796033994334,0.8065994500458296,0.7320144600603358,0.04062595104895819,68,0.7122905027932961,0.6947617851986693,0.7537348565689537,0.7391720544849665,0.8455526960015065,0.7491023790094784,0.052403719729864115,14,0.6453056354070619,0.6319044471721273,0.6808705655987546,0.6672679330747027,0.767395814544577,0.6785488791594447,0.047554693123642404,68,0.7122905027932961,0.6947617851986693,0.7537348565689536,0.7391720544849665,0.8455526960015063,0.7491023790094784,0.05240371972986403,14
531,0.036981725692749025,0.002961458225586751,0.04543876647949219,0.007851401980650647,9,False,False,500,-1,l2,newton-cg,"{'C': 9, 'dual': False, 'fit_intercept': False, 'max_iter': 500, 'n_jobs': -1, 'penalty': 'l2', 'solver': 'newton-cg'}",0.7122905027932961,0.6946778711484594,0.7535014005602241,0.7394957983193278,0.84593837535014,0.7491807896342895,0.05254704276320062,14,0.75,0.7083333333333334,0.8053691275167785,0.8102189781021898,0.9767441860465116,0.8101331249997628,0.09139052359130247,19,0.6844660194174758,0.6825396825396826,0.7163461538461539,0.6954545454545454,0.7719298245614035,0.7101472451638522,0.03314541259510251,68,0.6368715083798883,0.664804469273743,0.6703910614525139,0.6235955056179775,0.7078651685393258,0.6607055426526897,0.029256988314140572,55,0.7877094972067039,0.7247191011235955,0.8370786516853933,0.8547486033519553,0.9832402234636871,0.837499215366267,0.08571642771831023,19,0.7028913260219342,0.6905781584582441,0.7376237623762376,0.7223796033994334,0.8065994500458296,0.7320144600603358,0.04062595104895819,68,0.7122905027932961,0.6947617851986693,0.7537348565689537,0.7391720544849665,0.8455526960015065,0.7491023790094784,0.052403719729864115,14,0.6453056354070619,0.6319044471721273,0.6808705655987546,0.6672679330747027,0.767395814544577,0.6785488791594447,0.047554693123642404,68,0.7122905027932961,0.6947617851986693,0.7537348565689536,0.7391720544849665,0.8455526960015063,0.7491023790094784,0.05240371972986403,14
290,0.06952705383300781,0.054596322793919135,0.047032737731933595,0.01227549408389224,5,False,False,500,-1,l2,lbfgs,"{'C': 5, 'dual': False, 'fit_intercept': False, 'max_iter': 500, 'n_jobs': -1, 'penalty': 'l2', 'solver': 'lbfgs'}",0.7122905027932961,0.6946778711484594,0.7535014005602241,0.7394957983193278,0.84593837535014,0.7491807896342895,0.05254704276320062,14,0.75,0.7083333333333334,0.8053691275167785,0.8102189781021898,0.9767441860465116,0.8101331249997628,0.09139052359130247,19,0.6844660194174758,0.6825396825396826,0.7163461538461539,0.6954545454545454,0.7719298245614035,0.7101472451638522,0.03314541259510251,68,0.6368715083798883,0.664804469273743,0.6703910614525139,0.6235955056179775,0.7078651685393258,0.6607055426526897,0.029256988314140572,55,0.7877094972067039,0.7247191011235955,0.8370786516853933,0.8547486033519553,0.9832402234636871,0.837499215366267,0.08571642771831023,19,0.7028913260219342,0.6905781584582441,0.7376237623762376,0.7223796033994334,0.8065994500458296,0.7320144600603358,0.04062595104895819,68,0.7122905027932961,0.6947617851986693,0.7537348565689537,0.7391720544849665,0.8455526960015065,0.7491023790094784,0.052403719729864115,14,0.6453056354070619,0.6319044471721273,0.6808705655987546,0.6672679330747027,0.767395814544577,0.6785488791594447,0.047554693123642404,68,0.7122905027932961,0.6947617851986693,0.7537348565689536,0.7391720544849665,0.8455526960015063,0.7491023790094784,0.05240371972986403,14
533,0.06620917320251465,0.01639710593584832,0.04601588249206543,0.005162318046898825,9,False,False,500,-1,l2,sag,"{'C': 9, 'dual': False, 'fit_intercept': False, 'max_iter': 500, 'n_jobs': -1, 'penalty': 'l2', 'solver': 'sag'}",0.7122905027932961,0.6946778711484594,0.7535014005602241,0.7394957983193278,0.84593837535014,0.7491807896342895,0.05254704276320062,14,0.75,0.7083333333333334,0.8053691275167785,0.8102189781021898,0.9767441860465116,0.8101331249997628,0.09139052359130247,19,0.6844660194174758,0.6825396825396826,0.7163461538461539,0.6954545454545454,0.7719298245614035,0.7101472451638522,0.03314541259510251,68,0.6368715083798883,0.664804469273743,0.6703910614525139,0.6235955056179775,0.7078651685393258,0.6607055426526897,0.029256988314140572,55,0.7877094972067039,0.7247191011235955,0.8370786516853933,0.8547486033519553,0.9832402234636871,0.837499215366267,0.08571642771831023,19,0.7028913260219342,0.6905781584582441,0.7376237623762376,0.7223796033994334,0.8065994500458296,0.7320144600603358,0.04062595104895819,68,0.7122905027932961,0.6947617851986693,0.7537348565689537,0.7391720544849665,0.8455526960015065,0.7491023790094784,0.052403719729864115,14,0.6453056354070619,0.6319044471721273,0.6808705655987546,0.6672679330747027,0.767395814544577,0.6785488791594447,0.047554693123642404,68,0.7122905027932961,0.6947617851986693,0.7537348565689536,0.7391720544849665,0.8455526960015063,0.7491023790094784,0.05240371972986403,14
532,0.043401241302490234,0.01621208920257399,0.039275074005126955,0.0023408635246169366,9,False,False,500,-1,l2,newton-cholesky,"{'C': 9, 'dual': False, 'fit_intercept': False, 'max_iter': 500, 'n_jobs': -1, 'penalty': 'l2', 'solver': 'newton-cholesky'}",0.7122905027932961,0.6946778711484594,0.7535014005602241,0.7394957983193278,0.84593837535014,0.7491807896342895,0.05254704276320062,14,0.75,0.7083333333333334,0.8053691275167785,0.8102189781021898,0.9767441860465116,0.8101331249997628,0.09139052359130247,19,0.6844660194174758,0.6825396825396826,0.7163461538461539,0.6954545454545454,0.7719298245614035,0.7101472451638522,0.03314541259510251,68,0.6368715083798883,0.664804469273743,0.6703910614525139,0.6235955056179775,0.7078651685393258,0.6607055426526897,0.029256988314140572,55,0.7877094972067039,0.7247191011235955,0.8370786516853933,0.8547486033519553,0.9832402234636871,0.837499215366267,0.08571642771831023,19,0.7028913260219342,0.6905781584582441,0.7376237623762376,0.7223796033994334,0.8065994500458296,0.7320144600603358,0.04062595104895819,68,0.7122905027932961,0.6947617851986693,0.7537348565689537,0.7391720544849665,0.8455526960015065,0.7491023790094784,0.052403719729864115,14,0.6453056354070619,0.6319044471721273,0.6808705655987546,0.6672679330747027,0.767395814544577,0.6785488791594447,0.047554693123642404,68,0.7122905027932961,0.6947617851986693,0.7537348565689536,0.7391720544849665,0.8455526960015063,0.7491023790094784,0.05240371972986403,14
294,0.08402128219604492,0.02191517909238292,0.05023040771484375,0.007170846729453229,5,False,False,500,-1,l2,saga,"{'C': 5, 'dual': False, 'fit_intercept': False, 'max_iter': 500, 'n_jobs': -1, 'penalty': 'l2', 'solver': 'saga'}",0.7122905027932961,0.6946778711484594,0.7535014005602241,0.7394957983193278,0.84593837535014,0.7491807896342895,0.05254704276320062,14,0.75,0.7083333333333334,0.8053691275167785,0.8102189781021898,0.9767441860465116,0.8101331249997628,0.09139052359130247,19,0.6844660194174758,0.6825396825396826,0.7163461538461539,0.6954545454545454,0.7719298245614035,0.7101472451638522,0.03314541259510251,68,0.6368715083798883,0.664804469273743,0.6703910614525139,0.6235955056179775,0.7078651685393258,0.6607055426526897,0.029256988314140572,55,0.7877094972067039,0.7247191011235955,0.8370786516853933,0.8547486033519553,0.9832402234636871,0.837499215366267,0.08571642771831023,19,0.7028913260219342,0.6905781584582441,0.7376237623762376,0.7223796033994334,0.8065994500458296,0.7320144600603358,0.04062595104895819,68,0.7122905027932961,0.6947617851986693,0.7537348565689537,0.7391720544849665,0.8455526960015065,0.7491023790094784,0.052403719729864115,14,0.6453056354070619,0.6319044471721273,0.6808705655987546,0.6672679330747027,0.767395814544577,0.6785488791594447,0.047554693123642404,68,0.7122905027932961,0.6947617851986693,0.7537348565689536,0.7391720544849665,0.8455526960015063,0.7491023790094784,0.05240371972986403,14
470,0.03365640640258789,0.002491819733740814,0.04707951545715332,0.008549219350138816,8,False,False,500,-1,l2,lbfgs,"{'C': 8, 'dual': False, 'fit_intercept': False, 'max_iter': 500, 'n_jobs': -1, 'penalty': 'l2', 'solver': 'lbfgs'}",0.7122905027932961,0.6946778711484594,0.7535014005602241,0.7394957983193278,0.84593837535014,0.7491807896342895,0.05254704276320062,14,0.75,0.7083333333333334,0.8053691275167785,0.8102189781021898,0.9767441860465116,0.8101331249997628,0.09139052359130247,19,0.6844660194174758,0.6825396825396826,0.7163461538461539,0.6954545454545454,0.7719298245614035,0.7101472451638522,0.03314541259510251,68,0.6368715083798883,0.664804469273743,0.6703910614525139,0.6235955056179775,0.7078651685393258,0.6607055426526897,0.029256988314140572,55,0.7877094972067039,0.7247191011235955,0.8370786516853933,0.8547486033519553,0.9832402234636871,0.837499215366267,0.08571642771831023,19,0.7028913260219342,0.6905781584582441,0.7376237623762376,0.7223796033994334,0.8065994500458296,0.7320144600603358,0.04062595104895819,68,0.7122905027932961,0.6947617851986693,0.7537348565689537,0.7391720544849665,0.8455526960015065,0.7491023790094784,0.052403719729864115,14,0.6453056354070619,0.6319044471721273,0.6808705655987546,0.6672679330747027,0.767395814544577,0.6785488791594447,0.047554693123642404,68,0.7122905027932961,0.6947617851986693,0.7537348565689536,0.7391720544849665,0.8455526960015063,0.7491023790094784,0.05240371972986403,14
534,0.06591315269470215,0.024660740191684304,0.048369407653808594,0.009858779623209534,9,False,False,500,-1,l2,saga,"{'C': 9, 'dual': False, 'fit_intercept': False, 'max_iter': 500, 'n_jobs': -1, 'penalty': 'l2', 'solver': 'saga'}",0.7122905027932961,0.6946778711484594,0.7535014005602241,0.7394957983193278,0.84593837535014,0.7491807896342895,0.05254704276320062,14,0.75,0.7083333333333334,0.8053691275167785,0.8102189781021898,0.9767441860465116,0.8101331249997628,0.09139052359130247,19,0.6844660194174758,0.6825396825396826,0.7163461538461539,0.6954545454545454,0.7719298245614035,0.7101472451638522,0.03314541259510251,68,0.6368715083798883,0.664804469273743,0.6703910614525139,0.6235955056179775,0.7078651685393258,0.6607055426526897,0.029256988314140572,55,0.7877094972067039,0.7247191011235955,0.8370786516853933,0.8547486033519553,0.9832402234636871,0.837499215366267,0.08571642771831023,19,0.7028913260219342,0.6905781584582441,0.7376237623762376,0.7223796033994334,0.8065994500458296,0.7320144600603358,0.04062595104895819,68,0.7122905027932961,0.6947617851986693,0.7537348565689537,0.7391720544849665,0.8455526960015065,0.7491023790094784,0.052403719729864115,14,0.6453056354070619,0.6319044471721273,0.6808705655987546,0.6672679330747027,0.767395814544577,0.6785488791594447,0.047554693123642404,68,0.7122905027932961,0.6947617851986693,0.7537348565689536,0.7391720544849665,0.8455526960015063,0.7491023790094784,0.05240371972986403,14
50,0.05041899681091309,0.012663973057209807,0.039823055267333984,0.004496521501948005,1,False,False,500,-1,l2,lbfgs,"{'C': 1, 'dual': False, 'fit_intercept': False, 'max_iter': 500, 'n_jobs': -1, 'penalty': 'l2', 'solver': 'lbfgs'}",0.7122905027932961,0.6946778711484594,0.7563025210084033,0.7394957983193278,0.8431372549019608,0.7491807896342895,0.051582549116566276,14,0.75,0.7083333333333334,0.8108108108108109,0.8102189781021898,0.9765625,0.8111851244492669,0.09129387743232294,14,0.6844660194174758,0.6825396825396826,0.7177033492822966,0.6954545454545454,0.7685589519650655,0.7097445097318131,0.031955561382552004,102,0.6368715083798883,0.664804469273743,0.6703910614525139,0.6235955056179775,0.702247191011236,0.6595819471470717,0.027478073900276206,104,0.7877094972067039,0.7247191011235955,0.8426966292134831,0.8547486033519553,0.9832402234636871,0.838622810871885,0.08574036832966121,1,0.7028913260219342,0.6905781584582441,0.7396449704142012,0.7223796033994334,0.8036529680365296,0.7318294052660684,0.0396183891052768,95,0.7122905027932961,0.6947617851986693,0.7565438453329985,0.7391720544849665,0.8427437072374615,0.7491023790094784,0.051440644406488434,14,0.6453056354070619,0.6319044471721273,0.6832375657644382,0.6672679330747027,0.764081437019686,0.6783594036876032,0.04635881527086277,95,0.7122905027932961,0.6947617851986693,0.7565438453329985,0.7391720544849665,0.8427437072374615,0.7491023790094784,0.051440644406488434,14
51,0.07759647369384766,0.04472388712720915,0.044210290908813475,0.006967809595655976,1,False,False,500,-1,l2,newton-cg,"{'C': 1, 'dual': False, 'fit_intercept': False, 'max_iter': 500, 'n_jobs': -1, 'penalty': 'l2', 'solver': 'newton-cg'}",0.7122905027932961,0.6946778711484594,0.7563025210084033,0.7394957983193278,0.8431372549019608,0.7491807896342895,0.051582549116566276,14,0.75,0.7083333333333334,0.8108108108108109,0.8102189781021898,0.9765625,0.8111851244492669,0.09129387743232294,14,0.6844660194174758,0.6825396825396826,0.7177033492822966,0.6954545454545454,0.7685589519650655,0.7097445097318131,0.031955561382552004,102,0.6368715083798883,0.664804469273743,0.6703910614525139,0.6235955056179775,0.702247191011236,0.6595819471470717,0.027478073900276206,104,0.7877094972067039,0.7247191011235955,0.8426966292134831,0.8547486033519553,0.9832402234636871,0.838622810871885,0.08574036832966121,1,0.7028913260219342,0.6905781584582441,0.7396449704142012,0.7223796033994334,0.8036529680365296,0.7318294052660684,0.0396183891052768,95,0.7122905027932961,0.6947617851986693,0.7565438453329985,0.7391720544849665,0.8427437072374615,0.7491023790094784,0.051440644406488434,14,0.6453056354070619,0.6319044471721273,0.6832375657644382,0.6672679330747027,0.764081437019686,0.6783594036876032,0.04635881527086277,95,0.7122905027932961,0.6947617851986693,0.7565438453329985,0.7391720544849665,0.8427437072374615,0.7491023790094784,0.051440644406488434,14
52,0.09841222763061523,0.040816536844153546,0.0406219482421875,0.003818965105175443,1,False,False,500,-1,l2,newton-cholesky,"{'C': 1, 'dual': False, 'fit_intercept': False, 'max_iter': 500, 'n_jobs': -1, 'penalty': 'l2', 'solver': 'newton-cholesky'}",0.7122905027932961,0.6946778711484594,0.7563025210084033,0.7394957983193278,0.8431372549019608,0.7491807896342895,0.051582549116566276,14,0.75,0.7083333333333334,0.8108108108108109,0.8102189781021898,0.9765625,0.8111851244492669,0.09129387743232294,14,0.6844660194174758,0.6825396825396826,0.7177033492822966,0.6954545454545454,0.7685589519650655,0.7097445097318131,0.031955561382552004,102,0.6368715083798883,0.664804469273743,0.6703910614525139,0.6235955056179775,0.702247191011236,0.6595819471470717,0.027478073900276206,104,0.7877094972067039,0.7247191011235955,0.8426966292134831,0.8547486033519553,0.9832402234636871,0.838622810871885,0.08574036832966121,1,0.7028913260219342,0.6905781584582441,0.7396449704142012,0.7223796033994334,0.8036529680365296,0.7318294052660684,0.0396183891052768,95,0.7122905027932961,0.6947617851986693,0.7565438453329985,0.7391720544849665,0.8427437072374615,0.7491023790094784,0.051440644406488434,14,0.6453056354070619,0.6319044471721273,0.6832375657644382,0.6672679330747027,0.764081437019686,0.6783594036876032,0.04635881527086277,95,0.7122905027932961,0.6947617851986693,0.7565438453329985,0.7391720544849665,0.8427437072374615,0.7491023790094784,0.051440644406488434,14
53,0.0963109016418457,0.052358859113471844,0.044077396392822266,0.0064746596336066045,1,False,False,500,-1,l2,sag,"{'C': 1, 'dual': False, 'fit_intercept': False, 'max_iter': 500, 'n_jobs': -1, 'penalty': 'l2', 'solver': 'sag'}",0.7122905027932961,0.6946778711484594,0.7563025210084033,0.7394957983193278,0.8431372549019608,0.7491807896342895,0.051582549116566276,14,0.75,0.7083333333333334,0.8108108108108109,0.8102189781021898,0.9765625,0.8111851244492669,0.09129387743232294,14,0.6844660194174758,0.6825396825396826,0.7177033492822966,0.6954545454545454,0.7685589519650655,0.7097445097318131,0.031955561382552004,102,0.6368715083798883,0.664804469273743,0.6703910614525139,0.6235955056179775,0.702247191011236,0.6595819471470717,0.027478073900276206,104,0.7877094972067039,0.7247191011235955,0.8426966292134831,0.8547486033519553,0.9832402234636871,0.838622810871885,0.08574036832966121,1,0.7028913260219342,0.6905781584582441,0.7396449704142012,0.7223796033994334,0.8036529680365296,0.7318294052660684,0.0396183891052768,95,0.7122905027932961,0.6947617851986693,0.7565438453329985,0.7391720544849665,0.8427437072374615,0.7491023790094784,0.051440644406488434,14,0.6453056354070619,0.6319044471721273,0.6832375657644382,0.6672679330747027,0.764081437019686,0.6783594036876032,0.04635881527086277,95,0.7122905027932961,0.6947617851986693,0.7565438453329985,0.7391720544849665,0.8427437072374615,0.7491023790094784,0.051440644406488434,14
54,0.04312610626220703,0.011677134477802385,0.04529175758361816,0.008668987587417598,1,False,False,500,-1,l2,saga,"{'C': 1, 'dual': False, 'fit_intercept': False, 'max_iter': 500, 'n_jobs': -1, 'penalty': 'l2', 'solver': 'saga'}",0.7122905027932961,0.6946778711484594,0.7563025210084033,0.7394957983193278,0.8431372549019608,0.7491807896342895,0.051582549116566276,14,0.75,0.7083333333333334,0.8108108108108109,0.8102189781021898,0.9765625,0.8111851244492669,0.09129387743232294,14,0.6844660194174758,0.6825396825396826,0.7177033492822966,0.6954545454545454,0.7685589519650655,0.7097445097318131,0.031955561382552004,102,0.6368715083798883,0.664804469273743,0.6703910614525139,0.6235955056179775,0.702247191011236,0.6595819471470717,0.027478073900276206,104,0.7877094972067039,0.7247191011235955,0.8426966292134831,0.8547486033519553,0.9832402234636871,0.838622810871885,0.08574036832966121,1,0.7028913260219342,0.6905781584582441,0.7396449704142012,0.7223796033994334,0.8036529680365296,0.7318294052660684,0.0396183891052768,95,0.7122905027932961,0.6947617851986693,0.7565438453329985,0.7391720544849665,0.8427437072374615,0.7491023790094784,0.051440644406488434,14,0.6453056354070619,0.6319044471721273,0.6832375657644382,0.6672679330747027,0.764081437019686,0.6783594036876032,0.04635881527086277,95,0.7122905027932961,0.6947617851986693,0.7565438453329985,0.7391720544849665,0.8427437072374615,0.7491023790094784,0.051440644406488434,14
289,0.049713945388793944,0.004628733301483406,0.04825105667114258,0.014457704815354848,5,False,False,500,-1,l1,saga,"{'C': 5, 'dual': False, 'fit_intercept': False, 'max_iter': 500, 'n_jobs': -1, 'penalty': 'l1', 'solver': 'saga'}",0.7122905027932961,0.6946778711484594,0.7535014005602241,0.7366946778711485,0.84593837535014,0.7486205655446536,0.05266211767642067,46,0.75,0.7083333333333334,0.8053691275167785,0.8043478260869565,0.9767441860465116,0.8089588945967161,0.09141959006582799,46,0.6844660194174758,0.6825396825396826,0.7163461538461539,0.6940639269406392,0.7719298245614035,0.7098691214610711,0.033273120733856416,95,0.6368715083798883,0.664804469273743,0.6703910614525139,0.6235955056179775,0.7078651685393258,0.6607055426526897,0.029256988314140572,55,0.7877094972067039,0.7247191011235955,0.8370786516853933,0.8491620111731844,0.9832402234636871,0.8363818969305129,0.08552048564134815,46,0.7028913260219342,0.6905781584582441,0.7376237623762376,0.7203791469194313,0.8065994500458296,0.7316143687643354,0.040728587446526625,100,0.7122905027932961,0.6947617851986693,0.7537348565689537,0.736378758395581,0.8455526960015065,0.7485437197916014,0.052521363050451055,46,0.6453056354070619,0.6319044471721273,0.6808705655987546,0.6650029721845117,0.767395814544577,0.6780958869814064,0.04767064092721825,100,0.7122905027932961,0.6947617851986693,0.7537348565689536,0.736378758395581,0.8455526960015063,0.7485437197916013,0.052521363050450964,46
529,0.05212759971618652,0.009728345254967035,0.041329383850097656,0.003507060154494951,9,False,False,500,-1,l1,saga,"{'C': 9, 'dual': False, 'fit_intercept': False, 'max_iter': 500, 'n_jobs': -1, 'penalty': 'l1', 'solver': 'saga'}",0.7122905027932961,0.6946778711484594,0.7535014005602241,0.7366946778711485,0.84593837535014,0.7486205655446536,0.05266211767642067,46,0.75,0.7083333333333334,0.8053691275167785,0.8043478260869565,0.9767441860465116,0.8089588945967161,0.09141959006582799,46,0.6844660194174758,0.6825396825396826,0.7163461538461539,0.6940639269406392,0.7719298245614035,0.7098691214610711,0.033273120733856416,95,0.6368715083798883,0.664804469273743,0.6703910614525139,0.6235955056179775,0.7078651685393258,0.6607055426526897,0.029256988314140572,55,0.7877094972067039,0.7247191011235955,0.8370786516853933,0.8491620111731844,0.9832402234636871,0.8363818969305129,0.08552048564134815,46,0.7028913260219342,0.6905781584582441,0.7376237623762376,0.7203791469194313,0.8065994500458296,0.7316143687643354,0.040728587446526625,100,0.7122905027932961,0.6947617851986693,0.7537348565689537,0.736378758395581,0.8455526960015065,0.7485437197916014,0.052521363050451055,46,0.6453056354070619,0.6319044471721273,0.6808705655987546,0.6650029721845117,0.767395814544577,0.6780958869814064,0.04767064092721825,100,0.7122905027932961,0.6947617851986693,0.7537348565689536,0.736378758395581,0.8455526960015063,0.7485437197916013,0.052521363050450964,46
409,0.041869831085205075,0.0029401262560589084,0.03557915687561035,0.004205002292107065,7,False,False,500,-1,l1,saga,"{'C': 7, 'dual': False, 'fit_intercept': False, 'max_iter': 500, 'n_jobs': -1, 'penalty': 'l1', 'solver': 'saga'}",0.7122905027932961,0.6946778711484594,0.7535014005602241,0.7366946778711485,0.84593837535014,0.7486205655446536,0.05266211767642067,46,0.75,0.7083333333333334,0.8053691275167785,0.8043478260869565,0.9767441860465116,0.8089588945967161,0.09141959006582799,46,0.6844660194174758,0.6825396825396826,0.7163461538461539,0.6940639269406392,0.7719298245614035,0.7098691214610711,0.033273120733856416,95,0.6368715083798883,0.664804469273743,0.6703910614525139,0.6235955056179775,0.7078651685393258,0.6607055426526897,0.029256988314140572,55,0.7877094972067039,0.7247191011235955,0.8370786516853933,0.8491620111731844,0.9832402234636871,0.8363818969305129,0.08552048564134815,46,0.7028913260219342,0.6905781584582441,0.7376237623762376,0.7203791469194313,0.8065994500458296,0.7316143687643354,0.040728587446526625,100,0.7122905027932961,0.6947617851986693,0.7537348565689537,0.736378758395581,0.8455526960015065,0.7485437197916014,0.052521363050451055,46,0.6453056354070619,0.6319044471721273,0.6808705655987546,0.6650029721845117,0.767395814544577,0.6780958869814064,0.04767064092721825,100,0.7122905027932961,0.6947617851986693,0.7537348565689536,0.736378758395581,0.8455526960015063,0.7485437197916013,0.052521363050450964,46
349,0.07539129257202148,0.0244921981943993,0.0483191967010498,0.005477898982155329,6,False,False,500,-1,l1,saga,"{'C': 6, 'dual': False, 'fit_intercept': False, 'max_iter': 500, 'n_jobs': -1, 'penalty': 'l1', 'solver': 'saga'}",0.7122905027932961,0.6946778711484594,0.7535014005602241,0.7366946778711485,0.84593837535014,0.7486205655446536,0.05266211767642067,46,0.75,0.7083333333333334,0.8053691275167785,0.8043478260869565,0.9767441860465116,0.8089588945967161,0.09141959006582799,46,0.6844660194174758,0.6825396825396826,0.7163461538461539,0.6940639269406392,0.7719298245614035,0.7098691214610711,0.033273120733856416,95,0.6368715083798883,0.664804469273743,0.6703910614525139,0.6235955056179775,0.7078651685393258,0.6607055426526897,0.029256988314140572,55,0.7877094972067039,0.7247191011235955,0.8370786516853933,0.8491620111731844,0.9832402234636871,0.8363818969305129,0.08552048564134815,46,0.7028913260219342,0.6905781584582441,0.7376237623762376,0.7203791469194313,0.8065994500458296,0.7316143687643354,0.040728587446526625,100,0.7122905027932961,0.6947617851986693,0.7537348565689537,0.736378758395581,0.8455526960015065,0.7485437197916014,0.052521363050451055,46,0.6453056354070619,0.6319044471721273,0.6808705655987546,0.6650029721845117,0.767395814544577,0.6780958869814064,0.04767064092721825,100,0.7122905027932961,0.6947617851986693,0.7537348565689536,0.736378758395581,0.8455526960015063,0.7485437197916013,0.052521363050450964,46
169,0.04560728073120117,0.01513997599421182,0.03778672218322754,0.004609261702486321,3,False,False,500,-1,l1,saga,"{'C': 3, 'dual': False, 'fit_intercept': False, 'max_iter': 500, 'n_jobs': -1, 'penalty': 'l1', 'solver': 'saga'}",0.7122905027932961,0.6946778711484594,0.7535014005602241,0.7366946778711485,0.84593837535014,0.7486205655446536,0.05266211767642067,46,0.75,0.7083333333333334,0.8053691275167785,0.8043478260869565,0.9767441860465116,0.8089588945967161,0.09141959006582799,46,0.6844660194174758,0.6825396825396826,0.7163461538461539,0.6940639269406392,0.7719298245614035,0.7098691214610711,0.033273120733856416,95,0.6368715083798883,0.664804469273743,0.6703910614525139,0.6235955056179775,0.7078651685393258,0.6607055426526897,0.029256988314140572,55,0.7877094972067039,0.7247191011235955,0.8370786516853933,0.8491620111731844,0.9832402234636871,0.8363818969305129,0.08552048564134815,46,0.7028913260219342,0.6905781584582441,0.7376237623762376,0.7203791469194313,0.8065994500458296,0.7316143687643354,0.040728587446526625,100,0.7122905027932961,0.6947617851986693,0.7537348565689537,0.736378758395581,0.8455526960015065,0.7485437197916014,0.052521363050451055,46,0.6453056354070619,0.6319044471721273,0.6808705655987546,0.6650029721845117,0.767395814544577,0.6780958869814064,0.04767064092721825,100,0.7122905027932961,0.6947617851986693,0.7537348565689536,0.736378758395581,0.8455526960015063,0.7485437197916013,0.052521363050450964,46
229,0.03945903778076172,0.0020124342879497526,0.03945250511169433,0.0036882402023078274,4,False,False,500,-1,l1,saga,"{'C': 4, 'dual': False, 'fit_intercept': False, 'max_iter': 500, 'n_jobs': -1, 'penalty': 'l1', 'solver': 'saga'}",0.7122905027932961,0.6946778711484594,0.7535014005602241,0.7366946778711485,0.84593837535014,0.7486205655446536,0.05266211767642067,46,0.75,0.7083333333333334,0.8053691275167785,0.8043478260869565,0.9767441860465116,0.8089588945967161,0.09141959006582799,46,0.6844660194174758,0.6825396825396826,0.7163461538461539,0.6940639269406392,0.7719298245614035,0.7098691214610711,0.033273120733856416,95,0.6368715083798883,0.664804469273743,0.6703910614525139,0.6235955056179775,0.7078651685393258,0.6607055426526897,0.029256988314140572,55,0.7877094972067039,0.7247191011235955,0.8370786516853933,0.8491620111731844,0.9832402234636871,0.8363818969305129,0.08552048564134815,46,0.7028913260219342,0.6905781584582441,0.7376237623762376,0.7203791469194313,0.8065994500458296,0.7316143687643354,0.040728587446526625,100,0.7122905027932961,0.6947617851986693,0.7537348565689537,0.736378758395581,0.8455526960015065,0.7485437197916014,0.052521363050451055,46,0.6453056354070619,0.6319044471721273,0.6808705655987546,0.6650029721845117,0.767395814544577,0.6780958869814064,0.04767064092721825,100,0.7122905027932961,0.6947617851986693,0.7537348565689536,0.736378758395581,0.8455526960015063,0.7485437197916013,0.052521363050450964,46
469,0.116192626953125,0.09344877270025678,0.06053638458251953,0.049389557230275286,8,False,False,500,-1,l1,saga,"{'C': 8, 'dual': False, 'fit_intercept': False, 'max_iter': 500, 'n_jobs': -1, 'penalty': 'l1', 'solver': 'saga'}",0.7122905027932961,0.6946778711484594,0.7535014005602241,0.7366946778711485,0.84593837535014,0.7486205655446536,0.05266211767642067,46,0.75,0.7083333333333334,0.8053691275167785,0.8043478260869565,0.9767441860465116,0.8089588945967161,0.09141959006582799,46,0.6844660194174758,0.6825396825396826,0.7163461538461539,0.6940639269406392,0.7719298245614035,0.7098691214610711,0.033273120733856416,95,0.6368715083798883,0.664804469273743,0.6703910614525139,0.6235955056179775,0.7078651685393258,0.6607055426526897,0.029256988314140572,55,0.7877094972067039,0.7247191011235955,0.8370786516853933,0.8491620111731844,0.9832402234636871,0.8363818969305129,0.08552048564134815,46,0.7028913260219342,0.6905781584582441,0.7376237623762376,0.7203791469194313,0.8065994500458296,0.7316143687643354,0.040728587446526625,100,0.7122905027932961,0.6947617851986693,0.7537348565689537,0.736378758395581,0.8455526960015065,0.7485437197916014,0.052521363050451055,46,0.6453056354070619,0.6319044471721273,0.6808705655987546,0.6650029721845117,0.767395814544577,0.6780958869814064,0.04767064092721825,100,0.7122905027932961,0.6947617851986693,0.7537348565689536,0.736378758395581,0.8455526960015063,0.7485437197916013,0.052521363050450964,46
49,0.05633769035339355,0.006082088523094065,0.03730020523071289,0.001819899071812462,1,False,False,500,-1,l1,saga,"{'C': 1, 'dual': False, 'fit_intercept': False, 'max_iter': 500, 'n_jobs': -1, 'penalty': 'l1', 'solver': 'saga'}",0.7122905027932961,0.6918767507002801,0.7535014005602241,0.7366946778711485,0.84593837535014,0.7480603414550178,0.0532446620423948,53,0.75,0.7041420118343196,0.8053691275167785,0.8043478260869565,0.9767441860465116,0.8081206302969133,0.09235287665935886,53,0.6844660194174758,0.6808510638297872,0.7163461538461539,0.6940639269406392,0.7719298245614035,0.7095313977190919,0.03355616774053334,107,0.6368715083798883,0.664804469273743,0.6703910614525139,0.6235955056179775,0.7078651685393258,0.6607055426526897,0.029256988314140572,55,0.7877094972067039,0.7191011235955056,0.8370786516853933,0.8491620111731844,0.9832402234636871,0.8352583014248948,0.08700420083421141,53,0.7028913260219342,0.6881720430107527,0.7376237623762376,0.7203791469194313,0.8065994500458296,0.7311331456748371,0.04122183016129229,107,0.7122905027932961,0.6919527964346244,0.7537348565689537,0.736378758395581,0.8455526960015065,0.7479819220387924,0.05310541576458645,53,0.6453056354070619,0.6296567874101588,0.6808705655987546,0.6650029721845117,0.767395814544577,0.6776463550290128,0.048112652998554856,107,0.7122905027932961,0.6919527964346244,0.7537348565689536,0.736378758395581,0.8455526960015063,0.7479819220387923,0.05310541576458637,53
109,0.06753368377685547,0.02583918137939408,0.038855552673339844,0.004850632869568395,2,False,False,500,-1,l1,saga,"{'C': 2, 'dual': False, 'fit_intercept': False, 'max_iter': 500, 'n_jobs': -1, 'penalty': 'l1', 'solver': 'saga'}",0.7122905027932961,0.6918767507002801,0.7535014005602241,0.7366946778711485,0.84593837535014,0.7480603414550178,0.0532446620423948,53,0.75,0.7041420118343196,0.8053691275167785,0.8043478260869565,0.9767441860465116,0.8081206302969133,0.09235287665935886,53,0.6844660194174758,0.6808510638297872,0.7163461538461539,0.6940639269406392,0.7719298245614035,0.7095313977190919,0.03355616774053334,107,0.6368715083798883,0.664804469273743,0.6703910614525139,0.6235955056179775,0.7078651685393258,0.6607055426526897,0.029256988314140572,55,0.7877094972067039,0.7191011235955056,0.8370786516853933,0.8491620111731844,0.9832402234636871,0.8352583014248948,0.08700420083421141,53,0.7028913260219342,0.6881720430107527,0.7376237623762376,0.7203791469194313,0.8065994500458296,0.7311331456748371,0.04122183016129229,107,0.7122905027932961,0.6919527964346244,0.7537348565689537,0.736378758395581,0.8455526960015065,0.7479819220387924,0.05310541576458645,53,0.6453056354070619,0.6296567874101588,0.6808705655987546,0.6650029721845117,0.767395814544577,0.6776463550290128,0.048112652998554856,107,0.7122905027932961,0.6919527964346244,0.7537348565689536,0.736378758395581,0.8455526960015063,0.7479819220387923,0.05310541576458637,53
379,0.0021195411682128906,0.0027659772693985744,0.0,0.0,7,True,False,500,-1,l1,saga,"{'C': 7, 'dual': True, 'fit_intercept': False, 'max_iter': 500, 'n_jobs': -1, 'penalty': 'l1', 'solver': 'saga'}",,,,,,,,109,,,,,,,,109,,,,,,,,109,,,,,,,,109,,,,,,,,109,,,,,,,,109,,,,,,,,109,,,,,,,,109,,,,,,,,109
370,0.001729726791381836,0.00276438441334305,0.0,0.0,7,True,True,500,-1,elasticnet,lbfgs,"{'C': 7, 'dual': True, 'fit_intercept': True, 'max_iter': 500, 'n_jobs': -1, 'penalty': 'elasticnet', 'solver': 'lbfgs'}",,,,,,,,109,,,,,,,,109,,,,,,,,109,,,,,,,,109,,,,,,,,109,,,,,,,,109,,,,,,,,109,,,,,,,,109,,,,,,,,109
371,0.002308177947998047,0.0005097883742907209,0.0,0.0,7,True,True,500,-1,elasticnet,newton-cg,"{'C': 7, 'dual': True, 'fit_intercept': True, 'max_iter': 500, 'n_jobs': -1, 'penalty': 'elasticnet', 'solver': 'newton-cg'}",,,,,,,,109,,,,,,,,109,,,,,,,,109,,,,,,,,109,,,,,,,,109,,,,,,,,109,,,,,,,,109,,,,,,,,109,,,,,,,,109
372,0.001189279556274414,0.0003833734692456155,0.0,0.0,7,True,True,500,-1,elasticnet,newton-cholesky,"{'C': 7, 'dual': True, 'fit_intercept': True, 'max_iter': 500, 'n_jobs': -1, 'penalty': 'elasticnet', 'solver': 'newton-cholesky'}",,,,,,,,109,,,,,,,,109,,,,,,,,109,,,,,,,,109,,,,,,,,109,,,,,,,,109,,,,,,,,109,,,,,,,,109,,,,,,,,109
387,0.0018661975860595702,0.0004931484516267892,0.0,0.0,7,True,False,500,-1,elasticnet,newton-cholesky,"{'C': 7, 'dual': True, 'fit_intercept': False, 'max_iter': 500, 'n_jobs': -1, 'penalty': 'elasticnet', 'solver': 'newton-cholesky'}",,,,,,,,109,,,,,,,,109,,,,,,,,109,,,,,,,,109,,,,,,,,109,,,,,,,,109,,,,,,,,109,,,,,,,,109,,,,,,,,109
373,0.0008005142211914062,0.0011676765274877508,0.0,0.0,7,True,True,500,-1,elasticnet,sag,"{'C': 7, 'dual': True, 'fit_intercept': True, 'max_iter': 500, 'n_jobs': -1, 'penalty': 'elasticnet', 'solver': 'sag'}",,,,,,,,109,,,,,,,,109,,,,,,,,109,,,,,,,,109,,,,,,,,109,,,,,,,,109,,,,,,,,109,,,,,,,,109,,,,,,,,109
374,0.0015041828155517578,0.0006368337787279917,0.0,0.0,7,True,True,500,-1,elasticnet,saga,"{'C': 7, 'dual': True, 'fit_intercept': True, 'max_iter': 500, 'n_jobs': -1, 'penalty': 'elasticnet', 'solver': 'saga'}",,,,,,,,109,,,,,,,,109,,,,,,,,109,,,,,,,,109,,,,,,,,109,,,,,,,,109,,,,,,,,109,,,,,,,,109,,,,,,,,109
375,0.0018620967864990234,0.00037707055384959874,0.0,0.0,7,True,False,500,-1,l1,lbfgs,"{'C': 7, 'dual': True, 'fit_intercept': False, 'max_iter': 500, 'n_jobs': -1, 'penalty': 'l1', 'solver': 'lbfgs'}",,,,,,,,109,,,,,,,,109,,,,,,,,109,,,,,,,,109,,,,,,,,109,,,,,,,,109,,,,,,,,109,,,,,,,,109,,,,,,,,109
376,0.0024252414703369142,0.002782245315498474,0.0,0.0,7,True,False,500,-1,l1,newton-cg,"{'C': 7, 'dual': True, 'fit_intercept': False, 'max_iter': 500, 'n_jobs': -1, 'penalty': 'l1', 'solver': 'newton-cg'}",,,,,,,,109,,,,,,,,109,,,,,,,,109,,,,,,,,109,,,,,,,,109,,,,,,,,109,,,,,,,,109,,,,,,,,109,,,,,,,,109
311,0.00741424560546875,0.007197670785077751,0.0,0.0,6,True,True,500,-1,elasticnet,newton-cg,"{'C': 6, 'dual': True, 'fit_intercept': True, 'max_iter': 500, 'n_jobs': -1, 'penalty': 'elasticnet', 'solver': 'newton-cg'}",,,,,,,,109,,,,,,,,109,,,,,,,,109,,,,,,,,109,,,,,,,,109,,,,,,,,109,,,,,,,,109,,,,,,,,109,,,,,,,,109
377,0.001688671112060547,0.0004102708516371096,0.0,0.0,7,True,False,500,-1,l1,newton-cholesky,"{'C': 7, 'dual': True, 'fit_intercept': False, 'max_iter': 500, 'n_jobs': -1, 'penalty': 'l1', 'solver': 'newton-cholesky'}",,,,,,,,109,,,,,,,,109,,,,,,,,109,,,,,,,,109,,,,,,,,109,,,,,,,,109,,,,,,,,109,,,,,,,,109,,,,,,,,109
310,0.001955604553222656,0.00023584221231315685,0.0,0.0,6,True,True,500,-1,elasticnet,lbfgs,"{'C': 6, 'dual': True, 'fit_intercept': True, 'max_iter': 500, 'n_jobs': -1, 'penalty': 'elasticnet', 'solver': 'lbfgs'}",,,,,,,,109,,,,,,,,109,,,,,,,,109,,,,,,,,109,,,,,,,,109,,,,,,,,109,,,,,,,,109,,,,,,,,109,,,,,,,,109
309,0.0009761333465576171,0.0012250922540237301,0.0,0.0,6,True,True,500,-1,l2,saga,"{'C': 6, 'dual': True, 'fit_intercept': True, 'max_iter': 500, 'n_jobs': -1, 'penalty': 'l2', 'solver': 'saga'}",,,,,,,,109,,,,,,,,109,,,,,,,,109,,,,,,,,109,,,,,,,,109,,,,,,,,109,,,,,,,,109,,,,,,,,109,,,,,,,,109
308,0.0010958671569824218,0.0012608301654654429,0.0,0.0,6,True,True,500,-1,l2,sag,"{'C': 6, 'dual': True, 'fit_intercept': True, 'max_iter': 500, 'n_jobs': -1, 'penalty': 'l2', 'solver': 'sag'}",,,,,,,,109,,,,,,,,109,,,,,,,,109,,,,,,,,109,,,,,,,,109,,,,,,,,109,,,,,,,,109,,,,,,,,109,,,,,,,,109
302,0.0008292198181152344,0.001016211294628332,0.0,0.0,6,True,True,500,-1,l1,newton-cholesky,"{'C': 6, 'dual': True, 'fit_intercept': True, 'max_iter': 500, 'n_jobs': -1, 'penalty': 'l1', 'solver': 'newton-cholesky'}",,,,,,,,109,,,,,,,,109,,,,,,,,109,,,,,,,,109,,,,,,,,109,,,,,,,,109,,,,,,,,109,,,,,,,,109,,,,,,,,109
307,0.004749441146850586,0.0030353793676504907,0.0,0.0,6,True,True,500,-1,l2,newton-cholesky,"{'C': 6, 'dual': True, 'fit_intercept': True, 'max_iter': 500, 'n_jobs': -1, 'penalty': 'l2', 'solver': 'newton-cholesky'}",,,,,,,,109,,,,,,,,109,,,,,,,,109,,,,,,,,109,,,,,,,,109,,,,,,,,109,,,,,,,,109,,,,,,,,109,,,,,,,,109
306,0.0028207778930664064,0.0011909512431829436,0.0,0.0,6,True,True,500,-1,l2,newton-cg,"{'C': 6, 'dual': True, 'fit_intercept': True, 'max_iter': 500, 'n_jobs': -1, 'penalty': 'l2', 'solver': 'newton-cg'}",,,,,,,,109,,,,,,,,109,,,,,,,,109,,,,,,,,109,,,,,,,,109,,,,,,,,109,,,,,,,,109,,,,,,,,109,,,,,,,,109
305,0.00115966796875,0.0009935686761568848,0.0,0.0,6,True,True,500,-1,l2,lbfgs,"{'C': 6, 'dual': True, 'fit_intercept': True, 'max_iter': 500, 'n_jobs': -1, 'penalty': 'l2', 'solver': 'lbfgs'}",,,,,,,,109,,,,,,,,109,,,,,,,,109,,,,,,,,109,,,,,,,,109,,,,,,,,109,,,,,,,,109,,,,,,,,109,,,,,,,,109
304,0.002115201950073242,0.0005710793677019954,0.0,0.0,6,True,True,500,-1,l1,saga,"{'C': 6, 'dual': True, 'fit_intercept': True, 'max_iter': 500, 'n_jobs': -1, 'penalty': 'l1', 'solver': 'saga'}",,,,,,,,109,,,,,,,,109,,,,,,,,109,,,,,,,,109,,,,,,,,109,,,,,,,,109,,,,,,,,109,,,,,,,,109,,,,,,,,109
303,0.001990222930908203,0.0010417950039853054,0.0,0.0,6,True,True,500,-1,l1,sag,"{'C': 6, 'dual': True, 'fit_intercept': True, 'max_iter': 500, 'n_jobs': -1, 'penalty': 'l1', 'solver': 'sag'}",,,,,,,,109,,,,,,,,109,,,,,,,,109,,,,,,,,109,,,,,,,,109,,,,,,,,109,,,,,,,,109,,,,,,,,109,,,,,,,,109
386,0.005254030227661133,0.008545030155198311,0.0,0.0,7,True,False,500,-1,elasticnet,newton-cg,"{'C': 7, 'dual': True, 'fit_intercept': False, 'max_iter': 500, 'n_jobs': -1, 'penalty': 'elasticnet', 'solver': 'newton-cg'}",,,,,,,,109,,,,,,,,109,,,,,,,,109,,,,,,,,109,,,,,,,,109,,,,,,,,109,,,,,,,,109,,,,,,,,109,,,,,,,,109
385,0.0006537437438964844,0.0013074874877929688,0.0,0.0,7,True,False,500,-1,elasticnet,lbfgs,"{'C': 7, 'dual': True, 'fit_intercept': False, 'max_iter': 500, 'n_jobs': -1, 'penalty': 'elasticnet', 'solver': 'lbfgs'}",,,,,,,,109,,,,,,,,109,,,,,,,,109,,,,,,,,109,,,,,,,,109,,,,,,,,109,,,,,,,,109,,,,,,,,109,,,,,,,,109
384,0.001907682418823242,0.0004985772614683204,0.0,0.0,7,True,False,500,-1,l2,saga,"{'C': 7, 'dual': True, 'fit_intercept': False, 'max_iter': 500, 'n_jobs': -1, 'penalty': 'l2', 'solver': 'saga'}",,,,,,,,109,,,,,,,,109,,,,,,,,109,,,,,,,,109,,,,,,,,109,,,,,,,,109,,,,,,,,109,,,,,,,,109,,,,,,,,109
383,0.000954580307006836,0.001172927880011436,0.0,0.0,7,True,False,500,-1,l2,sag,"{'C': 7, 'dual': True, 'fit_intercept': False, 'max_iter': 500, 'n_jobs': -1, 'penalty': 'l2', 'solver': 'sag'}",,,,,,,,109,,,,,,,,109,,,,,,,,109,,,,,,,,109,,,,,,,,109,,,,,,,,109,,,,,,,,109,,,,,,,,109,,,,,,,,109
382,0.0005087852478027344,0.0010175704956054688,0.0,0.0,7,True,False,500,-1,l2,newton-cholesky,"{'C': 7, 'dual': True, 'fit_intercept': False, 'max_iter': 500, 'n_jobs': -1, 'penalty': 'l2', 'solver': 'newton-cholesky'}",,,,,,,,109,,,,,,,,109,,,,,,,,109,,,,,,,,109,,,,,,,,109,,,,,,,,109,,,,,,,,109,,,,,,,,109,,,,,,,,109
381,0.001291179656982422,0.0011471760065851454,0.0,0.0,7,True,False,500,-1,l2,newton-cg,"{'C': 7, 'dual': True, 'fit_intercept': False, 'max_iter': 500, 'n_jobs': -1, 'penalty': 'l2', 'solver': 'newton-cg'}",,,,,,,,109,,,,,,,,109,,,,,,,,109,,,,,,,,109,,,,,,,,109,,,,,,,,109,,,,,,,,109,,,,,,,,109,,,,,,,,109
380,0.001812744140625,0.0005225418513287772,0.0,0.0,7,True,False,500,-1,l2,lbfgs,"{'C': 7, 'dual': True, 'fit_intercept': False, 'max_iter': 500, 'n_jobs': -1, 'penalty': 'l2', 'solver': 'lbfgs'}",,,,,,,,109,,,,,,,,109,,,,,,,,109,,,,,,,,109,,,,,,,,109,,,,,,,,109,,,,,,,,109,,,,,,,,109,,,,,,,,109
369,0.0022484302520751954,0.0019129103610524211,0.0,0.0,7,True,True,500,-1,l2,saga,"{'C': 7, 'dual': True, 'fit_intercept': True, 'max_iter': 500, 'n_jobs': -1, 'penalty': 'l2', 'solver': 'saga'}",,,,,,,,109,,,,,,,,109,,,,,,,,109,,,,,,,,109,,,,,,,,109,,,,,,,,109,,,,,,,,109,,,,,,,,109,,,,,,,,109
378,0.001300811767578125,0.00037273500851536486,0.0,0.0,7,True,False,500,-1,l1,sag,"{'C': 7, 'dual': True, 'fit_intercept': False, 'max_iter': 500, 'n_jobs': -1, 'penalty': 'l1', 'solver': 'sag'}",,,,,,,,109,,,,,,,,109,,,,,,,,109,,,,,,,,109,,,,,,,,109,,,,,,,,109,,,,,,,,109,,,,,,,,109,,,,,,,,109
368,0.0024271011352539062,0.00163883375479342,0.0,0.0,7,True,True,500,-1,l2,sag,"{'C': 7, 'dual': True, 'fit_intercept': True, 'max_iter': 500, 'n_jobs': -1, 'penalty': 'l2', 'solver': 'sag'}",,,,,,,,109,,,,,,,,109,,,,,,,,109,,,,,,,,109,,,,,,,,109,,,,,,,,109,,,,,,,,109,,,,,,,,109,,,,,,,,109
361,0.004946374893188476,0.00429768921945785,0.0,0.0,7,True,True,500,-1,l1,newton-cg,"{'C': 7, 'dual': True, 'fit_intercept': True, 'max_iter': 500, 'n_jobs': -1, 'penalty': 'l1', 'solver': 'newton-cg'}",,,,,,,,109,,,,,,,,109,,,,,,,,109,,,,,,,,109,,,,,,,,109,,,,,,,,109,,,,,,,,109,,,,,,,,109,,,,,,,,109
366,0.0010033130645751953,0.0020066261291503905,0.0,0.0,7,True,True,500,-1,l2,newton-cg,"{'C': 7, 'dual': True, 'fit_intercept': True, 'max_iter': 500, 'n_jobs': -1, 'penalty': 'l2', 'solver': 'newton-cg'}",,,,,,,,109,,,,,,,,109,,,,,,,,109,,,,,,,,109,,,,,,,,109,,,,,,,,109,,,,,,,,109,,,,,,,,109,,,,,,,,109
325,0.0,0.0,0.0,0.0,6,True,False,500,-1,elasticnet,lbfgs,"{'C': 6, 'dual': True, 'fit_intercept': False, 'max_iter': 500, 'n_jobs': -1, 'penalty': 'elasticnet', 'solver': 'lbfgs'}",,,,,,,,109,,,,,,,,109,,,,,,,,109,,,,,,,,109,,,,,,,,109,,,,,,,,109,,,,,,,,109,,,,,,,,109,,,,,,,,109
326,0.0032239437103271486,0.004256337682228036,0.0,0.0,6,True,False,500,-1,elasticnet,newton-cg,"{'C': 6, 'dual': True, 'fit_intercept': False, 'max_iter': 500, 'n_jobs': -1, 'penalty': 'elasticnet', 'solver': 'newton-cg'}",,,,,,,,109,,,,,,,,109,,,,,,,,109,,,,,,,,109,,,,,,,,109,,,,,,,,109,,,,,,,,109,,,,,,,,109,,,,,,,,109
327,0.0,0.0,0.0,0.0,6,True,False,500,-1,elasticnet,newton-cholesky,"{'C': 6, 'dual': True, 'fit_intercept': False, 'max_iter': 500, 'n_jobs': -1, 'penalty': 'elasticnet', 'solver': 'newton-cholesky'}",,,,,,,,109,,,,,,,,109,,,,,,,,109,,,,,,,,109,,,,,,,,109,,,,,,,,109,,,,,,,,109,,,,,,,,109,,,,,,,,109
328,0.0021132946014404295,0.004226589202880859,0.0,0.0,6,True,False,500,-1,elasticnet,sag,"{'C': 6, 'dual': True, 'fit_intercept': False, 'max_iter': 500, 'n_jobs': -1, 'penalty': 'elasticnet', 'solver': 'sag'}",,,,,,,,109,,,,,,,,109,,,,,,,,109,,,,,,,,109,,,,,,,,109,,,,,,,,109,,,,,,,,109,,,,,,,,109,,,,,,,,109
329,0.001321268081665039,0.0019477920232304075,0.0,0.0,6,True,False,500,-1,elasticnet,saga,"{'C': 6, 'dual': True, 'fit_intercept': False, 'max_iter': 500, 'n_jobs': -1, 'penalty': 'elasticnet', 'solver': 'saga'}",,,,,,,,109,,,,,,,,109,,,,,,,,109,,,,,,,,109,,,,,,,,109,,,,,,,,109,,,,,,,,109,,,,,,,,109,,,,,,,,109
330,0.0008030414581298828,0.0016060829162597655,0.0,0.0,6,False,True,500,-1,l1,lbfgs,"{'C': 6, 'dual': False, 'fit_intercept': True, 'max_iter': 500, 'n_jobs': -1, 'penalty': 'l1', 'solver': 'lbfgs'}",,,,,,,,109,,,,,,,,109,,,,,,,,109,,,,,,,,109,,,,,,,,109,,,,,,,,109,,,,,,,,109,,,,,,,,109,,,,,,,,109
331,0.0032235145568847655,0.004254640526680539,0.0,0.0,6,False,True,500,-1,l1,newton-cg,"{'C': 6, 'dual': False, 'fit_intercept': True, 'max_iter': 500, 'n_jobs': -1, 'penalty': 'l1', 'solver': 'newton-cg'}",,,,,,,,109,,,,,,,,109,,,,,,,,109,,,,,,,,109,,,,,,,,109,,,,,,,,109,,,,,,,,109,,,,,,,,109,,,,,,,,109
332,0.0002071380615234375,0.000414276123046875,0.0,0.0,6,False,True,500,-1,l1,newton-cholesky,"{'C': 6, 'dual': False, 'fit_intercept': True, 'max_iter': 500, 'n_jobs': -1, 'penalty': 'l1', 'solver': 'newton-cholesky'}",,,,,,,,109,,,,,,,,109,,,,,,,,109,,,,,,,,109,,,,,,,,109,,,,,,,,109,,,,,,,,109,,,,,,,,109,,,,,,,,109
333,0.0020706653594970703,0.002557945537688012,0.0,0.0,6,False,True,500,-1,l1,sag,"{'C': 6, 'dual': False, 'fit_intercept': True, 'max_iter': 500, 'n_jobs': -1, 'penalty': 'l1', 'solver': 'sag'}",,,,,,,,109,,,,,,,,109,,,,,,,,109,,,,,,,,109,,,,,,,,109,,,,,,,,109,,,,,,,,109,,,,,,,,109,,,,,,,,109
340,0.00040616989135742185,0.0008123397827148437,0.0,0.0,6,False,True,500,-1,elasticnet,lbfgs,"{'C': 6, 'dual': False, 'fit_intercept': True, 'max_iter': 500, 'n_jobs': -1, 'penalty': 'elasticnet', 'solver': 'lbfgs'}",,,,,,,,109,,,,,,,,109,,,,,,,,109,,,,,,,,109,,,,,,,,109,,,,,,,,109,,,,,,,,109,,,,,,,,109,,,,,,,,109
388,0.002937030792236328,0.0021319495748818758,0.0,0.0,7,True,False,500,-1,elasticnet,sag,"{'C': 7, 'dual': True, 'fit_intercept': False, 'max_iter': 500, 'n_jobs': -1, 'penalty': 'elasticnet', 'solver': 'sag'}",,,,,,,,109,,,,,,,,109,,,,,,,,109,,,,,,,,109,,,,,,,,109,,,,,,,,109,,,,,,,,109,,,,,,,,109,,,,,,,,109
348,0.0018380165100097656,0.0009478534727593891,0.0,0.0,6,False,False,500,-1,l1,sag,"{'C': 6, 'dual': False, 'fit_intercept': False, 'max_iter': 500, 'n_jobs': -1, 'penalty': 'l1', 'solver': 'sag'}",,,,,,,,109,,,,,,,,109,,,,,,,,109,,,,,,,,109,,,,,,,,109,,,,,,,,109,,,,,,,,109,,,,,,,,109,,,,,,,,109
347,0.0026902198791503907,0.0003064771412839667,0.0,0.0,6,False,False,500,-1,l1,newton-cholesky,"{'C': 6, 'dual': False, 'fit_intercept': False, 'max_iter': 500, 'n_jobs': -1, 'penalty': 'l1', 'solver': 'newton-cholesky'}",,,,,,,,109,,,,,,,,109,,,,,,,,109,,,,,,,,109,,,,,,,,109,,,,,,,,109,,,,,,,,109,,,,,,,,109,,,,,,,,109
346,0.002402639389038086,0.0015943056096297996,0.0,0.0,6,False,False,500,-1,l1,newton-cg,"{'C': 6, 'dual': False, 'fit_intercept': False, 'max_iter': 500, 'n_jobs': -1, 'penalty': 'l1', 'solver': 'newton-cg'}",,,,,,,,109,,,,,,,,109,,,,,,,,109,,,,,,,,109,,,,,,,,109,,,,,,,,109,,,,,,,,109,,,,,,,,109,,,,,,,,109
345,0.0034996986389160155,0.00387102332085069,0.0,0.0,6,False,False,500,-1,l1,lbfgs,"{'C': 6, 'dual': False, 'fit_intercept': False, 'max_iter': 500, 'n_jobs': -1, 'penalty': 'l1', 'solver': 'lbfgs'}",,,,,,,,109,,,,,,,,109,,,,,,,,109,,,,,,,,109,,,,,,,,109,,,,,,,,109,,,,,,,,109,,,,,,,,109,,,,,,,,109
344,0.002830696105957031,0.0019841792648353897,0.0,0.0,6,False,True,500,-1,elasticnet,saga,"{'C': 6, 'dual': False, 'fit_intercept': True, 'max_iter': 500, 'n_jobs': -1, 'penalty': 'elasticnet', 'solver': 'saga'}",,,,,,,,109,,,,,,,,109,,,,,,,,109,,,,,,,,109,,,,,,,,109,,,,,,,,109,,,,,,,,109,,,,,,,,109,,,,,,,,109
343,0.0018781185150146484,0.0005250443663901864,0.0,0.0,6,False,True,500,-1,elasticnet,sag,"{'C': 6, 'dual': False, 'fit_intercept': True, 'max_iter': 500, 'n_jobs': -1, 'penalty': 'elasticnet', 'solver': 'sag'}",,,,,,,,109,,,,,,,,109,,,,,,,,109,,,,,,,,109,,,,,,,,109,,,,,,,,109,,,,,,,,109,,,,,,,,109,,,,,,,,109
342,0.0009857177734375,0.0005356903874612934,0.0,0.0,6,False,True,500,-1,elasticnet,newton-cholesky,"{'C': 6, 'dual': False, 'fit_intercept': True, 'max_iter': 500, 'n_jobs': -1, 'penalty': 'elasticnet', 'solver': 'newton-cholesky'}",,,,,,,,109,,,,,,,,109,,,,,,,,109,,,,,,,,109,,,,,,,,109,,,,,,,,109,,,,,,,,109,,,,,,,,109,,,,,,,,109
341,0.0015051841735839843,0.0013508853615998705,0.0,0.0,6,False,True,500,-1,elasticnet,newton-cg,"{'C': 6, 'dual': False, 'fit_intercept': True, 'max_iter': 500, 'n_jobs': -1, 'penalty': 'elasticnet', 'solver': 'newton-cg'}",,,,,,,,109,,,,,,,,109,,,,,,,,109,,,,,,,,109,,,,,,,,109,,,,,,,,109,,,,,,,,109,,,,,,,,109,,,,,,,,109
324,0.0008072853088378906,0.0016145706176757812,0.0,0.0,6,True,False,500,-1,l2,saga,"{'C': 6, 'dual': True, 'fit_intercept': False, 'max_iter': 500, 'n_jobs': -1, 'penalty': 'l2', 'solver': 'saga'}",,,,,,,,109,,,,,,,,109,,,,,,,,109,,,,,,,,109,,,,,,,,109,,,,,,,,109,,,,,,,,109,,,,,,,,109,,,,,,,,109
367,0.0,0.0,0.0,0.0,7,True,True,500,-1,l2,newton-cholesky,"{'C': 7, 'dual': True, 'fit_intercept': True, 'max_iter': 500, 'n_jobs': -1, 'penalty': 'l2', 'solver': 'newton-cholesky'}",,,,,,,,109,,,,,,,,109,,,,,,,,109,,,,,,,,109,,,,,,,,109,,,,,,,,109,,,,,,,,109,,,,,,,,109,,,,,,,,109
323,0.0009062290191650391,0.0018124580383300781,0.0,0.0,6,True,False,500,-1,l2,sag,"{'C': 6, 'dual': True, 'fit_intercept': False, 'max_iter': 500, 'n_jobs': -1, 'penalty': 'l2', 'solver': 'sag'}",,,,,,,,109,,,,,,,,109,,,,,,,,109,,,,,,,,109,,,,,,,,109,,,,,,,,109,,,,,,,,109,,,,,,,,109,,,,,,,,109
321,0.003128671646118164,0.0029670186793979638,0.0,0.0,6,True,False,500,-1,l2,newton-cg,"{'C': 6, 'dual': True, 'fit_intercept': False, 'max_iter': 500, 'n_jobs': -1, 'penalty': 'l2', 'solver': 'newton-cg'}",,,,,,,,109,,,,,,,,109,,,,,,,,109,,,,,,,,109,,,,,,,,109,,,,,,,,109,,,,,,,,109,,,,,,,,109,,,,,,,,109
365,0.004238653182983399,0.0024478645993519857,0.0,0.0,7,True,True,500,-1,l2,lbfgs,"{'C': 7, 'dual': True, 'fit_intercept': True, 'max_iter': 500, 'n_jobs': -1, 'penalty': 'l2', 'solver': 'lbfgs'}",,,,,,,,109,,,,,,,,109,,,,,,,,109,,,,,,,,109,,,,,,,,109,,,,,,,,109,,,,,,,,109,,,,,,,,109,,,,,,,,109
364,0.0012292861938476562,0.0011859924243361548,0.0,0.0,7,True,True,500,-1,l1,saga,"{'C': 7, 'dual': True, 'fit_intercept': True, 'max_iter': 500, 'n_jobs': -1, 'penalty': 'l1', 'solver': 'saga'}",,,,,,,,109,,,,,,,,109,,,,,,,,109,,,,,,,,109,,,,,,,,109,,,,,,,,109,,,,,,,,109,,,,,,,,109,,,,,,,,109
363,0.0023869991302490233,0.0016224609649517165,0.0,0.0,7,True,True,500,-1,l1,sag,"{'C': 7, 'dual': True, 'fit_intercept': True, 'max_iter': 500, 'n_jobs': -1, 'penalty': 'l1', 'solver': 'sag'}",,,,,,,,109,,,,,,,,109,,,,,,,,109,,,,,,,,109,,,,,,,,109,,,,,,,,109,,,,,,,,109,,,,,,,,109,,,,,,,,109
362,0.001272439956665039,0.0007231098331592989,0.0,0.0,7,True,True,500,-1,l1,newton-cholesky,"{'C': 7, 'dual': True, 'fit_intercept': True, 'max_iter': 500, 'n_jobs': -1, 'penalty': 'l1', 'solver': 'newton-cholesky'}",,,,,,,,109,,,,,,,,109,,,,,,,,109,,,,,,,,109,,,,,,,,109,,,,,,,,109,,,,,,,,109,,,,,,,,109,,,,,,,,109
312,0.0021142005920410157,0.00022068354415393434,0.0,0.0,6,True,True,500,-1,elasticnet,newton-cholesky,"{'C': 6, 'dual': True, 'fit_intercept': True, 'max_iter': 500, 'n_jobs': -1, 'penalty': 'elasticnet', 'solver': 'newton-cholesky'}",,,,,,,,109,,,,,,,,109,,,,,,,,109,,,,,,,,109,,,,,,,,109,,,,,,,,109,,,,,,,,109,,,,,,,,109,,,,,,,,109
313,0.0020298004150390626,0.000680133059643082,0.0,0.0,6,True,True,500,-1,elasticnet,sag,"{'C': 6, 'dual': True, 'fit_intercept': True, 'max_iter': 500, 'n_jobs': -1, 'penalty': 'elasticnet', 'solver': 'sag'}",,,,,,,,109,,,,,,,,109,,,,,,,,109,,,,,,,,109,,,,,,,,109,,,,,,,,109,,,,,,,,109,,,,,,,,109,,,,,,,,109
314,0.0008101463317871094,0.0009922468093331858,0.0,0.0,6,True,True,500,-1,elasticnet,saga,"{'C': 6, 'dual': True, 'fit_intercept': True, 'max_iter': 500, 'n_jobs': -1, 'penalty': 'elasticnet', 'solver': 'saga'}",,,,,,,,109,,,,,,,,109,,,,,,,,109,,,,,,,,109,,,,,,,,109,,,,,,,,109,,,,,,,,109,,,,,,,,109,,,,,,,,109
315,0.00312957763671875,0.0062591552734375,0.0,0.0,6,True,False,500,-1,l1,lbfgs,"{'C': 6, 'dual': True, 'fit_intercept': False, 'max_iter': 500, 'n_jobs': -1, 'penalty': 'l1', 'solver': 'lbfgs'}",,,,,,,,109,,,,,,,,109,,,,,,,,109,,,,,,,,109,,,,,,,,109,,,,,,,,109,,,,,,,,109,,,,,,,,109,,,,,,,,109
316,0.0017483234405517578,0.0022077154852023486,0.0,0.0,6,True,False,500,-1,l1,newton-cg,"{'C': 6, 'dual': True, 'fit_intercept': False, 'max_iter': 500, 'n_jobs': -1, 'penalty': 'l1', 'solver': 'newton-cg'}",,,,,,,,109,,,,,,,,109,,,,,,,,109,,,,,,,,109,,,,,,,,109,,,,,,,,109,,,,,,,,109,,,,,,,,109,,,,,,,,109
317,0.002111387252807617,0.003962634794082361,0.0,0.0,6,True,False,500,-1,l1,newton-cholesky,"{'C': 6, 'dual': True, 'fit_intercept': False, 'max_iter': 500, 'n_jobs': -1, 'penalty': 'l1', 'solver': 'newton-cholesky'}",,,,,,,,109,,,,,,,,109,,,,,,,,109,,,,,,,,109,,,,,,,,109,,,,,,,,109,,,,,,,,109,,,,,,,,109,,,,,,,,109
360,0.002678108215332031,0.001961541292772376,0.0,0.0,7,True,True,500,-1,l1,lbfgs,"{'C': 7, 'dual': True, 'fit_intercept': True, 'max_iter': 500, 'n_jobs': -1, 'penalty': 'l1', 'solver': 'lbfgs'}",,,,,,,,109,,,,,,,,109,,,,,,,,109,,,,,,,,109,,,,,,,,109,,,,,,,,109,,,,,,,,109,,,,,,,,109,,,,,,,,109
359,0.0030245304107666014,0.001234574236150674,0.0,0.0,6,False,False,500,-1,elasticnet,saga,"{'C': 6, 'dual': False, 'fit_intercept': False, 'max_iter': 500, 'n_jobs': -1, 'penalty': 'elasticnet', 'solver': 'saga'}",,,,,,,,109,,,,,,,,109,,,,,,,,109,,,,,,,,109,,,,,,,,109,,,,,,,,109,,,,,,,,109,,,,,,,,109,,,,,,,,109
358,0.002325630187988281,0.0018648279338253002,0.0,0.0,6,False,False,500,-1,elasticnet,sag,"{'C': 6, 'dual': False, 'fit_intercept': False, 'max_iter': 500, 'n_jobs': -1, 'penalty': 'elasticnet', 'solver': 'sag'}",,,,,,,,109,,,,,,,,109,,,,,,,,109,,,,,,,,109,,,,,,,,109,,,,,,,,109,,,,,,,,109,,,,,,,,109,,,,,,,,109
357,0.001905345916748047,0.0004239795815721071,0.0,0.0,6,False,False,500,-1,elasticnet,newton-cholesky,"{'C': 6, 'dual': False, 'fit_intercept': False, 'max_iter': 500, 'n_jobs': -1, 'penalty': 'elasticnet', 'solver': 'newton-cholesky'}",,,,,,,,109,,,,,,,,109,,,,,,,,109,,,,,,,,109,,,,,,,,109,,,,,,,,109,,,,,,,,109,,,,,,,,109,,,,,,,,109
356,0.0015147209167480468,0.0016847396697211826,0.0,0.0,6,False,False,500,-1,elasticnet,newton-cg,"{'C': 6, 'dual': False, 'fit_intercept': False, 'max_iter': 500, 'n_jobs': -1, 'penalty': 'elasticnet', 'solver': 'newton-cg'}",,,,,,,,109,,,,,,,,109,,,,,,,,109,,,,,,,,109,,,,,,,,109,,,,,,,,109,,,,,,,,109,,,,,,,,109,,,,,,,,109
355,0.0011197566986083985,0.0017639784885393178,0.0,0.0,6,False,False,500,-1,elasticnet,lbfgs,"{'C': 6, 'dual': False, 'fit_intercept': False, 'max_iter': 500, 'n_jobs': -1, 'penalty': 'elasticnet', 'solver': 'lbfgs'}",,,,,,,,109,,,,,,,,109,,,,,,,,109,,,,,,,,109,,,,,,,,109,,,,,,,,109,,,,,,,,109,,,,,,,,109,,,,,,,,109
318,0.003263711929321289,0.0024646758599614154,0.0,0.0,6,True,False,500,-1,l1,sag,"{'C': 6, 'dual': True, 'fit_intercept': False, 'max_iter': 500, 'n_jobs': -1, 'penalty': 'l1', 'solver': 'sag'}",,,,,,,,109,,,,,,,,109,,,,,,,,109,,,,,,,,109,,,,,,,,109,,,,,,,,109,,,,,,,,109,,,,,,,,109,,,,,,,,109
319,5.5789947509765625e-05,7.774800254042459e-05,0.0,0.0,6,True,False,500,-1,l1,saga,"{'C': 6, 'dual': True, 'fit_intercept': False, 'max_iter': 500, 'n_jobs': -1, 'penalty': 'l1', 'solver': 'saga'}",,,,,,,,109,,,,,,,,109,,,,,,,,109,,,,,,,,109,,,,,,,,109,,,,,,,,109,,,,,,,,109,,,,,,,,109,,,,,,,,109
320,0.0023138999938964845,0.004134420690825381,0.0,0.0,6,True,False,500,-1,l2,lbfgs,"{'C': 6, 'dual': True, 'fit_intercept': False, 'max_iter': 500, 'n_jobs': -1, 'penalty': 'l2', 'solver': 'lbfgs'}",,,,,,,,109,,,,,,,,109,,,,,,,,109,,,,,,,,109,,,,,,,,109,,,,,,,,109,,,,,,,,109,,,,,,,,109,,,,,,,,109
322,0.0032347679138183595,0.0035909066384411338,0.0,0.0,6,True,False,500,-1,l2,newton-cholesky,"{'C': 6, 'dual': True, 'fit_intercept': False, 'max_iter': 500, 'n_jobs': -1, 'penalty': 'l2', 'solver': 'newton-cholesky'}",,,,,,,,109,,,,,,,,109,,,,,,,,109,,,,,,,,109,,,,,,,,109,,,,,,,,109,,,,,,,,109,,,,,,,,109,,,,,,,,109
389,0.0016950130462646484,0.0008508076562853423,0.0,0.0,7,True,False,500,-1,elasticnet,saga,"{'C': 7, 'dual': True, 'fit_intercept': False, 'max_iter': 500, 'n_jobs': -1, 'penalty': 'elasticnet', 'solver': 'saga'}",,,,,,,,109,,,,,,,,109,,,,,,,,109,,,,,,,,109,,,,,,,,109,,,,,,,,109,,,,,,,,109,,,,,,,,109,,,,,,,,109
0,0.0015822887420654298,0.00134082875362581,0.0,0.0,1,True,True,500,-1,l1,lbfgs,"{'C': 1, 'dual': True, 'fit_intercept': True, 'max_iter': 500, 'n_jobs': -1, 'penalty': 'l1', 'solver': 'lbfgs'}",,,,,,,,109,,,,,,,,109,,,,,,,,109,,,,,,,,109,,,,,,,,109,,,,,,,,109,,,,,,,,109,,,,,,,,109,,,,,,,,109
391,0.00256495475769043,0.0021549565185014254,0.0,0.0,7,False,True,500,-1,l1,newton-cg,"{'C': 7, 'dual': False, 'fit_intercept': True, 'max_iter': 500, 'n_jobs': -1, 'penalty': 'l1', 'solver': 'newton-cg'}",,,,,,,,109,,,,,,,,109,,,,,,,,109,,,,,,,,109,,,,,,,,109,,,,,,,,109,,,,,,,,109,,,,,,,,109,,,,,,,,109
496,0.0020175933837890624,0.004035186767578125,0.0,0.0,9,True,False,500,-1,l1,newton-cg,"{'C': 9, 'dual': True, 'fit_intercept': False, 'max_iter': 500, 'n_jobs': -1, 'penalty': 'l1', 'solver': 'newton-cg'}",,,,,,,,109,,,,,,,,109,,,,,,,,109,,,,,,,,109,,,,,,,,109,,,,,,,,109,,,,,,,,109,,,,,,,,109,,,,,,,,109
495,0.002681541442871094,0.0025079724625295696,0.0,0.0,9,True,False,500,-1,l1,lbfgs,"{'C': 9, 'dual': True, 'fit_intercept': False, 'max_iter': 500, 'n_jobs': -1, 'penalty': 'l1', 'solver': 'lbfgs'}",,,,,,,,109,,,,,,,,109,,,,,,,,109,,,,,,,,109,,,,,,,,109,,,,,,,,109,,,,,,,,109,,,,,,,,109,,,,,,,,109
494,0.0016183853149414062,0.0013705520004827193,0.0,0.0,9,True,True,500,-1,elasticnet,saga,"{'C': 9, 'dual': True, 'fit_intercept': True, 'max_iter': 500, 'n_jobs': -1, 'penalty': 'elasticnet', 'solver': 'saga'}",,,,,,,,109,,,,,,,,109,,,,,,,,109,,,,,,,,109,,,,,,,,109,,,,,,,,109,,,,,,,,109,,,,,,,,109,,,,,,,,109
493,0.0039614677429199215,0.0027083107699836005,0.0,0.0,9,True,True,500,-1,elasticnet,sag,"{'C': 9, 'dual': True, 'fit_intercept': True, 'max_iter': 500, 'n_jobs': -1, 'penalty': 'elasticnet', 'solver': 'sag'}",,,,,,,,109,,,,,,,,109,,,,,,,,109,,,,,,,,109,,,,,,,,109,,,,,,,,109,,,,,,,,109,,,,,,,,109,,,,,,,,109
492,0.000824594497680664,0.0007561303751140666,0.0,0.0,9,True,True,500,-1,elasticnet,newton-cholesky,"{'C': 9, 'dual': True, 'fit_intercept': True, 'max_iter': 500, 'n_jobs': -1, 'penalty': 'elasticnet', 'solver': 'newton-cholesky'}",,,,,,,,109,,,,,,,,109,,,,,,,,109,,,,,,,,109,,,,,,,,109,,,,,,,,109,,,,,,,,109,,,,,,,,109,,,,,,,,109
491,0.003241109848022461,0.004045394958138659,0.0,0.0,9,True,True,500,-1,elasticnet,newton-cg,"{'C': 9, 'dual': True, 'fit_intercept': True, 'max_iter': 500, 'n_jobs': -1, 'penalty': 'elasticnet', 'solver': 'newton-cg'}",,,,,,,,109,,,,,,,,109,,,,,,,,109,,,,,,,,109,,,,,,,,109,,,,,,,,109,,,,,,,,109,,,,,,,,109,,,,,,,,109
490,0.0007533073425292969,0.0007292385667265555,0.0,0.0,9,True,True,500,-1,elasticnet,lbfgs,"{'C': 9, 'dual': True, 'fit_intercept': True, 'max_iter': 500, 'n_jobs': -1, 'penalty': 'elasticnet', 'solver': 'lbfgs'}",,,,,,,,109,,,,,,,,109,,,,,,,,109,,,,,,,,109,,,,,,,,109,,,,,,,,109,,,,,,,,109,,,,,,,,109,,,,,,,,109
489,0.0021696090698242188,0.004078239632558969,0.0,0.0,9,True,True,500,-1,l2,saga,"{'C': 9, 'dual': True, 'fit_intercept': True, 'max_iter': 500, 'n_jobs': -1, 'penalty': 'l2', 'solver': 'saga'}",,,,,,,,109,,,,,,,,109,,,,,,,,109,,,,,,,,109,,,,,,,,109,,,,,,,,109,,,,,,,,109,,,,,,,,109,,,,,,,,109
488,0.0011919021606445312,0.0009732603074060393,0.0,0.0,9,True,True,500,-1,l2,sag,"{'C': 9, 'dual': True, 'fit_intercept': True, 'max_iter': 500, 'n_jobs': -1, 'penalty': 'l2', 'solver': 'sag'}",,,,,,,,109,,,,,,,,109,,,,,,,,109,,,,,,,,109,,,,,,,,109,,,,,,,,109,,,,,,,,109,,,,,,,,109,,,,,,,,109
487,0.01716504096984863,0.031278047238982996,0.0,0.0,9,True,True,500,-1,l2,newton-cholesky,"{'C': 9, 'dual': True, 'fit_intercept': True, 'max_iter': 500, 'n_jobs': -1, 'penalty': 'l2', 'solver': 'newton-cholesky'}",,,,,,,,109,,,,,,,,109,,,,,,,,109,,,,,,,,109,,,,,,,,109,,,,,,,,109,,,,,,,,109,,,,,,,,109,,,,,,,,109
486,0.001741170883178711,0.0009948722286820704,0.0,0.0,9,True,True,500,-1,l2,newton-cg,"{'C': 9, 'dual': True, 'fit_intercept': True, 'max_iter': 500, 'n_jobs': -1, 'penalty': 'l2', 'solver': 'newton-cg'}",,,,,,,,109,,,,,,,,109,,,,,,,,109,,,,,,,,109,,,,,,,,109,,,,,,,,109,,,,,,,,109,,,,,,,,109,,,,,,,,109
497,0.001924276351928711,0.0015027012189170658,0.0,0.0,9,True,False,500,-1,l1,newton-cholesky,"{'C': 9, 'dual': True, 'fit_intercept': False, 'max_iter': 500, 'n_jobs': -1, 'penalty': 'l1', 'solver': 'newton-cholesky'}",,,,,,,,109,,,,,,,,109,,,,,,,,109,,,,,,,,109,,,,,,,,109,,,,,,,,109,,,,,,,,109,,,,,,,,109,,,,,,,,109
485,0.0016355037689208985,0.0025752351374553183,0.0,0.0,9,True,True,500,-1,l2,lbfgs,"{'C': 9, 'dual': True, 'fit_intercept': True, 'max_iter': 500, 'n_jobs': -1, 'penalty': 'l2', 'solver': 'lbfgs'}",,,,,,,,109,,,,,,,,109,,,,,,,,109,,,,,,,,109,,,,,,,,109,,,,,,,,109,,,,,,,,109,,,,,,,,109,,,,,,,,109
483,0.015960693359375,0.029984533880364882,0.0,0.0,9,True,True,500,-1,l1,sag,"{'C': 9, 'dual': True, 'fit_intercept': True, 'max_iter': 500, 'n_jobs': -1, 'penalty': 'l1', 'solver': 'sag'}",,,,,,,,109,,,,,,,,109,,,,,,,,109,,,,,,,,109,,,,,,,,109,,,,,,,,109,,,,,,,,109,,,,,,,,109,,,,,,,,109
482,0.003454446792602539,0.0019044438953091337,0.0,0.0,9,True,True,500,-1,l1,newton-cholesky,"{'C': 9, 'dual': True, 'fit_intercept': True, 'max_iter': 500, 'n_jobs': -1, 'penalty': 'l1', 'solver': 'newton-cholesky'}",,,,,,,,109,,,,,,,,109,,,,,,,,109,,,,,,,,109,,,,,,,,109,,,,,,,,109,,,,,,,,109,,,,,,,,109,,,,,,,,109
481,0.023280811309814454,0.03583276865838711,0.0,0.0,9,True,True,500,-1,l1,newton-cg,"{'C': 9, 'dual': True, 'fit_intercept': True, 'max_iter': 500, 'n_jobs': -1, 'penalty': 'l1', 'solver': 'newton-cg'}",,,,,,,,109,,,,,,,,109,,,,,,,,109,,,,,,,,109,,,,,,,,109,,,,,,,,109,,,,,,,,109,,,,,,,,109,,,,,,,,109
480,0.016094160079956055,0.0248228063154179,0.0,0.0,9,True,True,500,-1,l1,lbfgs,"{'C': 9, 'dual': True, 'fit_intercept': True, 'max_iter': 500, 'n_jobs': -1, 'penalty': 'l1', 'solver': 'lbfgs'}",,,,,,,,109,,,,,,,,109,,,,,,,,109,,,,,,,,109,,,,,,,,109,,,,,,,,109,,,,,,,,109,,,,,,,,109,,,,,,,,109
479,0.0033273220062255858,0.0033893155773868544,0.0,0.0,8,False,False,500,-1,elasticnet,saga,"{'C': 8, 'dual': False, 'fit_intercept': False, 'max_iter': 500, 'n_jobs': -1, 'penalty': 'elasticnet', 'solver': 'saga'}",,,,,,,,109,,,,,,,,109,,,,,,,,109,,,,,,,,109,,,,,,,,109,,,,,,,,109,,,,,,,,109,,,,,,,,109,,,,,,,,109
478,0.0029997825622558594,0.0012064085364353698,0.0,0.0,8,False,False,500,-1,elasticnet,sag,"{'C': 8, 'dual': False, 'fit_intercept': False, 'max_iter': 500, 'n_jobs': -1, 'penalty': 'elasticnet', 'solver': 'sag'}",,,,,,,,109,,,,,,,,109,,,,,,,,109,,,,,,,,109,,,,,,,,109,,,,,,,,109,,,,,,,,109,,,,,,,,109,,,,,,,,109
477,0.0019211769104003906,0.0005210951428272127,0.0,0.0,8,False,False,500,-1,elasticnet,newton-cholesky,"{'C': 8, 'dual': False, 'fit_intercept': False, 'max_iter': 500, 'n_jobs': -1, 'penalty': 'elasticnet', 'solver': 'newton-cholesky'}",,,,,,,,109,,,,,,,,109,,,,,,,,109,,,,,,,,109,,,,,,,,109,,,,,,,,109,,,,,,,,109,,,,,,,,109,,,,,,,,109
476,0.0024572372436523437,0.002297884393309025,0.0,0.0,8,False,False,500,-1,elasticnet,newton-cg,"{'C': 8, 'dual': False, 'fit_intercept': False, 'max_iter': 500, 'n_jobs': -1, 'penalty': 'elasticnet', 'solver': 'newton-cg'}",,,,,,,,109,,,,,,,,109,,,,,,,,109,,,,,,,,109,,,,,,,,109,,,,,,,,109,,,,,,,,109,,,,,,,,109,,,,,,,,109
475,0.002518177032470703,0.0027661041972807344,0.0,0.0,8,False,False,500,-1,elasticnet,lbfgs,"{'C': 8, 'dual': False, 'fit_intercept': False, 'max_iter': 500, 'n_jobs': -1, 'penalty': 'elasticnet', 'solver': 'lbfgs'}",,,,,,,,109,,,,,,,,109,,,,,,,,109,,,,,,,,109,,,,,,,,109,,,,,,,,109,,,,,,,,109,,,,,,,,109,,,,,,,,109
468,0.0030231475830078125,0.002644179860096584,0.0,0.0,8,False,False,500,-1,l1,sag,"{'C': 8, 'dual': False, 'fit_intercept': False, 'max_iter': 500, 'n_jobs': -1, 'penalty': 'l1', 'solver': 'sag'}",,,,,,,,109,,,,,,,,109,,,,,,,,109,,,,,,,,109,,,,,,,,109,,,,,,,,109,,,,,,,,109,,,,,,,,109,,,,,,,,109
467,0.0015134811401367188,0.0019126595764257471,0.0,0.0,8,False,False,500,-1,l1,newton-cholesky,"{'C': 8, 'dual': False, 'fit_intercept': False, 'max_iter': 500, 'n_jobs': -1, 'penalty': 'l1', 'solver': 'newton-cholesky'}",,,,,,,,109,,,,,,,,109,,,,,,,,109,,,,,,,,109,,,,,,,,109,,,,,,,,109,,,,,,,,109,,,,,,,,109,,,,,,,,109
484,0.0035238742828369142,0.0034300766281001828,0.0,0.0,9,True,True,500,-1,l1,saga,"{'C': 9, 'dual': True, 'fit_intercept': True, 'max_iter': 500, 'n_jobs': -1, 'penalty': 'l1', 'solver': 'saga'}",,,,,,,,109,,,,,,,,109,,,,,,,,109,,,,,,,,109,,,,,,,,109,,,,,,,,109,,,,,,,,109,,,,,,,,109,,,,,,,,109
498,0.002121305465698242,0.0027223761226631573,0.0,0.0,9,True,False,500,-1,l1,sag,"{'C': 9, 'dual': True, 'fit_intercept': False, 'max_iter': 500, 'n_jobs': -1, 'penalty': 'l1', 'solver': 'sag'}",,,,,,,,109,,,,,,,,109,,,,,,,,109,,,,,,,,109,,,,,,,,109,,,,,,,,109,,,,,,,,109,,,,,,,,109,,,,,,,,109
499,0.0,0.0,0.0,0.0,9,True,False,500,-1,l1,saga,"{'C': 9, 'dual': True, 'fit_intercept': False, 'max_iter': 500, 'n_jobs': -1, 'penalty': 'l1', 'solver': 'saga'}",,,,,,,,109,,,,,,,,109,,,,,,,,109,,,,,,,,109,,,,,,,,109,,,,,,,,109,,,,,,,,109,,,,,,,,109,,,,,,,,109
500,0.0037775516510009767,0.0037512221792270458,0.0,0.0,9,True,False,500,-1,l2,lbfgs,"{'C': 9, 'dual': True, 'fit_intercept': False, 'max_iter': 500, 'n_jobs': -1, 'penalty': 'l2', 'solver': 'lbfgs'}",,,,,,,,109,,,,,,,,109,,,,,,,,109,,,,,,,,109,,,,,,,,109,,,,,,,,109,,,,,,,,109,,,,,,,,109,,,,,,,,109
537,0.002829170227050781,0.0015128603778723204,0.0,0.0,9,False,False,500,-1,elasticnet,newton-cholesky,"{'C': 9, 'dual': False, 'fit_intercept': False, 'max_iter': 500, 'n_jobs': -1, 'penalty': 'elasticnet', 'solver': 'newton-cholesky'}",,,,,,,,109,,,,,,,,109,,,,,,,,109,,,,,,,,109,,,,,,,,109,,,,,,,,109,,,,,,,,109,,,,,,,,109,,,,,,,,109
536,0.0020741939544677733,0.0013159477428822675,0.0,0.0,9,False,False,500,-1,elasticnet,newton-cg,"{'C': 9, 'dual': False, 'fit_intercept': False, 'max_iter': 500, 'n_jobs': -1, 'penalty': 'elasticnet', 'solver': 'newton-cg'}",,,,,,,,109,,,,,,,,109,,,,,,,,109,,,,,,,,109,,,,,,,,109,,,,,,,,109,,,,,,,,109,,,,,,,,109,,,,,,,,109
535,0.002184629440307617,0.00022062735389633274,0.0,0.0,9,False,False,500,-1,elasticnet,lbfgs,"{'C': 9, 'dual': False, 'fit_intercept': False, 'max_iter': 500, 'n_jobs': -1, 'penalty': 'elasticnet', 'solver': 'lbfgs'}",,,,,,,,109,,,,,,,,109,,,,,,,,109,,,,,,,,109,,,,,,,,109,,,,,,,,109,,,,,,,,109,,,,,,,,109,,,,,,,,109
528,0.0029503822326660155,0.0016569904175395321,0.0,0.0,9,False,False,500,-1,l1,sag,"{'C': 9, 'dual': False, 'fit_intercept': False, 'max_iter': 500, 'n_jobs': -1, 'penalty': 'l1', 'solver': 'sag'}",,,,,,,,109,,,,,,,,109,,,,,,,,109,,,,,,,,109,,,,,,,,109,,,,,,,,109,,,,,,,,109,,,,,,,,109,,,,,,,,109
527,0.0026624202728271484,0.0038920856787806814,0.0,0.0,9,False,False,500,-1,l1,newton-cholesky,"{'C': 9, 'dual': False, 'fit_intercept': False, 'max_iter': 500, 'n_jobs': -1, 'penalty': 'l1', 'solver': 'newton-cholesky'}",,,,,,,,109,,,,,,,,109,,,,,,,,109,,,,,,,,109,,,,,,,,109,,,,,,,,109,,,,,,,,109,,,,,,,,109,,,,,,,,109
526,0.001875019073486328,0.0007223385692222339,0.0,0.0,9,False,False,500,-1,l1,newton-cg,"{'C': 9, 'dual': False, 'fit_intercept': False, 'max_iter': 500, 'n_jobs': -1, 'penalty': 'l1', 'solver': 'newton-cg'}",,,,,,,,109,,,,,,,,109,,,,,,,,109,,,,,,,,109,,,,,,,,109,,,,,,,,109,,,,,,,,109,,,,,,,,109,,,,,,,,109
525,0.0038582324981689454,0.0028218287888851223,0.0,0.0,9,False,False,500,-1,l1,lbfgs,"{'C': 9, 'dual': False, 'fit_intercept': False, 'max_iter': 500, 'n_jobs': -1, 'penalty': 'l1', 'solver': 'lbfgs'}",,,,,,,,109,,,,,,,,109,,,,,,,,109,,,,,,,,109,,,,,,,,109,,,,,,,,109,,,,,,,,109,,,,,,,,109,,,,,,,,109
524,0.0022724628448486327,0.0005426211303311355,0.0,0.0,9,False,True,500,-1,elasticnet,saga,"{'C': 9, 'dual': False, 'fit_intercept': True, 'max_iter': 500, 'n_jobs': -1, 'penalty': 'elasticnet', 'solver': 'saga'}",,,,,,,,109,,,,,,,,109,,,,,,,,109,,,,,,,,109,,,,,,,,109,,,,,,,,109,,,,,,,,109,,,,,,,,109,,,,,,,,109
523,0.0021116256713867186,0.0006632792084089908,0.0,0.0,9,False,True,500,-1,elasticnet,sag,"{'C': 9, 'dual': False, 'fit_intercept': True, 'max_iter': 500, 'n_jobs': -1, 'penalty': 'elasticnet', 'solver': 'sag'}",,,,,,,,109,,,,,,,,109,,,,,,,,109,,,,,,,,109,,,,,,,,109,,,,,,,,109,,,,,,,,109,,,,,,,,109,,,,,,,,109
522,0.002581882476806641,0.0004034562393018536,0.0,0.0,9,False,True,500,-1,elasticnet,newton-cholesky,"{'C': 9, 'dual': False, 'fit_intercept': True, 'max_iter': 500, 'n_jobs': -1, 'penalty': 'elasticnet', 'solver': 'newton-cholesky'}",,,,,,,,109,,,,,,,,109,,,,,,,,109,,,,,,,,109,,,,,,,,109,,,,,,,,109,,,,,,,,109,,,,,,,,109,,,,,,,,109
521,0.002105379104614258,0.0002117697436281848,0.0,0.0,9,False,True,500,-1,elasticnet,newton-cg,"{'C': 9, 'dual': False, 'fit_intercept': True, 'max_iter': 500, 'n_jobs': -1, 'penalty': 'elasticnet', 'solver': 'newton-cg'}",,,,,,,,109,,,,,,,,109,,,,,,,,109,,,,,,,,109,,,,,,,,109,,,,,,,,109,,,,,,,,109,,,,,,,,109,,,,,,,,109
520,0.0024399757385253906,0.0018305817567009072,0.0,0.0,9,False,True,500,-1,elasticnet,lbfgs,"{'C': 9, 'dual': False, 'fit_intercept': True, 'max_iter': 500, 'n_jobs': -1, 'penalty': 'elasticnet', 'solver': 'lbfgs'}",,,,,,,,109,,,,,,,,109,,,,,,,,109,,,,,,,,109,,,,,,,,109,,,,,,,,109,,,,,,,,109,,,,,,,,109,,,,,,,,109
513,0.0016387939453125,0.002033529086816736,0.0,0.0,9,False,True,500,-1,l1,sag,"{'C': 9, 'dual': False, 'fit_intercept': True, 'max_iter': 500, 'n_jobs': -1, 'penalty': 'l1', 'solver': 'sag'}",,,,,,,,109,,,,,,,,109,,,,,,,,109,,,,,,,,109,,,,,,,,109,,,,,,,,109,,,,,,,,109,,,,,,,,109,,,,,,,,109
512,0.001261425018310547,0.0013507032245514878,0.0,0.0,9,False,True,500,-1,l1,newton-cholesky,"{'C': 9, 'dual': False, 'fit_intercept': True, 'max_iter': 500, 'n_jobs': -1, 'penalty': 'l1', 'solver': 'newton-cholesky'}",,,,,,,,109,,,,,,,,109,,,,,,,,109,,,,,,,,109,,,,,,,,109,,,,,,,,109,,,,,,,,109,,,,,,,,109,,,,,,,,109
511,0.0010794639587402345,0.0021589279174804685,0.0,0.0,9,False,True,500,-1,l1,newton-cg,"{'C': 9, 'dual': False, 'fit_intercept': True, 'max_iter': 500, 'n_jobs': -1, 'penalty': 'l1', 'solver': 'newton-cg'}",,,,,,,,109,,,,,,,,109,,,,,,,,109,,,,,,,,109,,,,,,,,109,,,,,,,,109,,,,,,,,109,,,,,,,,109,,,,,,,,109
510,0.0022015094757080076,0.0025383378365803656,0.0,0.0,9,False,True,500,-1,l1,lbfgs,"{'C': 9, 'dual': False, 'fit_intercept': True, 'max_iter': 500, 'n_jobs': -1, 'penalty': 'l1', 'solver': 'lbfgs'}",,,,,,,,109,,,,,,,,109,,,,,,,,109,,,,,,,,109,,,,,,,,109,,,,,,,,109,,,,,,,,109,,,,,,,,109,,,,,,,,109
509,0.0009075641632080078,0.0018151283264160156,0.0,0.0,9,True,False,500,-1,elasticnet,saga,"{'C': 9, 'dual': True, 'fit_intercept': False, 'max_iter': 500, 'n_jobs': -1, 'penalty': 'elasticnet', 'solver': 'saga'}",,,,,,,,109,,,,,,,,109,,,,,,,,109,,,,,,,,109,,,,,,,,109,,,,,,,,109,,,,,,,,109,,,,,,,,109,,,,,,,,109
508,0.002927875518798828,0.0021171614425629383,0.0,0.0,9,True,False,500,-1,elasticnet,sag,"{'C': 9, 'dual': True, 'fit_intercept': False, 'max_iter': 500, 'n_jobs': -1, 'penalty': 'elasticnet', 'solver': 'sag'}",,,,,,,,109,,,,,,,,109,,,,,,,,109,,,,,,,,109,,,,,,,,109,,,,,,,,109,,,,,,,,109,,,,,,,,109,,,,,,,,109
507,0.002528095245361328,0.002297712616135755,0.0,0.0,9,True,False,500,-1,elasticnet,newton-cholesky,"{'C': 9, 'dual': True, 'fit_intercept': False, 'max_iter': 500, 'n_jobs': -1, 'penalty': 'elasticnet', 'solver': 'newton-cholesky'}",,,,,,,,109,,,,,,,,109,,,,,,,,109,,,,,,,,109,,,,,,,,109,,,,,,,,109,,,,,,,,109,,,,,,,,109,,,,,,,,109
506,0.0009082317352294922,0.0018164634704589846,0.0,0.0,9,True,False,500,-1,elasticnet,newton-cg,"{'C': 9, 'dual': True, 'fit_intercept': False, 'max_iter': 500, 'n_jobs': -1, 'penalty': 'elasticnet', 'solver': 'newton-cg'}",,,,,,,,109,,,,,,,,109,,,,,,,,109,,,,,,,,109,,,,,,,,109,,,,,,,,109,,,,,,,,109,,,,,,,,109,,,,,,,,109
505,0.0025274276733398436,0.0021066752500946487,0.0,0.0,9,True,False,500,-1,elasticnet,lbfgs,"{'C': 9, 'dual': True, 'fit_intercept': False, 'max_iter': 500, 'n_jobs': -1, 'penalty': 'elasticnet', 'solver': 'lbfgs'}",,,,,,,,109,,,,,,,,109,,,,,,,,109,,,,,,,,109,,,,,,,,109,,,,,,,,109,,,,,,,,109,,,,,,,,109,,,,,,,,109
504,0.002518749237060547,0.003704024151545497,0.0,0.0,9,True,False,500,-1,l2,saga,"{'C': 9, 'dual': True, 'fit_intercept': False, 'max_iter': 500, 'n_jobs': -1, 'penalty': 'l2', 'solver': 'saga'}",,,,,,,,109,,,,,,,,109,,,,,,,,109,,,,,,,,109,,,,,,,,109,,,,,,,,109,,,,,,,,109,,,,,,,,109,,,,,,,,109
503,0.002518749237060547,0.003704024151545497,0.0,0.0,9,True,False,500,-1,l2,sag,"{'C': 9, 'dual': True, 'fit_intercept': False, 'max_iter': 500, 'n_jobs': -1, 'penalty': 'l2', 'solver': 'sag'}",,,,,,,,109,,,,,,,,109,,,,,,,,109,,,,,,,,109,,,,,,,,109,,,,,,,,109,,,,,,,,109,,,,,,,,109,,,,,,,,109
502,0.003312206268310547,0.004302658228080279,0.0,0.0,9,True,False,500,-1,l2,newton-cholesky,"{'C': 9, 'dual': True, 'fit_intercept': False, 'max_iter': 500, 'n_jobs': -1, 'penalty': 'l2', 'solver': 'newton-cholesky'}",,,,,,,,109,,,,,,,,109,,,,,,,,109,,,,,,,,109,,,,,,,,109,,,,,,,,109,,,,,,,,109,,,,,,,,109,,,,,,,,109
501,0.0020175933837890624,0.004035186767578125,0.0,0.0,9,True,False,500,-1,l2,newton-cg,"{'C': 9, 'dual': True, 'fit_intercept': False, 'max_iter': 500, 'n_jobs': -1, 'penalty': 'l2', 'solver': 'newton-cg'}",,,,,,,,109,,,,,,,,109,,,,,,,,109,,,,,,,,109,,,,,,,,109,,,,,,,,109,,,,,,,,109,,,,,,,,109,,,,,,,,109
466,0.0017172813415527344,0.0014854720065217266,0.0,0.0,8,False,False,500,-1,l1,newton-cg,"{'C': 8, 'dual': False, 'fit_intercept': False, 'max_iter': 500, 'n_jobs': -1, 'penalty': 'l1', 'solver': 'newton-cg'}",,,,,,,,109,,,,,,,,109,,,,,,,,109,,,,,,,,109,,,,,,,,109,,,,,,,,109,,,,,,,,109,,,,,,,,109,,,,,,,,109
465,0.0015226364135742187,0.001496646552920233,0.0,0.0,8,False,False,500,-1,l1,lbfgs,"{'C': 8, 'dual': False, 'fit_intercept': False, 'max_iter': 500, 'n_jobs': -1, 'penalty': 'l1', 'solver': 'lbfgs'}",,,,,,,,109,,,,,,,,109,,,,,,,,109,,,,,,,,109,,,,,,,,109,,,,,,,,109,,,,,,,,109,,,,,,,,109,,,,,,,,109
464,0.001116800308227539,0.0009303204331936248,0.0,0.0,8,False,True,500,-1,elasticnet,saga,"{'C': 8, 'dual': False, 'fit_intercept': True, 'max_iter': 500, 'n_jobs': -1, 'penalty': 'elasticnet', 'solver': 'saga'}",,,,,,,,109,,,,,,,,109,,,,,,,,109,,,,,,,,109,,,,,,,,109,,,,,,,,109,,,,,,,,109,,,,,,,,109,,,,,,,,109
463,0.0023188114166259764,0.0027532503701412675,0.0,0.0,8,False,True,500,-1,elasticnet,sag,"{'C': 8, 'dual': False, 'fit_intercept': True, 'max_iter': 500, 'n_jobs': -1, 'penalty': 'elasticnet', 'solver': 'sag'}",,,,,,,,109,,,,,,,,109,,,,,,,,109,,,,,,,,109,,,,,,,,109,,,,,,,,109,,,,,,,,109,,,,,,,,109,,,,,,,,109
427,0.0005044937133789062,0.0010089874267578125,0.0,0.0,8,True,True,500,-1,l2,newton-cholesky,"{'C': 8, 'dual': True, 'fit_intercept': True, 'max_iter': 500, 'n_jobs': -1, 'penalty': 'l2', 'solver': 'newton-cholesky'}",,,,,,,,109,,,,,,,,109,,,,,,,,109,,,,,,,,109,,,,,,,,109,,,,,,,,109,,,,,,,,109,,,,,,,,109,,,,,,,,109
426,0.001913166046142578,0.0038263320922851556,0.0,0.0,8,True,True,500,-1,l2,newton-cg,"{'C': 8, 'dual': True, 'fit_intercept': True, 'max_iter': 500, 'n_jobs': -1, 'penalty': 'l2', 'solver': 'newton-cg'}",,,,,,,,109,,,,,,,,109,,,,,,,,109,,,,,,,,109,,,,,,,,109,,,,,,,,109,,,,,,,,109,,,,,,,,109,,,,,,,,109
425,0.0028159618377685547,0.0030083846092985953,0.0,0.0,8,True,True,500,-1,l2,lbfgs,"{'C': 8, 'dual': True, 'fit_intercept': True, 'max_iter': 500, 'n_jobs': -1, 'penalty': 'l2', 'solver': 'lbfgs'}",,,,,,,,109,,,,,,,,109,,,,,,,,109,,,,,,,,109,,,,,,,,109,,,,,,,,109,,,,,,,,109,,,,,,,,109,,,,,,,,109
424,0.0031296730041503905,0.00625934600830078,0.0,0.0,8,True,True,500,-1,l1,saga,"{'C': 8, 'dual': True, 'fit_intercept': True, 'max_iter': 500, 'n_jobs': -1, 'penalty': 'l1', 'solver': 'saga'}",,,,,,,,109,,,,,,,,109,,,,,,,,109,,,,,,,,109,,,,,,,,109,,,,,,,,109,,,,,,,,109,,,,,,,,109,,,,,,,,109
423,0.0,0.0,0.0,0.0,8,True,True,500,-1,l1,sag,"{'C': 8, 'dual': True, 'fit_intercept': True, 'max_iter': 500, 'n_jobs': -1, 'penalty': 'l1', 'solver': 'sag'}",,,,,,,,109,,,,,,,,109,,,,,,,,109,,,,,,,,109,,,,,,,,109,,,,,,,,109,,,,,,,,109,,,,,,,,109,,,,,,,,109
422,0.0018227577209472656,0.0015221111555077686,0.0,0.0,8,True,True,500,-1,l1,newton-cholesky,"{'C': 8, 'dual': True, 'fit_intercept': True, 'max_iter': 500, 'n_jobs': -1, 'penalty': 'l1', 'solver': 'newton-cholesky'}",,,,,,,,109,,,,,,,,109,,,,,,,,109,,,,,,,,109,,,,,,,,109,,,,,,,,109,,,,,,,,109,,,,,,,,109,,,,,,,,109
421,0.0009145259857177735,0.001829051971435547,0.0,0.0,8,True,True,500,-1,l1,newton-cg,"{'C': 8, 'dual': True, 'fit_intercept': True, 'max_iter': 500, 'n_jobs': -1, 'penalty': 'l1', 'solver': 'newton-cg'}",,,,,,,,109,,,,,,,,109,,,,,,,,109,,,,,,,,109,,,,,,,,109,,,,,,,,109,,,,,,,,109,,,,,,,,109,,,,,,,,109
420,0.004117298126220703,0.005045641238378668,0.0,0.0,8,True,True,500,-1,l1,lbfgs,"{'C': 8, 'dual': True, 'fit_intercept': True, 'max_iter': 500, 'n_jobs': -1, 'penalty': 'l1', 'solver': 'lbfgs'}",,,,,,,,109,,,,,,,,109,,,,,,,,109,,,,,,,,109,,,,,,,,109,,,,,,,,109,,,,,,,,109,,,,,,,,109,,,,,,,,109
419,0.0010279178619384765,0.002055835723876953,0.0,0.0,7,False,False,500,-1,elasticnet,saga,"{'C': 7, 'dual': False, 'fit_intercept': False, 'max_iter': 500, 'n_jobs': -1, 'penalty': 'elasticnet', 'solver': 'saga'}",,,,,,,,109,,,,,,,,109,,,,,,,,109,,,,,,,,109,,,,,,,,109,,,,,,,,109,,,,,,,,109,,,,,,,,109,,,,,,,,109
418,0.0029175281524658203,0.004131153192375604,0.0,0.0,7,False,False,500,-1,elasticnet,sag,"{'C': 7, 'dual': False, 'fit_intercept': False, 'max_iter': 500, 'n_jobs': -1, 'penalty': 'elasticnet', 'solver': 'sag'}",,,,,,,,109,,,,,,,,109,,,,,,,,109,,,,,,,,109,,,,,,,,109,,,,,,,,109,,,,,,,,109,,,,,,,,109,,,,,,,,109
417,0.0010035037994384766,0.0008944957607938094,0.0,0.0,7,False,False,500,-1,elasticnet,newton-cholesky,"{'C': 7, 'dual': False, 'fit_intercept': False, 'max_iter': 500, 'n_jobs': -1, 'penalty': 'elasticnet', 'solver': 'newton-cholesky'}",,,,,,,,109,,,,,,,,109,,,,,,,,109,,,,,,,,109,,,,,,,,109,,,,,,,,109,,,,,,,,109,,,,,,,,109,,,,,,,,109
416,0.0024062633514404298,0.00020521963366131732,0.0,0.0,7,False,False,500,-1,elasticnet,newton-cg,"{'C': 7, 'dual': False, 'fit_intercept': False, 'max_iter': 500, 'n_jobs': -1, 'penalty': 'elasticnet', 'solver': 'newton-cg'}",,,,,,,,109,,,,,,,,109,,,,,,,,109,,,,,,,,109,,,,,,,,109,,,,,,,,109,,,,,,,,109,,,,,,,,109,,,,,,,,109
415,0.0023535728454589845,0.002312755969120148,0.0,0.0,7,False,False,500,-1,elasticnet,lbfgs,"{'C': 7, 'dual': False, 'fit_intercept': False, 'max_iter': 500, 'n_jobs': -1, 'penalty': 'elasticnet', 'solver': 'lbfgs'}",,,,,,,,109,,,,,,,,109,,,,,,,,109,,,,,,,,109,,,,,,,,109,,,,,,,,109,,,,,,,,109,,,,,,,,109,,,,,,,,109
301,0.0024082183837890623,0.00331640582355296,0.0,0.0,6,True,True,500,-1,l1,newton-cg,"{'C': 6, 'dual': True, 'fit_intercept': True, 'max_iter': 500, 'n_jobs': -1, 'penalty': 'l1', 'solver': 'newton-cg'}",,,,,,,,109,,,,,,,,109,,,,,,,,109,,,,,,,,109,,,,,,,,109,,,,,,,,109,,,,,,,,109,,,,,,,,109,,,,,,,,109
408,0.002650165557861328,0.0013750759221036067,0.0,0.0,7,False,False,500,-1,l1,sag,"{'C': 7, 'dual': False, 'fit_intercept': False, 'max_iter': 500, 'n_jobs': -1, 'penalty': 'l1', 'solver': 'sag'}",,,,,,,,109,,,,,,,,109,,,,,,,,109,,,,,,,,109,,,,,,,,109,,,,,,,,109,,,,,,,,109,,,,,,,,109,,,,,,,,109
407,0.0024347782135009767,0.0015956248818241238,0.0,0.0,7,False,False,500,-1,l1,newton-cholesky,"{'C': 7, 'dual': False, 'fit_intercept': False, 'max_iter': 500, 'n_jobs': -1, 'penalty': 'l1', 'solver': 'newton-cholesky'}",,,,,,,,109,,,,,,,,109,,,,,,,,109,,,,,,,,109,,,,,,,,109,,,,,,,,109,,,,,,,,109,,,,,,,,109,,,,,,,,109
406,0.0031456947326660156,0.0034069956992322284,0.0,0.0,7,False,False,500,-1,l1,newton-cg,"{'C': 7, 'dual': False, 'fit_intercept': False, 'max_iter': 500, 'n_jobs': -1, 'penalty': 'l1', 'solver': 'newton-cg'}",,,,,,,,109,,,,,,,,109,,,,,,,,109,,,,,,,,109,,,,,,,,109,,,,,,,,109,,,,,,,,109,,,,,,,,109,,,,,,,,109
405,0.003574180603027344,0.0008342170265063948,0.0,0.0,7,False,False,500,-1,l1,lbfgs,"{'C': 7, 'dual': False, 'fit_intercept': False, 'max_iter': 500, 'n_jobs': -1, 'penalty': 'l1', 'solver': 'lbfgs'}",,,,,,,,109,,,,,,,,109,,,,,,,,109,,,,,,,,109,,,,,,,,109,,,,,,,,109,,,,,,,,109,,,,,,,,109,,,,,,,,109
404,0.005409336090087891,0.004333097735920385,0.0,0.0,7,False,True,500,-1,elasticnet,saga,"{'C': 7, 'dual': False, 'fit_intercept': True, 'max_iter': 500, 'n_jobs': -1, 'penalty': 'elasticnet', 'solver': 'saga'}",,,,,,,,109,,,,,,,,109,,,,,,,,109,,,,,,,,109,,,,,,,,109,,,,,,,,109,,,,,,,,109,,,,,,,,109,,,,,,,,109
403,0.0024939060211181642,0.00330397892924184,0.0,0.0,7,False,True,500,-1,elasticnet,sag,"{'C': 7, 'dual': False, 'fit_intercept': True, 'max_iter': 500, 'n_jobs': -1, 'penalty': 'elasticnet', 'solver': 'sag'}",,,,,,,,109,,,,,,,,109,,,,,,,,109,,,,,,,,109,,,,,,,,109,,,,,,,,109,,,,,,,,109,,,,,,,,109,,,,,,,,109
402,0.003841876983642578,0.0024887128933485303,0.0,0.0,7,False,True,500,-1,elasticnet,newton-cholesky,"{'C': 7, 'dual': False, 'fit_intercept': True, 'max_iter': 500, 'n_jobs': -1, 'penalty': 'elasticnet', 'solver': 'newton-cholesky'}",,,,,,,,109,,,,,,,,109,,,,,,,,109,,,,,,,,109,,,,,,,,109,,,,,,,,109,,,,,,,,109,,,,,,,,109,,,,,,,,109
401,0.002510547637939453,0.0038789127466748088,0.0,0.0,7,False,True,500,-1,elasticnet,newton-cg,"{'C': 7, 'dual': False, 'fit_intercept': True, 'max_iter': 500, 'n_jobs': -1, 'penalty': 'elasticnet', 'solver': 'newton-cg'}",,,,,,,,109,,,,,,,,109,,,,,,,,109,,,,,,,,109,,,,,,,,109,,,,,,,,109,,,,,,,,109,,,,,,,,109,,,,,,,,109
400,0.001238107681274414,0.0007724666742044067,0.0,0.0,7,False,True,500,-1,elasticnet,lbfgs,"{'C': 7, 'dual': False, 'fit_intercept': True, 'max_iter': 500, 'n_jobs': -1, 'penalty': 'elasticnet', 'solver': 'lbfgs'}",,,,,,,,109,,,,,,,,109,,,,,,,,109,,,,,,,,109,,,,,,,,109,,,,,,,,109,,,,,,,,109,,,,,,,,109,,,,,,,,109
393,0.0021227359771728515,0.002213304417102894,0.0,0.0,7,False,True,500,-1,l1,sag,"{'C': 7, 'dual': False, 'fit_intercept': True, 'max_iter': 500, 'n_jobs': -1, 'penalty': 'l1', 'solver': 'sag'}",,,,,,,,109,,,,,,,,109,,,,,,,,109,,,,,,,,109,,,,,,,,109,,,,,,,,109,,,,,,,,109,,,,,,,,109,,,,,,,,109
392,0.002001047134399414,0.00028975993846527414,0.0,0.0,7,False,True,500,-1,l1,newton-cholesky,"{'C': 7, 'dual': False, 'fit_intercept': True, 'max_iter': 500, 'n_jobs': -1, 'penalty': 'l1', 'solver': 'newton-cholesky'}",,,,,,,,109,,,,,,,,109,,,,,,,,109,,,,,,,,109,,,,,,,,109,,,,,,,,109,,,,,,,,109,,,,,,,,109,,,,,,,,109
428,0.0005070686340332032,0.0010141372680664063,0.0,0.0,8,True,True,500,-1,l2,sag,"{'C': 8, 'dual': True, 'fit_intercept': True, 'max_iter': 500, 'n_jobs': -1, 'penalty': 'l2', 'solver': 'sag'}",,,,,,,,109,,,,,,,,109,,,,,,,,109,,,,,,,,109,,,,,,,,109,,,,,,,,109,,,,,,,,109,,,,,,,,109,,,,,,,,109
390,0.003343486785888672,0.003756293279250054,0.0,0.0,7,False,True,500,-1,l1,lbfgs,"{'C': 7, 'dual': False, 'fit_intercept': True, 'max_iter': 500, 'n_jobs': -1, 'penalty': 'l1', 'solver': 'lbfgs'}",,,,,,,,109,,,,,,,,109,,,,,,,,109,,,,,,,,109,,,,,,,,109,,,,,,,,109,,,,,,,,109,,,,,,,,109,,,,,,,,109
429,0.0012112140655517578,0.0007570694231094979,0.0,0.0,8,True,True,500,-1,l2,saga,"{'C': 8, 'dual': True, 'fit_intercept': True, 'max_iter': 500, 'n_jobs': -1, 'penalty': 'l2', 'solver': 'saga'}",,,,,,,,109,,,,,,,,109,,,,,,,,109,,,,,,,,109,,,,,,,,109,,,,,,,,109,,,,,,,,109,,,,,,,,109,,,,,,,,109
431,0.0017365455627441407,0.0014292427365367266,0.0,0.0,8,True,True,500,-1,elasticnet,newton-cg,"{'C': 8, 'dual': True, 'fit_intercept': True, 'max_iter': 500, 'n_jobs': -1, 'penalty': 'elasticnet', 'solver': 'newton-cg'}",,,,,,,,109,,,,,,,,109,,,,,,,,109,,,,,,,,109,,,,,,,,109,,,,,,,,109,,,,,,,,109,,,,,,,,109,,,,,,,,109
462,0.003922176361083984,0.004323619944158488,0.0,0.0,8,False,True,500,-1,elasticnet,newton-cholesky,"{'C': 8, 'dual': False, 'fit_intercept': True, 'max_iter': 500, 'n_jobs': -1, 'penalty': 'elasticnet', 'solver': 'newton-cholesky'}",,,,,,,,109,,,,,,,,109,,,,,,,,109,,,,,,,,109,,,,,,,,109,,,,,,,,109,,,,,,,,109,,,,,,,,109,,,,,,,,109
461,0.0022320270538330076,0.0008305314046777946,0.0,0.0,8,False,True,500,-1,elasticnet,newton-cg,"{'C': 8, 'dual': False, 'fit_intercept': True, 'max_iter': 500, 'n_jobs': -1, 'penalty': 'elasticnet', 'solver': 'newton-cg'}",,,,,,,,109,,,,,,,,109,,,,,,,,109,,,,,,,,109,,,,,,,,109,,,,,,,,109,,,,,,,,109,,,,,,,,109,,,,,,,,109
460,0.0024237632751464844,0.0016892596261630474,0.0,0.0,8,False,True,500,-1,elasticnet,lbfgs,"{'C': 8, 'dual': False, 'fit_intercept': True, 'max_iter': 500, 'n_jobs': -1, 'penalty': 'elasticnet', 'solver': 'lbfgs'}",,,,,,,,109,,,,,,,,109,,,,,,,,109,,,,,,,,109,,,,,,,,109,,,,,,,,109,,,,,,,,109,,,,,,,,109,,,,,,,,109
453,0.00231022834777832,0.00462045669555664,0.0,0.0,8,False,True,500,-1,l1,sag,"{'C': 8, 'dual': False, 'fit_intercept': True, 'max_iter': 500, 'n_jobs': -1, 'penalty': 'l1', 'solver': 'sag'}",,,,,,,,109,,,,,,,,109,,,,,,,,109,,,,,,,,109,,,,,,,,109,,,,,,,,109,,,,,,,,109,,,,,,,,109,,,,,,,,109
452,0.001507139205932617,0.003014278411865234,0.0,0.0,8,False,True,500,-1,l1,newton-cholesky,"{'C': 8, 'dual': False, 'fit_intercept': True, 'max_iter': 500, 'n_jobs': -1, 'penalty': 'l1', 'solver': 'newton-cholesky'}",,,,,,,,109,,,,,,,,109,,,,,,,,109,,,,,,,,109,,,,,,,,109,,,,,,,,109,,,,,,,,109,,,,,,,,109,,,,,,,,109
451,0.00010647773742675782,0.00021295547485351564,0.0,0.0,8,False,True,500,-1,l1,newton-cg,"{'C': 8, 'dual': False, 'fit_intercept': True, 'max_iter': 500, 'n_jobs': -1, 'penalty': 'l1', 'solver': 'newton-cg'}",,,,,,,,109,,,,,,,,109,,,,,,,,109,,,,,,,,109,,,,,,,,109,,,,,,,,109,,,,,,,,109,,,,,,,,109,,,,,,,,109
450,0.001909637451171875,0.00381927490234375,0.0,0.0,8,False,True,500,-1,l1,lbfgs,"{'C': 8, 'dual': False, 'fit_intercept': True, 'max_iter': 500, 'n_jobs': -1, 'penalty': 'l1', 'solver': 'lbfgs'}",,,,,,,,109,,,,,,,,109,,,,,,,,109,,,,,,,,109,,,,,,,,109,,,,,,,,109,,,,,,,,109,,,,,,,,109,,,,,,,,109
449,0.0020210742950439453,0.003318542904510095,0.0,0.0,8,True,False,500,-1,elasticnet,saga,"{'C': 8, 'dual': True, 'fit_intercept': False, 'max_iter': 500, 'n_jobs': -1, 'penalty': 'elasticnet', 'solver': 'saga'}",,,,,,,,109,,,,,,,,109,,,,,,,,109,,,,,,,,109,,,,,,,,109,,,,,,,,109,,,,,,,,109,,,,,,,,109,,,,,,,,109
448,0.002109527587890625,0.00421905517578125,0.0,0.0,8,True,False,500,-1,elasticnet,sag,"{'C': 8, 'dual': True, 'fit_intercept': False, 'max_iter': 500, 'n_jobs': -1, 'penalty': 'elasticnet', 'solver': 'sag'}",,,,,,,,109,,,,,,,,109,,,,,,,,109,,,,,,,,109,,,,,,,,109,,,,,,,,109,,,,,,,,109,,,,,,,,109,,,,,,,,109
447,0.001909637451171875,0.00381927490234375,0.0,0.0,8,True,False,500,-1,elasticnet,newton-cholesky,"{'C': 8, 'dual': True, 'fit_intercept': False, 'max_iter': 500, 'n_jobs': -1, 'penalty': 'elasticnet', 'solver': 'newton-cholesky'}",,,,,,,,109,,,,,,,,109,,,,,,,,109,,,,,,,,109,,,,,,,,109,,,,,,,,109,,,,,,,,109,,,,,,,,109,,,,,,,,109
446,0.0008189201354980469,0.0010496565837683916,0.0,0.0,8,True,False,500,-1,elasticnet,newton-cg,"{'C': 8, 'dual': True, 'fit_intercept': False, 'max_iter': 500, 'n_jobs': -1, 'penalty': 'elasticnet', 'solver': 'newton-cg'}",,,,,,,,109,,,,,,,,109,,,,,,,,109,,,,,,,,109,,,,,,,,109,,,,,,,,109,,,,,,,,109,,,,,,,,109,,,,,,,,109
445,0.0004134178161621094,0.0005970362836653521,0.0,0.0,8,True,False,500,-1,elasticnet,lbfgs,"{'C': 8, 'dual': True, 'fit_intercept': False, 'max_iter': 500, 'n_jobs': -1, 'penalty': 'elasticnet', 'solver': 'lbfgs'}",,,,,,,,109,,,,,,,,109,,,,,,,,109,,,,,,,,109,,,,,,,,109,,,,,,,,109,,,,,,,,109,,,,,,,,109,,,,,,,,109
444,0.000985097885131836,0.0015132534340154282,0.0,0.0,8,True,False,500,-1,l2,saga,"{'C': 8, 'dual': True, 'fit_intercept': False, 'max_iter': 500, 'n_jobs': -1, 'penalty': 'l2', 'solver': 'saga'}",,,,,,,,109,,,,,,,,109,,,,,,,,109,,,,,,,,109,,,,,,,,109,,,,,,,,109,,,,,,,,109,,,,,,,,109,,,,,,,,109
443,0.0009250164031982422,0.0009864258087084981,0.0,0.0,8,True,False,500,-1,l2,sag,"{'C': 8, 'dual': True, 'fit_intercept': False, 'max_iter': 500, 'n_jobs': -1, 'penalty': 'l2', 'solver': 'sag'}",,,,,,,,109,,,,,,,,109,,,,,,,,109,,,,,,,,109,,,,,,,,109,,,,,,,,109,,,,,,,,109,,,,,,,,109,,,,,,,,109
442,0.0012124061584472656,0.002168113855605014,0.0,0.0,8,True,False,500,-1,l2,newton-cholesky,"{'C': 8, 'dual': True, 'fit_intercept': False, 'max_iter': 500, 'n_jobs': -1, 'penalty': 'l2', 'solver': 'newton-cholesky'}",,,,,,,,109,,,,,,,,109,,,,,,,,109,,,,,,,,109,,,,,,,,109,,,,,,,,109,,,,,,,,109,,,,,,,,109,,,,,,,,109
441,0.003127908706665039,0.004098498512787372,0.0,0.0,8,True,False,500,-1,l2,newton-cg,"{'C': 8, 'dual': True, 'fit_intercept': False, 'max_iter': 500, 'n_jobs': -1, 'penalty': 'l2', 'solver': 'newton-cg'}",,,,,,,,109,,,,,,,,109,,,,,,,,109,,,,,,,,109,,,,,,,,109,,,,,,,,109,,,,,,,,109,,,,,,,,109,,,,,,,,109
440,0.0,0.0,0.0,0.0,8,True,False,500,-1,l2,lbfgs,"{'C': 8, 'dual': True, 'fit_intercept': False, 'max_iter': 500, 'n_jobs': -1, 'penalty': 'l2', 'solver': 'lbfgs'}",,,,,,,,109,,,,,,,,109,,,,,,,,109,,,,,,,,109,,,,,,,,109,,,,,,,,109,,,,,,,,109,,,,,,,,109,,,,,,,,109
439,0.003112173080444336,0.002567564663138142,0.0,0.0,8,True,False,500,-1,l1,saga,"{'C': 8, 'dual': True, 'fit_intercept': False, 'max_iter': 500, 'n_jobs': -1, 'penalty': 'l1', 'solver': 'saga'}",,,,,,,,109,,,,,,,,109,,,,,,,,109,,,,,,,,109,,,,,,,,109,,,,,,,,109,,,,,,,,109,,,,,,,,109,,,,,,,,109
438,0.0020246028900146483,0.0040492057800292965,0.0,0.0,8,True,False,500,-1,l1,sag,"{'C': 8, 'dual': True, 'fit_intercept': False, 'max_iter': 500, 'n_jobs': -1, 'penalty': 'l1', 'solver': 'sag'}",,,,,,,,109,,,,,,,,109,,,,,,,,109,,,,,,,,109,,,,,,,,109,,,,,,,,109,,,,,,,,109,,,,,,,,109,,,,,,,,109
437,0.0030356884002685548,0.00418689425967682,0.0,0.0,8,True,False,500,-1,l1,newton-cholesky,"{'C': 8, 'dual': True, 'fit_intercept': False, 'max_iter': 500, 'n_jobs': -1, 'penalty': 'l1', 'solver': 'newton-cholesky'}",,,,,,,,109,,,,,,,,109,,,,,,,,109,,,,,,,,109,,,,,,,,109,,,,,,,,109,,,,,,,,109,,,,,,,,109,,,,,,,,109
436,0.002406740188598633,0.0022744703468739933,0.0,0.0,8,True,False,500,-1,l1,newton-cg,"{'C': 8, 'dual': True, 'fit_intercept': False, 'max_iter': 500, 'n_jobs': -1, 'penalty': 'l1', 'solver': 'newton-cg'}",,,,,,,,109,,,,,,,,109,,,,,,,,109,,,,,,,,109,,,,,,,,109,,,,,,,,109,,,,,,,,109,,,,,,,,109,,,,,,,,109
435,0.004049539566040039,0.004959652843084723,0.0,0.0,8,True,False,500,-1,l1,lbfgs,"{'C': 8, 'dual': True, 'fit_intercept': False, 'max_iter': 500, 'n_jobs': -1, 'penalty': 'l1', 'solver': 'lbfgs'}",,,,,,,,109,,,,,,,,109,,,,,,,,109,,,,,,,,109,,,,,,,,109,,,,,,,,109,,,,,,,,109,,,,,,,,109,,,,,,,,109
434,0.0016277313232421875,0.0017281248948588146,0.0,0.0,8,True,True,500,-1,elasticnet,saga,"{'C': 8, 'dual': True, 'fit_intercept': True, 'max_iter': 500, 'n_jobs': -1, 'penalty': 'elasticnet', 'solver': 'saga'}",,,,,,,,109,,,,,,,,109,,,,,,,,109,,,,,,,,109,,,,,,,,109,,,,,,,,109,,,,,,,,109,,,,,,,,109,,,,,,,,109
433,0.0016140937805175781,0.0008075117536050706,0.0,0.0,8,True,True,500,-1,elasticnet,sag,"{'C': 8, 'dual': True, 'fit_intercept': True, 'max_iter': 500, 'n_jobs': -1, 'penalty': 'elasticnet', 'solver': 'sag'}",,,,,,,,109,,,,,,,,109,,,,,,,,109,,,,,,,,109,,,,,,,,109,,,,,,,,109,,,,,,,,109,,,,,,,,109,,,,,,,,109
432,0.0018855094909667968,0.0003408807625483799,0.0,0.0,8,True,True,500,-1,elasticnet,newton-cholesky,"{'C': 8, 'dual': True, 'fit_intercept': True, 'max_iter': 500, 'n_jobs': -1, 'penalty': 'elasticnet', 'solver': 'newton-cholesky'}",,,,,,,,109,,,,,,,,109,,,,,,,,109,,,,,,,,109,,,,,,,,109,,,,,,,,109,,,,,,,,109,,,,,,,,109,,,,,,,,109
430,0.0013504981994628905,0.0012527157556688209,0.0,0.0,8,True,True,500,-1,elasticnet,lbfgs,"{'C': 8, 'dual': True, 'fit_intercept': True, 'max_iter': 500, 'n_jobs': -1, 'penalty': 'elasticnet', 'solver': 'lbfgs'}",,,,,,,,109,,,,,,,,109,,,,,,,,109,,,,,,,,109,,,,,,,,109,,,,,,,,109,,,,,,,,109,,,,,,,,109,,,,,,,,109
300,0.0007444381713867188,0.0014888763427734375,0.0,0.0,6,True,True,500,-1,l1,lbfgs,"{'C': 6, 'dual': True, 'fit_intercept': True, 'max_iter': 500, 'n_jobs': -1, 'penalty': 'l1', 'solver': 'lbfgs'}",,,,,,,,109,,,,,,,,109,,,,,,,,109,,,,,,,,109,,,,,,,,109,,,,,,,,109,,,,,,,,109,,,,,,,,109,,,,,,,,109
269,0.0005072593688964844,0.0010145187377929687,0.0,0.0,5,True,False,500,-1,elasticnet,saga,"{'C': 5, 'dual': True, 'fit_intercept': False, 'max_iter': 500, 'n_jobs': -1, 'penalty': 'elasticnet', 'solver': 'saga'}",,,,,,,,109,,,,,,,,109,,,,,,,,109,,,,,,,,109,,,,,,,,109,,,,,,,,109,,,,,,,,109,,,,,,,,109,,,,,,,,109
298,0.003133678436279297,0.002931461096171372,0.0,0.0,5,False,False,500,-1,elasticnet,sag,"{'C': 5, 'dual': False, 'fit_intercept': False, 'max_iter': 500, 'n_jobs': -1, 'penalty': 'elasticnet', 'solver': 'sag'}",,,,,,,,109,,,,,,,,109,,,,,,,,109,,,,,,,,109,,,,,,,,109,,,,,,,,109,,,,,,,,109,,,,,,,,109,,,,,,,,109
104,0.0026239871978759764,0.0025922632332792913,0.0,0.0,2,False,True,500,-1,elasticnet,saga,"{'C': 2, 'dual': False, 'fit_intercept': True, 'max_iter': 500, 'n_jobs': -1, 'penalty': 'elasticnet', 'solver': 'saga'}",,,,,,,,109,,,,,,,,109,,,,,,,,109,,,,,,,,109,,,,,,,,109,,,,,,,,109,,,,,,,,109,,,,,,,,109,,,,,,,,109
103,0.002024126052856445,0.0016937458057528342,0.0,0.0,2,False,True,500,-1,elasticnet,sag,"{'C': 2, 'dual': False, 'fit_intercept': True, 'max_iter': 500, 'n_jobs': -1, 'penalty': 'elasticnet', 'solver': 'sag'}",,,,,,,,109,,,,,,,,109,,,,,,,,109,,,,,,,,109,,,,,,,,109,,,,,,,,109,,,,,,,,109,,,,,,,,109,,,,,,,,109
102,0.0,0.0,0.0,0.0,2,False,True,500,-1,elasticnet,newton-cholesky,"{'C': 2, 'dual': False, 'fit_intercept': True, 'max_iter': 500, 'n_jobs': -1, 'penalty': 'elasticnet', 'solver': 'newton-cholesky'}",,,,,,,,109,,,,,,,,109,,,,,,,,109,,,,,,,,109,,,,,,,,109,,,,,,,,109,,,,,,,,109,,,,,,,,109,,,,,,,,109
101,0.001849222183227539,0.0011503490475802114,0.0,0.0,2,False,True,500,-1,elasticnet,newton-cg,"{'C': 2, 'dual': False, 'fit_intercept': True, 'max_iter': 500, 'n_jobs': -1, 'penalty': 'elasticnet', 'solver': 'newton-cg'}",,,,,,,,109,,,,,,,,109,,,,,,,,109,,,,,,,,109,,,,,,,,109,,,,,,,,109,,,,,,,,109,,,,,,,,109,,,,,,,,109
100,0.0019662857055664064,0.0002944572887071078,0.0,0.0,2,False,True,500,-1,elasticnet,lbfgs,"{'C': 2, 'dual': False, 'fit_intercept': True, 'max_iter': 500, 'n_jobs': -1, 'penalty': 'elasticnet', 'solver': 'lbfgs'}",,,,,,,,109,,,,,,,,109,,,,,,,,109,,,,,,,,109,,,,,,,,109,,,,,,,,109,,,,,,,,109,,,,,,,,109,,,,,,,,109
93,0.0012451648712158204,0.001021262922011892,0.0,0.0,2,False,True,500,-1,l1,sag,"{'C': 2, 'dual': False, 'fit_intercept': True, 'max_iter': 500, 'n_jobs': -1, 'penalty': 'l1', 'solver': 'sag'}",,,,,,,,109,,,,,,,,109,,,,,,,,109,,,,,,,,109,,,,,,,,109,,,,,,,,109,,,,,,,,109,,,,,,,,109,,,,,,,,109
92,0.0017163753509521484,0.0003929900528273244,0.0,0.0,2,False,True,500,-1,l1,newton-cholesky,"{'C': 2, 'dual': False, 'fit_intercept': True, 'max_iter': 500, 'n_jobs': -1, 'penalty': 'l1', 'solver': 'newton-cholesky'}",,,,,,,,109,,,,,,,,109,,,,,,,,109,,,,,,,,109,,,,,,,,109,,,,,,,,109,,,,,,,,109,,,,,,,,109,,,,,,,,109
91,0.002433300018310547,0.0012304666868231096,0.0,0.0,2,False,True,500,-1,l1,newton-cg,"{'C': 2, 'dual': False, 'fit_intercept': True, 'max_iter': 500, 'n_jobs': -1, 'penalty': 'l1', 'solver': 'newton-cg'}",,,,,,,,109,,,,,,,,109,,,,,,,,109,,,,,,,,109,,,,,,,,109,,,,,,,,109,,,,,,,,109,,,,,,,,109,,,,,,,,109
90,0.0013041973114013671,0.0004022515401443417,0.0,0.0,2,False,True,500,-1,l1,lbfgs,"{'C': 2, 'dual': False, 'fit_intercept': True, 'max_iter': 500, 'n_jobs': -1, 'penalty': 'l1', 'solver': 'lbfgs'}",,,,,,,,109,,,,,,,,109,,,,,,,,109,,,,,,,,109,,,,,,,,109,,,,,,,,109,,,,,,,,109,,,,,,,,109,,,,,,,,109
89,0.002505207061767578,0.001800209712463096,0.0,0.0,2,True,False,500,-1,elasticnet,saga,"{'C': 2, 'dual': True, 'fit_intercept': False, 'max_iter': 500, 'n_jobs': -1, 'penalty': 'elasticnet', 'solver': 'saga'}",,,,,,,,109,,,,,,,,109,,,,,,,,109,,,,,,,,109,,,,,,,,109,,,,,,,,109,,,,,,,,109,,,,,,,,109,,,,,,,,109
88,0.002840614318847656,0.005681228637695312,0.0,0.0,2,True,False,500,-1,elasticnet,sag,"{'C': 2, 'dual': True, 'fit_intercept': False, 'max_iter': 500, 'n_jobs': -1, 'penalty': 'elasticnet', 'solver': 'sag'}",,,,,,,,109,,,,,,,,109,,,,,,,,109,,,,,,,,109,,,,,,,,109,,,,,,,,109,,,,,,,,109,,,,,,,,109,,,,,,,,109
87,0.0024174213409423827,0.0017713096339669995,0.0,0.0,2,True,False,500,-1,elasticnet,newton-cholesky,"{'C': 2, 'dual': True, 'fit_intercept': False, 'max_iter': 500, 'n_jobs': -1, 'penalty': 'elasticnet', 'solver': 'newton-cholesky'}",,,,,,,,109,,,,,,,,109,,,,,,,,109,,,,,,,,109,,,,,,,,109,,,,,,,,109,,,,,,,,109,,,,,,,,109,,,,,,,,109
105,0.0005071640014648437,0.0010143280029296874,0.0,0.0,2,False,False,500,-1,l1,lbfgs,"{'C': 2, 'dual': False, 'fit_intercept': False, 'max_iter': 500, 'n_jobs': -1, 'penalty': 'l1', 'solver': 'lbfgs'}",,,,,,,,109,,,,,,,,109,,,,,,,,109,,,,,,,,109,,,,,,,,109,,,,,,,,109,,,,,,,,109,,,,,,,,109,,,,,,,,109
86,0.0010367393493652343,0.0016215024675676083,0.0,0.0,2,True,False,500,-1,elasticnet,newton-cg,"{'C': 2, 'dual': True, 'fit_intercept': False, 'max_iter': 500, 'n_jobs': -1, 'penalty': 'elasticnet', 'solver': 'newton-cg'}",,,,,,,,109,,,,,,,,109,,,,,,,,109,,,,,,,,109,,,,,,,,109,,,,,,,,109,,,,,,,,109,,,,,,,,109,,,,,,,,109
84,0.001813507080078125,0.0009503621113707396,0.0,0.0,2,True,False,500,-1,l2,saga,"{'C': 2, 'dual': True, 'fit_intercept': False, 'max_iter': 500, 'n_jobs': -1, 'penalty': 'l2', 'solver': 'saga'}",,,,,,,,109,,,,,,,,109,,,,,,,,109,,,,,,,,109,,,,,,,,109,,,,,,,,109,,,,,,,,109,,,,,,,,109,,,,,,,,109
83,0.00190277099609375,0.0005074888828230784,0.0,0.0,2,True,False,500,-1,l2,sag,"{'C': 2, 'dual': True, 'fit_intercept': False, 'max_iter': 500, 'n_jobs': -1, 'penalty': 'l2', 'solver': 'sag'}",,,,,,,,109,,,,,,,,109,,,,,,,,109,,,,,,,,109,,,,,,,,109,,,,,,,,109,,,,,,,,109,,,,,,,,109,,,,,,,,109
82,0.002204704284667969,0.0034974054771009207,0.0,0.0,2,True,False,500,-1,l2,newton-cholesky,"{'C': 2, 'dual': True, 'fit_intercept': False, 'max_iter': 500, 'n_jobs': -1, 'penalty': 'l2', 'solver': 'newton-cholesky'}",,,,,,,,109,,,,,,,,109,,,,,,,,109,,,,,,,,109,,,,,,,,109,,,,,,,,109,,,,,,,,109,,,,,,,,109,,,,,,,,109
81,0.004265308380126953,0.005993324033877039,0.0,0.0,2,True,False,500,-1,l2,newton-cg,"{'C': 2, 'dual': True, 'fit_intercept': False, 'max_iter': 500, 'n_jobs': -1, 'penalty': 'l2', 'solver': 'newton-cg'}",,,,,,,,109,,,,,,,,109,,,,,,,,109,,,,,,,,109,,,,,,,,109,,,,,,,,109,,,,,,,,109,,,,,,,,109,,,,,,,,109
80,0.0022022247314453123,0.0028725284236451433,0.0,0.0,2,True,False,500,-1,l2,lbfgs,"{'C': 2, 'dual': True, 'fit_intercept': False, 'max_iter': 500, 'n_jobs': -1, 'penalty': 'l2', 'solver': 'lbfgs'}",,,,,,,,109,,,,,,,,109,,,,,,,,109,,,,,,,,109,,,,,,,,109,,,,,,,,109,,,,,,,,109,,,,,,,,109,,,,,,,,109
79,0.0,0.0,0.0,0.0,2,True,False,500,-1,l1,saga,"{'C': 2, 'dual': True, 'fit_intercept': False, 'max_iter': 500, 'n_jobs': -1, 'penalty': 'l1', 'solver': 'saga'}",,,,,,,,109,,,,,,,,109,,,,,,,,109,,,,,,,,109,,,,,,,,109,,,,,,,,109,,,,,,,,109,,,,,,,,109,,,,,,,,109
78,0.0003109455108642578,0.0006218910217285156,0.0,0.0,2,True,False,500,-1,l1,sag,"{'C': 2, 'dual': True, 'fit_intercept': False, 'max_iter': 500, 'n_jobs': -1, 'penalty': 'l1', 'solver': 'sag'}",,,,,,,,109,,,,,,,,109,,,,,,,,109,,,,,,,,109,,,,,,,,109,,,,,,,,109,,,,,,,,109,,,,,,,,109,,,,,,,,109
77,0.0003109455108642578,0.0006218910217285156,0.0,0.0,2,True,False,500,-1,l1,newton-cholesky,"{'C': 2, 'dual': True, 'fit_intercept': False, 'max_iter': 500, 'n_jobs': -1, 'penalty': 'l1', 'solver': 'newton-cholesky'}",,,,,,,,109,,,,,,,,109,,,,,,,,109,,,,,,,,109,,,,,,,,109,,,,,,,,109,,,,,,,,109,,,,,,,,109,,,,,,,,109
76,0.0005224704742431641,0.0005635503862806252,0.0,0.0,2,True,False,500,-1,l1,newton-cg,"{'C': 2, 'dual': True, 'fit_intercept': False, 'max_iter': 500, 'n_jobs': -1, 'penalty': 'l1', 'solver': 'newton-cg'}",,,,,,,,109,,,,,,,,109,,,,,,,,109,,,,,,,,109,,,,,,,,109,,,,,,,,109,,,,,,,,109,,,,,,,,109,,,,,,,,109
75,0.0011074066162109375,0.002214813232421875,0.0,0.0,2,True,False,500,-1,l1,lbfgs,"{'C': 2, 'dual': True, 'fit_intercept': False, 'max_iter': 500, 'n_jobs': -1, 'penalty': 'l1', 'solver': 'lbfgs'}",,,,,,,,109,,,,,,,,109,,,,,,,,109,,,,,,,,109,,,,,,,,109,,,,,,,,109,,,,,,,,109,,,,,,,,109,,,,,,,,109
74,0.0004067420959472656,0.0008134841918945312,0.0,0.0,2,True,True,500,-1,elasticnet,saga,"{'C': 2, 'dual': True, 'fit_intercept': True, 'max_iter': 500, 'n_jobs': -1, 'penalty': 'elasticnet', 'solver': 'saga'}",,,,,,,,109,,,,,,,,109,,,,,,,,109,,,,,,,,109,,,,,,,,109,,,,,,,,109,,,,,,,,109,,,,,,,,109,,,,,,,,109
73,0.0018138408660888672,0.002310189413803065,0.0,0.0,2,True,True,500,-1,elasticnet,sag,"{'C': 2, 'dual': True, 'fit_intercept': True, 'max_iter': 500, 'n_jobs': -1, 'penalty': 'elasticnet', 'solver': 'sag'}",,,,,,,,109,,,,,,,,109,,,,,,,,109,,,,,,,,109,,,,,,,,109,,,,,,,,109,,,,,,,,109,,,,,,,,109,,,,,,,,109
85,0.002291297912597656,0.0023719013673644896,0.0,0.0,2,True,False,500,-1,elasticnet,lbfgs,"{'C': 2, 'dual': True, 'fit_intercept': False, 'max_iter': 500, 'n_jobs': -1, 'penalty': 'elasticnet', 'solver': 'lbfgs'}",,,,,,,,109,,,,,,,,109,,,,,,,,109,,,,,,,,109,,,,,,,,109,,,,,,,,109,,,,,,,,109,,,,,,,,109,,,,,,,,109
72,0.0008196353912353516,0.0011916548916097783,0.0,0.0,2,True,True,500,-1,elasticnet,newton-cholesky,"{'C': 2, 'dual': True, 'fit_intercept': True, 'max_iter': 500, 'n_jobs': -1, 'penalty': 'elasticnet', 'solver': 'newton-cholesky'}",,,,,,,,109,,,,,,,,109,,,,,,,,109,,,,,,,,109,,,,,,,,109,,,,,,,,109,,,,,,,,109,,,,,,,,109,,,,,,,,109
106,0.0025449752807617187,0.005089950561523438,0.0,0.0,2,False,False,500,-1,l1,newton-cg,"{'C': 2, 'dual': False, 'fit_intercept': False, 'max_iter': 500, 'n_jobs': -1, 'penalty': 'l1', 'solver': 'newton-cg'}",,,,,,,,109,,,,,,,,109,,,,,,,,109,,,,,,,,109,,,,,,,,109,,,,,,,,109,,,,,,,,109,,,,,,,,109,,,,,,,,109
108,0.0010402202606201172,0.0020804405212402344,0.0,0.0,2,False,False,500,-1,l1,sag,"{'C': 2, 'dual': False, 'fit_intercept': False, 'max_iter': 500, 'n_jobs': -1, 'penalty': 'l1', 'solver': 'sag'}",,,,,,,,109,,,,,,,,109,,,,,,,,109,,,,,,,,109,,,,,,,,109,,,,,,,,109,,,,,,,,109,,,,,,,,109,,,,,,,,109
140,0.001004791259765625,0.00200958251953125,0.0,0.0,3,True,False,500,-1,l2,lbfgs,"{'C': 3, 'dual': True, 'fit_intercept': False, 'max_iter': 500, 'n_jobs': -1, 'penalty': 'l2', 'solver': 'lbfgs'}",,,,,,,,109,,,,,,,,109,,,,,,,,109,,,,,,,,109,,,,,,,,109,,,,,,,,109,,,,,,,,109,,,,,,,,109,,,,,,,,109
139,0.00010747909545898438,0.00021495819091796878,0.0,0.0,3,True,False,500,-1,l1,saga,"{'C': 3, 'dual': True, 'fit_intercept': False, 'max_iter': 500, 'n_jobs': -1, 'penalty': 'l1', 'solver': 'saga'}",,,,,,,,109,,,,,,,,109,,,,,,,,109,,,,,,,,109,,,,,,,,109,,,,,,,,109,,,,,,,,109,,,,,,,,109,,,,,,,,109
138,0.00211029052734375,0.0042205810546875,0.0,0.0,3,True,False,500,-1,l1,sag,"{'C': 3, 'dual': True, 'fit_intercept': False, 'max_iter': 500, 'n_jobs': -1, 'penalty': 'l1', 'solver': 'sag'}",,,,,,,,109,,,,,,,,109,,,,,,,,109,,,,,,,,109,,,,,,,,109,,,,,,,,109,,,,,,,,109,,,,,,,,109,,,,,,,,109
137,0.0013072490692138672,0.0019484688558012884,0.0,0.0,3,True,False,500,-1,l1,newton-cholesky,"{'C': 3, 'dual': True, 'fit_intercept': False, 'max_iter': 500, 'n_jobs': -1, 'penalty': 'l1', 'solver': 'newton-cholesky'}",,,,,,,,109,,,,,,,,109,,,,,,,,109,,,,,,,,109,,,,,,,,109,,,,,,,,109,,,,,,,,109,,,,,,,,109,,,,,,,,109
136,0.002115297317504883,0.004230594635009766,0.0,0.0,3,True,False,500,-1,l1,newton-cg,"{'C': 3, 'dual': True, 'fit_intercept': False, 'max_iter': 500, 'n_jobs': -1, 'penalty': 'l1', 'solver': 'newton-cg'}",,,,,,,,109,,,,,,,,109,,,,,,,,109,,,,,,,,109,,,,,,,,109,,,,,,,,109,,,,,,,,109,,,,,,,,109,,,,,,,,109
135,0.002012348175048828,0.002464616986178507,0.0,0.0,3,True,False,500,-1,l1,lbfgs,"{'C': 3, 'dual': True, 'fit_intercept': False, 'max_iter': 500, 'n_jobs': -1, 'penalty': 'l1', 'solver': 'lbfgs'}",,,,,,,,109,,,,,,,,109,,,,,,,,109,,,,,,,,109,,,,,,,,109,,,,,,,,109,,,,,,,,109,,,,,,,,109,,,,,,,,109
134,0.004384088516235352,0.007901074130622838,0.0,0.0,3,True,True,500,-1,elasticnet,saga,"{'C': 3, 'dual': True, 'fit_intercept': True, 'max_iter': 500, 'n_jobs': -1, 'penalty': 'elasticnet', 'solver': 'saga'}",,,,,,,,109,,,,,,,,109,,,,,,,,109,,,,,,,,109,,,,,,,,109,,,,,,,,109,,,,,,,,109,,,,,,,,109,,,,,,,,109
133,0.0017270088195800782,0.0025309816211008616,0.0,0.0,3,True,True,500,-1,elasticnet,sag,"{'C': 3, 'dual': True, 'fit_intercept': True, 'max_iter': 500, 'n_jobs': -1, 'penalty': 'elasticnet', 'solver': 'sag'}",,,,,,,,109,,,,,,,,109,,,,,,,,109,,,,,,,,109,,,,,,,,109,,,,,,,,109,,,,,,,,109,,,,,,,,109,,,,,,,,109
132,0.002521324157714844,0.0024563233039015977,0.0,0.0,3,True,True,500,-1,elasticnet,newton-cholesky,"{'C': 3, 'dual': True, 'fit_intercept': True, 'max_iter': 500, 'n_jobs': -1, 'penalty': 'elasticnet', 'solver': 'newton-cholesky'}",,,,,,,,109,,,,,,,,109,,,,,,,,109,,,,,,,,109,,,,,,,,109,,,,,,,,109,,,,,,,,109,,,,,,,,109,,,,,,,,109
131,0.002006196975708008,0.004012393951416016,0.0,0.0,3,True,True,500,-1,elasticnet,newton-cg,"{'C': 3, 'dual': True, 'fit_intercept': True, 'max_iter': 500, 'n_jobs': -1, 'penalty': 'elasticnet', 'solver': 'newton-cg'}",,,,,,,,109,,,,,,,,109,,,,,,,,109,,,,,,,,109,,,,,,,,109,,,,,,,,109,,,,,,,,109,,,,,,,,109,,,,,,,,109
130,0.00042395591735839845,0.000847911834716797,0.0,0.0,3,True,True,500,-1,elasticnet,lbfgs,"{'C': 3, 'dual': True, 'fit_intercept': True, 'max_iter': 500, 'n_jobs': -1, 'penalty': 'elasticnet', 'solver': 'lbfgs'}",,,,,,,,109,,,,,,,,109,,,,,,,,109,,,,,,,,109,,,,,,,,109,,,,,,,,109,,,,,,,,109,,,,,,,,109,,,,,,,,109
129,0.0020130157470703127,0.0003043219946463087,0.0,0.0,3,True,True,500,-1,l2,saga,"{'C': 3, 'dual': True, 'fit_intercept': True, 'max_iter': 500, 'n_jobs': -1, 'penalty': 'l2', 'solver': 'saga'}",,,,,,,,109,,,,,,,,109,,,,,,,,109,,,,,,,,109,,,,,,,,109,,,,,,,,109,,,,,,,,109,,,,,,,,109,,,,,,,,109
107,0.0025449752807617187,0.005089950561523437,0.0,0.0,2,False,False,500,-1,l1,newton-cholesky,"{'C': 2, 'dual': False, 'fit_intercept': False, 'max_iter': 500, 'n_jobs': -1, 'penalty': 'l1', 'solver': 'newton-cholesky'}",,,,,,,,109,,,,,,,,109,,,,,,,,109,,,,,,,,109,,,,,,,,109,,,,,,,,109,,,,,,,,109,,,,,,,,109,,,,,,,,109
128,0.0021060943603515626,0.00021225979628355126,0.0,0.0,3,True,True,500,-1,l2,sag,"{'C': 3, 'dual': True, 'fit_intercept': True, 'max_iter': 500, 'n_jobs': -1, 'penalty': 'l2', 'solver': 'sag'}",,,,,,,,109,,,,,,,,109,,,,,,,,109,,,,,,,,109,,,,,,,,109,,,,,,,,109,,,,,,,,109,,,,,,,,109,,,,,,,,109
126,0.001849794387817383,0.0015087688049225535,0.0,0.0,3,True,True,500,-1,l2,newton-cg,"{'C': 3, 'dual': True, 'fit_intercept': True, 'max_iter': 500, 'n_jobs': -1, 'penalty': 'l2', 'solver': 'newton-cg'}",,,,,,,,109,,,,,,,,109,,,,,,,,109,,,,,,,,109,,,,,,,,109,,,,,,,,109,,,,,,,,109,,,,,,,,109,,,,,,,,109
125,0.001706838607788086,0.00039769116627101696,0.0,0.0,3,True,True,500,-1,l2,lbfgs,"{'C': 3, 'dual': True, 'fit_intercept': True, 'max_iter': 500, 'n_jobs': -1, 'penalty': 'l2', 'solver': 'lbfgs'}",,,,,,,,109,,,,,,,,109,,,,,,,,109,,,,,,,,109,,,,,,,,109,,,,,,,,109,,,,,,,,109,,,,,,,,109,,,,,,,,109
124,0.002050638198852539,0.0035260729088952216,0.0,0.0,3,True,True,500,-1,l1,saga,"{'C': 3, 'dual': True, 'fit_intercept': True, 'max_iter': 500, 'n_jobs': -1, 'penalty': 'l1', 'solver': 'saga'}",,,,,,,,109,,,,,,,,109,,,,,,,,109,,,,,,,,109,,,,,,,,109,,,,,,,,109,,,,,,,,109,,,,,,,,109,,,,,,,,109
123,0.0017303943634033204,0.0016762195344022426,0.0,0.0,3,True,True,500,-1,l1,sag,"{'C': 3, 'dual': True, 'fit_intercept': True, 'max_iter': 500, 'n_jobs': -1, 'penalty': 'l1', 'solver': 'sag'}",,,,,,,,109,,,,,,,,109,,,,,,,,109,,,,,,,,109,,,,,,,,109,,,,,,,,109,,,,,,,,109,,,,,,,,109,,,,,,,,109
122,0.0018093585968017578,0.0002393488378584632,0.0,0.0,3,True,True,500,-1,l1,newton-cholesky,"{'C': 3, 'dual': True, 'fit_intercept': True, 'max_iter': 500, 'n_jobs': -1, 'penalty': 'l1', 'solver': 'newton-cholesky'}",,,,,,,,109,,,,,,,,109,,,,,,,,109,,,,,,,,109,,,,,,,,109,,,,,,,,109,,,,,,,,109,,,,,,,,109,,,,,,,,109
121,0.0021681785583496094,0.0004469173912904848,0.0,0.0,3,True,True,500,-1,l1,newton-cg,"{'C': 3, 'dual': True, 'fit_intercept': True, 'max_iter': 500, 'n_jobs': -1, 'penalty': 'l1', 'solver': 'newton-cg'}",,,,,,,,109,,,,,,,,109,,,,,,,,109,,,,,,,,109,,,,,,,,109,,,,,,,,109,,,,,,,,109,,,,,,,,109,,,,,,,,109
120,0.0008114814758300781,0.0009939838821128935,0.0,0.0,3,True,True,500,-1,l1,lbfgs,"{'C': 3, 'dual': True, 'fit_intercept': True, 'max_iter': 500, 'n_jobs': -1, 'penalty': 'l1', 'solver': 'lbfgs'}",,,,,,,,109,,,,,,,,109,,,,,,,,109,,,,,,,,109,,,,,,,,109,,,,,,,,109,,,,,,,,109,,,,,,,,109,,,,,,,,109
119,0.0015079975128173828,0.0003149794400337259,0.0,0.0,2,False,False,500,-1,elasticnet,saga,"{'C': 2, 'dual': False, 'fit_intercept': False, 'max_iter': 500, 'n_jobs': -1, 'penalty': 'elasticnet', 'solver': 'saga'}",,,,,,,,109,,,,,,,,109,,,,,,,,109,,,,,,,,109,,,,,,,,109,,,,,,,,109,,,,,,,,109,,,,,,,,109,,,,,,,,109
118,0.001802349090576172,0.000400526653810354,0.0,0.0,2,False,False,500,-1,elasticnet,sag,"{'C': 2, 'dual': False, 'fit_intercept': False, 'max_iter': 500, 'n_jobs': -1, 'penalty': 'elasticnet', 'solver': 'sag'}",,,,,,,,109,,,,,,,,109,,,,,,,,109,,,,,,,,109,,,,,,,,109,,,,,,,,109,,,,,,,,109,,,,,,,,109,,,,,,,,109
117,0.0027307987213134764,0.003551903532308982,0.0,0.0,2,False,False,500,-1,elasticnet,newton-cholesky,"{'C': 2, 'dual': False, 'fit_intercept': False, 'max_iter': 500, 'n_jobs': -1, 'penalty': 'elasticnet', 'solver': 'newton-cholesky'}",,,,,,,,109,,,,,,,,109,,,,,,,,109,,,,,,,,109,,,,,,,,109,,,,,,,,109,,,,,,,,109,,,,,,,,109,,,,,,,,109
116,0.0007166385650634766,0.0006143380229973198,0.0,0.0,2,False,False,500,-1,elasticnet,newton-cg,"{'C': 2, 'dual': False, 'fit_intercept': False, 'max_iter': 500, 'n_jobs': -1, 'penalty': 'elasticnet', 'solver': 'newton-cg'}",,,,,,,,109,,,,,,,,109,,,,,,,,109,,,,,,,,109,,,,,,,,109,,,,,,,,109,,,,,,,,109,,,,,,,,109,,,,,,,,109
115,0.002221965789794922,0.0037250389444621755,0.0,0.0,2,False,False,500,-1,elasticnet,lbfgs,"{'C': 2, 'dual': False, 'fit_intercept': False, 'max_iter': 500, 'n_jobs': -1, 'penalty': 'elasticnet', 'solver': 'lbfgs'}",,,,,,,,109,,,,,,,,109,,,,,,,,109,,,,,,,,109,,,,,,,,109,,,,,,,,109,,,,,,,,109,,,,,,,,109,,,,,,,,109
127,0.002201366424560547,0.0035030913221457466,0.0,0.0,3,True,True,500,-1,l2,newton-cholesky,"{'C': 3, 'dual': True, 'fit_intercept': True, 'max_iter': 500, 'n_jobs': -1, 'penalty': 'l2', 'solver': 'newton-cholesky'}",,,,,,,,109,,,,,,,,109,,,,,,,,109,,,,,,,,109,,,,,,,,109,,,,,,,,109,,,,,,,,109,,,,,,,,109,,,,,,,,109
141,0.00020666122436523436,0.00041332244873046873,0.0,0.0,3,True,False,500,-1,l2,newton-cg,"{'C': 3, 'dual': True, 'fit_intercept': False, 'max_iter': 500, 'n_jobs': -1, 'penalty': 'l2', 'solver': 'newton-cg'}",,,,,,,,109,,,,,,,,109,,,,,,,,109,,,,,,,,109,,,,,,,,109,,,,,,,,109,,,,,,,,109,,,,,,,,109,,,,,,,,109
71,0.0003085613250732422,0.0006171226501464844,0.0,0.0,2,True,True,500,-1,elasticnet,newton-cg,"{'C': 2, 'dual': True, 'fit_intercept': True, 'max_iter': 500, 'n_jobs': -1, 'penalty': 'elasticnet', 'solver': 'newton-cg'}",,,,,,,,109,,,,,,,,109,,,,,,,,109,,,,,,,,109,,,,,,,,109,,,,,,,,109,,,,,,,,109,,,,,,,,109,,,,,,,,109
69,0.002158451080322266,0.002471053398309877,0.0,0.0,2,True,True,500,-1,l2,saga,"{'C': 2, 'dual': True, 'fit_intercept': True, 'max_iter': 500, 'n_jobs': -1, 'penalty': 'l2', 'solver': 'saga'}",,,,,,,,109,,,,,,,,109,,,,,,,,109,,,,,,,,109,,,,,,,,109,,,,,,,,109,,,,,,,,109,,,,,,,,109,,,,,,,,109
26,0.0019054412841796875,0.0004915457059300058,0.0,0.0,1,True,False,500,-1,elasticnet,newton-cg,"{'C': 1, 'dual': True, 'fit_intercept': False, 'max_iter': 500, 'n_jobs': -1, 'penalty': 'elasticnet', 'solver': 'newton-cg'}",,,,,,,,109,,,,,,,,109,,,,,,,,109,,,,,,,,109,,,,,,,,109,,,,,,,,109,,,,,,,,109,,,,,,,,109,,,,,,,,109
25,0.0018052101135253907,0.00023975800022567974,0.0,0.0,1,True,False,500,-1,elasticnet,lbfgs,"{'C': 1, 'dual': True, 'fit_intercept': False, 'max_iter': 500, 'n_jobs': -1, 'penalty': 'elasticnet', 'solver': 'lbfgs'}",,,,,,,,109,,,,,,,,109,,,,,,,,109,,,,,,,,109,,,,,,,,109,,,,,,,,109,,,,,,,,109,,,,,,,,109,,,,,,,,109
24,0.001891183853149414,0.00044801408705853215,0.0,0.0,1,True,False,500,-1,l2,saga,"{'C': 1, 'dual': True, 'fit_intercept': False, 'max_iter': 500, 'n_jobs': -1, 'penalty': 'l2', 'solver': 'saga'}",,,,,,,,109,,,,,,,,109,,,,,,,,109,,,,,,,,109,,,,,,,,109,,,,,,,,109,,,,,,,,109,,,,,,,,109,,,,,,,,109
23,0.0020030975341796876,0.004006195068359374,0.0,0.0,1,True,False,500,-1,l2,sag,"{'C': 1, 'dual': True, 'fit_intercept': False, 'max_iter': 500, 'n_jobs': -1, 'penalty': 'l2', 'solver': 'sag'}",,,,,,,,109,,,,,,,,109,,,,,,,,109,,,,,,,,109,,,,,,,,109,,,,,,,,109,,,,,,,,109,,,,,,,,109,,,,,,,,109
22,0.00047602653503417967,0.0009520530700683593,0.0,0.0,1,True,False,500,-1,l2,newton-cholesky,"{'C': 1, 'dual': True, 'fit_intercept': False, 'max_iter': 500, 'n_jobs': -1, 'penalty': 'l2', 'solver': 'newton-cholesky'}",,,,,,,,109,,,,,,,,109,,,,,,,,109,,,,,,,,109,,,,,,,,109,,,,,,,,109,,,,,,,,109,,,,,,,,109,,,,,,,,109
21,0.0036045074462890624,0.006089129366367645,0.0,0.0,1,True,False,500,-1,l2,newton-cg,"{'C': 1, 'dual': True, 'fit_intercept': False, 'max_iter': 500, 'n_jobs': -1, 'penalty': 'l2', 'solver': 'newton-cg'}",,,,,,,,109,,,,,,,,109,,,,,,,,109,,,,,,,,109,,,,,,,,109,,,,,,,,109,,,,,,,,109,,,,,,,,109,,,,,,,,109
20,0.0,0.0,0.0,0.0,1,True,False,500,-1,l2,lbfgs,"{'C': 1, 'dual': True, 'fit_intercept': False, 'max_iter': 500, 'n_jobs': -1, 'penalty': 'l2', 'solver': 'lbfgs'}",,,,,,,,109,,,,,,,,109,,,,,,,,109,,,,,,,,109,,,,,,,,109,,,,,,,,109,,,,,,,,109,,,,,,,,109,,,,,,,,109
19,0.0,0.0,0.0,0.0,1,True,False,500,-1,l1,saga,"{'C': 1, 'dual': True, 'fit_intercept': False, 'max_iter': 500, 'n_jobs': -1, 'penalty': 'l1', 'solver': 'saga'}",,,,,,,,109,,,,,,,,109,,,,,,,,109,,,,,,,,109,,,,,,,,109,,,,,,,,109,,,,,,,,109,,,,,,,,109,,,,,,,,109
18,0.0017029762268066407,0.0034059524536132813,0.0,0.0,1,True,False,500,-1,l1,sag,"{'C': 1, 'dual': True, 'fit_intercept': False, 'max_iter': 500, 'n_jobs': -1, 'penalty': 'l1', 'solver': 'sag'}",,,,,,,,109,,,,,,,,109,,,,,,,,109,,,,,,,,109,,,,,,,,109,,,,,,,,109,,,,,,,,109,,,,,,,,109,,,,,,,,109
17,0.001921367645263672,0.00098091491098606,0.0,0.0,1,True,False,500,-1,l1,newton-cholesky,"{'C': 1, 'dual': True, 'fit_intercept': False, 'max_iter': 500, 'n_jobs': -1, 'penalty': 'l1', 'solver': 'newton-cholesky'}",,,,,,,,109,,,,,,,,109,,,,,,,,109,,,,,,,,109,,,,,,,,109,,,,,,,,109,,,,,,,,109,,,,,,,,109,,,,,,,,109
16,0.0042205810546875,0.003827233828283738,0.0,0.0,1,True,False,500,-1,l1,newton-cg,"{'C': 1, 'dual': True, 'fit_intercept': False, 'max_iter': 500, 'n_jobs': -1, 'penalty': 'l1', 'solver': 'newton-cg'}",,,,,,,,109,,,,,,,,109,,,,,,,,109,,,,,,,,109,,,,,,,,109,,,,,,,,109,,,,,,,,109,,,,,,,,109,,,,,,,,109
15,0.0,0.0,0.0,0.0,1,True,False,500,-1,l1,lbfgs,"{'C': 1, 'dual': True, 'fit_intercept': False, 'max_iter': 500, 'n_jobs': -1, 'penalty': 'l1', 'solver': 'lbfgs'}",,,,,,,,109,,,,,,,,109,,,,,,,,109,,,,,,,,109,,,,,,,,109,,,,,,,,109,,,,,,,,109,,,,,,,,109,,,,,,,,109
27,0.001204204559326172,0.000751941347063819,0.0,0.0,1,True,False,500,-1,elasticnet,newton-cholesky,"{'C': 1, 'dual': True, 'fit_intercept': False, 'max_iter': 500, 'n_jobs': -1, 'penalty': 'elasticnet', 'solver': 'newton-cholesky'}",,,,,,,,109,,,,,,,,109,,,,,,,,109,,,,,,,,109,,,,,,,,109,,,,,,,,109,,,,,,,,109,,,,,,,,109,,,,,,,,109
14,0.004948139190673828,0.004229511421585954,0.0,0.0,1,True,True,500,-1,elasticnet,saga,"{'C': 1, 'dual': True, 'fit_intercept': True, 'max_iter': 500, 'n_jobs': -1, 'penalty': 'elasticnet', 'solver': 'saga'}",,,,,,,,109,,,,,,,,109,,,,,,,,109,,,,,,,,109,,,,,,,,109,,,,,,,,109,,,,,,,,109,,,,,,,,109,,,,,,,,109
12,0.0006134033203125,0.0007512625706473066,0.0,0.0,1,True,True,500,-1,elasticnet,newton-cholesky,"{'C': 1, 'dual': True, 'fit_intercept': True, 'max_iter': 500, 'n_jobs': -1, 'penalty': 'elasticnet', 'solver': 'newton-cholesky'}",,,,,,,,109,,,,,,,,109,,,,,,,,109,,,,,,,,109,,,,,,,,109,,,,,,,,109,,,,,,,,109,,,,,,,,109,,,,,,,,109
11,0.00027523040771484377,0.0005504608154296874,0.0,0.0,1,True,True,500,-1,elasticnet,newton-cg,"{'C': 1, 'dual': True, 'fit_intercept': True, 'max_iter': 500, 'n_jobs': -1, 'penalty': 'elasticnet', 'solver': 'newton-cg'}",,,,,,,,109,,,,,,,,109,,,,,,,,109,,,,,,,,109,,,,,,,,109,,,,,,,,109,,,,,,,,109,,,,,,,,109,,,,,,,,109
10,0.0005259037017822266,0.0006568297871159531,0.0,0.0,1,True,True,500,-1,elasticnet,lbfgs,"{'C': 1, 'dual': True, 'fit_intercept': True, 'max_iter': 500, 'n_jobs': -1, 'penalty': 'elasticnet', 'solver': 'lbfgs'}",,,,,,,,109,,,,,,,,109,,,,,,,,109,,,,,,,,109,,,,,,,,109,,,,,,,,109,,,,,,,,109,,,,,,,,109,,,,,,,,109
9,0.0,0.0,0.0,0.0,1,True,True,500,-1,l2,saga,"{'C': 1, 'dual': True, 'fit_intercept': True, 'max_iter': 500, 'n_jobs': -1, 'penalty': 'l2', 'solver': 'saga'}",,,,,,,,109,,,,,,,,109,,,,,,,,109,,,,,,,,109,,,,,,,,109,,,,,,,,109,,,,,,,,109,,,,,,,,109,,,,,,,,109
8,0.0010927677154541015,0.001749327684092402,0.0,0.0,1,True,True,500,-1,l2,sag,"{'C': 1, 'dual': True, 'fit_intercept': True, 'max_iter': 500, 'n_jobs': -1, 'penalty': 'l2', 'solver': 'sag'}",,,,,,,,109,,,,,,,,109,,,,,,,,109,,,,,,,,109,,,,,,,,109,,,,,,,,109,,,,,,,,109,,,,,,,,109,,,,,,,,109
7,0.003122758865356445,0.004089125351649678,0.0,0.0,1,True,True,500,-1,l2,newton-cholesky,"{'C': 1, 'dual': True, 'fit_intercept': True, 'max_iter': 500, 'n_jobs': -1, 'penalty': 'l2', 'solver': 'newton-cholesky'}",,,,,,,,109,,,,,,,,109,,,,,,,,109,,,,,,,,109,,,,,,,,109,,,,,,,,109,,,,,,,,109,,,,,,,,109,,,,,,,,109
6,0.00035076141357421876,0.0007015228271484375,0.0,0.0,1,True,True,500,-1,l2,newton-cg,"{'C': 1, 'dual': True, 'fit_intercept': True, 'max_iter': 500, 'n_jobs': -1, 'penalty': 'l2', 'solver': 'newton-cg'}",,,,,,,,109,,,,,,,,109,,,,,,,,109,,,,,,,,109,,,,,,,,109,,,,,,,,109,,,,,,,,109,,,,,,,,109,,,,,,,,109
5,0.0009154796600341797,0.0018309593200683595,0.0,0.0,1,True,True,500,-1,l2,lbfgs,"{'C': 1, 'dual': True, 'fit_intercept': True, 'max_iter': 500, 'n_jobs': -1, 'penalty': 'l2', 'solver': 'lbfgs'}",,,,,,,,109,,,,,,,,109,,,,,,,,109,,,,,,,,109,,,,,,,,109,,,,,,,,109,,,,,,,,109,,,,,,,,109,,,,,,,,109
4,0.0009653091430664063,0.0011841345681992096,0.0,0.0,1,True,True,500,-1,l1,saga,"{'C': 1, 'dual': True, 'fit_intercept': True, 'max_iter': 500, 'n_jobs': -1, 'penalty': 'l1', 'solver': 'saga'}",,,,,,,,109,,,,,,,,109,,,,,,,,109,,,,,,,,109,,,,,,,,109,,,,,,,,109,,,,,,,,109,,,,,,,,109,,,,,,,,109
3,0.0023575305938720705,0.0029799923777376483,0.0,0.0,1,True,True,500,-1,l1,sag,"{'C': 1, 'dual': True, 'fit_intercept': True, 'max_iter': 500, 'n_jobs': -1, 'penalty': 'l1', 'solver': 'sag'}",,,,,,,,109,,,,,,,,109,,,,,,,,109,,,,,,,,109,,,,,,,,109,,,,,,,,109,,,,,,,,109,,,,,,,,109,,,,,,,,109
2,0.0,0.0,0.0,0.0,1,True,True,500,-1,l1,newton-cholesky,"{'C': 1, 'dual': True, 'fit_intercept': True, 'max_iter': 500, 'n_jobs': -1, 'penalty': 'l1', 'solver': 'newton-cholesky'}",,,,,,,,109,,,,,,,,109,,,,,,,,109,,,,,,,,109,,,,,,,,109,,,,,,,,109,,,,,,,,109,,,,,,,,109,,,,,,,,109
1,0.0012119770050048827,0.0024239540100097655,0.0,0.0,1,True,True,500,-1,l1,newton-cg,"{'C': 1, 'dual': True, 'fit_intercept': True, 'max_iter': 500, 'n_jobs': -1, 'penalty': 'l1', 'solver': 'newton-cg'}",,,,,,,,109,,,,,,,,109,,,,,,,,109,,,,,,,,109,,,,,,,,109,,,,,,,,109,,,,,,,,109,,,,,,,,109,,,,,,,,109
13,0.0,0.0,0.0,0.0,1,True,True,500,-1,elasticnet,sag,"{'C': 1, 'dual': True, 'fit_intercept': True, 'max_iter': 500, 'n_jobs': -1, 'penalty': 'elasticnet', 'solver': 'sag'}",,,,,,,,109,,,,,,,,109,,,,,,,,109,,,,,,,,109,,,,,,,,109,,,,,,,,109,,,,,,,,109,,,,,,,,109,,,,,,,,109
70,0.0023174285888671875,0.0015486112217267475,0.0,0.0,2,True,True,500,-1,elasticnet,lbfgs,"{'C': 2, 'dual': True, 'fit_intercept': True, 'max_iter': 500, 'n_jobs': -1, 'penalty': 'elasticnet', 'solver': 'lbfgs'}",,,,,,,,109,,,,,,,,109,,,,,,,,109,,,,,,,,109,,,,,,,,109,,,,,,,,109,,,,,,,,109,,,,,,,,109,,,,,,,,109
28,0.001231813430786133,0.0010062276486443964,0.0,0.0,1,True,False,500,-1,elasticnet,sag,"{'C': 1, 'dual': True, 'fit_intercept': False, 'max_iter': 500, 'n_jobs': -1, 'penalty': 'elasticnet', 'solver': 'sag'}",,,,,,,,109,,,,,,,,109,,,,,,,,109,,,,,,,,109,,,,,,,,109,,,,,,,,109,,,,,,,,109,,,,,,,,109,,,,,,,,109
30,0.0,0.0,0.0,0.0,1,False,True,500,-1,l1,lbfgs,"{'C': 1, 'dual': False, 'fit_intercept': True, 'max_iter': 500, 'n_jobs': -1, 'penalty': 'l1', 'solver': 'lbfgs'}",,,,,,,,109,,,,,,,,109,,,,,,,,109,,,,,,,,109,,,,,,,,109,,,,,,,,109,,,,,,,,109,,,,,,,,109,,,,,,,,109
68,0.002227783203125,0.0018800083880836584,0.0,0.0,2,True,True,500,-1,l2,sag,"{'C': 2, 'dual': True, 'fit_intercept': True, 'max_iter': 500, 'n_jobs': -1, 'penalty': 'l2', 'solver': 'sag'}",,,,,,,,109,,,,,,,,109,,,,,,,,109,,,,,,,,109,,,,,,,,109,,,,,,,,109,,,,,,,,109,,,,,,,,109,,,,,,,,109
67,0.002119302749633789,0.002116116373254299,0.0,0.0,2,True,True,500,-1,l2,newton-cholesky,"{'C': 2, 'dual': True, 'fit_intercept': True, 'max_iter': 500, 'n_jobs': -1, 'penalty': 'l2', 'solver': 'newton-cholesky'}",,,,,,,,109,,,,,,,,109,,,,,,,,109,,,,,,,,109,,,,,,,,109,,,,,,,,109,,,,,,,,109,,,,,,,,109,,,,,,,,109
66,0.0032239437103271486,0.0018467272662277912,0.0,0.0,2,True,True,500,-1,l2,newton-cg,"{'C': 2, 'dual': True, 'fit_intercept': True, 'max_iter': 500, 'n_jobs': -1, 'penalty': 'l2', 'solver': 'newton-cg'}",,,,,,,,109,,,,,,,,109,,,,,,,,109,,,,,,,,109,,,,,,,,109,,,,,,,,109,,,,,,,,109,,,,,,,,109,,,,,,,,109
65,0.003167581558227539,0.004114926502309042,0.0,0.0,2,True,True,500,-1,l2,lbfgs,"{'C': 2, 'dual': True, 'fit_intercept': True, 'max_iter': 500, 'n_jobs': -1, 'penalty': 'l2', 'solver': 'lbfgs'}",,,,,,,,109,,,,,,,,109,,,,,,,,109,,,,,,,,109,,,,,,,,109,,,,,,,,109,,,,,,,,109,,,,,,,,109,,,,,,,,109
64,0.0024546146392822265,0.000912047351167174,0.0,0.0,2,True,True,500,-1,l1,saga,"{'C': 2, 'dual': True, 'fit_intercept': True, 'max_iter': 500, 'n_jobs': -1, 'penalty': 'l1', 'solver': 'saga'}",,,,,,,,109,,,,,,,,109,,,,,,,,109,,,,,,,,109,,,,,,,,109,,,,,,,,109,,,,,,,,109,,,,,,,,109,,,,,,,,109
63,0.0030408382415771486,0.004042566321054061,0.0,0.0,2,True,True,500,-1,l1,sag,"{'C': 2, 'dual': True, 'fit_intercept': True, 'max_iter': 500, 'n_jobs': -1, 'penalty': 'l1', 'solver': 'sag'}",,,,,,,,109,,,,,,,,109,,,,,,,,109,,,,,,,,109,,,,,,,,109,,,,,,,,109,,,,,,,,109,,,,,,,,109,,,,,,,,109
62,0.000939035415649414,0.0016339842541857053,0.0,0.0,2,True,True,500,-1,l1,newton-cholesky,"{'C': 2, 'dual': True, 'fit_intercept': True, 'max_iter': 500, 'n_jobs': -1, 'penalty': 'l1', 'solver': 'newton-cholesky'}",,,,,,,,109,,,,,,,,109,,,,,,,,109,,,,,,,,109,,,,,,,,109,,,,,,,,109,,,,,,,,109,,,,,,,,109,,,,,,,,109
61,0.0013607978820800782,0.0024671552381231553,0.0,0.0,2,True,True,500,-1,l1,newton-cg,"{'C': 2, 'dual': True, 'fit_intercept': True, 'max_iter': 500, 'n_jobs': -1, 'penalty': 'l1', 'solver': 'newton-cg'}",,,,,,,,109,,,,,,,,109,,,,,,,,109,,,,,,,,109,,,,,,,,109,,,,,,,,109,,,,,,,,109,,,,,,,,109,,,,,,,,109
60,0.001070547103881836,0.000877147433727047,0.0,0.0,2,True,True,500,-1,l1,lbfgs,"{'C': 2, 'dual': True, 'fit_intercept': True, 'max_iter': 500, 'n_jobs': -1, 'penalty': 'l1', 'solver': 'lbfgs'}",,,,,,,,109,,,,,,,,109,,,,,,,,109,,,,,,,,109,,,,,,,,109,,,,,,,,109,,,,,,,,109,,,,,,,,109,,,,,,,,109
59,0.002218341827392578,0.0012931346761437003,0.0,0.0,1,False,False,500,-1,elasticnet,saga,"{'C': 1, 'dual': False, 'fit_intercept': False, 'max_iter': 500, 'n_jobs': -1, 'penalty': 'elasticnet', 'solver': 'saga'}",,,,,,,,109,,,,,,,,109,,,,,,,,109,,,,,,,,109,,,,,,,,109,,,,,,,,109,,,,,,,,109,,,,,,,,109,,,,,,,,109
58,0.0030934810638427734,0.004135687199562568,0.0,0.0,1,False,False,500,-1,elasticnet,sag,"{'C': 1, 'dual': False, 'fit_intercept': False, 'max_iter': 500, 'n_jobs': -1, 'penalty': 'elasticnet', 'solver': 'sag'}",,,,,,,,109,,,,,,,,109,,,,,,,,109,,,,,,,,109,,,,,,,,109,,,,,,,,109,,,,,,,,109,,,,,,,,109,,,,,,,,109
57,0.003034019470214844,0.002556947404594295,0.0,0.0,1,False,False,500,-1,elasticnet,newton-cholesky,"{'C': 1, 'dual': False, 'fit_intercept': False, 'max_iter': 500, 'n_jobs': -1, 'penalty': 'elasticnet', 'solver': 'newton-cholesky'}",,,,,,,,109,,,,,,,,109,,,,,,,,109,,,,,,,,109,,,,,,,,109,,,,,,,,109,,,,,,,,109,,,,,,,,109,,,,,,,,109
29,0.0,0.0,0.0,0.0,1,True,False,500,-1,elasticnet,saga,"{'C': 1, 'dual': True, 'fit_intercept': False, 'max_iter': 500, 'n_jobs': -1, 'penalty': 'elasticnet', 'solver': 'saga'}",,,,,,,,109,,,,,,,,109,,,,,,,,109,,,,,,,,109,,,,,,,,109,,,,,,,,109,,,,,,,,109,,,,,,,,109,,,,,,,,109
56,0.002338218688964844,0.0014242167132468538,0.0,0.0,1,False,False,500,-1,elasticnet,newton-cg,"{'C': 1, 'dual': False, 'fit_intercept': False, 'max_iter': 500, 'n_jobs': -1, 'penalty': 'elasticnet', 'solver': 'newton-cg'}",,,,,,,,109,,,,,,,,109,,,,,,,,109,,,,,,,,109,,,,,,,,109,,,,,,,,109,,,,,,,,109,,,,,,,,109,,,,,,,,109
48,0.004048824310302734,0.0039033537587455738,0.0,0.0,1,False,False,500,-1,l1,sag,"{'C': 1, 'dual': False, 'fit_intercept': False, 'max_iter': 500, 'n_jobs': -1, 'penalty': 'l1', 'solver': 'sag'}",,,,,,,,109,,,,,,,,109,,,,,,,,109,,,,,,,,109,,,,,,,,109,,,,,,,,109,,,,,,,,109,,,,,,,,109,,,,,,,,109
47,0.00203399658203125,0.0026822290902975927,0.0,0.0,1,False,False,500,-1,l1,newton-cholesky,"{'C': 1, 'dual': False, 'fit_intercept': False, 'max_iter': 500, 'n_jobs': -1, 'penalty': 'l1', 'solver': 'newton-cholesky'}",,,,,,,,109,,,,,,,,109,,,,,,,,109,,,,,,,,109,,,,,,,,109,,,,,,,,109,,,,,,,,109,,,,,,,,109,,,,,,,,109
46,0.002014827728271484,0.004029655456542968,0.0,0.0,1,False,False,500,-1,l1,newton-cg,"{'C': 1, 'dual': False, 'fit_intercept': False, 'max_iter': 500, 'n_jobs': -1, 'penalty': 'l1', 'solver': 'newton-cg'}",,,,,,,,109,,,,,,,,109,,,,,,,,109,,,,,,,,109,,,,,,,,109,,,,,,,,109,,,,,,,,109,,,,,,,,109,,,,,,,,109
45,0.002832794189453125,0.003196416758458272,0.0,0.0,1,False,False,500,-1,l1,lbfgs,"{'C': 1, 'dual': False, 'fit_intercept': False, 'max_iter': 500, 'n_jobs': -1, 'penalty': 'l1', 'solver': 'lbfgs'}",,,,,,,,109,,,,,,,,109,,,,,,,,109,,,,,,,,109,,,,,,,,109,,,,,,,,109,,,,,,,,109,,,,,,,,109,,,,,,,,109
44,0.0010043144226074218,0.0006352286494078691,0.0,0.0,1,False,True,500,-1,elasticnet,saga,"{'C': 1, 'dual': False, 'fit_intercept': True, 'max_iter': 500, 'n_jobs': -1, 'penalty': 'elasticnet', 'solver': 'saga'}",,,,,,,,109,,,,,,,,109,,,,,,,,109,,,,,,,,109,,,,,,,,109,,,,,,,,109,,,,,,,,109,,,,,,,,109,,,,,,,,109
43,0.0016333103179931641,0.0005111830357264855,0.0,0.0,1,False,True,500,-1,elasticnet,sag,"{'C': 1, 'dual': False, 'fit_intercept': True, 'max_iter': 500, 'n_jobs': -1, 'penalty': 'elasticnet', 'solver': 'sag'}",,,,,,,,109,,,,,,,,109,,,,,,,,109,,,,,,,,109,,,,,,,,109,,,,,,,,109,,,,,,,,109,,,,,,,,109,,,,,,,,109
42,0.0018308639526367187,0.00021119350824816088,0.0,0.0,1,False,True,500,-1,elasticnet,newton-cholesky,"{'C': 1, 'dual': False, 'fit_intercept': True, 'max_iter': 500, 'n_jobs': -1, 'penalty': 'elasticnet', 'solver': 'newton-cholesky'}",,,,,,,,109,,,,,,,,109,,,,,,,,109,,,,,,,,109,,,,,,,,109,,,,,,,,109,,,,,,,,109,,,,,,,,109,,,,,,,,109
41,0.0018044471740722655,0.0005121933988286294,0.0,0.0,1,False,True,500,-1,elasticnet,newton-cg,"{'C': 1, 'dual': False, 'fit_intercept': True, 'max_iter': 500, 'n_jobs': -1, 'penalty': 'elasticnet', 'solver': 'newton-cg'}",,,,,,,,109,,,,,,,,109,,,,,,,,109,,,,,,,,109,,,,,,,,109,,,,,,,,109,,,,,,,,109,,,,,,,,109,,,,,,,,109
40,0.0030002593994140625,0.003803489686911304,0.0,0.0,1,False,True,500,-1,elasticnet,lbfgs,"{'C': 1, 'dual': False, 'fit_intercept': True, 'max_iter': 500, 'n_jobs': -1, 'penalty': 'elasticnet', 'solver': 'lbfgs'}",,,,,,,,109,,,,,,,,109,,,,,,,,109,,,,,,,,109,,,,,,,,109,,,,,,,,109,,,,,,,,109,,,,,,,,109,,,,,,,,109
33,0.0020027637481689455,0.00400552749633789,0.0,0.0,1,False,True,500,-1,l1,sag,"{'C': 1, 'dual': False, 'fit_intercept': True, 'max_iter': 500, 'n_jobs': -1, 'penalty': 'l1', 'solver': 'sag'}",,,,,,,,109,,,,,,,,109,,,,,,,,109,,,,,,,,109,,,,,,,,109,,,,,,,,109,,,,,,,,109,,,,,,,,109,,,,,,,,109
32,0.0,0.0,0.0,0.0,1,False,True,500,-1,l1,newton-cholesky,"{'C': 1, 'dual': False, 'fit_intercept': True, 'max_iter': 500, 'n_jobs': -1, 'penalty': 'l1', 'solver': 'newton-cholesky'}",,,,,,,,109,,,,,,,,109,,,,,,,,109,,,,,,,,109,,,,,,,,109,,,,,,,,109,,,,,,,,109,,,,,,,,109,,,,,,,,109
31,0.0020043373107910155,0.004008674621582031,0.0,0.0,1,False,True,500,-1,l1,newton-cg,"{'C': 1, 'dual': False, 'fit_intercept': True, 'max_iter': 500, 'n_jobs': -1, 'penalty': 'l1', 'solver': 'newton-cg'}",,,,,,,,109,,,,,,,,109,,,,,,,,109,,,,,,,,109,,,,,,,,109,,,,,,,,109,,,,,,,,109,,,,,,,,109,,,,,,,,109
55,0.001228189468383789,0.0007115309462870099,0.0,0.0,1,False,False,500,-1,elasticnet,lbfgs,"{'C': 1, 'dual': False, 'fit_intercept': False, 'max_iter': 500, 'n_jobs': -1, 'penalty': 'elasticnet', 'solver': 'lbfgs'}",,,,,,,,109,,,,,,,,109,,,,,,,,109,,,,,,,,109,,,,,,,,109,,,,,,,,109,,,,,,,,109,,,,,,,,109,,,,,,,,109
142,0.0007135868072509766,0.0008906922954477081,0.0,0.0,3,True,False,500,-1,l2,newton-cholesky,"{'C': 3, 'dual': True, 'fit_intercept': False, 'max_iter': 500, 'n_jobs': -1, 'penalty': 'l2', 'solver': 'newton-cholesky'}",,,,,,,,109,,,,,,,,109,,,,,,,,109,,,,,,,,109,,,,,,,,109,,,,,,,,109,,,,,,,,109,,,,,,,,109,,,,,,,,109
143,0.0023169517517089844,0.004633903503417969,0.0,0.0,3,True,False,500,-1,l2,sag,"{'C': 3, 'dual': True, 'fit_intercept': False, 'max_iter': 500, 'n_jobs': -1, 'penalty': 'l2', 'solver': 'sag'}",,,,,,,,109,,,,,,,,109,,,,,,,,109,,,,,,,,109,,,,,,,,109,,,,,,,,109,,,,,,,,109,,,,,,,,109,,,,,,,,109
144,0.004141712188720703,0.004016138896785263,0.0,0.0,3,True,False,500,-1,l2,saga,"{'C': 3, 'dual': True, 'fit_intercept': False, 'max_iter': 500, 'n_jobs': -1, 'penalty': 'l2', 'solver': 'saga'}",,,,,,,,109,,,,,,,,109,,,,,,,,109,,,,,,,,109,,,,,,,,109,,,,,,,,109,,,,,,,,109,,,,,,,,109,,,,,,,,109
255,0.0021159172058105467,0.001727297250508956,0.0,0.0,5,True,False,500,-1,l1,lbfgs,"{'C': 5, 'dual': True, 'fit_intercept': False, 'max_iter': 500, 'n_jobs': -1, 'penalty': 'l1', 'solver': 'lbfgs'}",,,,,,,,109,,,,,,,,109,,,,,,,,109,,,,,,,,109,,,,,,,,109,,,,,,,,109,,,,,,,,109,,,,,,,,109,,,,,,,,109
254,0.001915311813354492,0.0019311323369065269,0.0,0.0,5,True,True,500,-1,elasticnet,saga,"{'C': 5, 'dual': True, 'fit_intercept': True, 'max_iter': 500, 'n_jobs': -1, 'penalty': 'elasticnet', 'solver': 'saga'}",,,,,,,,109,,,,,,,,109,,,,,,,,109,,,,,,,,109,,,,,,,,109,,,,,,,,109,,,,,,,,109,,,,,,,,109,,,,,,,,109
253,0.001009368896484375,0.0013919699335174548,0.0,0.0,5,True,True,500,-1,elasticnet,sag,"{'C': 5, 'dual': True, 'fit_intercept': True, 'max_iter': 500, 'n_jobs': -1, 'penalty': 'elasticnet', 'solver': 'sag'}",,,,,,,,109,,,,,,,,109,,,,,,,,109,,,,,,,,109,,,,,,,,109,,,,,,,,109,,,,,,,,109,,,,,,,,109,,,,,,,,109
252,0.0019326210021972656,0.00036332028310706187,0.0,0.0,5,True,True,500,-1,elasticnet,newton-cholesky,"{'C': 5, 'dual': True, 'fit_intercept': True, 'max_iter': 500, 'n_jobs': -1, 'penalty': 'elasticnet', 'solver': 'newton-cholesky'}",,,,,,,,109,,,,,,,,109,,,,,,,,109,,,,,,,,109,,,,,,,,109,,,,,,,,109,,,,,,,,109,,,,,,,,109,,,,,,,,109
251,0.0018877983093261719,0.0004975447187841128,0.0,0.0,5,True,True,500,-1,elasticnet,newton-cg,"{'C': 5, 'dual': True, 'fit_intercept': True, 'max_iter': 500, 'n_jobs': -1, 'penalty': 'elasticnet', 'solver': 'newton-cg'}",,,,,,,,109,,,,,,,,109,,,,,,,,109,,,,,,,,109,,,,,,,,109,,,,,,,,109,,,,,,,,109,,,,,,,,109,,,,,,,,109
250,0.0016080856323242188,0.0003756626935881939,0.0,0.0,5,True,True,500,-1,elasticnet,lbfgs,"{'C': 5, 'dual': True, 'fit_intercept': True, 'max_iter': 500, 'n_jobs': -1, 'penalty': 'elasticnet', 'solver': 'lbfgs'}",,,,,,,,109,,,,,,,,109,,,,,,,,109,,,,,,,,109,,,,,,,,109,,,,,,,,109,,,,,,,,109,,,,,,,,109,,,,,,,,109
249,0.002697610855102539,0.002278716202758749,0.0,0.0,5,True,True,500,-1,l2,saga,"{'C': 5, 'dual': True, 'fit_intercept': True, 'max_iter': 500, 'n_jobs': -1, 'penalty': 'l2', 'solver': 'saga'}",,,,,,,,109,,,,,,,,109,,,,,,,,109,,,,,,,,109,,,,,,,,109,,,,,,,,109,,,,,,,,109,,,,,,,,109,,,,,,,,109
248,0.002114677429199219,0.002633544431169922,0.0,0.0,5,True,True,500,-1,l2,sag,"{'C': 5, 'dual': True, 'fit_intercept': True, 'max_iter': 500, 'n_jobs': -1, 'penalty': 'l2', 'solver': 'sag'}",,,,,,,,109,,,,,,,,109,,,,,,,,109,,,,,,,,109,,,,,,,,109,,,,,,,,109,,,,,,,,109,,,,,,,,109,,,,,,,,109
247,0.001610136032104492,0.0008634456292954654,0.0,0.0,5,True,True,500,-1,l2,newton-cholesky,"{'C': 5, 'dual': True, 'fit_intercept': True, 'max_iter': 500, 'n_jobs': -1, 'penalty': 'l2', 'solver': 'newton-cholesky'}",,,,,,,,109,,,,,,,,109,,,,,,,,109,,,,,,,,109,,,,,,,,109,,,,,,,,109,,,,,,,,109,,,,,,,,109,,,,,,,,109
246,0.0031117916107177733,0.0024491562964007395,0.0,0.0,5,True,True,500,-1,l2,newton-cg,"{'C': 5, 'dual': True, 'fit_intercept': True, 'max_iter': 500, 'n_jobs': -1, 'penalty': 'l2', 'solver': 'newton-cg'}",,,,,,,,109,,,,,,,,109,,,,,,,,109,,,,,,,,109,,,,,,,,109,,,,,,,,109,,,,,,,,109,,,,,,,,109,,,,,,,,109
245,0.001208925247192383,0.002171971918748723,0.0,0.0,5,True,True,500,-1,l2,lbfgs,"{'C': 5, 'dual': True, 'fit_intercept': True, 'max_iter': 500, 'n_jobs': -1, 'penalty': 'l2', 'solver': 'lbfgs'}",,,,,,,,109,,,,,,,,109,,,,,,,,109,,,,,,,,109,,,,,,,,109,,,,,,,,109,,,,,,,,109,,,,,,,,109,,,,,,,,109
244,0.002020454406738281,0.002493383272082483,0.0,0.0,5,True,True,500,-1,l1,saga,"{'C': 5, 'dual': True, 'fit_intercept': True, 'max_iter': 500, 'n_jobs': -1, 'penalty': 'l1', 'solver': 'saga'}",,,,,,,,109,,,,,,,,109,,,,,,,,109,,,,,,,,109,,,,,,,,109,,,,,,,,109,,,,,,,,109,,,,,,,,109,,,,,,,,109
256,0.001128244400024414,0.0009432743972160531,0.0,0.0,5,True,False,500,-1,l1,newton-cg,"{'C': 5, 'dual': True, 'fit_intercept': False, 'max_iter': 500, 'n_jobs': -1, 'penalty': 'l1', 'solver': 'newton-cg'}",,,,,,,,109,,,,,,,,109,,,,,,,,109,,,,,,,,109,,,,,,,,109,,,,,,,,109,,,,,,,,109,,,,,,,,109,,,,,,,,109
243,0.0006105899810791016,0.0007478498187231438,0.0,0.0,5,True,True,500,-1,l1,sag,"{'C': 5, 'dual': True, 'fit_intercept': True, 'max_iter': 500, 'n_jobs': -1, 'penalty': 'l1', 'solver': 'sag'}",,,,,,,,109,,,,,,,,109,,,,,,,,109,,,,,,,,109,,,,,,,,109,,,,,,,,109,,,,,,,,109,,,,,,,,109,,,,,,,,109
241,0.0007142066955566406,0.0008886672845912826,0.0,0.0,5,True,True,500,-1,l1,newton-cg,"{'C': 5, 'dual': True, 'fit_intercept': True, 'max_iter': 500, 'n_jobs': -1, 'penalty': 'l1', 'solver': 'newton-cg'}",,,,,,,,109,,,,,,,,109,,,,,,,,109,,,,,,,,109,,,,,,,,109,,,,,,,,109,,,,,,,,109,,,,,,,,109,,,,,,,,109
240,0.0017197608947753906,0.002385137069705521,0.0,0.0,5,True,True,500,-1,l1,lbfgs,"{'C': 5, 'dual': True, 'fit_intercept': True, 'max_iter': 500, 'n_jobs': -1, 'penalty': 'l1', 'solver': 'lbfgs'}",,,,,,,,109,,,,,,,,109,,,,,,,,109,,,,,,,,109,,,,,,,,109,,,,,,,,109,,,,,,,,109,,,,,,,,109,,,,,,,,109
239,0.0006200313568115234,0.0005973301529813888,0.0,0.0,4,False,False,500,-1,elasticnet,saga,"{'C': 4, 'dual': False, 'fit_intercept': False, 'max_iter': 500, 'n_jobs': -1, 'penalty': 'elasticnet', 'solver': 'saga'}",,,,,,,,109,,,,,,,,109,,,,,,,,109,,,,,,,,109,,,,,,,,109,,,,,,,,109,,,,,,,,109,,,,,,,,109,,,,,,,,109
238,0.0008211135864257812,0.001058203785537081,0.0,0.0,4,False,False,500,-1,elasticnet,sag,"{'C': 4, 'dual': False, 'fit_intercept': False, 'max_iter': 500, 'n_jobs': -1, 'penalty': 'elasticnet', 'solver': 'sag'}",,,,,,,,109,,,,,,,,109,,,,,,,,109,,,,,,,,109,,,,,,,,109,,,,,,,,109,,,,,,,,109,,,,,,,,109,,,,,,,,109
237,0.002719879150390625,0.00303803918452309,0.0,0.0,4,False,False,500,-1,elasticnet,newton-cholesky,"{'C': 4, 'dual': False, 'fit_intercept': False, 'max_iter': 500, 'n_jobs': -1, 'penalty': 'elasticnet', 'solver': 'newton-cholesky'}",,,,,,,,109,,,,,,,,109,,,,,,,,109,,,,,,,,109,,,,,,,,109,,,,,,,,109,,,,,,,,109,,,,,,,,109,,,,,,,,109
236,0.0034182071685791016,0.003494899427686075,0.0,0.0,4,False,False,500,-1,elasticnet,newton-cg,"{'C': 4, 'dual': False, 'fit_intercept': False, 'max_iter': 500, 'n_jobs': -1, 'penalty': 'elasticnet', 'solver': 'newton-cg'}",,,,,,,,109,,,,,,,,109,,,,,,,,109,,,,,,,,109,,,,,,,,109,,,,,,,,109,,,,,,,,109,,,,,,,,109,,,,,,,,109
235,0.0038342952728271486,0.004922673995909454,0.0,0.0,4,False,False,500,-1,elasticnet,lbfgs,"{'C': 4, 'dual': False, 'fit_intercept': False, 'max_iter': 500, 'n_jobs': -1, 'penalty': 'elasticnet', 'solver': 'lbfgs'}",,,,,,,,109,,,,,,,,109,,,,,,,,109,,,,,,,,109,,,,,,,,109,,,,,,,,109,,,,,,,,109,,,,,,,,109,,,,,,,,109
228,0.0018347740173339845,0.002225480261055924,0.0,0.0,4,False,False,500,-1,l1,sag,"{'C': 4, 'dual': False, 'fit_intercept': False, 'max_iter': 500, 'n_jobs': -1, 'penalty': 'l1', 'solver': 'sag'}",,,,,,,,109,,,,,,,,109,,,,,,,,109,,,,,,,,109,,,,,,,,109,,,,,,,,109,,,,,,,,109,,,,,,,,109,,,,,,,,109
227,0.002019643783569336,0.003125313092054941,0.0,0.0,4,False,False,500,-1,l1,newton-cholesky,"{'C': 4, 'dual': False, 'fit_intercept': False, 'max_iter': 500, 'n_jobs': -1, 'penalty': 'l1', 'solver': 'newton-cholesky'}",,,,,,,,109,,,,,,,,109,,,,,,,,109,,,,,,,,109,,,,,,,,109,,,,,,,,109,,,,,,,,109,,,,,,,,109,,,,,,,,109
226,0.0,0.0,0.0,0.0,4,False,False,500,-1,l1,newton-cg,"{'C': 4, 'dual': False, 'fit_intercept': False, 'max_iter': 500, 'n_jobs': -1, 'penalty': 'l1', 'solver': 'newton-cg'}",,,,,,,,109,,,,,,,,109,,,,,,,,109,,,,,,,,109,,,,,,,,109,,,,,,,,109,,,,,,,,109,,,,,,,,109,,,,,,,,109
225,0.0006110191345214844,0.0007483426880536641,0.0,0.0,4,False,False,500,-1,l1,lbfgs,"{'C': 4, 'dual': False, 'fit_intercept': False, 'max_iter': 500, 'n_jobs': -1, 'penalty': 'l1', 'solver': 'lbfgs'}",,,,,,,,109,,,,,,,,109,,,,,,,,109,,,,,,,,109,,,,,,,,109,,,,,,,,109,,,,,,,,109,,,,,,,,109,,,,,,,,109
224,0.002921390533447266,0.002489095366314989,0.0,0.0,4,False,True,500,-1,elasticnet,saga,"{'C': 4, 'dual': False, 'fit_intercept': True, 'max_iter': 500, 'n_jobs': -1, 'penalty': 'elasticnet', 'solver': 'saga'}",,,,,,,,109,,,,,,,,109,,,,,,,,109,,,,,,,,109,,,,,,,,109,,,,,,,,109,,,,,,,,109,,,,,,,,109,,,,,,,,109
242,0.0023337364196777343,0.0020353244591094274,0.0,0.0,5,True,True,500,-1,l1,newton-cholesky,"{'C': 5, 'dual': True, 'fit_intercept': True, 'max_iter': 500, 'n_jobs': -1, 'penalty': 'l1', 'solver': 'newton-cholesky'}",,,,,,,,109,,,,,,,,109,,,,,,,,109,,,,,,,,109,,,,,,,,109,,,,,,,,109,,,,,,,,109,,,,,,,,109,,,,,,,,109
223,0.0,0.0,0.0,0.0,4,False,True,500,-1,elasticnet,sag,"{'C': 4, 'dual': False, 'fit_intercept': True, 'max_iter': 500, 'n_jobs': -1, 'penalty': 'elasticnet', 'solver': 'sag'}",,,,,,,,109,,,,,,,,109,,,,,,,,109,,,,,,,,109,,,,,,,,109,,,,,,,,109,,,,,,,,109,,,,,,,,109,,,,,,,,109
257,0.0021217823028564452,0.00192431185354853,0.0,0.0,5,True,False,500,-1,l1,newton-cholesky,"{'C': 5, 'dual': True, 'fit_intercept': False, 'max_iter': 500, 'n_jobs': -1, 'penalty': 'l1', 'solver': 'newton-cholesky'}",,,,,,,,109,,,,,,,,109,,,,,,,,109,,,,,,,,109,,,,,,,,109,,,,,,,,109,,,,,,,,109,,,,,,,,109,,,,,,,,109
259,0.0012089729309082032,0.002417945861816406,0.0,0.0,5,True,False,500,-1,l1,saga,"{'C': 5, 'dual': True, 'fit_intercept': False, 'max_iter': 500, 'n_jobs': -1, 'penalty': 'l1', 'solver': 'saga'}",,,,,,,,109,,,,,,,,109,,,,,,,,109,,,,,,,,109,,,,,,,,109,,,,,,,,109,,,,,,,,109,,,,,,,,109,,,,,,,,109
297,0.0027956485748291014,0.0009349865312142031,0.0,0.0,5,False,False,500,-1,elasticnet,newton-cholesky,"{'C': 5, 'dual': False, 'fit_intercept': False, 'max_iter': 500, 'n_jobs': -1, 'penalty': 'elasticnet', 'solver': 'newton-cholesky'}",,,,,,,,109,,,,,,,,109,,,,,,,,109,,,,,,,,109,,,,,,,,109,,,,,,,,109,,,,,,,,109,,,,,,,,109,,,,,,,,109
296,0.00812997817993164,0.008641692574970689,0.0,0.0,5,False,False,500,-1,elasticnet,newton-cg,"{'C': 5, 'dual': False, 'fit_intercept': False, 'max_iter': 500, 'n_jobs': -1, 'penalty': 'elasticnet', 'solver': 'newton-cg'}",,,,,,,,109,,,,,,,,109,,,,,,,,109,,,,,,,,109,,,,,,,,109,,,,,,,,109,,,,,,,,109,,,,,,,,109,,,,,,,,109
295,0.0028904438018798827,0.00364912711447884,0.0,0.0,5,False,False,500,-1,elasticnet,lbfgs,"{'C': 5, 'dual': False, 'fit_intercept': False, 'max_iter': 500, 'n_jobs': -1, 'penalty': 'elasticnet', 'solver': 'lbfgs'}",,,,,,,,109,,,,,,,,109,,,,,,,,109,,,,,,,,109,,,,,,,,109,,,,,,,,109,,,,,,,,109,,,,,,,,109,,,,,,,,109
288,0.002546882629394531,0.0009561193546706519,0.0,0.0,5,False,False,500,-1,l1,sag,"{'C': 5, 'dual': False, 'fit_intercept': False, 'max_iter': 500, 'n_jobs': -1, 'penalty': 'l1', 'solver': 'sag'}",,,,,,,,109,,,,,,,,109,,,,,,,,109,,,,,,,,109,,,,,,,,109,,,,,,,,109,,,,,,,,109,,,,,,,,109,,,,,,,,109
287,0.002180814743041992,0.0030071870403097067,0.0,0.0,5,False,False,500,-1,l1,newton-cholesky,"{'C': 5, 'dual': False, 'fit_intercept': False, 'max_iter': 500, 'n_jobs': -1, 'penalty': 'l1', 'solver': 'newton-cholesky'}",,,,,,,,109,,,,,,,,109,,,,,,,,109,,,,,,,,109,,,,,,,,109,,,,,,,,109,,,,,,,,109,,,,,,,,109,,,,,,,,109
286,0.0013732433319091797,0.0009402262147623113,0.0,0.0,5,False,False,500,-1,l1,newton-cg,"{'C': 5, 'dual': False, 'fit_intercept': False, 'max_iter': 500, 'n_jobs': -1, 'penalty': 'l1', 'solver': 'newton-cg'}",,,,,,,,109,,,,,,,,109,,,,,,,,109,,,,,,,,109,,,,,,,,109,,,,,,,,109,,,,,,,,109,,,,,,,,109,,,,,,,,109
285,0.002071094512939453,0.0003211366180615176,0.0,0.0,5,False,False,500,-1,l1,lbfgs,"{'C': 5, 'dual': False, 'fit_intercept': False, 'max_iter': 500, 'n_jobs': -1, 'penalty': 'l1', 'solver': 'lbfgs'}",,,,,,,,109,,,,,,,,109,,,,,,,,109,,,,,,,,109,,,,,,,,109,,,,,,,,109,,,,,,,,109,,,,,,,,109,,,,,,,,109
284,0.0008063793182373046,0.0016127586364746093,0.0,0.0,5,False,True,500,-1,elasticnet,saga,"{'C': 5, 'dual': False, 'fit_intercept': True, 'max_iter': 500, 'n_jobs': -1, 'penalty': 'elasticnet', 'solver': 'saga'}",,,,,,,,109,,,,,,,,109,,,,,,,,109,,,,,,,,109,,,,,,,,109,,,,,,,,109,,,,,,,,109,,,,,,,,109,,,,,,,,109
283,0.0036644935607910156,0.0047619799859238005,0.0,0.0,5,False,True,500,-1,elasticnet,sag,"{'C': 5, 'dual': False, 'fit_intercept': True, 'max_iter': 500, 'n_jobs': -1, 'penalty': 'elasticnet', 'solver': 'sag'}",,,,,,,,109,,,,,,,,109,,,,,,,,109,,,,,,,,109,,,,,,,,109,,,,,,,,109,,,,,,,,109,,,,,,,,109,,,,,,,,109
282,0.00305633544921875,0.0022307287025275496,0.0,0.0,5,False,True,500,-1,elasticnet,newton-cholesky,"{'C': 5, 'dual': False, 'fit_intercept': True, 'max_iter': 500, 'n_jobs': -1, 'penalty': 'elasticnet', 'solver': 'newton-cholesky'}",,,,,,,,109,,,,,,,,109,,,,,,,,109,,,,,,,,109,,,,,,,,109,,,,,,,,109,,,,,,,,109,,,,,,,,109,,,,,,,,109
281,0.0026156425476074217,0.0033401401035197554,0.0,0.0,5,False,True,500,-1,elasticnet,newton-cg,"{'C': 5, 'dual': False, 'fit_intercept': True, 'max_iter': 500, 'n_jobs': -1, 'penalty': 'elasticnet', 'solver': 'newton-cg'}",,,,,,,,109,,,,,,,,109,,,,,,,,109,,,,,,,,109,,,,,,,,109,,,,,,,,109,,,,,,,,109,,,,,,,,109,,,,,,,,109
280,0.003624296188354492,0.002646047165140627,0.0,0.0,5,False,True,500,-1,elasticnet,lbfgs,"{'C': 5, 'dual': False, 'fit_intercept': True, 'max_iter': 500, 'n_jobs': -1, 'penalty': 'elasticnet', 'solver': 'lbfgs'}",,,,,,,,109,,,,,,,,109,,,,,,,,109,,,,,,,,109,,,,,,,,109,,,,,,,,109,,,,,,,,109,,,,,,,,109,,,,,,,,109
258,0.0016117095947265625,0.002348796282307931,0.0,0.0,5,True,False,500,-1,l1,sag,"{'C': 5, 'dual': True, 'fit_intercept': False, 'max_iter': 500, 'n_jobs': -1, 'penalty': 'l1', 'solver': 'sag'}",,,,,,,,109,,,,,,,,109,,,,,,,,109,,,,,,,,109,,,,,,,,109,,,,,,,,109,,,,,,,,109,,,,,,,,109,,,,,,,,109
273,0.001923370361328125,0.0015046173623793453,0.0,0.0,5,False,True,500,-1,l1,sag,"{'C': 5, 'dual': False, 'fit_intercept': True, 'max_iter': 500, 'n_jobs': -1, 'penalty': 'l1', 'solver': 'sag'}",,,,,,,,109,,,,,,,,109,,,,,,,,109,,,,,,,,109,,,,,,,,109,,,,,,,,109,,,,,,,,109,,,,,,,,109,,,,,,,,109
271,0.0010196685791015625,0.001248860408121844,0.0,0.0,5,False,True,500,-1,l1,newton-cg,"{'C': 5, 'dual': False, 'fit_intercept': True, 'max_iter': 500, 'n_jobs': -1, 'penalty': 'l1', 'solver': 'newton-cg'}",,,,,,,,109,,,,,,,,109,,,,,,,,109,,,,,,,,109,,,,,,,,109,,,,,,,,109,,,,,,,,109,,,,,,,,109,,,,,,,,109
270,0.0038212299346923827,0.003756277616718722,0.0,0.0,5,False,True,500,-1,l1,lbfgs,"{'C': 5, 'dual': False, 'fit_intercept': True, 'max_iter': 500, 'n_jobs': -1, 'penalty': 'l1', 'solver': 'lbfgs'}",,,,,,,,109,,,,,,,,109,,,,,,,,109,,,,,,,,109,,,,,,,,109,,,,,,,,109,,,,,,,,109,,,,,,,,109,,,,,,,,109
538,0.004100370407104492,0.0014116639636186652,0.0,0.0,9,False,False,500,-1,elasticnet,sag,"{'C': 9, 'dual': False, 'fit_intercept': False, 'max_iter': 500, 'n_jobs': -1, 'penalty': 'elasticnet', 'solver': 'sag'}",,,,,,,,109,,,,,,,,109,,,,,,,,109,,,,,,,,109,,,,,,,,109,,,,,,,,109,,,,,,,,109,,,,,,,,109,,,,,,,,109
268,0.0037479400634765625,0.0037234174476178817,0.0,0.0,5,True,False,500,-1,elasticnet,sag,"{'C': 5, 'dual': True, 'fit_intercept': False, 'max_iter': 500, 'n_jobs': -1, 'penalty': 'elasticnet', 'solver': 'sag'}",,,,,,,,109,,,,,,,,109,,,,,,,,109,,,,,,,,109,,,,,,,,109,,,,,,,,109,,,,,,,,109,,,,,,,,109,,,,,,,,109
267,0.001330995559692383,0.0018243089708339562,0.0,0.0,5,True,False,500,-1,elasticnet,newton-cholesky,"{'C': 5, 'dual': True, 'fit_intercept': False, 'max_iter': 500, 'n_jobs': -1, 'penalty': 'elasticnet', 'solver': 'newton-cholesky'}",,,,,,,,109,,,,,,,,109,,,,,,,,109,,,,,,,,109,,,,,,,,109,,,,,,,,109,,,,,,,,109,,,,,,,,109,,,,,,,,109
266,0.0010136604309082032,0.0012414761558363805,0.0,0.0,5,True,False,500,-1,elasticnet,newton-cg,"{'C': 5, 'dual': True, 'fit_intercept': False, 'max_iter': 500, 'n_jobs': -1, 'penalty': 'elasticnet', 'solver': 'newton-cg'}",,,,,,,,109,,,,,,,,109,,,,,,,,109,,,,,,,,109,,,,,,,,109,,,,,,,,109,,,,,,,,109,,,,,,,,109,,,,,,,,109
265,0.002211332321166992,0.003924167455181535,0.0,0.0,5,True,False,500,-1,elasticnet,lbfgs,"{'C': 5, 'dual': True, 'fit_intercept': False, 'max_iter': 500, 'n_jobs': -1, 'penalty': 'elasticnet', 'solver': 'lbfgs'}",,,,,,,,109,,,,,,,,109,,,,,,,,109,,,,,,,,109,,,,,,,,109,,,,,,,,109,,,,,,,,109,,,,,,,,109,,,,,,,,109
264,0.0010192394256591797,0.0019980766054503545,0.0,0.0,5,True,False,500,-1,l2,saga,"{'C': 5, 'dual': True, 'fit_intercept': False, 'max_iter': 500, 'n_jobs': -1, 'penalty': 'l2', 'solver': 'saga'}",,,,,,,,109,,,,,,,,109,,,,,,,,109,,,,,,,,109,,,,,,,,109,,,,,,,,109,,,,,,,,109,,,,,,,,109,,,,,,,,109
263,0.0022252082824707033,0.002550463867050737,0.0,0.0,5,True,False,500,-1,l2,sag,"{'C': 5, 'dual': True, 'fit_intercept': False, 'max_iter': 500, 'n_jobs': -1, 'penalty': 'l2', 'solver': 'sag'}",,,,,,,,109,,,,,,,,109,,,,,,,,109,,,,,,,,109,,,,,,,,109,,,,,,,,109,,,,,,,,109,,,,,,,,109,,,,,,,,109
262,0.002009153366088867,0.0024800496521425056,0.0,0.0,5,True,False,500,-1,l2,newton-cholesky,"{'C': 5, 'dual': True, 'fit_intercept': False, 'max_iter': 500, 'n_jobs': -1, 'penalty': 'l2', 'solver': 'newton-cholesky'}",,,,,,,,109,,,,,,,,109,,,,,,,,109,,,,,,,,109,,,,,,,,109,,,,,,,,109,,,,,,,,109,,,,,,,,109,,,,,,,,109
261,0.0020169734954833983,0.002549888058430658,0.0,0.0,5,True,False,500,-1,l2,newton-cg,"{'C': 5, 'dual': True, 'fit_intercept': False, 'max_iter': 500, 'n_jobs': -1, 'penalty': 'l2', 'solver': 'newton-cg'}",,,,,,,,109,,,,,,,,109,,,,,,,,109,,,,,,,,109,,,,,,,,109,,,,,,,,109,,,,,,,,109,,,,,,,,109,,,,,,,,109
260,0.0029249191284179688,0.0024787268316047253,0.0,0.0,5,True,False,500,-1,l2,lbfgs,"{'C': 5, 'dual': True, 'fit_intercept': False, 'max_iter': 500, 'n_jobs': -1, 'penalty': 'l2', 'solver': 'lbfgs'}",,,,,,,,109,,,,,,,,109,,,,,,,,109,,,,,,,,109,,,,,,,,109,,,,,,,,109,,,,,,,,109,,,,,,,,109,,,,,,,,109
272,0.0027241230010986326,0.002307897768722374,0.0,0.0,5,False,True,500,-1,l1,newton-cholesky,"{'C': 5, 'dual': False, 'fit_intercept': True, 'max_iter': 500, 'n_jobs': -1, 'penalty': 'l1', 'solver': 'newton-cholesky'}",,,,,,,,109,,,,,,,,109,,,,,,,,109,,,,,,,,109,,,,,,,,109,,,,,,,,109,,,,,,,,109,,,,,,,,109,,,,,,,,109
222,0.002970266342163086,0.0024670467621873437,0.0,0.0,4,False,True,500,-1,elasticnet,newton-cholesky,"{'C': 4, 'dual': False, 'fit_intercept': True, 'max_iter': 500, 'n_jobs': -1, 'penalty': 'elasticnet', 'solver': 'newton-cholesky'}",,,,,,,,109,,,,,,,,109,,,,,,,,109,,,,,,,,109,,,,,,,,109,,,,,,,,109,,,,,,,,109,,,,,,,,109,,,,,,,,109
221,0.003926372528076172,0.00325138418656934,0.0,0.0,4,False,True,500,-1,elasticnet,newton-cg,"{'C': 4, 'dual': False, 'fit_intercept': True, 'max_iter': 500, 'n_jobs': -1, 'penalty': 'elasticnet', 'solver': 'newton-cg'}",,,,,,,,109,,,,,,,,109,,,,,,,,109,,,,,,,,109,,,,,,,,109,,,,,,,,109,,,,,,,,109,,,,,,,,109,,,,,,,,109
220,0.002908134460449219,0.0012685938232447065,0.0,0.0,4,False,True,500,-1,elasticnet,lbfgs,"{'C': 4, 'dual': False, 'fit_intercept': True, 'max_iter': 500, 'n_jobs': -1, 'penalty': 'elasticnet', 'solver': 'lbfgs'}",,,,,,,,109,,,,,,,,109,,,,,,,,109,,,,,,,,109,,,,,,,,109,,,,,,,,109,,,,,,,,109,,,,,,,,109,,,,,,,,109
182,0.0033923625946044923,0.0031785432707802153,0.0,0.0,4,True,True,500,-1,l1,newton-cholesky,"{'C': 4, 'dual': True, 'fit_intercept': True, 'max_iter': 500, 'n_jobs': -1, 'penalty': 'l1', 'solver': 'newton-cholesky'}",,,,,,,,109,,,,,,,,109,,,,,,,,109,,,,,,,,109,,,,,,,,109,,,,,,,,109,,,,,,,,109,,,,,,,,109,,,,,,,,109
181,0.0012029647827148438,0.0019454045753593348,0.0,0.0,4,True,True,500,-1,l1,newton-cg,"{'C': 4, 'dual': True, 'fit_intercept': True, 'max_iter': 500, 'n_jobs': -1, 'penalty': 'l1', 'solver': 'newton-cg'}",,,,,,,,109,,,,,,,,109,,,,,,,,109,,,,,,,,109,,,,,,,,109,,,,,,,,109,,,,,,,,109,,,,,,,,109,,,,,,,,109
180,0.003795289993286133,0.002831746388255457,0.0,0.0,4,True,True,500,-1,l1,lbfgs,"{'C': 4, 'dual': True, 'fit_intercept': True, 'max_iter': 500, 'n_jobs': -1, 'penalty': 'l1', 'solver': 'lbfgs'}",,,,,,,,109,,,,,,,,109,,,,,,,,109,,,,,,,,109,,,,,,,,109,,,,,,,,109,,,,,,,,109,,,,,,,,109,,,,,,,,109
179,0.0007096290588378906,0.0008822534421699995,0.0,0.0,3,False,False,500,-1,elasticnet,saga,"{'C': 3, 'dual': False, 'fit_intercept': False, 'max_iter': 500, 'n_jobs': -1, 'penalty': 'elasticnet', 'solver': 'saga'}",,,,,,,,109,,,,,,,,109,,,,,,,,109,,,,,,,,109,,,,,,,,109,,,,,,,,109,,,,,,,,109,,,,,,,,109,,,,,,,,109
178,0.0029003143310546873,0.002628893409572447,0.0,0.0,3,False,False,500,-1,elasticnet,sag,"{'C': 3, 'dual': False, 'fit_intercept': False, 'max_iter': 500, 'n_jobs': -1, 'penalty': 'elasticnet', 'solver': 'sag'}",,,,,,,,109,,,,,,,,109,,,,,,,,109,,,,,,,,109,,,,,,,,109,,,,,,,,109,,,,,,,,109,,,,,,,,109,,,,,,,,109
177,0.0015025138854980469,0.0020014098767085664,0.0,0.0,3,False,False,500,-1,elasticnet,newton-cholesky,"{'C': 3, 'dual': False, 'fit_intercept': False, 'max_iter': 500, 'n_jobs': -1, 'penalty': 'elasticnet', 'solver': 'newton-cholesky'}",,,,,,,,109,,,,,,,,109,,,,,,,,109,,,,,,,,109,,,,,,,,109,,,,,,,,109,,,,,,,,109,,,,,,,,109,,,,,,,,109
176,0.0029251575469970703,0.0025951962718322647,0.0,0.0,3,False,False,500,-1,elasticnet,newton-cg,"{'C': 3, 'dual': False, 'fit_intercept': False, 'max_iter': 500, 'n_jobs': -1, 'penalty': 'elasticnet', 'solver': 'newton-cg'}",,,,,,,,109,,,,,,,,109,,,,,,,,109,,,,,,,,109,,,,,,,,109,,,,,,,,109,,,,,,,,109,,,,,,,,109,,,,,,,,109
175,0.0005438804626464843,0.0010877609252929687,0.0,0.0,3,False,False,500,-1,elasticnet,lbfgs,"{'C': 3, 'dual': False, 'fit_intercept': False, 'max_iter': 500, 'n_jobs': -1, 'penalty': 'elasticnet', 'solver': 'lbfgs'}",,,,,,,,109,,,,,,,,109,,,,,,,,109,,,,,,,,109,,,,,,,,109,,,,,,,,109,,,,,,,,109,,,,,,,,109,,,,,,,,109
168,0.0033330440521240233,0.0028114074540338397,0.0,0.0,3,False,False,500,-1,l1,sag,"{'C': 3, 'dual': False, 'fit_intercept': False, 'max_iter': 500, 'n_jobs': -1, 'penalty': 'l1', 'solver': 'sag'}",,,,,,,,109,,,,,,,,109,,,,,,,,109,,,,,,,,109,,,,,,,,109,,,,,,,,109,,,,,,,,109,,,,,,,,109,,,,,,,,109
167,0.0016203880310058593,0.002044451260879364,0.0,0.0,3,False,False,500,-1,l1,newton-cholesky,"{'C': 3, 'dual': False, 'fit_intercept': False, 'max_iter': 500, 'n_jobs': -1, 'penalty': 'l1', 'solver': 'newton-cholesky'}",,,,,,,,109,,,,,,,,109,,,,,,,,109,,,,,,,,109,,,,,,,,109,,,,,,,,109,,,,,,,,109,,,,,,,,109,,,,,,,,109
166,0.002119636535644531,0.0033057692476446588,0.0,0.0,3,False,False,500,-1,l1,newton-cg,"{'C': 3, 'dual': False, 'fit_intercept': False, 'max_iter': 500, 'n_jobs': -1, 'penalty': 'l1', 'solver': 'newton-cg'}",,,,,,,,109,,,,,,,,109,,,,,,,,109,,,,,,,,109,,,,,,,,109,,,,,,,,109,,,,,,,,109,,,,,,,,109,,,,,,,,109
165,0.0016079425811767578,0.0032158851623535155,0.0,0.0,3,False,False,500,-1,l1,lbfgs,"{'C': 3, 'dual': False, 'fit_intercept': False, 'max_iter': 500, 'n_jobs': -1, 'penalty': 'l1', 'solver': 'lbfgs'}",,,,,,,,109,,,,,,,,109,,,,,,,,109,,,,,,,,109,,,,,,,,109,,,,,,,,109,,,,,,,,109,,,,,,,,109,,,,,,,,109
183,0.0015085697174072265,0.0009536840867495732,0.0,0.0,4,True,True,500,-1,l1,sag,"{'C': 4, 'dual': True, 'fit_intercept': True, 'max_iter': 500, 'n_jobs': -1, 'penalty': 'l1', 'solver': 'sag'}",,,,,,,,109,,,,,,,,109,,,,,,,,109,,,,,,,,109,,,,,,,,109,,,,,,,,109,,,,,,,,109,,,,,,,,109,,,,,,,,109
164,0.0014033317565917969,0.0028066635131835938,0.0,0.0,3,False,True,500,-1,elasticnet,saga,"{'C': 3, 'dual': False, 'fit_intercept': True, 'max_iter': 500, 'n_jobs': -1, 'penalty': 'elasticnet', 'solver': 'saga'}",,,,,,,,109,,,,,,,,109,,,,,,,,109,,,,,,,,109,,,,,,,,109,,,,,,,,109,,,,,,,,109,,,,,,,,109,,,,,,,,109
162,0.0017090320587158203,0.002527769475286142,0.0,0.0,3,False,True,500,-1,elasticnet,newton-cholesky,"{'C': 3, 'dual': False, 'fit_intercept': True, 'max_iter': 500, 'n_jobs': -1, 'penalty': 'elasticnet', 'solver': 'newton-cholesky'}",,,,,,,,109,,,,,,,,109,,,,,,,,109,,,,,,,,109,,,,,,,,109,,,,,,,,109,,,,,,,,109,,,,,,,,109,,,,,,,,109
161,0.0013272285461425782,0.0016301325454183217,0.0,0.0,3,False,True,500,-1,elasticnet,newton-cg,"{'C': 3, 'dual': False, 'fit_intercept': True, 'max_iter': 500, 'n_jobs': -1, 'penalty': 'elasticnet', 'solver': 'newton-cg'}",,,,,,,,109,,,,,,,,109,,,,,,,,109,,,,,,,,109,,,,,,,,109,,,,,,,,109,,,,,,,,109,,,,,,,,109,,,,,,,,109
160,0.0020841121673583984,0.004168224334716797,0.0,0.0,3,False,True,500,-1,elasticnet,lbfgs,"{'C': 3, 'dual': False, 'fit_intercept': True, 'max_iter': 500, 'n_jobs': -1, 'penalty': 'elasticnet', 'solver': 'lbfgs'}",,,,,,,,109,,,,,,,,109,,,,,,,,109,,,,,,,,109,,,,,,,,109,,,,,,,,109,,,,,,,,109,,,,,,,,109,,,,,,,,109
153,0.002223825454711914,0.0030021668374159726,0.0,0.0,3,False,True,500,-1,l1,sag,"{'C': 3, 'dual': False, 'fit_intercept': True, 'max_iter': 500, 'n_jobs': -1, 'penalty': 'l1', 'solver': 'sag'}",,,,,,,,109,,,,,,,,109,,,,,,,,109,,,,,,,,109,,,,,,,,109,,,,,,,,109,,,,,,,,109,,,,,,,,109,,,,,,,,109
152,0.0021204471588134764,0.0006679177989551854,0.0,0.0,3,False,True,500,-1,l1,newton-cholesky,"{'C': 3, 'dual': False, 'fit_intercept': True, 'max_iter': 500, 'n_jobs': -1, 'penalty': 'l1', 'solver': 'newton-cholesky'}",,,,,,,,109,,,,,,,,109,,,,,,,,109,,,,,,,,109,,,,,,,,109,,,,,,,,109,,,,,,,,109,,,,,,,,109,,,,,,,,109
151,0.0031267642974853516,0.0031830455141004777,0.0,0.0,3,False,True,500,-1,l1,newton-cg,"{'C': 3, 'dual': False, 'fit_intercept': True, 'max_iter': 500, 'n_jobs': -1, 'penalty': 'l1', 'solver': 'newton-cg'}",,,,,,,,109,,,,,,,,109,,,,,,,,109,,,,,,,,109,,,,,,,,109,,,,,,,,109,,,,,,,,109,,,,,,,,109,,,,,,,,109
150,0.0008208274841308594,0.0010053384597207627,0.0,0.0,3,False,True,500,-1,l1,lbfgs,"{'C': 3, 'dual': False, 'fit_intercept': True, 'max_iter': 500, 'n_jobs': -1, 'penalty': 'l1', 'solver': 'lbfgs'}",,,,,,,,109,,,,,,,,109,,,,,,,,109,,,,,,,,109,,,,,,,,109,,,,,,,,109,,,,,,,,109,,,,,,,,109,,,,,,,,109
149,0.0012726783752441406,0.0003898624513011997,0.0,0.0,3,True,False,500,-1,elasticnet,saga,"{'C': 3, 'dual': True, 'fit_intercept': False, 'max_iter': 500, 'n_jobs': -1, 'penalty': 'elasticnet', 'solver': 'saga'}",,,,,,,,109,,,,,,,,109,,,,,,,,109,,,,,,,,109,,,,,,,,109,,,,,,,,109,,,,,,,,109,,,,,,,,109,,,,,,,,109
148,0.001012134552001953,0.000908716447910872,0.0,0.0,3,True,False,500,-1,elasticnet,sag,"{'C': 3, 'dual': True, 'fit_intercept': False, 'max_iter': 500, 'n_jobs': -1, 'penalty': 'elasticnet', 'solver': 'sag'}",,,,,,,,109,,,,,,,,109,,,,,,,,109,,,,,,,,109,,,,,,,,109,,,,,,,,109,,,,,,,,109,,,,,,,,109,,,,,,,,109
147,0.0010175704956054688,3.118857676960735e-05,0.0,0.0,3,True,False,500,-1,elasticnet,newton-cholesky,"{'C': 3, 'dual': True, 'fit_intercept': False, 'max_iter': 500, 'n_jobs': -1, 'penalty': 'elasticnet', 'solver': 'newton-cholesky'}",,,,,,,,109,,,,,,,,109,,,,,,,,109,,,,,,,,109,,,,,,,,109,,,,,,,,109,,,,,,,,109,,,,,,,,109,,,,,,,,109
146,0.0019023418426513672,0.0001932411043615283,0.0,0.0,3,True,False,500,-1,elasticnet,newton-cg,"{'C': 3, 'dual': True, 'fit_intercept': False, 'max_iter': 500, 'n_jobs': -1, 'penalty': 'elasticnet', 'solver': 'newton-cg'}",,,,,,,,109,,,,,,,,109,,,,,,,,109,,,,,,,,109,,,,,,,,109,,,,,,,,109,,,,,,,,109,,,,,,,,109,,,,,,,,109
145,0.00226593017578125,0.0023604744576479204,0.0,0.0,3,True,False,500,-1,elasticnet,lbfgs,"{'C': 3, 'dual': True, 'fit_intercept': False, 'max_iter': 500, 'n_jobs': -1, 'penalty': 'elasticnet', 'solver': 'lbfgs'}",,,,,,,,109,,,,,,,,109,,,,,,,,109,,,,,,,,109,,,,,,,,109,,,,,,,,109,,,,,,,,109,,,,,,,,109,,,,,,,,109
163,0.0025193214416503905,0.003141234004074056,0.0,0.0,3,False,True,500,-1,elasticnet,sag,"{'C': 3, 'dual': False, 'fit_intercept': True, 'max_iter': 500, 'n_jobs': -1, 'penalty': 'elasticnet', 'solver': 'sag'}",,,,,,,,109,,,,,,,,109,,,,,,,,109,,,,,,,,109,,,,,,,,109,,,,,,,,109,,,,,,,,109,,,,,,,,109,,,,,,,,109
184,0.0018095016479492188,0.0009881103720710454,0.0,0.0,4,True,True,500,-1,l1,saga,"{'C': 4, 'dual': True, 'fit_intercept': True, 'max_iter': 500, 'n_jobs': -1, 'penalty': 'l1', 'solver': 'saga'}",,,,,,,,109,,,,,,,,109,,,,,,,,109,,,,,,,,109,,,,,,,,109,,,,,,,,109,,,,,,,,109,,,,,,,,109,,,,,,,,109
185,0.001403474807739258,0.0005801544002147082,0.0,0.0,4,True,True,500,-1,l2,lbfgs,"{'C': 4, 'dual': True, 'fit_intercept': True, 'max_iter': 500, 'n_jobs': -1, 'penalty': 'l2', 'solver': 'lbfgs'}",,,,,,,,109,,,,,,,,109,,,,,,,,109,,,,,,,,109,,,,,,,,109,,,,,,,,109,,,,,,,,109,,,,,,,,109,,,,,,,,109
186,0.0004786968231201172,0.0005867745879063003,0.0,0.0,4,True,True,500,-1,l2,newton-cg,"{'C': 4, 'dual': True, 'fit_intercept': True, 'max_iter': 500, 'n_jobs': -1, 'penalty': 'l2', 'solver': 'newton-cg'}",,,,,,,,109,,,,,,,,109,,,,,,,,109,,,,,,,,109,,,,,,,,109,,,,,,,,109,,,,,,,,109,,,,,,,,109,,,,,,,,109
213,0.0022103309631347655,0.003922939151000232,0.0,0.0,4,False,True,500,-1,l1,sag,"{'C': 4, 'dual': False, 'fit_intercept': True, 'max_iter': 500, 'n_jobs': -1, 'penalty': 'l1', 'solver': 'sag'}",,,,,,,,109,,,,,,,,109,,,,,,,,109,,,,,,,,109,,,,,,,,109,,,,,,,,109,,,,,,,,109,,,,,,,,109,,,,,,,,109
212,0.0031517505645751952,0.0036634577054646253,0.0,0.0,4,False,True,500,-1,l1,newton-cholesky,"{'C': 4, 'dual': False, 'fit_intercept': True, 'max_iter': 500, 'n_jobs': -1, 'penalty': 'l1', 'solver': 'newton-cholesky'}",,,,,,,,109,,,,,,,,109,,,,,,,,109,,,,,,,,109,,,,,,,,109,,,,,,,,109,,,,,,,,109,,,,,,,,109,,,,,,,,109
211,0.003149890899658203,0.006299781799316406,0.0,0.0,4,False,True,500,-1,l1,newton-cg,"{'C': 4, 'dual': False, 'fit_intercept': True, 'max_iter': 500, 'n_jobs': -1, 'penalty': 'l1', 'solver': 'newton-cg'}",,,,,,,,109,,,,,,,,109,,,,,,,,109,,,,,,,,109,,,,,,,,109,,,,,,,,109,,,,,,,,109,,,,,,,,109,,,,,,,,109
210,0.0,0.0,0.0,0.0,4,False,True,500,-1,l1,lbfgs,"{'C': 4, 'dual': False, 'fit_intercept': True, 'max_iter': 500, 'n_jobs': -1, 'penalty': 'l1', 'solver': 'lbfgs'}",,,,,,,,109,,,,,,,,109,,,,,,,,109,,,,,,,,109,,,,,,,,109,,,,,,,,109,,,,,,,,109,,,,,,,,109,,,,,,,,109
209,0.0020174026489257813,0.002643524819636713,0.0,0.0,4,True,False,500,-1,elasticnet,saga,"{'C': 4, 'dual': True, 'fit_intercept': False, 'max_iter': 500, 'n_jobs': -1, 'penalty': 'elasticnet', 'solver': 'saga'}",,,,,,,,109,,,,,,,,109,,,,,,,,109,,,,,,,,109,,,,,,,,109,,,,,,,,109,,,,,,,,109,,,,,,,,109,,,,,,,,109
208,0.0032148838043212892,0.004850828567562954,0.0,0.0,4,True,False,500,-1,elasticnet,sag,"{'C': 4, 'dual': True, 'fit_intercept': False, 'max_iter': 500, 'n_jobs': -1, 'penalty': 'elasticnet', 'solver': 'sag'}",,,,,,,,109,,,,,,,,109,,,,,,,,109,,,,,,,,109,,,,,,,,109,,,,,,,,109,,,,,,,,109,,,,,,,,109,,,,,,,,109
207,0.0013059139251708984,0.0026118278503417967,0.0,0.0,4,True,False,500,-1,elasticnet,newton-cholesky,"{'C': 4, 'dual': True, 'fit_intercept': False, 'max_iter': 500, 'n_jobs': -1, 'penalty': 'elasticnet', 'solver': 'newton-cholesky'}",,,,,,,,109,,,,,,,,109,,,,,,,,109,,,,,,,,109,,,,,,,,109,,,,,,,,109,,,,,,,,109,,,,,,,,109,,,,,,,,109
206,0.0009102821350097656,0.0018205642700195312,0.0,0.0,4,True,False,500,-1,elasticnet,newton-cg,"{'C': 4, 'dual': True, 'fit_intercept': False, 'max_iter': 500, 'n_jobs': -1, 'penalty': 'elasticnet', 'solver': 'newton-cg'}",,,,,,,,109,,,,,,,,109,,,,,,,,109,,,,,,,,109,,,,,,,,109,,,,,,,,109,,,,,,,,109,,,,,,,,109,,,,,,,,109
205,0.0032148838043212892,0.004850828567562954,0.0,0.0,4,True,False,500,-1,elasticnet,lbfgs,"{'C': 4, 'dual': True, 'fit_intercept': False, 'max_iter': 500, 'n_jobs': -1, 'penalty': 'elasticnet', 'solver': 'lbfgs'}",,,,,,,,109,,,,,,,,109,,,,,,,,109,,,,,,,,109,,,,,,,,109,,,,,,,,109,,,,,,,,109,,,,,,,,109,,,,,,,,109
204,0.003215646743774414,0.00405241521950626,0.0,0.0,4,True,False,500,-1,l2,saga,"{'C': 4, 'dual': True, 'fit_intercept': False, 'max_iter': 500, 'n_jobs': -1, 'penalty': 'l2', 'solver': 'saga'}",,,,,,,,109,,,,,,,,109,,,,,,,,109,,,,,,,,109,,,,,,,,109,,,,,,,,109,,,,,,,,109,,,,,,,,109,,,,,,,,109
203,0.0020192623138427734,0.0016868883128900718,0.0,0.0,4,True,False,500,-1,l2,sag,"{'C': 4, 'dual': True, 'fit_intercept': False, 'max_iter': 500, 'n_jobs': -1, 'penalty': 'l2', 'solver': 'sag'}",,,,,,,,109,,,,,,,,109,,,,,,,,109,,,,,,,,109,,,,,,,,109,,,,,,,,109,,,,,,,,109,,,,,,,,109,,,,,,,,109
202,0.003916168212890625,0.004958095554334241,0.0,0.0,4,True,False,500,-1,l2,newton-cholesky,"{'C': 4, 'dual': True, 'fit_intercept': False, 'max_iter': 500, 'n_jobs': -1, 'penalty': 'l2', 'solver': 'newton-cholesky'}",,,,,,,,109,,,,,,,,109,,,,,,,,109,,,,,,,,109,,,,,,,,109,,,,,,,,109,,,,,,,,109,,,,,,,,109,,,,,,,,109
201,0.00010676383972167969,0.00021352767944335938,0.0,0.0,4,True,False,500,-1,l2,newton-cg,"{'C': 4, 'dual': True, 'fit_intercept': False, 'max_iter': 500, 'n_jobs': -1, 'penalty': 'l2', 'solver': 'newton-cg'}",,,,,,,,109,,,,,,,,109,,,,,,,,109,,,,,,,,109,,,,,,,,109,,,,,,,,109,,,,,,,,109,,,,,,,,109,,,,,,,,109
200,0.0027257442474365235,0.00141028875848505,0.0,0.0,4,True,False,500,-1,l2,lbfgs,"{'C': 4, 'dual': True, 'fit_intercept': False, 'max_iter': 500, 'n_jobs': -1, 'penalty': 'l2', 'solver': 'lbfgs'}",,,,,,,,109,,,,,,,,109,,,,,,,,109,,,,,,,,109,,,,,,,,109,,,,,,,,109,,,,,,,,109,,,,,,,,109,,,,,,,,109
199,0.001802968978881836,0.0036059379577636714,0.0,0.0,4,True,False,500,-1,l1,saga,"{'C': 4, 'dual': True, 'fit_intercept': False, 'max_iter': 500, 'n_jobs': -1, 'penalty': 'l1', 'solver': 'saga'}",,,,,,,,109,,,,,,,,109,,,,,,,,109,,,,,,,,109,,,,,,,,109,,,,,,,,109,,,,,,,,109,,,,,,,,109,,,,,,,,109
198,0.0006078243255615235,0.001215648651123047,0.0,0.0,4,True,False,500,-1,l1,sag,"{'C': 4, 'dual': True, 'fit_intercept': False, 'max_iter': 500, 'n_jobs': -1, 'penalty': 'l1', 'solver': 'sag'}",,,,,,,,109,,,,,,,,109,,,,,,,,109,,,,,,,,109,,,,,,,,109,,,,,,,,109,,,,,,,,109,,,,,,,,109,,,,,,,,109
197,0.002220916748046875,0.0023067333844909578,0.0,0.0,4,True,False,500,-1,l1,newton-cholesky,"{'C': 4, 'dual': True, 'fit_intercept': False, 'max_iter': 500, 'n_jobs': -1, 'penalty': 'l1', 'solver': 'newton-cholesky'}",,,,,,,,109,,,,,,,,109,,,,,,,,109,,,,,,,,109,,,,,,,,109,,,,,,,,109,,,,,,,,109,,,,,,,,109,,,,,,,,109
196,0.0023244380950927734,0.0015432369722270488,0.0,0.0,4,True,False,500,-1,l1,newton-cg,"{'C': 4, 'dual': True, 'fit_intercept': False, 'max_iter': 500, 'n_jobs': -1, 'penalty': 'l1', 'solver': 'newton-cg'}",,,,,,,,109,,,,,,,,109,,,,,,,,109,,,,,,,,109,,,,,,,,109,,,,,,,,109,,,,,,,,109,,,,,,,,109,,,,,,,,109
195,0.0014159679412841797,0.0028319358825683594,0.0,0.0,4,True,False,500,-1,l1,lbfgs,"{'C': 4, 'dual': True, 'fit_intercept': False, 'max_iter': 500, 'n_jobs': -1, 'penalty': 'l1', 'solver': 'lbfgs'}",,,,,,,,109,,,,,,,,109,,,,,,,,109,,,,,,,,109,,,,,,,,109,,,,,,,,109,,,,,,,,109,,,,,,,,109,,,,,,,,109
194,0.004088258743286133,0.005008670039802522,0.0,0.0,4,True,True,500,-1,elasticnet,saga,"{'C': 4, 'dual': True, 'fit_intercept': True, 'max_iter': 500, 'n_jobs': -1, 'penalty': 'elasticnet', 'solver': 'saga'}",,,,,,,,109,,,,,,,,109,,,,,,,,109,,,,,,,,109,,,,,,,,109,,,,,,,,109,,,,,,,,109,,,,,,,,109,,,,,,,,109
193,0.002309083938598633,0.00283300078192464,0.0,0.0,4,True,True,500,-1,elasticnet,sag,"{'C': 4, 'dual': True, 'fit_intercept': True, 'max_iter': 500, 'n_jobs': -1, 'penalty': 'elasticnet', 'solver': 'sag'}",,,,,,,,109,,,,,,,,109,,,,,,,,109,,,,,,,,109,,,,,,,,109,,,,,,,,109,,,,,,,,109,,,,,,,,109,,,,,,,,109
192,0.0008110523223876954,0.001373579773082258,0.0,0.0,4,True,True,500,-1,elasticnet,newton-cholesky,"{'C': 4, 'dual': True, 'fit_intercept': True, 'max_iter': 500, 'n_jobs': -1, 'penalty': 'elasticnet', 'solver': 'newton-cholesky'}",,,,,,,,109,,,,,,,,109,,,,,,,,109,,,,,,,,109,,,,,,,,109,,,,,,,,109,,,,,,,,109,,,,,,,,109,,,,,,,,109
191,0.0020841121673583984,0.004168224334716797,0.0,0.0,4,True,True,500,-1,elasticnet,newton-cg,"{'C': 4, 'dual': True, 'fit_intercept': True, 'max_iter': 500, 'n_jobs': -1, 'penalty': 'elasticnet', 'solver': 'newton-cg'}",,,,,,,,109,,,,,,,,109,,,,,,,,109,,,,,,,,109,,,,,,,,109,,,,,,,,109,,,,,,,,109,,,,,,,,109,,,,,,,,109
190,0.0012075424194335938,0.002415084838867188,0.0,0.0,4,True,True,500,-1,elasticnet,lbfgs,"{'C': 4, 'dual': True, 'fit_intercept': True, 'max_iter': 500, 'n_jobs': -1, 'penalty': 'elasticnet', 'solver': 'lbfgs'}",,,,,,,,109,,,,,,,,109,,,,,,,,109,,,,,,,,109,,,,,,,,109,,,,,,,,109,,,,,,,,109,,,,,,,,109,,,,,,,,109
189,0.0008110523223876954,0.001373579773082258,0.0,0.0,4,True,True,500,-1,l2,saga,"{'C': 4, 'dual': True, 'fit_intercept': True, 'max_iter': 500, 'n_jobs': -1, 'penalty': 'l2', 'solver': 'saga'}",,,,,,,,109,,,,,,,,109,,,,,,,,109,,,,,,,,109,,,,,,,,109,,,,,,,,109,,,,,,,,109,,,,,,,,109,,,,,,,,109
188,0.0020841121673583984,0.004168224334716797,0.0,0.0,4,True,True,500,-1,l2,sag,"{'C': 4, 'dual': True, 'fit_intercept': True, 'max_iter': 500, 'n_jobs': -1, 'penalty': 'l2', 'solver': 'sag'}",,,,,,,,109,,,,,,,,109,,,,,,,,109,,,,,,,,109,,,,,,,,109,,,,,,,,109,,,,,,,,109,,,,,,,,109,,,,,,,,109
187,0.0,0.0,0.0,0.0,4,True,True,500,-1,l2,newton-cholesky,"{'C': 4, 'dual': True, 'fit_intercept': True, 'max_iter': 500, 'n_jobs': -1, 'penalty': 'l2', 'solver': 'newton-cholesky'}",,,,,,,,109,,,,,,,,109,,,,,,,,109,,,,,,,,109,,,,,,,,109,,,,,,,,109,,,,,,,,109,,,,,,,,109,,,,,,,,109
299,0.002920722961425781,0.003988406718401533,0.0,0.0,5,False,False,500,-1,elasticnet,saga,"{'C': 5, 'dual': False, 'fit_intercept': False, 'max_iter': 500, 'n_jobs': -1, 'penalty': 'elasticnet', 'solver': 'saga'}",,,,,,,,109,,,,,,,,109,,,,,,,,109,,,,,,,,109,,,,,,,,109,,,,,,,,109,,,,,,,,109,,,,,,,,109,,,,,,,,109
539,0.0030398845672607424,0.0025212440078304383,0.0,0.0,9,False,False,500,-1,elasticnet,saga,"{'C': 9, 'dual': False, 'fit_intercept': False, 'max_iter': 500, 'n_jobs': -1, 'penalty': 'elasticnet', 'solver': 'saga'}",,,,,,,,109,,,,,,,,109,,,,,,,,109,,,,,,,,109,,,,,,,,109,,,,,,,,109,,,,,,,,109,,,,,,,,109,,,,,,,,109
